jurisdiction,element,level,family,status,scope_version,citation_path,pe_modeled,evidence_note
us,ccdf-f-usc-1,federal,federal statute,EXTRACTABLE,,,no,42 U.S.C. 9857-9857a CCDBG Act short title and goals (sec. 658A): not in any us/statute scope; uscode.house.gov publishes title 42; inherited by all 51 jurisdictions
us,ccdf-f-usc-2,federal,federal statute,EXTRACTABLE,,,no,42 U.S.C. 9858 Authorization of appropriations (sec. 658B): not in any us/statute scope; uscode.house.gov publishes title 42; inherited by all 51 jurisdictions
us,ccdf-f-usc-3,federal,federal statute,EXTRACTABLE,,,no,42 U.S.C. 9858a Lead agency designation (sec. 658D): not in any us/statute scope; uscode.house.gov publishes title 42; inherited by all 51 jurisdictions
us,ccdf-f-usc-4,federal,federal statute,EXTRACTABLE,,,no,"42 U.S.C. 9858c Application and plan (sec. 658E): plan contents incl. eligibility (658E(c)(2)), sliding fee scale, payment rates, health and safety, 12-month eligibility, priority, consumer education: not in any us/statute scope; uscode.house.gov publishes title 42; inherited by all 51 jurisdictions"
us,ccdf-f-usc-5,federal,federal statute,EXTRACTABLE,,,no,"42 U.S.C. 9858d-9858m Sections 658F-658O: limitations on State allotments, activities to improve quality (658G), background checks (658H), administration and enforcement (658I), payments, annual report and audits, Secretary's report, hotline, allotments (658O): not in any us/statute scope; uscode.house.gov publishes title 42; inherited by all 51 jurisdictions"
us,ccdf-f-usc-6,federal,federal statute,EXTRACTABLE,,,no,"42 U.S.C. 9858n Definitions (sec. 658P): child care certificate, eligible child, family child care provider, State median income, etc.: not in any us/statute scope; uscode.house.gov publishes title 42; inherited by all 51 jurisdictions"
us,ccdf-f-usc-7,federal,federal statute,EXTRACTABLE,,,no,"42 U.S.C. 9858o-9858r Sections 658Q-658T: severability, parental rights and responsibilities, miscellaneous, limitation: not in any us/statute scope; uscode.house.gov publishes title 42; inherited by all 51 jurisdictions"
us,ccdf-f-cfr-98.1,federal,federal regulation,PRESENT,us/regulation/2026-09-11-title-45-part-98,us/regulation/45/98/1,no,body 3043 chars: '(a) The purposes of the CCDF are:  (1) To allow each State maximum flexibility in developi'; inherited by all 51 jurisdictions
us,ccdf-f-cfr-98.2,federal (state option),federal regulation,PRESENT,us/regulation/2026-09-11-title-45-part-98,us/regulation/45/98/2,no,body 11875 chars: 'For the purpose of this part and part 99:  The Act refers to the Child Care and Developmen'; inherited by all 51 jurisdictions
us,ccdf-f-cfr-98.3,federal (state option),federal regulation,PRESENT,us/regulation/2026-09-11-title-45-part-98,us/regulation/45/98/3,no,body 589 chars: '(a) Nothing in the Act or this part shall be construed to supersede or modify any provisio'; inherited by all 51 jurisdictions
us,ccdf-f-cfr-98.10,federal,federal regulation,PRESENT,us/regulation/2026-09-11-title-45-part-98,us/regulation/45/98/10,no,"body 882 chars: 'The Lead Agency (which may be an appropriate collaborative agency), or a joint interagency'; inherited by all 51 jurisdictions"
us,ccdf-f-cfr-98.11,federal,federal regulation,PRESENT,us/regulation/2026-09-11-title-45-part-98,us/regulation/45/98/11,no,body 2176 chars: '(a) The Lead Agency has broad authority to administer the program through other government'; inherited by all 51 jurisdictions
us,ccdf-f-cfr-98.12,federal,federal regulation,PRESENT,us/regulation/2026-09-11-title-45-part-98,us/regulation/45/98/12,no,body 459 chars: 'The Lead Agency shall:  (a) Coordinate the provision of services for which assistance is p'; inherited by all 51 jurisdictions
us,ccdf-f-cfr-98.13,federal,federal regulation,PRESENT,us/regulation/2026-09-11-title-45-part-98,us/regulation/45/98/13,no,body 1685 chars: 'The Lead Agency of a State or Territory shall apply for Child Care and Development funds b'; inherited by all 51 jurisdictions
us,ccdf-f-cfr-98.14,federal,federal regulation,PRESENT,us/regulation/2026-09-11-title-45-part-98,us/regulation/45/98/14,no,"body 4119 chars: 'In the development of each Plan, as required pursuant to § 98.17, the Lead Agency shall:  '; inherited by all 51 jurisdictions"
us,ccdf-f-cfr-98.15,federal,federal regulation,PRESENT,us/regulation/2026-09-11-title-45-part-98,us/regulation/45/98/15,no,body 8044 chars: '(a) The Lead Agency shall include the following assurances in its CCDF Plan:  (1) Upon app'; inherited by all 51 jurisdictions
us,ccdf-f-cfr-98.16,federal (state option),federal regulation,PRESENT,us/regulation/2026-09-11-title-45-part-98,us/regulation/45/98/16,no,body 14236 chars: 'A CCDF Plan shall contain the following:  (a) Specification of the Lead Agency whose dutie'; inherited by all 51 jurisdictions
us,ccdf-f-cfr-98.17,federal,federal regulation,PRESENT,us/regulation/2026-09-11-title-45-part-98,us/regulation/45/98/17,no,"body 291 chars: '(a) For States, Territories, and Indian Tribes the Plan shall cover a period of three year'; inherited by all 51 jurisdictions"
us,ccdf-f-cfr-98.18,federal (state option),federal regulation,PRESENT,us/regulation/2026-09-11-title-45-part-98,us/regulation/45/98/18,no,body 2455 chars: '(a) Plan approval. The Assistant Secretary will approve a Plan that satisfies the requirem'; inherited by all 51 jurisdictions
us,ccdf-f-cfr-98.19,federal,federal regulation,PRESENT,us/regulation/2026-09-11-title-45-part-98,us/regulation/45/98/19,no,body 4868 chars: '(a) Requests for relief. The Secretary may temporarily waive one or more of the requiremen'; inherited by all 51 jurisdictions
us,ccdf-f-cfr-98.20,federal (state option),federal regulation,PRESENT,us/regulation/2026-09-11-title-45-part-98,us/regulation/45/98/20,no,"body 2881 chars: '(a) To be eligible for services under § 98.50, a child shall, at the time of eligibility d'; inherited by all 51 jurisdictions"
us,ccdf-f-cfr-98.21,federal (state option),federal regulation,PRESENT,us/regulation/2026-09-11-title-45-part-98,us/regulation/45/98/21,no,body 12884 chars: '(a) A Lead Agency shall re-determine a child's eligibility for child care services no soon'; inherited by all 51 jurisdictions
us,ccdf-f-cfr-98.30,federal (state option),federal regulation,PRESENT,us/regulation/2026-09-11-title-45-part-98,us/regulation/45/98/30,no,body 3730 chars: '(a) The parent or parents of an eligible child who receives or is offered child care servi'; inherited by all 51 jurisdictions
us,ccdf-f-cfr-98.31,federal,federal regulation,PRESENT,us/regulation/2026-09-11-title-45-part-98,us/regulation/45/98/31,no,body 413 chars: 'The Lead Agency shall have in effect procedures to ensure that providers of child care ser'; inherited by all 51 jurisdictions
us,ccdf-f-cfr-98.32,federal,federal regulation,PRESENT,us/regulation/2026-09-11-title-45-part-98,us/regulation/45/98/32,no,body 654 chars: 'The State shall:  (a) Establish or designate a hotline or similar reporting process for pa'; inherited by all 51 jurisdictions
us,ccdf-f-cfr-98.33,federal (state option),federal regulation,PRESENT,us/regulation/2026-09-11-title-45-part-98,us/regulation/45/98/33,no,body 8737 chars: 'The Lead Agency shall:  (a) Certify that it will collect and disseminate consumer educatio'; inherited by all 51 jurisdictions
us,ccdf-f-cfr-98.34,federal,federal regulation,PRESENT,us/regulation/2026-09-11-title-45-part-98,us/regulation/45/98/34,no,body 170 chars: 'Nothing under this part shall be construed or applied in any manner to infringe on or usur'; inherited by all 51 jurisdictions
us,ccdf-f-cfr-98.40,federal (state option),federal regulation,PRESENT,us/regulation/2026-09-11-title-45-part-98,us/regulation/45/98/40,no,body 1349 chars: '(a) Lead Agencies shall:  (1) Certify that they have in effect licensing requirements appl'; inherited by all 51 jurisdictions
us,ccdf-f-cfr-98.41,federal (state option),federal regulation,PRESENT,us/regulation/2026-09-11-title-45-part-98,us/regulation/45/98/41,no,"body 6158 chars: '(a) Each Lead Agency shall certify that there are in effect, within the State (or other ar'; inherited by all 51 jurisdictions"
us,ccdf-f-cfr-98.42,federal (state option),federal regulation,PRESENT,us/regulation/2026-09-11-title-45-part-98,us/regulation/45/98/42,no,body 3496 chars: '(a) Each Lead Agency shall certify in the Plan that procedures are in effect to ensure tha'; inherited by all 51 jurisdictions
us,ccdf-f-cfr-98.43,federal (state option),federal regulation,PRESENT,us/regulation/2026-09-11-title-45-part-98,us/regulation/45/98/43,no,"body 11474 chars: '(a)(1) States, Territories, and Tribes, through coordination of the Lead agency with other'; inherited by all 51 jurisdictions"
us,ccdf-f-cfr-98.44,federal,federal regulation,PRESENT,us/regulation/2026-09-11-title-45-part-98,us/regulation/45/98/44,no,body 4532 chars: '(a) The Lead Agency must describe in the Plan the State or Territory framework for trainin'; inherited by all 51 jurisdictions
us,ccdf-f-cfr-98.45,federal (state option),federal regulation,PRESENT,us/regulation/2026-09-11-title-45-part-98,us/regulation/45/98/45,no,body 10948 chars: '(a) The Lead Agency shall certify that the payment rates for the provision of child care s'; inherited by all 51 jurisdictions
us,ccdf-f-cfr-98.46,federal (state option),federal regulation,PRESENT,us/regulation/2026-09-11-title-45-part-98,us/regulation/45/98/46,no,body 580 chars: '(a) Lead Agencies shall give priority for services provided under § 98.50(a) to:  (1) Chil'; inherited by all 51 jurisdictions
us,ccdf-f-cfr-98.47,federal,federal regulation,PRESENT,us/regulation/2026-09-11-title-45-part-98,us/regulation/45/98/47,no,body 320 chars: 'If a Lead Agency does not have a registration process for child care providers who are unl'; inherited by all 51 jurisdictions
us,ccdf-f-cfr-98.48,federal,federal regulation,PRESENT,us/regulation/2026-09-11-title-45-part-98,us/regulation/45/98/48,no,"body 1238 chars: '(a) Child care providers (other than family child care providers, as defined in § 98.2) th'; inherited by all 51 jurisdictions"
us,ccdf-f-cfr-98.49,federal,federal regulation,PRESENT,us/regulation/2026-09-11-title-45-part-98,us/regulation/45/98/49,no,"body 1775 chars: '(a) In general, except as provided in paragraph (b) of this section, nothing in this part '; inherited by all 51 jurisdictions"
us,ccdf-f-cfr-98.50,federal,federal regulation,PRESENT,us/regulation/2026-09-11-title-45-part-98,us/regulation/45/98/50,no,"body 2966 chars: '(a) Direct child care services shall be provided:  (1) To eligible children, as described '; inherited by all 51 jurisdictions"
us,ccdf-f-cfr-98.51,federal (state option),federal regulation,PRESENT,us/regulation/2026-09-11-title-45-part-98,us/regulation/45/98/51,no,body 1006 chars: 'Lead Agencies shall expend funds on activities that improve access to quality child care s'; inherited by all 51 jurisdictions
us,ccdf-f-cfr-98.52,federal,federal regulation,PRESENT,us/regulation/2026-09-11-title-45-part-98,us/regulation/45/98/52,no,body 2358 chars: '(a) A Lead Agency may expend funds to establish or support a system of local or regional c'; inherited by all 51 jurisdictions
us,ccdf-f-cfr-98.53,federal,federal regulation,PRESENT,us/regulation/2026-09-11-title-45-part-98,us/regulation/45/98/53,no,body 10748 chars: '(a) The Lead Agency must expend funds from each fiscal year's allotment on quality activit'; inherited by all 51 jurisdictions
us,ccdf-f-cfr-98.54,federal,federal regulation,PRESENT,us/regulation/2026-09-11-title-45-part-98,us/regulation/45/98/54,no,body 3596 chars: '(a) Not more than five percent of the aggregate funds expended by the Lead Agency from eac'; inherited by all 51 jurisdictions
us,ccdf-f-cfr-98.55,federal,federal regulation,PRESENT,us/regulation/2026-09-11-title-45-part-98,us/regulation/45/98/55,no,body 4524 chars: '(a) Federal matching funds are available for expenditures in a State based upon the formul'; inherited by all 51 jurisdictions
us,ccdf-f-cfr-98.56,federal,federal regulation,PRESENT,us/regulation/2026-09-11-title-45-part-98,us/regulation/45/98/56,no,body 2610 chars: '(a) General. (1) Funds authorized under section 418 of the Social Security Act and section'; inherited by all 51 jurisdictions
us,ccdf-f-cfr-98.57,federal,federal regulation,PRESENT,us/regulation/2026-09-11-title-45-part-98,us/regulation/45/98/57,no,body 556 chars: '(a) The Lead Agency and subgrantees shall keep on file cost allocation plans or indirect c'; inherited by all 51 jurisdictions
us,ccdf-f-cfr-98.60,federal,federal regulation,PRESENT,us/regulation/2026-09-11-title-45-part-98,us/regulation/45/98/60,no,"body 5945 chars: '(a) The CCDF is available, subject to the availability of appropriations, in accordance wi'; inherited by all 51 jurisdictions"
us,ccdf-f-cfr-98.61,federal,federal regulation,PRESENT,us/regulation/2026-09-11-title-45-part-98,us/regulation/45/98/61,no,"body 5219 chars: '(a) To the 50 States, the District of Columbia, and the Commonwealth of Puerto Rico an amo'; inherited by all 51 jurisdictions"
us,ccdf-f-cfr-98.62,federal,federal regulation,PRESENT,us/regulation/2026-09-11-title-45-part-98,us/regulation/45/98/62,no,body 2904 chars: '(a) Each of the 50 States and the District of Columbia will be allocated from the funds ap'; inherited by all 51 jurisdictions
us,ccdf-f-cfr-98.63,federal,federal regulation,PRESENT,us/regulation/2026-09-11-title-45-part-98,us/regulation/45/98/63,no,body 897 chars: '(a) To each of the 50 States and the District of Columbia there is allocated an amount equ'; inherited by all 51 jurisdictions
us,ccdf-f-cfr-98.64,federal,federal regulation,PRESENT,us/regulation/2026-09-11-title-45-part-98,us/regulation/45/98/64,no,body 7024 chars: '(a) According to the provisions of this section State and Tribal Discretionary Funds are s'; inherited by all 51 jurisdictions
us,ccdf-f-cfr-98.65,federal,federal regulation,PRESENT,us/regulation/2026-09-11-title-45-part-98,us/regulation/45/98/65,no,body 2699 chars: '(a) Each Lead Agency shall have an audit conducted after the close of each program period '; inherited by all 51 jurisdictions
us,ccdf-f-cfr-98.66,federal,federal regulation,PRESENT,us/regulation/2026-09-11-title-45-part-98,us/regulation/45/98/66,no,"body 2831 chars: '(a) Any expenditures not made in accordance with the Act, the implementing regulations, or'; inherited by all 51 jurisdictions"
us,ccdf-f-cfr-98.67,federal,federal regulation,PRESENT,us/regulation/2026-09-11-title-45-part-98,us/regulation/45/98/67,no,body 706 chars: '(a) Lead Agencies shall expend and account for CCDF funds in accordance with their own law'; inherited by all 51 jurisdictions
us,ccdf-f-cfr-98.68,federal (state option),federal regulation,PRESENT,us/regulation/2026-09-11-title-45-part-98,us/regulation/45/98/68,no,body 1945 chars: '(a) Lead Agencies are required to describe in their Plan effective internal controls that '; inherited by all 51 jurisdictions
us,ccdf-f-cfr-98.70,federal,federal regulation,PRESENT,us/regulation/2026-09-11-title-45-part-98,us/regulation/45/98/70,no,body 2680 chars: '(a) Quarterly Case-level Report—  (1) State and territorial Lead Agencies that receive ass'; inherited by all 51 jurisdictions
us,ccdf-f-cfr-98.71,federal,federal regulation,PRESENT,us/regulation/2026-09-11-title-45-part-98,us/regulation/45/98/71,no,"body 4204 chars: '(a) At a minimum, a State or territorial Lead Agency's quarterly case-level report to the '; inherited by all 51 jurisdictions"
us,ccdf-f-cfr-98.80,federal,federal regulation,PRESENT,us/regulation/2026-09-11-title-45-part-98,us/regulation/45/98/80,no,body 2779 chars: 'An Indian Tribe or tribal organization (as described in subpart G of these regulations) ma'; inherited by all 51 jurisdictions
us,ccdf-f-cfr-98.81,federal,federal regulation,PRESENT,us/regulation/2026-09-11-title-45-part-98,us/regulation/45/98/81,no,"body 4008 chars: '(a) In order to receive CCDF funds, a Tribal Lead Agency shall apply for funds pursuant to'; inherited by all 51 jurisdictions"
us,ccdf-f-cfr-98.82,federal,federal regulation,PRESENT,us/regulation/2026-09-11-title-45-part-98,us/regulation/45/98/82,no,body 397 chars: 'Tribal applicants shall coordinate the development of the Plan and the provision of servic'; inherited by all 51 jurisdictions
us,ccdf-f-cfr-98.83,federal,federal regulation,PRESENT,us/regulation/2026-09-11-title-45-part-98,us/regulation/45/98/83,no,"body 6722 chars: '(a) The grantee shall designate an agency, department, or unit to act as the Tribal Lead A'; inherited by all 51 jurisdictions"
us,ccdf-f-cfr-98.84,federal,federal regulation,PRESENT,us/regulation/2026-09-11-title-45-part-98,us/regulation/45/98/84,no,"body 4644 chars: '(a) Upon requesting and receiving approval from the Secretary, Tribal Lead Agencies may us'; inherited by all 51 jurisdictions"
us,ccdf-f-cfr-98.90,federal,federal regulation,PRESENT,us/regulation/2026-09-11-title-45-part-98,us/regulation/45/98/90,no,body 2419 chars: '(a) The Secretary will monitor programs funded under the CCDF for compliance with:  (1) Th'; inherited by all 51 jurisdictions
us,ccdf-f-cfr-98.91,federal,federal regulation,PRESENT,us/regulation/2026-09-11-title-45-part-98,us/regulation/45/98/91,no,"body 1303 chars: '(a) If after reasonable notice to a Lead Agency, pursuant to § 98.90 or § 98.93, a final d'; inherited by all 51 jurisdictions"
us,ccdf-f-cfr-98.92,federal,federal regulation,PRESENT,us/regulation/2026-09-11-title-45-part-98,us/regulation/45/98/92,no,body 3654 chars: '(a) Upon a final determination that the Lead Agency has failed to substantially comply wit'; inherited by all 51 jurisdictions
us,ccdf-f-cfr-98.93,federal,federal regulation,PRESENT,us/regulation/2026-09-11-title-45-part-98,us/regulation/45/98/93,no,body 1589 chars: '(a) This section applies to any complaint (other than a complaint alleging violation of th'; inherited by all 51 jurisdictions
us,ccdf-f-cfr-98.100,federal,federal regulation,PRESENT,us/regulation/2026-09-11-title-45-part-98,us/regulation/45/98/100,no,"body 2969 chars: '(a) Applicability—The requirements of this subpart apply to the fifty States, the District'; inherited by all 51 jurisdictions"
us,ccdf-f-cfr-98.101,federal,federal regulation,PRESENT,us/regulation/2026-09-11-title-45-part-98,us/regulation/45/98/101,no,"body 1757 chars: '(a) Case Reviews and Sampling—In preparing the error reports required by this subpart, Sta'; inherited by all 51 jurisdictions"
us,ccdf-f-cfr-98.102,federal,federal regulation,PRESENT,us/regulation/2026-09-11-title-45-part-98,us/regulation/45/98/102,no,"body 5641 chars: '(a) Baseline Submission Report—At a minimum, States, the District of Columbia and Puerto R'; inherited by all 51 jurisdictions"
us,ccdf-f-acf-guidance,federal,ACF guidance,REVIEW,,,no,no ACF OCC guidance or preprint scope in the corpus; the FY 2025-2027 index lists no preprint; the OCC CCDF-ACF-PI series has not been inventoried
us-ak,ccdf-s01,federal_with_state_option,CCDF state plan 1.1-1.2,REVIEW,,,no,publisher posts only the 2024-05-24 draft '2025-2027 CCDF State Plan 052424.pdf' on the Online Public Notice (no approved or certified plan posted); reviewer decision whether a draft counts
us-ak,ccdf-s02,federal_with_state_option,CCDF state plan 2.2.1,REVIEW,,,yes,publisher posts only the 2024-05-24 draft '2025-2027 CCDF State Plan 052424.pdf' on the Online Public Notice (no approved or certified plan posted); reviewer decision whether a draft counts
us-ak,ccdf-s03,federal_with_state_option,CCDF state plan 2.2.2,REVIEW,,,partial,publisher posts only the 2024-05-24 draft '2025-2027 CCDF State Plan 052424.pdf' on the Online Public Notice (no approved or certified plan posted); reviewer decision whether a draft counts
us-ak,ccdf-s04,federal_with_state_option,CCDF state plan 2.2.3-2.2.4,REVIEW,,,yes,publisher posts only the 2024-05-24 draft '2025-2027 CCDF State Plan 052424.pdf' on the Online Public Notice (no approved or certified plan posted); reviewer decision whether a draft counts
us-ak,ccdf-s05,federal_with_state_option,CCDF state plan 2.5.5,REVIEW,,,yes,publisher posts only the 2024-05-24 draft '2025-2027 CCDF State Plan 052424.pdf' on the Online Public Notice (no approved or certified plan posted); reviewer decision whether a draft counts
us-ak,ccdf-s06,federal_with_state_option,CCDF state plan 2.2.6,REVIEW,,,partial,publisher posts only the 2024-05-24 draft '2025-2027 CCDF State Plan 052424.pdf' on the Online Public Notice (no approved or certified plan posted); reviewer decision whether a draft counts
us-ak,ccdf-s07,federal_with_state_option,CCDF state plan 2.2.5,REVIEW,,,yes,publisher posts only the 2024-05-24 draft '2025-2027 CCDF State Plan 052424.pdf' on the Online Public Notice (no approved or certified plan posted); reviewer decision whether a draft counts
us-ak,ccdf-s08,federal_with_state_option,CCDF state plan 2.2.7,REVIEW,,,partial,publisher posts only the 2024-05-24 draft '2025-2027 CCDF State Plan 052424.pdf' on the Online Public Notice (no approved or certified plan posted); reviewer decision whether a draft counts
us-ak,ccdf-s09,federal_with_state_option,CCDF state plan 2.2 / 2.3,REVIEW,,,no,publisher posts only the 2024-05-24 draft '2025-2027 CCDF State Plan 052424.pdf' on the Online Public Notice (no approved or certified plan posted); reviewer decision whether a draft counts
us-ak,ccdf-s10,federal_with_state_option,CCDF state plan 2.3.1-2.3.3,REVIEW,,,no,publisher posts only the 2024-05-24 draft '2025-2027 CCDF State Plan 052424.pdf' on the Online Public Notice (no approved or certified plan posted); reviewer decision whether a draft counts
us-ak,ccdf-s11,federal_with_state_option,CCDF state plan 2.5.2,REVIEW,,,no,publisher posts only the 2024-05-24 draft '2025-2027 CCDF State Plan 052424.pdf' on the Online Public Notice (no approved or certified plan posted); reviewer decision whether a draft counts
us-ak,ccdf-s12,federal_with_state_option,CCDF state plan 2.5.3,REVIEW,,,no,publisher posts only the 2024-05-24 draft '2025-2027 CCDF State Plan 052424.pdf' on the Online Public Notice (no approved or certified plan posted); reviewer decision whether a draft counts
us-ak,ccdf-s13,federal_with_state_option,CCDF state plan 2.5.4,REVIEW,,,no,publisher posts only the 2024-05-24 draft '2025-2027 CCDF State Plan 052424.pdf' on the Online Public Notice (no approved or certified plan posted); reviewer decision whether a draft counts
us-ak,ccdf-s14,federal_with_state_option,CCDF state plan 2.1 / 2.5,REVIEW,,,no,publisher posts only the 2024-05-24 draft '2025-2027 CCDF State Plan 052424.pdf' on the Online Public Notice (no approved or certified plan posted); reviewer decision whether a draft counts
us-ak,ccdf-s15,federal_with_state_option,CCDF state plan 3.1.1-3.1.2 (fee table),REVIEW,,,yes,publisher posts only the 2024-05-24 draft '2025-2027 CCDF State Plan 052424.pdf' on the Online Public Notice (no approved or certified plan posted); reviewer decision whether a draft counts
us-ak,ccdf-s16,federal_with_state_option,CCDF state plan 3.2.1,REVIEW,,,yes,publisher posts only the 2024-05-24 draft '2025-2027 CCDF State Plan 052424.pdf' on the Online Public Notice (no approved or certified plan posted); reviewer decision whether a draft counts
us-ak,ccdf-s17,federal_with_state_option,CCDF state plan 3.3.1,REVIEW,,,partial,publisher posts only the 2024-05-24 draft '2025-2027 CCDF State Plan 052424.pdf' on the Online Public Notice (no approved or certified plan posted); reviewer decision whether a draft counts
us-ak,ccdf-s18,federal_with_state_option,CCDF state plan 4.1.1,REVIEW,,,partial,publisher posts only the 2024-05-24 draft '2025-2027 CCDF State Plan 052424.pdf' on the Online Public Notice (no approved or certified plan posted); reviewer decision whether a draft counts
us-ak,ccdf-s19,federal_with_state_option,CCDF state plan 4.2,REVIEW,,,no,publisher posts only the 2024-05-24 draft '2025-2027 CCDF State Plan 052424.pdf' on the Online Public Notice (no approved or certified plan posted); reviewer decision whether a draft counts
us-ak,ccdf-s20,federal_with_state_option,CCDF state plan 4.3.1-4.3.2 (rate tables as of plan date),REVIEW,,,yes,publisher posts only the 2024-05-24 draft '2025-2027 CCDF State Plan 052424.pdf' on the Online Public Notice (no approved or certified plan posted); reviewer decision whether a draft counts
us-ak,ccdf-s21,federal_with_state_option,CCDF state plan 4.3.3,REVIEW,,,partial,publisher posts only the 2024-05-24 draft '2025-2027 CCDF State Plan 052424.pdf' on the Online Public Notice (no approved or certified plan posted); reviewer decision whether a draft counts
us-ak,ccdf-s22,federal_with_state_option,CCDF state plan 4.4.1-4.4.3,REVIEW,,,no,publisher posts only the 2024-05-24 draft '2025-2027 CCDF State Plan 052424.pdf' on the Online Public Notice (no approved or certified plan posted); reviewer decision whether a draft counts
us-ak,ccdf-s23,federal_with_state_option,CCDF state plan section 5,REVIEW,,,no,publisher posts only the 2024-05-24 draft '2025-2027 CCDF State Plan 052424.pdf' on the Online Public Notice (no approved or certified plan posted); reviewer decision whether a draft counts
us-ak,ccdf-s24,federal_with_state_option,CCDF state plan 2.2.9,REVIEW,,,no,publisher posts only the 2024-05-24 draft '2025-2027 CCDF State Plan 052424.pdf' on the Online Public Notice (no approved or certified plan posted); reviewer decision whether a draft counts
us-ak,ccdf-s25,federal_with_state_option,CCDF state plan 10.1-10.2,REVIEW,,,no,publisher posts only the 2024-05-24 draft '2025-2027 CCDF State Plan 052424.pdf' on the Online Public Notice (no approved or certified plan posted); reviewer decision whether a draft counts
us-ak,ccdf-s26,federal_with_state_option,CCDF state plan (Lead Agency publication reached via the ACF index),REVIEW,,,no,publisher posts only the 2024-05-24 draft '2025-2027 CCDF State Plan 052424.pdf' on the Online Public Notice (no approved or certified plan posted); reviewer decision whether a draft counts
us-ak,ccdf-s27,federal_with_state_option,"ACF-hosted Appendix PDF on the FY 2025-2027 index (51 listed, 0 taken)",EXTRACTABLE,,,no,"ACF-hosted Appendix 1 PDF listed on acf.gov/occ/form/approved-ccdf-plans-fy-2025-2027 for all 50 states + DC (51 listed, 0 taken; run note 'Appendix family not taken')"
us-ak,ccdf-s28,federal_with_state_option,"amended plans posted on Lead Agency pages (inventoried, not taken except where the only posted version)",REVIEW,,,no,queue row records no amendment on the Lead Agency page; whether an amendment has since been approved is unverified
us-ak,ccdf-s29,federal_with_state_option,state regulation/manual for the subsidy program (CCAP/CCS/ERDC/Wisconsin Shares etc.),REVIEW,,,yes,no selected scope carries the state's child-care subsidy rulebook (heading scan of the selected TANF/combined scope 2026-09-12 found no subsidy chapter) and no queue row inventoried it
us-ak,ccdf-s30,federal_with_state_option,state rate schedules / MRS sheets / transmittals (state-published),REVIEW,,,yes,current rate/copay schedule family not inventoried for this state; the plan carries the values as of its submission only
us-al,ccdf-s01,federal_with_state_option,CCDF state plan 1.1-1.2,PRESENT,us-al/policy/2026-09-10-ccdf-plan-fy2025-2027,us-al/policy/acf/ccdf-plan/fy2025-2027/1.1,no,plan section '1.1 CCDF Leadership' | a joint interagency office to represent the State or Territory as the Lead Agency. The Lead Agency agrees to administer the program in accordance with
us-al,ccdf-s02,federal_with_state_option,CCDF state plan 2.2.1,PRESENT,us-al/policy/2026-09-10-ccdf-plan-fy2025-2027,us-al/policy/acf/ccdf-plan/fy2025-2027/2.2,yes,"plan section '2.2 Eligible Children and Families' | At eligibility determination or redetermination, children must (1) be younger than age 13; (2) reside with a family whose income does not exceed 85 percent of"
us-al,ccdf-s03,federal_with_state_option,CCDF state plan 2.2.2,PRESENT,us-al/policy/2026-09-10-ccdf-plan-fy2025-2027,us-al/policy/acf/ccdf-plan/fy2025-2027/2.2,partial,"plan section '2.2 Eligible Children and Families' | or attending a job training or educational program (which can include job search) or (b) receive, or need to receive, protective services as defined b"
us-al,ccdf-s04,federal_with_state_option,CCDF state plan 2.2.3-2.2.4,PRESENT,us-al/policy/2026-09-10-ccdf-plan-fy2025-2027,us-al/policy/acf/ccdf-plan/fy2025-2027/2.2,yes,plan section '2.2 Eligible Children and Families' | x] No. [ ] Yes. 2.2.3 Eligibility criteria: deciding entity on family income limits How are income eligibility limits established? [x] There is a statewi
us-al,ccdf-s05,federal_with_state_option,CCDF state plan 2.5.5,PRESENT,us-al/policy/2026-09-10-ccdf-plan-fy2025-2027,us-al/policy/acf/ccdf-plan/fy2025-2027/2.5,yes,plan section '2.5 Promoting Continuity of Care' | gency’s income eligibility threshold but not the federal threshold of 85 percent of SMI; and • Regardless of temporary changes in participation in wor
us-al,ccdf-s06,federal_with_state_option,CCDF state plan 2.2.6,PRESENT,us-al/policy/2026-09-10-ccdf-plan-fy2025-2027,us-al/policy/acf/ccdf-plan/fy2025-2027/2.2,partial,"plan section '2.2 Eligible Children and Families' | ) for a family of the same size and whose family assets do not exceed $1,000,000; and (3)(a) reside with a parent or parents who are working or attend"
us-al,ccdf-s07,federal_with_state_option,CCDF state plan 2.2.5,PRESENT,us-al/policy/2026-09-10-ccdf-plan-fy2025-2027,us-al/policy/acf/ccdf-plan/fy2025-2027/2.2,yes,plan section '2.2 Eligible Children and Families' | limit is 180% of Federal Poverty Line (FPL) 2.2.5 Income eligibility: irregular fluctuations in earnings Lead Agencies must take into account irregular fluctuati
us-al,ccdf-s08,federal_with_state_option,CCDF state plan 2.2.7,PRESENT,us-al/policy/2026-09-10-ccdf-plan-fy2025-2027,us-al/policy/acf/ccdf-plan/fy2025-2027/2.2,partial,"plan section '2.2 Eligible Children and Families' | ion or redetermination, children must (1) be younger than age 13; (2) reside with a family whose income does not exceed 85 percent of the State's"
us-al,ccdf-s09,federal_with_state_option,CCDF state plan 2.2 / 2.3,PRESENT,us-al/policy/2026-09-10-ccdf-plan-fy2025-2027,us-al/policy/acf/ccdf-plan/fy2025-2027/2.2,no,"plan section '2.2 Eligible Children and Families' | am (which can include job search) or (b) receive, or need to receive, protective services as defined by the Lead Agency. 2.2.1 Eligibility criteria: age of chi"
us-al,ccdf-s10,federal_with_state_option,CCDF state plan 2.3.1-2.3.3,PRESENT,us-al/policy/2026-09-10-ccdf-plan-fy2025-2027,us-al/policy/acf/ccdf-plan/fy2025-2027/2.3,no,"plan section '2.3 Prioritizing Services for Vulnerable Children and Famili' | Lead Agencies must give priority for child care assistance to children with special needs, families w"
us-al,ccdf-s11,federal_with_state_option,CCDF state plan 2.5.2,PRESENT,us-al/policy/2026-09-10-ccdf-plan-fy2025-2027,us-al/policy/acf/ccdf-plan/fy2025-2027/2.5,no,"plan section '2.5 Promoting Continuity of Care' | are when authorizing child care services and must establish a minimum 12-month period for each child, both at the initial eligibility determination"
us-al,ccdf-s12,federal_with_state_option,CCDF state plan 2.5.3,PRESENT,us-al/policy/2026-09-10-ccdf-plan-fy2025-2027,us-al/policy/acf/ccdf-plan/fy2025-2027/2.5,no,"plan section '2.5 Promoting Continuity of Care' | d above. In these cases only, Lead Agencies may establish a period of 3 months or longer. 6. Any change in age, including a child turning 13 years o"
us-al,ccdf-s13,federal_with_state_option,CCDF state plan 2.5.4,PRESENT,us-al/policy/2026-09-10-ccdf-plan-fy2025-2027,us-al/policy/acf/ccdf-plan/fy2025-2027/2.5,no,"plan section '2.5 Promoting Continuity of Care' | families retaining eligibility. This requirement is: • Regardless of changes in income, Lead Agencies may not terminate CCDF assistance during the minimum 1"
us-al,ccdf-s14,federal_with_state_option,CCDF state plan 2.1 / 2.5,PRESENT,us-al/policy/2026-09-10-ccdf-plan-fy2025-2027,us-al/policy/acf/ccdf-plan/fy2025-2027/2.1,no,plan section '2.1 Reducing Barriers to Family Enrollment and Redeterminati' | l that apply and describe those elements checked. i. [ ] Establishing presumptive eligibility while eligibility is being determined. Describe the polic
us-al,ccdf-s15,federal_with_state_option,CCDF state plan 3.1.1-3.1.2 (fee table),PRESENT,us-al/policy/2026-09-10-ccdf-plan-fy2025-2027,us-al/policy/acf/ccdf-plan/fy2025-2027/3.1,yes,plan section '3.1 Family Co-payments' | Lead Agencies must establish and periodically revise a sliding-fee scale for families receiving CCDF services that varies based on income and
us-al,ccdf-s16,federal_with_state_option,CCDF state plan 3.2.1,PRESENT,us-al/policy/2026-09-10-ccdf-plan-fy2025-2027,us-al/policy/acf/ccdf-plan/fy2025-2027/3.2,yes,"plan section '3.2 Calculation of Co-Payment' | Lead agencies must calculate a family’s contribution (or co-payment), taking into account income and family size, and Lead"
us-al,ccdf-s17,federal_with_state_option,CCDF state plan 3.3.1,PRESENT,us-al/policy/2026-09-10-ccdf-plan-fy2025-2027,us-al/policy/acf/ccdf-plan/fy2025-2027/3.3,partial,plan section '3.3 Waiving Family Co-payment' | 3.3.1 Waiving family co-payment The Lead Agency may waive family contributions/c
us-al,ccdf-s18,federal_with_state_option,CCDF state plan 4.1.1,PRESENT,us-al/policy/2026-09-10-ccdf-plan-fy2025-2027,us-al/policy/acf/ccdf-plan/fy2025-2027/4.1,partial,plan section '4.1 Access to Full Range of Provider Options' | rs and offer assistance with child care services through a child care certificate (or voucher) or with a child care provider that has a grant or contra
us-al,ccdf-s19,federal_with_state_option,CCDF state plan 4.2,PRESENT,us-al/policy/2026-09-10-ccdf-plan-fy2025-2027,us-al/policy/acf/ccdf-plan/fy2025-2027/4.2,no,plan section '4.2 Assess Market Rates and Analyze the Cost of Child Care' | y valid and reliable data and have the option to conduct either a (1) market rate survey (MRS) reflecting variations in the price to parents of child care ser
us-al,ccdf-s20,federal_with_state_option,CCDF state plan 4.3.1-4.3.2 (rate tables as of plan date),PRESENT,us-al/policy/2026-09-10-ccdf-plan-fy2025-2027,us-al/policy/acf/ccdf-plan/fy2025-2027/4.3,yes,plan section '4.3 Adequate Payment Rates' | The Lead Agency must set CCDF subsidy payment rates in accordance with the results of the current MRS or ACF pre-approved
us-al,ccdf-s21,federal_with_state_option,CCDF state plan 4.3.3,PRESENT,us-al/policy/2026-09-10-ccdf-plan-fy2025-2027,us-al/policy/acf/ccdf-plan/fy2025-2027/4.3,partial,"plan section '4.3 Adequate Payment Rates' | rates below. Base rates are the lowest, foundational rates before any differentials are added (e.g., for higher quality or other purposes) and must be s"
us-al,ccdf-s22,federal_with_state_option,CCDF state plan 4.4.1-4.4.3,PRESENT,us-al/policy/2026-09-10-ccdf-plan-fy2025-2027,us-al/policy/acf/ccdf-plan/fy2025-2027/4.4,no,"plan section '4.4 Payment Practices to Providers' | cost of child care services based on paying by the child’s authorized enrollment, or if impracticable, an alternative approach that will not undermine"
us-al,ccdf-s23,federal_with_state_option,CCDF state plan section 5,PRESENT,us-al/policy/2026-09-10-ccdf-plan-fy2025-2027,us-al/policy/acf/ccdf-plan/fy2025-2027/5.1,no,plan section '5.1 Licensing Requirements' | Each Lead Agency must ensure it has in effect licensing requirements applicable to all child care services provided within
us-al,ccdf-s24,federal_with_state_option,CCDF state plan 2.2.9,PRESENT,us-al/policy/2026-09-10-ccdf-plan-fy2025-2027,us-al/policy/acf/ccdf-plan/fy2025-2027/2.2,no,plan section '2.2 Eligible Children and Families' | perty tax statement [ ] [ ] Other. Describe how you verify: N/A 2.2.9 Exception to TANF work requirements Lead Agencies must ensure that families with young children participa
us-al,ccdf-s25,federal_with_state_option,CCDF state plan 10.1-10.2,PRESENT,us-al/policy/2026-09-10-ccdf-plan-fy2025-2027,us-al/policy/acf/ccdf-plan/fy2025-2027/10.2,no,"plan section '10.2 Fraud Investigation, Payment Recovery, and Sanctions' | Lead Agencies must have the necessary controls to identify fraud and other program violations to ensure program integrity. Program vio"
us-al,ccdf-s26,federal_with_state_option,CCDF state plan (Lead Agency publication reached via the ACF index),PRESENT,us-al/policy/2026-09-10-ccdf-plan-fy2025-2027,us-al/policy/acf/ccdf-plan/fy2025-2027,no,plan root + 41 subsections; plan status: Approved (state PDF prefixed with the ACF approval letter; 301 pages)
us-al,ccdf-s27,federal_with_state_option,"ACF-hosted Appendix PDF on the FY 2025-2027 index (51 listed, 0 taken)",EXTRACTABLE,,,no,"ACF-hosted Appendix 1 PDF listed on acf.gov/occ/form/approved-ccdf-plans-fy-2025-2027 for all 50 states + DC (51 listed, 0 taken; run note 'Appendix family not taken')"
us-al,ccdf-s28,federal_with_state_option,"amended plans posted on Lead Agency pages (inventoried, not taken except where the only posted version)",REVIEW,,,no,queue row records no amendment on the Lead Agency page; whether an amendment has since been approved is unverified
us-al,ccdf-s29,federal_with_state_option,state regulation/manual for the subsidy program (CCAP/CCS/ERDC/Wisconsin Shares etc.),REVIEW,,,yes,no selected scope carries the state's child-care subsidy rulebook (heading scan of the selected TANF/combined scope 2026-09-12 found no subsidy chapter) and no queue row inventoried it
us-al,ccdf-s30,federal_with_state_option,state rate schedules / MRS sheets / transmittals (state-published),REVIEW,,,yes,current rate/copay schedule family not inventoried for this state; the plan carries the values as of its submission only
us-ar,ccdf-s01,federal_with_state_option,CCDF state plan 1.1-1.2,PRESENT,us-ar/policy/2026-09-10-ccdf-plan-fy2025-2027,us-ar/policy/acf/ccdf-plan/fy2025-2027/1.1,no,plan section '1.1 CCDF Leadership' | a joint interagency office to represent the State or Territory as the Lead Agency. The Lead Agency agrees to administer the program in accordance with
us-ar,ccdf-s02,federal_with_state_option,CCDF state plan 2.2.1,PRESENT,us-ar/policy/2026-09-10-ccdf-plan-fy2025-2027,us-ar/policy/acf/ccdf-plan/fy2025-2027/2.2,yes,"plan section '2.2 Eligible Children and Families' | At eligibility determination or redetermination, children must (1) be younger than age 13; (2) reside with a family whose income does not exceed 85 percent of"
us-ar,ccdf-s03,federal_with_state_option,CCDF state plan 2.2.2,PRESENT,us-ar/policy/2026-09-10-ccdf-plan-fy2025-2027,us-ar/policy/acf/ccdf-plan/fy2025-2027/2.2,partial,"plan section '2.2 Eligible Children and Families' | or attending a job training or educational program (which can include job search) or (b) receive, or need to receive, protective services as defined b"
us-ar,ccdf-s04,federal_with_state_option,CCDF state plan 2.2.3-2.2.4,PRESENT,us-ar/policy/2026-09-10-ccdf-plan-fy2025-2027,us-ar/policy/acf/ccdf-plan/fy2025-2027/2.2,yes,plan section '2.2 Eligible Children and Families' | x] No. [ ] Yes. 2.2.3 Eligibility criteria: deciding entity on family income limits How are income eligibility limits established? [x] There is a statewi
us-ar,ccdf-s05,federal_with_state_option,CCDF state plan 2.5.5,PRESENT,us-ar/policy/2026-09-10-ccdf-plan-fy2025-2027,us-ar/policy/acf/ccdf-plan/fy2025-2027/2.5,yes,plan section '2.5 Promoting Continuity of Care' | gency’s income eligibility threshold but not the federal threshold of 85 percent of SMI; and • Regardless of temporary changes in participation in wor
us-ar,ccdf-s06,federal_with_state_option,CCDF state plan 2.2.6,PRESENT,us-ar/policy/2026-09-10-ccdf-plan-fy2025-2027,us-ar/policy/acf/ccdf-plan/fy2025-2027/2.2,partial,"plan section '2.2 Eligible Children and Families' | ) for a family of the same size and whose family assets do not exceed $1,000,000; and (3)(a) reside with a parent or parents who are working or attend"
us-ar,ccdf-s07,federal_with_state_option,CCDF state plan 2.2.5,PRESENT,us-ar/policy/2026-09-10-ccdf-plan-fy2025-2027,us-ar/policy/acf/ccdf-plan/fy2025-2027/2.2,yes,plan section '2.2 Eligible Children and Families' | R_SMI_Monthly_Income_Chart_20250916_OEC.pdf 2.2.5 Income eligibility: irregular fluctuations in earnings Lead Agencies must take into account irregular fluctuati
us-ar,ccdf-s08,federal_with_state_option,CCDF state plan 2.2.7,PRESENT,us-ar/policy/2026-09-10-ccdf-plan-fy2025-2027,us-ar/policy/acf/ccdf-plan/fy2025-2027/2.2,partial,"plan section '2.2 Eligible Children and Families' | ion or redetermination, children must (1) be younger than age 13; (2) reside with a family whose income does not exceed 85 percent of the State's"
us-ar,ccdf-s09,federal_with_state_option,CCDF state plan 2.2 / 2.3,PRESENT,us-ar/policy/2026-09-10-ccdf-plan-fy2025-2027,us-ar/policy/acf/ccdf-plan/fy2025-2027/2.2,no,"plan section '2.2 Eligible Children and Families' | am (which can include job search) or (b) receive, or need to receive, protective services as defined by the Lead Agency. 2.2.1 Eligibility criteria: age of chi"
us-ar,ccdf-s10,federal_with_state_option,CCDF state plan 2.3.1-2.3.3,PRESENT,us-ar/policy/2026-09-10-ccdf-plan-fy2025-2027,us-ar/policy/acf/ccdf-plan/fy2025-2027/2.3,no,"plan section '2.3 Prioritizing Services for Vulnerable Children and Famili' | Lead Agencies must give priority for child care assistance to children with special needs, families w"
us-ar,ccdf-s11,federal_with_state_option,CCDF state plan 2.5.2,PRESENT,us-ar/policy/2026-09-10-ccdf-plan-fy2025-2027,us-ar/policy/acf/ccdf-plan/fy2025-2027/2.5,no,"plan section '2.5 Promoting Continuity of Care' | are when authorizing child care services and must establish a minimum 12-month period for each child, both at the initial eligibility determination"
us-ar,ccdf-s12,federal_with_state_option,CCDF state plan 2.5.3,PRESENT,us-ar/policy/2026-09-10-ccdf-plan-fy2025-2027,us-ar/policy/acf/ccdf-plan/fy2025-2027/2.5,no,"plan section '2.5 Promoting Continuity of Care' | a cessation of employment, education, or job skills training program. Job Searches shall not be consecutive. If a Low-Income or ESS family has submitt"
us-ar,ccdf-s13,federal_with_state_option,CCDF state plan 2.5.4,PRESENT,us-ar/policy/2026-09-10-ccdf-plan-fy2025-2027,us-ar/policy/acf/ccdf-plan/fy2025-2027/2.5,no,"plan section '2.5 Promoting Continuity of Care' | families retaining eligibility. This requirement is: • Regardless of changes in income, Lead Agencies may not terminate CCDF assistance during the minimum 1"
us-ar,ccdf-s14,federal_with_state_option,CCDF state plan 2.1 / 2.5,PRESENT,us-ar/policy/2026-09-10-ccdf-plan-fy2025-2027,us-ar/policy/acf/ccdf-plan/fy2025-2027/2.1,no,plan section '2.1 Reducing Barriers to Family Enrollment and Redeterminati' | l that apply and describe those elements checked. i. [ ] Establishing presumptive eligibility while eligibility is being determined. Describe the polic
us-ar,ccdf-s15,federal_with_state_option,CCDF state plan 3.1.1-3.1.2 (fee table),PRESENT,us-ar/policy/2026-09-10-ccdf-plan-fy2025-2027,us-ar/policy/acf/ccdf-plan/fy2025-2027/3.1,yes,plan section '3.1 Family Co-payments' | Lead Agencies must establish and periodically revise a sliding-fee scale for families receiving CCDF services that varies based on income and
us-ar,ccdf-s16,federal_with_state_option,CCDF state plan 3.2.1,PRESENT,us-ar/policy/2026-09-10-ccdf-plan-fy2025-2027,us-ar/policy/acf/ccdf-plan/fy2025-2027/3.2,yes,"plan section '3.2 Calculation of Co-Payment' | Lead agencies must calculate a family’s contribution (or co-payment), taking into account income and family size, and Lead"
us-ar,ccdf-s17,federal_with_state_option,CCDF state plan 3.3.1,PRESENT,us-ar/policy/2026-09-10-ccdf-plan-fy2025-2027,us-ar/policy/acf/ccdf-plan/fy2025-2027/3.3,partial,plan section '3.3 Waiving Family Co-payment' | 3.3.1 Waiving family co-payment The Lead Agency may waive family contributions/c
us-ar,ccdf-s18,federal_with_state_option,CCDF state plan 4.1.1,PRESENT,us-ar/policy/2026-09-10-ccdf-plan-fy2025-2027,us-ar/policy/acf/ccdf-plan/fy2025-2027/4.1,partial,plan section '4.1 Access to Full Range of Provider Options' | rs and offer assistance with child care services through a child care certificate (or voucher) or with a child care provider that has a grant or contra
us-ar,ccdf-s19,federal_with_state_option,CCDF state plan 4.2,PRESENT,us-ar/policy/2026-09-10-ccdf-plan-fy2025-2027,us-ar/policy/acf/ccdf-plan/fy2025-2027/4.2,no,plan section '4.2 Assess Market Rates and Analyze the Cost of Child Care' | y valid and reliable data and have the option to conduct either a (1) market rate survey (MRS) reflecting variations in the price to parents of child care ser
us-ar,ccdf-s20,federal_with_state_option,CCDF state plan 4.3.1-4.3.2 (rate tables as of plan date),PRESENT,us-ar/policy/2026-09-10-ccdf-plan-fy2025-2027,us-ar/policy/acf/ccdf-plan/fy2025-2027/4.3,yes,plan section '4.3 Adequate Payment Rates' | The Lead Agency must set CCDF subsidy payment rates in accordance with the results of the current MRS or ACF pre-approved
us-ar,ccdf-s21,federal_with_state_option,CCDF state plan 4.3.3,PRESENT,us-ar/policy/2026-09-10-ccdf-plan-fy2025-2027,us-ar/policy/acf/ccdf-plan/fy2025-2027/4.3,partial,"plan section '4.3 Adequate Payment Rates' | rates below. Base rates are the lowest, foundational rates before any differentials are added (e.g., for higher quality or other purposes) and must be s"
us-ar,ccdf-s22,federal_with_state_option,CCDF state plan 4.4.1-4.4.3,PRESENT,us-ar/policy/2026-09-10-ccdf-plan-fy2025-2027,us-ar/policy/acf/ccdf-plan/fy2025-2027/4.4,no,"plan section '4.4 Payment Practices to Providers' | cost of child care services based on paying by the child’s authorized enrollment, or if impracticable, an alternative approach that will not undermine"
us-ar,ccdf-s23,federal_with_state_option,CCDF state plan section 5,PRESENT,us-ar/policy/2026-09-10-ccdf-plan-fy2025-2027,us-ar/policy/acf/ccdf-plan/fy2025-2027/5.1,no,plan section '5.1 Licensing Requirements' | Each Lead Agency must ensure it has in effect licensing requirements applicable to all child care services provided within
us-ar,ccdf-s24,federal_with_state_option,CCDF state plan 2.2.9,PRESENT,us-ar/policy/2026-09-10-ccdf-plan-fy2025-2027,us-ar/policy/acf/ccdf-plan/fy2025-2027/2.2,no,plan section '2.2 Eligible Children and Families' | ility determination. [ ] [ ] Other. Describe how you verify: NA 2.2.9 Exception to TANF work requirements Lead Agencies must ensure that families with young children participa
us-ar,ccdf-s25,federal_with_state_option,CCDF state plan 10.1-10.2,PRESENT,us-ar/policy/2026-09-10-ccdf-plan-fy2025-2027,us-ar/policy/acf/ccdf-plan/fy2025-2027/10.2,no,"plan section '10.2 Fraud Investigation, Payment Recovery, and Sanctions' | Lead Agencies must have the necessary controls to identify fraud and other program violations to ensure program integrity. Program vio"
us-ar,ccdf-s26,federal_with_state_option,CCDF state plan (Lead Agency publication reached via the ACF index),PRESENT,us-ar/policy/2026-09-10-ccdf-plan-fy2025-2027,us-ar/policy/acf/ccdf-plan/fy2025-2027,no,plan root + 41 subsections; plan status: Approved as of 2026-05-13 (only FFY 2025-2027 version posted)
us-ar,ccdf-s27,federal_with_state_option,"ACF-hosted Appendix PDF on the FY 2025-2027 index (51 listed, 0 taken)",EXTRACTABLE,,,no,"ACF-hosted Appendix 1 PDF listed on acf.gov/occ/form/approved-ccdf-plans-fy-2025-2027 for all 50 states + DC (51 listed, 0 taken; run note 'Appendix family not taken')"
us-ar,ccdf-s28,federal_with_state_option,"amended plans posted on Lead Agency pages (inventoried, not taken except where the only posted version)",PRESENT,us-ar/policy/2026-09-10-ccdf-plan-fy2025-2027,us-ar/policy/acf/ccdf-plan/fy2025-2027,no,Amendment 2 (approved 2026-05-13) is the taken plan
us-ar,ccdf-s29,federal_with_state_option,state regulation/manual for the subsidy program (CCAP/CCS/ERDC/Wisconsin Shares etc.),REVIEW,,,yes,no selected scope carries the state's child-care subsidy rulebook (heading scan of the selected TANF/combined scope 2026-09-12 found no subsidy chapter) and no queue row inventoried it
us-ar,ccdf-s30,federal_with_state_option,state rate schedules / MRS sheets / transmittals (state-published),REVIEW,,,yes,current rate/copay schedule family not inventoried for this state; the plan carries the values as of its submission only
us-az,ccdf-s01,federal_with_state_option,CCDF state plan 1.1-1.2,OUTREACH,,,no,HTTP 403 cloudflare from the AZ DES plan page (plain and impersonated; retried 3x incl. US network)
us-az,ccdf-s02,federal_with_state_option,CCDF state plan 2.2.1,OUTREACH,,,yes,HTTP 403 cloudflare from the AZ DES plan page (plain and impersonated; retried 3x incl. US network)
us-az,ccdf-s03,federal_with_state_option,CCDF state plan 2.2.2,OUTREACH,,,partial,HTTP 403 cloudflare from the AZ DES plan page (plain and impersonated; retried 3x incl. US network)
us-az,ccdf-s04,federal_with_state_option,CCDF state plan 2.2.3-2.2.4,OUTREACH,,,yes,HTTP 403 cloudflare from the AZ DES plan page (plain and impersonated; retried 3x incl. US network)
us-az,ccdf-s05,federal_with_state_option,CCDF state plan 2.5.5,OUTREACH,,,yes,HTTP 403 cloudflare from the AZ DES plan page (plain and impersonated; retried 3x incl. US network)
us-az,ccdf-s06,federal_with_state_option,CCDF state plan 2.2.6,OUTREACH,,,partial,HTTP 403 cloudflare from the AZ DES plan page (plain and impersonated; retried 3x incl. US network)
us-az,ccdf-s07,federal_with_state_option,CCDF state plan 2.2.5,OUTREACH,,,yes,HTTP 403 cloudflare from the AZ DES plan page (plain and impersonated; retried 3x incl. US network)
us-az,ccdf-s08,federal_with_state_option,CCDF state plan 2.2.7,OUTREACH,,,partial,HTTP 403 cloudflare from the AZ DES plan page (plain and impersonated; retried 3x incl. US network)
us-az,ccdf-s09,federal_with_state_option,CCDF state plan 2.2 / 2.3,OUTREACH,,,no,HTTP 403 cloudflare from the AZ DES plan page (plain and impersonated; retried 3x incl. US network)
us-az,ccdf-s10,federal_with_state_option,CCDF state plan 2.3.1-2.3.3,OUTREACH,,,no,HTTP 403 cloudflare from the AZ DES plan page (plain and impersonated; retried 3x incl. US network)
us-az,ccdf-s11,federal_with_state_option,CCDF state plan 2.5.2,OUTREACH,,,no,HTTP 403 cloudflare from the AZ DES plan page (plain and impersonated; retried 3x incl. US network)
us-az,ccdf-s12,federal_with_state_option,CCDF state plan 2.5.3,OUTREACH,,,no,HTTP 403 cloudflare from the AZ DES plan page (plain and impersonated; retried 3x incl. US network)
us-az,ccdf-s13,federal_with_state_option,CCDF state plan 2.5.4,OUTREACH,,,no,HTTP 403 cloudflare from the AZ DES plan page (plain and impersonated; retried 3x incl. US network)
us-az,ccdf-s14,federal_with_state_option,CCDF state plan 2.1 / 2.5,OUTREACH,,,no,HTTP 403 cloudflare from the AZ DES plan page (plain and impersonated; retried 3x incl. US network)
us-az,ccdf-s15,federal_with_state_option,CCDF state plan 3.1.1-3.1.2 (fee table),OUTREACH,,,yes,HTTP 403 cloudflare from the AZ DES plan page (plain and impersonated; retried 3x incl. US network)
us-az,ccdf-s16,federal_with_state_option,CCDF state plan 3.2.1,OUTREACH,,,yes,HTTP 403 cloudflare from the AZ DES plan page (plain and impersonated; retried 3x incl. US network)
us-az,ccdf-s17,federal_with_state_option,CCDF state plan 3.3.1,OUTREACH,,,partial,HTTP 403 cloudflare from the AZ DES plan page (plain and impersonated; retried 3x incl. US network)
us-az,ccdf-s18,federal_with_state_option,CCDF state plan 4.1.1,OUTREACH,,,partial,HTTP 403 cloudflare from the AZ DES plan page (plain and impersonated; retried 3x incl. US network)
us-az,ccdf-s19,federal_with_state_option,CCDF state plan 4.2,OUTREACH,,,no,HTTP 403 cloudflare from the AZ DES plan page (plain and impersonated; retried 3x incl. US network)
us-az,ccdf-s20,federal_with_state_option,CCDF state plan 4.3.1-4.3.2 (rate tables as of plan date),OUTREACH,,,yes,HTTP 403 cloudflare from the AZ DES plan page (plain and impersonated; retried 3x incl. US network)
us-az,ccdf-s21,federal_with_state_option,CCDF state plan 4.3.3,OUTREACH,,,partial,HTTP 403 cloudflare from the AZ DES plan page (plain and impersonated; retried 3x incl. US network)
us-az,ccdf-s22,federal_with_state_option,CCDF state plan 4.4.1-4.4.3,OUTREACH,,,no,HTTP 403 cloudflare from the AZ DES plan page (plain and impersonated; retried 3x incl. US network)
us-az,ccdf-s23,federal_with_state_option,CCDF state plan section 5,OUTREACH,,,no,HTTP 403 cloudflare from the AZ DES plan page (plain and impersonated; retried 3x incl. US network)
us-az,ccdf-s24,federal_with_state_option,CCDF state plan 2.2.9,OUTREACH,,,no,HTTP 403 cloudflare from the AZ DES plan page (plain and impersonated; retried 3x incl. US network)
us-az,ccdf-s25,federal_with_state_option,CCDF state plan 10.1-10.2,OUTREACH,,,no,HTTP 403 cloudflare from the AZ DES plan page (plain and impersonated; retried 3x incl. US network)
us-az,ccdf-s26,federal_with_state_option,CCDF state plan (Lead Agency publication reached via the ACF index),OUTREACH,,,no,HTTP 403 cloudflare from the AZ DES plan page (plain and impersonated; retried 3x incl. US network)
us-az,ccdf-s27,federal_with_state_option,"ACF-hosted Appendix PDF on the FY 2025-2027 index (51 listed, 0 taken)",EXTRACTABLE,,,no,"ACF-hosted Appendix 1 PDF listed on acf.gov/occ/form/approved-ccdf-plans-fy-2025-2027 for all 50 states + DC (51 listed, 0 taken; run note 'Appendix family not taken')"
us-az,ccdf-s28,federal_with_state_option,"amended plans posted on Lead Agency pages (inventoried, not taken except where the only posted version)",OUTREACH,,,no,Lead Agency site blocked (HTTP 403 cloudflare from the AZ DES plan page)
us-az,ccdf-s29,federal_with_state_option,state regulation/manual for the subsidy program (CCAP/CCS/ERDC/Wisconsin Shares etc.),PRESENT,us-az/regulation/2026-06-25-az-aac-title-6-chapter-5-article-49,us-az/regulation/aac/title-6/chapter-5/article-49/R6-5-4912,yes,heading='R6-5-4912 Eligible Activity or Need A.' | 33 body matches | Eligible activities and needs for Child Care Assistance are described in this subsection: 1. Employment. Full or part-time em
us-az,ccdf-s30,federal_with_state_option,state rate schedules / MRS sheets / transmittals (state-published),REVIEW,,,yes,"CCAP income/fee schedule FFY2026 is encoded in rulespec-us (us-az/policies/des/ccap/income-fee-schedule-ffy2026), source in the selected AZ CCAP scope; whether it is the current-year schedule is unverified"
us-ca,ccdf-s01,federal_with_state_option,CCDF state plan 1.1-1.2,PRESENT,us-ca/policy/2026-09-10-ccdf-plan-fy2025-2027,us-ca/policy/acf/ccdf-plan/fy2025-2027/1.1,no,plan section '1.1 CCDF Leadership' | a joint interagency office to represent the State or Territory as the Lead Agency. The Lead Agency agrees to administer the program in accordance with
us-ca,ccdf-s02,federal_with_state_option,CCDF state plan 2.2.1,PRESENT,us-ca/policy/2026-09-10-ccdf-plan-fy2025-2027,us-ca/policy/acf/ccdf-plan/fy2025-2027/2.2,yes,"plan section '2.2 Eligible Children and Families' | At eligibility determination or redetermination, children must (1) be younger than age 13; (2) reside with a family whose income does not exceed 85 percent of"
us-ca,ccdf-s03,federal_with_state_option,CCDF state plan 2.2.2,PRESENT,us-ca/policy/2026-09-10-ccdf-plan-fy2025-2027,us-ca/policy/acf/ccdf-plan/fy2025-2027/2.2,partial,"plan section '2.2 Eligible Children and Families' | or attending a job training or educational program (which can include job search) or (b) receive, or need to receive, protective services as defined b"
us-ca,ccdf-s04,federal_with_state_option,CCDF state plan 2.2.3-2.2.4,PRESENT,us-ca/policy/2026-09-10-ccdf-plan-fy2025-2027,us-ca/policy/acf/ccdf-plan/fy2025-2027/2.2,yes,plan section '2.2 Eligible Children and Families' | ☐ X No. ☐ Yes. 2.2.3 Eligibility criteria: deciding entity on family income limits How are income eligibility limits established? ☐ X There is a statewi
us-ca,ccdf-s05,federal_with_state_option,CCDF state plan 2.5.5,PRESENT,us-ca/policy/2026-09-10-ccdf-plan-fy2025-2027,us-ca/policy/acf/ccdf-plan/fy2025-2027/2.5,yes,"plan section '2.5 Promoting Continuity of Care' | ges during the eligibility period, unless the family’s income exceeds 85% of the state median income, the family moved out of state, or the fam"
us-ca,ccdf-s06,federal_with_state_option,CCDF state plan 2.2.6,PRESENT,us-ca/policy/2026-09-10-ccdf-plan-fy2025-2027,us-ca/policy/acf/ccdf-plan/fy2025-2027/2.2,partial,"plan section '2.2 Eligible Children and Families' | ) for a family of the same size and whose family assets do not exceed $1,000,000; and (3)(a) reside with a parent or parents who are working or attend"
us-ca,ccdf-s07,federal_with_state_option,CCDF state plan 2.2.5,PRESENT,us-ca/policy/2026-09-10-ccdf-plan-fy2025-2027,us-ca/policy/acf/ccdf-plan/fy2025-2027/2.2,yes,"plan section '2.2 Eligible Children and Families' | ritance. xiii. ☐ X Public assistance. xiv. ☐ X Other. Describe: Other countable income sources include commissions, overtime pay, tips, bonuses, gambling or"
us-ca,ccdf-s08,federal_with_state_option,CCDF state plan 2.2.7,PRESENT,us-ca/policy/2026-09-10-ccdf-plan-fy2025-2027,us-ca/policy/acf/ccdf-plan/fy2025-2027/2.2,partial,"plan section '2.2 Eligible Children and Families' | ion or redetermination, children must (1) be younger than age 13; (2) reside with a family whose income does not exceed 85 percent of the State's"
us-ca,ccdf-s09,federal_with_state_option,CCDF state plan 2.2 / 2.3,PRESENT,us-ca/policy/2026-09-10-ccdf-plan-fy2025-2027,us-ca/policy/acf/ccdf-plan/fy2025-2027/2.2,no,"plan section '2.2 Eligible Children and Families' | am (which can include job search) or (b) receive, or need to receive, protective services as defined by the Lead Agency. 2.2.1 Eligibility criteria: age of chi"
us-ca,ccdf-s10,federal_with_state_option,CCDF state plan 2.3.1-2.3.3,PRESENT,us-ca/policy/2026-09-10-ccdf-plan-fy2025-2027,us-ca/policy/acf/ccdf-plan/fy2025-2027/2.3,no,"plan section '2.3 Prioritizing Services for Vulnerable Children and Famili' | Lead Agencies must give priority for child care assistance to children with special needs, families w"
us-ca,ccdf-s11,federal_with_state_option,CCDF state plan 2.5.2,PRESENT,us-ca/policy/2026-09-10-ccdf-plan-fy2025-2027,us-ca/policy/acf/ccdf-plan/fy2025-2027/2.5,no,"plan section '2.5 Promoting Continuity of Care' | are when authorizing child care services and must establish a minimum 12-month period for each child, both at the initial eligibility determination"
us-ca,ccdf-s12,federal_with_state_option,CCDF state plan 2.5.3,PRESENT,us-ca/policy/2026-09-10-ccdf-plan-fy2025-2027,us-ca/policy/acf/ccdf-plan/fy2025-2027/2.5,no,"plan section '2.5 Promoting Continuity of Care' | above. In these cases, only, Lead Agencies may establish a period of 3 months or longer. 6. Any change in age, including a child turning 13 years o"
us-ca,ccdf-s13,federal_with_state_option,CCDF state plan 2.5.4,PRESENT,us-ca/policy/2026-09-10-ccdf-plan-fy2025-2027,us-ca/policy/acf/ccdf-plan/fy2025-2027/2.5,no,"plan section '2.5 Promoting Continuity of Care' | me, the family moved out of state, or the family wants to voluntarily report changes to change their schedule or decrease their family fees. 2.5.2 Minimum"
us-ca,ccdf-s14,federal_with_state_option,CCDF state plan 2.1 / 2.5,PRESENT,us-ca/policy/2026-09-10-ccdf-plan-fy2025-2027,us-ca/policy/acf/ccdf-plan/fy2025-2027/2.1,no,plan section '2.1 Reducing Barriers to Family Enrollment and Redeterminati' | all that apply and describe those elements checked. i. ☐ Establishing presumptive eligibility while eligibility is being determined. Describe the polic
us-ca,ccdf-s15,federal_with_state_option,CCDF state plan 3.1.1-3.1.2 (fee table),PRESENT,us-ca/policy/2026-09-10-ccdf-plan-fy2025-2027,us-ca/policy/acf/ccdf-plan/fy2025-2027/3.1,yes,plan section '3.1 Family Co-payments' | Lead Agencies must establish and periodically revise a sliding-fee scale for families receiving CCDF services that varies based on income and
us-ca,ccdf-s16,federal_with_state_option,CCDF state plan 3.2.1,PRESENT,us-ca/policy/2026-09-10-ccdf-plan-fy2025-2027,us-ca/policy/acf/ccdf-plan/fy2025-2027/3.2,yes,"plan section '3.2 Calculation of Co-Payment' | Lead agencies must calculate a family’s contribution (or co-payment), taking into account income and family size, and Lead"
us-ca,ccdf-s17,federal_with_state_option,CCDF state plan 3.3.1,PRESENT,us-ca/policy/2026-09-10-ccdf-plan-fy2025-2027,us-ca/policy/acf/ccdf-plan/fy2025-2027/3.3,partial,plan section '3.3 Waiving Family Co-payment' | 3.3.1 Waiving family co-payment The Lead Agency may waive family contributions/c
us-ca,ccdf-s18,federal_with_state_option,CCDF state plan 4.1.1,PRESENT,us-ca/policy/2026-09-10-ccdf-plan-fy2025-2027,us-ca/policy/acf/ccdf-plan/fy2025-2027/4.1,partial,plan section '4.1 Access to Full Range of Provider Options' | rs and offer assistance with child care services through a child care certificate (or voucher) or with a child care provider that has a grant or contra
us-ca,ccdf-s19,federal_with_state_option,CCDF state plan 4.2,PRESENT,us-ca/policy/2026-09-10-ccdf-plan-fy2025-2027,us-ca/policy/acf/ccdf-plan/fy2025-2027/4.2,no,plan section '4.2 Assess Market Rates and Analyze the Cost of Child Care' | y valid and reliable data and have the option to conduct either a (1) market rate survey (MRS) reflecting variations in the price to parents of child care ser
us-ca,ccdf-s20,federal_with_state_option,CCDF state plan 4.3.1-4.3.2 (rate tables as of plan date),PRESENT,us-ca/policy/2026-09-10-ccdf-plan-fy2025-2027,us-ca/policy/acf/ccdf-plan/fy2025-2027/4.3,yes,plan section '4.3 Adequate Payment Rates' | The Lead Agency must set CCDF subsidy payment rates in accordance with the results of the current MRS or ACF pre-approved
us-ca,ccdf-s21,federal_with_state_option,CCDF state plan 4.3.3,PRESENT,us-ca/policy/2026-09-10-ccdf-plan-fy2025-2027,us-ca/policy/acf/ccdf-plan/fy2025-2027/4.3,partial,"plan section '4.3 Adequate Payment Rates' | rates below. Base rates are the lowest, foundational rates before any differentials are added (e.g., for higher quality or other purposes) and must be s"
us-ca,ccdf-s22,federal_with_state_option,CCDF state plan 4.4.1-4.4.3,PRESENT,us-ca/policy/2026-09-10-ccdf-plan-fy2025-2027,us-ca/policy/acf/ccdf-plan/fy2025-2027/4.4,no,"plan section '4.4 Payment Practices to Providers' | cost of child care services based on paying by the child’s authorized enrollment, or if impracticable, an alternative approach that will not undermine"
us-ca,ccdf-s23,federal_with_state_option,CCDF state plan section 5,PRESENT,us-ca/policy/2026-09-10-ccdf-plan-fy2025-2027,us-ca/policy/acf/ccdf-plan/fy2025-2027/5.1,no,plan section '5.1 Licensing Requirements' | Each Lead Agency must ensure it has in effect licensing requirements applicable to all child care services provided within
us-ca,ccdf-s24,federal_with_state_option,CCDF state plan 2.2.9,PRESENT,us-ca/policy/2026-09-10-ccdf-plan-fy2025-2027,us-ca/policy/acf/ccdf-plan/fy2025-2027/2.2,no,plan section '2.2 Eligible Children and Families' | ng how to support these vulnerable populations across programs. 2.2.9 Exception to TANF work requirements Lead Agencies must ensure that families with young children participa
us-ca,ccdf-s25,federal_with_state_option,CCDF state plan 10.1-10.2,PRESENT,us-ca/policy/2026-09-10-ccdf-plan-fy2025-2027,us-ca/policy/acf/ccdf-plan/fy2025-2027/10.2,no,"plan section '10.2 Fraud Investigation, Payment Recovery, and Sanctions' | Lead Agencies must have the necessary controls to identify fraud and other program violations to ensure program integrity. Program vio"
us-ca,ccdf-s26,federal_with_state_option,CCDF state plan (Lead Agency publication reached via the ACF index),PRESENT,us-ca/policy/2026-09-10-ccdf-plan-fy2025-2027,us-ca/policy/acf/ccdf-plan/fy2025-2027,no,"plan root + 41 subsections; plan status: Approved (state Word export, not the CARS print template; amendments #1 posted separately, not taken)"
us-ca,ccdf-s27,federal_with_state_option,"ACF-hosted Appendix PDF on the FY 2025-2027 index (51 listed, 0 taken)",EXTRACTABLE,,,no,"ACF-hosted Appendix 1 PDF listed on acf.gov/occ/form/approved-ccdf-plans-fy-2025-2027 for all 50 states + DC (51 listed, 0 taken; run note 'Appendix family not taken')"
us-ca,ccdf-s28,federal_with_state_option,"amended plans posted on Lead Agency pages (inventoried, not taken except where the only posted version)",EXTRACTABLE,,,no,"Amendment #1 posted separately, not taken (Lead Agency page, queue row)"
us-ca,ccdf-s29,federal_with_state_option,state regulation/manual for the subsidy program (CCAP/CCS/ERDC/Wisconsin Shares etc.),REVIEW,,,yes,no selected scope carries the state's child-care subsidy rulebook (heading scan of the selected TANF/combined scope 2026-09-12 found no subsidy chapter) and no queue row inventoried it
us-ca,ccdf-s30,federal_with_state_option,state rate schedules / MRS sheets / transmittals (state-published),REVIEW,,,yes,current rate/copay schedule family not inventoried for this state; the plan carries the values as of its submission only
us-co,ccdf-s01,federal_with_state_option,CCDF state plan 1.1-1.2,PRESENT,us-co/policy/2026-09-10-ccdf-plan-fy2025-2027,us-co/policy/acf/ccdf-plan/fy2025-2027/1.1,no,plan section '1.1 CCDF Leadership' | a joint interagency office to represent the State or Territory as the Lead Agency. The Lead Agency agrees to administer the program in accordance with
us-co,ccdf-s02,federal_with_state_option,CCDF state plan 2.2.1,PRESENT,us-co/policy/2026-09-10-ccdf-plan-fy2025-2027,us-co/policy/acf/ccdf-plan/fy2025-2027/2.2,yes,"plan section '2.2 Eligible Children and Families' | At eligibility determination or redetermination, children must (1) be younger than age 13; (2) reside with a family whose income does not exceed 85 percent of"
us-co,ccdf-s03,federal_with_state_option,CCDF state plan 2.2.2,PRESENT,us-co/policy/2026-09-10-ccdf-plan-fy2025-2027,us-co/policy/acf/ccdf-plan/fy2025-2027/2.2,partial,"plan section '2.2 Eligible Children and Families' | or attending a job training or educational program (which can include job search) or (b) receive, or need to receive, protective services as defined b"
us-co,ccdf-s04,federal_with_state_option,CCDF state plan 2.2.3-2.2.4,PRESENT,us-co/policy/2026-09-10-ccdf-plan-fy2025-2027,us-co/policy/acf/ccdf-plan/fy2025-2027/2.2,yes,plan section '2.2 Eligible Children and Families' | x] No. [ ] Yes. 2.2.3 Eligibility criteria: deciding entity on family income limits How are income eligibility limits established? [ ] There is a statewi
us-co,ccdf-s05,federal_with_state_option,CCDF state plan 2.5.5,PRESENT,us-co/policy/2026-09-10-ccdf-plan-fy2025-2027,us-co/policy/acf/ccdf-plan/fy2025-2027/2.5,yes,plan section '2.5 Promoting Continuity of Care' | gency’s income eligibility threshold but not the federal threshold of 85 percent of SMI; and • Regardless of temporary changes in participation in wor
us-co,ccdf-s06,federal_with_state_option,CCDF state plan 2.2.6,PRESENT,us-co/policy/2026-09-10-ccdf-plan-fy2025-2027,us-co/policy/acf/ccdf-plan/fy2025-2027/2.2,partial,"plan section '2.2 Eligible Children and Families' | ) for a family of the same size and whose family assets do not exceed $1,000,000; and (3)(a) reside with a parent or parents who are working or attend"
us-co,ccdf-s07,federal_with_state_option,CCDF state plan 2.2.5,PRESENT,us-co/policy/2026-09-10-ccdf-plan-fy2025-2027,us-co/policy/acf/ccdf-plan/fy2025-2027/2.2,yes,"plan section '2.2 Eligible Children and Families' | ssistance. x. [x] Other. Describe: Colorado has more than 30 types of countable income. The comprehensive list is located in 8 CCR 1403-1 3.111(I). However,"
us-co,ccdf-s08,federal_with_state_option,CCDF state plan 2.2.7,PRESENT,us-co/policy/2026-09-10-ccdf-plan-fy2025-2027,us-co/policy/acf/ccdf-plan/fy2025-2027/2.2,partial,"plan section '2.2 Eligible Children and Families' | ion or redetermination, children must (1) be younger than age 13; (2) reside with a family whose income does not exceed 85 percent of the State's"
us-co,ccdf-s09,federal_with_state_option,CCDF state plan 2.2 / 2.3,PRESENT,us-co/policy/2026-09-10-ccdf-plan-fy2025-2027,us-co/policy/acf/ccdf-plan/fy2025-2027/2.2,no,"plan section '2.2 Eligible Children and Families' | am (which can include job search) or (b) receive, or need to receive, protective services as defined by the Lead Agency. 2.2.1 Eligibility criteria: age of chi"
us-co,ccdf-s10,federal_with_state_option,CCDF state plan 2.3.1-2.3.3,PRESENT,us-co/policy/2026-09-10-ccdf-plan-fy2025-2027,us-co/policy/acf/ccdf-plan/fy2025-2027/2.3,no,"plan section '2.3 Prioritizing Services for Vulnerable Children and Famili' | Lead Agencies must give priority for child care assistance to children with special needs, families w"
us-co,ccdf-s11,federal_with_state_option,CCDF state plan 2.5.2,PRESENT,us-co/policy/2026-09-10-ccdf-plan-fy2025-2027,us-co/policy/acf/ccdf-plan/fy2025-2027/2.5,no,"plan section '2.5 Promoting Continuity of Care' | are when authorizing child care services and must establish a minimum 12-month period for each child, both at the initial eligibility determination"
us-co,ccdf-s12,federal_with_state_option,CCDF state plan 2.5.3,PRESENT,us-co/policy/2026-09-10-ccdf-plan-fy2025-2027,us-co/policy/acf/ccdf-plan/fy2025-2027/2.5,no,"plan section '2.5 Promoting Continuity of Care' | d above. In these cases only, Lead Agencies may establish a period of 3 months or longer. 6. Any change in age, including a child turning 13 years o"
us-co,ccdf-s13,federal_with_state_option,CCDF state plan 2.5.4,PRESENT,us-co/policy/2026-09-10-ccdf-plan-fy2025-2027,us-co/policy/acf/ccdf-plan/fy2025-2027/2.5,no,"plan section '2.5 Promoting Continuity of Care' | families retaining eligibility. This requirement is: • Regardless of changes in income, Lead Agencies may not terminate CCDF assistance during the minimum 1"
us-co,ccdf-s14,federal_with_state_option,CCDF state plan 2.1 / 2.5,PRESENT,us-co/policy/2026-09-10-ccdf-plan-fy2025-2027,us-co/policy/acf/ccdf-plan/fy2025-2027/2.1,no,plan section '2.1 Reducing Barriers to Family Enrollment and Redeterminati' | l that apply and describe those elements checked. i. [x] Establishing presumptive eligibility while eligibility is being determined. Describe the polic
us-co,ccdf-s15,federal_with_state_option,CCDF state plan 3.1.1-3.1.2 (fee table),PRESENT,us-co/policy/2026-09-10-ccdf-plan-fy2025-2027,us-co/policy/acf/ccdf-plan/fy2025-2027/3.1,yes,plan section '3.1 Family Co-payments' | Lead Agencies must establish and periodically revise a sliding-fee scale for families receiving CCDF services that varies based on income and
us-co,ccdf-s16,federal_with_state_option,CCDF state plan 3.2.1,PRESENT,us-co/policy/2026-09-10-ccdf-plan-fy2025-2027,us-co/policy/acf/ccdf-plan/fy2025-2027/3.2,yes,"plan section '3.2 Calculation of Co-Payment' | Lead agencies must calculate a family’s contribution (or co-payment), taking into account income and family size, and Lead"
us-co,ccdf-s17,federal_with_state_option,CCDF state plan 3.3.1,PRESENT,us-co/policy/2026-09-10-ccdf-plan-fy2025-2027,us-co/policy/acf/ccdf-plan/fy2025-2027/3.3,partial,plan section '3.3 Waiving Family Co-payment' | 3.3.1 Waiving family co-payment The Lead Agency may waive family contributions/c
us-co,ccdf-s18,federal_with_state_option,CCDF state plan 4.1.1,PRESENT,us-co/policy/2026-09-10-ccdf-plan-fy2025-2027,us-co/policy/acf/ccdf-plan/fy2025-2027/4.1,partial,plan section '4.1 Access to Full Range of Provider Options' | rs and offer assistance with child care services through a child care certificate (or voucher) or with a child care provider that has a grant or contra
us-co,ccdf-s19,federal_with_state_option,CCDF state plan 4.2,PRESENT,us-co/policy/2026-09-10-ccdf-plan-fy2025-2027,us-co/policy/acf/ccdf-plan/fy2025-2027/4.2,no,plan section '4.2 Assess Market Rates and Analyze the Cost of Child Care' | y valid and reliable data and have the option to conduct either a (1) market rate survey (MRS) reflecting variations in the price to parents of child care ser
us-co,ccdf-s20,federal_with_state_option,CCDF state plan 4.3.1-4.3.2 (rate tables as of plan date),PRESENT,us-co/policy/2026-09-10-ccdf-plan-fy2025-2027,us-co/policy/acf/ccdf-plan/fy2025-2027/4.3,yes,plan section '4.3 Adequate Payment Rates' | The Lead Agency must set CCDF subsidy payment rates in accordance with the results of the current MRS or ACF pre-approved
us-co,ccdf-s21,federal_with_state_option,CCDF state plan 4.3.3,PRESENT,us-co/policy/2026-09-10-ccdf-plan-fy2025-2027,us-co/policy/acf/ccdf-plan/fy2025-2027/4.3,partial,"plan section '4.3 Adequate Payment Rates' | rates below. Base rates are the lowest, foundational rates before any differentials are added (e.g., for higher quality or other purposes) and must be s"
us-co,ccdf-s22,federal_with_state_option,CCDF state plan 4.4.1-4.4.3,PRESENT,us-co/policy/2026-09-10-ccdf-plan-fy2025-2027,us-co/policy/acf/ccdf-plan/fy2025-2027/4.4,no,"plan section '4.4 Payment Practices to Providers' | cost of child care services based on paying by the child’s authorized enrollment, or if impracticable, an alternative approach that will not undermine"
us-co,ccdf-s23,federal_with_state_option,CCDF state plan section 5,PRESENT,us-co/policy/2026-09-10-ccdf-plan-fy2025-2027,us-co/policy/acf/ccdf-plan/fy2025-2027/5.1,no,plan section '5.1 Licensing Requirements' | Each Lead Agency must ensure it has in effect licensing requirements applicable to all child care services provided within
us-co,ccdf-s24,federal_with_state_option,CCDF state plan 2.2.9,PRESENT,us-co/policy/2026-09-10-ccdf-plan-fy2025-2027,us-co/policy/acf/ccdf-plan/fy2025-2027/2.2,no,plan section '2.2 Eligible Children and Families' | idence. [ ] [ ] Other. Describe how you verify: Not applicable. 2.2.9 Exception to TANF work requirements Lead Agencies must ensure that families with young children participa
us-co,ccdf-s25,federal_with_state_option,CCDF state plan 10.1-10.2,PRESENT,us-co/policy/2026-09-10-ccdf-plan-fy2025-2027,us-co/policy/acf/ccdf-plan/fy2025-2027/10.2,no,"plan section '10.2 Fraud Investigation, Payment Recovery, and Sanctions' | Lead Agencies must have the necessary controls to identify fraud and other program violations to ensure program integrity. Program vio"
us-co,ccdf-s26,federal_with_state_option,CCDF state plan (Lead Agency publication reached via the ACF index),PRESENT,us-co/policy/2026-09-10-ccdf-plan-fy2025-2027,us-co/policy/acf/ccdf-plan/fy2025-2027,no,"plan root + 41 subsections; plan status: Approved as of 2024-11-09 (located on retry 2 2026-09-10T21:35Z from a US network after HTTP 403 CloudFront on the first two passes; the CDEC State Plans page labels it '2024-27 Child Care and Development Fund State Plan' and links it on Google Drive, fetched through the extractor's existing Google Drive download path)"
us-co,ccdf-s27,federal_with_state_option,"ACF-hosted Appendix PDF on the FY 2025-2027 index (51 listed, 0 taken)",EXTRACTABLE,,,no,"ACF-hosted Appendix 1 PDF listed on acf.gov/occ/form/approved-ccdf-plans-fy-2025-2027 for all 50 states + DC (51 listed, 0 taken; run note 'Appendix family not taken')"
us-co,ccdf-s28,federal_with_state_option,"amended plans posted on Lead Agency pages (inventoried, not taken except where the only posted version)",REVIEW,,,no,queue row records no amendment on the Lead Agency page; whether an amendment has since been approved is unverified
us-co,ccdf-s29,federal_with_state_option,state regulation/manual for the subsidy program (CCAP/CCS/ERDC/Wisconsin Shares etc.),PRESENT,us-co/regulation/2026-07-13-recovery-r2026-09-11-tanf-consolidated,us-co/regulation/8-ccr-1403-1/3.111/page-1,yes,heading='Page 1' | 6 body matches | 1 DEPARTMENT OF EARLY CHILDHOOD Colorado Child Care Assistance Program COLORADO CHILD CARE ASSISTANCE PROGRAM RULES AND REGULATIONS
us-co,ccdf-s30,federal_with_state_option,state rate schedules / MRS sheets / transmittals (state-published),EXTRACTABLE,,,yes,"2024 Market Rate Survey and Narrow Cost Analysis listed, not taken (run-note inventory)"
us-ct,ccdf-s01,federal_with_state_option,CCDF state plan 1.1-1.2,PRESENT,us-ct/policy/2026-09-10-ccdf-plan-fy2025-2027,us-ct/policy/acf/ccdf-plan/fy2025-2027/1.1,no,plan section '1.1 CCDF Leadership' | a joint interagency office to represent the State or Territory as the Lead Agency. The Lead Agency agrees to administer the program in accordance with
us-ct,ccdf-s02,federal_with_state_option,CCDF state plan 2.2.1,PRESENT,us-ct/policy/2026-09-10-ccdf-plan-fy2025-2027,us-ct/policy/acf/ccdf-plan/fy2025-2027/2.2,yes,"plan section '2.2 Eligible Children and Families' | At eligibility determination or redetermination, children must (1) be younger than age 13; (2) reside with a family whose income does not exceed 85 percent of"
us-ct,ccdf-s03,federal_with_state_option,CCDF state plan 2.2.2,PRESENT,us-ct/policy/2026-09-10-ccdf-plan-fy2025-2027,us-ct/policy/acf/ccdf-plan/fy2025-2027/2.2,partial,"plan section '2.2 Eligible Children and Families' | or attending a job training or educational program (which can include job search) or (b) receive, or need to receive, protective services as defined b"
us-ct,ccdf-s04,federal_with_state_option,CCDF state plan 2.2.3-2.2.4,PRESENT,us-ct/policy/2026-09-10-ccdf-plan-fy2025-2027,us-ct/policy/acf/ccdf-plan/fy2025-2027/2.2,yes,plan section '2.2 Eligible Children and Families' | x] No. [ ] Yes. 2.2.3 Eligibility criteria: deciding entity on family income limits How are income eligibility limits established? [x] There is a statewi
us-ct,ccdf-s05,federal_with_state_option,CCDF state plan 2.5.5,PRESENT,us-ct/policy/2026-09-10-ccdf-plan-fy2025-2027,us-ct/policy/acf/ccdf-plan/fy2025-2027/2.5,yes,plan section '2.5 Promoting Continuity of Care' | gency’s income eligibility threshold but not the federal threshold of 85 percent of SMI; and • Regardless of temporary changes in participation in wor
us-ct,ccdf-s06,federal_with_state_option,CCDF state plan 2.2.6,PRESENT,us-ct/policy/2026-09-10-ccdf-plan-fy2025-2027,us-ct/policy/acf/ccdf-plan/fy2025-2027/2.2,partial,"plan section '2.2 Eligible Children and Families' | ) for a family of the same size and whose family assets do not exceed $1,000,000; and (3)(a) reside with a parent or parents who are working or attend"
us-ct,ccdf-s07,federal_with_state_option,CCDF state plan 2.2.5,PRESENT,us-ct/policy/2026-09-10-ccdf-plan-fy2025-2027,us-ct/policy/acf/ccdf-plan/fy2025-2027/2.2,yes,plan section '2.2 Eligible Children and Families' | .com/care-4-kids-program/income-guidelines/ 2.2.5 Income eligibility: irregular fluctuations in earnings Lead Agencies must take into account irregular fluctuati
us-ct,ccdf-s08,federal_with_state_option,CCDF state plan 2.2.7,PRESENT,us-ct/policy/2026-09-10-ccdf-plan-fy2025-2027,us-ct/policy/acf/ccdf-plan/fy2025-2027/2.2,partial,"plan section '2.2 Eligible Children and Families' | ion or redetermination, children must (1) be younger than age 13; (2) reside with a family whose income does not exceed 85 percent of the State's"
us-ct,ccdf-s09,federal_with_state_option,CCDF state plan 2.2 / 2.3,PRESENT,us-ct/policy/2026-09-10-ccdf-plan-fy2025-2027,us-ct/policy/acf/ccdf-plan/fy2025-2027/2.2,no,"plan section '2.2 Eligible Children and Families' | am (which can include job search) or (b) receive, or need to receive, protective services as defined by the Lead Agency. 2.2.1 Eligibility criteria: age of chi"
us-ct,ccdf-s10,federal_with_state_option,CCDF state plan 2.3.1-2.3.3,PRESENT,us-ct/policy/2026-09-10-ccdf-plan-fy2025-2027,us-ct/policy/acf/ccdf-plan/fy2025-2027/2.3,no,"plan section '2.3 Prioritizing Services for Vulnerable Children and Famili' | Lead Agencies must give priority for child care assistance to children with special needs, families w"
us-ct,ccdf-s11,federal_with_state_option,CCDF state plan 2.5.2,PRESENT,us-ct/policy/2026-09-10-ccdf-plan-fy2025-2027,us-ct/policy/acf/ccdf-plan/fy2025-2027/2.5,no,"plan section '2.5 Promoting Continuity of Care' | are when authorizing child care services and must establish a minimum 12-month period for each child, both at the initial eligibility determination"
us-ct,ccdf-s12,federal_with_state_option,CCDF state plan 2.5.3,PRESENT,us-ct/policy/2026-09-10-ccdf-plan-fy2025-2027,us-ct/policy/acf/ccdf-plan/fy2025-2027/2.5,no,"plan section '2.5 Promoting Continuity of Care' | d above. In these cases only, Lead Agencies may establish a period of 3 months or longer. 6. Any change in age, including a child turning 13 years o"
us-ct,ccdf-s13,federal_with_state_option,CCDF state plan 2.5.4,PRESENT,us-ct/policy/2026-09-10-ccdf-plan-fy2025-2027,us-ct/policy/acf/ccdf-plan/fy2025-2027/2.5,no,"plan section '2.5 Promoting Continuity of Care' | families retaining eligibility. This requirement is: • Regardless of changes in income, Lead Agencies may not terminate CCDF assistance during the minimum 1"
us-ct,ccdf-s14,federal_with_state_option,CCDF state plan 2.1 / 2.5,PRESENT,us-ct/policy/2026-09-10-ccdf-plan-fy2025-2027,us-ct/policy/acf/ccdf-plan/fy2025-2027/2.1,no,plan section '2.1 Reducing Barriers to Family Enrollment and Redeterminati' | l that apply and describe those elements checked. i. [ ] Establishing presumptive eligibility while eligibility is being determined. Describe the polic
us-ct,ccdf-s15,federal_with_state_option,CCDF state plan 3.1.1-3.1.2 (fee table),PRESENT,us-ct/policy/2026-09-10-ccdf-plan-fy2025-2027,us-ct/policy/acf/ccdf-plan/fy2025-2027/3.1,yes,plan section '3.1 Family Co-payments' | Lead Agencies must establish and periodically revise a sliding-fee scale for families receiving CCDF services that varies based on income and
us-ct,ccdf-s16,federal_with_state_option,CCDF state plan 3.2.1,PRESENT,us-ct/policy/2026-09-10-ccdf-plan-fy2025-2027,us-ct/policy/acf/ccdf-plan/fy2025-2027/3.2,yes,"plan section '3.2 Calculation of Co-Payment' | Lead agencies must calculate a family’s contribution (or co-payment), taking into account income and family size, and Lead"
us-ct,ccdf-s17,federal_with_state_option,CCDF state plan 3.3.1,PRESENT,us-ct/policy/2026-09-10-ccdf-plan-fy2025-2027,us-ct/policy/acf/ccdf-plan/fy2025-2027/3.3,partial,plan section '3.3 Waiving Family Co-payment' | 3.3.1 Waiving family co-payment The Lead Agency may waive family contributions/c
us-ct,ccdf-s18,federal_with_state_option,CCDF state plan 4.1.1,PRESENT,us-ct/policy/2026-09-10-ccdf-plan-fy2025-2027,us-ct/policy/acf/ccdf-plan/fy2025-2027/4.1,partial,plan section '4.1 Access to Full Range of Provider Options' | rs and offer assistance with child care services through a child care certificate (or voucher) or with a child care provider that has a grant or contra
us-ct,ccdf-s19,federal_with_state_option,CCDF state plan 4.2,PRESENT,us-ct/policy/2026-09-10-ccdf-plan-fy2025-2027,us-ct/policy/acf/ccdf-plan/fy2025-2027/4.2,no,plan section '4.2 Assess Market Rates and Analyze the Cost of Child Care' | y valid and reliable data and have the option to conduct either a (1) market rate survey (MRS) reflecting variations in the price to parents of child care ser
us-ct,ccdf-s20,federal_with_state_option,CCDF state plan 4.3.1-4.3.2 (rate tables as of plan date),PRESENT,us-ct/policy/2026-09-10-ccdf-plan-fy2025-2027,us-ct/policy/acf/ccdf-plan/fy2025-2027/4.3,yes,plan section '4.3 Adequate Payment Rates' | The Lead Agency must set CCDF subsidy payment rates in accordance with the results of the current MRS or ACF pre-approved
us-ct,ccdf-s21,federal_with_state_option,CCDF state plan 4.3.3,PRESENT,us-ct/policy/2026-09-10-ccdf-plan-fy2025-2027,us-ct/policy/acf/ccdf-plan/fy2025-2027/4.3,partial,"plan section '4.3 Adequate Payment Rates' | rates below. Base rates are the lowest, foundational rates before any differentials are added (e.g., for higher quality or other purposes) and must be s"
us-ct,ccdf-s22,federal_with_state_option,CCDF state plan 4.4.1-4.4.3,PRESENT,us-ct/policy/2026-09-10-ccdf-plan-fy2025-2027,us-ct/policy/acf/ccdf-plan/fy2025-2027/4.4,no,"plan section '4.4 Payment Practices to Providers' | cost of child care services based on paying by the child’s authorized enrollment, or if impracticable, an alternative approach that will not undermine"
us-ct,ccdf-s23,federal_with_state_option,CCDF state plan section 5,PRESENT,us-ct/policy/2026-09-10-ccdf-plan-fy2025-2027,us-ct/policy/acf/ccdf-plan/fy2025-2027/5.1,no,plan section '5.1 Licensing Requirements' | Each Lead Agency must ensure it has in effect licensing requirements applicable to all child care services provided within
us-ct,ccdf-s24,federal_with_state_option,CCDF state plan 2.2.9,PRESENT,us-ct/policy/2026-09-10-ccdf-plan-fy2025-2027,us-ct/policy/acf/ccdf-plan/fy2025-2027/2.2,no,plan section '2.2 Eligible Children and Families' | d upon application. [ ] [ ] Other. Describe how you verify: N/A 2.2.9 Exception to TANF work requirements Lead Agencies must ensure that families with young children participa
us-ct,ccdf-s25,federal_with_state_option,CCDF state plan 10.1-10.2,PRESENT,us-ct/policy/2026-09-10-ccdf-plan-fy2025-2027,us-ct/policy/acf/ccdf-plan/fy2025-2027/10.2,no,"plan section '10.2 Fraud Investigation, Payment Recovery, and Sanctions' | Lead Agencies must have the necessary controls to identify fraud and other program violations to ensure program integrity. Program vio"
us-ct,ccdf-s26,federal_with_state_option,CCDF state plan (Lead Agency publication reached via the ACF index),PRESENT,us-ct/policy/2026-09-10-ccdf-plan-fy2025-2027,us-ct/policy/acf/ccdf-plan/fy2025-2027,no,"plan root + 41 subsections; plan status: Approved as of 2024-11-09 ('Final CCDF Plan 2025-2027', a PDFium re-save of the CARS print, 219 pages; located on retry 2 2026-09-10T21:35Z from a US network: plain requests now answer 200 while curl_cffi chrome impersonation still gets HTTP 403 cloudflare, so no impersonation is configured; the draft, implementation summaries and public comment report are posted separately, not taken)"
us-ct,ccdf-s27,federal_with_state_option,"ACF-hosted Appendix PDF on the FY 2025-2027 index (51 listed, 0 taken)",EXTRACTABLE,,,no,"ACF-hosted Appendix 1 PDF listed on acf.gov/occ/form/approved-ccdf-plans-fy-2025-2027 for all 50 states + DC (51 listed, 0 taken; run note 'Appendix family not taken')"
us-ct,ccdf-s28,federal_with_state_option,"amended plans posted on Lead Agency pages (inventoried, not taken except where the only posted version)",REVIEW,,,no,queue row records no amendment on the Lead Agency page; whether an amendment has since been approved is unverified
us-ct,ccdf-s29,federal_with_state_option,state regulation/manual for the subsidy program (CCAP/CCS/ERDC/Wisconsin Shares etc.),REVIEW,,,yes,no selected scope carries the state's child-care subsidy rulebook (heading scan of the selected TANF/combined scope 2026-09-12 found no subsidy chapter) and no queue row inventoried it
us-ct,ccdf-s30,federal_with_state_option,state rate schedules / MRS sheets / transmittals (state-published),EXTRACTABLE,,,yes,"2024 MRS and narrow cost analysis listed, not taken (run-note inventory)"
us-dc,ccdf-s01,federal_with_state_option,CCDF state plan 1.1-1.2,PRESENT,us-dc/policy/2026-09-10-ccdf-plan-fy2025-2027,us-dc/policy/acf/ccdf-plan/fy2025-2027/1.1,no,plan section '1.1 CCDF Leadership' | a joint interagency office to represent the State or Territory as the Lead Agency. The Lead Agency agrees to administer the program in accordance with
us-dc,ccdf-s02,federal_with_state_option,CCDF state plan 2.2.1,PRESENT,us-dc/policy/2026-09-10-ccdf-plan-fy2025-2027,us-dc/policy/acf/ccdf-plan/fy2025-2027/2.2,yes,"plan section '2.2 Eligible Children and Families' | At eligibility determination or redetermination, children must (1) be younger than age 13; (2) reside with a family whose income does not exceed 85 percent of"
us-dc,ccdf-s03,federal_with_state_option,CCDF state plan 2.2.2,PRESENT,us-dc/policy/2026-09-10-ccdf-plan-fy2025-2027,us-dc/policy/acf/ccdf-plan/fy2025-2027/2.2,partial,"plan section '2.2 Eligible Children and Families' | or attending a job training or educational program (which can include job search) or (b) receive, or need to receive, protective services as defined b"
us-dc,ccdf-s04,federal_with_state_option,CCDF state plan 2.2.3-2.2.4,PRESENT,us-dc/policy/2026-09-10-ccdf-plan-fy2025-2027,us-dc/policy/acf/ccdf-plan/fy2025-2027/2.2,yes,plan section '2.2 Eligible Children and Families' | x] No. [ ] Yes. 2.2.3 Eligibility criteria: deciding entity on family income limits How are income eligibility limits established? [x] There is a statewi
us-dc,ccdf-s05,federal_with_state_option,CCDF state plan 2.5.5,PRESENT,us-dc/policy/2026-09-10-ccdf-plan-fy2025-2027,us-dc/policy/acf/ccdf-plan/fy2025-2027/2.5,yes,plan section '2.5 Promoting Continuity of Care' | gency’s income eligibility threshold but not the federal threshold of 85 percent of SMI; and • Regardless of temporary changes in participation in wor
us-dc,ccdf-s06,federal_with_state_option,CCDF state plan 2.2.6,PRESENT,us-dc/policy/2026-09-10-ccdf-plan-fy2025-2027,us-dc/policy/acf/ccdf-plan/fy2025-2027/2.2,partial,"plan section '2.2 Eligible Children and Families' | ) for a family of the same size and whose family assets do not exceed $1,000,000; and (3)(a) reside with a parent or parents who are working or attend"
us-dc,ccdf-s07,federal_with_state_option,CCDF state plan 2.2.5,PRESENT,us-dc/policy/2026-09-10-ccdf-plan-fy2025-2027,us-dc/policy/acf/ccdf-plan/fy2025-2027/2.2,yes,plan section '2.2 Eligible Children and Families' | ibility limits. https://osse.dc.gov/subsidy 2.2.5 Income eligibility: irregular fluctuations in earnings Lead Agencies must take into account irregular fluctuati
us-dc,ccdf-s08,federal_with_state_option,CCDF state plan 2.2.7,PRESENT,us-dc/policy/2026-09-10-ccdf-plan-fy2025-2027,us-dc/policy/acf/ccdf-plan/fy2025-2027/2.2,partial,"plan section '2.2 Eligible Children and Families' | ion or redetermination, children must (1) be younger than age 13; (2) reside with a family whose income does not exceed 85 percent of the State's"
us-dc,ccdf-s09,federal_with_state_option,CCDF state plan 2.2 / 2.3,PRESENT,us-dc/policy/2026-09-10-ccdf-plan-fy2025-2027,us-dc/policy/acf/ccdf-plan/fy2025-2027/2.2,no,"plan section '2.2 Eligible Children and Families' | am (which can include job search) or (b) receive, or need to receive, protective services as defined by the Lead Agency. 2.2.1 Eligibility criteria: age of chi"
us-dc,ccdf-s10,federal_with_state_option,CCDF state plan 2.3.1-2.3.3,PRESENT,us-dc/policy/2026-09-10-ccdf-plan-fy2025-2027,us-dc/policy/acf/ccdf-plan/fy2025-2027/2.3,no,"plan section '2.3 Prioritizing Services for Vulnerable Children and Famili' | Lead Agencies must give priority for child care assistance to children with special needs, families w"
us-dc,ccdf-s11,federal_with_state_option,CCDF state plan 2.5.2,PRESENT,us-dc/policy/2026-09-10-ccdf-plan-fy2025-2027,us-dc/policy/acf/ccdf-plan/fy2025-2027/2.5,no,"plan section '2.5 Promoting Continuity of Care' | are when authorizing child care services and must establish a minimum 12-month period for each child, both at the initial eligibility determination"
us-dc,ccdf-s12,federal_with_state_option,CCDF state plan 2.5.3,PRESENT,us-dc/policy/2026-09-10-ccdf-plan-fy2025-2027,us-dc/policy/acf/ccdf-plan/fy2025-2027/2.5,no,"plan section '2.5 Promoting Continuity of Care' | d above. In these cases only, Lead Agencies may establish a period of 3 months or longer. 6. Any change in age, including a child turning 13 years o"
us-dc,ccdf-s13,federal_with_state_option,CCDF state plan 2.5.4,PRESENT,us-dc/policy/2026-09-10-ccdf-plan-fy2025-2027,us-dc/policy/acf/ccdf-plan/fy2025-2027/2.5,no,"plan section '2.5 Promoting Continuity of Care' | families retaining eligibility. This requirement is: • Regardless of changes in income, Lead Agencies may not terminate CCDF assistance during the minimum 1"
us-dc,ccdf-s14,federal_with_state_option,CCDF state plan 2.1 / 2.5,PRESENT,us-dc/policy/2026-09-10-ccdf-plan-fy2025-2027,us-dc/policy/acf/ccdf-plan/fy2025-2027/2.1,no,plan section '2.1 Reducing Barriers to Family Enrollment and Redeterminati' | l that apply and describe those elements checked. i. [ ] Establishing presumptive eligibility while eligibility is being determined. Describe the polic
us-dc,ccdf-s15,federal_with_state_option,CCDF state plan 3.1.1-3.1.2 (fee table),PRESENT,us-dc/policy/2026-09-10-ccdf-plan-fy2025-2027,us-dc/policy/acf/ccdf-plan/fy2025-2027/3.1,yes,plan section '3.1 Family Co-payments' | Lead Agencies must establish and periodically revise a sliding-fee scale for families receiving CCDF services that varies based on income and
us-dc,ccdf-s16,federal_with_state_option,CCDF state plan 3.2.1,PRESENT,us-dc/policy/2026-09-10-ccdf-plan-fy2025-2027,us-dc/policy/acf/ccdf-plan/fy2025-2027/3.2,yes,"plan section '3.2 Calculation of Co-Payment' | Lead agencies must calculate a family’s contribution (or co-payment), taking into account income and family size, and Lead"
us-dc,ccdf-s17,federal_with_state_option,CCDF state plan 3.3.1,PRESENT,us-dc/policy/2026-09-10-ccdf-plan-fy2025-2027,us-dc/policy/acf/ccdf-plan/fy2025-2027/3.3,partial,plan section '3.3 Waiving Family Co-payment' | 3.3.1 Waiving family co-payment The Lead Agency may waive family contributions/c
us-dc,ccdf-s18,federal_with_state_option,CCDF state plan 4.1.1,PRESENT,us-dc/policy/2026-09-10-ccdf-plan-fy2025-2027,us-dc/policy/acf/ccdf-plan/fy2025-2027/4.1,partial,plan section '4.1 Access to Full Range of Provider Options' | rs and offer assistance with child care services through a child care certificate (or voucher) or with a child care provider that has a grant or contra
us-dc,ccdf-s19,federal_with_state_option,CCDF state plan 4.2,PRESENT,us-dc/policy/2026-09-10-ccdf-plan-fy2025-2027,us-dc/policy/acf/ccdf-plan/fy2025-2027/4.2,no,plan section '4.2 Assess Market Rates and Analyze the Cost of Child Care' | y valid and reliable data and have the option to conduct either a (1) market rate survey (MRS) reflecting variations in the price to parents of child care ser
us-dc,ccdf-s20,federal_with_state_option,CCDF state plan 4.3.1-4.3.2 (rate tables as of plan date),PRESENT,us-dc/policy/2026-09-10-ccdf-plan-fy2025-2027,us-dc/policy/acf/ccdf-plan/fy2025-2027/4.3,yes,plan section '4.3 Adequate Payment Rates' | The Lead Agency must set CCDF subsidy payment rates in accordance with the results of the current MRS or ACF pre-approved
us-dc,ccdf-s21,federal_with_state_option,CCDF state plan 4.3.3,PRESENT,us-dc/policy/2026-09-10-ccdf-plan-fy2025-2027,us-dc/policy/acf/ccdf-plan/fy2025-2027/4.3,partial,"plan section '4.3 Adequate Payment Rates' | rates below. Base rates are the lowest, foundational rates before any differentials are added (e.g., for higher quality or other purposes) and must be s"
us-dc,ccdf-s22,federal_with_state_option,CCDF state plan 4.4.1-4.4.3,PRESENT,us-dc/policy/2026-09-10-ccdf-plan-fy2025-2027,us-dc/policy/acf/ccdf-plan/fy2025-2027/4.4,no,"plan section '4.4 Payment Practices to Providers' | cost of child care services based on paying by the child’s authorized enrollment, or if impracticable, an alternative approach that will not undermine"
us-dc,ccdf-s23,federal_with_state_option,CCDF state plan section 5,PRESENT,us-dc/policy/2026-09-10-ccdf-plan-fy2025-2027,us-dc/policy/acf/ccdf-plan/fy2025-2027/5.1,no,plan section '5.1 Licensing Requirements' | Each Lead Agency must ensure it has in effect licensing requirements applicable to all child care services provided within
us-dc,ccdf-s24,federal_with_state_option,CCDF state plan 2.2.9,PRESENT,us-dc/policy/2026-09-10-ccdf-plan-fy2025-2027,us-dc/policy/acf/ccdf-plan/fy2025-2027/2.2,no,"plan section '2.2 Eligible Children and Families' | nguage other than English; • The child’s passport; or • For an infant under 6 months old, a hospital record of birth signed by a licensed physician"
us-dc,ccdf-s25,federal_with_state_option,CCDF state plan 10.1-10.2,PRESENT,us-dc/policy/2026-09-10-ccdf-plan-fy2025-2027,us-dc/policy/acf/ccdf-plan/fy2025-2027/10.2,no,"plan section '10.2 Fraud Investigation, Payment Recovery, and Sanctions' | Lead Agencies must have the necessary controls to identify fraud and other program violations to ensure program integrity. Program vio"
us-dc,ccdf-s26,federal_with_state_option,CCDF state plan (Lead Agency publication reached via the ACF index),PRESENT,us-dc/policy/2026-09-10-ccdf-plan-fy2025-2027,us-dc/policy/acf/ccdf-plan/fy2025-2027,no,"plan root + 41 subsections; plan status: Approved as of 2024-11-09 (amendment 1 and 2 approval letters posted separately, not taken)"
us-dc,ccdf-s27,federal_with_state_option,"ACF-hosted Appendix PDF on the FY 2025-2027 index (51 listed, 0 taken)",EXTRACTABLE,,,no,"ACF-hosted Appendix 1 PDF listed on acf.gov/occ/form/approved-ccdf-plans-fy-2025-2027 for all 50 states + DC (51 listed, 0 taken; run note 'Appendix family not taken')"
us-dc,ccdf-s28,federal_with_state_option,"amended plans posted on Lead Agency pages (inventoried, not taken except where the only posted version)",EXTRACTABLE,,,no,"amendment 1 and 2 approval letters posted separately (Lead Agency page, queue row)"
us-dc,ccdf-s29,federal_with_state_option,state regulation/manual for the subsidy program (CCAP/CCS/ERDC/Wisconsin Shares etc.),REVIEW,,,yes,no selected scope carries the state's child-care subsidy rulebook (heading scan of the selected TANF/combined scope 2026-09-12 found no subsidy chapter) and no queue row inventoried it
us-dc,ccdf-s30,federal_with_state_option,state rate schedules / MRS sheets / transmittals (state-published),REVIEW,,,yes,current rate/copay schedule family not inventoried for this state; the plan carries the values as of its submission only
us-de,ccdf-s01,federal_with_state_option,CCDF state plan 1.1-1.2,PRESENT,us-de/policy/2026-09-10-ccdf-plan-fy2025-2027,us-de/policy/acf/ccdf-plan/fy2025-2027/1.1,no,plan section '1.1 CCDF Leadership' | a joint interagency office to represent the State or Territory as the Lead Agency. The Lead Agency agrees to administer the program in accordance with
us-de,ccdf-s02,federal_with_state_option,CCDF state plan 2.2.1,PRESENT,us-de/policy/2026-09-10-ccdf-plan-fy2025-2027,us-de/policy/acf/ccdf-plan/fy2025-2027/2.2,yes,"plan section '2.2 Eligible Children and Families' | At eligibility determination or redetermination, children must (1) be younger than age 13; (2) reside with a family whose income does not exceed 85 percent of"
us-de,ccdf-s03,federal_with_state_option,CCDF state plan 2.2.2,PRESENT,us-de/policy/2026-09-10-ccdf-plan-fy2025-2027,us-de/policy/acf/ccdf-plan/fy2025-2027/2.2,partial,"plan section '2.2 Eligible Children and Families' | or attending a job training or educational program (which can include job search) or (b) receive, or need to receive, protective services as defined b"
us-de,ccdf-s04,federal_with_state_option,CCDF state plan 2.2.3-2.2.4,PRESENT,us-de/policy/2026-09-10-ccdf-plan-fy2025-2027,us-de/policy/acf/ccdf-plan/fy2025-2027/2.2,yes,plan section '2.2 Eligible Children and Families' | x] No. [ ] Yes. 2.2.3 Eligibility criteria: deciding entity on family income limits How are income eligibility limits established? [x] There is a statewi
us-de,ccdf-s05,federal_with_state_option,CCDF state plan 2.5.5,PRESENT,us-de/policy/2026-09-10-ccdf-plan-fy2025-2027,us-de/policy/acf/ccdf-plan/fy2025-2027/2.5,yes,plan section '2.5 Promoting Continuity of Care' | gency’s income eligibility threshold but not the federal threshold of 85 percent of SMI; and • Regardless of temporary changes in participation in wor
us-de,ccdf-s06,federal_with_state_option,CCDF state plan 2.2.6,PRESENT,us-de/policy/2026-09-10-ccdf-plan-fy2025-2027,us-de/policy/acf/ccdf-plan/fy2025-2027/2.2,partial,"plan section '2.2 Eligible Children and Families' | ) for a family of the same size and whose family assets do not exceed $1,000,000; and (3)(a) reside with a parent or parents who are working or attend"
us-de,ccdf-s07,federal_with_state_option,CCDF state plan 2.2.5,PRESENT,us-de/policy/2026-09-10-ccdf-plan-fy2025-2027,us-de/policy/acf/ccdf-plan/fy2025-2027/2.2,yes,plan section '2.2 Eligible Children and Families' | uidelines-and-state-median-income-estimates 2.2.5 Income eligibility: irregular fluctuations in earnings Lead Agencies must take into account irregular fluctuati
us-de,ccdf-s08,federal_with_state_option,CCDF state plan 2.2.7,PRESENT,us-de/policy/2026-09-10-ccdf-plan-fy2025-2027,us-de/policy/acf/ccdf-plan/fy2025-2027/2.2,partial,"plan section '2.2 Eligible Children and Families' | ion or redetermination, children must (1) be younger than age 13; (2) reside with a family whose income does not exceed 85 percent of the State's"
us-de,ccdf-s09,federal_with_state_option,CCDF state plan 2.2 / 2.3,PRESENT,us-de/policy/2026-09-10-ccdf-plan-fy2025-2027,us-de/policy/acf/ccdf-plan/fy2025-2027/2.2,no,"plan section '2.2 Eligible Children and Families' | am (which can include job search) or (b) receive, or need to receive, protective services as defined by the Lead Agency. 2.2.1 Eligibility criteria: age of chi"
us-de,ccdf-s10,federal_with_state_option,CCDF state plan 2.3.1-2.3.3,PRESENT,us-de/policy/2026-09-10-ccdf-plan-fy2025-2027,us-de/policy/acf/ccdf-plan/fy2025-2027/2.3,no,"plan section '2.3 Prioritizing Services for Vulnerable Children and Famili' | Lead Agencies must give priority for child care assistance to children with special needs, families w"
us-de,ccdf-s11,federal_with_state_option,CCDF state plan 2.5.2,PRESENT,us-de/policy/2026-09-10-ccdf-plan-fy2025-2027,us-de/policy/acf/ccdf-plan/fy2025-2027/2.5,no,"plan section '2.5 Promoting Continuity of Care' | are when authorizing child care services and must establish a minimum 12-month period for each child, both at the initial eligibility determination"
us-de,ccdf-s12,federal_with_state_option,CCDF state plan 2.5.3,PRESENT,us-de/policy/2026-09-10-ccdf-plan-fy2025-2027,us-de/policy/acf/ccdf-plan/fy2025-2027/2.5,no,"plan section '2.5 Promoting Continuity of Care' | d above. In these cases only, Lead Agencies may establish a period of 3 months or longer. 6. Any change in age, including a child turning 13 years o"
us-de,ccdf-s13,federal_with_state_option,CCDF state plan 2.5.4,PRESENT,us-de/policy/2026-09-10-ccdf-plan-fy2025-2027,us-de/policy/acf/ccdf-plan/fy2025-2027/2.5,no,"plan section '2.5 Promoting Continuity of Care' | families retaining eligibility. This requirement is: • Regardless of changes in income, Lead Agencies may not terminate CCDF assistance during the minimum 1"
us-de,ccdf-s14,federal_with_state_option,CCDF state plan 2.1 / 2.5,PRESENT,us-de/policy/2026-09-10-ccdf-plan-fy2025-2027,us-de/policy/acf/ccdf-plan/fy2025-2027/2.1,no,plan section '2.1 Reducing Barriers to Family Enrollment and Redeterminati' | l that apply and describe those elements checked. i. [x] Establishing presumptive eligibility while eligibility is being determined. Describe the polic
us-de,ccdf-s15,federal_with_state_option,CCDF state plan 3.1.1-3.1.2 (fee table),PRESENT,us-de/policy/2026-09-10-ccdf-plan-fy2025-2027,us-de/policy/acf/ccdf-plan/fy2025-2027/3.1,yes,plan section '3.1 Family Co-payments' | Lead Agencies must establish and periodically revise a sliding-fee scale for families receiving CCDF services that varies based on income and
us-de,ccdf-s16,federal_with_state_option,CCDF state plan 3.2.1,PRESENT,us-de/policy/2026-09-10-ccdf-plan-fy2025-2027,us-de/policy/acf/ccdf-plan/fy2025-2027/3.2,yes,"plan section '3.2 Calculation of Co-Payment' | Lead agencies must calculate a family’s contribution (or co-payment), taking into account income and family size, and Lead"
us-de,ccdf-s17,federal_with_state_option,CCDF state plan 3.3.1,PRESENT,us-de/policy/2026-09-10-ccdf-plan-fy2025-2027,us-de/policy/acf/ccdf-plan/fy2025-2027/3.3,partial,plan section '3.3 Waiving Family Co-payment' | 3.3.1 Waiving family co-payment The Lead Agency may waive family contributions/c
us-de,ccdf-s18,federal_with_state_option,CCDF state plan 4.1.1,PRESENT,us-de/policy/2026-09-10-ccdf-plan-fy2025-2027,us-de/policy/acf/ccdf-plan/fy2025-2027/4.1,partial,plan section '4.1 Access to Full Range of Provider Options' | rs and offer assistance with child care services through a child care certificate (or voucher) or with a child care provider that has a grant or contra
us-de,ccdf-s19,federal_with_state_option,CCDF state plan 4.2,PRESENT,us-de/policy/2026-09-10-ccdf-plan-fy2025-2027,us-de/policy/acf/ccdf-plan/fy2025-2027/4.2,no,plan section '4.2 Assess Market Rates and Analyze the Cost of Child Care' | y valid and reliable data and have the option to conduct either a (1) market rate survey (MRS) reflecting variations in the price to parents of child care ser
us-de,ccdf-s20,federal_with_state_option,CCDF state plan 4.3.1-4.3.2 (rate tables as of plan date),PRESENT,us-de/policy/2026-09-10-ccdf-plan-fy2025-2027,us-de/policy/acf/ccdf-plan/fy2025-2027/4.3,yes,plan section '4.3 Adequate Payment Rates' | The Lead Agency must set CCDF subsidy payment rates in accordance with the results of the current MRS or ACF pre-approved
us-de,ccdf-s21,federal_with_state_option,CCDF state plan 4.3.3,PRESENT,us-de/policy/2026-09-10-ccdf-plan-fy2025-2027,us-de/policy/acf/ccdf-plan/fy2025-2027/4.3,partial,"plan section '4.3 Adequate Payment Rates' | rates below. Base rates are the lowest, foundational rates before any differentials are added (e.g., for higher quality or other purposes) and must be s"
us-de,ccdf-s22,federal_with_state_option,CCDF state plan 4.4.1-4.4.3,PRESENT,us-de/policy/2026-09-10-ccdf-plan-fy2025-2027,us-de/policy/acf/ccdf-plan/fy2025-2027/4.4,no,"plan section '4.4 Payment Practices to Providers' | cost of child care services based on paying by the child’s authorized enrollment, or if impracticable, an alternative approach that will not undermine"
us-de,ccdf-s23,federal_with_state_option,CCDF state plan section 5,PRESENT,us-de/policy/2026-09-10-ccdf-plan-fy2025-2027,us-de/policy/acf/ccdf-plan/fy2025-2027/5.1,no,plan section '5.1 Licensing Requirements' | Each Lead Agency must ensure it has in effect licensing requirements applicable to all child care services provided within
us-de,ccdf-s24,federal_with_state_option,CCDF state plan 2.2.9,PRESENT,us-de/policy/2026-09-10-ccdf-plan-fy2025-2027,us-de/policy/acf/ccdf-plan/fy2025-2027/2.2,no,plan section '2.2 Eligible Children and Families' | erify: Current bill [ ] [ ] Other. Describe how you verify: N/A 2.2.9 Exception to TANF work requirements Lead Agencies must ensure that families with young children participa
us-de,ccdf-s25,federal_with_state_option,CCDF state plan 10.1-10.2,PRESENT,us-de/policy/2026-09-10-ccdf-plan-fy2025-2027,us-de/policy/acf/ccdf-plan/fy2025-2027/10.2,no,"plan section '10.2 Fraud Investigation, Payment Recovery, and Sanctions' | Lead Agencies must have the necessary controls to identify fraud and other program violations to ensure program integrity. Program vio"
us-de,ccdf-s26,federal_with_state_option,CCDF state plan (Lead Agency publication reached via the ACF index),PRESENT,us-de/policy/2026-09-10-ccdf-plan-fy2025-2027,us-de/policy/acf/ccdf-plan/fy2025-2027,no,plan root + 41 subsections; plan status: Approved as of 2024-11-09
us-de,ccdf-s27,federal_with_state_option,"ACF-hosted Appendix PDF on the FY 2025-2027 index (51 listed, 0 taken)",EXTRACTABLE,,,no,"ACF-hosted Appendix 1 PDF listed on acf.gov/occ/form/approved-ccdf-plans-fy-2025-2027 for all 50 states + DC (51 listed, 0 taken; run note 'Appendix family not taken')"
us-de,ccdf-s28,federal_with_state_option,"amended plans posted on Lead Agency pages (inventoried, not taken except where the only posted version)",REVIEW,,,no,queue row records no amendment on the Lead Agency page; whether an amendment has since been approved is unverified
us-de,ccdf-s29,federal_with_state_option,state regulation/manual for the subsidy program (CCAP/CCS/ERDC/Wisconsin Shares etc.),REVIEW,,,yes,no selected scope carries the state's child-care subsidy rulebook (heading scan of the selected TANF/combined scope 2026-09-12 found no subsidy chapter) and no queue row inventoried it
us-de,ccdf-s30,federal_with_state_option,state rate schedules / MRS sheets / transmittals (state-published),REVIEW,,,yes,current rate/copay schedule family not inventoried for this state; the plan carries the values as of its submission only
us-fl,ccdf-s01,federal_with_state_option,CCDF state plan 1.1-1.2,PRESENT,us-fl/policy/2026-09-10-ccdf-plan-fy2025-2027,us-fl/policy/acf/ccdf-plan/fy2025-2027/1.1,no,plan section '1.1 CCDF Leadership' | a joint interagency office to represent the State or Territory as the Lead Agency. The Lead Agency agrees to administer the program in accordance with
us-fl,ccdf-s02,federal_with_state_option,CCDF state plan 2.2.1,PRESENT,us-fl/policy/2026-09-10-ccdf-plan-fy2025-2027,us-fl/policy/acf/ccdf-plan/fy2025-2027/2.2,yes,"plan section '2.2 Eligible Children and Families' | At eligibility determination or redetermination, children must (1) be younger than age 13; (2) reside with a family whose income does not exceed 85 percent of"
us-fl,ccdf-s03,federal_with_state_option,CCDF state plan 2.2.2,PRESENT,us-fl/policy/2026-09-10-ccdf-plan-fy2025-2027,us-fl/policy/acf/ccdf-plan/fy2025-2027/2.2,partial,"plan section '2.2 Eligible Children and Families' | or attending a job training or educational program (which can include job search) or (b) receive, or need to receive, protective services as defined b"
us-fl,ccdf-s04,federal_with_state_option,CCDF state plan 2.2.3-2.2.4,PRESENT,us-fl/policy/2026-09-10-ccdf-plan-fy2025-2027,us-fl/policy/acf/ccdf-plan/fy2025-2027/2.2,yes,plan section '2.2 Eligible Children and Families' | ] No. [x] Yes. 2.2.3 Eligibility criteria: deciding entity on family income limits How are income eligibility limits established? [x] There is a statewi
us-fl,ccdf-s05,federal_with_state_option,CCDF state plan 2.5.5,PRESENT,us-fl/policy/2026-09-10-ccdf-plan-fy2025-2027,us-fl/policy/acf/ccdf-plan/fy2025-2027/2.5,yes,"plan section '2.5 Promoting Continuity of Care' | itial eligibility to qualify for CCDF assistance, but does not exceed 85% of State median income, they remain eligible for services and enter g"
us-fl,ccdf-s06,federal_with_state_option,CCDF state plan 2.2.6,PRESENT,us-fl/policy/2026-09-10-ccdf-plan-fy2025-2027,us-fl/policy/acf/ccdf-plan/fy2025-2027/2.2,partial,"plan section '2.2 Eligible Children and Families' | ) for a family of the same size and whose family assets do not exceed $1,000,000; and (3)(a) reside with a parent or parents who are working or attend"
us-fl,ccdf-s07,federal_with_state_option,CCDF state plan 2.2.5,PRESENT,us-fl/policy/2026-09-10-ccdf-plan-fy2025-2027,us-fl/policy/acf/ccdf-plan/fy2025-2027/2.2,yes,plan section '2.2 Eligible Children and Families' | income- estimates-optional-use-ffy-2023-and 2.2.5 Income eligibility: irregular fluctuations in earnings Lead Agencies must take into account irregular fluctuati
us-fl,ccdf-s08,federal_with_state_option,CCDF state plan 2.2.7,PRESENT,us-fl/policy/2026-09-10-ccdf-plan-fy2025-2027,us-fl/policy/acf/ccdf-plan/fy2025-2027/2.2,partial,"plan section '2.2 Eligible Children and Families' | ion or redetermination, children must (1) be younger than age 13; (2) reside with a family whose income does not exceed 85 percent of the State's"
us-fl,ccdf-s09,federal_with_state_option,CCDF state plan 2.2 / 2.3,PRESENT,us-fl/policy/2026-09-10-ccdf-plan-fy2025-2027,us-fl/policy/acf/ccdf-plan/fy2025-2027/2.2,no,"plan section '2.2 Eligible Children and Families' | am (which can include job search) or (b) receive, or need to receive, protective services as defined by the Lead Agency. 2.2.1 Eligibility criteria: age of chi"
us-fl,ccdf-s10,federal_with_state_option,CCDF state plan 2.3.1-2.3.3,PRESENT,us-fl/policy/2026-09-10-ccdf-plan-fy2025-2027,us-fl/policy/acf/ccdf-plan/fy2025-2027/2.3,no,"plan section '2.3 Prioritizing Services for Vulnerable Children and Famili' | Lead Agencies must give priority for child care assistance to children with special needs, families w"
us-fl,ccdf-s11,federal_with_state_option,CCDF state plan 2.5.2,PRESENT,us-fl/policy/2026-09-10-ccdf-plan-fy2025-2027,us-fl/policy/acf/ccdf-plan/fy2025-2027/2.5,no,"plan section '2.5 Promoting Continuity of Care' | are when authorizing child care services and must establish a minimum 12-month period for each child, both at the initial eligibility determination"
us-fl,ccdf-s12,federal_with_state_option,CCDF state plan 2.5.3,PRESENT,us-fl/policy/2026-09-10-ccdf-plan-fy2025-2027,us-fl/policy/acf/ccdf-plan/fy2025-2027/2.5,no,"plan section '2.5 Promoting Continuity of Care' | d above. In these cases only, Lead Agencies may establish a period of 3 months or longer. 6. Any change in age, including a child turning 13 years o"
us-fl,ccdf-s13,federal_with_state_option,CCDF state plan 2.5.4,PRESENT,us-fl/policy/2026-09-10-ccdf-plan-fy2025-2027,us-fl/policy/acf/ccdf-plan/fy2025-2027/2.5,no,"plan section '2.5 Promoting Continuity of Care' | families retaining eligibility. This requirement is: • Regardless of changes in income, Lead Agencies may not terminate CCDF assistance during the minimum 1"
us-fl,ccdf-s14,federal_with_state_option,CCDF state plan 2.1 / 2.5,PRESENT,us-fl/policy/2026-09-10-ccdf-plan-fy2025-2027,us-fl/policy/acf/ccdf-plan/fy2025-2027/2.1,no,plan section '2.1 Reducing Barriers to Family Enrollment and Redeterminati' | l that apply and describe those elements checked. i. [ ] Establishing presumptive eligibility while eligibility is being determined. Describe the polic
us-fl,ccdf-s15,federal_with_state_option,CCDF state plan 3.1.1-3.1.2 (fee table),PRESENT,us-fl/policy/2026-09-10-ccdf-plan-fy2025-2027,us-fl/policy/acf/ccdf-plan/fy2025-2027/3.1,yes,plan section '3.1 Family Co-payments' | Lead Agencies must establish and periodically revise a sliding-fee scale for families receiving CCDF services that varies based on income and
us-fl,ccdf-s16,federal_with_state_option,CCDF state plan 3.2.1,PRESENT,us-fl/policy/2026-09-10-ccdf-plan-fy2025-2027,us-fl/policy/acf/ccdf-plan/fy2025-2027/3.2,yes,"plan section '3.2 Calculation of Co-Payment' | Lead agencies must calculate a family’s contribution (or co-payment), taking into account income and family size, and Lead"
us-fl,ccdf-s17,federal_with_state_option,CCDF state plan 3.3.1,PRESENT,us-fl/policy/2026-09-10-ccdf-plan-fy2025-2027,us-fl/policy/acf/ccdf-plan/fy2025-2027/3.3,partial,plan section '3.3 Waiving Family Co-payment' | 3.3.1 Waiving family co-payment The Lead Agency may waive family contributions/c
us-fl,ccdf-s18,federal_with_state_option,CCDF state plan 4.1.1,PRESENT,us-fl/policy/2026-09-10-ccdf-plan-fy2025-2027,us-fl/policy/acf/ccdf-plan/fy2025-2027/4.1,partial,plan section '4.1 Access to Full Range of Provider Options' | rs and offer assistance with child care services through a child care certificate (or voucher) or with a child care provider that has a grant or contra
us-fl,ccdf-s19,federal_with_state_option,CCDF state plan 4.2,PRESENT,us-fl/policy/2026-09-10-ccdf-plan-fy2025-2027,us-fl/policy/acf/ccdf-plan/fy2025-2027/4.2,no,plan section '4.2 Assess Market Rates and Analyze the Cost of Child Care' | y valid and reliable data and have the option to conduct either a (1) market rate survey (MRS) reflecting variations in the price to parents of child care ser
us-fl,ccdf-s20,federal_with_state_option,CCDF state plan 4.3.1-4.3.2 (rate tables as of plan date),PRESENT,us-fl/policy/2026-09-10-ccdf-plan-fy2025-2027,us-fl/policy/acf/ccdf-plan/fy2025-2027/4.3,yes,plan section '4.3 Adequate Payment Rates' | The Lead Agency must set CCDF subsidy payment rates in accordance with the results of the current MRS or ACF pre-approved
us-fl,ccdf-s21,federal_with_state_option,CCDF state plan 4.3.3,PRESENT,us-fl/policy/2026-09-10-ccdf-plan-fy2025-2027,us-fl/policy/acf/ccdf-plan/fy2025-2027/4.3,partial,"plan section '4.3 Adequate Payment Rates' | rates below. Base rates are the lowest, foundational rates before any differentials are added (e.g., for higher quality or other purposes) and must be s"
us-fl,ccdf-s22,federal_with_state_option,CCDF state plan 4.4.1-4.4.3,PRESENT,us-fl/policy/2026-09-10-ccdf-plan-fy2025-2027,us-fl/policy/acf/ccdf-plan/fy2025-2027/4.4,no,"plan section '4.4 Payment Practices to Providers' | cost of child care services based on paying by the child’s authorized enrollment, or if impracticable, an alternative approach that will not undermine"
us-fl,ccdf-s23,federal_with_state_option,CCDF state plan section 5,PRESENT,us-fl/policy/2026-09-10-ccdf-plan-fy2025-2027,us-fl/policy/acf/ccdf-plan/fy2025-2027/5.1,no,plan section '5.1 Licensing Requirements' | Each Lead Agency must ensure it has in effect licensing requirements applicable to all child care services provided within
us-fl,ccdf-s24,federal_with_state_option,CCDF state plan 2.2.9,PRESENT,us-fl/policy/2026-09-10-ccdf-plan-fy2025-2027,us-fl/policy/acf/ccdf-plan/fy2025-2027/2.2,no,plan section '2.2 Eligible Children and Families' | Housing Questionnaire). [ ] [ ] Other. Describe how you verify: 2.2.9 Exception to TANF work requirements Lead Agencies must ensure that families with young children participa
us-fl,ccdf-s25,federal_with_state_option,CCDF state plan 10.1-10.2,PRESENT,us-fl/policy/2026-09-10-ccdf-plan-fy2025-2027,us-fl/policy/acf/ccdf-plan/fy2025-2027/10.2,no,"plan section '10.2 Fraud Investigation, Payment Recovery, and Sanctions' | Lead Agencies must have the necessary controls to identify fraud and other program violations to ensure program integrity. Program vio"
us-fl,ccdf-s26,federal_with_state_option,CCDF state plan (Lead Agency publication reached via the ACF index),PRESENT,us-fl/policy/2026-09-10-ccdf-plan-fy2025-2027,us-fl/policy/acf/ccdf-plan/fy2025-2027,no,plan root + 41 subsections; plan status: Approved as of 2024-11-09
us-fl,ccdf-s27,federal_with_state_option,"ACF-hosted Appendix PDF on the FY 2025-2027 index (51 listed, 0 taken)",EXTRACTABLE,,,no,"ACF-hosted Appendix 1 PDF listed on acf.gov/occ/form/approved-ccdf-plans-fy-2025-2027 for all 50 states + DC (51 listed, 0 taken; run note 'Appendix family not taken')"
us-fl,ccdf-s28,federal_with_state_option,"amended plans posted on Lead Agency pages (inventoried, not taken except where the only posted version)",REVIEW,,,no,queue row records no amendment on the Lead Agency page; whether an amendment has since been approved is unverified
us-fl,ccdf-s29,federal_with_state_option,state regulation/manual for the subsidy program (CCAP/CCS/ERDC/Wisconsin Shares etc.),REVIEW,,,yes,no selected scope carries the state's child-care subsidy rulebook (heading scan of the selected TANF/combined scope 2026-09-12 found no subsidy chapter) and no queue row inventoried it
us-fl,ccdf-s30,federal_with_state_option,state rate schedules / MRS sheets / transmittals (state-published),REVIEW,,,yes,current rate/copay schedule family not inventoried for this state; the plan carries the values as of its submission only
us-ga,ccdf-s01,federal_with_state_option,CCDF state plan 1.1-1.2,PRESENT,us-ga/manual/2026-06-25-ga-caps,us-ga/manual/decal/caps/ccdf-state-plan-2025-2027/page-11,no,"GA plan is page-level inside the CAPS scope; page carries the section label and pattern | ction plan is developed for CCR&Rs not making adequate progress. The Lead Agency also enters into an annual contract with Care Solutions, Inc. Annual"
us-ga,ccdf-s02,federal_with_state_option,CCDF state plan 2.2.1,REVIEW,,,yes,GA plan pages (CAPS scope) did not match the section label + pattern; read the pages
us-ga,ccdf-s03,federal_with_state_option,CCDF state plan 2.2.2,REVIEW,,,partial,GA plan pages (CAPS scope) did not match the section label + pattern; read the pages
us-ga,ccdf-s04,federal_with_state_option,CCDF state plan 2.2.3-2.2.4,REVIEW,,,yes,GA plan pages (CAPS scope) did not match the section label + pattern; read the pages
us-ga,ccdf-s05,federal_with_state_option,CCDF state plan 2.5.5,REVIEW,,,yes,GA plan pages (CAPS scope) did not match the section label + pattern; read the pages
us-ga,ccdf-s06,federal_with_state_option,CCDF state plan 2.2.6,REVIEW,,,partial,GA plan pages (CAPS scope) did not match the section label + pattern; read the pages
us-ga,ccdf-s07,federal_with_state_option,CCDF state plan 2.2.5,REVIEW,,,yes,GA plan pages (CAPS scope) did not match the section label + pattern; read the pages
us-ga,ccdf-s08,federal_with_state_option,CCDF state plan 2.2.7,REVIEW,,,partial,GA plan pages (CAPS scope) did not match the section label + pattern; read the pages
us-ga,ccdf-s09,federal_with_state_option,CCDF state plan 2.2 / 2.3,PRESENT,us-ga/manual/2026-06-25-ga-caps,us-ga/manual/decal/caps/ccdf-state-plan-2025-2027/page-34,no,GA plan is page-level inside the CAPS scope; page carries the section label and pattern | ent Services (CAPS) established the additional priority groups: Child Protective Services (CPS) and court ordered supervision cases - a child who is receiving
us-ga,ccdf-s10,federal_with_state_option,CCDF state plan 2.3.1-2.3.3,PRESENT,us-ga/manual/2026-06-25-ga-caps,us-ga/manual/decal/caps/ccdf-state-plan-2025-2027/page-34,no,"GA plan is page-level inside the CAPS scope; page carries the section label and pattern | ntal Security Income for blindness or a disability. e. “Families with very low incomes.” Currently, families with very low income are defined as families w"
us-ga,ccdf-s11,federal_with_state_option,CCDF state plan 2.5.2,REVIEW,,,no,GA plan pages (CAPS scope) did not match the section label + pattern; read the pages
us-ga,ccdf-s12,federal_with_state_option,CCDF state plan 2.5.3,REVIEW,,,no,GA plan pages (CAPS scope) did not match the section label + pattern; read the pages
us-ga,ccdf-s13,federal_with_state_option,CCDF state plan 2.5.4,REVIEW,,,no,GA plan pages (CAPS scope) did not match the section label + pattern; read the pages
us-ga,ccdf-s14,federal_with_state_option,CCDF state plan 2.1 / 2.5,REVIEW,,,no,GA plan pages (CAPS scope) did not match the section label + pattern; read the pages
us-ga,ccdf-s15,federal_with_state_option,CCDF state plan 3.1.1-3.1.2 (fee table),REVIEW,,,yes,GA plan pages (CAPS scope) did not match the section label + pattern; read the pages
us-ga,ccdf-s16,federal_with_state_option,CCDF state plan 3.2.1,REVIEW,,,yes,GA plan pages (CAPS scope) did not match the section label + pattern; read the pages
us-ga,ccdf-s17,federal_with_state_option,CCDF state plan 3.3.1,REVIEW,,,partial,GA plan pages (CAPS scope) did not match the section label + pattern; read the pages
us-ga,ccdf-s18,federal_with_state_option,CCDF state plan 4.1.1,REVIEW,,,partial,GA plan pages (CAPS scope) did not match the section label + pattern; read the pages
us-ga,ccdf-s19,federal_with_state_option,CCDF state plan 4.2,REVIEW,,,no,GA plan pages (CAPS scope) did not match the section label + pattern; read the pages
us-ga,ccdf-s20,federal_with_state_option,CCDF state plan 4.3.1-4.3.2 (rate tables as of plan date),REVIEW,,,yes,GA plan pages (CAPS scope) did not match the section label + pattern; read the pages
us-ga,ccdf-s21,federal_with_state_option,CCDF state plan 4.3.3,REVIEW,,,partial,GA plan pages (CAPS scope) did not match the section label + pattern; read the pages
us-ga,ccdf-s22,federal_with_state_option,CCDF state plan 4.4.1-4.4.3,REVIEW,,,no,GA plan pages (CAPS scope) did not match the section label + pattern; read the pages
us-ga,ccdf-s23,federal_with_state_option,CCDF state plan section 5,PRESENT,us-ga/manual/2026-06-25-ga-caps,us-ga/manual/decal/caps/ccdf-state-plan-2025-2027/page-91,no,GA plan is page-level inside the CAPS scope; page carries the section label and pattern | he child’s own home by a non- relative) providers who are exempt from licensing requirements. N/A ii. Describe the exemptions based on length of d
us-ga,ccdf-s24,federal_with_state_option,CCDF state plan 2.2.9,REVIEW,,,no,GA plan pages (CAPS scope) did not match the section label + pattern; read the pages
us-ga,ccdf-s25,federal_with_state_option,CCDF state plan 10.1-10.2,REVIEW,,,no,GA plan pages (CAPS scope) did not match the section label + pattern; read the pages
us-ga,ccdf-s26,federal_with_state_option,CCDF state plan (Lead Agency publication reached via the ACF index),PRESENT,us-ga/manual/2026-06-25-ga-caps,us-ga/manual/decal/caps/ccdf-state-plan-2025-2027,no,"Georgia CCDF State Plan FFY 2025-2027, 389 page-level rows inside the CAPS manual scope (June 2026 ingest); the 2026-09-10 run's decal.ga.gov block is therefore not a coverage gap for the plan document"
us-ga,ccdf-s27,federal_with_state_option,"ACF-hosted Appendix PDF on the FY 2025-2027 index (51 listed, 0 taken)",EXTRACTABLE,,,no,"ACF-hosted Appendix 1 PDF listed on acf.gov/occ/form/approved-ccdf-plans-fy-2025-2027 for all 50 states + DC (51 listed, 0 taken; run note 'Appendix family not taken')"
us-ga,ccdf-s28,federal_with_state_option,"amended plans posted on Lead Agency pages (inventoried, not taken except where the only posted version)",OUTREACH,,,no,Lead Agency site blocked (connection reset by www.decal.ga.gov)
us-ga,ccdf-s29,federal_with_state_option,state regulation/manual for the subsidy program (CCAP/CCS/ERDC/Wisconsin Shares etc.),PRESENT,us-ga/manual/2026-06-25-ga-caps,us-ga/manual/decal/caps/policy-manual/page-59,yes,heading='Page 59' | 38 body matches | CAPS Policy – Purchase of Child Care Through Scholarships No.: CAPS/00-10
us-ga,ccdf-s30,federal_with_state_option,state rate schedules / MRS sheets / transmittals (state-published),REVIEW,,,yes,CAPS Appendix C reimbursement rates and Appendix D family fee chart are in the selected CAPS scope (June 2026); whether it is the current-year schedule is unverified
us-hi,ccdf-s01,federal_with_state_option,CCDF state plan 1.1-1.2,PRESENT,us-hi/policy/2026-09-10-ccdf-plan-fy2025-2027,us-hi/policy/acf/ccdf-plan/fy2025-2027/1.1,no,plan section '1.1 CCDF Leadership' | a joint interagency office to represent the State or Territory as the Lead Agency. The Lead Agency agrees to administer the program in accordance with
us-hi,ccdf-s02,federal_with_state_option,CCDF state plan 2.2.1,PRESENT,us-hi/policy/2026-09-10-ccdf-plan-fy2025-2027,us-hi/policy/acf/ccdf-plan/fy2025-2027/2.2,yes,"plan section '2.2 Eligible Children and Families' | At eligibility determination or redetermination, children must (1) be younger than age 13; (2) reside with a family whose income does not exceed 85 percent of"
us-hi,ccdf-s03,federal_with_state_option,CCDF state plan 2.2.2,PRESENT,us-hi/policy/2026-09-10-ccdf-plan-fy2025-2027,us-hi/policy/acf/ccdf-plan/fy2025-2027/2.2,partial,"plan section '2.2 Eligible Children and Families' | or attending a job training or educational program (which can include job search) or (b) receive, or need to receive, protective services as defined b"
us-hi,ccdf-s04,federal_with_state_option,CCDF state plan 2.2.3-2.2.4,PRESENT,us-hi/policy/2026-09-10-ccdf-plan-fy2025-2027,us-hi/policy/acf/ccdf-plan/fy2025-2027/2.2,yes,plan section '2.2 Eligible Children and Families' | x] No. [ ] Yes. 2.2.3 Eligibility criteria: deciding entity on family income limits How are income eligibility limits established? [x] There is a statewi
us-hi,ccdf-s05,federal_with_state_option,CCDF state plan 2.5.5,PRESENT,us-hi/policy/2026-09-10-ccdf-plan-fy2025-2027,us-hi/policy/acf/ccdf-plan/fy2025-2027/2.5,yes,plan section '2.5 Promoting Continuity of Care' | gency’s income eligibility threshold but not the federal threshold of 85 percent of SMI; and • Regardless of temporary changes in participation in wor
us-hi,ccdf-s06,federal_with_state_option,CCDF state plan 2.2.6,PRESENT,us-hi/policy/2026-09-10-ccdf-plan-fy2025-2027,us-hi/policy/acf/ccdf-plan/fy2025-2027/2.2,partial,"plan section '2.2 Eligible Children and Families' | ) for a family of the same size and whose family assets do not exceed $1,000,000; and (3)(a) reside with a parent or parents who are working or attend"
us-hi,ccdf-s07,federal_with_state_option,CCDF state plan 2.2.5,PRESENT,us-hi/policy/2026-09-10-ccdf-plan-fy2025-2027,us-hi/policy/acf/ccdf-plan/fy2025-2027/2.2,yes,plan section '2.2 Eligible Children and Families' | ligibility-Limits-and-Sliding-Fee-Scale.pdf 2.2.5 Income eligibility: irregular fluctuations in earnings Lead Agencies must take into account irregular fluctuati
us-hi,ccdf-s08,federal_with_state_option,CCDF state plan 2.2.7,PRESENT,us-hi/policy/2026-09-10-ccdf-plan-fy2025-2027,us-hi/policy/acf/ccdf-plan/fy2025-2027/2.2,partial,"plan section '2.2 Eligible Children and Families' | ion or redetermination, children must (1) be younger than age 13; (2) reside with a family whose income does not exceed 85 percent of the State's"
us-hi,ccdf-s09,federal_with_state_option,CCDF state plan 2.2 / 2.3,PRESENT,us-hi/policy/2026-09-10-ccdf-plan-fy2025-2027,us-hi/policy/acf/ccdf-plan/fy2025-2027/2.2,no,"plan section '2.2 Eligible Children and Families' | am (which can include job search) or (b) receive, or need to receive, protective services as defined by the Lead Agency. 2.2.1 Eligibility criteria: age of chi"
us-hi,ccdf-s10,federal_with_state_option,CCDF state plan 2.3.1-2.3.3,PRESENT,us-hi/policy/2026-09-10-ccdf-plan-fy2025-2027,us-hi/policy/acf/ccdf-plan/fy2025-2027/2.3,no,"plan section '2.3 Prioritizing Services for Vulnerable Children and Famili' | Lead Agencies must give priority for child care assistance to children with special needs, families w"
us-hi,ccdf-s11,federal_with_state_option,CCDF state plan 2.5.2,PRESENT,us-hi/policy/2026-09-10-ccdf-plan-fy2025-2027,us-hi/policy/acf/ccdf-plan/fy2025-2027/2.5,no,"plan section '2.5 Promoting Continuity of Care' | are when authorizing child care services and must establish a minimum 12-month period for each child, both at the initial eligibility determination"
us-hi,ccdf-s12,federal_with_state_option,CCDF state plan 2.5.3,PRESENT,us-hi/policy/2026-09-10-ccdf-plan-fy2025-2027,us-hi/policy/acf/ccdf-plan/fy2025-2027/2.5,no,"plan section '2.5 Promoting Continuity of Care' | d above. In these cases only, Lead Agencies may establish a period of 3 months or longer. 6. Any change in age, including a child turning 13 years o"
us-hi,ccdf-s13,federal_with_state_option,CCDF state plan 2.5.4,PRESENT,us-hi/policy/2026-09-10-ccdf-plan-fy2025-2027,us-hi/policy/acf/ccdf-plan/fy2025-2027/2.5,no,"plan section '2.5 Promoting Continuity of Care' | families retaining eligibility. This requirement is: • Regardless of changes in income, Lead Agencies may not terminate CCDF assistance during the minimum 1"
us-hi,ccdf-s14,federal_with_state_option,CCDF state plan 2.1 / 2.5,PRESENT,us-hi/policy/2026-09-10-ccdf-plan-fy2025-2027,us-hi/policy/acf/ccdf-plan/fy2025-2027/2.1,no,plan section '2.1 Reducing Barriers to Family Enrollment and Redeterminati' | l that apply and describe those elements checked. i. [x] Establishing presumptive eligibility while eligibility is being determined. Describe the polic
us-hi,ccdf-s15,federal_with_state_option,CCDF state plan 3.1.1-3.1.2 (fee table),PRESENT,us-hi/policy/2026-09-10-ccdf-plan-fy2025-2027,us-hi/policy/acf/ccdf-plan/fy2025-2027/3.1,yes,plan section '3.1 Family Co-payments' | Lead Agencies must establish and periodically revise a sliding-fee scale for families receiving CCDF services that varies based on income and
us-hi,ccdf-s16,federal_with_state_option,CCDF state plan 3.2.1,PRESENT,us-hi/policy/2026-09-10-ccdf-plan-fy2025-2027,us-hi/policy/acf/ccdf-plan/fy2025-2027/3.2,yes,"plan section '3.2 Calculation of Co-Payment' | Lead agencies must calculate a family’s contribution (or co-payment), taking into account income and family size, and Lead"
us-hi,ccdf-s17,federal_with_state_option,CCDF state plan 3.3.1,PRESENT,us-hi/policy/2026-09-10-ccdf-plan-fy2025-2027,us-hi/policy/acf/ccdf-plan/fy2025-2027/3.3,partial,plan section '3.3 Waiving Family Co-payment' | 3.3.1 Waiving family co-payment The Lead Agency may waive family contributions/c
us-hi,ccdf-s18,federal_with_state_option,CCDF state plan 4.1.1,PRESENT,us-hi/policy/2026-09-10-ccdf-plan-fy2025-2027,us-hi/policy/acf/ccdf-plan/fy2025-2027/4.1,partial,plan section '4.1 Access to Full Range of Provider Options' | rs and offer assistance with child care services through a child care certificate (or voucher) or with a child care provider that has a grant or contra
us-hi,ccdf-s19,federal_with_state_option,CCDF state plan 4.2,PRESENT,us-hi/policy/2026-09-10-ccdf-plan-fy2025-2027,us-hi/policy/acf/ccdf-plan/fy2025-2027/4.2,no,plan section '4.2 Assess Market Rates and Analyze the Cost of Child Care' | y valid and reliable data and have the option to conduct either a (1) market rate survey (MRS) reflecting variations in the price to parents of child care ser
us-hi,ccdf-s20,federal_with_state_option,CCDF state plan 4.3.1-4.3.2 (rate tables as of plan date),PRESENT,us-hi/policy/2026-09-10-ccdf-plan-fy2025-2027,us-hi/policy/acf/ccdf-plan/fy2025-2027/4.3,yes,plan section '4.3 Adequate Payment Rates' | The Lead Agency must set CCDF subsidy payment rates in accordance with the results of the current MRS or ACF pre-approved
us-hi,ccdf-s21,federal_with_state_option,CCDF state plan 4.3.3,PRESENT,us-hi/policy/2026-09-10-ccdf-plan-fy2025-2027,us-hi/policy/acf/ccdf-plan/fy2025-2027/4.3,partial,"plan section '4.3 Adequate Payment Rates' | rates below. Base rates are the lowest, foundational rates before any differentials are added (e.g., for higher quality or other purposes) and must be s"
us-hi,ccdf-s22,federal_with_state_option,CCDF state plan 4.4.1-4.4.3,PRESENT,us-hi/policy/2026-09-10-ccdf-plan-fy2025-2027,us-hi/policy/acf/ccdf-plan/fy2025-2027/4.4,no,"plan section '4.4 Payment Practices to Providers' | cost of child care services based on paying by the child’s authorized enrollment, or if impracticable, an alternative approach that will not undermine"
us-hi,ccdf-s23,federal_with_state_option,CCDF state plan section 5,PRESENT,us-hi/policy/2026-09-10-ccdf-plan-fy2025-2027,us-hi/policy/acf/ccdf-plan/fy2025-2027/5.1,no,plan section '5.1 Licensing Requirements' | Each Lead Agency must ensure it has in effect licensing requirements applicable to all child care services provided within
us-hi,ccdf-s24,federal_with_state_option,CCDF state plan 2.2.9,PRESENT,us-hi/policy/2026-09-10-ccdf-plan-fy2025-2027,us-hi/policy/acf/ccdf-plan/fy2025-2027/2.2,no,plan section '2.2 Eligible Children and Families' | eframe requirement. [ ] [ ] Other. Describe how you verify: N/A 2.2.9 Exception to TANF work requirements Lead Agencies must ensure that families with young children participa
us-hi,ccdf-s25,federal_with_state_option,CCDF state plan 10.1-10.2,PRESENT,us-hi/policy/2026-09-10-ccdf-plan-fy2025-2027,us-hi/policy/acf/ccdf-plan/fy2025-2027/10.2,no,"plan section '10.2 Fraud Investigation, Payment Recovery, and Sanctions' | Lead Agencies must have the necessary controls to identify fraud and other program violations to ensure program integrity. Program vio"
us-hi,ccdf-s26,federal_with_state_option,CCDF state plan (Lead Agency publication reached via the ACF index),PRESENT,us-hi/policy/2026-09-10-ccdf-plan-fy2025-2027,us-hi/policy/acf/ccdf-plan/fy2025-2027,no,plan root + 41 subsections; plan status: Approved as of 2024-11-09 (state labels the link 'Conditional Approval')
us-hi,ccdf-s27,federal_with_state_option,"ACF-hosted Appendix PDF on the FY 2025-2027 index (51 listed, 0 taken)",EXTRACTABLE,,,no,"ACF-hosted Appendix 1 PDF listed on acf.gov/occ/form/approved-ccdf-plans-fy-2025-2027 for all 50 states + DC (51 listed, 0 taken; run note 'Appendix family not taken')"
us-hi,ccdf-s28,federal_with_state_option,"amended plans posted on Lead Agency pages (inventoried, not taken except where the only posted version)",REVIEW,,,no,queue row records no amendment on the Lead Agency page; whether an amendment has since been approved is unverified
us-hi,ccdf-s29,federal_with_state_option,state regulation/manual for the subsidy program (CCAP/CCS/ERDC/Wisconsin Shares etc.),REVIEW,,,yes,no selected scope carries the state's child-care subsidy rulebook (heading scan of the selected TANF/combined scope 2026-09-12 found no subsidy chapter) and no queue row inventoried it
us-hi,ccdf-s30,federal_with_state_option,state rate schedules / MRS sheets / transmittals (state-published),REVIEW,,,yes,current rate/copay schedule family not inventoried for this state; the plan carries the values as of its submission only
us-ia,ccdf-s01,federal_with_state_option,CCDF state plan 1.1-1.2,PRESENT,us-ia/policy/2026-09-10-ccdf-plan-fy2025-2027,us-ia/policy/acf/ccdf-plan/fy2025-2027/1.1,no,plan section '1.1 CCDF Leadership' | a joint interagency office to represent the State or Territory as the Lead Agency. The Lead Agency agrees to administer the program in accordance with
us-ia,ccdf-s02,federal_with_state_option,CCDF state plan 2.2.1,PRESENT,us-ia/policy/2026-09-10-ccdf-plan-fy2025-2027,us-ia/policy/acf/ccdf-plan/fy2025-2027/2.2,yes,"plan section '2.2 Eligible Children and Families' | At eligibility determination or redetermination, children must (1) be younger than age 13; (2) reside with a family whose income does not exceed 85 percent of"
us-ia,ccdf-s03,federal_with_state_option,CCDF state plan 2.2.2,PRESENT,us-ia/policy/2026-09-10-ccdf-plan-fy2025-2027,us-ia/policy/acf/ccdf-plan/fy2025-2027/2.2,partial,"plan section '2.2 Eligible Children and Families' | or attending a job training or educational program (which can include job search) or (b) receive, or need to receive, protective services as defined b"
us-ia,ccdf-s04,federal_with_state_option,CCDF state plan 2.2.3-2.2.4,PRESENT,us-ia/policy/2026-09-10-ccdf-plan-fy2025-2027,us-ia/policy/acf/ccdf-plan/fy2025-2027/2.2,yes,plan section '2.2 Eligible Children and Families' | x] No. [ ] Yes. 2.2.3 Eligibility criteria: deciding entity on family income limits How are income eligibility limits established? [x] There is a statewi
us-ia,ccdf-s05,federal_with_state_option,CCDF state plan 2.5.5,PRESENT,us-ia/policy/2026-09-10-ccdf-plan-fy2025-2027,us-ia/policy/acf/ccdf-plan/fy2025-2027/2.5,yes,"plan section '2.5 Promoting Continuity of Care' | eligibility (cessation of all work/training/education or income over 85% SMI), we offer multiple methods of submitting documentation or commun"
us-ia,ccdf-s06,federal_with_state_option,CCDF state plan 2.2.6,PRESENT,us-ia/policy/2026-09-10-ccdf-plan-fy2025-2027,us-ia/policy/acf/ccdf-plan/fy2025-2027/2.2,partial,"plan section '2.2 Eligible Children and Families' | ) for a family of the same size and whose family assets do not exceed $1,000,000; and (3)(a) reside with a parent or parents who are working or attend"
us-ia,ccdf-s07,federal_with_state_option,CCDF state plan 2.2.5,PRESENT,us-ia/policy/2026-09-10-ccdf-plan-fy2025-2027,us-ia/policy/acf/ccdf-plan/fy2025-2027/2.2,yes,plan section '2.2 Eligible Children and Families' | e code that sets income eligibility limits. 2.2.5 Income eligibility: irregular fluctuations in earnings Lead Agencies must take into account irregular fluctuati
us-ia,ccdf-s08,federal_with_state_option,CCDF state plan 2.2.7,PRESENT,us-ia/policy/2026-09-10-ccdf-plan-fy2025-2027,us-ia/policy/acf/ccdf-plan/fy2025-2027/2.2,partial,"plan section '2.2 Eligible Children and Families' | ion or redetermination, children must (1) be younger than age 13; (2) reside with a family whose income does not exceed 85 percent of the State's"
us-ia,ccdf-s09,federal_with_state_option,CCDF state plan 2.2 / 2.3,PRESENT,us-ia/policy/2026-09-10-ccdf-plan-fy2025-2027,us-ia/policy/acf/ccdf-plan/fy2025-2027/2.2,no,"plan section '2.2 Eligible Children and Families' | am (which can include job search) or (b) receive, or need to receive, protective services as defined by the Lead Agency. 2.2.1 Eligibility criteria: age of chi"
us-ia,ccdf-s10,federal_with_state_option,CCDF state plan 2.3.1-2.3.3,PRESENT,us-ia/policy/2026-09-10-ccdf-plan-fy2025-2027,us-ia/policy/acf/ccdf-plan/fy2025-2027/2.3,no,"plan section '2.3 Prioritizing Services for Vulnerable Children and Famili' | Lead Agencies must give priority for child care assistance to children with special needs, families w"
us-ia,ccdf-s11,federal_with_state_option,CCDF state plan 2.5.2,PRESENT,us-ia/policy/2026-09-10-ccdf-plan-fy2025-2027,us-ia/policy/acf/ccdf-plan/fy2025-2027/2.5,no,"plan section '2.5 Promoting Continuity of Care' | are when authorizing child care services and must establish a minimum 12-month period for each child, both at the initial eligibility determination"
us-ia,ccdf-s12,federal_with_state_option,CCDF state plan 2.5.3,PRESENT,us-ia/policy/2026-09-10-ccdf-plan-fy2025-2027,us-ia/policy/acf/ccdf-plan/fy2025-2027/2.5,no,"plan section '2.5 Promoting Continuity of Care' | d above. In these cases only, Lead Agencies may establish a period of 3 months or longer. 6. Any change in age, including a child turning 13 years o"
us-ia,ccdf-s13,federal_with_state_option,CCDF state plan 2.5.4,PRESENT,us-ia/policy/2026-09-10-ccdf-plan-fy2025-2027,us-ia/policy/acf/ccdf-plan/fy2025-2027/2.5,no,"plan section '2.5 Promoting Continuity of Care' | families retaining eligibility. This requirement is: • Regardless of changes in income, Lead Agencies may not terminate CCDF assistance during the minimum 1"
us-ia,ccdf-s14,federal_with_state_option,CCDF state plan 2.1 / 2.5,PRESENT,us-ia/policy/2026-09-10-ccdf-plan-fy2025-2027,us-ia/policy/acf/ccdf-plan/fy2025-2027/2.1,no,plan section '2.1 Reducing Barriers to Family Enrollment and Redeterminati' | l that apply and describe those elements checked. i. [ ] Establishing presumptive eligibility while eligibility is being determined. Describe the polic
us-ia,ccdf-s15,federal_with_state_option,CCDF state plan 3.1.1-3.1.2 (fee table),PRESENT,us-ia/policy/2026-09-10-ccdf-plan-fy2025-2027,us-ia/policy/acf/ccdf-plan/fy2025-2027/3.1,yes,plan section '3.1 Family Co-payments' | Lead Agencies must establish and periodically revise a sliding-fee scale for families receiving CCDF services that varies based on income and
us-ia,ccdf-s16,federal_with_state_option,CCDF state plan 3.2.1,PRESENT,us-ia/policy/2026-09-10-ccdf-plan-fy2025-2027,us-ia/policy/acf/ccdf-plan/fy2025-2027/3.2,yes,"plan section '3.2 Calculation of Co-Payment' | Lead agencies must calculate a family’s contribution (or co-payment), taking into account income and family size, and Lead"
us-ia,ccdf-s17,federal_with_state_option,CCDF state plan 3.3.1,PRESENT,us-ia/policy/2026-09-10-ccdf-plan-fy2025-2027,us-ia/policy/acf/ccdf-plan/fy2025-2027/3.3,partial,plan section '3.3 Waiving Family Co-payment' | 3.3.1 Waiving family co-payment The Lead Agency may waive family contributions/c
us-ia,ccdf-s18,federal_with_state_option,CCDF state plan 4.1.1,PRESENT,us-ia/policy/2026-09-10-ccdf-plan-fy2025-2027,us-ia/policy/acf/ccdf-plan/fy2025-2027/4.1,partial,plan section '4.1 Access to Full Range of Provider Options' | rs and offer assistance with child care services through a child care certificate (or voucher) or with a child care provider that has a grant or contra
us-ia,ccdf-s19,federal_with_state_option,CCDF state plan 4.2,PRESENT,us-ia/policy/2026-09-10-ccdf-plan-fy2025-2027,us-ia/policy/acf/ccdf-plan/fy2025-2027/4.2,no,plan section '4.2 Assess Market Rates and Analyze the Cost of Child Care' | y valid and reliable data and have the option to conduct either a (1) market rate survey (MRS) reflecting variations in the price to parents of child care ser
us-ia,ccdf-s20,federal_with_state_option,CCDF state plan 4.3.1-4.3.2 (rate tables as of plan date),PRESENT,us-ia/policy/2026-09-10-ccdf-plan-fy2025-2027,us-ia/policy/acf/ccdf-plan/fy2025-2027/4.3,yes,plan section '4.3 Adequate Payment Rates' | The Lead Agency must set CCDF subsidy payment rates in accordance with the results of the current MRS or ACF pre-approved
us-ia,ccdf-s21,federal_with_state_option,CCDF state plan 4.3.3,PRESENT,us-ia/policy/2026-09-10-ccdf-plan-fy2025-2027,us-ia/policy/acf/ccdf-plan/fy2025-2027/4.3,partial,"plan section '4.3 Adequate Payment Rates' | rates below. Base rates are the lowest, foundational rates before any differentials are added (e.g., for higher quality or other purposes) and must be s"
us-ia,ccdf-s22,federal_with_state_option,CCDF state plan 4.4.1-4.4.3,PRESENT,us-ia/policy/2026-09-10-ccdf-plan-fy2025-2027,us-ia/policy/acf/ccdf-plan/fy2025-2027/4.4,no,"plan section '4.4 Payment Practices to Providers' | cost of child care services based on paying by the child’s authorized enrollment, or if impracticable, an alternative approach that will not undermine"
us-ia,ccdf-s23,federal_with_state_option,CCDF state plan section 5,PRESENT,us-ia/policy/2026-09-10-ccdf-plan-fy2025-2027,us-ia/policy/acf/ccdf-plan/fy2025-2027/5.1,no,plan section '5.1 Licensing Requirements' | Each Lead Agency must ensure it has in effect licensing requirements applicable to all child care services provided within
us-ia,ccdf-s24,federal_with_state_option,CCDF state plan 2.2.9,PRESENT,us-ia/policy/2026-09-10-ccdf-plan-fy2025-2027,us-ia/policy/acf/ccdf-plan/fy2025-2027/2.2,no,plan section '2.2 Eligible Children and Families' | newal applications. [ ] [ ] Other. Describe how you verify: N/A 2.2.9 Exception to TANF work requirements Lead Agencies must ensure that families with young children participa
us-ia,ccdf-s25,federal_with_state_option,CCDF state plan 10.1-10.2,PRESENT,us-ia/policy/2026-09-10-ccdf-plan-fy2025-2027,us-ia/policy/acf/ccdf-plan/fy2025-2027/10.2,no,"plan section '10.2 Fraud Investigation, Payment Recovery, and Sanctions' | Lead Agencies must have the necessary controls to identify fraud and other program violations to ensure program integrity. Program vio"
us-ia,ccdf-s26,federal_with_state_option,CCDF state plan (Lead Agency publication reached via the ACF index),PRESENT,us-ia/policy/2026-09-10-ccdf-plan-fy2025-2027,us-ia/policy/acf/ccdf-plan/fy2025-2027,no,plan root + 41 subsections; plan status: Approved as of 2026-03-26 (only FFY 2025-2027 version posted)
us-ia,ccdf-s27,federal_with_state_option,"ACF-hosted Appendix PDF on the FY 2025-2027 index (51 listed, 0 taken)",EXTRACTABLE,,,no,"ACF-hosted Appendix 1 PDF listed on acf.gov/occ/form/approved-ccdf-plans-fy-2025-2027 for all 50 states + DC (51 listed, 0 taken; run note 'Appendix family not taken')"
us-ia,ccdf-s28,federal_with_state_option,"amended plans posted on Lead Agency pages (inventoried, not taken except where the only posted version)",PRESENT,us-ia/policy/2026-09-10-ccdf-plan-fy2025-2027,us-ia/policy/acf/ccdf-plan/fy2025-2027,no,Amendment 1 (approved 2026-03-26) is the taken plan
us-ia,ccdf-s29,federal_with_state_option,state regulation/manual for the subsidy program (CCAP/CCS/ERDC/Wisconsin Shares etc.),REVIEW,,,yes,no selected scope carries the state's child-care subsidy rulebook (heading scan of the selected TANF/combined scope 2026-09-12 found no subsidy chapter) and no queue row inventoried it
us-ia,ccdf-s30,federal_with_state_option,state rate schedules / MRS sheets / transmittals (state-published),REVIEW,,,yes,current rate/copay schedule family not inventoried for this state; the plan carries the values as of its submission only
us-id,ccdf-s01,federal_with_state_option,CCDF state plan 1.1-1.2,PRESENT,us-id/policy/2026-09-10-ccdf-plan-fy2025-2027,us-id/policy/acf/ccdf-plan/fy2025-2027/1.1,no,plan section '1.1 CCDF Leadership' | a joint interagency office to represent the State or Territory as the Lead Agency. The Lead Agency agrees to administer the program in accordance with
us-id,ccdf-s02,federal_with_state_option,CCDF state plan 2.2.1,PRESENT,us-id/policy/2026-09-10-ccdf-plan-fy2025-2027,us-id/policy/acf/ccdf-plan/fy2025-2027/2.2,yes,"plan section '2.2 Eligible Children and Families' | At eligibility determination or redetermination, children must (1) be younger than age 13; (2) reside with a family whose income does not exceed 85 percent of"
us-id,ccdf-s03,federal_with_state_option,CCDF state plan 2.2.2,PRESENT,us-id/policy/2026-09-10-ccdf-plan-fy2025-2027,us-id/policy/acf/ccdf-plan/fy2025-2027/2.2,partial,"plan section '2.2 Eligible Children and Families' | or attending a job training or educational program (which can include job search) or (b) receive, or need to receive, protective services as defined b"
us-id,ccdf-s04,federal_with_state_option,CCDF state plan 2.2.3-2.2.4,PRESENT,us-id/policy/2026-09-10-ccdf-plan-fy2025-2027,us-id/policy/acf/ccdf-plan/fy2025-2027/2.2,yes,plan section '2.2 Eligible Children and Families' | x] No. [ ] Yes. 2.2.3 Eligibility criteria: deciding entity on family income limits How are income eligibility limits established? [x] There is a statewi
us-id,ccdf-s05,federal_with_state_option,CCDF state plan 2.5.5,PRESENT,us-id/policy/2026-09-10-ccdf-plan-fy2025-2027,us-id/policy/acf/ccdf-plan/fy2025-2027/2.5,yes,plan section '2.5 Promoting Continuity of Care' | gency’s income eligibility threshold but not the federal threshold of 85 percent of SMI; and • Regardless of temporary changes in participation in wor
us-id,ccdf-s06,federal_with_state_option,CCDF state plan 2.2.6,PRESENT,us-id/policy/2026-09-10-ccdf-plan-fy2025-2027,us-id/policy/acf/ccdf-plan/fy2025-2027/2.2,partial,"plan section '2.2 Eligible Children and Families' | ) for a family of the same size and whose family assets do not exceed $1,000,000; and (3)(a) reside with a parent or parents who are working or attend"
us-id,ccdf-s07,federal_with_state_option,CCDF state plan 2.2.5,PRESENT,us-id/policy/2026-09-10-ccdf-plan-fy2025-2027,us-id/policy/acf/ccdf-plan/fy2025-2027/2.2,yes,plan section '2.2 Eligible Children and Families' | ldren-families/apply-child-care- assistance 2.2.5 Income eligibility: irregular fluctuations in earnings Lead Agencies must take into account irregular fluctuati
us-id,ccdf-s08,federal_with_state_option,CCDF state plan 2.2.7,PRESENT,us-id/policy/2026-09-10-ccdf-plan-fy2025-2027,us-id/policy/acf/ccdf-plan/fy2025-2027/2.2,partial,"plan section '2.2 Eligible Children and Families' | ion or redetermination, children must (1) be younger than age 13; (2) reside with a family whose income does not exceed 85 percent of the State's"
us-id,ccdf-s09,federal_with_state_option,CCDF state plan 2.2 / 2.3,PRESENT,us-id/policy/2026-09-10-ccdf-plan-fy2025-2027,us-id/policy/acf/ccdf-plan/fy2025-2027/2.2,no,"plan section '2.2 Eligible Children and Families' | am (which can include job search) or (b) receive, or need to receive, protective services as defined by the Lead Agency. 2.2.1 Eligibility criteria: age of chi"
us-id,ccdf-s10,federal_with_state_option,CCDF state plan 2.3.1-2.3.3,PRESENT,us-id/policy/2026-09-10-ccdf-plan-fy2025-2027,us-id/policy/acf/ccdf-plan/fy2025-2027/2.3,no,"plan section '2.3 Prioritizing Services for Vulnerable Children and Famili' | Lead Agencies must give priority for child care assistance to children with special needs, families w"
us-id,ccdf-s11,federal_with_state_option,CCDF state plan 2.5.2,PRESENT,us-id/policy/2026-09-10-ccdf-plan-fy2025-2027,us-id/policy/acf/ccdf-plan/fy2025-2027/2.5,no,"plan section '2.5 Promoting Continuity of Care' | are when authorizing child care services and must establish a minimum 12-month period for each child, both at the initial eligibility determination"
us-id,ccdf-s12,federal_with_state_option,CCDF state plan 2.5.3,PRESENT,us-id/policy/2026-09-10-ccdf-plan-fy2025-2027,us-id/policy/acf/ccdf-plan/fy2025-2027/2.5,no,"plan section '2.5 Promoting Continuity of Care' | d above. In these cases only, Lead Agencies may establish a period of 3 months or longer. 6. Any change in age, including a child turning 13 years o"
us-id,ccdf-s13,federal_with_state_option,CCDF state plan 2.5.4,PRESENT,us-id/policy/2026-09-10-ccdf-plan-fy2025-2027,us-id/policy/acf/ccdf-plan/fy2025-2027/2.5,no,"plan section '2.5 Promoting Continuity of Care' | families retaining eligibility. This requirement is: • Regardless of changes in income, Lead Agencies may not terminate CCDF assistance during the minimum 1"
us-id,ccdf-s14,federal_with_state_option,CCDF state plan 2.1 / 2.5,PRESENT,us-id/policy/2026-09-10-ccdf-plan-fy2025-2027,us-id/policy/acf/ccdf-plan/fy2025-2027/2.1,no,plan section '2.1 Reducing Barriers to Family Enrollment and Redeterminati' | l that apply and describe those elements checked. i. [ ] Establishing presumptive eligibility while eligibility is being determined. Describe the polic
us-id,ccdf-s15,federal_with_state_option,CCDF state plan 3.1.1-3.1.2 (fee table),PRESENT,us-id/policy/2026-09-10-ccdf-plan-fy2025-2027,us-id/policy/acf/ccdf-plan/fy2025-2027/3.1,yes,plan section '3.1 Family Co-payments' | Lead Agencies must establish and periodically revise a sliding-fee scale for families receiving CCDF services that varies based on income and
us-id,ccdf-s16,federal_with_state_option,CCDF state plan 3.2.1,PRESENT,us-id/policy/2026-09-10-ccdf-plan-fy2025-2027,us-id/policy/acf/ccdf-plan/fy2025-2027/3.2,yes,"plan section '3.2 Calculation of Co-Payment' | Lead agencies must calculate a family’s contribution (or co-payment), taking into account income and family size, and Lead"
us-id,ccdf-s17,federal_with_state_option,CCDF state plan 3.3.1,PRESENT,us-id/policy/2026-09-10-ccdf-plan-fy2025-2027,us-id/policy/acf/ccdf-plan/fy2025-2027/3.3,partial,plan section '3.3 Waiving Family Co-payment' | 3.3.1 Waiving family co-payment The Lead Agency may waive family contributions/c
us-id,ccdf-s18,federal_with_state_option,CCDF state plan 4.1.1,PRESENT,us-id/policy/2026-09-10-ccdf-plan-fy2025-2027,us-id/policy/acf/ccdf-plan/fy2025-2027/4.1,partial,plan section '4.1 Access to Full Range of Provider Options' | rs and offer assistance with child care services through a child care certificate (or voucher) or with a child care provider that has a grant or contra
us-id,ccdf-s19,federal_with_state_option,CCDF state plan 4.2,PRESENT,us-id/policy/2026-09-10-ccdf-plan-fy2025-2027,us-id/policy/acf/ccdf-plan/fy2025-2027/4.2,no,plan section '4.2 Assess Market Rates and Analyze the Cost of Child Care' | y valid and reliable data and have the option to conduct either a (1) market rate survey (MRS) reflecting variations in the price to parents of child care ser
us-id,ccdf-s20,federal_with_state_option,CCDF state plan 4.3.1-4.3.2 (rate tables as of plan date),PRESENT,us-id/policy/2026-09-10-ccdf-plan-fy2025-2027,us-id/policy/acf/ccdf-plan/fy2025-2027/4.3,yes,plan section '4.3 Adequate Payment Rates' | The Lead Agency must set CCDF subsidy payment rates in accordance with the results of the current MRS or ACF pre-approved
us-id,ccdf-s21,federal_with_state_option,CCDF state plan 4.3.3,PRESENT,us-id/policy/2026-09-10-ccdf-plan-fy2025-2027,us-id/policy/acf/ccdf-plan/fy2025-2027/4.3,partial,"plan section '4.3 Adequate Payment Rates' | rates below. Base rates are the lowest, foundational rates before any differentials are added (e.g., for higher quality or other purposes) and must be s"
us-id,ccdf-s22,federal_with_state_option,CCDF state plan 4.4.1-4.4.3,PRESENT,us-id/policy/2026-09-10-ccdf-plan-fy2025-2027,us-id/policy/acf/ccdf-plan/fy2025-2027/4.4,no,"plan section '4.4 Payment Practices to Providers' | cost of child care services based on paying by the child’s authorized enrollment, or if impracticable, an alternative approach that will not undermine"
us-id,ccdf-s23,federal_with_state_option,CCDF state plan section 5,PRESENT,us-id/policy/2026-09-10-ccdf-plan-fy2025-2027,us-id/policy/acf/ccdf-plan/fy2025-2027/5.1,no,plan section '5.1 Licensing Requirements' | Each Lead Agency must ensure it has in effect licensing requirements applicable to all child care services provided within
us-id,ccdf-s24,federal_with_state_option,CCDF state plan 2.2.9,PRESENT,us-id/policy/2026-09-10-ccdf-plan-fy2025-2027,us-id/policy/acf/ccdf-plan/fy2025-2027/2.2,no,plan section '2.2 Eligible Children and Families' | ied every 12 months. [ ] [ ] Other. Describe how you verify: NA 2.2.9 Exception to TANF work requirements Lead Agencies must ensure that families with young children participa
us-id,ccdf-s25,federal_with_state_option,CCDF state plan 10.1-10.2,PRESENT,us-id/policy/2026-09-10-ccdf-plan-fy2025-2027,us-id/policy/acf/ccdf-plan/fy2025-2027/10.2,no,"plan section '10.2 Fraud Investigation, Payment Recovery, and Sanctions' | Lead Agencies must have the necessary controls to identify fraud and other program violations to ensure program integrity. Program vio"
us-id,ccdf-s26,federal_with_state_option,CCDF state plan (Lead Agency publication reached via the ACF index),PRESENT,us-id/policy/2026-09-10-ccdf-plan-fy2025-2027,us-id/policy/acf/ccdf-plan/fy2025-2027,no,"plan root + 41 subsections; plan status: Approved as of 2024-11-09 (located on retry 2 2026-09-10T21:35Z from a US network: publicdocuments.dhw.idaho.gov now answers after TCP connect timeouts on the first two passes; the index links the Laserfiche WebLink DocView page id=32013, whose viewer serves the file from the same repository's ElectronicFile.aspx endpoint, taken as source_url)"
us-id,ccdf-s27,federal_with_state_option,"ACF-hosted Appendix PDF on the FY 2025-2027 index (51 listed, 0 taken)",EXTRACTABLE,,,no,"ACF-hosted Appendix 1 PDF listed on acf.gov/occ/form/approved-ccdf-plans-fy-2025-2027 for all 50 states + DC (51 listed, 0 taken; run note 'Appendix family not taken')"
us-id,ccdf-s28,federal_with_state_option,"amended plans posted on Lead Agency pages (inventoried, not taken except where the only posted version)",REVIEW,,,no,queue row records no amendment on the Lead Agency page; whether an amendment has since been approved is unverified
us-id,ccdf-s29,federal_with_state_option,state regulation/manual for the subsidy program (CCAP/CCS/ERDC/Wisconsin Shares etc.),EXTRACTABLE,,,yes,"IDAPA 16.06.12 Idaho Child Care Program rules on the OARC current-rules index (371 chapters), not taken"
us-id,ccdf-s30,federal_with_state_option,state rate schedules / MRS sheets / transmittals (state-published),EXTRACTABLE,,,yes,"ICCP copay chart and local market rates listed on the IDHW page, not taken (run-note inventory)"
us-il,ccdf-s01,federal_with_state_option,CCDF state plan 1.1-1.2,PRESENT,us-il/policy/2026-09-10-ccdf-plan-fy2025-2027,us-il/policy/acf/ccdf-plan/fy2025-2027/1.1,no,plan section 'CCDF Leadership' | a joint interagency office to represent the State or Territory as the Lead Agency. The Lead Agency agrees to administer the program in accordance with
us-il,ccdf-s02,federal_with_state_option,CCDF state plan 2.2.1,PRESENT,us-il/policy/2026-09-10-ccdf-plan-fy2025-2027,us-il/policy/acf/ccdf-plan/fy2025-2027/2.2,yes,"plan section 'Eligible Children and Families' | At eligibility determination or redetermination, children must (1) be younger than age 13; (2) reside with a family whose income does not exceed 85 percent of"
us-il,ccdf-s03,federal_with_state_option,CCDF state plan 2.2.2,PRESENT,us-il/policy/2026-09-10-ccdf-plan-fy2025-2027,us-il/policy/acf/ccdf-plan/fy2025-2027/2.2,partial,"plan section 'Eligible Children and Families' | r attending a job training or educational program (which can include job search) or (b) receive, or need to receive, protective services as defined b"
us-il,ccdf-s04,federal_with_state_option,CCDF state plan 2.2.3-2.2.4,PRESENT,us-il/policy/2026-09-10-ccdf-plan-fy2025-2027,us-il/policy/acf/ccdf-plan/fy2025-2027/2.2,yes,plan section 'Eligible Children and Families' | es? No. Yes. 2.2.3 Eligibility criteria: deciding entity on family income limits How are income eligibility limits established? There is a statewide
us-il,ccdf-s05,federal_with_state_option,CCDF state plan 2.5.5,PRESENT,us-il/policy/2026-09-10-ccdf-plan-fy2025-2027,us-il/policy/acf/ccdf-plan/fy2025-2027/2.5,yes,"plan section 'Promoting Continuity of Care' | ended prior to the end of the 12th month in cases of income exceeding 85% SMI, relocation outside of Illinois, or after a 3-month grace period"
us-il,ccdf-s06,federal_with_state_option,CCDF state plan 2.2.6,PRESENT,us-il/policy/2026-09-10-ccdf-plan-fy2025-2027,us-il/policy/acf/ccdf-plan/fy2025-2027/2.2,partial,"plan section 'Eligible Children and Families' | ) for a family of the same size and whose family assets do not exceed $1,000,000; and (3)(a) reside with a parent or parents who are working or attend"
us-il,ccdf-s07,federal_with_state_option,CCDF state plan 2.2.5,PRESENT,us-il/policy/2026-09-10-ccdf-plan-fy2025-2027,us-il/policy/acf/ccdf-plan/fy2025-2027/2.2,yes,plan section 'Eligible Children and Families' | library/12/documents/Forms/IL444-3455B.pdf 2.2.5 Income eligibility: irregular fluctuations in earnings Lead Agencies must take into account irregular fluctuat
us-il,ccdf-s08,federal_with_state_option,CCDF state plan 2.2.7,PRESENT,us-il/policy/2026-09-10-ccdf-plan-fy2025-2027,us-il/policy/acf/ccdf-plan/fy2025-2027/2.2,partial,"plan section 'Eligible Children and Families' | ion or redetermination, children must (1) be younger than age 13; (2) reside with a family whose income does not exceed 85 percent of the State's"
us-il,ccdf-s09,federal_with_state_option,CCDF state plan 2.2 / 2.3,PRESENT,us-il/policy/2026-09-10-ccdf-plan-fy2025-2027,us-il/policy/acf/ccdf-plan/fy2025-2027/2.2,no,"plan section 'Eligible Children and Families' | m (which can include job search) or (b) receive, or need to receive, protective services as defined by the Lead Agency. 2.2.1 Eligibility criteria: age of ch"
us-il,ccdf-s10,federal_with_state_option,CCDF state plan 2.3.1-2.3.3,PRESENT,us-il/policy/2026-09-10-ccdf-plan-fy2025-2027,us-il/policy/acf/ccdf-plan/fy2025-2027/2.3,no,"plan section 'Prioritizing Services for Vulnerable Children and Families' | Lead Agencies must give priority for child care assistance to children with special needs, families w"
us-il,ccdf-s11,federal_with_state_option,CCDF state plan 2.5.2,PRESENT,us-il/policy/2026-09-10-ccdf-plan-fy2025-2027,us-il/policy/acf/ccdf-plan/fy2025-2027/2.5,no,"plan section 'Promoting Continuity of Care' | are when authorizing child care services and must establish a minimum 12-month period for each child, both at the initial eligibility determination"
us-il,ccdf-s12,federal_with_state_option,CCDF state plan 2.5.3,PRESENT,us-il/policy/2026-09-10-ccdf-plan-fy2025-2027,us-il/policy/acf/ccdf-plan/fy2025-2027/2.5,no,"plan section 'Promoting Continuity of Care' | d above. In these cases only, Lead Agencies may establish a period of 3 months or longer. 6. Any change in age, including a child turning 13 years"
us-il,ccdf-s13,federal_with_state_option,CCDF state plan 2.5.4,PRESENT,us-il/policy/2026-09-10-ccdf-plan-fy2025-2027,us-il/policy/acf/ccdf-plan/fy2025-2027/2.5,no,"plan section 'Promoting Continuity of Care' | o families retaining eligibility. This requirement is: Regardless of changes in income, Lead Agencies may not terminate CCDF assistance during the minimum 1"
us-il,ccdf-s14,federal_with_state_option,CCDF state plan 2.1 / 2.5,PRESENT,us-il/policy/2026-09-10-ccdf-plan-fy2025-2027,us-il/policy/acf/ccdf-plan/fy2025-2027/2.1,no,plan section 'Reducing Barriers to Family Enrollment and Redetermination' | all that apply and describe those elements checked. i. Establishing presumptive eligibility while eligibility is being determined. Describe the polic
us-il,ccdf-s15,federal_with_state_option,CCDF state plan 3.1.1-3.1.2 (fee table),PRESENT,us-il/policy/2026-09-10-ccdf-plan-fy2025-2027,us-il/policy/acf/ccdf-plan/fy2025-2027/3.1,yes,plan section 'Family Co-payments' | Lead Agencies must establish and periodically revise a sliding-fee scale for families receiving CCDF services that varies based on income and
us-il,ccdf-s16,federal_with_state_option,CCDF state plan 3.2.1,PRESENT,us-il/policy/2026-09-10-ccdf-plan-fy2025-2027,us-il/policy/acf/ccdf-plan/fy2025-2027/3.2,yes,"plan section 'Calculation of Co-Payment' | Lead agencies must calculate a family's contribution (or co-payment), taking into account income and family size, and Lead"
us-il,ccdf-s17,federal_with_state_option,CCDF state plan 3.3.1,PRESENT,us-il/policy/2026-09-10-ccdf-plan-fy2025-2027,us-il/policy/acf/ccdf-plan/fy2025-2027/3.3,partial,plan section 'Waiving Family Co-payment' | 3.3.1 Waiving family co-payment The Lead Agency may waive family contributions/
us-il,ccdf-s18,federal_with_state_option,CCDF state plan 4.1.1,PRESENT,us-il/policy/2026-09-10-ccdf-plan-fy2025-2027,us-il/policy/acf/ccdf-plan/fy2025-2027/4.1,partial,plan section 'Access to Full Range of Provider Options' | rs and offer assistance with child care services through a child care certificate (or voucher) or with a child care provider that has a grant or contra
us-il,ccdf-s19,federal_with_state_option,CCDF state plan 4.2,PRESENT,us-il/policy/2026-09-10-ccdf-plan-fy2025-2027,us-il/policy/acf/ccdf-plan/fy2025-2027/4.2,no,plan section 'Assess Market Rates and Analyze the Cost of Child Care' | y valid and reliable data and have the option to conduct either a (1) market rate survey (MRS) reflecting variations in the price to parents of child care ser
us-il,ccdf-s20,federal_with_state_option,CCDF state plan 4.3.1-4.3.2 (rate tables as of plan date),PRESENT,us-il/policy/2026-09-10-ccdf-plan-fy2025-2027,us-il/policy/acf/ccdf-plan/fy2025-2027/4.3,yes,plan section 'Adequate Payment Rates' | The Lead Agency must set CCDF subsidy payment rates in accordance with the results of the current MRS or ACF pre-approved
us-il,ccdf-s21,federal_with_state_option,CCDF state plan 4.3.3,PRESENT,us-il/policy/2026-09-10-ccdf-plan-fy2025-2027,us-il/policy/acf/ccdf-plan/fy2025-2027/4.3,partial,"plan section 'Adequate Payment Rates' | ates below. Base rates are the lowest, foundational rates before any differentials are added (e.g., for higher quality or other purposes) and must be s"
us-il,ccdf-s22,federal_with_state_option,CCDF state plan 4.4.1-4.4.3,PRESENT,us-il/policy/2026-09-10-ccdf-plan-fy2025-2027,us-il/policy/acf/ccdf-plan/fy2025-2027/4.4,no,"plan section 'Payment Practices to Providers' | cost of child care services based on paying by the child's authorized enrollment, or if impracticable, an alternative approach that will not undermine"
us-il,ccdf-s23,federal_with_state_option,CCDF state plan section 5,PRESENT,us-il/policy/2026-09-10-ccdf-plan-fy2025-2027,us-il/policy/acf/ccdf-plan/fy2025-2027/5.1,no,plan section 'Licensing Requirements' | Each Lead Agency must ensure it has in effect licensing requirements applicable to all child care services provided within
us-il,ccdf-s24,federal_with_state_option,CCDF state plan 2.2.9,PRESENT,us-il/policy/2026-09-10-ccdf-plan-fy2025-2027,us-il/policy/acf/ccdf-plan/fy2025-2027/2.2,no,plan section 'Eligible Children and Families' | fy: Self-certified [ ] [ ] Other. Describe how you verify: N/A 2.2.9 Exception to TANF work requirements Lead Agencies must ensure that families with young children particip
us-il,ccdf-s25,federal_with_state_option,CCDF state plan 10.1-10.2,PRESENT,us-il/policy/2026-09-10-ccdf-plan-fy2025-2027,us-il/policy/acf/ccdf-plan/fy2025-2027/10.2,no,"plan section 'Fraud Investigation, Payment Recovery, and Sanctions' | Lead Agencies must have the necessary controls to identify fraud and other program violations to ensure program integrity. Program vio"
us-il,ccdf-s26,federal_with_state_option,CCDF state plan (Lead Agency publication reached via the ACF index),PRESENT,us-il/policy/2026-09-10-ccdf-plan-fy2025-2027,us-il/policy/acf/ccdf-plan/fy2025-2027,no,plan root + 41 subsections; plan status: Published as an HTML page (no PDF on the publisher's index)
us-il,ccdf-s27,federal_with_state_option,"ACF-hosted Appendix PDF on the FY 2025-2027 index (51 listed, 0 taken)",EXTRACTABLE,,,no,"ACF-hosted Appendix 1 PDF listed on acf.gov/occ/form/approved-ccdf-plans-fy-2025-2027 for all 50 states + DC (51 listed, 0 taken; run note 'Appendix family not taken')"
us-il,ccdf-s28,federal_with_state_option,"amended plans posted on Lead Agency pages (inventoried, not taken except where the only posted version)",REVIEW,,,no,queue row records no amendment on the Lead Agency page; whether an amendment has since been approved is unverified
us-il,ccdf-s29,federal_with_state_option,state regulation/manual for the subsidy program (CCAP/CCS/ERDC/Wisconsin Shares etc.),PRESENT,us-il/manual/2026-05-27-il-cash-snap-medical-manual-r2026-07-15-self-contained,us-il/manual/dhs/csmm/14279/block-1,yes,heading='WAG 06-16-01: Client Rights' | 6 body matches | availability of child care. Provide the client with information about child care assistance. Encourage a client who has child care to have a back-up child care p
us-il,ccdf-s30,federal_with_state_option,state rate schedules / MRS sheets / transmittals (state-published),REVIEW,,,yes,current rate/copay schedule family not inventoried for this state; the plan carries the values as of its submission only
us-in,ccdf-s01,federal_with_state_option,CCDF state plan 1.1-1.2,EXTRACTABLE,,,no,"carried by the certified plan the publisher posts; publisher posts the certified 2024-06-30 submission (399 pages, non-CARS layout with attached state rules; the CARS section pattern matched 5 labels so it was not extracted); an adapter/pattern change would take it"
us-in,ccdf-s02,federal_with_state_option,CCDF state plan 2.2.1,EXTRACTABLE,,,yes,"carried by the certified plan the publisher posts; publisher posts the certified 2024-06-30 submission (399 pages, non-CARS layout with attached state rules; the CARS section pattern matched 5 labels so it was not extracted); an adapter/pattern change would take it"
us-in,ccdf-s03,federal_with_state_option,CCDF state plan 2.2.2,EXTRACTABLE,,,partial,"carried by the certified plan the publisher posts; publisher posts the certified 2024-06-30 submission (399 pages, non-CARS layout with attached state rules; the CARS section pattern matched 5 labels so it was not extracted); an adapter/pattern change would take it"
us-in,ccdf-s04,federal_with_state_option,CCDF state plan 2.2.3-2.2.4,EXTRACTABLE,,,yes,"carried by the certified plan the publisher posts; publisher posts the certified 2024-06-30 submission (399 pages, non-CARS layout with attached state rules; the CARS section pattern matched 5 labels so it was not extracted); an adapter/pattern change would take it"
us-in,ccdf-s05,federal_with_state_option,CCDF state plan 2.5.5,EXTRACTABLE,,,yes,"carried by the certified plan the publisher posts; publisher posts the certified 2024-06-30 submission (399 pages, non-CARS layout with attached state rules; the CARS section pattern matched 5 labels so it was not extracted); an adapter/pattern change would take it"
us-in,ccdf-s06,federal_with_state_option,CCDF state plan 2.2.6,EXTRACTABLE,,,partial,"carried by the certified plan the publisher posts; publisher posts the certified 2024-06-30 submission (399 pages, non-CARS layout with attached state rules; the CARS section pattern matched 5 labels so it was not extracted); an adapter/pattern change would take it"
us-in,ccdf-s07,federal_with_state_option,CCDF state plan 2.2.5,EXTRACTABLE,,,yes,"carried by the certified plan the publisher posts; publisher posts the certified 2024-06-30 submission (399 pages, non-CARS layout with attached state rules; the CARS section pattern matched 5 labels so it was not extracted); an adapter/pattern change would take it"
us-in,ccdf-s08,federal_with_state_option,CCDF state plan 2.2.7,EXTRACTABLE,,,partial,"carried by the certified plan the publisher posts; publisher posts the certified 2024-06-30 submission (399 pages, non-CARS layout with attached state rules; the CARS section pattern matched 5 labels so it was not extracted); an adapter/pattern change would take it"
us-in,ccdf-s09,federal_with_state_option,CCDF state plan 2.2 / 2.3,EXTRACTABLE,,,no,"carried by the certified plan the publisher posts; publisher posts the certified 2024-06-30 submission (399 pages, non-CARS layout with attached state rules; the CARS section pattern matched 5 labels so it was not extracted); an adapter/pattern change would take it"
us-in,ccdf-s10,federal_with_state_option,CCDF state plan 2.3.1-2.3.3,EXTRACTABLE,,,no,"carried by the certified plan the publisher posts; publisher posts the certified 2024-06-30 submission (399 pages, non-CARS layout with attached state rules; the CARS section pattern matched 5 labels so it was not extracted); an adapter/pattern change would take it"
us-in,ccdf-s11,federal_with_state_option,CCDF state plan 2.5.2,EXTRACTABLE,,,no,"carried by the certified plan the publisher posts; publisher posts the certified 2024-06-30 submission (399 pages, non-CARS layout with attached state rules; the CARS section pattern matched 5 labels so it was not extracted); an adapter/pattern change would take it"
us-in,ccdf-s12,federal_with_state_option,CCDF state plan 2.5.3,EXTRACTABLE,,,no,"carried by the certified plan the publisher posts; publisher posts the certified 2024-06-30 submission (399 pages, non-CARS layout with attached state rules; the CARS section pattern matched 5 labels so it was not extracted); an adapter/pattern change would take it"
us-in,ccdf-s13,federal_with_state_option,CCDF state plan 2.5.4,EXTRACTABLE,,,no,"carried by the certified plan the publisher posts; publisher posts the certified 2024-06-30 submission (399 pages, non-CARS layout with attached state rules; the CARS section pattern matched 5 labels so it was not extracted); an adapter/pattern change would take it"
us-in,ccdf-s14,federal_with_state_option,CCDF state plan 2.1 / 2.5,EXTRACTABLE,,,no,"carried by the certified plan the publisher posts; publisher posts the certified 2024-06-30 submission (399 pages, non-CARS layout with attached state rules; the CARS section pattern matched 5 labels so it was not extracted); an adapter/pattern change would take it"
us-in,ccdf-s15,federal_with_state_option,CCDF state plan 3.1.1-3.1.2 (fee table),EXTRACTABLE,,,yes,"carried by the certified plan the publisher posts; publisher posts the certified 2024-06-30 submission (399 pages, non-CARS layout with attached state rules; the CARS section pattern matched 5 labels so it was not extracted); an adapter/pattern change would take it"
us-in,ccdf-s16,federal_with_state_option,CCDF state plan 3.2.1,EXTRACTABLE,,,yes,"carried by the certified plan the publisher posts; publisher posts the certified 2024-06-30 submission (399 pages, non-CARS layout with attached state rules; the CARS section pattern matched 5 labels so it was not extracted); an adapter/pattern change would take it"
us-in,ccdf-s17,federal_with_state_option,CCDF state plan 3.3.1,EXTRACTABLE,,,partial,"carried by the certified plan the publisher posts; publisher posts the certified 2024-06-30 submission (399 pages, non-CARS layout with attached state rules; the CARS section pattern matched 5 labels so it was not extracted); an adapter/pattern change would take it"
us-in,ccdf-s18,federal_with_state_option,CCDF state plan 4.1.1,EXTRACTABLE,,,partial,"carried by the certified plan the publisher posts; publisher posts the certified 2024-06-30 submission (399 pages, non-CARS layout with attached state rules; the CARS section pattern matched 5 labels so it was not extracted); an adapter/pattern change would take it"
us-in,ccdf-s19,federal_with_state_option,CCDF state plan 4.2,EXTRACTABLE,,,no,"carried by the certified plan the publisher posts; publisher posts the certified 2024-06-30 submission (399 pages, non-CARS layout with attached state rules; the CARS section pattern matched 5 labels so it was not extracted); an adapter/pattern change would take it"
us-in,ccdf-s20,federal_with_state_option,CCDF state plan 4.3.1-4.3.2 (rate tables as of plan date),EXTRACTABLE,,,yes,"carried by the certified plan the publisher posts; publisher posts the certified 2024-06-30 submission (399 pages, non-CARS layout with attached state rules; the CARS section pattern matched 5 labels so it was not extracted); an adapter/pattern change would take it"
us-in,ccdf-s21,federal_with_state_option,CCDF state plan 4.3.3,EXTRACTABLE,,,partial,"carried by the certified plan the publisher posts; publisher posts the certified 2024-06-30 submission (399 pages, non-CARS layout with attached state rules; the CARS section pattern matched 5 labels so it was not extracted); an adapter/pattern change would take it"
us-in,ccdf-s22,federal_with_state_option,CCDF state plan 4.4.1-4.4.3,EXTRACTABLE,,,no,"carried by the certified plan the publisher posts; publisher posts the certified 2024-06-30 submission (399 pages, non-CARS layout with attached state rules; the CARS section pattern matched 5 labels so it was not extracted); an adapter/pattern change would take it"
us-in,ccdf-s23,federal_with_state_option,CCDF state plan section 5,EXTRACTABLE,,,no,"carried by the certified plan the publisher posts; publisher posts the certified 2024-06-30 submission (399 pages, non-CARS layout with attached state rules; the CARS section pattern matched 5 labels so it was not extracted); an adapter/pattern change would take it"
us-in,ccdf-s24,federal_with_state_option,CCDF state plan 2.2.9,EXTRACTABLE,,,no,"carried by the certified plan the publisher posts; publisher posts the certified 2024-06-30 submission (399 pages, non-CARS layout with attached state rules; the CARS section pattern matched 5 labels so it was not extracted); an adapter/pattern change would take it"
us-in,ccdf-s25,federal_with_state_option,CCDF state plan 10.1-10.2,EXTRACTABLE,,,no,"carried by the certified plan the publisher posts; publisher posts the certified 2024-06-30 submission (399 pages, non-CARS layout with attached state rules; the CARS section pattern matched 5 labels so it was not extracted); an adapter/pattern change would take it"
us-in,ccdf-s26,federal_with_state_option,CCDF state plan (Lead Agency publication reached via the ACF index),EXTRACTABLE,,,no,"publisher posts the certified 2024-06-30 submission (399 pages, non-CARS layout with attached state rules; the CARS section pattern matched 5 labels so it was not extracted); an adapter/pattern change would take it"
us-in,ccdf-s27,federal_with_state_option,"ACF-hosted Appendix PDF on the FY 2025-2027 index (51 listed, 0 taken)",EXTRACTABLE,,,no,"ACF-hosted Appendix 1 PDF listed on acf.gov/occ/form/approved-ccdf-plans-fy-2025-2027 for all 50 states + DC (51 listed, 0 taken; run note 'Appendix family not taken')"
us-in,ccdf-s28,federal_with_state_option,"amended plans posted on Lead Agency pages (inventoried, not taken except where the only posted version)",REVIEW,,,no,queue row records no amendment on the Lead Agency page; whether an amendment has since been approved is unverified
us-in,ccdf-s29,federal_with_state_option,state regulation/manual for the subsidy program (CCAP/CCS/ERDC/Wisconsin Shares etc.),EXTRACTABLE,,,yes,"IN FSSA CCDF Policy Manual (in.gov/fssa/carefinder/files/CCDF-Policy-Manual.pdf, HTTP 200, 4.4 MB) and Provider Manual answer but were not extracted (queue row 2026-09-10-ccdf-in-policy-manual, needs_review)"
us-in,ccdf-s30,federal_with_state_option,state rate schedules / MRS sheets / transmittals (state-published),REVIEW,,,yes,current rate/copay schedule family not inventoried for this state; the plan carries the values as of its submission only
us-ks,ccdf-s01,federal_with_state_option,CCDF state plan 1.1-1.2,PRESENT,us-ks/policy/2026-09-10-ccdf-plan-fy2025-2027,us-ks/policy/acf/ccdf-plan/fy2025-2027/1.1,no,plan section '1.1 CCDF Leadership' | a joint interagency office to represent the State or Territory as the Lead Agency. The Lead Agency agrees to administer the program in accordance with
us-ks,ccdf-s02,federal_with_state_option,CCDF state plan 2.2.1,PRESENT,us-ks/policy/2026-09-10-ccdf-plan-fy2025-2027,us-ks/policy/acf/ccdf-plan/fy2025-2027/2.2,yes,"plan section '2.2 Eligible Children and Families' | At eligibility determination or redetermination, children must (1) be younger than age 13; (2) reside with a family whose income does not exceed 85 percent of"
us-ks,ccdf-s03,federal_with_state_option,CCDF state plan 2.2.2,PRESENT,us-ks/policy/2026-09-10-ccdf-plan-fy2025-2027,us-ks/policy/acf/ccdf-plan/fy2025-2027/2.2,partial,"plan section '2.2 Eligible Children and Families' | or attending a job training or educational program (which can include job search) or (b) receive, or need to receive, protective services as defined b"
us-ks,ccdf-s04,federal_with_state_option,CCDF state plan 2.2.3-2.2.4,PRESENT,us-ks/policy/2026-09-10-ccdf-plan-fy2025-2027,us-ks/policy/acf/ccdf-plan/fy2025-2027/2.2,yes,plan section '2.2 Eligible Children and Families' | x] No. [ ] Yes. 2.2.3 Eligibility criteria: deciding entity on family income limits How are income eligibility limits established? [x] There is a statewi
us-ks,ccdf-s05,federal_with_state_option,CCDF state plan 2.5.5,PRESENT,us-ks/policy/2026-09-10-ccdf-plan-fy2025-2027,us-ks/policy/acf/ccdf-plan/fy2025-2027/2.5,yes,"plan section '2.5 Promoting Continuity of Care' | only required to report if their gross income increases to more than 85% of the State Median Income, changes in residence, and changes in thei"
us-ks,ccdf-s06,federal_with_state_option,CCDF state plan 2.2.6,PRESENT,us-ks/policy/2026-09-10-ccdf-plan-fy2025-2027,us-ks/policy/acf/ccdf-plan/fy2025-2027/2.2,partial,"plan section '2.2 Eligible Children and Families' | ) for a family of the same size and whose family assets do not exceed $1,000,000; and (3)(a) reside with a parent or parents who are working or attend"
us-ks,ccdf-s07,federal_with_state_option,CCDF state plan 2.2.5,PRESENT,us-ks/policy/2026-09-10-ccdf-plan-fy2025-2027,us-ks/policy/acf/ccdf-plan/fy2025-2027/2.2,yes,"plan section '2.2 Eligible Children and Families' | . [ ] Inheritance. ix. [ ] Public assistance. x. [x] Other. Describe: Income includes money received from such sources as wages, self-employment, property"
us-ks,ccdf-s08,federal_with_state_option,CCDF state plan 2.2.7,PRESENT,us-ks/policy/2026-09-10-ccdf-plan-fy2025-2027,us-ks/policy/acf/ccdf-plan/fy2025-2027/2.2,partial,"plan section '2.2 Eligible Children and Families' | ion or redetermination, children must (1) be younger than age 13; (2) reside with a family whose income does not exceed 85 percent of the State's"
us-ks,ccdf-s09,federal_with_state_option,CCDF state plan 2.2 / 2.3,PRESENT,us-ks/policy/2026-09-10-ccdf-plan-fy2025-2027,us-ks/policy/acf/ccdf-plan/fy2025-2027/2.2,no,"plan section '2.2 Eligible Children and Families' | am (which can include job search) or (b) receive, or need to receive, protective services as defined by the Lead Agency. 2.2.1 Eligibility criteria: age of chi"
us-ks,ccdf-s10,federal_with_state_option,CCDF state plan 2.3.1-2.3.3,PRESENT,us-ks/policy/2026-09-10-ccdf-plan-fy2025-2027,us-ks/policy/acf/ccdf-plan/fy2025-2027/2.3,no,"plan section '2.3 Prioritizing Services for Vulnerable Children and Famili' | Lead Agencies must give priority for child care assistance to children with special needs, families w"
us-ks,ccdf-s11,federal_with_state_option,CCDF state plan 2.5.2,PRESENT,us-ks/policy/2026-09-10-ccdf-plan-fy2025-2027,us-ks/policy/acf/ccdf-plan/fy2025-2027/2.5,no,"plan section '2.5 Promoting Continuity of Care' | are when authorizing child care services and must establish a minimum 12-month period for each child, both at the initial eligibility determination"
us-ks,ccdf-s12,federal_with_state_option,CCDF state plan 2.5.3,PRESENT,us-ks/policy/2026-09-10-ccdf-plan-fy2025-2027,us-ks/policy/acf/ccdf-plan/fy2025-2027/2.5,no,"plan section '2.5 Promoting Continuity of Care' | d above. In these cases only, Lead Agencies may establish a period of 3 months or longer. 6. Any change in age, including a child turning 13 years o"
us-ks,ccdf-s13,federal_with_state_option,CCDF state plan 2.5.4,PRESENT,us-ks/policy/2026-09-10-ccdf-plan-fy2025-2027,us-ks/policy/acf/ccdf-plan/fy2025-2027/2.5,no,"plan section '2.5 Promoting Continuity of Care' | families retaining eligibility. This requirement is: • Regardless of changes in income, Lead Agencies may not terminate CCDF assistance during the minimum 1"
us-ks,ccdf-s14,federal_with_state_option,CCDF state plan 2.1 / 2.5,PRESENT,us-ks/policy/2026-09-10-ccdf-plan-fy2025-2027,us-ks/policy/acf/ccdf-plan/fy2025-2027/2.1,no,plan section '2.1 Reducing Barriers to Family Enrollment and Redeterminati' | l that apply and describe those elements checked. i. [x] Establishing presumptive eligibility while eligibility is being determined. Describe the polic
us-ks,ccdf-s15,federal_with_state_option,CCDF state plan 3.1.1-3.1.2 (fee table),PRESENT,us-ks/policy/2026-09-10-ccdf-plan-fy2025-2027,us-ks/policy/acf/ccdf-plan/fy2025-2027/3.1,yes,plan section '3.1 Family Co-payments' | Lead Agencies must establish and periodically revise a sliding-fee scale for families receiving CCDF services that varies based on income and
us-ks,ccdf-s16,federal_with_state_option,CCDF state plan 3.2.1,PRESENT,us-ks/policy/2026-09-10-ccdf-plan-fy2025-2027,us-ks/policy/acf/ccdf-plan/fy2025-2027/3.2,yes,"plan section '3.2 Calculation of Co-Payment' | Lead agencies must calculate a family’s contribution (or co-payment), taking into account income and family size, and Lead"
us-ks,ccdf-s17,federal_with_state_option,CCDF state plan 3.3.1,PRESENT,us-ks/policy/2026-09-10-ccdf-plan-fy2025-2027,us-ks/policy/acf/ccdf-plan/fy2025-2027/3.3,partial,plan section '3.3 Waiving Family Co-payment' | 3.3.1 Waiving family co-payment The Lead Agency may waive family contributions/c
us-ks,ccdf-s18,federal_with_state_option,CCDF state plan 4.1.1,PRESENT,us-ks/policy/2026-09-10-ccdf-plan-fy2025-2027,us-ks/policy/acf/ccdf-plan/fy2025-2027/4.1,partial,plan section '4.1 Access to Full Range of Provider Options' | rs and offer assistance with child care services through a child care certificate (or voucher) or with a child care provider that has a grant or contra
us-ks,ccdf-s19,federal_with_state_option,CCDF state plan 4.2,PRESENT,us-ks/policy/2026-09-10-ccdf-plan-fy2025-2027,us-ks/policy/acf/ccdf-plan/fy2025-2027/4.2,no,plan section '4.2 Assess Market Rates and Analyze the Cost of Child Care' | y valid and reliable data and have the option to conduct either a (1) market rate survey (MRS) reflecting variations in the price to parents of child care ser
us-ks,ccdf-s20,federal_with_state_option,CCDF state plan 4.3.1-4.3.2 (rate tables as of plan date),PRESENT,us-ks/policy/2026-09-10-ccdf-plan-fy2025-2027,us-ks/policy/acf/ccdf-plan/fy2025-2027/4.3,yes,plan section '4.3 Adequate Payment Rates' | The Lead Agency must set CCDF subsidy payment rates in accordance with the results of the current MRS or ACF pre-approved
us-ks,ccdf-s21,federal_with_state_option,CCDF state plan 4.3.3,PRESENT,us-ks/policy/2026-09-10-ccdf-plan-fy2025-2027,us-ks/policy/acf/ccdf-plan/fy2025-2027/4.3,partial,"plan section '4.3 Adequate Payment Rates' | rates below. Base rates are the lowest, foundational rates before any differentials are added (e.g., for higher quality or other purposes) and must be s"
us-ks,ccdf-s22,federal_with_state_option,CCDF state plan 4.4.1-4.4.3,PRESENT,us-ks/policy/2026-09-10-ccdf-plan-fy2025-2027,us-ks/policy/acf/ccdf-plan/fy2025-2027/4.4,no,"plan section '4.4 Payment Practices to Providers' | cost of child care services based on paying by the child’s authorized enrollment, or if impracticable, an alternative approach that will not undermine"
us-ks,ccdf-s23,federal_with_state_option,CCDF state plan section 5,PRESENT,us-ks/policy/2026-09-10-ccdf-plan-fy2025-2027,us-ks/policy/acf/ccdf-plan/fy2025-2027/5.1,no,plan section '5.1 Licensing Requirements' | Each Lead Agency must ensure it has in effect licensing requirements applicable to all child care services provided within
us-ks,ccdf-s24,federal_with_state_option,CCDF state plan 2.2.9,PRESENT,us-ks/policy/2026-09-10-ccdf-plan-fy2025-2027,us-ks/policy/acf/ccdf-plan/fy2025-2027/2.2,no,plan section '2.2 Eligible Children and Families' | f resources are close to the resource limit or if questionable. 2.2.9 Exception to TANF work requirements Lead Agencies must ensure that families with young children participa
us-ks,ccdf-s25,federal_with_state_option,CCDF state plan 10.1-10.2,PRESENT,us-ks/policy/2026-09-10-ccdf-plan-fy2025-2027,us-ks/policy/acf/ccdf-plan/fy2025-2027/10.2,no,"plan section '10.2 Fraud Investigation, Payment Recovery, and Sanctions' | Lead Agencies must have the necessary controls to identify fraud and other program violations to ensure program integrity. Program vio"
us-ks,ccdf-s26,federal_with_state_option,CCDF state plan (Lead Agency publication reached via the ACF index),PRESENT,us-ks/policy/2026-09-10-ccdf-plan-fy2025-2027,us-ks/policy/acf/ccdf-plan/fy2025-2027,no,"plan root + 41 subsections; plan status: Approved as of 2024-11-09 (located on retry 2 2026-09-10T21:35Z from a US network: www.dcf.ks.gov now answers after TCP connect timeouts on the first two passes; the Child care and early education page the ACF index links carries no CCDF plan link, nor do the Child Care Subsidy and Child Care Providers pages; 'FFY 2025-2027 CCDF Initial CCDF Plan' was located with the publisher's own site search, which also lists the Initial Plan Approval Letter and the Waiver Approval Letter, not taken)"
us-ks,ccdf-s27,federal_with_state_option,"ACF-hosted Appendix PDF on the FY 2025-2027 index (51 listed, 0 taken)",EXTRACTABLE,,,no,"ACF-hosted Appendix 1 PDF listed on acf.gov/occ/form/approved-ccdf-plans-fy-2025-2027 for all 50 states + DC (51 listed, 0 taken; run note 'Appendix family not taken')"
us-ks,ccdf-s28,federal_with_state_option,"amended plans posted on Lead Agency pages (inventoried, not taken except where the only posted version)",REVIEW,,,no,queue row records no amendment on the Lead Agency page; whether an amendment has since been approved is unverified
us-ks,ccdf-s29,federal_with_state_option,state regulation/manual for the subsidy program (CCAP/CCS/ERDC/Wisconsin Shares etc.),PRESENT,us-ks/manual/2026-05-27-ks-keesm-r2026-07-15-self-contained,us-ks/manual/dcf/keesm/keesm10020/block-1,yes,"heading='10000 Child Care Providers' | 7 body matches | arly Head Start/Head Start agencies for full-day, full year services. Child care subsidy is not utilized for this initiative unless specifically addressed bel"
us-ks,ccdf-s30,federal_with_state_option,state rate schedules / MRS sheets / transmittals (state-published),REVIEW,,,yes,current rate/copay schedule family not inventoried for this state; the plan carries the values as of its submission only
us-ky,ccdf-s01,federal_with_state_option,CCDF state plan 1.1-1.2,PRESENT,us-ky/policy/2026-09-10-ccdf-plan-fy2025-2027,us-ky/policy/acf/ccdf-plan/fy2025-2027/1.1,no,plan section '1.1 CCDF Leadership' | a joint interagency office to represent the State or Territory as the Lead Agency. The Lead Agency agrees to administer the program in accordance with
us-ky,ccdf-s02,federal_with_state_option,CCDF state plan 2.2.1,PRESENT,us-ky/policy/2026-09-10-ccdf-plan-fy2025-2027,us-ky/policy/acf/ccdf-plan/fy2025-2027/2.2,yes,"plan section '2.2 Eligible Children and Families' | At eligibility determination or redetermination, children must (1) be younger than age 13; (2) reside with a family whose income does not exceed 85 percent of"
us-ky,ccdf-s03,federal_with_state_option,CCDF state plan 2.2.2,PRESENT,us-ky/policy/2026-09-10-ccdf-plan-fy2025-2027,us-ky/policy/acf/ccdf-plan/fy2025-2027/2.2,partial,"plan section '2.2 Eligible Children and Families' | or attending a job training or educational program (which can include job search) or (b) receive, or need to receive, protective services as defined b"
us-ky,ccdf-s04,federal_with_state_option,CCDF state plan 2.2.3-2.2.4,PRESENT,us-ky/policy/2026-09-10-ccdf-plan-fy2025-2027,us-ky/policy/acf/ccdf-plan/fy2025-2027/2.2,yes,plan section '2.2 Eligible Children and Families' | ] No. [x] Yes. 2.2.3 Eligibility criteria: deciding entity on family income limits How are income eligibility limits established? [x] There is a statewi
us-ky,ccdf-s05,federal_with_state_option,CCDF state plan 2.5.5,PRESENT,us-ky/policy/2026-09-10-ccdf-plan-fy2025-2027,us-ky/policy/acf/ccdf-plan/fy2025-2027/2.5,yes,plan section '2.5 Promoting Continuity of Care' | gency’s income eligibility threshold but not the federal threshold of 85 percent of SMI; and • Regardless of temporary changes in participation in wor
us-ky,ccdf-s06,federal_with_state_option,CCDF state plan 2.2.6,PRESENT,us-ky/policy/2026-09-10-ccdf-plan-fy2025-2027,us-ky/policy/acf/ccdf-plan/fy2025-2027/2.2,partial,"plan section '2.2 Eligible Children and Families' | ) for a family of the same size and whose family assets do not exceed $1,000,000; and (3)(a) reside with a parent or parents who are working or attend"
us-ky,ccdf-s07,federal_with_state_option,CCDF state plan 2.2.5,PRESENT,us-ky/policy/2026-09-10-ccdf-plan-fy2025-2027,us-ky/policy/acf/ccdf-plan/fy2025-2027/2.2,yes,plan section '2.2 Eligible Children and Families' | v/agencies/dcbs/dfs/Documents/omvolviii.pdf 2.2.5 Income eligibility: irregular fluctuations in earnings Lead Agencies must take into account irregular fluctuati
us-ky,ccdf-s08,federal_with_state_option,CCDF state plan 2.2.7,PRESENT,us-ky/policy/2026-09-10-ccdf-plan-fy2025-2027,us-ky/policy/acf/ccdf-plan/fy2025-2027/2.2,partial,"plan section '2.2 Eligible Children and Families' | ion or redetermination, children must (1) be younger than age 13; (2) reside with a family whose income does not exceed 85 percent of the State's"
us-ky,ccdf-s09,federal_with_state_option,CCDF state plan 2.2 / 2.3,PRESENT,us-ky/policy/2026-09-10-ccdf-plan-fy2025-2027,us-ky/policy/acf/ccdf-plan/fy2025-2027/2.2,no,"plan section '2.2 Eligible Children and Families' | am (which can include job search) or (b) receive, or need to receive, protective services as defined by the Lead Agency. 2.2.1 Eligibility criteria: age of chi"
us-ky,ccdf-s10,federal_with_state_option,CCDF state plan 2.3.1-2.3.3,PRESENT,us-ky/policy/2026-09-10-ccdf-plan-fy2025-2027,us-ky/policy/acf/ccdf-plan/fy2025-2027/2.3,no,"plan section '2.3 Prioritizing Services for Vulnerable Children and Famili' | Lead Agencies must give priority for child care assistance to children with special needs, families w"
us-ky,ccdf-s11,federal_with_state_option,CCDF state plan 2.5.2,PRESENT,us-ky/policy/2026-09-10-ccdf-plan-fy2025-2027,us-ky/policy/acf/ccdf-plan/fy2025-2027/2.5,no,"plan section '2.5 Promoting Continuity of Care' | are when authorizing child care services and must establish a minimum 12-month period for each child, both at the initial eligibility determination"
us-ky,ccdf-s12,federal_with_state_option,CCDF state plan 2.5.3,PRESENT,us-ky/policy/2026-09-10-ccdf-plan-fy2025-2027,us-ky/policy/acf/ccdf-plan/fy2025-2027/2.5,no,"plan section '2.5 Promoting Continuity of Care' | d above. In these cases only, Lead Agencies may establish a period of 3 months or longer. 6. Any change in age, including a child turning 13 years o"
us-ky,ccdf-s13,federal_with_state_option,CCDF state plan 2.5.4,PRESENT,us-ky/policy/2026-09-10-ccdf-plan-fy2025-2027,us-ky/policy/acf/ccdf-plan/fy2025-2027/2.5,no,"plan section '2.5 Promoting Continuity of Care' | families retaining eligibility. This requirement is: • Regardless of changes in income, Lead Agencies may not terminate CCDF assistance during the minimum 1"
us-ky,ccdf-s14,federal_with_state_option,CCDF state plan 2.1 / 2.5,PRESENT,us-ky/policy/2026-09-10-ccdf-plan-fy2025-2027,us-ky/policy/acf/ccdf-plan/fy2025-2027/2.1,no,plan section '2.1 Reducing Barriers to Family Enrollment and Redeterminati' | l that apply and describe those elements checked. i. [ ] Establishing presumptive eligibility while eligibility is being determined. Describe the polic
us-ky,ccdf-s15,federal_with_state_option,CCDF state plan 3.1.1-3.1.2 (fee table),PRESENT,us-ky/policy/2026-09-10-ccdf-plan-fy2025-2027,us-ky/policy/acf/ccdf-plan/fy2025-2027/3.1,yes,plan section '3.1 Family Co-payments' | Lead Agencies must establish and periodically revise a sliding-fee scale for families receiving CCDF services that varies based on income and
us-ky,ccdf-s16,federal_with_state_option,CCDF state plan 3.2.1,PRESENT,us-ky/policy/2026-09-10-ccdf-plan-fy2025-2027,us-ky/policy/acf/ccdf-plan/fy2025-2027/3.2,yes,"plan section '3.2 Calculation of Co-Payment' | Lead agencies must calculate a family’s contribution (or co-payment), taking into account income and family size, and Lead"
us-ky,ccdf-s17,federal_with_state_option,CCDF state plan 3.3.1,PRESENT,us-ky/policy/2026-09-10-ccdf-plan-fy2025-2027,us-ky/policy/acf/ccdf-plan/fy2025-2027/3.3,partial,plan section '3.3 Waiving Family Co-payment' | 3.3.1 Waiving family co-payment The Lead Agency may waive family contributions/c
us-ky,ccdf-s18,federal_with_state_option,CCDF state plan 4.1.1,PRESENT,us-ky/policy/2026-09-10-ccdf-plan-fy2025-2027,us-ky/policy/acf/ccdf-plan/fy2025-2027/4.1,partial,plan section '4.1 Access to Full Range of Provider Options' | rs and offer assistance with child care services through a child care certificate (or voucher) or with a child care provider that has a grant or contra
us-ky,ccdf-s19,federal_with_state_option,CCDF state plan 4.2,PRESENT,us-ky/policy/2026-09-10-ccdf-plan-fy2025-2027,us-ky/policy/acf/ccdf-plan/fy2025-2027/4.2,no,plan section '4.2 Assess Market Rates and Analyze the Cost of Child Care' | y valid and reliable data and have the option to conduct either a (1) market rate survey (MRS) reflecting variations in the price to parents of child care ser
us-ky,ccdf-s20,federal_with_state_option,CCDF state plan 4.3.1-4.3.2 (rate tables as of plan date),PRESENT,us-ky/policy/2026-09-10-ccdf-plan-fy2025-2027,us-ky/policy/acf/ccdf-plan/fy2025-2027/4.3,yes,plan section '4.3 Adequate Payment Rates' | The Lead Agency must set CCDF subsidy payment rates in accordance with the results of the current MRS or ACF pre-approved
us-ky,ccdf-s21,federal_with_state_option,CCDF state plan 4.3.3,PRESENT,us-ky/policy/2026-09-10-ccdf-plan-fy2025-2027,us-ky/policy/acf/ccdf-plan/fy2025-2027/4.3,partial,"plan section '4.3 Adequate Payment Rates' | rates below. Base rates are the lowest, foundational rates before any differentials are added (e.g., for higher quality or other purposes) and must be s"
us-ky,ccdf-s22,federal_with_state_option,CCDF state plan 4.4.1-4.4.3,PRESENT,us-ky/policy/2026-09-10-ccdf-plan-fy2025-2027,us-ky/policy/acf/ccdf-plan/fy2025-2027/4.4,no,"plan section '4.4 Payment Practices to Providers' | cost of child care services based on paying by the child’s authorized enrollment, or if impracticable, an alternative approach that will not undermine"
us-ky,ccdf-s23,federal_with_state_option,CCDF state plan section 5,PRESENT,us-ky/policy/2026-09-10-ccdf-plan-fy2025-2027,us-ky/policy/acf/ccdf-plan/fy2025-2027/5.1,no,plan section '5.1 Licensing Requirements' | Each Lead Agency must ensure it has in effect licensing requirements applicable to all child care services provided within
us-ky,ccdf-s24,federal_with_state_option,CCDF state plan 2.2.9,PRESENT,us-ky/policy/2026-09-10-ccdf-plan-fy2025-2027,us-ky/policy/acf/ccdf-plan/fy2025-2027/2.2,no,plan section '2.2 Eligible Children and Families' | lume VIII (MS 1009) [ ] [ ] Other. Describe how you verify: N/A 2.2.9 Exception to TANF work requirements Lead Agencies must ensure that families with young children participa
us-ky,ccdf-s25,federal_with_state_option,CCDF state plan 10.1-10.2,PRESENT,us-ky/policy/2026-09-10-ccdf-plan-fy2025-2027,us-ky/policy/acf/ccdf-plan/fy2025-2027/10.2,no,"plan section '10.2 Fraud Investigation, Payment Recovery, and Sanctions' | Lead Agencies must have the necessary controls to identify fraud and other program violations to ensure program integrity. Program vio"
us-ky,ccdf-s26,federal_with_state_option,CCDF state plan (Lead Agency publication reached via the ACF index),PRESENT,us-ky/policy/2026-09-10-ccdf-plan-fy2025-2027,us-ky/policy/acf/ccdf-plan/fy2025-2027,no,"plan root + 41 subsections; plan status: Approved as of 2024-11-09 ('Kentucky CCDF FFY 2025-2027 Approved State Plan'; located on retry 2 2026-09-10T21:35Z from a US network after HTTP 403 on the first two passes; the state-hosted Appendix and the Preliminary Draft are posted separately, not taken)"
us-ky,ccdf-s27,federal_with_state_option,"ACF-hosted Appendix PDF on the FY 2025-2027 index (51 listed, 0 taken)",EXTRACTABLE,,,no,"ACF-hosted Appendix 1 PDF listed on acf.gov/occ/form/approved-ccdf-plans-fy-2025-2027 for all 50 states + DC (51 listed, 0 taken; run note 'Appendix family not taken'); state also posts its own copy"
us-ky,ccdf-s28,federal_with_state_option,"amended plans posted on Lead Agency pages (inventoried, not taken except where the only posted version)",REVIEW,,,no,queue row records no amendment on the Lead Agency page; whether an amendment has since been approved is unverified
us-ky,ccdf-s29,federal_with_state_option,state regulation/manual for the subsidy program (CCAP/CCS/ERDC/Wisconsin Shares etc.),EXTRACTABLE,,,yes,"KY Operation Manual Vol. VIII Child Care Assistance Program (CCAP) listed on the DFS volume index, not taken (TANF queue row)"
us-ky,ccdf-s30,federal_with_state_option,state rate schedules / MRS sheets / transmittals (state-published),EXTRACTABLE,,,yes,"market rate surveys 2017/2020/2023 listed, not taken (run-note inventory)"
us-la,ccdf-s01,federal_with_state_option,CCDF state plan 1.1-1.2,PRESENT,us-la/policy/2026-09-10-ccdf-plan-fy2025-2027,us-la/policy/acf/ccdf-plan/fy2025-2027/1.1,no,plan section '1.1 CCDF Leadership' | a joint interagency office to represent the State or Territory as the Lead Agency. The Lead Agency agrees to administer the program in accordance with
us-la,ccdf-s02,federal_with_state_option,CCDF state plan 2.2.1,PRESENT,us-la/policy/2026-09-10-ccdf-plan-fy2025-2027,us-la/policy/acf/ccdf-plan/fy2025-2027/2.2,yes,"plan section '2.2 Eligible Children and Families' | At eligibility determination or redetermination, children must (1) be younger than age 13; (2) reside with a family whose income does not exceed 85 percent of"
us-la,ccdf-s03,federal_with_state_option,CCDF state plan 2.2.2,PRESENT,us-la/policy/2026-09-10-ccdf-plan-fy2025-2027,us-la/policy/acf/ccdf-plan/fy2025-2027/2.2,partial,"plan section '2.2 Eligible Children and Families' | or attending a job training or educational program (which can include job search) or (b) receive, or need to receive, protective services as defined b"
us-la,ccdf-s04,federal_with_state_option,CCDF state plan 2.2.3-2.2.4,PRESENT,us-la/policy/2026-09-10-ccdf-plan-fy2025-2027,us-la/policy/acf/ccdf-plan/fy2025-2027/2.2,yes,plan section '2.2 Eligible Children and Families' | x] No. [ ] Yes. 2.2.3 Eligibility criteria: deciding entity on family income limits How are income eligibility limits established? [x] There is a statewi
us-la,ccdf-s05,federal_with_state_option,CCDF state plan 2.5.5,PRESENT,us-la/policy/2026-09-10-ccdf-plan-fy2025-2027,us-la/policy/acf/ccdf-plan/fy2025-2027/2.5,yes,plan section '2.5 Promoting Continuity of Care' | gency’s income eligibility threshold but not the federal threshold of 85 percent of SMI; and • Regardless of temporary changes in participation in wor
us-la,ccdf-s06,federal_with_state_option,CCDF state plan 2.2.6,PRESENT,us-la/policy/2026-09-10-ccdf-plan-fy2025-2027,us-la/policy/acf/ccdf-plan/fy2025-2027/2.2,partial,"plan section '2.2 Eligible Children and Families' | ) for a family of the same size and whose family assets do not exceed $1,000,000; and (3)(a) reside with a parent or parents who are working or attend"
us-la,ccdf-s07,federal_with_state_option,CCDF state plan 2.2.5,PRESENT,us-la/policy/2026-09-10-ccdf-plan-fy2025-2027,us-la/policy/acf/ccdf-plan/fy2025-2027/2.2,yes,plan section '2.2 Eligible Children and Families' | ldhood/ccap-sliding- fee-scale.pdf?sfvrsn=2 2.2.5 Income eligibility: irregular fluctuations in earnings Lead Agencies must take into account irregular fluctuati
us-la,ccdf-s08,federal_with_state_option,CCDF state plan 2.2.7,PRESENT,us-la/policy/2026-09-10-ccdf-plan-fy2025-2027,us-la/policy/acf/ccdf-plan/fy2025-2027/2.2,partial,"plan section '2.2 Eligible Children and Families' | ion or redetermination, children must (1) be younger than age 13; (2) reside with a family whose income does not exceed 85 percent of the State's"
us-la,ccdf-s09,federal_with_state_option,CCDF state plan 2.2 / 2.3,PRESENT,us-la/policy/2026-09-10-ccdf-plan-fy2025-2027,us-la/policy/acf/ccdf-plan/fy2025-2027/2.2,no,"plan section '2.2 Eligible Children and Families' | am (which can include job search) or (b) receive, or need to receive, protective services as defined by the Lead Agency. 2.2.1 Eligibility criteria: age of chi"
us-la,ccdf-s10,federal_with_state_option,CCDF state plan 2.3.1-2.3.3,PRESENT,us-la/policy/2026-09-10-ccdf-plan-fy2025-2027,us-la/policy/acf/ccdf-plan/fy2025-2027/2.3,no,"plan section '2.3 Prioritizing Services for Vulnerable Children and Famili' | Lead Agencies must give priority for child care assistance to children with special needs, families w"
us-la,ccdf-s11,federal_with_state_option,CCDF state plan 2.5.2,PRESENT,us-la/policy/2026-09-10-ccdf-plan-fy2025-2027,us-la/policy/acf/ccdf-plan/fy2025-2027/2.5,no,"plan section '2.5 Promoting Continuity of Care' | are when authorizing child care services and must establish a minimum 12-month period for each child, both at the initial eligibility determination"
us-la,ccdf-s12,federal_with_state_option,CCDF state plan 2.5.3,PRESENT,us-la/policy/2026-09-10-ccdf-plan-fy2025-2027,us-la/policy/acf/ccdf-plan/fy2025-2027/2.5,no,"plan section '2.5 Promoting Continuity of Care' | d above. In these cases only, Lead Agencies may establish a period of 3 months or longer. 6. Any change in age, including a child turning 13 years o"
us-la,ccdf-s13,federal_with_state_option,CCDF state plan 2.5.4,PRESENT,us-la/policy/2026-09-10-ccdf-plan-fy2025-2027,us-la/policy/acf/ccdf-plan/fy2025-2027/2.5,no,"plan section '2.5 Promoting Continuity of Care' | families retaining eligibility. This requirement is: • Regardless of changes in income, Lead Agencies may not terminate CCDF assistance during the minimum 1"
us-la,ccdf-s14,federal_with_state_option,CCDF state plan 2.1 / 2.5,PRESENT,us-la/policy/2026-09-10-ccdf-plan-fy2025-2027,us-la/policy/acf/ccdf-plan/fy2025-2027/2.1,no,plan section '2.1 Reducing Barriers to Family Enrollment and Redeterminati' | l that apply and describe those elements checked. i. [ ] Establishing presumptive eligibility while eligibility is being determined. Describe the polic
us-la,ccdf-s15,federal_with_state_option,CCDF state plan 3.1.1-3.1.2 (fee table),PRESENT,us-la/policy/2026-09-10-ccdf-plan-fy2025-2027,us-la/policy/acf/ccdf-plan/fy2025-2027/3.1,yes,plan section '3.1 Family Co-payments' | Lead Agencies must establish and periodically revise a sliding-fee scale for families receiving CCDF services that varies based on income and
us-la,ccdf-s16,federal_with_state_option,CCDF state plan 3.2.1,PRESENT,us-la/policy/2026-09-10-ccdf-plan-fy2025-2027,us-la/policy/acf/ccdf-plan/fy2025-2027/3.2,yes,"plan section '3.2 Calculation of Co-Payment' | Lead agencies must calculate a family’s contribution (or co-payment), taking into account income and family size, and Lead"
us-la,ccdf-s17,federal_with_state_option,CCDF state plan 3.3.1,PRESENT,us-la/policy/2026-09-10-ccdf-plan-fy2025-2027,us-la/policy/acf/ccdf-plan/fy2025-2027/3.3,partial,plan section '3.3 Waiving Family Co-payment' | 3.3.1 Waiving family co-payment The Lead Agency may waive family contributions/c
us-la,ccdf-s18,federal_with_state_option,CCDF state plan 4.1.1,PRESENT,us-la/policy/2026-09-10-ccdf-plan-fy2025-2027,us-la/policy/acf/ccdf-plan/fy2025-2027/4.1,partial,plan section '4.1 Access to Full Range of Provider Options' | rs and offer assistance with child care services through a child care certificate (or voucher) or with a child care provider that has a grant or contra
us-la,ccdf-s19,federal_with_state_option,CCDF state plan 4.2,PRESENT,us-la/policy/2026-09-10-ccdf-plan-fy2025-2027,us-la/policy/acf/ccdf-plan/fy2025-2027/4.2,no,plan section '4.2 Assess Market Rates and Analyze the Cost of Child Care' | y valid and reliable data and have the option to conduct either a (1) market rate survey (MRS) reflecting variations in the price to parents of child care ser
us-la,ccdf-s20,federal_with_state_option,CCDF state plan 4.3.1-4.3.2 (rate tables as of plan date),PRESENT,us-la/policy/2026-09-10-ccdf-plan-fy2025-2027,us-la/policy/acf/ccdf-plan/fy2025-2027/4.3,yes,plan section '4.3 Adequate Payment Rates' | The Lead Agency must set CCDF subsidy payment rates in accordance with the results of the current MRS or ACF pre-approved
us-la,ccdf-s21,federal_with_state_option,CCDF state plan 4.3.3,PRESENT,us-la/policy/2026-09-10-ccdf-plan-fy2025-2027,us-la/policy/acf/ccdf-plan/fy2025-2027/4.3,partial,"plan section '4.3 Adequate Payment Rates' | rates below. Base rates are the lowest, foundational rates before any differentials are added (e.g., for higher quality or other purposes) and must be s"
us-la,ccdf-s22,federal_with_state_option,CCDF state plan 4.4.1-4.4.3,PRESENT,us-la/policy/2026-09-10-ccdf-plan-fy2025-2027,us-la/policy/acf/ccdf-plan/fy2025-2027/4.4,no,"plan section '4.4 Payment Practices to Providers' | cost of child care services based on paying by the child’s authorized enrollment, or if impracticable, an alternative approach that will not undermine"
us-la,ccdf-s23,federal_with_state_option,CCDF state plan section 5,PRESENT,us-la/policy/2026-09-10-ccdf-plan-fy2025-2027,us-la/policy/acf/ccdf-plan/fy2025-2027/5.1,no,plan section '5.1 Licensing Requirements' | Each Lead Agency must ensure it has in effect licensing requirements applicable to all child care services provided within
us-la,ccdf-s24,federal_with_state_option,CCDF state plan 2.2.9,PRESENT,us-la/policy/2026-09-10-ccdf-plan-fy2025-2027,us-la/policy/acf/ccdf-plan/fy2025-2027/2.2,no,plan section '2.2 Eligible Children and Families' | h case the parent shall provide a written statement of dissent. 2.2.9 Exception to TANF work requirements Lead Agencies must ensure that families with young children participa
us-la,ccdf-s25,federal_with_state_option,CCDF state plan 10.1-10.2,PRESENT,us-la/policy/2026-09-10-ccdf-plan-fy2025-2027,us-la/policy/acf/ccdf-plan/fy2025-2027/10.2,no,"plan section '10.2 Fraud Investigation, Payment Recovery, and Sanctions' | Lead Agencies must have the necessary controls to identify fraud and other program violations to ensure program integrity. Program vio"
us-la,ccdf-s26,federal_with_state_option,CCDF state plan (Lead Agency publication reached via the ACF index),PRESENT,us-la/policy/2026-09-10-ccdf-plan-fy2025-2027,us-la/policy/acf/ccdf-plan/fy2025-2027,no,"plan root + 41 subsections; plan status: Approved as of 2025-03-26 (the only approved FFY 2025-2027 version posted, labelled 'Approved 2025-2027 CCDF State Plan'; the CARS print carries 'Amendment 1'; the public-comment draft and hearing agenda are posted separately, not taken; located on retry 2 2026-09-10T21:35Z from a US network after HTTP 403 cloudflare on the first two passes; the ACF index link on louisianabelieves.com redirects to this doe.louisiana.gov page)"
us-la,ccdf-s27,federal_with_state_option,"ACF-hosted Appendix PDF on the FY 2025-2027 index (51 listed, 0 taken)",EXTRACTABLE,,,no,"ACF-hosted Appendix 1 PDF listed on acf.gov/occ/form/approved-ccdf-plans-fy-2025-2027 for all 50 states + DC (51 listed, 0 taken; run note 'Appendix family not taken')"
us-la,ccdf-s28,federal_with_state_option,"amended plans posted on Lead Agency pages (inventoried, not taken except where the only posted version)",PRESENT,us-la/policy/2026-09-10-ccdf-plan-fy2025-2027,us-la/policy/acf/ccdf-plan/fy2025-2027,no,Amendment 1 (approved 2025-03-26) is the taken plan
us-la,ccdf-s29,federal_with_state_option,state regulation/manual for the subsidy program (CCAP/CCS/ERDC/Wisconsin Shares etc.),REVIEW,,,yes,no selected scope carries the state's child-care subsidy rulebook (heading scan of the selected TANF/combined scope 2026-09-12 found no subsidy chapter) and no queue row inventoried it
us-la,ccdf-s30,federal_with_state_option,state rate schedules / MRS sheets / transmittals (state-published),EXTRACTABLE,,,yes,"MRS reports 2017/2020/2023 listed, not taken (run-note inventory)"
us-ma,ccdf-s01,federal_with_state_option,CCDF state plan 1.1-1.2,PRESENT,us-ma/policy/2026-09-10-ccdf-plan-fy2025-2027,us-ma/policy/acf/ccdf-plan/fy2025-2027/1.1,no,plan section '1.1 CCDF Leadership' | a joint interagency office to represent the State or Territory as the Lead Agency. The Lead Agency agrees to administer the program in accordance with
us-ma,ccdf-s02,federal_with_state_option,CCDF state plan 2.2.1,PRESENT,us-ma/policy/2026-09-10-ccdf-plan-fy2025-2027,us-ma/policy/acf/ccdf-plan/fy2025-2027/2.2,yes,"plan section '2.2 Eligible Children and Families' | At eligibility determination or redetermination, children must (1) be younger than age 13; (2) reside with a family whose income does not exceed 85 percent of"
us-ma,ccdf-s03,federal_with_state_option,CCDF state plan 2.2.2,PRESENT,us-ma/policy/2026-09-10-ccdf-plan-fy2025-2027,us-ma/policy/acf/ccdf-plan/fy2025-2027/2.2,partial,"plan section '2.2 Eligible Children and Families' | or attending a job training or educational program (which can include job search) or (b) receive, or need to receive, protective services as defined b"
us-ma,ccdf-s04,federal_with_state_option,CCDF state plan 2.2.3-2.2.4,PRESENT,us-ma/policy/2026-09-10-ccdf-plan-fy2025-2027,us-ma/policy/acf/ccdf-plan/fy2025-2027/2.2,yes,plan section '2.2 Eligible Children and Families' | ] No. [x] Yes. 2.2.3 Eligibility criteria: deciding entity on family income limits How are income eligibility limits established? [x] There is a statewi
us-ma,ccdf-s05,federal_with_state_option,CCDF state plan 2.5.5,PRESENT,us-ma/policy/2026-09-10-ccdf-plan-fy2025-2027,us-ma/policy/acf/ccdf-plan/fy2025-2027/2.5,yes,plan section '2.5 Promoting Continuity of Care' | gency’s income eligibility threshold but not the federal threshold of 85 percent of SMI; and • Regardless of temporary changes in participation in wor
us-ma,ccdf-s06,federal_with_state_option,CCDF state plan 2.2.6,PRESENT,us-ma/policy/2026-09-10-ccdf-plan-fy2025-2027,us-ma/policy/acf/ccdf-plan/fy2025-2027/2.2,partial,"plan section '2.2 Eligible Children and Families' | ) for a family of the same size and whose family assets do not exceed $1,000,000; and (3)(a) reside with a parent or parents who are working or attend"
us-ma,ccdf-s07,federal_with_state_option,CCDF state plan 2.2.5,PRESENT,us-ma/policy/2026-09-10-ccdf-plan-fy2025-2027,us-ma/policy/acf/ccdf-plan/fy2025-2027/2.2,yes,plan section '2.2 Eligible Children and Families' | .gov/doc/ccfa-smi-income-eligibility-fy2024 2.2.5 Income eligibility: irregular fluctuations in earnings Lead Agencies must take into account irregular fluctuati
us-ma,ccdf-s08,federal_with_state_option,CCDF state plan 2.2.7,PRESENT,us-ma/policy/2026-09-10-ccdf-plan-fy2025-2027,us-ma/policy/acf/ccdf-plan/fy2025-2027/2.2,partial,"plan section '2.2 Eligible Children and Families' | ion or redetermination, children must (1) be younger than age 13; (2) reside with a family whose income does not exceed 85 percent of the State's"
us-ma,ccdf-s09,federal_with_state_option,CCDF state plan 2.2 / 2.3,PRESENT,us-ma/policy/2026-09-10-ccdf-plan-fy2025-2027,us-ma/policy/acf/ccdf-plan/fy2025-2027/2.2,no,"plan section '2.2 Eligible Children and Families' | am (which can include job search) or (b) receive, or need to receive, protective services as defined by the Lead Agency. 2.2.1 Eligibility criteria: age of chi"
us-ma,ccdf-s10,federal_with_state_option,CCDF state plan 2.3.1-2.3.3,PRESENT,us-ma/policy/2026-09-10-ccdf-plan-fy2025-2027,us-ma/policy/acf/ccdf-plan/fy2025-2027/2.3,no,"plan section '2.3 Prioritizing Services for Vulnerable Children and Famili' | Lead Agencies must give priority for child care assistance to children with special needs, families w"
us-ma,ccdf-s11,federal_with_state_option,CCDF state plan 2.5.2,PRESENT,us-ma/policy/2026-09-10-ccdf-plan-fy2025-2027,us-ma/policy/acf/ccdf-plan/fy2025-2027/2.5,no,"plan section '2.5 Promoting Continuity of Care' | are when authorizing child care services and must establish a minimum 12-month period for each child, both at the initial eligibility determination"
us-ma,ccdf-s12,federal_with_state_option,CCDF state plan 2.5.3,PRESENT,us-ma/policy/2026-09-10-ccdf-plan-fy2025-2027,us-ma/policy/acf/ccdf-plan/fy2025-2027/2.5,no,"plan section '2.5 Promoting Continuity of Care' | d above. In these cases only, Lead Agencies may establish a period of 3 months or longer. 6. Any change in age, including a child turning 13 years o"
us-ma,ccdf-s13,federal_with_state_option,CCDF state plan 2.5.4,PRESENT,us-ma/policy/2026-09-10-ccdf-plan-fy2025-2027,us-ma/policy/acf/ccdf-plan/fy2025-2027/2.5,no,"plan section '2.5 Promoting Continuity of Care' | families retaining eligibility. This requirement is: • Regardless of changes in income, Lead Agencies may not terminate CCDF assistance during the minimum 1"
us-ma,ccdf-s14,federal_with_state_option,CCDF state plan 2.1 / 2.5,PRESENT,us-ma/policy/2026-09-10-ccdf-plan-fy2025-2027,us-ma/policy/acf/ccdf-plan/fy2025-2027/2.1,no,plan section '2.1 Reducing Barriers to Family Enrollment and Redeterminati' | l that apply and describe those elements checked. i. [x] Establishing presumptive eligibility while eligibility is being determined. Describe the polic
us-ma,ccdf-s15,federal_with_state_option,CCDF state plan 3.1.1-3.1.2 (fee table),PRESENT,us-ma/policy/2026-09-10-ccdf-plan-fy2025-2027,us-ma/policy/acf/ccdf-plan/fy2025-2027/3.1,yes,plan section '3.1 Family Co-payments' | Lead Agencies must establish and periodically revise a sliding-fee scale for families receiving CCDF services that varies based on income and
us-ma,ccdf-s16,federal_with_state_option,CCDF state plan 3.2.1,PRESENT,us-ma/policy/2026-09-10-ccdf-plan-fy2025-2027,us-ma/policy/acf/ccdf-plan/fy2025-2027/3.2,yes,"plan section '3.2 Calculation of Co-Payment' | Lead agencies must calculate a family’s contribution (or co-payment), taking into account income and family size, and Lead"
us-ma,ccdf-s17,federal_with_state_option,CCDF state plan 3.3.1,PRESENT,us-ma/policy/2026-09-10-ccdf-plan-fy2025-2027,us-ma/policy/acf/ccdf-plan/fy2025-2027/3.3,partial,plan section '3.3 Waiving Family Co-payment' | 3.3.1 Waiving family co-payment The Lead Agency may waive family contributions/c
us-ma,ccdf-s18,federal_with_state_option,CCDF state plan 4.1.1,PRESENT,us-ma/policy/2026-09-10-ccdf-plan-fy2025-2027,us-ma/policy/acf/ccdf-plan/fy2025-2027/4.1,partial,plan section '4.1 Access to Full Range of Provider Options' | rs and offer assistance with child care services through a child care certificate (or voucher) or with a child care provider that has a grant or contra
us-ma,ccdf-s19,federal_with_state_option,CCDF state plan 4.2,PRESENT,us-ma/policy/2026-09-10-ccdf-plan-fy2025-2027,us-ma/policy/acf/ccdf-plan/fy2025-2027/4.2,no,plan section '4.2 Assess Market Rates and Analyze the Cost of Child Care' | y valid and reliable data and have the option to conduct either a (1) market rate survey (MRS) reflecting variations in the price to parents of child care ser
us-ma,ccdf-s20,federal_with_state_option,CCDF state plan 4.3.1-4.3.2 (rate tables as of plan date),PRESENT,us-ma/policy/2026-09-10-ccdf-plan-fy2025-2027,us-ma/policy/acf/ccdf-plan/fy2025-2027/4.3,yes,plan section '4.3 Adequate Payment Rates' | The Lead Agency must set CCDF subsidy payment rates in accordance with the results of the current MRS or ACF pre-approved
us-ma,ccdf-s21,federal_with_state_option,CCDF state plan 4.3.3,PRESENT,us-ma/policy/2026-09-10-ccdf-plan-fy2025-2027,us-ma/policy/acf/ccdf-plan/fy2025-2027/4.3,partial,"plan section '4.3 Adequate Payment Rates' | rates below. Base rates are the lowest, foundational rates before any differentials are added (e.g., for higher quality or other purposes) and must be s"
us-ma,ccdf-s22,federal_with_state_option,CCDF state plan 4.4.1-4.4.3,PRESENT,us-ma/policy/2026-09-10-ccdf-plan-fy2025-2027,us-ma/policy/acf/ccdf-plan/fy2025-2027/4.4,no,"plan section '4.4 Payment Practices to Providers' | cost of child care services based on paying by the child’s authorized enrollment, or if impracticable, an alternative approach that will not undermine"
us-ma,ccdf-s23,federal_with_state_option,CCDF state plan section 5,PRESENT,us-ma/policy/2026-09-10-ccdf-plan-fy2025-2027,us-ma/policy/acf/ccdf-plan/fy2025-2027/5.1,no,plan section '5.1 Licensing Requirements' | Each Lead Agency must ensure it has in effect licensing requirements applicable to all child care services provided within
us-ma,ccdf-s24,federal_with_state_option,CCDF state plan 2.2.9,PRESENT,us-ma/policy/2026-09-10-ccdf-plan-fy2025-2027,us-ma/policy/acf/ccdf-plan/fy2025-2027/2.2,no,plan section '2.2 Eligible Children and Families' | s moved. [ ] [ ] Other. Describe how you verify: Not applicable 2.2.9 Exception to TANF work requirements Lead Agencies must ensure that families with young children participa
us-ma,ccdf-s25,federal_with_state_option,CCDF state plan 10.1-10.2,PRESENT,us-ma/policy/2026-09-10-ccdf-plan-fy2025-2027,us-ma/policy/acf/ccdf-plan/fy2025-2027/10.2,no,"plan section '10.2 Fraud Investigation, Payment Recovery, and Sanctions' | Lead Agencies must have the necessary controls to identify fraud and other program violations to ensure program integrity. Program vio"
us-ma,ccdf-s26,federal_with_state_option,CCDF state plan (Lead Agency publication reached via the ACF index),PRESENT,us-ma/policy/2026-09-10-ccdf-plan-fy2025-2027,us-ma/policy/acf/ccdf-plan/fy2025-2027,no,"plan root + 41 subsections; plan status: Approved as of 2024-11-09 (amendment 1 and 2 consolidated plans posted separately, not taken)"
us-ma,ccdf-s27,federal_with_state_option,"ACF-hosted Appendix PDF on the FY 2025-2027 index (51 listed, 0 taken)",EXTRACTABLE,,,no,"ACF-hosted Appendix 1 PDF listed on acf.gov/occ/form/approved-ccdf-plans-fy-2025-2027 for all 50 states + DC (51 listed, 0 taken; run note 'Appendix family not taken')"
us-ma,ccdf-s28,federal_with_state_option,"amended plans posted on Lead Agency pages (inventoried, not taken except where the only posted version)",EXTRACTABLE,,,no,"amendment 1 and 2 consolidated plans posted separately (Lead Agency page, queue row)"
us-ma,ccdf-s29,federal_with_state_option,state regulation/manual for the subsidy program (CCAP/CCS/ERDC/Wisconsin Shares etc.),REVIEW,,,yes,no selected scope carries the state's child-care subsidy rulebook (heading scan of the selected TANF/combined scope 2026-09-12 found no subsidy chapter) and no queue row inventoried it
us-ma,ccdf-s30,federal_with_state_option,state rate schedules / MRS sheets / transmittals (state-published),REVIEW,,,yes,current rate/copay schedule family not inventoried for this state; the plan carries the values as of its submission only
us-md,ccdf-s01,federal_with_state_option,CCDF state plan 1.1-1.2,OUTREACH,,,no,HTTP 403 'Access denied' on earlychildhood.marylandpublicschools.org/2025-2027-ccdf-plan (retried 3x)
us-md,ccdf-s02,federal_with_state_option,CCDF state plan 2.2.1,OUTREACH,,,yes,HTTP 403 'Access denied' on earlychildhood.marylandpublicschools.org/2025-2027-ccdf-plan (retried 3x)
us-md,ccdf-s03,federal_with_state_option,CCDF state plan 2.2.2,OUTREACH,,,partial,HTTP 403 'Access denied' on earlychildhood.marylandpublicschools.org/2025-2027-ccdf-plan (retried 3x)
us-md,ccdf-s04,federal_with_state_option,CCDF state plan 2.2.3-2.2.4,OUTREACH,,,yes,HTTP 403 'Access denied' on earlychildhood.marylandpublicschools.org/2025-2027-ccdf-plan (retried 3x)
us-md,ccdf-s05,federal_with_state_option,CCDF state plan 2.5.5,OUTREACH,,,yes,HTTP 403 'Access denied' on earlychildhood.marylandpublicschools.org/2025-2027-ccdf-plan (retried 3x)
us-md,ccdf-s06,federal_with_state_option,CCDF state plan 2.2.6,OUTREACH,,,partial,HTTP 403 'Access denied' on earlychildhood.marylandpublicschools.org/2025-2027-ccdf-plan (retried 3x)
us-md,ccdf-s07,federal_with_state_option,CCDF state plan 2.2.5,OUTREACH,,,yes,HTTP 403 'Access denied' on earlychildhood.marylandpublicschools.org/2025-2027-ccdf-plan (retried 3x)
us-md,ccdf-s08,federal_with_state_option,CCDF state plan 2.2.7,OUTREACH,,,partial,HTTP 403 'Access denied' on earlychildhood.marylandpublicschools.org/2025-2027-ccdf-plan (retried 3x)
us-md,ccdf-s09,federal_with_state_option,CCDF state plan 2.2 / 2.3,OUTREACH,,,no,HTTP 403 'Access denied' on earlychildhood.marylandpublicschools.org/2025-2027-ccdf-plan (retried 3x)
us-md,ccdf-s10,federal_with_state_option,CCDF state plan 2.3.1-2.3.3,OUTREACH,,,no,HTTP 403 'Access denied' on earlychildhood.marylandpublicschools.org/2025-2027-ccdf-plan (retried 3x)
us-md,ccdf-s11,federal_with_state_option,CCDF state plan 2.5.2,OUTREACH,,,no,HTTP 403 'Access denied' on earlychildhood.marylandpublicschools.org/2025-2027-ccdf-plan (retried 3x)
us-md,ccdf-s12,federal_with_state_option,CCDF state plan 2.5.3,OUTREACH,,,no,HTTP 403 'Access denied' on earlychildhood.marylandpublicschools.org/2025-2027-ccdf-plan (retried 3x)
us-md,ccdf-s13,federal_with_state_option,CCDF state plan 2.5.4,OUTREACH,,,no,HTTP 403 'Access denied' on earlychildhood.marylandpublicschools.org/2025-2027-ccdf-plan (retried 3x)
us-md,ccdf-s14,federal_with_state_option,CCDF state plan 2.1 / 2.5,OUTREACH,,,no,HTTP 403 'Access denied' on earlychildhood.marylandpublicschools.org/2025-2027-ccdf-plan (retried 3x)
us-md,ccdf-s15,federal_with_state_option,CCDF state plan 3.1.1-3.1.2 (fee table),OUTREACH,,,yes,HTTP 403 'Access denied' on earlychildhood.marylandpublicschools.org/2025-2027-ccdf-plan (retried 3x)
us-md,ccdf-s16,federal_with_state_option,CCDF state plan 3.2.1,OUTREACH,,,yes,HTTP 403 'Access denied' on earlychildhood.marylandpublicschools.org/2025-2027-ccdf-plan (retried 3x)
us-md,ccdf-s17,federal_with_state_option,CCDF state plan 3.3.1,OUTREACH,,,partial,HTTP 403 'Access denied' on earlychildhood.marylandpublicschools.org/2025-2027-ccdf-plan (retried 3x)
us-md,ccdf-s18,federal_with_state_option,CCDF state plan 4.1.1,OUTREACH,,,partial,HTTP 403 'Access denied' on earlychildhood.marylandpublicschools.org/2025-2027-ccdf-plan (retried 3x)
us-md,ccdf-s19,federal_with_state_option,CCDF state plan 4.2,OUTREACH,,,no,HTTP 403 'Access denied' on earlychildhood.marylandpublicschools.org/2025-2027-ccdf-plan (retried 3x)
us-md,ccdf-s20,federal_with_state_option,CCDF state plan 4.3.1-4.3.2 (rate tables as of plan date),OUTREACH,,,yes,HTTP 403 'Access denied' on earlychildhood.marylandpublicschools.org/2025-2027-ccdf-plan (retried 3x)
us-md,ccdf-s21,federal_with_state_option,CCDF state plan 4.3.3,OUTREACH,,,partial,HTTP 403 'Access denied' on earlychildhood.marylandpublicschools.org/2025-2027-ccdf-plan (retried 3x)
us-md,ccdf-s22,federal_with_state_option,CCDF state plan 4.4.1-4.4.3,OUTREACH,,,no,HTTP 403 'Access denied' on earlychildhood.marylandpublicschools.org/2025-2027-ccdf-plan (retried 3x)
us-md,ccdf-s23,federal_with_state_option,CCDF state plan section 5,OUTREACH,,,no,HTTP 403 'Access denied' on earlychildhood.marylandpublicschools.org/2025-2027-ccdf-plan (retried 3x)
us-md,ccdf-s24,federal_with_state_option,CCDF state plan 2.2.9,OUTREACH,,,no,HTTP 403 'Access denied' on earlychildhood.marylandpublicschools.org/2025-2027-ccdf-plan (retried 3x)
us-md,ccdf-s25,federal_with_state_option,CCDF state plan 10.1-10.2,OUTREACH,,,no,HTTP 403 'Access denied' on earlychildhood.marylandpublicschools.org/2025-2027-ccdf-plan (retried 3x)
us-md,ccdf-s26,federal_with_state_option,CCDF state plan (Lead Agency publication reached via the ACF index),OUTREACH,,,no,HTTP 403 'Access denied' on earlychildhood.marylandpublicschools.org/2025-2027-ccdf-plan (retried 3x)
us-md,ccdf-s27,federal_with_state_option,"ACF-hosted Appendix PDF on the FY 2025-2027 index (51 listed, 0 taken)",EXTRACTABLE,,,no,"ACF-hosted Appendix 1 PDF listed on acf.gov/occ/form/approved-ccdf-plans-fy-2025-2027 for all 50 states + DC (51 listed, 0 taken; run note 'Appendix family not taken')"
us-md,ccdf-s28,federal_with_state_option,"amended plans posted on Lead Agency pages (inventoried, not taken except where the only posted version)",OUTREACH,,,no,Lead Agency site blocked (HTTP 403 'Access denied' on earlychildhood.marylandpublicschools.org/2025-2027-ccdf-plan)
us-md,ccdf-s29,federal_with_state_option,state regulation/manual for the subsidy program (CCAP/CCS/ERDC/Wisconsin Shares etc.),OUTREACH,,,yes,Lead Agency site blocked (HTTP 403 'Access denied' on earlychildhood.marylandpublicschools.org/2025-2027-ccdf-plan); the state subsidy rulebook was not inventoried
us-md,ccdf-s30,federal_with_state_option,state rate schedules / MRS sheets / transmittals (state-published),OUTREACH,,,yes,Lead Agency site blocked (HTTP 403 'Access denied' on earlychildhood.marylandpublicschools.org/2025-2027-ccdf-plan)
us-me,ccdf-s01,federal_with_state_option,CCDF state plan 1.1-1.2,PRESENT,us-me/policy/2026-09-10-ccdf-plan-fy2025-2027,us-me/policy/acf/ccdf-plan/fy2025-2027/1.1,no,plan section '1.1 CCDF Leadership' | a joint interagency office to represent the State or Territory as the Lead Agency. The Lead Agency agrees to administer the program in accordance with
us-me,ccdf-s02,federal_with_state_option,CCDF state plan 2.2.1,PRESENT,us-me/policy/2026-09-10-ccdf-plan-fy2025-2027,us-me/policy/acf/ccdf-plan/fy2025-2027/2.2,yes,"plan section '2.2 Eligible Children and Families' | At eligibility determination or redetermination, children must (1) be younger than age 13; (2) reside with a family whose income does not exceed 85 percent of"
us-me,ccdf-s03,federal_with_state_option,CCDF state plan 2.2.2,PRESENT,us-me/policy/2026-09-10-ccdf-plan-fy2025-2027,us-me/policy/acf/ccdf-plan/fy2025-2027/2.2,partial,"plan section '2.2 Eligible Children and Families' | or attending a job training or educational program (which can include job search) or (b) receive, or need to receive, protective services as defined b"
us-me,ccdf-s04,federal_with_state_option,CCDF state plan 2.2.3-2.2.4,PRESENT,us-me/policy/2026-09-10-ccdf-plan-fy2025-2027,us-me/policy/acf/ccdf-plan/fy2025-2027/2.2,yes,plan section '2.2 Eligible Children and Families' | x] No. [ ] Yes. 2.2.3 Eligibility criteria: deciding entity on family income limits How are income eligibility limits established? [x] There is a statewi
us-me,ccdf-s05,federal_with_state_option,CCDF state plan 2.5.5,PRESENT,us-me/policy/2026-09-10-ccdf-plan-fy2025-2027,us-me/policy/acf/ccdf-plan/fy2025-2027/2.5,yes,plan section '2.5 Promoting Continuity of Care' | gency’s income eligibility threshold but not the federal threshold of 85 percent of SMI; and • Regardless of temporary changes in participation in wor
us-me,ccdf-s06,federal_with_state_option,CCDF state plan 2.2.6,PRESENT,us-me/policy/2026-09-10-ccdf-plan-fy2025-2027,us-me/policy/acf/ccdf-plan/fy2025-2027/2.2,partial,"plan section '2.2 Eligible Children and Families' | ) for a family of the same size and whose family assets do not exceed $1,000,000; and (3)(a) reside with a parent or parents who are working or attend"
us-me,ccdf-s07,federal_with_state_option,CCDF state plan 2.2.5,PRESENT,us-me/policy/2026-09-10-ccdf-plan-fy2025-2027,us-me/policy/acf/ccdf-plan/fy2025-2027/2.2,yes,plan section '2.2 Eligible Children and Families' | ome%20Eligbility%20Effective%207.1.2024.pdf 2.2.5 Income eligibility: irregular fluctuations in earnings Lead Agencies must take into account irregular fluctuati
us-me,ccdf-s08,federal_with_state_option,CCDF state plan 2.2.7,PRESENT,us-me/policy/2026-09-10-ccdf-plan-fy2025-2027,us-me/policy/acf/ccdf-plan/fy2025-2027/2.2,partial,"plan section '2.2 Eligible Children and Families' | ion or redetermination, children must (1) be younger than age 13; (2) reside with a family whose income does not exceed 85 percent of the State's"
us-me,ccdf-s09,federal_with_state_option,CCDF state plan 2.2 / 2.3,PRESENT,us-me/policy/2026-09-10-ccdf-plan-fy2025-2027,us-me/policy/acf/ccdf-plan/fy2025-2027/2.2,no,"plan section '2.2 Eligible Children and Families' | am (which can include job search) or (b) receive, or need to receive, protective services as defined by the Lead Agency. 2.2.1 Eligibility criteria: age of chi"
us-me,ccdf-s10,federal_with_state_option,CCDF state plan 2.3.1-2.3.3,PRESENT,us-me/policy/2026-09-10-ccdf-plan-fy2025-2027,us-me/policy/acf/ccdf-plan/fy2025-2027/2.3,no,"plan section '2.3 Prioritizing Services for Vulnerable Children and Famili' | Lead Agencies must give priority for child care assistance to children with special needs, families w"
us-me,ccdf-s11,federal_with_state_option,CCDF state plan 2.5.2,PRESENT,us-me/policy/2026-09-10-ccdf-plan-fy2025-2027,us-me/policy/acf/ccdf-plan/fy2025-2027/2.5,no,"plan section '2.5 Promoting Continuity of Care' | are when authorizing child care services and must establish a minimum 12-month period for each child, both at the initial eligibility determination"
us-me,ccdf-s12,federal_with_state_option,CCDF state plan 2.5.3,PRESENT,us-me/policy/2026-09-10-ccdf-plan-fy2025-2027,us-me/policy/acf/ccdf-plan/fy2025-2027/2.5,no,"plan section '2.5 Promoting Continuity of Care' | families that are needing care through attendance policies, 12 -week job search, absent policies that include medical and maternity leave, parental c"
us-me,ccdf-s13,federal_with_state_option,CCDF state plan 2.5.4,PRESENT,us-me/policy/2026-09-10-ccdf-plan-fy2025-2027,us-me/policy/acf/ccdf-plan/fy2025-2027/2.5,no,"plan section '2.5 Promoting Continuity of Care' | families retaining eligibility. This requirement is: • Regardless of changes in income, Lead Agencies may not terminate CCDF assistance during the minimum 1"
us-me,ccdf-s14,federal_with_state_option,CCDF state plan 2.1 / 2.5,PRESENT,us-me/policy/2026-09-10-ccdf-plan-fy2025-2027,us-me/policy/acf/ccdf-plan/fy2025-2027/2.1,no,plan section '2.1 Reducing Barriers to Family Enrollment and Redeterminati' | l that apply and describe those elements checked. i. [ ] Establishing presumptive eligibility while eligibility is being determined. Describe the polic
us-me,ccdf-s15,federal_with_state_option,CCDF state plan 3.1.1-3.1.2 (fee table),PRESENT,us-me/policy/2026-09-10-ccdf-plan-fy2025-2027,us-me/policy/acf/ccdf-plan/fy2025-2027/3.1,yes,plan section '3.1 Family Co-payments' | Lead Agencies must establish and periodically revise a sliding-fee scale for families receiving CCDF services that varies based on income and
us-me,ccdf-s16,federal_with_state_option,CCDF state plan 3.2.1,PRESENT,us-me/policy/2026-09-10-ccdf-plan-fy2025-2027,us-me/policy/acf/ccdf-plan/fy2025-2027/3.2,yes,"plan section '3.2 Calculation of Co-Payment' | Lead agencies must calculate a family’s contribution (or co-payment), taking into account income and family size, and Lead"
us-me,ccdf-s17,federal_with_state_option,CCDF state plan 3.3.1,PRESENT,us-me/policy/2026-09-10-ccdf-plan-fy2025-2027,us-me/policy/acf/ccdf-plan/fy2025-2027/3.3,partial,plan section '3.3 Waiving Family Co-payment' | 3.3.1 Waiving family co-payment The Lead Agency may waive family contributions/c
us-me,ccdf-s18,federal_with_state_option,CCDF state plan 4.1.1,PRESENT,us-me/policy/2026-09-10-ccdf-plan-fy2025-2027,us-me/policy/acf/ccdf-plan/fy2025-2027/4.1,partial,plan section '4.1 Access to Full Range of Provider Options' | rs and offer assistance with child care services through a child care certificate (or voucher) or with a child care provider that has a grant or contra
us-me,ccdf-s19,federal_with_state_option,CCDF state plan 4.2,PRESENT,us-me/policy/2026-09-10-ccdf-plan-fy2025-2027,us-me/policy/acf/ccdf-plan/fy2025-2027/4.2,no,plan section '4.2 Assess Market Rates and Analyze the Cost of Child Care' | y valid and reliable data and have the option to conduct either a (1) market rate survey (MRS) reflecting variations in the price to parents of child care ser
us-me,ccdf-s20,federal_with_state_option,CCDF state plan 4.3.1-4.3.2 (rate tables as of plan date),PRESENT,us-me/policy/2026-09-10-ccdf-plan-fy2025-2027,us-me/policy/acf/ccdf-plan/fy2025-2027/4.3,yes,plan section '4.3 Adequate Payment Rates' | The Lead Agency must set CCDF subsidy payment rates in accordance with the results of the current MRS or ACF pre-approved
us-me,ccdf-s21,federal_with_state_option,CCDF state plan 4.3.3,PRESENT,us-me/policy/2026-09-10-ccdf-plan-fy2025-2027,us-me/policy/acf/ccdf-plan/fy2025-2027/4.3,partial,"plan section '4.3 Adequate Payment Rates' | rates below. Base rates are the lowest, foundational rates before any differentials are added (e.g., for higher quality or other purposes) and must be s"
us-me,ccdf-s22,federal_with_state_option,CCDF state plan 4.4.1-4.4.3,PRESENT,us-me/policy/2026-09-10-ccdf-plan-fy2025-2027,us-me/policy/acf/ccdf-plan/fy2025-2027/4.4,no,"plan section '4.4 Payment Practices to Providers' | cost of child care services based on paying by the child’s authorized enrollment, or if impracticable, an alternative approach that will not undermine"
us-me,ccdf-s23,federal_with_state_option,CCDF state plan section 5,PRESENT,us-me/policy/2026-09-10-ccdf-plan-fy2025-2027,us-me/policy/acf/ccdf-plan/fy2025-2027/5.1,no,plan section '5.1 Licensing Requirements' | Each Lead Agency must ensure it has in effect licensing requirements applicable to all child care services provided within
us-me,ccdf-s24,federal_with_state_option,CCDF state plan 2.2.9,PRESENT,us-me/policy/2026-09-10-ccdf-plan-fy2025-2027,us-me/policy/acf/ccdf-plan/fy2025-2027/2.2,no,plan section '2.2 Eligible Children and Families' | nd redetermination. [ ] [ ] Other. Describe how you verify: N/A 2.2.9 Exception to TANF work requirements Lead Agencies must ensure that families with young children participa
us-me,ccdf-s25,federal_with_state_option,CCDF state plan 10.1-10.2,PRESENT,us-me/policy/2026-09-10-ccdf-plan-fy2025-2027,us-me/policy/acf/ccdf-plan/fy2025-2027/10.2,no,"plan section '10.2 Fraud Investigation, Payment Recovery, and Sanctions' | Lead Agencies must have the necessary controls to identify fraud and other program violations to ensure program integrity. Program vio"
us-me,ccdf-s26,federal_with_state_option,CCDF state plan (Lead Agency publication reached via the ACF index),PRESENT,us-me/policy/2026-09-10-ccdf-plan-fy2025-2027,us-me/policy/acf/ccdf-plan/fy2025-2027,no,"plan root + 41 subsections; plan status: Certified as of 2024-09-12 (located on retry 2026-09-10: the ACF index link goes to the 'paying for child care' page; the plan is 'Maine State Plan CCDF FFY 2025-2027 for Maine' on the OCFS 'Child Care Affordability Information & Resources' page; Amendments #1-#4, the Appendix, public comments and the Notice of Compliance are posted separately, not taken; approved print not posted)"
us-me,ccdf-s27,federal_with_state_option,"ACF-hosted Appendix PDF on the FY 2025-2027 index (51 listed, 0 taken)",EXTRACTABLE,,,no,"ACF-hosted Appendix 1 PDF listed on acf.gov/occ/form/approved-ccdf-plans-fy-2025-2027 for all 50 states + DC (51 listed, 0 taken; run note 'Appendix family not taken'); state also posts its own copy"
us-me,ccdf-s28,federal_with_state_option,"amended plans posted on Lead Agency pages (inventoried, not taken except where the only posted version)",EXTRACTABLE,,,no,"Amendments #1-#4 posted separately (latest 2026-06-26) (Lead Agency page, queue row)"
us-me,ccdf-s29,federal_with_state_option,state regulation/manual for the subsidy program (CCAP/CCS/ERDC/Wisconsin Shares etc.),EXTRACTABLE,,,yes,"CCAP rules (10-148 CMR ch. 6), income guidelines and memos (18 documents) listed on the OCFS page, not taken"
us-me,ccdf-s30,federal_with_state_option,state rate schedules / MRS sheets / transmittals (state-published),EXTRACTABLE,,,yes,"market rate sheets 2018/2021/2024/2025 and MRS reports listed on the OCFS page, not taken (run-note inventory)"
us-mi,ccdf-s01,federal_with_state_option,CCDF state plan 1.1-1.2,PRESENT,us-mi/policy/2026-09-10-ccdf-plan-fy2025-2027,us-mi/policy/acf/ccdf-plan/fy2025-2027/1.1,no,plan section '1.1 CCDF Leadership' | a joint interagency office to represent the State or Territory as the Lead Agency. The Lead Agency agrees to administer the program in accordance with
us-mi,ccdf-s02,federal_with_state_option,CCDF state plan 2.2.1,PRESENT,us-mi/policy/2026-09-10-ccdf-plan-fy2025-2027,us-mi/policy/acf/ccdf-plan/fy2025-2027/2.2,yes,"plan section '2.2 Eligible Children and Families' | At eligibility determination or redetermination, children must (1) be younger than age 13; (2) reside with a family whose income does not exceed 85 percent of"
us-mi,ccdf-s03,federal_with_state_option,CCDF state plan 2.2.2,PRESENT,us-mi/policy/2026-09-10-ccdf-plan-fy2025-2027,us-mi/policy/acf/ccdf-plan/fy2025-2027/2.2,partial,"plan section '2.2 Eligible Children and Families' | or attending a job training or educational program (which can include job search) or (b) receive, or need to receive, protective services as defined b"
us-mi,ccdf-s04,federal_with_state_option,CCDF state plan 2.2.3-2.2.4,PRESENT,us-mi/policy/2026-09-10-ccdf-plan-fy2025-2027,us-mi/policy/acf/ccdf-plan/fy2025-2027/2.2,yes,plan section '2.2 Eligible Children and Families' | x] No. [ ] Yes. 2.2.3 Eligibility criteria: deciding entity on family income limits How are income eligibility limits established? [x] There is a statewi
us-mi,ccdf-s05,federal_with_state_option,CCDF state plan 2.5.5,PRESENT,us-mi/policy/2026-09-10-ccdf-plan-fy2025-2027,us-mi/policy/acf/ccdf-plan/fy2025-2027/2.5,yes,plan section '2.5 Promoting Continuity of Care' | gency’s income eligibility threshold but not the federal threshold of 85 percent of SMI; and • Regardless of temporary changes in participation in wor
us-mi,ccdf-s06,federal_with_state_option,CCDF state plan 2.2.6,PRESENT,us-mi/policy/2026-09-10-ccdf-plan-fy2025-2027,us-mi/policy/acf/ccdf-plan/fy2025-2027/2.2,partial,"plan section '2.2 Eligible Children and Families' | ) for a family of the same size and whose family assets do not exceed $1,000,000; and (3)(a) reside with a parent or parents who are working or attend"
us-mi,ccdf-s07,federal_with_state_option,CCDF state plan 2.2.5,PRESENT,us-mi/policy/2026-09-10-ccdf-plan-fy2025-2027,us-mi/policy/acf/ccdf-plan/fy2025-2027/2.2,yes,plan section '2.2 Eligible Children and Families' | ex/RF/Public/RFT/270.pdf#pagemode=bookmarks 2.2.5 Income eligibility: irregular fluctuations in earnings Lead Agencies must take into account irregular fluctuati
us-mi,ccdf-s08,federal_with_state_option,CCDF state plan 2.2.7,PRESENT,us-mi/policy/2026-09-10-ccdf-plan-fy2025-2027,us-mi/policy/acf/ccdf-plan/fy2025-2027/2.2,partial,"plan section '2.2 Eligible Children and Families' | ion or redetermination, children must (1) be younger than age 13; (2) reside with a family whose income does not exceed 85 percent of the State's"
us-mi,ccdf-s09,federal_with_state_option,CCDF state plan 2.2 / 2.3,PRESENT,us-mi/policy/2026-09-10-ccdf-plan-fy2025-2027,us-mi/policy/acf/ccdf-plan/fy2025-2027/2.2,no,"plan section '2.2 Eligible Children and Families' | am (which can include job search) or (b) receive, or need to receive, protective services as defined by the Lead Agency. 2.2.1 Eligibility criteria: age of chi"
us-mi,ccdf-s10,federal_with_state_option,CCDF state plan 2.3.1-2.3.3,PRESENT,us-mi/policy/2026-09-10-ccdf-plan-fy2025-2027,us-mi/policy/acf/ccdf-plan/fy2025-2027/2.3,no,"plan section '2.3 Prioritizing Services for Vulnerable Children and Famili' | Lead Agencies must give priority for child care assistance to children with special needs, families w"
us-mi,ccdf-s11,federal_with_state_option,CCDF state plan 2.5.2,PRESENT,us-mi/policy/2026-09-10-ccdf-plan-fy2025-2027,us-mi/policy/acf/ccdf-plan/fy2025-2027/2.5,no,"plan section '2.5 Promoting Continuity of Care' | are when authorizing child care services and must establish a minimum 12-month period for each child, both at the initial eligibility determination"
us-mi,ccdf-s12,federal_with_state_option,CCDF state plan 2.5.3,PRESENT,us-mi/policy/2026-09-10-ccdf-plan-fy2025-2027,us-mi/policy/acf/ccdf-plan/fy2025-2027/2.5,no,"plan section '2.5 Promoting Continuity of Care' | d above. In these cases only, Lead Agencies may establish a period of 3 months or longer. 6. Any change in age, including a child turning 13 years o"
us-mi,ccdf-s13,federal_with_state_option,CCDF state plan 2.5.4,PRESENT,us-mi/policy/2026-09-10-ccdf-plan-fy2025-2027,us-mi/policy/acf/ccdf-plan/fy2025-2027/2.5,no,"plan section '2.5 Promoting Continuity of Care' | families retaining eligibility. This requirement is: • Regardless of changes in income, Lead Agencies may not terminate CCDF assistance during the minimum 1"
us-mi,ccdf-s14,federal_with_state_option,CCDF state plan 2.1 / 2.5,PRESENT,us-mi/policy/2026-09-10-ccdf-plan-fy2025-2027,us-mi/policy/acf/ccdf-plan/fy2025-2027/2.1,no,plan section '2.1 Reducing Barriers to Family Enrollment and Redeterminati' | l that apply and describe those elements checked. i. [x] Establishing presumptive eligibility while eligibility is being determined. Describe the polic
us-mi,ccdf-s15,federal_with_state_option,CCDF state plan 3.1.1-3.1.2 (fee table),PRESENT,us-mi/policy/2026-09-10-ccdf-plan-fy2025-2027,us-mi/policy/acf/ccdf-plan/fy2025-2027/3.1,yes,plan section '3.1 Family Co-payments' | Lead Agencies must establish and periodically revise a sliding-fee scale for families receiving CCDF services that varies based on income and
us-mi,ccdf-s16,federal_with_state_option,CCDF state plan 3.2.1,PRESENT,us-mi/policy/2026-09-10-ccdf-plan-fy2025-2027,us-mi/policy/acf/ccdf-plan/fy2025-2027/3.2,yes,"plan section '3.2 Calculation of Co-Payment' | Lead agencies must calculate a family’s contribution (or co-payment), taking into account income and family size, and Lead"
us-mi,ccdf-s17,federal_with_state_option,CCDF state plan 3.3.1,PRESENT,us-mi/policy/2026-09-10-ccdf-plan-fy2025-2027,us-mi/policy/acf/ccdf-plan/fy2025-2027/3.3,partial,plan section '3.3 Waiving Family Co-payment' | 3.3.1 Waiving family co-payment The Lead Agency may waive family contributions/c
us-mi,ccdf-s18,federal_with_state_option,CCDF state plan 4.1.1,PRESENT,us-mi/policy/2026-09-10-ccdf-plan-fy2025-2027,us-mi/policy/acf/ccdf-plan/fy2025-2027/4.1,partial,plan section '4.1 Access to Full Range of Provider Options' | rs and offer assistance with child care services through a child care certificate (or voucher) or with a child care provider that has a grant or contra
us-mi,ccdf-s19,federal_with_state_option,CCDF state plan 4.2,PRESENT,us-mi/policy/2026-09-10-ccdf-plan-fy2025-2027,us-mi/policy/acf/ccdf-plan/fy2025-2027/4.2,no,plan section '4.2 Assess Market Rates and Analyze the Cost of Child Care' | y valid and reliable data and have the option to conduct either a (1) market rate survey (MRS) reflecting variations in the price to parents of child care ser
us-mi,ccdf-s20,federal_with_state_option,CCDF state plan 4.3.1-4.3.2 (rate tables as of plan date),PRESENT,us-mi/policy/2026-09-10-ccdf-plan-fy2025-2027,us-mi/policy/acf/ccdf-plan/fy2025-2027/4.3,yes,plan section '4.3 Adequate Payment Rates' | The Lead Agency must set CCDF subsidy payment rates in accordance with the results of the current MRS or ACF pre-approved
us-mi,ccdf-s21,federal_with_state_option,CCDF state plan 4.3.3,PRESENT,us-mi/policy/2026-09-10-ccdf-plan-fy2025-2027,us-mi/policy/acf/ccdf-plan/fy2025-2027/4.3,partial,"plan section '4.3 Adequate Payment Rates' | rates below. Base rates are the lowest, foundational rates before any differentials are added (e.g., for higher quality or other purposes) and must be s"
us-mi,ccdf-s22,federal_with_state_option,CCDF state plan 4.4.1-4.4.3,PRESENT,us-mi/policy/2026-09-10-ccdf-plan-fy2025-2027,us-mi/policy/acf/ccdf-plan/fy2025-2027/4.4,no,"plan section '4.4 Payment Practices to Providers' | cost of child care services based on paying by the child’s authorized enrollment, or if impracticable, an alternative approach that will not undermine"
us-mi,ccdf-s23,federal_with_state_option,CCDF state plan section 5,PRESENT,us-mi/policy/2026-09-10-ccdf-plan-fy2025-2027,us-mi/policy/acf/ccdf-plan/fy2025-2027/5.1,no,plan section '5.1 Licensing Requirements' | Each Lead Agency must ensure it has in effect licensing requirements applicable to all child care services provided within
us-mi,ccdf-s24,federal_with_state_option,CCDF state plan 2.2.9,PRESENT,us-mi/policy/2026-09-10-ccdf-plan-fy2025-2027,us-mi/policy/acf/ccdf-plan/fy2025-2027/2.2,no,plan section '2.2 Eligible Children and Families' | d not yet verified. [ ] [ ] Other. Describe how you verify: N/A 2.2.9 Exception to TANF work requirements Lead Agencies must ensure that families with young children participa
us-mi,ccdf-s25,federal_with_state_option,CCDF state plan 10.1-10.2,PRESENT,us-mi/policy/2026-09-10-ccdf-plan-fy2025-2027,us-mi/policy/acf/ccdf-plan/fy2025-2027/10.2,no,"plan section '10.2 Fraud Investigation, Payment Recovery, and Sanctions' | Lead Agencies must have the necessary controls to identify fraud and other program violations to ensure program integrity. Program vio"
us-mi,ccdf-s26,federal_with_state_option,CCDF state plan (Lead Agency publication reached via the ACF index),PRESENT,us-mi/policy/2026-09-10-ccdf-plan-fy2025-2027,us-mi/policy/acf/ccdf-plan/fy2025-2027,no,plan root + 41 subsections; plan status: Approved as of 2026-03-12 (state posts Amendment 1 and 2 consolidated plans and the Appendix; initial approved plan not posted)
us-mi,ccdf-s27,federal_with_state_option,"ACF-hosted Appendix PDF on the FY 2025-2027 index (51 listed, 0 taken)",EXTRACTABLE,,,no,"ACF-hosted Appendix 1 PDF listed on acf.gov/occ/form/approved-ccdf-plans-fy-2025-2027 for all 50 states + DC (51 listed, 0 taken; run note 'Appendix family not taken'); state also posts its own copy"
us-mi,ccdf-s28,federal_with_state_option,"amended plans posted on Lead Agency pages (inventoried, not taken except where the only posted version)",PRESENT,us-mi/policy/2026-09-10-ccdf-plan-fy2025-2027,us-mi/policy/acf/ccdf-plan/fy2025-2027,no,Amendment 2 (approved 2026-03-12) is the taken plan
us-mi,ccdf-s29,federal_with_state_option,state regulation/manual for the subsidy program (CCAP/CCS/ERDC/Wisconsin Shares etc.),PRESENT,us-mi/manual/2026-07-17-mi-bridges-manual,us-mi/manual/mdhhs/bridges/bem/703/page-1,yes,heading='Page 1' | 5 body matches | BEM 703 1 of 18 CDC PROGRAM REQUIREMENTS BPB 2026-010 4-1-2026 BRIDGES ELIGIBILITY MANUAL MICHIG
us-mi,ccdf-s30,federal_with_state_option,state rate schedules / MRS sheets / transmittals (state-published),REVIEW,,,yes,current rate/copay schedule family not inventoried for this state; the plan carries the values as of its submission only
us-mn,ccdf-s01,federal_with_state_option,CCDF state plan 1.1-1.2,PRESENT,us-mn/policy/2026-09-10-ccdf-plan-fy2025-2027,us-mn/policy/acf/ccdf-plan/fy2025-2027/1.1,no,plan section '1.1 CCDF Leadership' | a joint interagency office to represent the State or Territory as the Lead Agency. The Lead Agency agrees to administer the program in accordance with
us-mn,ccdf-s02,federal_with_state_option,CCDF state plan 2.2.1,PRESENT,us-mn/policy/2026-09-10-ccdf-plan-fy2025-2027,us-mn/policy/acf/ccdf-plan/fy2025-2027/2.2,yes,"plan section '2.2 Eligible Children and Families' | At eligibility determination or redetermination, children must (1) be younger than age 13; (2) reside with a family whose income does not exceed 85 percent of"
us-mn,ccdf-s03,federal_with_state_option,CCDF state plan 2.2.2,PRESENT,us-mn/policy/2026-09-10-ccdf-plan-fy2025-2027,us-mn/policy/acf/ccdf-plan/fy2025-2027/2.2,partial,"plan section '2.2 Eligible Children and Families' | or attending a job training or educational program (which can include job search) or (b) receive, or need to receive, protective services as defined b"
us-mn,ccdf-s04,federal_with_state_option,CCDF state plan 2.2.3-2.2.4,PRESENT,us-mn/policy/2026-09-10-ccdf-plan-fy2025-2027,us-mn/policy/acf/ccdf-plan/fy2025-2027/2.2,yes,plan section '2.2 Eligible Children and Families' | ] No. [ ] Yes. 2.2.3 Eligibility criteria: deciding entity on family income limits How are income eligibility limits established? [x] There is a statewi
us-mn,ccdf-s05,federal_with_state_option,CCDF state plan 2.5.5,PRESENT,us-mn/policy/2026-09-10-ccdf-plan-fy2025-2027,us-mn/policy/acf/ccdf-plan/fy2025-2027/2.5,yes,plan section '2.5 Promoting Continuity of Care' | gency’s income eligibility threshold but not the federal threshold of 85 percent of SMI; and • Regardless of temporary changes in participation in wor
us-mn,ccdf-s06,federal_with_state_option,CCDF state plan 2.2.6,PRESENT,us-mn/policy/2026-09-10-ccdf-plan-fy2025-2027,us-mn/policy/acf/ccdf-plan/fy2025-2027/2.2,partial,"plan section '2.2 Eligible Children and Families' | ) for a family of the same size and whose family assets do not exceed $1,000,000; and (3)(a) reside with a parent or parents who are working or attend"
us-mn,ccdf-s07,federal_with_state_option,CCDF state plan 2.2.5,PRESENT,us-mn/policy/2026-09-10-ccdf-plan-fy2025-2027,us-mn/policy/acf/ccdf-plan/fy2025-2027/2.2,yes,"plan section '2.2 Eligible Children and Families' | is only counted if it is from an income source listed in the unearned income definition. Effective September 1, 2024. only the portion of Retirement, Survivo"
us-mn,ccdf-s08,federal_with_state_option,CCDF state plan 2.2.7,PRESENT,us-mn/policy/2026-09-10-ccdf-plan-fy2025-2027,us-mn/policy/acf/ccdf-plan/fy2025-2027/2.2,partial,"plan section '2.2 Eligible Children and Families' | ion or redetermination, children must (1) be younger than age 13; (2) reside with a family whose income does not exceed 85 percent of the State's"
us-mn,ccdf-s09,federal_with_state_option,CCDF state plan 2.2 / 2.3,PRESENT,us-mn/policy/2026-09-10-ccdf-plan-fy2025-2027,us-mn/policy/acf/ccdf-plan/fy2025-2027/2.2,no,"plan section '2.2 Eligible Children and Families' | am (which can include job search) or (b) receive, or need to receive, protective services as defined by the Lead Agency. 2.2.1 Eligibility criteria: age of chi"
us-mn,ccdf-s10,federal_with_state_option,CCDF state plan 2.3.1-2.3.3,PRESENT,us-mn/policy/2026-09-10-ccdf-plan-fy2025-2027,us-mn/policy/acf/ccdf-plan/fy2025-2027/2.3,no,"plan section '2.3 Prioritizing Services for Vulnerable Children and Famili' | Lead Agencies must give priority for child care assistance to children with special needs, families w"
us-mn,ccdf-s11,federal_with_state_option,CCDF state plan 2.5.2,PRESENT,us-mn/policy/2026-09-10-ccdf-plan-fy2025-2027,us-mn/policy/acf/ccdf-plan/fy2025-2027/2.5,no,"plan section '2.5 Promoting Continuity of Care' | are when authorizing child care services and must establish a minimum 12-month period for each child, both at the initial eligibility determination"
us-mn,ccdf-s12,federal_with_state_option,CCDF state plan 2.5.3,PRESENT,us-mn/policy/2026-09-10-ccdf-plan-fy2025-2027,us-mn/policy/acf/ccdf-plan/fy2025-2027/2.5,no,"plan section '2.5 Promoting Continuity of Care' | d above. In these cases only, Lead Agencies may establish a period of 3 months or longer. 6. Any change in age, including a child turning 13 years o"
us-mn,ccdf-s13,federal_with_state_option,CCDF state plan 2.5.4,PRESENT,us-mn/policy/2026-09-10-ccdf-plan-fy2025-2027,us-mn/policy/acf/ccdf-plan/fy2025-2027/2.5,no,"plan section '2.5 Promoting Continuity of Care' | families retaining eligibility. This requirement is: • Regardless of changes in income, Lead Agencies may not terminate CCDF assistance during the minimum 1"
us-mn,ccdf-s14,federal_with_state_option,CCDF state plan 2.1 / 2.5,PRESENT,us-mn/policy/2026-09-10-ccdf-plan-fy2025-2027,us-mn/policy/acf/ccdf-plan/fy2025-2027/2.1,no,plan section '2.1 Reducing Barriers to Family Enrollment and Redeterminati' | l that apply and describe those elements checked. i. [ ] Establishing presumptive eligibility while eligibility is being determined. Describe the polic
us-mn,ccdf-s15,federal_with_state_option,CCDF state plan 3.1.1-3.1.2 (fee table),PRESENT,us-mn/policy/2026-09-10-ccdf-plan-fy2025-2027,us-mn/policy/acf/ccdf-plan/fy2025-2027/3.1,yes,plan section '3.1 Family Co-payments' | Lead Agencies must establish and periodically revise a sliding-fee scale for families receiving CCDF services that varies based on income and
us-mn,ccdf-s16,federal_with_state_option,CCDF state plan 3.2.1,PRESENT,us-mn/policy/2026-09-10-ccdf-plan-fy2025-2027,us-mn/policy/acf/ccdf-plan/fy2025-2027/3.2,yes,"plan section '3.2 Calculation of Co-Payment' | Lead agencies must calculate a family’s contribution (or co-payment), taking into account income and family size, and Lead"
us-mn,ccdf-s17,federal_with_state_option,CCDF state plan 3.3.1,PRESENT,us-mn/policy/2026-09-10-ccdf-plan-fy2025-2027,us-mn/policy/acf/ccdf-plan/fy2025-2027/3.3,partial,plan section '3.3 Waiving Family Co-payment' | 3.3.1 Waiving family co-payment The Lead Agency may waive family contributions/c
us-mn,ccdf-s18,federal_with_state_option,CCDF state plan 4.1.1,PRESENT,us-mn/policy/2026-09-10-ccdf-plan-fy2025-2027,us-mn/policy/acf/ccdf-plan/fy2025-2027/4.1,partial,plan section '4.1 Access to Full Range of Provider Options' | rs and offer assistance with child care services through a child care certificate (or voucher) or with a child care provider that has a grant or contra
us-mn,ccdf-s19,federal_with_state_option,CCDF state plan 4.2,PRESENT,us-mn/policy/2026-09-10-ccdf-plan-fy2025-2027,us-mn/policy/acf/ccdf-plan/fy2025-2027/4.2,no,plan section '4.2 Assess Market Rates and Analyze the Cost of Child Care' | y valid and reliable data and have the option to conduct either a (1) market rate survey (MRS) reflecting variations in the price to parents of child care ser
us-mn,ccdf-s20,federal_with_state_option,CCDF state plan 4.3.1-4.3.2 (rate tables as of plan date),PRESENT,us-mn/policy/2026-09-10-ccdf-plan-fy2025-2027,us-mn/policy/acf/ccdf-plan/fy2025-2027/4.3,yes,plan section '4.3 Adequate Payment Rates' | The Lead Agency must set CCDF subsidy payment rates in accordance with the results of the current MRS or ACF pre-approved
us-mn,ccdf-s21,federal_with_state_option,CCDF state plan 4.3.3,PRESENT,us-mn/policy/2026-09-10-ccdf-plan-fy2025-2027,us-mn/policy/acf/ccdf-plan/fy2025-2027/4.3,partial,"plan section '4.3 Adequate Payment Rates' | rates below. Base rates are the lowest, foundational rates before any differentials are added (e.g., for higher quality or other purposes) and must be s"
us-mn,ccdf-s22,federal_with_state_option,CCDF state plan 4.4.1-4.4.3,PRESENT,us-mn/policy/2026-09-10-ccdf-plan-fy2025-2027,us-mn/policy/acf/ccdf-plan/fy2025-2027/4.4,no,"plan section '4.4 Payment Practices to Providers' | cost of child care services based on paying by the child’s authorized enrollment, or if impracticable, an alternative approach that will not undermine"
us-mn,ccdf-s23,federal_with_state_option,CCDF state plan section 5,PRESENT,us-mn/policy/2026-09-10-ccdf-plan-fy2025-2027,us-mn/policy/acf/ccdf-plan/fy2025-2027/5.1,no,plan section '5.1 Licensing Requirements' | Each Lead Agency must ensure it has in effect licensing requirements applicable to all child care services provided within
us-mn,ccdf-s24,federal_with_state_option,CCDF state plan 2.2.9,PRESENT,us-mn/policy/2026-09-10-ccdf-plan-fy2025-2027,us-mn/policy/acf/ccdf-plan/fy2025-2027/2.2,no,plan section '2.2 Eligible Children and Families' | ] Other. Describe how you verify: No additional items required. 2.2.9 Exception to TANF work requirements Lead Agencies must ensure that families with young children participa
us-mn,ccdf-s25,federal_with_state_option,CCDF state plan 10.1-10.2,PRESENT,us-mn/policy/2026-09-10-ccdf-plan-fy2025-2027,us-mn/policy/acf/ccdf-plan/fy2025-2027/10.2,no,"plan section '10.2 Fraud Investigation, Payment Recovery, and Sanctions' | Lead Agencies must have the necessary controls to identify fraud and other program violations to ensure program integrity. Program vio"
us-mn,ccdf-s26,federal_with_state_option,CCDF state plan (Lead Agency publication reached via the ACF index),PRESENT,us-mn/policy/2026-09-10-ccdf-plan-fy2025-2027,us-mn/policy/acf/ccdf-plan/fy2025-2027,no,"plan root + 41 subsections; plan status: Approved as of 2026-08-11 ('Amended 25-27 CCDF Plan', the only FFY 2025-2027 version posted by the Department of Children, Youth, and Families, which replaced DHS as Lead Agency; the mn.gov page the ACF index links is a meta-refresh to this page; retry 2 2026-09-10T21:35Z from a US network: plain requests are still redirected to the validate.perfdrive.com challenge, curl_cffi chrome impersonation now completes TLS verification and receives the page and the PDF)"
us-mn,ccdf-s27,federal_with_state_option,"ACF-hosted Appendix PDF on the FY 2025-2027 index (51 listed, 0 taken)",EXTRACTABLE,,,no,"ACF-hosted Appendix 1 PDF listed on acf.gov/occ/form/approved-ccdf-plans-fy-2025-2027 for all 50 states + DC (51 listed, 0 taken; run note 'Appendix family not taken')"
us-mn,ccdf-s28,federal_with_state_option,"amended plans posted on Lead Agency pages (inventoried, not taken except where the only posted version)",PRESENT,us-mn/policy/2026-09-10-ccdf-plan-fy2025-2027,us-mn/policy/acf/ccdf-plan/fy2025-2027,no,Amendment 3 (approved 2026-08-11) is the taken plan
us-mn,ccdf-s29,federal_with_state_option,state regulation/manual for the subsidy program (CCAP/CCS/ERDC/Wisconsin Shares etc.),REVIEW,,,yes,no selected scope carries the state's child-care subsidy rulebook (heading scan of the selected TANF/combined scope 2026-09-12 found no subsidy chapter) and no queue row inventoried it
us-mn,ccdf-s30,federal_with_state_option,state rate schedules / MRS sheets / transmittals (state-published),EXTRACTABLE,,,yes,"market rate survey reports listed, not taken (run-note inventory)"
us-mo,ccdf-s01,federal_with_state_option,CCDF state plan 1.1-1.2,OUTREACH,,,no,dese.mo.gov serves a Drupal antibot/Incapsula form instead of the plan PDF (retried 3x)
us-mo,ccdf-s02,federal_with_state_option,CCDF state plan 2.2.1,OUTREACH,,,yes,dese.mo.gov serves a Drupal antibot/Incapsula form instead of the plan PDF (retried 3x)
us-mo,ccdf-s03,federal_with_state_option,CCDF state plan 2.2.2,OUTREACH,,,partial,dese.mo.gov serves a Drupal antibot/Incapsula form instead of the plan PDF (retried 3x)
us-mo,ccdf-s04,federal_with_state_option,CCDF state plan 2.2.3-2.2.4,OUTREACH,,,yes,dese.mo.gov serves a Drupal antibot/Incapsula form instead of the plan PDF (retried 3x)
us-mo,ccdf-s05,federal_with_state_option,CCDF state plan 2.5.5,OUTREACH,,,yes,dese.mo.gov serves a Drupal antibot/Incapsula form instead of the plan PDF (retried 3x)
us-mo,ccdf-s06,federal_with_state_option,CCDF state plan 2.2.6,OUTREACH,,,partial,dese.mo.gov serves a Drupal antibot/Incapsula form instead of the plan PDF (retried 3x)
us-mo,ccdf-s07,federal_with_state_option,CCDF state plan 2.2.5,OUTREACH,,,yes,dese.mo.gov serves a Drupal antibot/Incapsula form instead of the plan PDF (retried 3x)
us-mo,ccdf-s08,federal_with_state_option,CCDF state plan 2.2.7,OUTREACH,,,partial,dese.mo.gov serves a Drupal antibot/Incapsula form instead of the plan PDF (retried 3x)
us-mo,ccdf-s09,federal_with_state_option,CCDF state plan 2.2 / 2.3,OUTREACH,,,no,dese.mo.gov serves a Drupal antibot/Incapsula form instead of the plan PDF (retried 3x)
us-mo,ccdf-s10,federal_with_state_option,CCDF state plan 2.3.1-2.3.3,OUTREACH,,,no,dese.mo.gov serves a Drupal antibot/Incapsula form instead of the plan PDF (retried 3x)
us-mo,ccdf-s11,federal_with_state_option,CCDF state plan 2.5.2,OUTREACH,,,no,dese.mo.gov serves a Drupal antibot/Incapsula form instead of the plan PDF (retried 3x)
us-mo,ccdf-s12,federal_with_state_option,CCDF state plan 2.5.3,OUTREACH,,,no,dese.mo.gov serves a Drupal antibot/Incapsula form instead of the plan PDF (retried 3x)
us-mo,ccdf-s13,federal_with_state_option,CCDF state plan 2.5.4,OUTREACH,,,no,dese.mo.gov serves a Drupal antibot/Incapsula form instead of the plan PDF (retried 3x)
us-mo,ccdf-s14,federal_with_state_option,CCDF state plan 2.1 / 2.5,OUTREACH,,,no,dese.mo.gov serves a Drupal antibot/Incapsula form instead of the plan PDF (retried 3x)
us-mo,ccdf-s15,federal_with_state_option,CCDF state plan 3.1.1-3.1.2 (fee table),OUTREACH,,,yes,dese.mo.gov serves a Drupal antibot/Incapsula form instead of the plan PDF (retried 3x)
us-mo,ccdf-s16,federal_with_state_option,CCDF state plan 3.2.1,OUTREACH,,,yes,dese.mo.gov serves a Drupal antibot/Incapsula form instead of the plan PDF (retried 3x)
us-mo,ccdf-s17,federal_with_state_option,CCDF state plan 3.3.1,OUTREACH,,,partial,dese.mo.gov serves a Drupal antibot/Incapsula form instead of the plan PDF (retried 3x)
us-mo,ccdf-s18,federal_with_state_option,CCDF state plan 4.1.1,OUTREACH,,,partial,dese.mo.gov serves a Drupal antibot/Incapsula form instead of the plan PDF (retried 3x)
us-mo,ccdf-s19,federal_with_state_option,CCDF state plan 4.2,OUTREACH,,,no,dese.mo.gov serves a Drupal antibot/Incapsula form instead of the plan PDF (retried 3x)
us-mo,ccdf-s20,federal_with_state_option,CCDF state plan 4.3.1-4.3.2 (rate tables as of plan date),OUTREACH,,,yes,dese.mo.gov serves a Drupal antibot/Incapsula form instead of the plan PDF (retried 3x)
us-mo,ccdf-s21,federal_with_state_option,CCDF state plan 4.3.3,OUTREACH,,,partial,dese.mo.gov serves a Drupal antibot/Incapsula form instead of the plan PDF (retried 3x)
us-mo,ccdf-s22,federal_with_state_option,CCDF state plan 4.4.1-4.4.3,OUTREACH,,,no,dese.mo.gov serves a Drupal antibot/Incapsula form instead of the plan PDF (retried 3x)
us-mo,ccdf-s23,federal_with_state_option,CCDF state plan section 5,OUTREACH,,,no,dese.mo.gov serves a Drupal antibot/Incapsula form instead of the plan PDF (retried 3x)
us-mo,ccdf-s24,federal_with_state_option,CCDF state plan 2.2.9,OUTREACH,,,no,dese.mo.gov serves a Drupal antibot/Incapsula form instead of the plan PDF (retried 3x)
us-mo,ccdf-s25,federal_with_state_option,CCDF state plan 10.1-10.2,OUTREACH,,,no,dese.mo.gov serves a Drupal antibot/Incapsula form instead of the plan PDF (retried 3x)
us-mo,ccdf-s26,federal_with_state_option,CCDF state plan (Lead Agency publication reached via the ACF index),OUTREACH,,,no,dese.mo.gov serves a Drupal antibot/Incapsula form instead of the plan PDF (retried 3x)
us-mo,ccdf-s27,federal_with_state_option,"ACF-hosted Appendix PDF on the FY 2025-2027 index (51 listed, 0 taken)",EXTRACTABLE,,,no,"ACF-hosted Appendix 1 PDF listed on acf.gov/occ/form/approved-ccdf-plans-fy-2025-2027 for all 50 states + DC (51 listed, 0 taken; run note 'Appendix family not taken')"
us-mo,ccdf-s28,federal_with_state_option,"amended plans posted on Lead Agency pages (inventoried, not taken except where the only posted version)",OUTREACH,,,no,Lead Agency site blocked (dese.mo.gov serves a Drupal antibot/Incapsula form instead of the plan PDF); landing page lists Amendment #1 and 'Current' Amendment #2 behind the blocked media path
us-mo,ccdf-s29,federal_with_state_option,state regulation/manual for the subsidy program (CCAP/CCS/ERDC/Wisconsin Shares etc.),OUTREACH,,,yes,Lead Agency site blocked (dese.mo.gov serves a Drupal antibot/Incapsula form instead of the plan PDF); the state subsidy rulebook was not inventoried
us-mo,ccdf-s30,federal_with_state_option,state rate schedules / MRS sheets / transmittals (state-published),OUTREACH,,,yes,Lead Agency site blocked (dese.mo.gov serves a Drupal antibot/Incapsula form instead of the plan PDF)
us-ms,ccdf-s01,federal_with_state_option,CCDF state plan 1.1-1.2,PRESENT,us-ms/policy/2026-09-10-ccdf-plan-fy2025-2027,us-ms/policy/acf/ccdf-plan/fy2025-2027/1.1,no,plan section '1.1 CCDF Leadership' | a joint interagency office to represent the State or Territory as the Lead Agency. The Lead Agency agrees to administer the program in accordance with
us-ms,ccdf-s02,federal_with_state_option,CCDF state plan 2.2.1,PRESENT,us-ms/policy/2026-09-10-ccdf-plan-fy2025-2027,us-ms/policy/acf/ccdf-plan/fy2025-2027/2.2,yes,"plan section '2.2 Eligible Children and Families' | At eligibility determination or redetermination, children must (1) be younger than age 13; (2) reside with a family whose income does not exceed 85 percent of"
us-ms,ccdf-s03,federal_with_state_option,CCDF state plan 2.2.2,PRESENT,us-ms/policy/2026-09-10-ccdf-plan-fy2025-2027,us-ms/policy/acf/ccdf-plan/fy2025-2027/2.2,partial,"plan section '2.2 Eligible Children and Families' | or attending a job training or educational program (which can include job search) or (b) receive, or need to receive, protective services as defined b"
us-ms,ccdf-s04,federal_with_state_option,CCDF state plan 2.2.3-2.2.4,PRESENT,us-ms/policy/2026-09-10-ccdf-plan-fy2025-2027,us-ms/policy/acf/ccdf-plan/fy2025-2027/2.2,yes,plan section '2.2 Eligible Children and Families' | ] No. [x] Yes. 2.2.3 Eligibility criteria: deciding entity on family income limits How are income eligibility limits established? [x] There is a statewi
us-ms,ccdf-s05,federal_with_state_option,CCDF state plan 2.5.5,PRESENT,us-ms/policy/2026-09-10-ccdf-plan-fy2025-2027,us-ms/policy/acf/ccdf-plan/fy2025-2027/2.5,yes,plan section '2.5 Promoting Continuity of Care' | gency’s income eligibility threshold but not the federal threshold of 85 percent of SMI; and • Regardless of temporary changes in participation in wor
us-ms,ccdf-s06,federal_with_state_option,CCDF state plan 2.2.6,PRESENT,us-ms/policy/2026-09-10-ccdf-plan-fy2025-2027,us-ms/policy/acf/ccdf-plan/fy2025-2027/2.2,partial,"plan section '2.2 Eligible Children and Families' | ) for a family of the same size and whose family assets do not exceed $1,000,000; and (3)(a) reside with a parent or parents who are working or attend"
us-ms,ccdf-s07,federal_with_state_option,CCDF state plan 2.2.5,PRESENT,us-ms/policy/2026-09-10-ccdf-plan-fy2025-2027,us-ms/policy/acf/ccdf-plan/fy2025-2027/2.2,yes,plan section '2.2 Eligible Children and Families' | . https://www.mdhs.ms.gov/eccd/parents/pay/ 2.2.5 Income eligibility: irregular fluctuations in earnings Lead Agencies must take into account irregular fluctuati
us-ms,ccdf-s08,federal_with_state_option,CCDF state plan 2.2.7,PRESENT,us-ms/policy/2026-09-10-ccdf-plan-fy2025-2027,us-ms/policy/acf/ccdf-plan/fy2025-2027/2.2,partial,"plan section '2.2 Eligible Children and Families' | ion or redetermination, children must (1) be younger than age 13; (2) reside with a family whose income does not exceed 85 percent of the State's"
us-ms,ccdf-s09,federal_with_state_option,CCDF state plan 2.2 / 2.3,PRESENT,us-ms/policy/2026-09-10-ccdf-plan-fy2025-2027,us-ms/policy/acf/ccdf-plan/fy2025-2027/2.2,no,"plan section '2.2 Eligible Children and Families' | am (which can include job search) or (b) receive, or need to receive, protective services as defined by the Lead Agency. 2.2.1 Eligibility criteria: age of chi"
us-ms,ccdf-s10,federal_with_state_option,CCDF state plan 2.3.1-2.3.3,PRESENT,us-ms/policy/2026-09-10-ccdf-plan-fy2025-2027,us-ms/policy/acf/ccdf-plan/fy2025-2027/2.3,no,"plan section '2.3 Prioritizing Services for Vulnerable Children and Famili' | Lead Agencies must give priority for child care assistance to children with special needs, families w"
us-ms,ccdf-s11,federal_with_state_option,CCDF state plan 2.5.2,PRESENT,us-ms/policy/2026-09-10-ccdf-plan-fy2025-2027,us-ms/policy/acf/ccdf-plan/fy2025-2027/2.5,no,"plan section '2.5 Promoting Continuity of Care' | are when authorizing child care services and must establish a minimum 12-month period for each child, both at the initial eligibility determination"
us-ms,ccdf-s12,federal_with_state_option,CCDF state plan 2.5.3,PRESENT,us-ms/policy/2026-09-10-ccdf-plan-fy2025-2027,us-ms/policy/acf/ccdf-plan/fy2025-2027/2.5,no,"plan section '2.5 Promoting Continuity of Care' | d above. In these cases only, Lead Agencies may establish a period of 3 months or longer. 6. Any change in age, including a child turning 13 years o"
us-ms,ccdf-s13,federal_with_state_option,CCDF state plan 2.5.4,PRESENT,us-ms/policy/2026-09-10-ccdf-plan-fy2025-2027,us-ms/policy/acf/ccdf-plan/fy2025-2027/2.5,no,"plan section '2.5 Promoting Continuity of Care' | families retaining eligibility. This requirement is: • Regardless of changes in income, Lead Agencies may not terminate CCDF assistance during the minimum 1"
us-ms,ccdf-s14,federal_with_state_option,CCDF state plan 2.1 / 2.5,PRESENT,us-ms/policy/2026-09-10-ccdf-plan-fy2025-2027,us-ms/policy/acf/ccdf-plan/fy2025-2027/2.1,no,plan section '2.1 Reducing Barriers to Family Enrollment and Redeterminati' | l that apply and describe those elements checked. i. [ ] Establishing presumptive eligibility while eligibility is being determined. Describe the polic
us-ms,ccdf-s15,federal_with_state_option,CCDF state plan 3.1.1-3.1.2 (fee table),PRESENT,us-ms/policy/2026-09-10-ccdf-plan-fy2025-2027,us-ms/policy/acf/ccdf-plan/fy2025-2027/3.1,yes,plan section '3.1 Family Co-payments' | Lead Agencies must establish and periodically revise a sliding-fee scale for families receiving CCDF services that varies based on income and
us-ms,ccdf-s16,federal_with_state_option,CCDF state plan 3.2.1,PRESENT,us-ms/policy/2026-09-10-ccdf-plan-fy2025-2027,us-ms/policy/acf/ccdf-plan/fy2025-2027/3.2,yes,"plan section '3.2 Calculation of Co-Payment' | Lead agencies must calculate a family’s contribution (or co-payment), taking into account income and family size, and Lead"
us-ms,ccdf-s17,federal_with_state_option,CCDF state plan 3.3.1,PRESENT,us-ms/policy/2026-09-10-ccdf-plan-fy2025-2027,us-ms/policy/acf/ccdf-plan/fy2025-2027/3.3,partial,plan section '3.3 Waiving Family Co-payment' | 3.3.1 Waiving family co-payment The Lead Agency may waive family contributions/c
us-ms,ccdf-s18,federal_with_state_option,CCDF state plan 4.1.1,PRESENT,us-ms/policy/2026-09-10-ccdf-plan-fy2025-2027,us-ms/policy/acf/ccdf-plan/fy2025-2027/4.1,partial,plan section '4.1 Access to Full Range of Provider Options' | rs and offer assistance with child care services through a child care certificate (or voucher) or with a child care provider that has a grant or contra
us-ms,ccdf-s19,federal_with_state_option,CCDF state plan 4.2,PRESENT,us-ms/policy/2026-09-10-ccdf-plan-fy2025-2027,us-ms/policy/acf/ccdf-plan/fy2025-2027/4.2,no,plan section '4.2 Assess Market Rates and Analyze the Cost of Child Care' | y valid and reliable data and have the option to conduct either a (1) market rate survey (MRS) reflecting variations in the price to parents of child care ser
us-ms,ccdf-s20,federal_with_state_option,CCDF state plan 4.3.1-4.3.2 (rate tables as of plan date),PRESENT,us-ms/policy/2026-09-10-ccdf-plan-fy2025-2027,us-ms/policy/acf/ccdf-plan/fy2025-2027/4.3,yes,plan section '4.3 Adequate Payment Rates' | The Lead Agency must set CCDF subsidy payment rates in accordance with the results of the current MRS or ACF pre-approved
us-ms,ccdf-s21,federal_with_state_option,CCDF state plan 4.3.3,PRESENT,us-ms/policy/2026-09-10-ccdf-plan-fy2025-2027,us-ms/policy/acf/ccdf-plan/fy2025-2027/4.3,partial,"plan section '4.3 Adequate Payment Rates' | rates below. Base rates are the lowest, foundational rates before any differentials are added (e.g., for higher quality or other purposes) and must be s"
us-ms,ccdf-s22,federal_with_state_option,CCDF state plan 4.4.1-4.4.3,PRESENT,us-ms/policy/2026-09-10-ccdf-plan-fy2025-2027,us-ms/policy/acf/ccdf-plan/fy2025-2027/4.4,no,"plan section '4.4 Payment Practices to Providers' | cost of child care services based on paying by the child’s authorized enrollment, or if impracticable, an alternative approach that will not undermine"
us-ms,ccdf-s23,federal_with_state_option,CCDF state plan section 5,PRESENT,us-ms/policy/2026-09-10-ccdf-plan-fy2025-2027,us-ms/policy/acf/ccdf-plan/fy2025-2027/5.1,no,plan section '5.1 Licensing Requirements' | Each Lead Agency must ensure it has in effect licensing requirements applicable to all child care services provided within
us-ms,ccdf-s24,federal_with_state_option,CCDF state plan 2.2.9,PRESENT,us-ms/policy/2026-09-10-ccdf-plan-fy2025-2027,us-ms/policy/acf/ccdf-plan/fy2025-2027/2.2,no,plan section '2.2 Eligible Children and Families' | would be approved provided they meet the SSI/SSA requirements. 2.2.9 Exception to TANF work requirements Lead Agencies must ensure that families with young children participa
us-ms,ccdf-s25,federal_with_state_option,CCDF state plan 10.1-10.2,PRESENT,us-ms/policy/2026-09-10-ccdf-plan-fy2025-2027,us-ms/policy/acf/ccdf-plan/fy2025-2027/10.2,no,"plan section '10.2 Fraud Investigation, Payment Recovery, and Sanctions' | Lead Agencies must have the necessary controls to identify fraud and other program violations to ensure program integrity. Program vio"
us-ms,ccdf-s26,federal_with_state_option,CCDF state plan (Lead Agency publication reached via the ACF index),PRESENT,us-ms/policy/2026-09-10-ccdf-plan-fy2025-2027,us-ms/policy/acf/ccdf-plan/fy2025-2027,no,"plan root + 41 subsections; plan status: Approved as of 2024-11-09 (located on retry 2026-09-10: the State Plans page still lists only 2022-2024; the plan is '2025 - 2027 CCDF Triennial State Plan' on the ECCD 'Child Care Reports & Archives' page, whose /document/2025-2027-ccdf-triennial-state-plan/ landing URL 302s to this PDF; the Appendix is posted separately, not taken)"
us-ms,ccdf-s27,federal_with_state_option,"ACF-hosted Appendix PDF on the FY 2025-2027 index (51 listed, 0 taken)",EXTRACTABLE,,,no,"ACF-hosted Appendix 1 PDF listed on acf.gov/occ/form/approved-ccdf-plans-fy-2025-2027 for all 50 states + DC (51 listed, 0 taken; run note 'Appendix family not taken'); state also posts its own copy"
us-ms,ccdf-s28,federal_with_state_option,"amended plans posted on Lead Agency pages (inventoried, not taken except where the only posted version)",REVIEW,,,no,queue row records no amendment on the Lead Agency page; whether an amendment has since been approved is unverified
us-ms,ccdf-s29,federal_with_state_option,state regulation/manual for the subsidy program (CCAP/CCS/ERDC/Wisconsin Shares etc.),REVIEW,,,yes,no selected scope carries the state's child-care subsidy rulebook (heading scan of the selected TANF/combined scope 2026-09-12 found no subsidy chapter) and no queue row inventoried it
us-ms,ccdf-s30,federal_with_state_option,state rate schedules / MRS sheets / transmittals (state-published),EXTRACTABLE,,,yes,"market rate surveys 2021/2024 and Narrow Cost Analysis 2024 listed, not taken (run-note inventory)"
us-mt,ccdf-s01,federal_with_state_option,CCDF state plan 1.1-1.2,PRESENT,us-mt/policy/2026-09-10-ccdf-plan-fy2025-2027,us-mt/policy/acf/ccdf-plan/fy2025-2027/1.1,no,plan section '1.1 CCDF Leadership' | a joint interagency office to represent the State or Territory as the Lead Agency. The Lead Agency agrees to administer the program in accordance with
us-mt,ccdf-s02,federal_with_state_option,CCDF state plan 2.2.1,PRESENT,us-mt/policy/2026-09-10-ccdf-plan-fy2025-2027,us-mt/policy/acf/ccdf-plan/fy2025-2027/2.2,yes,"plan section '2.2 Eligible Children and Families' | At eligibility determination or redetermination, children must (1) be younger than age 13; (2) reside with a family whose income does not exceed 85 percent of"
us-mt,ccdf-s03,federal_with_state_option,CCDF state plan 2.2.2,PRESENT,us-mt/policy/2026-09-10-ccdf-plan-fy2025-2027,us-mt/policy/acf/ccdf-plan/fy2025-2027/2.2,partial,"plan section '2.2 Eligible Children and Families' | or attending a job training or educational program (which can include job search) or (b) receive, or need to receive, protective services as defined b"
us-mt,ccdf-s04,federal_with_state_option,CCDF state plan 2.2.3-2.2.4,PRESENT,us-mt/policy/2026-09-10-ccdf-plan-fy2025-2027,us-mt/policy/acf/ccdf-plan/fy2025-2027/2.2,yes,plan section '2.2 Eligible Children and Families' | x] No. [ ] Yes. 2.2.3 Eligibility criteria: deciding entity on family income limits How are income eligibility limits established? [x] There is a statewi
us-mt,ccdf-s05,federal_with_state_option,CCDF state plan 2.5.5,PRESENT,us-mt/policy/2026-09-10-ccdf-plan-fy2025-2027,us-mt/policy/acf/ccdf-plan/fy2025-2027/2.5,yes,plan section '2.5 Promoting Continuity of Care' | gency’s income eligibility threshold but not the federal threshold of 85 percent of SMI; and • Regardless of temporary changes in participation in wor
us-mt,ccdf-s06,federal_with_state_option,CCDF state plan 2.2.6,PRESENT,us-mt/policy/2026-09-10-ccdf-plan-fy2025-2027,us-mt/policy/acf/ccdf-plan/fy2025-2027/2.2,partial,"plan section '2.2 Eligible Children and Families' | ) for a family of the same size and whose family assets do not exceed $1,000,000; and (3)(a) reside with a parent or parents who are working or attend"
us-mt,ccdf-s07,federal_with_state_option,CCDF state plan 2.2.5,PRESENT,us-mt/policy/2026-09-10-ccdf-plan-fy2025-2027,us-mt/policy/acf/ccdf-plan/fy2025-2027/2.2,yes,plan section '2.2 Eligible Children and Families' | lic assistance. x. [x] Other. Describe: The Lead Agency has a list of countable income in the Child Care Policy Manual Section 2-6: Income Evaluation Table.
us-mt,ccdf-s08,federal_with_state_option,CCDF state plan 2.2.7,PRESENT,us-mt/policy/2026-09-10-ccdf-plan-fy2025-2027,us-mt/policy/acf/ccdf-plan/fy2025-2027/2.2,partial,"plan section '2.2 Eligible Children and Families' | ion or redetermination, children must (1) be younger than age 13; (2) reside with a family whose income does not exceed 85 percent of the State's"
us-mt,ccdf-s09,federal_with_state_option,CCDF state plan 2.2 / 2.3,PRESENT,us-mt/policy/2026-09-10-ccdf-plan-fy2025-2027,us-mt/policy/acf/ccdf-plan/fy2025-2027/2.2,no,"plan section '2.2 Eligible Children and Families' | am (which can include job search) or (b) receive, or need to receive, protective services as defined by the Lead Agency. 2.2.1 Eligibility criteria: age of chi"
us-mt,ccdf-s10,federal_with_state_option,CCDF state plan 2.3.1-2.3.3,PRESENT,us-mt/policy/2026-09-10-ccdf-plan-fy2025-2027,us-mt/policy/acf/ccdf-plan/fy2025-2027/2.3,no,"plan section '2.3 Prioritizing Services for Vulnerable Children and Famili' | Lead Agencies must give priority for child care assistance to children with special needs, families w"
us-mt,ccdf-s11,federal_with_state_option,CCDF state plan 2.5.2,PRESENT,us-mt/policy/2026-09-10-ccdf-plan-fy2025-2027,us-mt/policy/acf/ccdf-plan/fy2025-2027/2.5,no,"plan section '2.5 Promoting Continuity of Care' | are when authorizing child care services and must establish a minimum 12-month period for each child, both at the initial eligibility determination"
us-mt,ccdf-s12,federal_with_state_option,CCDF state plan 2.5.3,PRESENT,us-mt/policy/2026-09-10-ccdf-plan-fy2025-2027,us-mt/policy/acf/ccdf-plan/fy2025-2027/2.5,no,"plan section '2.5 Promoting Continuity of Care' | d above. In these cases only, Lead Agencies may establish a period of 3 months or longer. 6. Any change in age, including a child turning 13 years o"
us-mt,ccdf-s13,federal_with_state_option,CCDF state plan 2.5.4,PRESENT,us-mt/policy/2026-09-10-ccdf-plan-fy2025-2027,us-mt/policy/acf/ccdf-plan/fy2025-2027/2.5,no,"plan section '2.5 Promoting Continuity of Care' | families retaining eligibility. This requirement is: • Regardless of changes in income, Lead Agencies may not terminate CCDF assistance during the minimum 1"
us-mt,ccdf-s14,federal_with_state_option,CCDF state plan 2.1 / 2.5,PRESENT,us-mt/policy/2026-09-10-ccdf-plan-fy2025-2027,us-mt/policy/acf/ccdf-plan/fy2025-2027/2.1,no,plan section '2.1 Reducing Barriers to Family Enrollment and Redeterminati' | l that apply and describe those elements checked. i. [x] Establishing presumptive eligibility while eligibility is being determined. Describe the polic
us-mt,ccdf-s15,federal_with_state_option,CCDF state plan 3.1.1-3.1.2 (fee table),PRESENT,us-mt/policy/2026-09-10-ccdf-plan-fy2025-2027,us-mt/policy/acf/ccdf-plan/fy2025-2027/3.1,yes,plan section '3.1 Family Co-payments' | Lead Agencies must establish and periodically revise a sliding-fee scale for families receiving CCDF services that varies based on income and
us-mt,ccdf-s16,federal_with_state_option,CCDF state plan 3.2.1,PRESENT,us-mt/policy/2026-09-10-ccdf-plan-fy2025-2027,us-mt/policy/acf/ccdf-plan/fy2025-2027/3.2,yes,"plan section '3.2 Calculation of Co-Payment' | Lead agencies must calculate a family’s contribution (or co-payment), taking into account income and family size, and Lead"
us-mt,ccdf-s17,federal_with_state_option,CCDF state plan 3.3.1,PRESENT,us-mt/policy/2026-09-10-ccdf-plan-fy2025-2027,us-mt/policy/acf/ccdf-plan/fy2025-2027/3.3,partial,plan section '3.3 Waiving Family Co-payment' | 3.3.1 Waiving family co-payment The Lead Agency may waive family contributions/c
us-mt,ccdf-s18,federal_with_state_option,CCDF state plan 4.1.1,PRESENT,us-mt/policy/2026-09-10-ccdf-plan-fy2025-2027,us-mt/policy/acf/ccdf-plan/fy2025-2027/4.1,partial,plan section '4.1 Access to Full Range of Provider Options' | rs and offer assistance with child care services through a child care certificate (or voucher) or with a child care provider that has a grant or contra
us-mt,ccdf-s19,federal_with_state_option,CCDF state plan 4.2,PRESENT,us-mt/policy/2026-09-10-ccdf-plan-fy2025-2027,us-mt/policy/acf/ccdf-plan/fy2025-2027/4.2,no,plan section '4.2 Assess Market Rates and Analyze the Cost of Child Care' | y valid and reliable data and have the option to conduct either a (1) market rate survey (MRS) reflecting variations in the price to parents of child care ser
us-mt,ccdf-s20,federal_with_state_option,CCDF state plan 4.3.1-4.3.2 (rate tables as of plan date),PRESENT,us-mt/policy/2026-09-10-ccdf-plan-fy2025-2027,us-mt/policy/acf/ccdf-plan/fy2025-2027/4.3,yes,plan section '4.3 Adequate Payment Rates' | The Lead Agency must set CCDF subsidy payment rates in accordance with the results of the current MRS or ACF pre-approved
us-mt,ccdf-s21,federal_with_state_option,CCDF state plan 4.3.3,PRESENT,us-mt/policy/2026-09-10-ccdf-plan-fy2025-2027,us-mt/policy/acf/ccdf-plan/fy2025-2027/4.3,partial,"plan section '4.3 Adequate Payment Rates' | rates below. Base rates are the lowest, foundational rates before any differentials are added (e.g., for higher quality or other purposes) and must be s"
us-mt,ccdf-s22,federal_with_state_option,CCDF state plan 4.4.1-4.4.3,PRESENT,us-mt/policy/2026-09-10-ccdf-plan-fy2025-2027,us-mt/policy/acf/ccdf-plan/fy2025-2027/4.4,no,"plan section '4.4 Payment Practices to Providers' | cost of child care services based on paying by the child’s authorized enrollment, or if impracticable, an alternative approach that will not undermine"
us-mt,ccdf-s23,federal_with_state_option,CCDF state plan section 5,PRESENT,us-mt/policy/2026-09-10-ccdf-plan-fy2025-2027,us-mt/policy/acf/ccdf-plan/fy2025-2027/5.1,no,plan section '5.1 Licensing Requirements' | Each Lead Agency must ensure it has in effect licensing requirements applicable to all child care services provided within
us-mt,ccdf-s24,federal_with_state_option,CCDF state plan 2.2.9,PRESENT,us-mt/policy/2026-09-10-ccdf-plan-fy2025-2027,us-mt/policy/acf/ccdf-plan/fy2025-2027/2.2,no,plan section '2.2 Eligible Children and Families' | be submitted again. [ ] [ ] Other. Describe how you verify: N/A 2.2.9 Exception to TANF work requirements Lead Agencies must ensure that families with young children participa
us-mt,ccdf-s25,federal_with_state_option,CCDF state plan 10.1-10.2,PRESENT,us-mt/policy/2026-09-10-ccdf-plan-fy2025-2027,us-mt/policy/acf/ccdf-plan/fy2025-2027/10.2,no,"plan section '10.2 Fraud Investigation, Payment Recovery, and Sanctions' | Lead Agencies must have the necessary controls to identify fraud and other program violations to ensure program integrity. Program vio"
us-mt,ccdf-s26,federal_with_state_option,CCDF state plan (Lead Agency publication reached via the ACF index),PRESENT,us-mt/policy/2026-09-10-ccdf-plan-fy2025-2027,us-mt/policy/acf/ccdf-plan/fy2025-2027,no,plan root + 41 subsections; plan status: Approved as of 2024-11-09
us-mt,ccdf-s27,federal_with_state_option,"ACF-hosted Appendix PDF on the FY 2025-2027 index (51 listed, 0 taken)",EXTRACTABLE,,,no,"ACF-hosted Appendix 1 PDF listed on acf.gov/occ/form/approved-ccdf-plans-fy-2025-2027 for all 50 states + DC (51 listed, 0 taken; run note 'Appendix family not taken')"
us-mt,ccdf-s28,federal_with_state_option,"amended plans posted on Lead Agency pages (inventoried, not taken except where the only posted version)",REVIEW,,,no,queue row records no amendment on the Lead Agency page; whether an amendment has since been approved is unverified
us-mt,ccdf-s29,federal_with_state_option,state regulation/manual for the subsidy program (CCAP/CCS/ERDC/Wisconsin Shares etc.),REVIEW,,,yes,no selected scope carries the state's child-care subsidy rulebook (heading scan of the selected TANF/combined scope 2026-09-12 found no subsidy chapter) and no queue row inventoried it
us-mt,ccdf-s30,federal_with_state_option,state rate schedules / MRS sheets / transmittals (state-published),REVIEW,,,yes,current rate/copay schedule family not inventoried for this state; the plan carries the values as of its submission only
us-nc,ccdf-s01,federal_with_state_option,CCDF state plan 1.1-1.2,PRESENT,us-nc/policy/2026-09-10-ccdf-plan-fy2025-2027,us-nc/policy/acf/ccdf-plan/fy2025-2027/1.1,no,plan section '1.1 CCDF Leadership' | a joint interagency office to represent the State or Territory as the Lead Agency. The Lead Agency agrees to administer the program in accordance with
us-nc,ccdf-s02,federal_with_state_option,CCDF state plan 2.2.1,PRESENT,us-nc/policy/2026-09-10-ccdf-plan-fy2025-2027,us-nc/policy/acf/ccdf-plan/fy2025-2027/2.2,yes,"plan section '2.2 Eligible Children and Families' | At eligibility determination or redetermination, children must (1) be younger than age 13; (2) reside with a family whose income does not exceed 85 percent of"
us-nc,ccdf-s03,federal_with_state_option,CCDF state plan 2.2.2,PRESENT,us-nc/policy/2026-09-10-ccdf-plan-fy2025-2027,us-nc/policy/acf/ccdf-plan/fy2025-2027/2.2,partial,"plan section '2.2 Eligible Children and Families' | or attending a job training or educational program (which can include job search) or (b) receive, or need to receive, protective services as defined b"
us-nc,ccdf-s04,federal_with_state_option,CCDF state plan 2.2.3-2.2.4,PRESENT,us-nc/policy/2026-09-10-ccdf-plan-fy2025-2027,us-nc/policy/acf/ccdf-plan/fy2025-2027/2.2,yes,plan section '2.2 Eligible Children and Families' | x] No. [ ] Yes. 2.2.3 Eligibility criteria: deciding entity on family income limits How are income eligibility limits established? [x] There is a statewi
us-nc,ccdf-s05,federal_with_state_option,CCDF state plan 2.5.5,PRESENT,us-nc/policy/2026-09-10-ccdf-plan-fy2025-2027,us-nc/policy/acf/ccdf-plan/fy2025-2027/2.5,yes,plan section '2.5 Promoting Continuity of Care' | gency’s income eligibility threshold but not the federal threshold of 85 percent of SMI; and • Regardless of temporary changes in participation in wor
us-nc,ccdf-s06,federal_with_state_option,CCDF state plan 2.2.6,PRESENT,us-nc/policy/2026-09-10-ccdf-plan-fy2025-2027,us-nc/policy/acf/ccdf-plan/fy2025-2027/2.2,partial,"plan section '2.2 Eligible Children and Families' | ) for a family of the same size and whose family assets do not exceed $1,000,000; and (3)(a) reside with a parent or parents who are working or attend"
us-nc,ccdf-s07,federal_with_state_option,CCDF state plan 2.2.5,PRESENT,us-nc/policy/2026-09-10-ccdf-plan-fy2025-2027,us-nc/policy/acf/ccdf-plan/fy2025-2027/2.2,yes,"plan section '2.2 Eligible Children and Families' | . [ ] Inheritance. ix. [x] Public assistance. x. [x] Other. Describe: Income is defined as monetary resources, earned or unearned, received for labor, servic"
us-nc,ccdf-s08,federal_with_state_option,CCDF state plan 2.2.7,PRESENT,us-nc/policy/2026-09-10-ccdf-plan-fy2025-2027,us-nc/policy/acf/ccdf-plan/fy2025-2027/2.2,partial,"plan section '2.2 Eligible Children and Families' | ion or redetermination, children must (1) be younger than age 13; (2) reside with a family whose income does not exceed 85 percent of the State's"
us-nc,ccdf-s09,federal_with_state_option,CCDF state plan 2.2 / 2.3,PRESENT,us-nc/policy/2026-09-10-ccdf-plan-fy2025-2027,us-nc/policy/acf/ccdf-plan/fy2025-2027/2.2,no,"plan section '2.2 Eligible Children and Families' | am (which can include job search) or (b) receive, or need to receive, protective services as defined by the Lead Agency. 2.2.1 Eligibility criteria: age of chi"
us-nc,ccdf-s10,federal_with_state_option,CCDF state plan 2.3.1-2.3.3,PRESENT,us-nc/policy/2026-09-10-ccdf-plan-fy2025-2027,us-nc/policy/acf/ccdf-plan/fy2025-2027/2.3,no,"plan section '2.3 Prioritizing Services for Vulnerable Children and Famili' | Lead Agencies must give priority for child care assistance to children with special needs, families w"
us-nc,ccdf-s11,federal_with_state_option,CCDF state plan 2.5.2,PRESENT,us-nc/policy/2026-09-10-ccdf-plan-fy2025-2027,us-nc/policy/acf/ccdf-plan/fy2025-2027/2.5,no,"plan section '2.5 Promoting Continuity of Care' | are when authorizing child care services and must establish a minimum 12-month period for each child, both at the initial eligibility determination"
us-nc,ccdf-s12,federal_with_state_option,CCDF state plan 2.5.3,PRESENT,us-nc/policy/2026-09-10-ccdf-plan-fy2025-2027,us-nc/policy/acf/ccdf-plan/fy2025-2027/2.5,no,"plan section '2.5 Promoting Continuity of Care' | d above. In these cases only, Lead Agencies may establish a period of 3 months or longer. 6. Any change in age, including a child turning 13 years o"
us-nc,ccdf-s13,federal_with_state_option,CCDF state plan 2.5.4,PRESENT,us-nc/policy/2026-09-10-ccdf-plan-fy2025-2027,us-nc/policy/acf/ccdf-plan/fy2025-2027/2.5,no,"plan section '2.5 Promoting Continuity of Care' | families retaining eligibility. This requirement is: • Regardless of changes in income, Lead Agencies may not terminate CCDF assistance during the minimum 1"
us-nc,ccdf-s14,federal_with_state_option,CCDF state plan 2.1 / 2.5,PRESENT,us-nc/policy/2026-09-10-ccdf-plan-fy2025-2027,us-nc/policy/acf/ccdf-plan/fy2025-2027/2.1,no,plan section '2.1 Reducing Barriers to Family Enrollment and Redeterminati' | l that apply and describe those elements checked. i. [ ] Establishing presumptive eligibility while eligibility is being determined. Describe the polic
us-nc,ccdf-s15,federal_with_state_option,CCDF state plan 3.1.1-3.1.2 (fee table),PRESENT,us-nc/policy/2026-09-10-ccdf-plan-fy2025-2027,us-nc/policy/acf/ccdf-plan/fy2025-2027/3.1,yes,plan section '3.1 Family Co-payments' | Lead Agencies must establish and periodically revise a sliding-fee scale for families receiving CCDF services that varies based on income and
us-nc,ccdf-s16,federal_with_state_option,CCDF state plan 3.2.1,PRESENT,us-nc/policy/2026-09-10-ccdf-plan-fy2025-2027,us-nc/policy/acf/ccdf-plan/fy2025-2027/3.2,yes,"plan section '3.2 Calculation of Co-Payment' | Lead agencies must calculate a family’s contribution (or co-payment), taking into account income and family size, and Lead"
us-nc,ccdf-s17,federal_with_state_option,CCDF state plan 3.3.1,PRESENT,us-nc/policy/2026-09-10-ccdf-plan-fy2025-2027,us-nc/policy/acf/ccdf-plan/fy2025-2027/3.3,partial,plan section '3.3 Waiving Family Co-payment' | 3.3.1 Waiving family co-payment The Lead Agency may waive family contributions/c
us-nc,ccdf-s18,federal_with_state_option,CCDF state plan 4.1.1,PRESENT,us-nc/policy/2026-09-10-ccdf-plan-fy2025-2027,us-nc/policy/acf/ccdf-plan/fy2025-2027/4.1,partial,plan section '4.1 Access to Full Range of Provider Options' | rs and offer assistance with child care services through a child care certificate (or voucher) or with a child care provider that has a grant or contra
us-nc,ccdf-s19,federal_with_state_option,CCDF state plan 4.2,PRESENT,us-nc/policy/2026-09-10-ccdf-plan-fy2025-2027,us-nc/policy/acf/ccdf-plan/fy2025-2027/4.2,no,plan section '4.2 Assess Market Rates and Analyze the Cost of Child Care' | y valid and reliable data and have the option to conduct either a (1) market rate survey (MRS) reflecting variations in the price to parents of child care ser
us-nc,ccdf-s20,federal_with_state_option,CCDF state plan 4.3.1-4.3.2 (rate tables as of plan date),PRESENT,us-nc/policy/2026-09-10-ccdf-plan-fy2025-2027,us-nc/policy/acf/ccdf-plan/fy2025-2027/4.3,yes,plan section '4.3 Adequate Payment Rates' | The Lead Agency must set CCDF subsidy payment rates in accordance with the results of the current MRS or ACF pre-approved
us-nc,ccdf-s21,federal_with_state_option,CCDF state plan 4.3.3,PRESENT,us-nc/policy/2026-09-10-ccdf-plan-fy2025-2027,us-nc/policy/acf/ccdf-plan/fy2025-2027/4.3,partial,"plan section '4.3 Adequate Payment Rates' | rates below. Base rates are the lowest, foundational rates before any differentials are added (e.g., for higher quality or other purposes) and must be s"
us-nc,ccdf-s22,federal_with_state_option,CCDF state plan 4.4.1-4.4.3,PRESENT,us-nc/policy/2026-09-10-ccdf-plan-fy2025-2027,us-nc/policy/acf/ccdf-plan/fy2025-2027/4.4,no,"plan section '4.4 Payment Practices to Providers' | cost of child care services based on paying by the child’s authorized enrollment, or if impracticable, an alternative approach that will not undermine"
us-nc,ccdf-s23,federal_with_state_option,CCDF state plan section 5,PRESENT,us-nc/policy/2026-09-10-ccdf-plan-fy2025-2027,us-nc/policy/acf/ccdf-plan/fy2025-2027/5.1,no,plan section '5.1 Licensing Requirements' | Each Lead Agency must ensure it has in effect licensing requirements applicable to all child care services provided within
us-nc,ccdf-s24,federal_with_state_option,CCDF state plan 2.2.9,PRESENT,us-nc/policy/2026-09-10-ccdf-plan-fy2025-2027,us-nc/policy/acf/ccdf-plan/fy2025-2027/2.2,no,plan section '2.2 Eligible Children and Families' | record. [ ] [ ] Other. Describe how you verify: Not applicable. 2.2.9 Exception to TANF work requirements Lead Agencies must ensure that families with young children participa
us-nc,ccdf-s25,federal_with_state_option,CCDF state plan 10.1-10.2,PRESENT,us-nc/policy/2026-09-10-ccdf-plan-fy2025-2027,us-nc/policy/acf/ccdf-plan/fy2025-2027/10.2,no,"plan section '10.2 Fraud Investigation, Payment Recovery, and Sanctions' | Lead Agencies must have the necessary controls to identify fraud and other program violations to ensure program integrity. Program vio"
us-nc,ccdf-s26,federal_with_state_option,CCDF state plan (Lead Agency publication reached via the ACF index),PRESENT,us-nc/policy/2026-09-10-ccdf-plan-fy2025-2027,us-nc/policy/acf/ccdf-plan/fy2025-2027,no,"plan root + 41 subsections; plan status: Approved as of 2024-11-09 (Amendment 2 consolidated plan and the Appendix posted separately, not taken)"
us-nc,ccdf-s27,federal_with_state_option,"ACF-hosted Appendix PDF on the FY 2025-2027 index (51 listed, 0 taken)",EXTRACTABLE,,,no,"ACF-hosted Appendix 1 PDF listed on acf.gov/occ/form/approved-ccdf-plans-fy-2025-2027 for all 50 states + DC (51 listed, 0 taken; run note 'Appendix family not taken'); state also posts its own copy"
us-nc,ccdf-s28,federal_with_state_option,"amended plans posted on Lead Agency pages (inventoried, not taken except where the only posted version)",EXTRACTABLE,,,no,"Amendment 2 consolidated plan posted separately (Lead Agency page, queue row)"
us-nc,ccdf-s29,federal_with_state_option,state regulation/manual for the subsidy program (CCAP/CCS/ERDC/Wisconsin Shares etc.),REVIEW,,,yes,no selected scope carries the state's child-care subsidy rulebook (heading scan of the selected TANF/combined scope 2026-09-12 found no subsidy chapter) and no queue row inventoried it
us-nc,ccdf-s30,federal_with_state_option,state rate schedules / MRS sheets / transmittals (state-published),REVIEW,,,yes,current rate/copay schedule family not inventoried for this state; the plan carries the values as of its submission only
us-nd,ccdf-s01,federal_with_state_option,CCDF state plan 1.1-1.2,PRESENT,us-nd/policy/2026-09-10-ccdf-plan-fy2025-2027,us-nd/policy/acf/ccdf-plan/fy2025-2027/1.1,no,plan section '1.1 CCDF Leadership' | a joint interagency office to represent the State or Territory as the Lead Agency. The Lead Agency agrees to administer the program in accordance with
us-nd,ccdf-s02,federal_with_state_option,CCDF state plan 2.2.1,PRESENT,us-nd/policy/2026-09-10-ccdf-plan-fy2025-2027,us-nd/policy/acf/ccdf-plan/fy2025-2027/2.2,yes,"plan section '2.2 Eligible Children and Families' | At eligibility determination or redetermination, children must (1) be younger than age 13; (2) reside with a family whose income does not exceed 85 percent of"
us-nd,ccdf-s03,federal_with_state_option,CCDF state plan 2.2.2,PRESENT,us-nd/policy/2026-09-10-ccdf-plan-fy2025-2027,us-nd/policy/acf/ccdf-plan/fy2025-2027/2.2,partial,"plan section '2.2 Eligible Children and Families' | or attending a job training or educational program (which can include job search) or (b) receive, or need to receive, protective services as defined b"
us-nd,ccdf-s04,federal_with_state_option,CCDF state plan 2.2.3-2.2.4,PRESENT,us-nd/policy/2026-09-10-ccdf-plan-fy2025-2027,us-nd/policy/acf/ccdf-plan/fy2025-2027/2.2,yes,plan section '2.2 Eligible Children and Families' | x] No. [ ] Yes. 2.2.3 Eligibility criteria: deciding entity on family income limits How are income eligibility limits established? [x] There is a statewi
us-nd,ccdf-s05,federal_with_state_option,CCDF state plan 2.5.5,PRESENT,us-nd/policy/2026-09-10-ccdf-plan-fy2025-2027,us-nd/policy/acf/ccdf-plan/fy2025-2027/2.5,yes,plan section '2.5 Promoting Continuity of Care' | gency’s income eligibility threshold but not the federal threshold of 85 percent of SMI; and • Regardless of temporary changes in participation in wor
us-nd,ccdf-s06,federal_with_state_option,CCDF state plan 2.2.6,PRESENT,us-nd/policy/2026-09-10-ccdf-plan-fy2025-2027,us-nd/policy/acf/ccdf-plan/fy2025-2027/2.2,partial,"plan section '2.2 Eligible Children and Families' | ) for a family of the same size and whose family assets do not exceed $1,000,000; and (3)(a) reside with a parent or parents who are working or attend"
us-nd,ccdf-s07,federal_with_state_option,CCDF state plan 2.2.5,PRESENT,us-nd/policy/2026-09-10-ccdf-plan-fy2025-2027,us-nd/policy/acf/ccdf-plan/fy2025-2027/2.2,yes,plan section '2.2 Eligible Children and Families' | geName=ReportSection2a293b23c84b8b2e01ea%22 2.2.5 Income eligibility: irregular fluctuations in earnings Lead Agencies must take into account irregular fluctuati
us-nd,ccdf-s08,federal_with_state_option,CCDF state plan 2.2.7,PRESENT,us-nd/policy/2026-09-10-ccdf-plan-fy2025-2027,us-nd/policy/acf/ccdf-plan/fy2025-2027/2.2,partial,"plan section '2.2 Eligible Children and Families' | ion or redetermination, children must (1) be younger than age 13; (2) reside with a family whose income does not exceed 85 percent of the State's"
us-nd,ccdf-s09,federal_with_state_option,CCDF state plan 2.2 / 2.3,PRESENT,us-nd/policy/2026-09-10-ccdf-plan-fy2025-2027,us-nd/policy/acf/ccdf-plan/fy2025-2027/2.2,no,"plan section '2.2 Eligible Children and Families' | am (which can include job search) or (b) receive, or need to receive, protective services as defined by the Lead Agency. 2.2.1 Eligibility criteria: age of chi"
us-nd,ccdf-s10,federal_with_state_option,CCDF state plan 2.3.1-2.3.3,PRESENT,us-nd/policy/2026-09-10-ccdf-plan-fy2025-2027,us-nd/policy/acf/ccdf-plan/fy2025-2027/2.3,no,"plan section '2.3 Prioritizing Services for Vulnerable Children and Famili' | Lead Agencies must give priority for child care assistance to children with special needs, families w"
us-nd,ccdf-s11,federal_with_state_option,CCDF state plan 2.5.2,PRESENT,us-nd/policy/2026-09-10-ccdf-plan-fy2025-2027,us-nd/policy/acf/ccdf-plan/fy2025-2027/2.5,no,"plan section '2.5 Promoting Continuity of Care' | are when authorizing child care services and must establish a minimum 12-month period for each child, both at the initial eligibility determination"
us-nd,ccdf-s12,federal_with_state_option,CCDF state plan 2.5.3,PRESENT,us-nd/policy/2026-09-10-ccdf-plan-fy2025-2027,us-nd/policy/acf/ccdf-plan/fy2025-2027/2.5,no,"plan section '2.5 Promoting Continuity of Care' | d above. In these cases only, Lead Agencies may establish a period of 3 months or longer. 6. Any change in age, including a child turning 13 years o"
us-nd,ccdf-s13,federal_with_state_option,CCDF state plan 2.5.4,PRESENT,us-nd/policy/2026-09-10-ccdf-plan-fy2025-2027,us-nd/policy/acf/ccdf-plan/fy2025-2027/2.5,no,"plan section '2.5 Promoting Continuity of Care' | families retaining eligibility. This requirement is: • Regardless of changes in income, Lead Agencies may not terminate CCDF assistance during the minimum 1"
us-nd,ccdf-s14,federal_with_state_option,CCDF state plan 2.1 / 2.5,PRESENT,us-nd/policy/2026-09-10-ccdf-plan-fy2025-2027,us-nd/policy/acf/ccdf-plan/fy2025-2027/2.1,no,plan section '2.1 Reducing Barriers to Family Enrollment and Redeterminati' | l that apply and describe those elements checked. i. [ ] Establishing presumptive eligibility while eligibility is being determined. Describe the polic
us-nd,ccdf-s15,federal_with_state_option,CCDF state plan 3.1.1-3.1.2 (fee table),PRESENT,us-nd/policy/2026-09-10-ccdf-plan-fy2025-2027,us-nd/policy/acf/ccdf-plan/fy2025-2027/3.1,yes,plan section '3.1 Family Co-payments' | Lead Agencies must establish and periodically revise a sliding-fee scale for families receiving CCDF services that varies based on income and
us-nd,ccdf-s16,federal_with_state_option,CCDF state plan 3.2.1,PRESENT,us-nd/policy/2026-09-10-ccdf-plan-fy2025-2027,us-nd/policy/acf/ccdf-plan/fy2025-2027/3.2,yes,"plan section '3.2 Calculation of Co-Payment' | Lead agencies must calculate a family’s contribution (or co-payment), taking into account income and family size, and Lead"
us-nd,ccdf-s17,federal_with_state_option,CCDF state plan 3.3.1,PRESENT,us-nd/policy/2026-09-10-ccdf-plan-fy2025-2027,us-nd/policy/acf/ccdf-plan/fy2025-2027/3.3,partial,plan section '3.3 Waiving Family Co-payment' | 3.3.1 Waiving family co-payment The Lead Agency may waive family contributions/c
us-nd,ccdf-s18,federal_with_state_option,CCDF state plan 4.1.1,PRESENT,us-nd/policy/2026-09-10-ccdf-plan-fy2025-2027,us-nd/policy/acf/ccdf-plan/fy2025-2027/4.1,partial,plan section '4.1 Access to Full Range of Provider Options' | rs and offer assistance with child care services through a child care certificate (or voucher) or with a child care provider that has a grant or contra
us-nd,ccdf-s19,federal_with_state_option,CCDF state plan 4.2,PRESENT,us-nd/policy/2026-09-10-ccdf-plan-fy2025-2027,us-nd/policy/acf/ccdf-plan/fy2025-2027/4.2,no,plan section '4.2 Assess Market Rates and Analyze the Cost of Child Care' | y valid and reliable data and have the option to conduct either a (1) market rate survey (MRS) reflecting variations in the price to parents of child care ser
us-nd,ccdf-s20,federal_with_state_option,CCDF state plan 4.3.1-4.3.2 (rate tables as of plan date),PRESENT,us-nd/policy/2026-09-10-ccdf-plan-fy2025-2027,us-nd/policy/acf/ccdf-plan/fy2025-2027/4.3,yes,plan section '4.3 Adequate Payment Rates' | The Lead Agency must set CCDF subsidy payment rates in accordance with the results of the current MRS or ACF pre-approved
us-nd,ccdf-s21,federal_with_state_option,CCDF state plan 4.3.3,PRESENT,us-nd/policy/2026-09-10-ccdf-plan-fy2025-2027,us-nd/policy/acf/ccdf-plan/fy2025-2027/4.3,partial,"plan section '4.3 Adequate Payment Rates' | rates below. Base rates are the lowest, foundational rates before any differentials are added (e.g., for higher quality or other purposes) and must be s"
us-nd,ccdf-s22,federal_with_state_option,CCDF state plan 4.4.1-4.4.3,PRESENT,us-nd/policy/2026-09-10-ccdf-plan-fy2025-2027,us-nd/policy/acf/ccdf-plan/fy2025-2027/4.4,no,"plan section '4.4 Payment Practices to Providers' | cost of child care services based on paying by the child’s authorized enrollment, or if impracticable, an alternative approach that will not undermine"
us-nd,ccdf-s23,federal_with_state_option,CCDF state plan section 5,PRESENT,us-nd/policy/2026-09-10-ccdf-plan-fy2025-2027,us-nd/policy/acf/ccdf-plan/fy2025-2027/5.1,no,plan section '5.1 Licensing Requirements' | Each Lead Agency must ensure it has in effect licensing requirements applicable to all child care services provided within
us-nd,ccdf-s24,federal_with_state_option,CCDF state plan 2.2.9,PRESENT,us-nd/policy/2026-09-10-ccdf-plan-fy2025-2027,us-nd/policy/acf/ccdf-plan/fy2025-2027/2.2,no,plan section '2.2 Eligible Children and Families' | birth certificates. [ ] [ ] Other. Describe how you verify: NA 2.2.9 Exception to TANF work requirements Lead Agencies must ensure that families with young children participa
us-nd,ccdf-s25,federal_with_state_option,CCDF state plan 10.1-10.2,PRESENT,us-nd/policy/2026-09-10-ccdf-plan-fy2025-2027,us-nd/policy/acf/ccdf-plan/fy2025-2027/10.2,no,"plan section '10.2 Fraud Investigation, Payment Recovery, and Sanctions' | Lead Agencies must have the necessary controls to identify fraud and other program violations to ensure program integrity. Program vio"
us-nd,ccdf-s26,federal_with_state_option,CCDF state plan (Lead Agency publication reached via the ACF index),PRESENT,us-nd/policy/2026-09-10-ccdf-plan-fy2025-2027,us-nd/policy/acf/ccdf-plan/fy2025-2027,no,"plan root + 41 subsections; plan status: Approved as of 2024-11-09 (Amendment 1, Amendment 2 and Appendix posted separately, not taken)"
us-nd,ccdf-s27,federal_with_state_option,"ACF-hosted Appendix PDF on the FY 2025-2027 index (51 listed, 0 taken)",EXTRACTABLE,,,no,"ACF-hosted Appendix 1 PDF listed on acf.gov/occ/form/approved-ccdf-plans-fy-2025-2027 for all 50 states + DC (51 listed, 0 taken; run note 'Appendix family not taken'); state also posts its own copy"
us-nd,ccdf-s28,federal_with_state_option,"amended plans posted on Lead Agency pages (inventoried, not taken except where the only posted version)",EXTRACTABLE,,,no,"Amendment 1 and 2 posted separately (Lead Agency page, queue row)"
us-nd,ccdf-s29,federal_with_state_option,state regulation/manual for the subsidy program (CCAP/CCS/ERDC/Wisconsin Shares etc.),REVIEW,,,yes,no selected scope carries the state's child-care subsidy rulebook (heading scan of the selected TANF/combined scope 2026-09-12 found no subsidy chapter) and no queue row inventoried it
us-nd,ccdf-s30,federal_with_state_option,state rate schedules / MRS sheets / transmittals (state-published),REVIEW,,,yes,current rate/copay schedule family not inventoried for this state; the plan carries the values as of its submission only
us-ne,ccdf-s01,federal_with_state_option,CCDF state plan 1.1-1.2,PRESENT,us-ne/policy/2026-09-10-ccdf-plan-fy2025-2027,us-ne/policy/acf/ccdf-plan/fy2025-2027/1.1,no,plan section '1.1 CCDF Leadership' | a joint interagency office to represent the State or Territory as the Lead Agency. The Lead Agency agrees to administer the program in accordance with
us-ne,ccdf-s02,federal_with_state_option,CCDF state plan 2.2.1,PRESENT,us-ne/policy/2026-09-10-ccdf-plan-fy2025-2027,us-ne/policy/acf/ccdf-plan/fy2025-2027/2.2,yes,"plan section '2.2 Eligible Children and Families' | At eligibility determination or redetermination, children must (1) be younger than age 13; (2) reside with a family whose income does not exceed 85 percent of"
us-ne,ccdf-s03,federal_with_state_option,CCDF state plan 2.2.2,PRESENT,us-ne/policy/2026-09-10-ccdf-plan-fy2025-2027,us-ne/policy/acf/ccdf-plan/fy2025-2027/2.2,partial,"plan section '2.2 Eligible Children and Families' | or attending a job training or educational program (which can include job search) or (b) receive, or need to receive, protective services as defined b"
us-ne,ccdf-s04,federal_with_state_option,CCDF state plan 2.2.3-2.2.4,PRESENT,us-ne/policy/2026-09-10-ccdf-plan-fy2025-2027,us-ne/policy/acf/ccdf-plan/fy2025-2027/2.2,yes,plan section '2.2 Eligible Children and Families' | x] No. [ ] Yes. 2.2.3 Eligibility criteria: deciding entity on family income limits How are income eligibility limits established? [x] There is a statewi
us-ne,ccdf-s05,federal_with_state_option,CCDF state plan 2.5.5,PRESENT,us-ne/policy/2026-09-10-ccdf-plan-fy2025-2027,us-ne/policy/acf/ccdf-plan/fy2025-2027/2.5,yes,plan section '2.5 Promoting Continuity of Care' | gency’s income eligibility threshold but not the federal threshold of 85 percent of SMI; and • Regardless of temporary changes in participation in wor
us-ne,ccdf-s06,federal_with_state_option,CCDF state plan 2.2.6,PRESENT,us-ne/policy/2026-09-10-ccdf-plan-fy2025-2027,us-ne/policy/acf/ccdf-plan/fy2025-2027/2.2,partial,"plan section '2.2 Eligible Children and Families' | ) for a family of the same size and whose family assets do not exceed $1,000,000; and (3)(a) reside with a parent or parents who are working or attend"
us-ne,ccdf-s07,federal_with_state_option,CCDF state plan 2.2.5,PRESENT,us-ne/policy/2026-09-10-ccdf-plan-fy2025-2027,us-ne/policy/acf/ccdf-plan/fy2025-2027/2.2,yes,plan section '2.2 Eligible Children and Families' | //dhhs.ne.gov/Pages/Child-Care-Parents.aspx 2.2.5 Income eligibility: irregular fluctuations in earnings Lead Agencies must take into account irregular fluctuati
us-ne,ccdf-s08,federal_with_state_option,CCDF state plan 2.2.7,PRESENT,us-ne/policy/2026-09-10-ccdf-plan-fy2025-2027,us-ne/policy/acf/ccdf-plan/fy2025-2027/2.2,partial,"plan section '2.2 Eligible Children and Families' | ion or redetermination, children must (1) be younger than age 13; (2) reside with a family whose income does not exceed 85 percent of the State's"
us-ne,ccdf-s09,federal_with_state_option,CCDF state plan 2.2 / 2.3,PRESENT,us-ne/policy/2026-09-10-ccdf-plan-fy2025-2027,us-ne/policy/acf/ccdf-plan/fy2025-2027/2.2,no,"plan section '2.2 Eligible Children and Families' | am (which can include job search) or (b) receive, or need to receive, protective services as defined by the Lead Agency. 2.2.1 Eligibility criteria: age of chi"
us-ne,ccdf-s10,federal_with_state_option,CCDF state plan 2.3.1-2.3.3,PRESENT,us-ne/policy/2026-09-10-ccdf-plan-fy2025-2027,us-ne/policy/acf/ccdf-plan/fy2025-2027/2.3,no,"plan section '2.3 Prioritizing Services for Vulnerable Children and Famili' | Lead Agencies must give priority for child care assistance to children with special needs, families w"
us-ne,ccdf-s11,federal_with_state_option,CCDF state plan 2.5.2,PRESENT,us-ne/policy/2026-09-10-ccdf-plan-fy2025-2027,us-ne/policy/acf/ccdf-plan/fy2025-2027/2.5,no,"plan section '2.5 Promoting Continuity of Care' | are when authorizing child care services and must establish a minimum 12-month period for each child, both at the initial eligibility determination"
us-ne,ccdf-s12,federal_with_state_option,CCDF state plan 2.5.3,PRESENT,us-ne/policy/2026-09-10-ccdf-plan-fy2025-2027,us-ne/policy/acf/ccdf-plan/fy2025-2027/2.5,no,"plan section '2.5 Promoting Continuity of Care' | d above. In these cases only, Lead Agencies may establish a period of 3 months or longer. 6. Any change in age, including a child turning 13 years o"
us-ne,ccdf-s13,federal_with_state_option,CCDF state plan 2.5.4,PRESENT,us-ne/policy/2026-09-10-ccdf-plan-fy2025-2027,us-ne/policy/acf/ccdf-plan/fy2025-2027/2.5,no,"plan section '2.5 Promoting Continuity of Care' | families retaining eligibility. This requirement is: • Regardless of changes in income, Lead Agencies may not terminate CCDF assistance during the minimum 1"
us-ne,ccdf-s14,federal_with_state_option,CCDF state plan 2.1 / 2.5,PRESENT,us-ne/policy/2026-09-10-ccdf-plan-fy2025-2027,us-ne/policy/acf/ccdf-plan/fy2025-2027/2.1,no,plan section '2.1 Reducing Barriers to Family Enrollment and Redeterminati' | l that apply and describe those elements checked. i. [ ] Establishing presumptive eligibility while eligibility is being determined. Describe the polic
us-ne,ccdf-s15,federal_with_state_option,CCDF state plan 3.1.1-3.1.2 (fee table),PRESENT,us-ne/policy/2026-09-10-ccdf-plan-fy2025-2027,us-ne/policy/acf/ccdf-plan/fy2025-2027/3.1,yes,plan section '3.1 Family Co-payments' | Lead Agencies must establish and periodically revise a sliding-fee scale for families receiving CCDF services that varies based on income and
us-ne,ccdf-s16,federal_with_state_option,CCDF state plan 3.2.1,PRESENT,us-ne/policy/2026-09-10-ccdf-plan-fy2025-2027,us-ne/policy/acf/ccdf-plan/fy2025-2027/3.2,yes,"plan section '3.2 Calculation of Co-Payment' | Lead agencies must calculate a family’s contribution (or co-payment), taking into account income and family size, and Lead"
us-ne,ccdf-s17,federal_with_state_option,CCDF state plan 3.3.1,PRESENT,us-ne/policy/2026-09-10-ccdf-plan-fy2025-2027,us-ne/policy/acf/ccdf-plan/fy2025-2027/3.3,partial,plan section '3.3 Waiving Family Co-payment' | 3.3.1 Waiving family co-payment The Lead Agency may waive family contributions/c
us-ne,ccdf-s18,federal_with_state_option,CCDF state plan 4.1.1,PRESENT,us-ne/policy/2026-09-10-ccdf-plan-fy2025-2027,us-ne/policy/acf/ccdf-plan/fy2025-2027/4.1,partial,plan section '4.1 Access to Full Range of Provider Options' | rs and offer assistance with child care services through a child care certificate (or voucher) or with a child care provider that has a grant or contra
us-ne,ccdf-s19,federal_with_state_option,CCDF state plan 4.2,PRESENT,us-ne/policy/2026-09-10-ccdf-plan-fy2025-2027,us-ne/policy/acf/ccdf-plan/fy2025-2027/4.2,no,plan section '4.2 Assess Market Rates and Analyze the Cost of Child Care' | y valid and reliable data and have the option to conduct either a (1) market rate survey (MRS) reflecting variations in the price to parents of child care ser
us-ne,ccdf-s20,federal_with_state_option,CCDF state plan 4.3.1-4.3.2 (rate tables as of plan date),PRESENT,us-ne/policy/2026-09-10-ccdf-plan-fy2025-2027,us-ne/policy/acf/ccdf-plan/fy2025-2027/4.3,yes,plan section '4.3 Adequate Payment Rates' | The Lead Agency must set CCDF subsidy payment rates in accordance with the results of the current MRS or ACF pre-approved
us-ne,ccdf-s21,federal_with_state_option,CCDF state plan 4.3.3,PRESENT,us-ne/policy/2026-09-10-ccdf-plan-fy2025-2027,us-ne/policy/acf/ccdf-plan/fy2025-2027/4.3,partial,"plan section '4.3 Adequate Payment Rates' | rates below. Base rates are the lowest, foundational rates before any differentials are added (e.g., for higher quality or other purposes) and must be s"
us-ne,ccdf-s22,federal_with_state_option,CCDF state plan 4.4.1-4.4.3,PRESENT,us-ne/policy/2026-09-10-ccdf-plan-fy2025-2027,us-ne/policy/acf/ccdf-plan/fy2025-2027/4.4,no,"plan section '4.4 Payment Practices to Providers' | cost of child care services based on paying by the child’s authorized enrollment, or if impracticable, an alternative approach that will not undermine"
us-ne,ccdf-s23,federal_with_state_option,CCDF state plan section 5,PRESENT,us-ne/policy/2026-09-10-ccdf-plan-fy2025-2027,us-ne/policy/acf/ccdf-plan/fy2025-2027/5.1,no,plan section '5.1 Licensing Requirements' | Each Lead Agency must ensure it has in effect licensing requirements applicable to all child care services provided within
us-ne,ccdf-s24,federal_with_state_option,CCDF state plan 2.2.9,PRESENT,us-ne/policy/2026-09-10-ccdf-plan-fy2025-2027,us-ne/policy/acf/ccdf-plan/fy2025-2027/2.2,no,plan section '2.2 Eligible Children and Families' | ination Description [ ] [ ] Other. Describe how you verify: N/A 2.2.9 Exception to TANF work requirements Lead Agencies must ensure that families with young children participa
us-ne,ccdf-s25,federal_with_state_option,CCDF state plan 10.1-10.2,PRESENT,us-ne/policy/2026-09-10-ccdf-plan-fy2025-2027,us-ne/policy/acf/ccdf-plan/fy2025-2027/10.2,no,"plan section '10.2 Fraud Investigation, Payment Recovery, and Sanctions' | Lead Agencies must have the necessary controls to identify fraud and other program violations to ensure program integrity. Program vio"
us-ne,ccdf-s26,federal_with_state_option,CCDF state plan (Lead Agency publication reached via the ACF index),PRESENT,us-ne/policy/2026-09-10-ccdf-plan-fy2025-2027,us-ne/policy/acf/ccdf-plan/fy2025-2027,no,plan root + 41 subsections; plan status: Approved as of 2024-11-09 ('approved 2025-2027 State Plan'; located on retry 2 2026-09-10T21:35Z from a US network after TCP connect timeouts on the first two passes)
us-ne,ccdf-s27,federal_with_state_option,"ACF-hosted Appendix PDF on the FY 2025-2027 index (51 listed, 0 taken)",EXTRACTABLE,,,no,"ACF-hosted Appendix 1 PDF listed on acf.gov/occ/form/approved-ccdf-plans-fy-2025-2027 for all 50 states + DC (51 listed, 0 taken; run note 'Appendix family not taken')"
us-ne,ccdf-s28,federal_with_state_option,"amended plans posted on Lead Agency pages (inventoried, not taken except where the only posted version)",REVIEW,,,no,queue row records no amendment on the Lead Agency page; whether an amendment has since been approved is unverified
us-ne,ccdf-s29,federal_with_state_option,state regulation/manual for the subsidy program (CCAP/CCS/ERDC/Wisconsin Shares etc.),EXTRACTABLE,,,yes,"Title 392 Child Care Subsidy on rules.nebraska.gov (45 DHHS titles), not taken"
us-ne,ccdf-s30,federal_with_state_option,state rate schedules / MRS sheets / transmittals (state-published),REVIEW,,,yes,current rate/copay schedule family not inventoried for this state; the plan carries the values as of its submission only
us-nh,ccdf-s01,federal_with_state_option,CCDF state plan 1.1-1.2,PRESENT,us-nh/policy/2026-09-10-ccdf-plan-fy2025-2027,us-nh/policy/acf/ccdf-plan/fy2025-2027/1.1,no,plan section '1.1 CCDF Leadership' | a joint interagency office to represent the State or Territory as the Lead Agency. The Lead Agency agrees to administer the program in accordance with
us-nh,ccdf-s02,federal_with_state_option,CCDF state plan 2.2.1,PRESENT,us-nh/policy/2026-09-10-ccdf-plan-fy2025-2027,us-nh/policy/acf/ccdf-plan/fy2025-2027/2.2,yes,"plan section '2.2 Eligible Children and Families' | At eligibility determination or redetermination, children must (1) be younger than age 13; (2) reside with a family whose income does not exceed 85 percent of"
us-nh,ccdf-s03,federal_with_state_option,CCDF state plan 2.2.2,PRESENT,us-nh/policy/2026-09-10-ccdf-plan-fy2025-2027,us-nh/policy/acf/ccdf-plan/fy2025-2027/2.2,partial,"plan section '2.2 Eligible Children and Families' | or attending a job training or educational program (which can include job search) or (b) receive, or need to receive, protective services as defined b"
us-nh,ccdf-s04,federal_with_state_option,CCDF state plan 2.2.3-2.2.4,PRESENT,us-nh/policy/2026-09-10-ccdf-plan-fy2025-2027,us-nh/policy/acf/ccdf-plan/fy2025-2027/2.2,yes,plan section '2.2 Eligible Children and Families' | ] No. [ ] Yes. 2.2.3 Eligibility criteria: deciding entity on family income limits How are income eligibility limits established? [x] There is a statewi
us-nh,ccdf-s05,federal_with_state_option,CCDF state plan 2.5.5,PRESENT,us-nh/policy/2026-09-10-ccdf-plan-fy2025-2027,us-nh/policy/acf/ccdf-plan/fy2025-2027/2.5,yes,plan section '2.5 Promoting Continuity of Care' | gency’s income eligibility threshold but not the federal threshold of 85 percent of SMI; and • Regardless of temporary changes in participation in wor
us-nh,ccdf-s06,federal_with_state_option,CCDF state plan 2.2.6,PRESENT,us-nh/policy/2026-09-10-ccdf-plan-fy2025-2027,us-nh/policy/acf/ccdf-plan/fy2025-2027/2.2,partial,"plan section '2.2 Eligible Children and Families' | ) for a family of the same size and whose family assets do not exceed $1,000,000; and (3)(a) reside with a parent or parents who are working or attend"
us-nh,ccdf-s07,federal_with_state_option,CCDF state plan 2.2.5,PRESENT,us-nh/policy/2026-09-10-ccdf-plan-fy2025-2027,us-nh/policy/acf/ccdf-plan/fy2025-2027/2.2,yes,"plan section '2.2 Eligible Children and Families' | es received before taxes and other deductions. The following types of gross income are excluded: TANF income, any income of grandparents when three gene"
us-nh,ccdf-s08,federal_with_state_option,CCDF state plan 2.2.7,PRESENT,us-nh/policy/2026-09-10-ccdf-plan-fy2025-2027,us-nh/policy/acf/ccdf-plan/fy2025-2027/2.2,partial,"plan section '2.2 Eligible Children and Families' | ion or redetermination, children must (1) be younger than age 13; (2) reside with a family whose income does not exceed 85 percent of the State's"
us-nh,ccdf-s09,federal_with_state_option,CCDF state plan 2.2 / 2.3,PRESENT,us-nh/policy/2026-09-10-ccdf-plan-fy2025-2027,us-nh/policy/acf/ccdf-plan/fy2025-2027/2.2,no,"plan section '2.2 Eligible Children and Families' | am (which can include job search) or (b) receive, or need to receive, protective services as defined by the Lead Agency. 2.2.1 Eligibility criteria: age of chi"
us-nh,ccdf-s10,federal_with_state_option,CCDF state plan 2.3.1-2.3.3,PRESENT,us-nh/policy/2026-09-10-ccdf-plan-fy2025-2027,us-nh/policy/acf/ccdf-plan/fy2025-2027/2.3,no,"plan section '2.3 Prioritizing Services for Vulnerable Children and Famili' | Lead Agencies must give priority for child care assistance to children with special needs, families w"
us-nh,ccdf-s11,federal_with_state_option,CCDF state plan 2.5.2,PRESENT,us-nh/policy/2026-09-10-ccdf-plan-fy2025-2027,us-nh/policy/acf/ccdf-plan/fy2025-2027/2.5,no,"plan section '2.5 Promoting Continuity of Care' | are when authorizing child care services and must establish a minimum 12-month period for each child, both at the initial eligibility determination"
us-nh,ccdf-s12,federal_with_state_option,CCDF state plan 2.5.3,PRESENT,us-nh/policy/2026-09-10-ccdf-plan-fy2025-2027,us-nh/policy/acf/ccdf-plan/fy2025-2027/2.5,no,"plan section '2.5 Promoting Continuity of Care' | d above. In these cases only, Lead Agencies may establish a period of 3 months or longer. 6. Any change in age, including a child turning 13 years o"
us-nh,ccdf-s13,federal_with_state_option,CCDF state plan 2.5.4,PRESENT,us-nh/policy/2026-09-10-ccdf-plan-fy2025-2027,us-nh/policy/acf/ccdf-plan/fy2025-2027/2.5,no,"plan section '2.5 Promoting Continuity of Care' | families retaining eligibility. This requirement is: • Regardless of changes in income, Lead Agencies may not terminate CCDF assistance during the minimum 1"
us-nh,ccdf-s14,federal_with_state_option,CCDF state plan 2.1 / 2.5,PRESENT,us-nh/policy/2026-09-10-ccdf-plan-fy2025-2027,us-nh/policy/acf/ccdf-plan/fy2025-2027/2.1,no,plan section '2.1 Reducing Barriers to Family Enrollment and Redeterminati' | l that apply and describe those elements checked. i. [ ] Establishing presumptive eligibility while eligibility is being determined. Describe the polic
us-nh,ccdf-s15,federal_with_state_option,CCDF state plan 3.1.1-3.1.2 (fee table),PRESENT,us-nh/policy/2026-09-10-ccdf-plan-fy2025-2027,us-nh/policy/acf/ccdf-plan/fy2025-2027/3.1,yes,plan section '3.1 Family Co-payments' | Lead Agencies must establish and periodically revise a sliding-fee scale for families receiving CCDF services that varies based on income and
us-nh,ccdf-s16,federal_with_state_option,CCDF state plan 3.2.1,PRESENT,us-nh/policy/2026-09-10-ccdf-plan-fy2025-2027,us-nh/policy/acf/ccdf-plan/fy2025-2027/3.2,yes,"plan section '3.2 Calculation of Co-Payment' | Lead agencies must calculate a family’s contribution (or co-payment), taking into account income and family size, and Lead"
us-nh,ccdf-s17,federal_with_state_option,CCDF state plan 3.3.1,PRESENT,us-nh/policy/2026-09-10-ccdf-plan-fy2025-2027,us-nh/policy/acf/ccdf-plan/fy2025-2027/3.3,partial,plan section '3.3 Waiving Family Co-payment' | 3.3.1 Waiving family co-payment The Lead Agency may waive family contributions/c
us-nh,ccdf-s18,federal_with_state_option,CCDF state plan 4.1.1,PRESENT,us-nh/policy/2026-09-10-ccdf-plan-fy2025-2027,us-nh/policy/acf/ccdf-plan/fy2025-2027/4.1,partial,plan section '4.1 Access to Full Range of Provider Options' | rs and offer assistance with child care services through a child care certificate (or voucher) or with a child care provider that has a grant or contra
us-nh,ccdf-s19,federal_with_state_option,CCDF state plan 4.2,PRESENT,us-nh/policy/2026-09-10-ccdf-plan-fy2025-2027,us-nh/policy/acf/ccdf-plan/fy2025-2027/4.2,no,plan section '4.2 Assess Market Rates and Analyze the Cost of Child Care' | y valid and reliable data and have the option to conduct either a (1) market rate survey (MRS) reflecting variations in the price to parents of child care ser
us-nh,ccdf-s20,federal_with_state_option,CCDF state plan 4.3.1-4.3.2 (rate tables as of plan date),PRESENT,us-nh/policy/2026-09-10-ccdf-plan-fy2025-2027,us-nh/policy/acf/ccdf-plan/fy2025-2027/4.3,yes,plan section '4.3 Adequate Payment Rates' | The Lead Agency must set CCDF subsidy payment rates in accordance with the results of the current MRS or ACF pre-approved
us-nh,ccdf-s21,federal_with_state_option,CCDF state plan 4.3.3,PRESENT,us-nh/policy/2026-09-10-ccdf-plan-fy2025-2027,us-nh/policy/acf/ccdf-plan/fy2025-2027/4.3,partial,"plan section '4.3 Adequate Payment Rates' | rates below. Base rates are the lowest, foundational rates before any differentials are added (e.g., for higher quality or other purposes) and must be s"
us-nh,ccdf-s22,federal_with_state_option,CCDF state plan 4.4.1-4.4.3,PRESENT,us-nh/policy/2026-09-10-ccdf-plan-fy2025-2027,us-nh/policy/acf/ccdf-plan/fy2025-2027/4.4,no,"plan section '4.4 Payment Practices to Providers' | cost of child care services based on paying by the child’s authorized enrollment, or if impracticable, an alternative approach that will not undermine"
us-nh,ccdf-s23,federal_with_state_option,CCDF state plan section 5,PRESENT,us-nh/policy/2026-09-10-ccdf-plan-fy2025-2027,us-nh/policy/acf/ccdf-plan/fy2025-2027/5.1,no,plan section '5.1 Licensing Requirements' | Each Lead Agency must ensure it has in effect licensing requirements applicable to all child care services provided within
us-nh,ccdf-s24,federal_with_state_option,CCDF state plan 2.2.9,PRESENT,us-nh/policy/2026-09-10-ccdf-plan-fy2025-2027,us-nh/policy/acf/ccdf-plan/fy2025-2027/2.2,no,plan section '2.2 Eligible Children and Families' | al form. [ ] [ ] Other. Describe how you verify: not applicable 2.2.9 Exception to TANF work requirements Lead Agencies must ensure that families with young children participa
us-nh,ccdf-s25,federal_with_state_option,CCDF state plan 10.1-10.2,PRESENT,us-nh/policy/2026-09-10-ccdf-plan-fy2025-2027,us-nh/policy/acf/ccdf-plan/fy2025-2027/10.2,no,"plan section '10.2 Fraud Investigation, Payment Recovery, and Sanctions' | Lead Agencies must have the necessary controls to identify fraud and other program violations to ensure program integrity. Program vio"
us-nh,ccdf-s26,federal_with_state_option,CCDF state plan (Lead Agency publication reached via the ACF index),PRESENT,us-nh/policy/2026-09-10-ccdf-plan-fy2025-2027,us-nh/policy/acf/ccdf-plan/fy2025-2027,no,plan root + 41 subsections; plan status: Certified as of 2024-09-26 (submitted version linked directly from the ACF index; approved print not posted)
us-nh,ccdf-s27,federal_with_state_option,"ACF-hosted Appendix PDF on the FY 2025-2027 index (51 listed, 0 taken)",EXTRACTABLE,,,no,"ACF-hosted Appendix 1 PDF listed on acf.gov/occ/form/approved-ccdf-plans-fy-2025-2027 for all 50 states + DC (51 listed, 0 taken; run note 'Appendix family not taken')"
us-nh,ccdf-s28,federal_with_state_option,"amended plans posted on Lead Agency pages (inventoried, not taken except where the only posted version)",REVIEW,,,no,queue row records no amendment on the Lead Agency page; whether an amendment has since been approved is unverified
us-nh,ccdf-s29,federal_with_state_option,state regulation/manual for the subsidy program (CCAP/CCS/ERDC/Wisconsin Shares etc.),PRESENT,us-nh/manual/2026-09-10-tanf-state-policy-manual,us-nh/manual/dhhs/fam/903-01-nh-child-care-scholarship-wait-list-fam/block-1,yes,heading='903.01 NH Child Care Scholarship Wait List (FAM)' | 16 body matches | 903.01 NH Child Care Scholarship Wait List (FAM) SR 20-23 Dated 08/20 Previous Policy ______________
us-nh,ccdf-s30,federal_with_state_option,state rate schedules / MRS sheets / transmittals (state-published),REVIEW,,,yes,current rate/copay schedule family not inventoried for this state; the plan carries the values as of its submission only
us-nj,ccdf-s01,federal_with_state_option,CCDF state plan 1.1-1.2,PRESENT,us-nj/policy/2026-09-10-ccdf-plan-fy2025-2027,us-nj/policy/acf/ccdf-plan/fy2025-2027/1.1,no,plan section '1.1 CCDF Leadership' | a joint interagency office to represent the State or Territory as the Lead Agency. The Lead Agency agrees to administer the program in accordance with
us-nj,ccdf-s02,federal_with_state_option,CCDF state plan 2.2.1,PRESENT,us-nj/policy/2026-09-10-ccdf-plan-fy2025-2027,us-nj/policy/acf/ccdf-plan/fy2025-2027/2.2,yes,"plan section '2.2 Eligible Children and Families' | At eligibility determination or redetermination, children must (1) be younger than age 13; (2) reside with a family whose income does not exceed 85 percent of"
us-nj,ccdf-s03,federal_with_state_option,CCDF state plan 2.2.2,PRESENT,us-nj/policy/2026-09-10-ccdf-plan-fy2025-2027,us-nj/policy/acf/ccdf-plan/fy2025-2027/2.2,partial,"plan section '2.2 Eligible Children and Families' | or attending a job training or educational program (which can include job search) or (b) receive, or need to receive, protective services as defined b"
us-nj,ccdf-s04,federal_with_state_option,CCDF state plan 2.2.3-2.2.4,PRESENT,us-nj/policy/2026-09-10-ccdf-plan-fy2025-2027,us-nj/policy/acf/ccdf-plan/fy2025-2027/2.2,yes,plan section '2.2 Eligible Children and Families' | ] No. [x] Yes. 2.2.3 Eligibility criteria: deciding entity on family income limits How are income eligibility limits established? [x] There is a statewi
us-nj,ccdf-s05,federal_with_state_option,CCDF state plan 2.5.5,PRESENT,us-nj/policy/2026-09-10-ccdf-plan-fy2025-2027,us-nj/policy/acf/ccdf-plan/fy2025-2027/2.5,yes,"plan section '2.5 Promoting Continuity of Care' | f all other eligibility requirements are met. Additionally, DFD has a graduated phase-out policy which allows for a higher maximum exit-level income threshold"
us-nj,ccdf-s06,federal_with_state_option,CCDF state plan 2.2.6,PRESENT,us-nj/policy/2026-09-10-ccdf-plan-fy2025-2027,us-nj/policy/acf/ccdf-plan/fy2025-2027/2.2,partial,"plan section '2.2 Eligible Children and Families' | ) for a family of the same size and whose family assets do not exceed $1,000,000; and (3)(a) reside with a parent or parents who are working or attend"
us-nj,ccdf-s07,federal_with_state_option,CCDF state plan 2.2.5,PRESENT,us-nj/policy/2026-09-10-ccdf-plan-fy2025-2027,us-nj/policy/acf/ccdf-plan/fy2025-2027/2.2,yes,plan section '2.2 Eligible Children and Families' | ia_library/Income_Eligibility_Sched ule.pdf 2.2.5 Income eligibility: irregular fluctuations in earnings Lead Agencies must take into account irregular fluctuati
us-nj,ccdf-s08,federal_with_state_option,CCDF state plan 2.2.7,PRESENT,us-nj/policy/2026-09-10-ccdf-plan-fy2025-2027,us-nj/policy/acf/ccdf-plan/fy2025-2027/2.2,partial,"plan section '2.2 Eligible Children and Families' | ion or redetermination, children must (1) be younger than age 13; (2) reside with a family whose income does not exceed 85 percent of the State's"
us-nj,ccdf-s09,federal_with_state_option,CCDF state plan 2.2 / 2.3,PRESENT,us-nj/policy/2026-09-10-ccdf-plan-fy2025-2027,us-nj/policy/acf/ccdf-plan/fy2025-2027/2.2,no,"plan section '2.2 Eligible Children and Families' | am (which can include job search) or (b) receive, or need to receive, protective services as defined by the Lead Agency. 2.2.1 Eligibility criteria: age of chi"
us-nj,ccdf-s10,federal_with_state_option,CCDF state plan 2.3.1-2.3.3,PRESENT,us-nj/policy/2026-09-10-ccdf-plan-fy2025-2027,us-nj/policy/acf/ccdf-plan/fy2025-2027/2.3,no,"plan section '2.3 Prioritizing Services for Vulnerable Children and Famili' | Lead Agencies must give priority for child care assistance to children with special needs, families w"
us-nj,ccdf-s11,federal_with_state_option,CCDF state plan 2.5.2,PRESENT,us-nj/policy/2026-09-10-ccdf-plan-fy2025-2027,us-nj/policy/acf/ccdf-plan/fy2025-2027/2.5,no,"plan section '2.5 Promoting Continuity of Care' | are when authorizing child care services and must establish a minimum 12-month period for each child, both at the initial eligibility determination"
us-nj,ccdf-s12,federal_with_state_option,CCDF state plan 2.5.3,PRESENT,us-nj/policy/2026-09-10-ccdf-plan-fy2025-2027,us-nj/policy/acf/ccdf-plan/fy2025-2027/2.5,no,"plan section '2.5 Promoting Continuity of Care' | d above. In these cases only, Lead Agencies may establish a period of 3 months or longer. 6. Any change in age, including a child turning 13 years o"
us-nj,ccdf-s13,federal_with_state_option,CCDF state plan 2.5.4,PRESENT,us-nj/policy/2026-09-10-ccdf-plan-fy2025-2027,us-nj/policy/acf/ccdf-plan/fy2025-2027/2.5,no,"plan section '2.5 Promoting Continuity of Care' | families retaining eligibility. This requirement is: • Regardless of changes in income, Lead Agencies may not terminate CCDF assistance during the minimum 1"
us-nj,ccdf-s14,federal_with_state_option,CCDF state plan 2.1 / 2.5,PRESENT,us-nj/policy/2026-09-10-ccdf-plan-fy2025-2027,us-nj/policy/acf/ccdf-plan/fy2025-2027/2.1,no,plan section '2.1 Reducing Barriers to Family Enrollment and Redeterminati' | l that apply and describe those elements checked. i. [ ] Establishing presumptive eligibility while eligibility is being determined. Describe the polic
us-nj,ccdf-s15,federal_with_state_option,CCDF state plan 3.1.1-3.1.2 (fee table),PRESENT,us-nj/policy/2026-09-10-ccdf-plan-fy2025-2027,us-nj/policy/acf/ccdf-plan/fy2025-2027/3.1,yes,plan section '3.1 Family Co-payments' | Lead Agencies must establish and periodically revise a sliding-fee scale for families receiving CCDF services that varies based on income and
us-nj,ccdf-s16,federal_with_state_option,CCDF state plan 3.2.1,PRESENT,us-nj/policy/2026-09-10-ccdf-plan-fy2025-2027,us-nj/policy/acf/ccdf-plan/fy2025-2027/3.2,yes,"plan section '3.2 Calculation of Co-Payment' | Lead agencies must calculate a family’s contribution (or co-payment), taking into account income and family size, and Lead"
us-nj,ccdf-s17,federal_with_state_option,CCDF state plan 3.3.1,PRESENT,us-nj/policy/2026-09-10-ccdf-plan-fy2025-2027,us-nj/policy/acf/ccdf-plan/fy2025-2027/3.3,partial,plan section '3.3 Waiving Family Co-payment' | 3.3.1 Waiving family co-payment The Lead Agency may waive family contributions/c
us-nj,ccdf-s18,federal_with_state_option,CCDF state plan 4.1.1,PRESENT,us-nj/policy/2026-09-10-ccdf-plan-fy2025-2027,us-nj/policy/acf/ccdf-plan/fy2025-2027/4.1,partial,plan section '4.1 Access to Full Range of Provider Options' | rs and offer assistance with child care services through a child care certificate (or voucher) or with a child care provider that has a grant or contra
us-nj,ccdf-s19,federal_with_state_option,CCDF state plan 4.2,PRESENT,us-nj/policy/2026-09-10-ccdf-plan-fy2025-2027,us-nj/policy/acf/ccdf-plan/fy2025-2027/4.2,no,plan section '4.2 Assess Market Rates and Analyze the Cost of Child Care' | y valid and reliable data and have the option to conduct either a (1) market rate survey (MRS) reflecting variations in the price to parents of child care ser
us-nj,ccdf-s20,federal_with_state_option,CCDF state plan 4.3.1-4.3.2 (rate tables as of plan date),PRESENT,us-nj/policy/2026-09-10-ccdf-plan-fy2025-2027,us-nj/policy/acf/ccdf-plan/fy2025-2027/4.3,yes,plan section '4.3 Adequate Payment Rates' | The Lead Agency must set CCDF subsidy payment rates in accordance with the results of the current MRS or ACF pre-approved
us-nj,ccdf-s21,federal_with_state_option,CCDF state plan 4.3.3,PRESENT,us-nj/policy/2026-09-10-ccdf-plan-fy2025-2027,us-nj/policy/acf/ccdf-plan/fy2025-2027/4.3,partial,"plan section '4.3 Adequate Payment Rates' | rates below. Base rates are the lowest, foundational rates before any differentials are added (e.g., for higher quality or other purposes) and must be s"
us-nj,ccdf-s22,federal_with_state_option,CCDF state plan 4.4.1-4.4.3,PRESENT,us-nj/policy/2026-09-10-ccdf-plan-fy2025-2027,us-nj/policy/acf/ccdf-plan/fy2025-2027/4.4,no,"plan section '4.4 Payment Practices to Providers' | cost of child care services based on paying by the child’s authorized enrollment, or if impracticable, an alternative approach that will not undermine"
us-nj,ccdf-s23,federal_with_state_option,CCDF state plan section 5,PRESENT,us-nj/policy/2026-09-10-ccdf-plan-fy2025-2027,us-nj/policy/acf/ccdf-plan/fy2025-2027/5.1,no,plan section '5.1 Licensing Requirements' | Each Lead Agency must ensure it has in effect licensing requirements applicable to all child care services provided within
us-nj,ccdf-s24,federal_with_state_option,CCDF state plan 2.2.9,PRESENT,us-nj/policy/2026-09-10-ccdf-plan-fy2025-2027,us-nj/policy/acf/ccdf-plan/fy2025-2027/2.2,no,plan section '2.2 Eligible Children and Families' | r driver’s license. [ ] [ ] Other. Describe how you verify: N/A 2.2.9 Exception to TANF work requirements Lead Agencies must ensure that families with young children participa
us-nj,ccdf-s25,federal_with_state_option,CCDF state plan 10.1-10.2,PRESENT,us-nj/policy/2026-09-10-ccdf-plan-fy2025-2027,us-nj/policy/acf/ccdf-plan/fy2025-2027/10.2,no,"plan section '10.2 Fraud Investigation, Payment Recovery, and Sanctions' | Lead Agencies must have the necessary controls to identify fraud and other program violations to ensure program integrity. Program vio"
us-nj,ccdf-s26,federal_with_state_option,CCDF state plan (Lead Agency publication reached via the ACF index),PRESENT,us-nj/policy/2026-09-10-ccdf-plan-fy2025-2027,us-nj/policy/acf/ccdf-plan/fy2025-2027,no,plan root + 41 subsections; plan status: Certified as of 2024-09-27 (submitted version linked directly from the ACF index; approved print not posted; the PDF answered HTTP 200 on retry 2 2026-09-10T21:35Z from a US network after HTTP 403 cloudflare on the first two passes)
us-nj,ccdf-s27,federal_with_state_option,"ACF-hosted Appendix PDF on the FY 2025-2027 index (51 listed, 0 taken)",EXTRACTABLE,,,no,"ACF-hosted Appendix 1 PDF listed on acf.gov/occ/form/approved-ccdf-plans-fy-2025-2027 for all 50 states + DC (51 listed, 0 taken; run note 'Appendix family not taken')"
us-nj,ccdf-s28,federal_with_state_option,"amended plans posted on Lead Agency pages (inventoried, not taken except where the only posted version)",REVIEW,,,no,queue row records no amendment on the Lead Agency page; whether an amendment has since been approved is unverified
us-nj,ccdf-s29,federal_with_state_option,state regulation/manual for the subsidy program (CCAP/CCS/ERDC/Wisconsin Shares etc.),REVIEW,,,yes,no selected scope carries the state's child-care subsidy rulebook (heading scan of the selected TANF/combined scope 2026-09-12 found no subsidy chapter) and no queue row inventoried it
us-nj,ccdf-s30,federal_with_state_option,state rate schedules / MRS sheets / transmittals (state-published),EXTRACTABLE,,,yes,"market rate survey reports (2017-18, 2021-22) listed, not taken (run-note inventory)"
us-nm,ccdf-s01,federal_with_state_option,CCDF state plan 1.1-1.2,PRESENT,us-nm/policy/2026-09-10-ccdf-plan-fy2025-2027,us-nm/policy/acf/ccdf-plan/fy2025-2027/1.1,no,plan section '1.1 CCDF Leadership' | a joint interagency office to represent the State or Territory as the Lead Agency. The Lead Agency agrees to administer the program in accordance with
us-nm,ccdf-s02,federal_with_state_option,CCDF state plan 2.2.1,PRESENT,us-nm/policy/2026-09-10-ccdf-plan-fy2025-2027,us-nm/policy/acf/ccdf-plan/fy2025-2027/2.2,yes,"plan section '2.2 Eligible Children and Families' | At eligibility determination or redetermination, children must (1) be younger than age 13; (2) reside with a family whose income does not exceed 85 percent of"
us-nm,ccdf-s03,federal_with_state_option,CCDF state plan 2.2.2,PRESENT,us-nm/policy/2026-09-10-ccdf-plan-fy2025-2027,us-nm/policy/acf/ccdf-plan/fy2025-2027/2.2,partial,"plan section '2.2 Eligible Children and Families' | or attending a job training or educational program (which can include job search) or (b) receive, or need to receive, protective services as defined b"
us-nm,ccdf-s04,federal_with_state_option,CCDF state plan 2.2.3-2.2.4,PRESENT,us-nm/policy/2026-09-10-ccdf-plan-fy2025-2027,us-nm/policy/acf/ccdf-plan/fy2025-2027/2.2,yes,plan section '2.2 Eligible Children and Families' | ] No. [x] Yes. 2.2.3 Eligibility criteria: deciding entity on family income limits How are income eligibility limits established? [x] There is a statewi
us-nm,ccdf-s05,federal_with_state_option,CCDF state plan 2.5.5,PRESENT,us-nm/policy/2026-09-10-ccdf-plan-fy2025-2027,us-nm/policy/acf/ccdf-plan/fy2025-2027/2.5,yes,plan section '2.5 Promoting Continuity of Care' | gency’s income eligibility threshold but not the federal threshold of 85 percent of SMI; and • Regardless of temporary changes in participation in wor
us-nm,ccdf-s06,federal_with_state_option,CCDF state plan 2.2.6,PRESENT,us-nm/policy/2026-09-10-ccdf-plan-fy2025-2027,us-nm/policy/acf/ccdf-plan/fy2025-2027/2.2,partial,"plan section '2.2 Eligible Children and Families' | ) for a family of the same size and whose family assets do not exceed $1,000,000; and (3)(a) reside with a parent or parents who are working or attend"
us-nm,ccdf-s07,federal_with_state_option,CCDF state plan 2.2.5,PRESENT,us-nm/policy/2026-09-10-ccdf-plan-fy2025-2027,us-nm/policy/acf/ccdf-plan/fy2025-2027/2.2,yes,plan section '2.2 Eligible Children and Families' | .nmececd.org/child-care-assistance/#library 2.2.5 Income eligibility: irregular fluctuations in earnings Lead Agencies must take into account irregular fluctuati
us-nm,ccdf-s08,federal_with_state_option,CCDF state plan 2.2.7,PRESENT,us-nm/policy/2026-09-10-ccdf-plan-fy2025-2027,us-nm/policy/acf/ccdf-plan/fy2025-2027/2.2,partial,"plan section '2.2 Eligible Children and Families' | ion or redetermination, children must (1) be younger than age 13; (2) reside with a family whose income does not exceed 85 percent of the State's"
us-nm,ccdf-s09,federal_with_state_option,CCDF state plan 2.2 / 2.3,PRESENT,us-nm/policy/2026-09-10-ccdf-plan-fy2025-2027,us-nm/policy/acf/ccdf-plan/fy2025-2027/2.2,no,"plan section '2.2 Eligible Children and Families' | am (which can include job search) or (b) receive, or need to receive, protective services as defined by the Lead Agency. 2.2.1 Eligibility criteria: age of chi"
us-nm,ccdf-s10,federal_with_state_option,CCDF state plan 2.3.1-2.3.3,PRESENT,us-nm/policy/2026-09-10-ccdf-plan-fy2025-2027,us-nm/policy/acf/ccdf-plan/fy2025-2027/2.3,no,"plan section '2.3 Prioritizing Services for Vulnerable Children and Famili' | Lead Agencies must give priority for child care assistance to children with special needs, families w"
us-nm,ccdf-s11,federal_with_state_option,CCDF state plan 2.5.2,PRESENT,us-nm/policy/2026-09-10-ccdf-plan-fy2025-2027,us-nm/policy/acf/ccdf-plan/fy2025-2027/2.5,no,"plan section '2.5 Promoting Continuity of Care' | are when authorizing child care services and must establish a minimum 12-month period for each child, both at the initial eligibility determination"
us-nm,ccdf-s12,federal_with_state_option,CCDF state plan 2.5.3,PRESENT,us-nm/policy/2026-09-10-ccdf-plan-fy2025-2027,us-nm/policy/acf/ccdf-plan/fy2025-2027/2.5,no,"plan section '2.5 Promoting Continuity of Care' | d above. In these cases only, Lead Agencies may establish a period of 3 months or longer. 6. Any change in age, including a child turning 13 years o"
us-nm,ccdf-s13,federal_with_state_option,CCDF state plan 2.5.4,PRESENT,us-nm/policy/2026-09-10-ccdf-plan-fy2025-2027,us-nm/policy/acf/ccdf-plan/fy2025-2027/2.5,no,"plan section '2.5 Promoting Continuity of Care' | families retaining eligibility. This requirement is: • Regardless of changes in income, Lead Agencies may not terminate CCDF assistance during the minimum 1"
us-nm,ccdf-s14,federal_with_state_option,CCDF state plan 2.1 / 2.5,PRESENT,us-nm/policy/2026-09-10-ccdf-plan-fy2025-2027,us-nm/policy/acf/ccdf-plan/fy2025-2027/2.1,no,plan section '2.1 Reducing Barriers to Family Enrollment and Redeterminati' | l that apply and describe those elements checked. i. [ ] Establishing presumptive eligibility while eligibility is being determined. Describe the polic
us-nm,ccdf-s15,federal_with_state_option,CCDF state plan 3.1.1-3.1.2 (fee table),PRESENT,us-nm/policy/2026-09-10-ccdf-plan-fy2025-2027,us-nm/policy/acf/ccdf-plan/fy2025-2027/3.1,yes,plan section '3.1 Family Co-payments' | Lead Agencies must establish and periodically revise a sliding-fee scale for families receiving CCDF services that varies based on income and
us-nm,ccdf-s16,federal_with_state_option,CCDF state plan 3.2.1,PRESENT,us-nm/policy/2026-09-10-ccdf-plan-fy2025-2027,us-nm/policy/acf/ccdf-plan/fy2025-2027/3.2,yes,"plan section '3.2 Calculation of Co-Payment' | Lead agencies must calculate a family’s contribution (or co-payment), taking into account income and family size, and Lead"
us-nm,ccdf-s17,federal_with_state_option,CCDF state plan 3.3.1,PRESENT,us-nm/policy/2026-09-10-ccdf-plan-fy2025-2027,us-nm/policy/acf/ccdf-plan/fy2025-2027/3.3,partial,plan section '3.3 Waiving Family Co-payment' | 3.3.1 Waiving family co-payment The Lead Agency may waive family contributions/c
us-nm,ccdf-s18,federal_with_state_option,CCDF state plan 4.1.1,PRESENT,us-nm/policy/2026-09-10-ccdf-plan-fy2025-2027,us-nm/policy/acf/ccdf-plan/fy2025-2027/4.1,partial,plan section '4.1 Access to Full Range of Provider Options' | rs and offer assistance with child care services through a child care certificate (or voucher) or with a child care provider that has a grant or contra
us-nm,ccdf-s19,federal_with_state_option,CCDF state plan 4.2,PRESENT,us-nm/policy/2026-09-10-ccdf-plan-fy2025-2027,us-nm/policy/acf/ccdf-plan/fy2025-2027/4.2,no,plan section '4.2 Assess Market Rates and Analyze the Cost of Child Care' | y valid and reliable data and have the option to conduct either a (1) market rate survey (MRS) reflecting variations in the price to parents of child care ser
us-nm,ccdf-s20,federal_with_state_option,CCDF state plan 4.3.1-4.3.2 (rate tables as of plan date),PRESENT,us-nm/policy/2026-09-10-ccdf-plan-fy2025-2027,us-nm/policy/acf/ccdf-plan/fy2025-2027/4.3,yes,plan section '4.3 Adequate Payment Rates' | The Lead Agency must set CCDF subsidy payment rates in accordance with the results of the current MRS or ACF pre-approved
us-nm,ccdf-s21,federal_with_state_option,CCDF state plan 4.3.3,PRESENT,us-nm/policy/2026-09-10-ccdf-plan-fy2025-2027,us-nm/policy/acf/ccdf-plan/fy2025-2027/4.3,partial,"plan section '4.3 Adequate Payment Rates' | rates below. Base rates are the lowest, foundational rates before any differentials are added (e.g., for higher quality or other purposes) and must be s"
us-nm,ccdf-s22,federal_with_state_option,CCDF state plan 4.4.1-4.4.3,PRESENT,us-nm/policy/2026-09-10-ccdf-plan-fy2025-2027,us-nm/policy/acf/ccdf-plan/fy2025-2027/4.4,no,"plan section '4.4 Payment Practices to Providers' | cost of child care services based on paying by the child’s authorized enrollment, or if impracticable, an alternative approach that will not undermine"
us-nm,ccdf-s23,federal_with_state_option,CCDF state plan section 5,PRESENT,us-nm/policy/2026-09-10-ccdf-plan-fy2025-2027,us-nm/policy/acf/ccdf-plan/fy2025-2027/5.1,no,plan section '5.1 Licensing Requirements' | Each Lead Agency must ensure it has in effect licensing requirements applicable to all child care services provided within
us-nm,ccdf-s24,federal_with_state_option,CCDF state plan 2.2.9,PRESENT,us-nm/policy/2026-09-10-ccdf-plan-fy2025-2027,us-nm/policy/acf/ccdf-plan/fy2025-2027/2.2,no,plan section '2.2 Eligible Children and Families' | benefits from HSD. [ ] [ ] Other. Describe how you verify: N/A 2.2.9 Exception to TANF work requirements Lead Agencies must ensure that families with young children participa
us-nm,ccdf-s25,federal_with_state_option,CCDF state plan 10.1-10.2,PRESENT,us-nm/policy/2026-09-10-ccdf-plan-fy2025-2027,us-nm/policy/acf/ccdf-plan/fy2025-2027/10.2,no,"plan section '10.2 Fraud Investigation, Payment Recovery, and Sanctions' | Lead Agencies must have the necessary controls to identify fraud and other program violations to ensure program integrity. Program vio"
us-nm,ccdf-s26,federal_with_state_option,CCDF state plan (Lead Agency publication reached via the ACF index),PRESENT,us-nm/policy/2026-09-10-ccdf-plan-fy2025-2027,us-nm/policy/acf/ccdf-plan/fy2025-2027,no,plan root + 41 subsections; plan status: Approved as of 2024-11-09
us-nm,ccdf-s27,federal_with_state_option,"ACF-hosted Appendix PDF on the FY 2025-2027 index (51 listed, 0 taken)",EXTRACTABLE,,,no,"ACF-hosted Appendix 1 PDF listed on acf.gov/occ/form/approved-ccdf-plans-fy-2025-2027 for all 50 states + DC (51 listed, 0 taken; run note 'Appendix family not taken')"
us-nm,ccdf-s28,federal_with_state_option,"amended plans posted on Lead Agency pages (inventoried, not taken except where the only posted version)",REVIEW,,,no,queue row records no amendment on the Lead Agency page; whether an amendment has since been approved is unverified
us-nm,ccdf-s29,federal_with_state_option,state regulation/manual for the subsidy program (CCAP/CCS/ERDC/Wisconsin Shares etc.),EXTRACTABLE,,,yes,"8.150 NMAC child care parts (17) listed on the HCA ISD SRCA index, not taken (TANF queue row)"
us-nm,ccdf-s30,federal_with_state_option,state rate schedules / MRS sheets / transmittals (state-published),REVIEW,,,yes,current rate/copay schedule family not inventoried for this state; the plan carries the values as of its submission only
us-nv,ccdf-s01,federal_with_state_option,CCDF state plan 1.1-1.2,PRESENT,us-nv/policy/2026-09-10-ccdf-plan-fy2025-2027,us-nv/policy/acf/ccdf-plan/fy2025-2027/1.1,no,plan section '1.1 CCDF Leadership' | a joint interagency office to represent the State or Territory as the Lead Agency. The Lead Agency agrees to administer the program in accordance with
us-nv,ccdf-s02,federal_with_state_option,CCDF state plan 2.2.1,PRESENT,us-nv/policy/2026-09-10-ccdf-plan-fy2025-2027,us-nv/policy/acf/ccdf-plan/fy2025-2027/2.2,yes,"plan section '2.2 Eligible Children and Families' | At eligibility determination or redetermination, children must (1) be younger than age 13; (2) reside with a family whose income does not exceed 85 percent of"
us-nv,ccdf-s03,federal_with_state_option,CCDF state plan 2.2.2,PRESENT,us-nv/policy/2026-09-10-ccdf-plan-fy2025-2027,us-nv/policy/acf/ccdf-plan/fy2025-2027/2.2,partial,"plan section '2.2 Eligible Children and Families' | or attending a job training or educational program (which can include job search) or (b) receive, or need to receive, protective services as defined b"
us-nv,ccdf-s04,federal_with_state_option,CCDF state plan 2.2.3-2.2.4,PRESENT,us-nv/policy/2026-09-10-ccdf-plan-fy2025-2027,us-nv/policy/acf/ccdf-plan/fy2025-2027/2.2,yes,plan section '2.2 Eligible Children and Families' | x] No. [ ] Yes. 2.2.3 Eligibility criteria: deciding entity on family income limits How are income eligibility limits established? [x] There is a statewi
us-nv,ccdf-s05,federal_with_state_option,CCDF state plan 2.5.5,PRESENT,us-nv/policy/2026-09-10-ccdf-plan-fy2025-2027,us-nv/policy/acf/ccdf-plan/fy2025-2027/2.5,yes,plan section '2.5 Promoting Continuity of Care' | xcept for leaving the state or at the point when their income exceeds 85% SMI) to ensure families maintain 12 months of eligibility between rec
us-nv,ccdf-s06,federal_with_state_option,CCDF state plan 2.2.6,PRESENT,us-nv/policy/2026-09-10-ccdf-plan-fy2025-2027,us-nv/policy/acf/ccdf-plan/fy2025-2027/2.2,partial,"plan section '2.2 Eligible Children and Families' | ) for a family of the same size and whose family assets do not exceed $1,000,000; and (3)(a) reside with a parent or parents who are working or attend"
us-nv,ccdf-s07,federal_with_state_option,CCDF state plan 2.2.5,PRESENT,us-nv/policy/2026-09-10-ccdf-plan-fy2025-2027,us-nv/policy/acf/ccdf-plan/fy2025-2027/2.2,yes,"plan section '2.2 Eligible Children and Families' | ailable, for the income eligibility limits. 2.2.5 Income eligibility: irregular fluctuations in earnings Lead Agencies must take into account irregular fluctuati"
us-nv,ccdf-s08,federal_with_state_option,CCDF state plan 2.2.7,PRESENT,us-nv/policy/2026-09-10-ccdf-plan-fy2025-2027,us-nv/policy/acf/ccdf-plan/fy2025-2027/2.2,partial,"plan section '2.2 Eligible Children and Families' | ion or redetermination, children must (1) be younger than age 13; (2) reside with a family whose income does not exceed 85 percent of the State's"
us-nv,ccdf-s09,federal_with_state_option,CCDF state plan 2.2 / 2.3,PRESENT,us-nv/policy/2026-09-10-ccdf-plan-fy2025-2027,us-nv/policy/acf/ccdf-plan/fy2025-2027/2.2,no,"plan section '2.2 Eligible Children and Families' | am (which can include job search) or (b) receive, or need to receive, protective services as defined by the Lead Agency. 2.2.1 Eligibility criteria: age of chi"
us-nv,ccdf-s10,federal_with_state_option,CCDF state plan 2.3.1-2.3.3,PRESENT,us-nv/policy/2026-09-10-ccdf-plan-fy2025-2027,us-nv/policy/acf/ccdf-plan/fy2025-2027/2.3,no,"plan section '2.3 Prioritizing Services for Vulnerable Children and Famili' | Lead Agencies must give priority for child care assistance to children with special needs, families w"
us-nv,ccdf-s11,federal_with_state_option,CCDF state plan 2.5.2,PRESENT,us-nv/policy/2026-09-10-ccdf-plan-fy2025-2027,us-nv/policy/acf/ccdf-plan/fy2025-2027/2.5,no,"plan section '2.5 Promoting Continuity of Care' | are when authorizing child care services and must establish a minimum 12-month period for each child, both at the initial eligibility determination"
us-nv,ccdf-s12,federal_with_state_option,CCDF state plan 2.5.3,PRESENT,us-nv/policy/2026-09-10-ccdf-plan-fy2025-2027,us-nv/policy/acf/ccdf-plan/fy2025-2027/2.5,no,"plan section '2.5 Promoting Continuity of Care' | d above. In these cases only, Lead Agencies may establish a period of 3 months or longer. 6. Any change in age, including a child turning 13 years o"
us-nv,ccdf-s13,federal_with_state_option,CCDF state plan 2.5.4,PRESENT,us-nv/policy/2026-09-10-ccdf-plan-fy2025-2027,us-nv/policy/acf/ccdf-plan/fy2025-2027/2.5,no,"plan section '2.5 Promoting Continuity of Care' | families retaining eligibility. This requirement is: • Regardless of changes in income, Lead Agencies may not terminate CCDF assistance during the minimum 1"
us-nv,ccdf-s14,federal_with_state_option,CCDF state plan 2.1 / 2.5,PRESENT,us-nv/policy/2026-09-10-ccdf-plan-fy2025-2027,us-nv/policy/acf/ccdf-plan/fy2025-2027/2.1,no,plan section '2.1 Reducing Barriers to Family Enrollment and Redeterminati' | l that apply and describe those elements checked. i. [x] Establishing presumptive eligibility while eligibility is being determined. Describe the polic
us-nv,ccdf-s15,federal_with_state_option,CCDF state plan 3.1.1-3.1.2 (fee table),PRESENT,us-nv/policy/2026-09-10-ccdf-plan-fy2025-2027,us-nv/policy/acf/ccdf-plan/fy2025-2027/3.1,yes,plan section '3.1 Family Co-payments' | Lead Agencies must establish and periodically revise a sliding-fee scale for families receiving CCDF services that varies based on income and
us-nv,ccdf-s16,federal_with_state_option,CCDF state plan 3.2.1,PRESENT,us-nv/policy/2026-09-10-ccdf-plan-fy2025-2027,us-nv/policy/acf/ccdf-plan/fy2025-2027/3.2,yes,"plan section '3.2 Calculation of Co-Payment' | Lead agencies must calculate a family’s contribution (or co-payment), taking into account income and family size, and Lead"
us-nv,ccdf-s17,federal_with_state_option,CCDF state plan 3.3.1,PRESENT,us-nv/policy/2026-09-10-ccdf-plan-fy2025-2027,us-nv/policy/acf/ccdf-plan/fy2025-2027/3.3,partial,plan section '3.3 Waiving Family Co-payment' | 3.3.1 Waiving family co-payment The Lead Agency may waive family contributions/c
us-nv,ccdf-s18,federal_with_state_option,CCDF state plan 4.1.1,PRESENT,us-nv/policy/2026-09-10-ccdf-plan-fy2025-2027,us-nv/policy/acf/ccdf-plan/fy2025-2027/4.1,partial,plan section '4.1 Access to Full Range of Provider Options' | rs and offer assistance with child care services through a child care certificate (or voucher) or with a child care provider that has a grant or contra
us-nv,ccdf-s19,federal_with_state_option,CCDF state plan 4.2,PRESENT,us-nv/policy/2026-09-10-ccdf-plan-fy2025-2027,us-nv/policy/acf/ccdf-plan/fy2025-2027/4.2,no,plan section '4.2 Assess Market Rates and Analyze the Cost of Child Care' | y valid and reliable data and have the option to conduct either a (1) market rate survey (MRS) reflecting variations in the price to parents of child care ser
us-nv,ccdf-s20,federal_with_state_option,CCDF state plan 4.3.1-4.3.2 (rate tables as of plan date),PRESENT,us-nv/policy/2026-09-10-ccdf-plan-fy2025-2027,us-nv/policy/acf/ccdf-plan/fy2025-2027/4.3,yes,plan section '4.3 Adequate Payment Rates' | The Lead Agency must set CCDF subsidy payment rates in accordance with the results of the current MRS or ACF pre-approved
us-nv,ccdf-s21,federal_with_state_option,CCDF state plan 4.3.3,PRESENT,us-nv/policy/2026-09-10-ccdf-plan-fy2025-2027,us-nv/policy/acf/ccdf-plan/fy2025-2027/4.3,partial,"plan section '4.3 Adequate Payment Rates' | rates below. Base rates are the lowest, foundational rates before any differentials are added (e.g., for higher quality or other purposes) and must be s"
us-nv,ccdf-s22,federal_with_state_option,CCDF state plan 4.4.1-4.4.3,PRESENT,us-nv/policy/2026-09-10-ccdf-plan-fy2025-2027,us-nv/policy/acf/ccdf-plan/fy2025-2027/4.4,no,"plan section '4.4 Payment Practices to Providers' | cost of child care services based on paying by the child’s authorized enrollment, or if impracticable, an alternative approach that will not undermine"
us-nv,ccdf-s23,federal_with_state_option,CCDF state plan section 5,PRESENT,us-nv/policy/2026-09-10-ccdf-plan-fy2025-2027,us-nv/policy/acf/ccdf-plan/fy2025-2027/5.1,no,plan section '5.1 Licensing Requirements' | Each Lead Agency must ensure it has in effect licensing requirements applicable to all child care services provided within
us-nv,ccdf-s24,federal_with_state_option,CCDF state plan 2.2.9,PRESENT,us-nv/policy/2026-09-10-ccdf-plan-fy2025-2027,us-nv/policy/acf/ccdf-plan/fy2025-2027/2.2,no,plan section '2.2 Eligible Children and Families' | ove and child may no longer meet the ￿special need￿ definition. 2.2.9 Exception to TANF work requirements Lead Agencies must ensure that families with young children participa
us-nv,ccdf-s25,federal_with_state_option,CCDF state plan 10.1-10.2,PRESENT,us-nv/policy/2026-09-10-ccdf-plan-fy2025-2027,us-nv/policy/acf/ccdf-plan/fy2025-2027/10.2,no,"plan section '10.2 Fraud Investigation, Payment Recovery, and Sanctions' | Lead Agencies must have the necessary controls to identify fraud and other program violations to ensure program integrity. Program vio"
us-nv,ccdf-s26,federal_with_state_option,CCDF state plan (Lead Agency publication reached via the ACF index),PRESENT,us-nv/policy/2026-09-10-ccdf-plan-fy2025-2027,us-nv/policy/acf/ccdf-plan/fy2025-2027,no,plan root + 41 subsections; plan status: Approved as of 2024-11-09 (dwss.nv.gov index link redirects to dss.nv.gov)
us-nv,ccdf-s27,federal_with_state_option,"ACF-hosted Appendix PDF on the FY 2025-2027 index (51 listed, 0 taken)",EXTRACTABLE,,,no,"ACF-hosted Appendix 1 PDF listed on acf.gov/occ/form/approved-ccdf-plans-fy-2025-2027 for all 50 states + DC (51 listed, 0 taken; run note 'Appendix family not taken')"
us-nv,ccdf-s28,federal_with_state_option,"amended plans posted on Lead Agency pages (inventoried, not taken except where the only posted version)",REVIEW,,,no,queue row records no amendment on the Lead Agency page; whether an amendment has since been approved is unverified
us-nv,ccdf-s29,federal_with_state_option,state regulation/manual for the subsidy program (CCAP/CCS/ERDC/Wisconsin Shares etc.),REVIEW,,,yes,no selected scope carries the state's child-care subsidy rulebook (heading scan of the selected TANF/combined scope 2026-09-12 found no subsidy chapter) and no queue row inventoried it
us-nv,ccdf-s30,federal_with_state_option,state rate schedules / MRS sheets / transmittals (state-published),REVIEW,,,yes,current rate/copay schedule family not inventoried for this state; the plan carries the values as of its submission only
us-ny,ccdf-s01,federal_with_state_option,CCDF state plan 1.1-1.2,OUTREACH,,,no,ocfs.ny.gov F5/Shape TSPD JavaScript challenge instead of the index (retried 3x)
us-ny,ccdf-s02,federal_with_state_option,CCDF state plan 2.2.1,OUTREACH,,,yes,ocfs.ny.gov F5/Shape TSPD JavaScript challenge instead of the index (retried 3x)
us-ny,ccdf-s03,federal_with_state_option,CCDF state plan 2.2.2,OUTREACH,,,partial,ocfs.ny.gov F5/Shape TSPD JavaScript challenge instead of the index (retried 3x)
us-ny,ccdf-s04,federal_with_state_option,CCDF state plan 2.2.3-2.2.4,OUTREACH,,,yes,ocfs.ny.gov F5/Shape TSPD JavaScript challenge instead of the index (retried 3x)
us-ny,ccdf-s05,federal_with_state_option,CCDF state plan 2.5.5,OUTREACH,,,yes,ocfs.ny.gov F5/Shape TSPD JavaScript challenge instead of the index (retried 3x)
us-ny,ccdf-s06,federal_with_state_option,CCDF state plan 2.2.6,OUTREACH,,,partial,ocfs.ny.gov F5/Shape TSPD JavaScript challenge instead of the index (retried 3x)
us-ny,ccdf-s07,federal_with_state_option,CCDF state plan 2.2.5,OUTREACH,,,yes,ocfs.ny.gov F5/Shape TSPD JavaScript challenge instead of the index (retried 3x)
us-ny,ccdf-s08,federal_with_state_option,CCDF state plan 2.2.7,OUTREACH,,,partial,ocfs.ny.gov F5/Shape TSPD JavaScript challenge instead of the index (retried 3x)
us-ny,ccdf-s09,federal_with_state_option,CCDF state plan 2.2 / 2.3,OUTREACH,,,no,ocfs.ny.gov F5/Shape TSPD JavaScript challenge instead of the index (retried 3x)
us-ny,ccdf-s10,federal_with_state_option,CCDF state plan 2.3.1-2.3.3,OUTREACH,,,no,ocfs.ny.gov F5/Shape TSPD JavaScript challenge instead of the index (retried 3x)
us-ny,ccdf-s11,federal_with_state_option,CCDF state plan 2.5.2,OUTREACH,,,no,ocfs.ny.gov F5/Shape TSPD JavaScript challenge instead of the index (retried 3x)
us-ny,ccdf-s12,federal_with_state_option,CCDF state plan 2.5.3,OUTREACH,,,no,ocfs.ny.gov F5/Shape TSPD JavaScript challenge instead of the index (retried 3x)
us-ny,ccdf-s13,federal_with_state_option,CCDF state plan 2.5.4,OUTREACH,,,no,ocfs.ny.gov F5/Shape TSPD JavaScript challenge instead of the index (retried 3x)
us-ny,ccdf-s14,federal_with_state_option,CCDF state plan 2.1 / 2.5,OUTREACH,,,no,ocfs.ny.gov F5/Shape TSPD JavaScript challenge instead of the index (retried 3x)
us-ny,ccdf-s15,federal_with_state_option,CCDF state plan 3.1.1-3.1.2 (fee table),OUTREACH,,,yes,ocfs.ny.gov F5/Shape TSPD JavaScript challenge instead of the index (retried 3x)
us-ny,ccdf-s16,federal_with_state_option,CCDF state plan 3.2.1,OUTREACH,,,yes,ocfs.ny.gov F5/Shape TSPD JavaScript challenge instead of the index (retried 3x)
us-ny,ccdf-s17,federal_with_state_option,CCDF state plan 3.3.1,OUTREACH,,,partial,ocfs.ny.gov F5/Shape TSPD JavaScript challenge instead of the index (retried 3x)
us-ny,ccdf-s18,federal_with_state_option,CCDF state plan 4.1.1,OUTREACH,,,partial,ocfs.ny.gov F5/Shape TSPD JavaScript challenge instead of the index (retried 3x)
us-ny,ccdf-s19,federal_with_state_option,CCDF state plan 4.2,OUTREACH,,,no,ocfs.ny.gov F5/Shape TSPD JavaScript challenge instead of the index (retried 3x)
us-ny,ccdf-s20,federal_with_state_option,CCDF state plan 4.3.1-4.3.2 (rate tables as of plan date),OUTREACH,,,yes,ocfs.ny.gov F5/Shape TSPD JavaScript challenge instead of the index (retried 3x)
us-ny,ccdf-s21,federal_with_state_option,CCDF state plan 4.3.3,OUTREACH,,,partial,ocfs.ny.gov F5/Shape TSPD JavaScript challenge instead of the index (retried 3x)
us-ny,ccdf-s22,federal_with_state_option,CCDF state plan 4.4.1-4.4.3,OUTREACH,,,no,ocfs.ny.gov F5/Shape TSPD JavaScript challenge instead of the index (retried 3x)
us-ny,ccdf-s23,federal_with_state_option,CCDF state plan section 5,OUTREACH,,,no,ocfs.ny.gov F5/Shape TSPD JavaScript challenge instead of the index (retried 3x)
us-ny,ccdf-s24,federal_with_state_option,CCDF state plan 2.2.9,OUTREACH,,,no,ocfs.ny.gov F5/Shape TSPD JavaScript challenge instead of the index (retried 3x)
us-ny,ccdf-s25,federal_with_state_option,CCDF state plan 10.1-10.2,OUTREACH,,,no,ocfs.ny.gov F5/Shape TSPD JavaScript challenge instead of the index (retried 3x)
us-ny,ccdf-s26,federal_with_state_option,CCDF state plan (Lead Agency publication reached via the ACF index),OUTREACH,,,no,ocfs.ny.gov F5/Shape TSPD JavaScript challenge instead of the index (retried 3x)
us-ny,ccdf-s27,federal_with_state_option,"ACF-hosted Appendix PDF on the FY 2025-2027 index (51 listed, 0 taken)",EXTRACTABLE,,,no,"ACF-hosted Appendix 1 PDF listed on acf.gov/occ/form/approved-ccdf-plans-fy-2025-2027 for all 50 states + DC (51 listed, 0 taken; run note 'Appendix family not taken')"
us-ny,ccdf-s28,federal_with_state_option,"amended plans posted on Lead Agency pages (inventoried, not taken except where the only posted version)",OUTREACH,,,no,Lead Agency site blocked (ocfs.ny.gov F5/Shape TSPD JavaScript challenge instead of the index)
us-ny,ccdf-s29,federal_with_state_option,state regulation/manual for the subsidy program (CCAP/CCS/ERDC/Wisconsin Shares etc.),OUTREACH,,,yes,Lead Agency site blocked (ocfs.ny.gov F5/Shape TSPD JavaScript challenge instead of the index); the state subsidy rulebook was not inventoried
us-ny,ccdf-s30,federal_with_state_option,state rate schedules / MRS sheets / transmittals (state-published),OUTREACH,,,yes,Lead Agency site blocked (ocfs.ny.gov F5/Shape TSPD JavaScript challenge instead of the index)
us-oh,ccdf-s01,federal_with_state_option,CCDF state plan 1.1-1.2,PRESENT,us-oh/policy/2026-09-10-ccdf-plan-fy2025-2027,us-oh/policy/acf/ccdf-plan/fy2025-2027/1.1,no,plan section '1.1 CCDF Leadership' | a joint interagency office to represent the State or Territory as the Lead Agency. The Lead Agency agrees to administer the program in accordance with
us-oh,ccdf-s02,federal_with_state_option,CCDF state plan 2.2.1,PRESENT,us-oh/policy/2026-09-10-ccdf-plan-fy2025-2027,us-oh/policy/acf/ccdf-plan/fy2025-2027/2.2,yes,"plan section '2.2 Eligible Children and Families' | At eligibility determination or redetermination, children must (1) be younger than age 13; (2) reside with a family whose income does not exceed 85 percent of"
us-oh,ccdf-s03,federal_with_state_option,CCDF state plan 2.2.2,PRESENT,us-oh/policy/2026-09-10-ccdf-plan-fy2025-2027,us-oh/policy/acf/ccdf-plan/fy2025-2027/2.2,partial,"plan section '2.2 Eligible Children and Families' | or attending a job training or educational program (which can include job search) or (b) receive, or need to receive, protective services as defined b"
us-oh,ccdf-s04,federal_with_state_option,CCDF state plan 2.2.3-2.2.4,PRESENT,us-oh/policy/2026-09-10-ccdf-plan-fy2025-2027,us-oh/policy/acf/ccdf-plan/fy2025-2027/2.2,yes,plan section '2.2 Eligible Children and Families' | ] No. [x] Yes. 2.2.3 Eligibility criteria: deciding entity on family income limits How are income eligibility limits established? [x] There is a statewi
us-oh,ccdf-s05,federal_with_state_option,CCDF state plan 2.5.5,PRESENT,us-oh/policy/2026-09-10-ccdf-plan-fy2025-2027,us-oh/policy/acf/ccdf-plan/fy2025-2027/2.5,yes,plan section '2.5 Promoting Continuity of Care' | gency’s income eligibility threshold but not the federal threshold of 85 percent of SMI; and • Regardless of temporary changes in participation in wor
us-oh,ccdf-s06,federal_with_state_option,CCDF state plan 2.2.6,PRESENT,us-oh/policy/2026-09-10-ccdf-plan-fy2025-2027,us-oh/policy/acf/ccdf-plan/fy2025-2027/2.2,partial,"plan section '2.2 Eligible Children and Families' | ) for a family of the same size and whose family assets do not exceed $1,000,000; and (3)(a) reside with a parent or parents who are working or attend"
us-oh,ccdf-s07,federal_with_state_option,CCDF state plan 2.2.5,PRESENT,us-oh/policy/2026-09-10-ccdf-plan-fy2025-2027,us-oh/policy/acf/ccdf-plan/fy2025-2027/2.2,yes,plan section '2.2 Eligible Children and Families' | dCare/ChildCareManual/CCMPL/CCMPL-168-A.stm 2.2.5 Income eligibility: irregular fluctuations in earnings Lead Agencies must take into account irregular fluctuati
us-oh,ccdf-s08,federal_with_state_option,CCDF state plan 2.2.7,PRESENT,us-oh/policy/2026-09-10-ccdf-plan-fy2025-2027,us-oh/policy/acf/ccdf-plan/fy2025-2027/2.2,partial,"plan section '2.2 Eligible Children and Families' | ion or redetermination, children must (1) be younger than age 13; (2) reside with a family whose income does not exceed 85 percent of the State's"
us-oh,ccdf-s09,federal_with_state_option,CCDF state plan 2.2 / 2.3,PRESENT,us-oh/policy/2026-09-10-ccdf-plan-fy2025-2027,us-oh/policy/acf/ccdf-plan/fy2025-2027/2.2,no,"plan section '2.2 Eligible Children and Families' | am (which can include job search) or (b) receive, or need to receive, protective services as defined by the Lead Agency. 2.2.1 Eligibility criteria: age of chi"
us-oh,ccdf-s10,federal_with_state_option,CCDF state plan 2.3.1-2.3.3,PRESENT,us-oh/policy/2026-09-10-ccdf-plan-fy2025-2027,us-oh/policy/acf/ccdf-plan/fy2025-2027/2.3,no,"plan section '2.3 Prioritizing Services for Vulnerable Children and Famili' | Lead Agencies must give priority for child care assistance to children with special needs, families w"
us-oh,ccdf-s11,federal_with_state_option,CCDF state plan 2.5.2,PRESENT,us-oh/policy/2026-09-10-ccdf-plan-fy2025-2027,us-oh/policy/acf/ccdf-plan/fy2025-2027/2.5,no,"plan section '2.5 Promoting Continuity of Care' | are when authorizing child care services and must establish a minimum 12-month period for each child, both at the initial eligibility determination"
us-oh,ccdf-s12,federal_with_state_option,CCDF state plan 2.5.3,PRESENT,us-oh/policy/2026-09-10-ccdf-plan-fy2025-2027,us-oh/policy/acf/ccdf-plan/fy2025-2027/2.5,no,"plan section '2.5 Promoting Continuity of Care' | d above. In these cases only, Lead Agencies may establish a period of 3 months or longer. 6. Any change in age, including a child turning 13 years o"
us-oh,ccdf-s13,federal_with_state_option,CCDF state plan 2.5.4,PRESENT,us-oh/policy/2026-09-10-ccdf-plan-fy2025-2027,us-oh/policy/acf/ccdf-plan/fy2025-2027/2.5,no,"plan section '2.5 Promoting Continuity of Care' | families retaining eligibility. This requirement is: • Regardless of changes in income, Lead Agencies may not terminate CCDF assistance during the minimum 1"
us-oh,ccdf-s14,federal_with_state_option,CCDF state plan 2.1 / 2.5,PRESENT,us-oh/policy/2026-09-10-ccdf-plan-fy2025-2027,us-oh/policy/acf/ccdf-plan/fy2025-2027/2.1,no,plan section '2.1 Reducing Barriers to Family Enrollment and Redeterminati' | l that apply and describe those elements checked. i. [ ] Establishing presumptive eligibility while eligibility is being determined. Describe the polic
us-oh,ccdf-s15,federal_with_state_option,CCDF state plan 3.1.1-3.1.2 (fee table),PRESENT,us-oh/policy/2026-09-10-ccdf-plan-fy2025-2027,us-oh/policy/acf/ccdf-plan/fy2025-2027/3.1,yes,plan section '3.1 Family Co-payments' | Lead Agencies must establish and periodically revise a sliding-fee scale for families receiving CCDF services that varies based on income and
us-oh,ccdf-s16,federal_with_state_option,CCDF state plan 3.2.1,PRESENT,us-oh/policy/2026-09-10-ccdf-plan-fy2025-2027,us-oh/policy/acf/ccdf-plan/fy2025-2027/3.2,yes,"plan section '3.2 Calculation of Co-Payment' | Lead agencies must calculate a family’s contribution (or co-payment), taking into account income and family size, and Lead"
us-oh,ccdf-s17,federal_with_state_option,CCDF state plan 3.3.1,PRESENT,us-oh/policy/2026-09-10-ccdf-plan-fy2025-2027,us-oh/policy/acf/ccdf-plan/fy2025-2027/3.3,partial,plan section '3.3 Waiving Family Co-payment' | 3.3.1 Waiving family co-payment The Lead Agency may waive family contributions/c
us-oh,ccdf-s18,federal_with_state_option,CCDF state plan 4.1.1,PRESENT,us-oh/policy/2026-09-10-ccdf-plan-fy2025-2027,us-oh/policy/acf/ccdf-plan/fy2025-2027/4.1,partial,plan section '4.1 Access to Full Range of Provider Options' | rs and offer assistance with child care services through a child care certificate (or voucher) or with a child care provider that has a grant or contra
us-oh,ccdf-s19,federal_with_state_option,CCDF state plan 4.2,PRESENT,us-oh/policy/2026-09-10-ccdf-plan-fy2025-2027,us-oh/policy/acf/ccdf-plan/fy2025-2027/4.2,no,plan section '4.2 Assess Market Rates and Analyze the Cost of Child Care' | y valid and reliable data and have the option to conduct either a (1) market rate survey (MRS) reflecting variations in the price to parents of child care ser
us-oh,ccdf-s20,federal_with_state_option,CCDF state plan 4.3.1-4.3.2 (rate tables as of plan date),PRESENT,us-oh/policy/2026-09-10-ccdf-plan-fy2025-2027,us-oh/policy/acf/ccdf-plan/fy2025-2027/4.3,yes,plan section '4.3 Adequate Payment Rates' | The Lead Agency must set CCDF subsidy payment rates in accordance with the results of the current MRS or ACF pre-approved
us-oh,ccdf-s21,federal_with_state_option,CCDF state plan 4.3.3,PRESENT,us-oh/policy/2026-09-10-ccdf-plan-fy2025-2027,us-oh/policy/acf/ccdf-plan/fy2025-2027/4.3,partial,"plan section '4.3 Adequate Payment Rates' | rates below. Base rates are the lowest, foundational rates before any differentials are added (e.g., for higher quality or other purposes) and must be s"
us-oh,ccdf-s22,federal_with_state_option,CCDF state plan 4.4.1-4.4.3,PRESENT,us-oh/policy/2026-09-10-ccdf-plan-fy2025-2027,us-oh/policy/acf/ccdf-plan/fy2025-2027/4.4,no,"plan section '4.4 Payment Practices to Providers' | cost of child care services based on paying by the child’s authorized enrollment, or if impracticable, an alternative approach that will not undermine"
us-oh,ccdf-s23,federal_with_state_option,CCDF state plan section 5,PRESENT,us-oh/policy/2026-09-10-ccdf-plan-fy2025-2027,us-oh/policy/acf/ccdf-plan/fy2025-2027/5.1,no,plan section '5.1 Licensing Requirements' | Each Lead Agency must ensure it has in effect licensing requirements applicable to all child care services provided within
us-oh,ccdf-s24,federal_with_state_option,CCDF state plan 2.2.9,PRESENT,us-oh/policy/2026-09-10-ccdf-plan-fy2025-2027,us-oh/policy/acf/ccdf-plan/fy2025-2027/2.2,no,plan section '2.2 Eligible Children and Families' | nd redetermination. [ ] [ ] Other. Describe how you verify: N/A 2.2.9 Exception to TANF work requirements Lead Agencies must ensure that families with young children participa
us-oh,ccdf-s25,federal_with_state_option,CCDF state plan 10.1-10.2,PRESENT,us-oh/policy/2026-09-10-ccdf-plan-fy2025-2027,us-oh/policy/acf/ccdf-plan/fy2025-2027/10.2,no,"plan section '10.2 Fraud Investigation, Payment Recovery, and Sanctions' | Lead Agencies must have the necessary controls to identify fraud and other program violations to ensure program integrity. Program vio"
us-oh,ccdf-s26,federal_with_state_option,CCDF state plan (Lead Agency publication reached via the ACF index),PRESENT,us-oh/policy/2026-09-10-ccdf-plan-fy2025-2027,us-oh/policy/acf/ccdf-plan/fy2025-2027,no,"plan root + 41 subsections; plan status: Approved as of 2024-11-09 (amendments 1 and 2 posted separately, not taken)"
us-oh,ccdf-s27,federal_with_state_option,"ACF-hosted Appendix PDF on the FY 2025-2027 index (51 listed, 0 taken)",EXTRACTABLE,,,no,"ACF-hosted Appendix 1 PDF listed on acf.gov/occ/form/approved-ccdf-plans-fy-2025-2027 for all 50 states + DC (51 listed, 0 taken; run note 'Appendix family not taken')"
us-oh,ccdf-s28,federal_with_state_option,"amended plans posted on Lead Agency pages (inventoried, not taken except where the only posted version)",EXTRACTABLE,,,no,"amendments 1 and 2 posted separately (Lead Agency page, queue row)"
us-oh,ccdf-s29,federal_with_state_option,state regulation/manual for the subsidy program (CCAP/CCS/ERDC/Wisconsin Shares etc.),EXTRACTABLE,,,yes,"OAC 5101:2-16 publicly funded child care on codes.ohio.gov, not taken (only 5101:1 and 5101:4 taken)"
us-oh,ccdf-s30,federal_with_state_option,state rate schedules / MRS sheets / transmittals (state-published),REVIEW,,,yes,current rate/copay schedule family not inventoried for this state; the plan carries the values as of its submission only
us-ok,ccdf-s01,federal_with_state_option,CCDF state plan 1.1-1.2,PRESENT,us-ok/policy/2026-09-10-ccdf-plan-fy2025-2027,us-ok/policy/acf/ccdf-plan/fy2025-2027/1.1,no,plan section '1.1 CCDF Leadership' | a joint interagency office to represent the State or Territory as the Lead Agency. The Lead Agency agrees to administer the program in accordance with
us-ok,ccdf-s02,federal_with_state_option,CCDF state plan 2.2.1,PRESENT,us-ok/policy/2026-09-10-ccdf-plan-fy2025-2027,us-ok/policy/acf/ccdf-plan/fy2025-2027/2.2,yes,"plan section '2.2 Eligible Children and Families' | At eligibility determination or redetermination, children must (1) be younger than age 13; (2) reside with a family whose income does not exceed 85 percent of"
us-ok,ccdf-s03,federal_with_state_option,CCDF state plan 2.2.2,PRESENT,us-ok/policy/2026-09-10-ccdf-plan-fy2025-2027,us-ok/policy/acf/ccdf-plan/fy2025-2027/2.2,partial,"plan section '2.2 Eligible Children and Families' | or attending a job training or educational program (which can include job search) or (b) receive, or need to receive, protective services as defined b"
us-ok,ccdf-s04,federal_with_state_option,CCDF state plan 2.2.3-2.2.4,PRESENT,us-ok/policy/2026-09-10-ccdf-plan-fy2025-2027,us-ok/policy/acf/ccdf-plan/fy2025-2027/2.2,yes,plan section '2.2 Eligible Children and Families' | x] No. [ ] Yes. 2.2.3 Eligibility criteria: deciding entity on family income limits How are income eligibility limits established? [x] There is a statewi
us-ok,ccdf-s05,federal_with_state_option,CCDF state plan 2.5.5,PRESENT,us-ok/policy/2026-09-10-ccdf-plan-fy2025-2027,us-ok/policy/acf/ccdf-plan/fy2025-2027/2.5,yes,"plan section '2.5 Promoting Continuity of Care' | The only change that a family must report is if their income exceeds 85% of the SMI, which results in the child care benefit closing. Child ca"
us-ok,ccdf-s06,federal_with_state_option,CCDF state plan 2.2.6,PRESENT,us-ok/policy/2026-09-10-ccdf-plan-fy2025-2027,us-ok/policy/acf/ccdf-plan/fy2025-2027/2.2,partial,"plan section '2.2 Eligible Children and Families' | ) for a family of the same size and whose family assets do not exceed $1,000,000; and (3)(a) reside with a parent or parents who are working or attend"
us-ok,ccdf-s07,federal_with_state_option,CCDF state plan 2.2.5,PRESENT,us-ok/policy/2026-09-10-ccdf-plan-fy2025-2027,us-ok/policy/acf/ccdf-plan/fy2025-2027/2.2,yes,plan section '2.2 Eligible Children and Families' | ents/searchcenter/okdhsformre sults/c-4.pdf 2.2.5 Income eligibility: irregular fluctuations in earnings Lead Agencies must take into account irregular fluctuati
us-ok,ccdf-s08,federal_with_state_option,CCDF state plan 2.2.7,PRESENT,us-ok/policy/2026-09-10-ccdf-plan-fy2025-2027,us-ok/policy/acf/ccdf-plan/fy2025-2027/2.2,partial,"plan section '2.2 Eligible Children and Families' | ion or redetermination, children must (1) be younger than age 13; (2) reside with a family whose income does not exceed 85 percent of the State's"
us-ok,ccdf-s09,federal_with_state_option,CCDF state plan 2.2 / 2.3,PRESENT,us-ok/policy/2026-09-10-ccdf-plan-fy2025-2027,us-ok/policy/acf/ccdf-plan/fy2025-2027/2.2,no,"plan section '2.2 Eligible Children and Families' | am (which can include job search) or (b) receive, or need to receive, protective services as defined by the Lead Agency. 2.2.1 Eligibility criteria: age of chi"
us-ok,ccdf-s10,federal_with_state_option,CCDF state plan 2.3.1-2.3.3,PRESENT,us-ok/policy/2026-09-10-ccdf-plan-fy2025-2027,us-ok/policy/acf/ccdf-plan/fy2025-2027/2.3,no,"plan section '2.3 Prioritizing Services for Vulnerable Children and Famili' | Lead Agencies must give priority for child care assistance to children with special needs, families w"
us-ok,ccdf-s11,federal_with_state_option,CCDF state plan 2.5.2,PRESENT,us-ok/policy/2026-09-10-ccdf-plan-fy2025-2027,us-ok/policy/acf/ccdf-plan/fy2025-2027/2.5,no,"plan section '2.5 Promoting Continuity of Care' | are when authorizing child care services and must establish a minimum 12-month period for each child, both at the initial eligibility determination"
us-ok,ccdf-s12,federal_with_state_option,CCDF state plan 2.5.3,PRESENT,us-ok/policy/2026-09-10-ccdf-plan-fy2025-2027,us-ok/policy/acf/ccdf-plan/fy2025-2027/2.5,no,"plan section '2.5 Promoting Continuity of Care' | d above. In these cases only, Lead Agencies may establish a period of 3 months or longer. 6. Any change in age, including a child turning 13 years o"
us-ok,ccdf-s13,federal_with_state_option,CCDF state plan 2.5.4,PRESENT,us-ok/policy/2026-09-10-ccdf-plan-fy2025-2027,us-ok/policy/acf/ccdf-plan/fy2025-2027/2.5,no,"plan section '2.5 Promoting Continuity of Care' | ported change results in the child care benefit closing. Families may report changes that increase the amount of care authorized, such as an increase in w"
us-ok,ccdf-s14,federal_with_state_option,CCDF state plan 2.1 / 2.5,PRESENT,us-ok/policy/2026-09-10-ccdf-plan-fy2025-2027,us-ok/policy/acf/ccdf-plan/fy2025-2027/2.1,no,plan section '2.1 Reducing Barriers to Family Enrollment and Redeterminati' | l that apply and describe those elements checked. i. [x] Establishing presumptive eligibility while eligibility is being determined. Describe the polic
us-ok,ccdf-s15,federal_with_state_option,CCDF state plan 3.1.1-3.1.2 (fee table),PRESENT,us-ok/policy/2026-09-10-ccdf-plan-fy2025-2027,us-ok/policy/acf/ccdf-plan/fy2025-2027/3.1,yes,plan section '3.1 Family Co-payments' | Lead Agencies must establish and periodically revise a sliding-fee scale for families receiving CCDF services that varies based on income and
us-ok,ccdf-s16,federal_with_state_option,CCDF state plan 3.2.1,PRESENT,us-ok/policy/2026-09-10-ccdf-plan-fy2025-2027,us-ok/policy/acf/ccdf-plan/fy2025-2027/3.2,yes,"plan section '3.2 Calculation of Co-Payment' | Lead agencies must calculate a family’s contribution (or co-payment), taking into account income and family size, and Lead"
us-ok,ccdf-s17,federal_with_state_option,CCDF state plan 3.3.1,PRESENT,us-ok/policy/2026-09-10-ccdf-plan-fy2025-2027,us-ok/policy/acf/ccdf-plan/fy2025-2027/3.3,partial,plan section '3.3 Waiving Family Co-payment' | 3.3.1 Waiving family co-payment The Lead Agency may waive family contributions/c
us-ok,ccdf-s18,federal_with_state_option,CCDF state plan 4.1.1,PRESENT,us-ok/policy/2026-09-10-ccdf-plan-fy2025-2027,us-ok/policy/acf/ccdf-plan/fy2025-2027/4.1,partial,plan section '4.1 Access to Full Range of Provider Options' | rs and offer assistance with child care services through a child care certificate (or voucher) or with a child care provider that has a grant or contra
us-ok,ccdf-s19,federal_with_state_option,CCDF state plan 4.2,PRESENT,us-ok/policy/2026-09-10-ccdf-plan-fy2025-2027,us-ok/policy/acf/ccdf-plan/fy2025-2027/4.2,no,plan section '4.2 Assess Market Rates and Analyze the Cost of Child Care' | y valid and reliable data and have the option to conduct either a (1) market rate survey (MRS) reflecting variations in the price to parents of child care ser
us-ok,ccdf-s20,federal_with_state_option,CCDF state plan 4.3.1-4.3.2 (rate tables as of plan date),PRESENT,us-ok/policy/2026-09-10-ccdf-plan-fy2025-2027,us-ok/policy/acf/ccdf-plan/fy2025-2027/4.3,yes,plan section '4.3 Adequate Payment Rates' | The Lead Agency must set CCDF subsidy payment rates in accordance with the results of the current MRS or ACF pre-approved
us-ok,ccdf-s21,federal_with_state_option,CCDF state plan 4.3.3,PRESENT,us-ok/policy/2026-09-10-ccdf-plan-fy2025-2027,us-ok/policy/acf/ccdf-plan/fy2025-2027/4.3,partial,"plan section '4.3 Adequate Payment Rates' | rates below. Base rates are the lowest, foundational rates before any differentials are added (e.g., for higher quality or other purposes) and must be s"
us-ok,ccdf-s22,federal_with_state_option,CCDF state plan 4.4.1-4.4.3,PRESENT,us-ok/policy/2026-09-10-ccdf-plan-fy2025-2027,us-ok/policy/acf/ccdf-plan/fy2025-2027/4.4,no,"plan section '4.4 Payment Practices to Providers' | cost of child care services based on paying by the child’s authorized enrollment, or if impracticable, an alternative approach that will not undermine"
us-ok,ccdf-s23,federal_with_state_option,CCDF state plan section 5,PRESENT,us-ok/policy/2026-09-10-ccdf-plan-fy2025-2027,us-ok/policy/acf/ccdf-plan/fy2025-2027/5.1,no,plan section '5.1 Licensing Requirements' | Each Lead Agency must ensure it has in effect licensing requirements applicable to all child care services provided within
us-ok,ccdf-s24,federal_with_state_option,CCDF state plan 2.2.9,PRESENT,us-ok/policy/2026-09-10-ccdf-plan-fy2025-2027,us-ok/policy/acf/ccdf-plan/fy2025-2027/2.2,no,plan section '2.2 Eligible Children and Families' | ed at initial application and each eligibility redetermination. 2.2.9 Exception to TANF work requirements Lead Agencies must ensure that families with young children participa
us-ok,ccdf-s25,federal_with_state_option,CCDF state plan 10.1-10.2,PRESENT,us-ok/policy/2026-09-10-ccdf-plan-fy2025-2027,us-ok/policy/acf/ccdf-plan/fy2025-2027/10.2,no,"plan section '10.2 Fraud Investigation, Payment Recovery, and Sanctions' | Lead Agencies must have the necessary controls to identify fraud and other program violations to ensure program integrity. Program vio"
us-ok,ccdf-s26,federal_with_state_option,CCDF state plan (Lead Agency publication reached via the ACF index),PRESENT,us-ok/policy/2026-09-10-ccdf-plan-fy2025-2027,us-ok/policy/acf/ccdf-plan/fy2025-2027,no,plan root + 41 subsections; plan status: Approved as of 2024-11-09 (linked directly from the ACF index)
us-ok,ccdf-s27,federal_with_state_option,"ACF-hosted Appendix PDF on the FY 2025-2027 index (51 listed, 0 taken)",EXTRACTABLE,,,no,"ACF-hosted Appendix 1 PDF listed on acf.gov/occ/form/approved-ccdf-plans-fy-2025-2027 for all 50 states + DC (51 listed, 0 taken; run note 'Appendix family not taken')"
us-ok,ccdf-s28,federal_with_state_option,"amended plans posted on Lead Agency pages (inventoried, not taken except where the only posted version)",REVIEW,,,no,queue row records no amendment on the Lead Agency page; whether an amendment has since been approved is unverified
us-ok,ccdf-s29,federal_with_state_option,state regulation/manual for the subsidy program (CCAP/CCS/ERDC/Wisconsin Shares etc.),EXTRACTABLE,,,yes,"OAC 340:40 child care subsidy on rules.ok.gov, not taken"
us-ok,ccdf-s30,federal_with_state_option,state rate schedules / MRS sheets / transmittals (state-published),REVIEW,,,yes,current rate/copay schedule family not inventoried for this state; the plan carries the values as of its submission only
us-or,ccdf-s01,federal_with_state_option,CCDF state plan 1.1-1.2,PRESENT,us-or/policy/2026-09-10-ccdf-plan-fy2025-2027,us-or/policy/acf/ccdf-plan/fy2025-2027/1.1,no,plan section '1.1 CCDF Leadership' | a joint interagency office to represent the State or Territory as the Lead Agency. The Lead Agency agrees to administer the program in accordance with
us-or,ccdf-s02,federal_with_state_option,CCDF state plan 2.2.1,PRESENT,us-or/policy/2026-09-10-ccdf-plan-fy2025-2027,us-or/policy/acf/ccdf-plan/fy2025-2027/2.2,yes,"plan section '2.2 Eligible Children and Families' | At eligibility determination or redetermination, children must (1) be younger than age 13; (2) reside with a family whose income does not exceed 85 percent of"
us-or,ccdf-s03,federal_with_state_option,CCDF state plan 2.2.2,PRESENT,us-or/policy/2026-09-10-ccdf-plan-fy2025-2027,us-or/policy/acf/ccdf-plan/fy2025-2027/2.2,partial,"plan section '2.2 Eligible Children and Families' | or attending a job training or educational program (which can include job search) or (b) receive, or need to receive, protective services as defined b"
us-or,ccdf-s04,federal_with_state_option,CCDF state plan 2.2.3-2.2.4,PRESENT,us-or/policy/2026-09-10-ccdf-plan-fy2025-2027,us-or/policy/acf/ccdf-plan/fy2025-2027/2.2,yes,plan section '2.2 Eligible Children and Families' | x] No. [ ] Yes. 2.2.3 Eligibility criteria: deciding entity on family income limits How are income eligibility limits established? [x] There is a statewi
us-or,ccdf-s05,federal_with_state_option,CCDF state plan 2.5.5,PRESENT,us-or/policy/2026-09-10-ccdf-plan-fy2025-2027,us-or/policy/acf/ccdf-plan/fy2025-2027/2.5,yes,plan section '2.5 Promoting Continuity of Care' | gency’s income eligibility threshold but not the federal threshold of 85 percent of SMI; and • Regardless of temporary changes in participation in wor
us-or,ccdf-s06,federal_with_state_option,CCDF state plan 2.2.6,PRESENT,us-or/policy/2026-09-10-ccdf-plan-fy2025-2027,us-or/policy/acf/ccdf-plan/fy2025-2027/2.2,partial,"plan section '2.2 Eligible Children and Families' | ) for a family of the same size and whose family assets do not exceed $1,000,000; and (3)(a) reside with a parent or parents who are working or attend"
us-or,ccdf-s07,federal_with_state_option,CCDF state plan 2.2.5,PRESENT,us-or/policy/2026-09-10-ccdf-plan-fy2025-2027,us-or/policy/acf/ccdf-plan/fy2025-2027/2.2,yes,plan section '2.2 Eligible Children and Families' | Inheritance. ix. [x] Public assistance. x. [x] Other. Describe: Other countable income sources as outlined in Oregon Secretary of State Administrative Rule
us-or,ccdf-s08,federal_with_state_option,CCDF state plan 2.2.7,PRESENT,us-or/policy/2026-09-10-ccdf-plan-fy2025-2027,us-or/policy/acf/ccdf-plan/fy2025-2027/2.2,partial,"plan section '2.2 Eligible Children and Families' | ion or redetermination, children must (1) be younger than age 13; (2) reside with a family whose income does not exceed 85 percent of the State's"
us-or,ccdf-s09,federal_with_state_option,CCDF state plan 2.2 / 2.3,PRESENT,us-or/policy/2026-09-10-ccdf-plan-fy2025-2027,us-or/policy/acf/ccdf-plan/fy2025-2027/2.2,no,"plan section '2.2 Eligible Children and Families' | am (which can include job search) or (b) receive, or need to receive, protective services as defined by the Lead Agency. 2.2.1 Eligibility criteria: age of chi"
us-or,ccdf-s10,federal_with_state_option,CCDF state plan 2.3.1-2.3.3,PRESENT,us-or/policy/2026-09-10-ccdf-plan-fy2025-2027,us-or/policy/acf/ccdf-plan/fy2025-2027/2.3,no,"plan section '2.3 Prioritizing Services for Vulnerable Children and Famili' | Lead Agencies must give priority for child care assistance to children with special needs, families w"
us-or,ccdf-s11,federal_with_state_option,CCDF state plan 2.5.2,PRESENT,us-or/policy/2026-09-10-ccdf-plan-fy2025-2027,us-or/policy/acf/ccdf-plan/fy2025-2027/2.5,no,"plan section '2.5 Promoting Continuity of Care' | are when authorizing child care services and must establish a minimum 12-month period for each child, both at the initial eligibility determination"
us-or,ccdf-s12,federal_with_state_option,CCDF state plan 2.5.3,PRESENT,us-or/policy/2026-09-10-ccdf-plan-fy2025-2027,us-or/policy/acf/ccdf-plan/fy2025-2027/2.5,no,"plan section '2.5 Promoting Continuity of Care' | d above. In these cases only, Lead Agencies may establish a period of 3 months or longer. 6. Any change in age, including a child turning 13 years o"
us-or,ccdf-s13,federal_with_state_option,CCDF state plan 2.5.4,PRESENT,us-or/policy/2026-09-10-ccdf-plan-fy2025-2027,us-or/policy/acf/ccdf-plan/fy2025-2027/2.5,no,plan section '2.5 Promoting Continuity of Care' | sed on their current employment from which they are on medical leave. Reporting changes that would close benefits are limited to reporting income over the ex
us-or,ccdf-s14,federal_with_state_option,CCDF state plan 2.1 / 2.5,PRESENT,us-or/policy/2026-09-10-ccdf-plan-fy2025-2027,us-or/policy/acf/ccdf-plan/fy2025-2027/2.1,no,plan section '2.1 Reducing Barriers to Family Enrollment and Redeterminati' | l that apply and describe those elements checked. i. [x] Establishing presumptive eligibility while eligibility is being determined. Describe the polic
us-or,ccdf-s15,federal_with_state_option,CCDF state plan 3.1.1-3.1.2 (fee table),PRESENT,us-or/policy/2026-09-10-ccdf-plan-fy2025-2027,us-or/policy/acf/ccdf-plan/fy2025-2027/3.1,yes,plan section '3.1 Family Co-payments' | Lead Agencies must establish and periodically revise a sliding-fee scale for families receiving CCDF services that varies based on income and
us-or,ccdf-s16,federal_with_state_option,CCDF state plan 3.2.1,PRESENT,us-or/policy/2026-09-10-ccdf-plan-fy2025-2027,us-or/policy/acf/ccdf-plan/fy2025-2027/3.2,yes,"plan section '3.2 Calculation of Co-Payment' | Lead agencies must calculate a family’s contribution (or co-payment), taking into account income and family size, and Lead"
us-or,ccdf-s17,federal_with_state_option,CCDF state plan 3.3.1,PRESENT,us-or/policy/2026-09-10-ccdf-plan-fy2025-2027,us-or/policy/acf/ccdf-plan/fy2025-2027/3.3,partial,plan section '3.3 Waiving Family Co-payment' | 3.3.1 Waiving family co-payment The Lead Agency may waive family contributions/c
us-or,ccdf-s18,federal_with_state_option,CCDF state plan 4.1.1,PRESENT,us-or/policy/2026-09-10-ccdf-plan-fy2025-2027,us-or/policy/acf/ccdf-plan/fy2025-2027/4.1,partial,plan section '4.1 Access to Full Range of Provider Options' | rs and offer assistance with child care services through a child care certificate (or voucher) or with a child care provider that has a grant or contra
us-or,ccdf-s19,federal_with_state_option,CCDF state plan 4.2,PRESENT,us-or/policy/2026-09-10-ccdf-plan-fy2025-2027,us-or/policy/acf/ccdf-plan/fy2025-2027/4.2,no,plan section '4.2 Assess Market Rates and Analyze the Cost of Child Care' | y valid and reliable data and have the option to conduct either a (1) market rate survey (MRS) reflecting variations in the price to parents of child care ser
us-or,ccdf-s20,federal_with_state_option,CCDF state plan 4.3.1-4.3.2 (rate tables as of plan date),PRESENT,us-or/policy/2026-09-10-ccdf-plan-fy2025-2027,us-or/policy/acf/ccdf-plan/fy2025-2027/4.3,yes,plan section '4.3 Adequate Payment Rates' | The Lead Agency must set CCDF subsidy payment rates in accordance with the results of the current MRS or ACF pre-approved
us-or,ccdf-s21,federal_with_state_option,CCDF state plan 4.3.3,PRESENT,us-or/policy/2026-09-10-ccdf-plan-fy2025-2027,us-or/policy/acf/ccdf-plan/fy2025-2027/4.3,partial,"plan section '4.3 Adequate Payment Rates' | rates below. Base rates are the lowest, foundational rates before any differentials are added (e.g., for higher quality or other purposes) and must be s"
us-or,ccdf-s22,federal_with_state_option,CCDF state plan 4.4.1-4.4.3,PRESENT,us-or/policy/2026-09-10-ccdf-plan-fy2025-2027,us-or/policy/acf/ccdf-plan/fy2025-2027/4.4,no,"plan section '4.4 Payment Practices to Providers' | cost of child care services based on paying by the child’s authorized enrollment, or if impracticable, an alternative approach that will not undermine"
us-or,ccdf-s23,federal_with_state_option,CCDF state plan section 5,PRESENT,us-or/policy/2026-09-10-ccdf-plan-fy2025-2027,us-or/policy/acf/ccdf-plan/fy2025-2027/5.1,no,plan section '5.1 Licensing Requirements' | Each Lead Agency must ensure it has in effect licensing requirements applicable to all child care services provided within
us-or,ccdf-s24,federal_with_state_option,CCDF state plan 2.2.9,PRESENT,us-or/policy/2026-09-10-ccdf-plan-fy2025-2027,us-or/policy/acf/ccdf-plan/fy2025-2027/2.2,no,plan section '2.2 Eligible Children and Families' | ted at application. [ ] [ ] Other. Describe how you verify: N/A 2.2.9 Exception to TANF work requirements Lead Agencies must ensure that families with young children participa
us-or,ccdf-s25,federal_with_state_option,CCDF state plan 10.1-10.2,PRESENT,us-or/policy/2026-09-10-ccdf-plan-fy2025-2027,us-or/policy/acf/ccdf-plan/fy2025-2027/10.2,no,"plan section '10.2 Fraud Investigation, Payment Recovery, and Sanctions' | Lead Agencies must have the necessary controls to identify fraud and other program violations to ensure program integrity. Program vio"
us-or,ccdf-s26,federal_with_state_option,CCDF state plan (Lead Agency publication reached via the ACF index),PRESENT,us-or/policy/2026-09-10-ccdf-plan-fy2025-2027,us-or/policy/acf/ccdf-plan/fy2025-2027,no,"plan root + 41 subsections; plan status: Approved as of 2024-11-09 ('2025-27 Plan (303 pages)'; Amendment 1 with its approval letter, the initial approval letter, the state-hosted Appendix 1, public comment documents and the transitional waiver request are posted separately, not taken; www.oregon.gov resolved and answered on retry 2 2026-09-10T21:35Z from a US network)"
us-or,ccdf-s27,federal_with_state_option,"ACF-hosted Appendix PDF on the FY 2025-2027 index (51 listed, 0 taken)",EXTRACTABLE,,,no,"ACF-hosted Appendix 1 PDF listed on acf.gov/occ/form/approved-ccdf-plans-fy-2025-2027 for all 50 states + DC (51 listed, 0 taken; run note 'Appendix family not taken'); state also posts its own copy"
us-or,ccdf-s28,federal_with_state_option,"amended plans posted on Lead Agency pages (inventoried, not taken except where the only posted version)",EXTRACTABLE,,,no,"Amendment 1 with approval letter posted separately (Lead Agency page, queue row)"
us-or,ccdf-s29,federal_with_state_option,state regulation/manual for the subsidy program (CCAP/CCS/ERDC/Wisconsin Shares etc.),EXTRACTABLE,,,yes,"ERDC rules moved to OAR chapter 414 (Department of Early Learning and Care) on the same OARD publisher; the selected chapter 461 scope carries no ERDC-specific rule, not taken"
us-or,ccdf-s30,federal_with_state_option,state rate schedules / MRS sheets / transmittals (state-published),EXTRACTABLE,,,yes,"2024 narrow cost analysis and alternate rate-setting report listed, not taken (run-note inventory)"
us-pa,ccdf-s01,federal_with_state_option,CCDF state plan 1.1-1.2,PRESENT,us-pa/policy/2026-09-10-ccdf-plan-fy2025-2027,us-pa/policy/acf/ccdf-plan/fy2025-2027/1.1,no,plan section '1.1 CCDF Leadership' | a joint interagency office to represent the State or Territory as the Lead Agency. The Lead Agency agrees to administer the program in accordance with
us-pa,ccdf-s02,federal_with_state_option,CCDF state plan 2.2.1,PRESENT,us-pa/policy/2026-09-10-ccdf-plan-fy2025-2027,us-pa/policy/acf/ccdf-plan/fy2025-2027/2.2,yes,"plan section '2.2 Eligible Children and Families' | At eligibility determination or redetermination, children must (1) be younger than age 13; (2) reside with a family whose income does not exceed 85 percent of"
us-pa,ccdf-s03,federal_with_state_option,CCDF state plan 2.2.2,PRESENT,us-pa/policy/2026-09-10-ccdf-plan-fy2025-2027,us-pa/policy/acf/ccdf-plan/fy2025-2027/2.2,partial,"plan section '2.2 Eligible Children and Families' | or attending a job training or educational program (which can include job search) or (b) receive, or need to receive, protective services as defined b"
us-pa,ccdf-s04,federal_with_state_option,CCDF state plan 2.2.3-2.2.4,PRESENT,us-pa/policy/2026-09-10-ccdf-plan-fy2025-2027,us-pa/policy/acf/ccdf-plan/fy2025-2027/2.2,yes,plan section '2.2 Eligible Children and Families' | ] No. [ ] Yes. 2.2.3 Eligibility criteria: deciding entity on family income limits How are income eligibility limits established? [x] There is a statewi
us-pa,ccdf-s05,federal_with_state_option,CCDF state plan 2.5.5,PRESENT,us-pa/policy/2026-09-10-ccdf-plan-fy2025-2027,us-pa/policy/acf/ccdf-plan/fy2025-2027/2.5,yes,"plan section '2.5 Promoting Continuity of Care' | od, as long as the new parent’s or caretaker’s income does not exceed 85% SMI. The new parent or caretaker does not have to meet other eligibil"
us-pa,ccdf-s06,federal_with_state_option,CCDF state plan 2.2.6,PRESENT,us-pa/policy/2026-09-10-ccdf-plan-fy2025-2027,us-pa/policy/acf/ccdf-plan/fy2025-2027/2.2,partial,"plan section '2.2 Eligible Children and Families' | ) for a family of the same size and whose family assets do not exceed $1,000,000; and (3)(a) reside with a parent or parents who are working or attend"
us-pa,ccdf-s07,federal_with_state_option,CCDF state plan 2.2.5,PRESENT,us-pa/policy/2026-09-10-ccdf-plan-fy2025-2027,us-pa/policy/acf/ccdf-plan/fy2025-2027/2.2,yes,"plan section '2.2 Eligible Children and Families' | ] Other. Describe: 2024 NCSIA State Median Income and Federal Poverty Income Calculation Tool f. Provide the direct URL/website link, if available, for the in"
us-pa,ccdf-s08,federal_with_state_option,CCDF state plan 2.2.7,PRESENT,us-pa/policy/2026-09-10-ccdf-plan-fy2025-2027,us-pa/policy/acf/ccdf-plan/fy2025-2027/2.2,partial,"plan section '2.2 Eligible Children and Families' | ion or redetermination, children must (1) be younger than age 13; (2) reside with a family whose income does not exceed 85 percent of the State's"
us-pa,ccdf-s09,federal_with_state_option,CCDF state plan 2.2 / 2.3,PRESENT,us-pa/policy/2026-09-10-ccdf-plan-fy2025-2027,us-pa/policy/acf/ccdf-plan/fy2025-2027/2.2,no,"plan section '2.2 Eligible Children and Families' | am (which can include job search) or (b) receive, or need to receive, protective services as defined by the Lead Agency. 2.2.1 Eligibility criteria: age of chi"
us-pa,ccdf-s10,federal_with_state_option,CCDF state plan 2.3.1-2.3.3,PRESENT,us-pa/policy/2026-09-10-ccdf-plan-fy2025-2027,us-pa/policy/acf/ccdf-plan/fy2025-2027/2.3,no,"plan section '2.3 Prioritizing Services for Vulnerable Children and Famili' | Lead Agencies must give priority for child care assistance to children with special needs, families w"
us-pa,ccdf-s11,federal_with_state_option,CCDF state plan 2.5.2,PRESENT,us-pa/policy/2026-09-10-ccdf-plan-fy2025-2027,us-pa/policy/acf/ccdf-plan/fy2025-2027/2.5,no,"plan section '2.5 Promoting Continuity of Care' | are when authorizing child care services and must establish a minimum 12-month period for each child, both at the initial eligibility determination"
us-pa,ccdf-s12,federal_with_state_option,CCDF state plan 2.5.3,PRESENT,us-pa/policy/2026-09-10-ccdf-plan-fy2025-2027,us-pa/policy/acf/ccdf-plan/fy2025-2027/2.5,no,"plan section '2.5 Promoting Continuity of Care' | d above. In these cases only, Lead Agencies may establish a period of 3 months or longer. 6. Any change in age, including a child turning 13 years o"
us-pa,ccdf-s13,federal_with_state_option,CCDF state plan 2.5.4,PRESENT,us-pa/policy/2026-09-10-ccdf-plan-fy2025-2027,us-pa/policy/acf/ccdf-plan/fy2025-2027/2.5,no,"plan section '2.5 Promoting Continuity of Care' | families retaining eligibility. This requirement is: • Regardless of changes in income, Lead Agencies may not terminate CCDF assistance during the minimum 1"
us-pa,ccdf-s14,federal_with_state_option,CCDF state plan 2.1 / 2.5,PRESENT,us-pa/policy/2026-09-10-ccdf-plan-fy2025-2027,us-pa/policy/acf/ccdf-plan/fy2025-2027/2.1,no,plan section '2.1 Reducing Barriers to Family Enrollment and Redeterminati' | l that apply and describe those elements checked. i. [ ] Establishing presumptive eligibility while eligibility is being determined. Describe the polic
us-pa,ccdf-s15,federal_with_state_option,CCDF state plan 3.1.1-3.1.2 (fee table),PRESENT,us-pa/policy/2026-09-10-ccdf-plan-fy2025-2027,us-pa/policy/acf/ccdf-plan/fy2025-2027/3.1,yes,plan section '3.1 Family Co-payments' | Lead Agencies must establish and periodically revise a sliding-fee scale for families receiving CCDF services that varies based on income and
us-pa,ccdf-s16,federal_with_state_option,CCDF state plan 3.2.1,PRESENT,us-pa/policy/2026-09-10-ccdf-plan-fy2025-2027,us-pa/policy/acf/ccdf-plan/fy2025-2027/3.2,yes,"plan section '3.2 Calculation of Co-Payment' | Lead agencies must calculate a family’s contribution (or co-payment), taking into account income and family size, and Lead"
us-pa,ccdf-s17,federal_with_state_option,CCDF state plan 3.3.1,PRESENT,us-pa/policy/2026-09-10-ccdf-plan-fy2025-2027,us-pa/policy/acf/ccdf-plan/fy2025-2027/3.3,partial,plan section '3.3 Waiving Family Co-payment' | 3.3.1 Waiving family co-payment The Lead Agency may waive family contributions/c
us-pa,ccdf-s18,federal_with_state_option,CCDF state plan 4.1.1,PRESENT,us-pa/policy/2026-09-10-ccdf-plan-fy2025-2027,us-pa/policy/acf/ccdf-plan/fy2025-2027/4.1,partial,plan section '4.1 Access to Full Range of Provider Options' | rs and offer assistance with child care services through a child care certificate (or voucher) or with a child care provider that has a grant or contra
us-pa,ccdf-s19,federal_with_state_option,CCDF state plan 4.2,PRESENT,us-pa/policy/2026-09-10-ccdf-plan-fy2025-2027,us-pa/policy/acf/ccdf-plan/fy2025-2027/4.2,no,plan section '4.2 Assess Market Rates and Analyze the Cost of Child Care' | y valid and reliable data and have the option to conduct either a (1) market rate survey (MRS) reflecting variations in the price to parents of child care ser
us-pa,ccdf-s20,federal_with_state_option,CCDF state plan 4.3.1-4.3.2 (rate tables as of plan date),PRESENT,us-pa/policy/2026-09-10-ccdf-plan-fy2025-2027,us-pa/policy/acf/ccdf-plan/fy2025-2027/4.3,yes,plan section '4.3 Adequate Payment Rates' | The Lead Agency must set CCDF subsidy payment rates in accordance with the results of the current MRS or ACF pre-approved
us-pa,ccdf-s21,federal_with_state_option,CCDF state plan 4.3.3,PRESENT,us-pa/policy/2026-09-10-ccdf-plan-fy2025-2027,us-pa/policy/acf/ccdf-plan/fy2025-2027/4.3,partial,"plan section '4.3 Adequate Payment Rates' | rates below. Base rates are the lowest, foundational rates before any differentials are added (e.g., for higher quality or other purposes) and must be s"
us-pa,ccdf-s22,federal_with_state_option,CCDF state plan 4.4.1-4.4.3,PRESENT,us-pa/policy/2026-09-10-ccdf-plan-fy2025-2027,us-pa/policy/acf/ccdf-plan/fy2025-2027/4.4,no,"plan section '4.4 Payment Practices to Providers' | cost of child care services based on paying by the child’s authorized enrollment, or if impracticable, an alternative approach that will not undermine"
us-pa,ccdf-s23,federal_with_state_option,CCDF state plan section 5,PRESENT,us-pa/policy/2026-09-10-ccdf-plan-fy2025-2027,us-pa/policy/acf/ccdf-plan/fy2025-2027/5.1,no,plan section '5.1 Licensing Requirements' | Each Lead Agency must ensure it has in effect licensing requirements applicable to all child care services provided within
us-pa,ccdf-s24,federal_with_state_option,CCDF state plan 2.2.9,PRESENT,us-pa/policy/2026-09-10-ccdf-plan-fy2025-2027,us-pa/policy/acf/ccdf-plan/fy2025-2027/2.2,no,plan section '2.2 Eligible Children and Families' | within Pennsylvania or another state within the past 183 days. 2.2.9 Exception to TANF work requirements Lead Agencies must ensure that families with young children participa
us-pa,ccdf-s25,federal_with_state_option,CCDF state plan 10.1-10.2,PRESENT,us-pa/policy/2026-09-10-ccdf-plan-fy2025-2027,us-pa/policy/acf/ccdf-plan/fy2025-2027/10.2,no,"plan section '10.2 Fraud Investigation, Payment Recovery, and Sanctions' | Lead Agencies must have the necessary controls to identify fraud and other program violations to ensure program integrity. Program vio"
us-pa,ccdf-s26,federal_with_state_option,CCDF state plan (Lead Agency publication reached via the ACF index),PRESENT,us-pa/policy/2026-09-10-ccdf-plan-fy2025-2027,us-pa/policy/acf/ccdf-plan/fy2025-2027,no,plan root + 41 subsections; plan status: Approved as of 2024-11-09 (located on retry 2026-09-10: the ACF index link redirects to the generic pa.gov DHS agency page; the plan is linked as '2025-2027 Pennsylvania State Plan for Child Care Development Block Grant Report (CCDBG)' on the DHS 'Early Learning & Child Care' resources page; no amendments or Appendix posted there)
us-pa,ccdf-s27,federal_with_state_option,"ACF-hosted Appendix PDF on the FY 2025-2027 index (51 listed, 0 taken)",EXTRACTABLE,,,no,"ACF-hosted Appendix 1 PDF listed on acf.gov/occ/form/approved-ccdf-plans-fy-2025-2027 for all 50 states + DC (51 listed, 0 taken; run note 'Appendix family not taken')"
us-pa,ccdf-s28,federal_with_state_option,"amended plans posted on Lead Agency pages (inventoried, not taken except where the only posted version)",REVIEW,,,no,queue row records no amendment on the Lead Agency page; whether an amendment has since been approved is unverified
us-pa,ccdf-s29,federal_with_state_option,state regulation/manual for the subsidy program (CCAP/CCS/ERDC/Wisconsin Shares etc.),REVIEW,,,yes,no selected scope carries the state's child-care subsidy rulebook (heading scan of the selected TANF/combined scope 2026-09-12 found no subsidy chapter) and no queue row inventoried it
us-pa,ccdf-s30,federal_with_state_option,state rate schedules / MRS sheets / transmittals (state-published),EXTRACTABLE,,,yes,"2025 Child Care Market Rate Survey report and summary listed, not taken (run-note inventory)"
us-ri,ccdf-s01,federal_with_state_option,CCDF state plan 1.1-1.2,PRESENT,us-ri/policy/2026-09-10-ccdf-plan-fy2025-2027,us-ri/policy/acf/ccdf-plan/fy2025-2027/1.1,no,plan section '1.1 CCDF Leadership' | a joint interagency office to represent the State or Territory as the Lead Agency. The Lead Agency agrees to administer the program in accordance with
us-ri,ccdf-s02,federal_with_state_option,CCDF state plan 2.2.1,PRESENT,us-ri/policy/2026-09-10-ccdf-plan-fy2025-2027,us-ri/policy/acf/ccdf-plan/fy2025-2027/2.2,yes,"plan section '2.2 Eligible Children and Families' | At eligibility determination or redetermination, children must (1) be younger than age 13; (2) reside with a family whose income does not exceed 85 percent of"
us-ri,ccdf-s03,federal_with_state_option,CCDF state plan 2.2.2,PRESENT,us-ri/policy/2026-09-10-ccdf-plan-fy2025-2027,us-ri/policy/acf/ccdf-plan/fy2025-2027/2.2,partial,"plan section '2.2 Eligible Children and Families' | or attending a job training or educational program (which can include job search) or (b) receive, or need to receive, protective services as defined b"
us-ri,ccdf-s04,federal_with_state_option,CCDF state plan 2.2.3-2.2.4,PRESENT,us-ri/policy/2026-09-10-ccdf-plan-fy2025-2027,us-ri/policy/acf/ccdf-plan/fy2025-2027/2.2,yes,plan section '2.2 Eligible Children and Families' | ] No. [ ] Yes. 2.2.3 Eligibility criteria: deciding entity on family income limits How are income eligibility limits established? [x] There is a statewi
us-ri,ccdf-s05,federal_with_state_option,CCDF state plan 2.5.5,PRESENT,us-ri/policy/2026-09-10-ccdf-plan-fy2025-2027,us-ri/policy/acf/ccdf-plan/fy2025-2027/2.5,yes,"plan section '2.5 Promoting Continuity of Care' | tivity or fluctuations in income (provided the income does not exceed 85% SMI). Authorized hours are not reduced, and family-share (copays) are"
us-ri,ccdf-s06,federal_with_state_option,CCDF state plan 2.2.6,PRESENT,us-ri/policy/2026-09-10-ccdf-plan-fy2025-2027,us-ri/policy/acf/ccdf-plan/fy2025-2027/2.2,partial,"plan section '2.2 Eligible Children and Families' | ) for a family of the same size and whose family assets do not exceed $1,000,000; and (3)(a) reside with a parent or parents who are working or attend"
us-ri,ccdf-s07,federal_with_state_option,CCDF state plan 2.2.5,PRESENT,us-ri/policy/2026-09-10-ccdf-plan-fy2025-2027,us-ri/policy/acf/ccdf-plan/fy2025-2027/2.2,yes,plan section '2.2 Eligible Children and Families' | a%20CCAP-approved%20child%20care%20provider 2.2.5 Income eligibility: irregular fluctuations in earnings Lead Agencies must take into account irregular fluctuati
us-ri,ccdf-s08,federal_with_state_option,CCDF state plan 2.2.7,PRESENT,us-ri/policy/2026-09-10-ccdf-plan-fy2025-2027,us-ri/policy/acf/ccdf-plan/fy2025-2027/2.2,partial,"plan section '2.2 Eligible Children and Families' | ion or redetermination, children must (1) be younger than age 13; (2) reside with a family whose income does not exceed 85 percent of the State's"
us-ri,ccdf-s09,federal_with_state_option,CCDF state plan 2.2 / 2.3,PRESENT,us-ri/policy/2026-09-10-ccdf-plan-fy2025-2027,us-ri/policy/acf/ccdf-plan/fy2025-2027/2.2,no,"plan section '2.2 Eligible Children and Families' | am (which can include job search) or (b) receive, or need to receive, protective services as defined by the Lead Agency. 2.2.1 Eligibility criteria: age of chi"
us-ri,ccdf-s10,federal_with_state_option,CCDF state plan 2.3.1-2.3.3,PRESENT,us-ri/policy/2026-09-10-ccdf-plan-fy2025-2027,us-ri/policy/acf/ccdf-plan/fy2025-2027/2.3,no,"plan section '2.3 Prioritizing Services for Vulnerable Children and Famili' | Lead Agencies must give priority for child care assistance to children with special needs, families w"
us-ri,ccdf-s11,federal_with_state_option,CCDF state plan 2.5.2,PRESENT,us-ri/policy/2026-09-10-ccdf-plan-fy2025-2027,us-ri/policy/acf/ccdf-plan/fy2025-2027/2.5,no,"plan section '2.5 Promoting Continuity of Care' | are when authorizing child care services and must establish a minimum 12-month period for each child, both at the initial eligibility determination"
us-ri,ccdf-s12,federal_with_state_option,CCDF state plan 2.5.3,PRESENT,us-ri/policy/2026-09-10-ccdf-plan-fy2025-2027,us-ri/policy/acf/ccdf-plan/fy2025-2027/2.5,no,"plan section '2.5 Promoting Continuity of Care' | d above. In these cases only, Lead Agencies may establish a period of 3 months or longer. 6. Any change in age, including a child turning 13 years o"
us-ri,ccdf-s13,federal_with_state_option,CCDF state plan 2.5.4,PRESENT,us-ri/policy/2026-09-10-ccdf-plan-fy2025-2027,us-ri/policy/acf/ccdf-plan/fy2025-2027/2.5,no,"plan section '2.5 Promoting Continuity of Care' | families retaining eligibility. This requirement is: • Regardless of changes in income, Lead Agencies may not terminate CCDF assistance during the minimum 1"
us-ri,ccdf-s14,federal_with_state_option,CCDF state plan 2.1 / 2.5,PRESENT,us-ri/policy/2026-09-10-ccdf-plan-fy2025-2027,us-ri/policy/acf/ccdf-plan/fy2025-2027/2.1,no,plan section '2.1 Reducing Barriers to Family Enrollment and Redeterminati' | l that apply and describe those elements checked. i. [ ] Establishing presumptive eligibility while eligibility is being determined. Describe the polic
us-ri,ccdf-s15,federal_with_state_option,CCDF state plan 3.1.1-3.1.2 (fee table),PRESENT,us-ri/policy/2026-09-10-ccdf-plan-fy2025-2027,us-ri/policy/acf/ccdf-plan/fy2025-2027/3.1,yes,plan section '3.1 Family Co-payments' | Lead Agencies must establish and periodically revise a sliding-fee scale for families receiving CCDF services that varies based on income and
us-ri,ccdf-s16,federal_with_state_option,CCDF state plan 3.2.1,PRESENT,us-ri/policy/2026-09-10-ccdf-plan-fy2025-2027,us-ri/policy/acf/ccdf-plan/fy2025-2027/3.2,yes,"plan section '3.2 Calculation of Co-Payment' | Lead agencies must calculate a family’s contribution (or co-payment), taking into account income and family size, and Lead"
us-ri,ccdf-s17,federal_with_state_option,CCDF state plan 3.3.1,PRESENT,us-ri/policy/2026-09-10-ccdf-plan-fy2025-2027,us-ri/policy/acf/ccdf-plan/fy2025-2027/3.3,partial,plan section '3.3 Waiving Family Co-payment' | 3.3.1 Waiving family co-payment The Lead Agency may waive family contributions/c
us-ri,ccdf-s18,federal_with_state_option,CCDF state plan 4.1.1,PRESENT,us-ri/policy/2026-09-10-ccdf-plan-fy2025-2027,us-ri/policy/acf/ccdf-plan/fy2025-2027/4.1,partial,plan section '4.1 Access to Full Range of Provider Options' | rs and offer assistance with child care services through a child care certificate (or voucher) or with a child care provider that has a grant or contra
us-ri,ccdf-s19,federal_with_state_option,CCDF state plan 4.2,PRESENT,us-ri/policy/2026-09-10-ccdf-plan-fy2025-2027,us-ri/policy/acf/ccdf-plan/fy2025-2027/4.2,no,plan section '4.2 Assess Market Rates and Analyze the Cost of Child Care' | y valid and reliable data and have the option to conduct either a (1) market rate survey (MRS) reflecting variations in the price to parents of child care ser
us-ri,ccdf-s20,federal_with_state_option,CCDF state plan 4.3.1-4.3.2 (rate tables as of plan date),PRESENT,us-ri/policy/2026-09-10-ccdf-plan-fy2025-2027,us-ri/policy/acf/ccdf-plan/fy2025-2027/4.3,yes,plan section '4.3 Adequate Payment Rates' | The Lead Agency must set CCDF subsidy payment rates in accordance with the results of the current MRS or ACF pre-approved
us-ri,ccdf-s21,federal_with_state_option,CCDF state plan 4.3.3,PRESENT,us-ri/policy/2026-09-10-ccdf-plan-fy2025-2027,us-ri/policy/acf/ccdf-plan/fy2025-2027/4.3,partial,"plan section '4.3 Adequate Payment Rates' | rates below. Base rates are the lowest, foundational rates before any differentials are added (e.g., for higher quality or other purposes) and must be s"
us-ri,ccdf-s22,federal_with_state_option,CCDF state plan 4.4.1-4.4.3,PRESENT,us-ri/policy/2026-09-10-ccdf-plan-fy2025-2027,us-ri/policy/acf/ccdf-plan/fy2025-2027/4.4,no,"plan section '4.4 Payment Practices to Providers' | cost of child care services based on paying by the child’s authorized enrollment, or if impracticable, an alternative approach that will not undermine"
us-ri,ccdf-s23,federal_with_state_option,CCDF state plan section 5,PRESENT,us-ri/policy/2026-09-10-ccdf-plan-fy2025-2027,us-ri/policy/acf/ccdf-plan/fy2025-2027/5.1,no,plan section '5.1 Licensing Requirements' | Each Lead Agency must ensure it has in effect licensing requirements applicable to all child care services provided within
us-ri,ccdf-s24,federal_with_state_option,CCDF state plan 2.2.9,PRESENT,us-ri/policy/2026-09-10-ccdf-plan-fy2025-2027,us-ri/policy/acf/ccdf-plan/fy2025-2027/2.2,no,plan section '2.2 Eligible Children and Families' | r registration card [ ] [ ] Other. Describe how you verify: N/A 2.2.9 Exception to TANF work requirements Lead Agencies must ensure that families with young children participa
us-ri,ccdf-s25,federal_with_state_option,CCDF state plan 10.1-10.2,PRESENT,us-ri/policy/2026-09-10-ccdf-plan-fy2025-2027,us-ri/policy/acf/ccdf-plan/fy2025-2027/10.2,no,"plan section '10.2 Fraud Investigation, Payment Recovery, and Sanctions' | Lead Agencies must have the necessary controls to identify fraud and other program violations to ensure program integrity. Program vio"
us-ri,ccdf-s26,federal_with_state_option,CCDF state plan (Lead Agency publication reached via the ACF index),PRESENT,us-ri/policy/2026-09-10-ccdf-plan-fy2025-2027,us-ri/policy/acf/ccdf-plan/fy2025-2027,no,plan root + 41 subsections; plan status: Approved as of 2024-11-09 ('Child Care Development Fund State Plan FFY25-27'; located on retry 2 2026-09-10T21:35Z from a US network after HTTP 403 cloudflare on the first two passes)
us-ri,ccdf-s27,federal_with_state_option,"ACF-hosted Appendix PDF on the FY 2025-2027 index (51 listed, 0 taken)",EXTRACTABLE,,,no,"ACF-hosted Appendix 1 PDF listed on acf.gov/occ/form/approved-ccdf-plans-fy-2025-2027 for all 50 states + DC (51 listed, 0 taken; run note 'Appendix family not taken')"
us-ri,ccdf-s28,federal_with_state_option,"amended plans posted on Lead Agency pages (inventoried, not taken except where the only posted version)",REVIEW,,,no,queue row records no amendment on the Lead Agency page; whether an amendment has since been approved is unverified
us-ri,ccdf-s29,federal_with_state_option,state regulation/manual for the subsidy program (CCAP/CCS/ERDC/Wisconsin Shares etc.),EXTRACTABLE,,,yes,"218-RICR-20-00-4 Child Care Assistance Program rules (and Part 13) listed on the RICR chapter page, not taken (TANF queue row)"
us-ri,ccdf-s30,federal_with_state_option,state rate schedules / MRS sheets / transmittals (state-published),EXTRACTABLE,,,yes,"child care market rate survey 2024 listed, not taken (run-note inventory)"
us-sc,ccdf-s01,federal_with_state_option,CCDF state plan 1.1-1.2,PRESENT,us-sc/policy/2026-09-10-ccdf-plan-fy2025-2027,us-sc/policy/acf/ccdf-plan/fy2025-2027/1.1,no,plan section '1.1 CCDF Leadership' | a joint interagency office to represent the State or Territory as the Lead Agency. The Lead Agency agrees to administer the program in accordance with
us-sc,ccdf-s02,federal_with_state_option,CCDF state plan 2.2.1,PRESENT,us-sc/policy/2026-09-10-ccdf-plan-fy2025-2027,us-sc/policy/acf/ccdf-plan/fy2025-2027/2.2,yes,"plan section '2.2 Eligible Children and Families' | At eligibility determination or redetermination, children must (1) be younger than age 13; (2) reside with a family whose income does not exceed 85 percent of"
us-sc,ccdf-s03,federal_with_state_option,CCDF state plan 2.2.2,PRESENT,us-sc/policy/2026-09-10-ccdf-plan-fy2025-2027,us-sc/policy/acf/ccdf-plan/fy2025-2027/2.2,partial,"plan section '2.2 Eligible Children and Families' | or attending a job training or educational program (which can include job search) or (b) receive, or need to receive, protective services as defined b"
us-sc,ccdf-s04,federal_with_state_option,CCDF state plan 2.2.3-2.2.4,PRESENT,us-sc/policy/2026-09-10-ccdf-plan-fy2025-2027,us-sc/policy/acf/ccdf-plan/fy2025-2027/2.2,yes,plan section '2.2 Eligible Children and Families' | x] No. [ ] Yes. 2.2.3 Eligibility criteria: deciding entity on family income limits How are income eligibility limits established? [x] There is a statewi
us-sc,ccdf-s05,federal_with_state_option,CCDF state plan 2.5.5,PRESENT,us-sc/policy/2026-09-10-ccdf-plan-fy2025-2027,us-sc/policy/acf/ccdf-plan/fy2025-2027/2.5,yes,plan section '2.5 Promoting Continuity of Care' | gency’s income eligibility threshold but not the federal threshold of 85 percent of SMI; and • Regardless of temporary changes in participation in wor
us-sc,ccdf-s06,federal_with_state_option,CCDF state plan 2.2.6,PRESENT,us-sc/policy/2026-09-10-ccdf-plan-fy2025-2027,us-sc/policy/acf/ccdf-plan/fy2025-2027/2.2,partial,"plan section '2.2 Eligible Children and Families' | ) for a family of the same size and whose family assets do not exceed $1,000,000; and (3)(a) reside with a parent or parents who are working or attend"
us-sc,ccdf-s07,federal_with_state_option,CCDF state plan 2.2.5,PRESENT,us-sc/policy/2026-09-10-ccdf-plan-fy2025-2027,us-sc/policy/acf/ccdf-plan/fy2025-2027/2.2,yes,plan section '2.2 Eligible Children and Families' | dia/agyfzw0a/income-standards-2024-2025.pdf 2.2.5 Income eligibility: irregular fluctuations in earnings Lead Agencies must take into account irregular fluctuati
us-sc,ccdf-s08,federal_with_state_option,CCDF state plan 2.2.7,PRESENT,us-sc/policy/2026-09-10-ccdf-plan-fy2025-2027,us-sc/policy/acf/ccdf-plan/fy2025-2027/2.2,partial,"plan section '2.2 Eligible Children and Families' | ion or redetermination, children must (1) be younger than age 13; (2) reside with a family whose income does not exceed 85 percent of the State's"
us-sc,ccdf-s09,federal_with_state_option,CCDF state plan 2.2 / 2.3,PRESENT,us-sc/policy/2026-09-10-ccdf-plan-fy2025-2027,us-sc/policy/acf/ccdf-plan/fy2025-2027/2.2,no,"plan section '2.2 Eligible Children and Families' | am (which can include job search) or (b) receive, or need to receive, protective services as defined by the Lead Agency. 2.2.1 Eligibility criteria: age of chi"
us-sc,ccdf-s10,federal_with_state_option,CCDF state plan 2.3.1-2.3.3,PRESENT,us-sc/policy/2026-09-10-ccdf-plan-fy2025-2027,us-sc/policy/acf/ccdf-plan/fy2025-2027/2.3,no,"plan section '2.3 Prioritizing Services for Vulnerable Children and Famili' | Lead Agencies must give priority for child care assistance to children with special needs, families w"
us-sc,ccdf-s11,federal_with_state_option,CCDF state plan 2.5.2,PRESENT,us-sc/policy/2026-09-10-ccdf-plan-fy2025-2027,us-sc/policy/acf/ccdf-plan/fy2025-2027/2.5,no,"plan section '2.5 Promoting Continuity of Care' | are when authorizing child care services and must establish a minimum 12-month period for each child, both at the initial eligibility determination"
us-sc,ccdf-s12,federal_with_state_option,CCDF state plan 2.5.3,PRESENT,us-sc/policy/2026-09-10-ccdf-plan-fy2025-2027,us-sc/policy/acf/ccdf-plan/fy2025-2027/2.5,no,"plan section '2.5 Promoting Continuity of Care' | d above. In these cases only, Lead Agencies may establish a period of 3 months or longer. 6. Any change in age, including a child turning 13 years o"
us-sc,ccdf-s13,federal_with_state_option,CCDF state plan 2.5.4,PRESENT,us-sc/policy/2026-09-10-ccdf-plan-fy2025-2027,us-sc/policy/acf/ccdf-plan/fy2025-2027/2.5,no,"plan section '2.5 Promoting Continuity of Care' | families retaining eligibility. This requirement is: • Regardless of changes in income, Lead Agencies may not terminate CCDF assistance during the minimum 1"
us-sc,ccdf-s14,federal_with_state_option,CCDF state plan 2.1 / 2.5,PRESENT,us-sc/policy/2026-09-10-ccdf-plan-fy2025-2027,us-sc/policy/acf/ccdf-plan/fy2025-2027/2.1,no,plan section '2.1 Reducing Barriers to Family Enrollment and Redeterminati' | l that apply and describe those elements checked. i. [x] Establishing presumptive eligibility while eligibility is being determined. Describe the polic
us-sc,ccdf-s15,federal_with_state_option,CCDF state plan 3.1.1-3.1.2 (fee table),PRESENT,us-sc/policy/2026-09-10-ccdf-plan-fy2025-2027,us-sc/policy/acf/ccdf-plan/fy2025-2027/3.1,yes,plan section '3.1 Family Co-payments' | Lead Agencies must establish and periodically revise a sliding-fee scale for families receiving CCDF services that varies based on income and
us-sc,ccdf-s16,federal_with_state_option,CCDF state plan 3.2.1,PRESENT,us-sc/policy/2026-09-10-ccdf-plan-fy2025-2027,us-sc/policy/acf/ccdf-plan/fy2025-2027/3.2,yes,"plan section '3.2 Calculation of Co-Payment' | Lead agencies must calculate a family’s contribution (or co-payment), taking into account income and family size, and Lead"
us-sc,ccdf-s17,federal_with_state_option,CCDF state plan 3.3.1,PRESENT,us-sc/policy/2026-09-10-ccdf-plan-fy2025-2027,us-sc/policy/acf/ccdf-plan/fy2025-2027/3.3,partial,plan section '3.3 Waiving Family Co-payment' | 3.3.1 Waiving family co-payment The Lead Agency may waive family contributions/c
us-sc,ccdf-s18,federal_with_state_option,CCDF state plan 4.1.1,PRESENT,us-sc/policy/2026-09-10-ccdf-plan-fy2025-2027,us-sc/policy/acf/ccdf-plan/fy2025-2027/4.1,partial,plan section '4.1 Access to Full Range of Provider Options' | rs and offer assistance with child care services through a child care certificate (or voucher) or with a child care provider that has a grant or contra
us-sc,ccdf-s19,federal_with_state_option,CCDF state plan 4.2,PRESENT,us-sc/policy/2026-09-10-ccdf-plan-fy2025-2027,us-sc/policy/acf/ccdf-plan/fy2025-2027/4.2,no,plan section '4.2 Assess Market Rates and Analyze the Cost of Child Care' | y valid and reliable data and have the option to conduct either a (1) market rate survey (MRS) reflecting variations in the price to parents of child care ser
us-sc,ccdf-s20,federal_with_state_option,CCDF state plan 4.3.1-4.3.2 (rate tables as of plan date),PRESENT,us-sc/policy/2026-09-10-ccdf-plan-fy2025-2027,us-sc/policy/acf/ccdf-plan/fy2025-2027/4.3,yes,plan section '4.3 Adequate Payment Rates' | The Lead Agency must set CCDF subsidy payment rates in accordance with the results of the current MRS or ACF pre-approved
us-sc,ccdf-s21,federal_with_state_option,CCDF state plan 4.3.3,PRESENT,us-sc/policy/2026-09-10-ccdf-plan-fy2025-2027,us-sc/policy/acf/ccdf-plan/fy2025-2027/4.3,partial,"plan section '4.3 Adequate Payment Rates' | rates below. Base rates are the lowest, foundational rates before any differentials are added (e.g., for higher quality or other purposes) and must be s"
us-sc,ccdf-s22,federal_with_state_option,CCDF state plan 4.4.1-4.4.3,PRESENT,us-sc/policy/2026-09-10-ccdf-plan-fy2025-2027,us-sc/policy/acf/ccdf-plan/fy2025-2027/4.4,no,"plan section '4.4 Payment Practices to Providers' | cost of child care services based on paying by the child’s authorized enrollment, or if impracticable, an alternative approach that will not undermine"
us-sc,ccdf-s23,federal_with_state_option,CCDF state plan section 5,PRESENT,us-sc/policy/2026-09-10-ccdf-plan-fy2025-2027,us-sc/policy/acf/ccdf-plan/fy2025-2027/5.1,no,plan section '5.1 Licensing Requirements' | Each Lead Agency must ensure it has in effect licensing requirements applicable to all child care services provided within
us-sc,ccdf-s24,federal_with_state_option,CCDF state plan 2.2.9,PRESENT,us-sc/policy/2026-09-10-ccdf-plan-fy2025-2027,us-sc/policy/acf/ccdf-plan/fy2025-2027/2.2,no,plan section '2.2 Eligible Children and Families' | proving residence. [ ] [ ] Other. Describe how you verify: N/A 2.2.9 Exception to TANF work requirements Lead Agencies must ensure that families with young children participa
us-sc,ccdf-s25,federal_with_state_option,CCDF state plan 10.1-10.2,PRESENT,us-sc/policy/2026-09-10-ccdf-plan-fy2025-2027,us-sc/policy/acf/ccdf-plan/fy2025-2027/10.2,no,"plan section '10.2 Fraud Investigation, Payment Recovery, and Sanctions' | Lead Agencies must have the necessary controls to identify fraud and other program violations to ensure program integrity. Program vio"
us-sc,ccdf-s26,federal_with_state_option,CCDF state plan (Lead Agency publication reached via the ACF index),PRESENT,us-sc/policy/2026-09-10-ccdf-plan-fy2025-2027,us-sc/policy/acf/ccdf-plan/fy2025-2027,no,"plan root + 41 subsections; plan status: Approved as of 2024-11-09 ('Child Care Development Fund State Plan FFY 2025-2027 Approved State Plan' on the SC Child Care resources page, which redirects to scchildcare.org; located on retry 2 2026-09-10T21:35Z from a US network after TCP connect timeouts on the first two passes)"
us-sc,ccdf-s27,federal_with_state_option,"ACF-hosted Appendix PDF on the FY 2025-2027 index (51 listed, 0 taken)",EXTRACTABLE,,,no,"ACF-hosted Appendix 1 PDF listed on acf.gov/occ/form/approved-ccdf-plans-fy-2025-2027 for all 50 states + DC (51 listed, 0 taken; run note 'Appendix family not taken')"
us-sc,ccdf-s28,federal_with_state_option,"amended plans posted on Lead Agency pages (inventoried, not taken except where the only posted version)",REVIEW,,,no,queue row records no amendment on the Lead Agency page; whether an amendment has since been approved is unverified
us-sc,ccdf-s29,federal_with_state_option,state regulation/manual for the subsidy program (CCAP/CCS/ERDC/Wisconsin Shares etc.),EXTRACTABLE,,,yes,"SC Voucher manual (DSS manuals page) and Child Care Scholarship policy manuals vol. 36-39 (scchildcare.org) listed, not taken"
us-sc,ccdf-s30,federal_with_state_option,state rate schedules / MRS sheets / transmittals (state-published),EXTRACTABLE,,,yes,"Child Care Scholarship fee scales, maximum payments and income standards (about 17 documents) listed on scchildcare.org, not taken (run-note inventory)"
us-sd,ccdf-s01,federal_with_state_option,CCDF state plan 1.1-1.2,PRESENT,us-sd/policy/2026-09-10-ccdf-plan-fy2025-2027,us-sd/policy/acf/ccdf-plan/fy2025-2027/1.1,no,plan section '1.1 CCDF Leadership' | a joint interagency office to represent the State or Territory as the Lead Agency. The Lead Agency agrees to administer the program in accordance with
us-sd,ccdf-s02,federal_with_state_option,CCDF state plan 2.2.1,PRESENT,us-sd/policy/2026-09-10-ccdf-plan-fy2025-2027,us-sd/policy/acf/ccdf-plan/fy2025-2027/2.2,yes,"plan section '2.2 Eligible Children and Families' | At eligibility determination or redetermination, children must (1) be younger than age 13; (2) reside with a family whose income does not exceed 85 percent of"
us-sd,ccdf-s03,federal_with_state_option,CCDF state plan 2.2.2,PRESENT,us-sd/policy/2026-09-10-ccdf-plan-fy2025-2027,us-sd/policy/acf/ccdf-plan/fy2025-2027/2.2,partial,"plan section '2.2 Eligible Children and Families' | or attending a job training or educational program (which can include job search) or (b) receive, or need to receive, protective services as defined b"
us-sd,ccdf-s04,federal_with_state_option,CCDF state plan 2.2.3-2.2.4,PRESENT,us-sd/policy/2026-09-10-ccdf-plan-fy2025-2027,us-sd/policy/acf/ccdf-plan/fy2025-2027/2.2,yes,plan section '2.2 Eligible Children and Families' | ] No. [x] Yes. 2.2.3 Eligibility criteria: deciding entity on family income limits How are income eligibility limits established? [x] There is a statewi
us-sd,ccdf-s05,federal_with_state_option,CCDF state plan 2.5.5,PRESENT,us-sd/policy/2026-09-10-ccdf-plan-fy2025-2027,us-sd/policy/acf/ccdf-plan/fy2025-2027/2.5,yes,plan section '2.5 Promoting Continuity of Care' | gency’s income eligibility threshold but not the federal threshold of 85 percent of SMI; and • Regardless of temporary changes in participation in wor
us-sd,ccdf-s06,federal_with_state_option,CCDF state plan 2.2.6,PRESENT,us-sd/policy/2026-09-10-ccdf-plan-fy2025-2027,us-sd/policy/acf/ccdf-plan/fy2025-2027/2.2,partial,"plan section '2.2 Eligible Children and Families' | ) for a family of the same size and whose family assets do not exceed $1,000,000; and (3)(a) reside with a parent or parents who are working or attend"
us-sd,ccdf-s07,federal_with_state_option,CCDF state plan 2.2.5,PRESENT,us-sd/policy/2026-09-10-ccdf-plan-fy2025-2027,us-sd/policy/acf/ccdf-plan/fy2025-2027/2.2,yes,plan section '2.2 Eligible Children and Families' | childcare/childcareassistance/eligible.aspx 2.2.5 Income eligibility: irregular fluctuations in earnings Lead Agencies must take into account irregular fluctuati
us-sd,ccdf-s08,federal_with_state_option,CCDF state plan 2.2.7,PRESENT,us-sd/policy/2026-09-10-ccdf-plan-fy2025-2027,us-sd/policy/acf/ccdf-plan/fy2025-2027/2.2,partial,"plan section '2.2 Eligible Children and Families' | ion or redetermination, children must (1) be younger than age 13; (2) reside with a family whose income does not exceed 85 percent of the State's"
us-sd,ccdf-s09,federal_with_state_option,CCDF state plan 2.2 / 2.3,PRESENT,us-sd/policy/2026-09-10-ccdf-plan-fy2025-2027,us-sd/policy/acf/ccdf-plan/fy2025-2027/2.2,no,"plan section '2.2 Eligible Children and Families' | am (which can include job search) or (b) receive, or need to receive, protective services as defined by the Lead Agency. 2.2.1 Eligibility criteria: age of chi"
us-sd,ccdf-s10,federal_with_state_option,CCDF state plan 2.3.1-2.3.3,PRESENT,us-sd/policy/2026-09-10-ccdf-plan-fy2025-2027,us-sd/policy/acf/ccdf-plan/fy2025-2027/2.3,no,"plan section '2.3 Prioritizing Services for Vulnerable Children and Famili' | Lead Agencies must give priority for child care assistance to children with special needs, families w"
us-sd,ccdf-s11,federal_with_state_option,CCDF state plan 2.5.2,PRESENT,us-sd/policy/2026-09-10-ccdf-plan-fy2025-2027,us-sd/policy/acf/ccdf-plan/fy2025-2027/2.5,no,"plan section '2.5 Promoting Continuity of Care' | are when authorizing child care services and must establish a minimum 12-month period for each child, both at the initial eligibility determination"
us-sd,ccdf-s12,federal_with_state_option,CCDF state plan 2.5.3,PRESENT,us-sd/policy/2026-09-10-ccdf-plan-fy2025-2027,us-sd/policy/acf/ccdf-plan/fy2025-2027/2.5,no,"plan section '2.5 Promoting Continuity of Care' | d above. In these cases only, Lead Agencies may establish a period of 3 months or longer. 6. Any change in age, including a child turning 13 years o"
us-sd,ccdf-s13,federal_with_state_option,CCDF state plan 2.5.4,PRESENT,us-sd/policy/2026-09-10-ccdf-plan-fy2025-2027,us-sd/policy/acf/ccdf-plan/fy2025-2027/2.5,no,"plan section '2.5 Promoting Continuity of Care' | families retaining eligibility. This requirement is: • Regardless of changes in income, Lead Agencies may not terminate CCDF assistance during the minimum 1"
us-sd,ccdf-s14,federal_with_state_option,CCDF state plan 2.1 / 2.5,PRESENT,us-sd/policy/2026-09-10-ccdf-plan-fy2025-2027,us-sd/policy/acf/ccdf-plan/fy2025-2027/2.1,no,plan section '2.1 Reducing Barriers to Family Enrollment and Redeterminati' | l that apply and describe those elements checked. i. [ ] Establishing presumptive eligibility while eligibility is being determined. Describe the polic
us-sd,ccdf-s15,federal_with_state_option,CCDF state plan 3.1.1-3.1.2 (fee table),PRESENT,us-sd/policy/2026-09-10-ccdf-plan-fy2025-2027,us-sd/policy/acf/ccdf-plan/fy2025-2027/3.1,yes,plan section '3.1 Family Co-payments' | Lead Agencies must establish and periodically revise a sliding-fee scale for families receiving CCDF services that varies based on income and
us-sd,ccdf-s16,federal_with_state_option,CCDF state plan 3.2.1,PRESENT,us-sd/policy/2026-09-10-ccdf-plan-fy2025-2027,us-sd/policy/acf/ccdf-plan/fy2025-2027/3.2,yes,"plan section '3.2 Calculation of Co-Payment' | Lead agencies must calculate a family’s contribution (or co-payment), taking into account income and family size, and Lead"
us-sd,ccdf-s17,federal_with_state_option,CCDF state plan 3.3.1,PRESENT,us-sd/policy/2026-09-10-ccdf-plan-fy2025-2027,us-sd/policy/acf/ccdf-plan/fy2025-2027/3.3,partial,plan section '3.3 Waiving Family Co-payment' | 3.3.1 Waiving family co-payment The Lead Agency may waive family contributions/c
us-sd,ccdf-s18,federal_with_state_option,CCDF state plan 4.1.1,PRESENT,us-sd/policy/2026-09-10-ccdf-plan-fy2025-2027,us-sd/policy/acf/ccdf-plan/fy2025-2027/4.1,partial,plan section '4.1 Access to Full Range of Provider Options' | rs and offer assistance with child care services through a child care certificate (or voucher) or with a child care provider that has a grant or contra
us-sd,ccdf-s19,federal_with_state_option,CCDF state plan 4.2,PRESENT,us-sd/policy/2026-09-10-ccdf-plan-fy2025-2027,us-sd/policy/acf/ccdf-plan/fy2025-2027/4.2,no,plan section '4.2 Assess Market Rates and Analyze the Cost of Child Care' | y valid and reliable data and have the option to conduct either a (1) market rate survey (MRS) reflecting variations in the price to parents of child care ser
us-sd,ccdf-s20,federal_with_state_option,CCDF state plan 4.3.1-4.3.2 (rate tables as of plan date),PRESENT,us-sd/policy/2026-09-10-ccdf-plan-fy2025-2027,us-sd/policy/acf/ccdf-plan/fy2025-2027/4.3,yes,plan section '4.3 Adequate Payment Rates' | The Lead Agency must set CCDF subsidy payment rates in accordance with the results of the current MRS or ACF pre-approved
us-sd,ccdf-s21,federal_with_state_option,CCDF state plan 4.3.3,PRESENT,us-sd/policy/2026-09-10-ccdf-plan-fy2025-2027,us-sd/policy/acf/ccdf-plan/fy2025-2027/4.3,partial,"plan section '4.3 Adequate Payment Rates' | rates below. Base rates are the lowest, foundational rates before any differentials are added (e.g., for higher quality or other purposes) and must be s"
us-sd,ccdf-s22,federal_with_state_option,CCDF state plan 4.4.1-4.4.3,PRESENT,us-sd/policy/2026-09-10-ccdf-plan-fy2025-2027,us-sd/policy/acf/ccdf-plan/fy2025-2027/4.4,no,"plan section '4.4 Payment Practices to Providers' | cost of child care services based on paying by the child’s authorized enrollment, or if impracticable, an alternative approach that will not undermine"
us-sd,ccdf-s23,federal_with_state_option,CCDF state plan section 5,PRESENT,us-sd/policy/2026-09-10-ccdf-plan-fy2025-2027,us-sd/policy/acf/ccdf-plan/fy2025-2027/5.1,no,plan section '5.1 Licensing Requirements' | Each Lead Agency must ensure it has in effect licensing requirements applicable to all child care services provided within
us-sd,ccdf-s24,federal_with_state_option,CCDF state plan 2.2.9,PRESENT,us-sd/policy/2026-09-10-ccdf-plan-fy2025-2027,us-sd/policy/acf/ccdf-plan/fy2025-2027/2.2,no,plan section '2.2 Eligible Children and Families' | on of Child Support. [ ] [ ] Other. Describe how you verify: NA 2.2.9 Exception to TANF work requirements Lead Agencies must ensure that families with young children participa
us-sd,ccdf-s25,federal_with_state_option,CCDF state plan 10.1-10.2,PRESENT,us-sd/policy/2026-09-10-ccdf-plan-fy2025-2027,us-sd/policy/acf/ccdf-plan/fy2025-2027/10.2,no,"plan section '10.2 Fraud Investigation, Payment Recovery, and Sanctions' | Lead Agencies must have the necessary controls to identify fraud and other program violations to ensure program integrity. Program vio"
us-sd,ccdf-s26,federal_with_state_option,CCDF state plan (Lead Agency publication reached via the ACF index),PRESENT,us-sd/policy/2026-09-10-ccdf-plan-fy2025-2027,us-sd/policy/acf/ccdf-plan/fy2025-2027,no,"plan root + 41 subsections; plan status: Certified as of 2024-09-24 ('original'; Amendments 1-3 consolidated plans posted separately, not taken)"
us-sd,ccdf-s27,federal_with_state_option,"ACF-hosted Appendix PDF on the FY 2025-2027 index (51 listed, 0 taken)",EXTRACTABLE,,,no,"ACF-hosted Appendix 1 PDF listed on acf.gov/occ/form/approved-ccdf-plans-fy-2025-2027 for all 50 states + DC (51 listed, 0 taken; run note 'Appendix family not taken')"
us-sd,ccdf-s28,federal_with_state_option,"amended plans posted on Lead Agency pages (inventoried, not taken except where the only posted version)",EXTRACTABLE,,,no,"Amendments 1-3 consolidated plans posted separately (Lead Agency page, queue row)"
us-sd,ccdf-s29,federal_with_state_option,state regulation/manual for the subsidy program (CCAP/CCS/ERDC/Wisconsin Shares etc.),EXTRACTABLE,,,yes,"ARSD 67:47 child care assistance on sdlegislature.gov/Rules, not taken"
us-sd,ccdf-s30,federal_with_state_option,state rate schedules / MRS sheets / transmittals (state-published),REVIEW,,,yes,current rate/copay schedule family not inventoried for this state; the plan carries the values as of its submission only
us-tn,ccdf-s01,federal_with_state_option,CCDF state plan 1.1-1.2,PRESENT,us-tn/policy/2026-09-10-ccdf-plan-fy2025-2027,us-tn/policy/acf/ccdf-plan/fy2025-2027/1.1,no,plan section '1.1 CCDF Leadership' | a joint interagency office to represent the State or Territory as the Lead Agency. The Lead Agency agrees to administer the program in accordance with
us-tn,ccdf-s02,federal_with_state_option,CCDF state plan 2.2.1,PRESENT,us-tn/policy/2026-09-10-ccdf-plan-fy2025-2027,us-tn/policy/acf/ccdf-plan/fy2025-2027/2.2,yes,"plan section '2.2 Eligible Children and Families' | At eligibility determination or redetermination, children must (1) be younger than age 13; (2) reside with a family whose income does not exceed 85 percent of"
us-tn,ccdf-s03,federal_with_state_option,CCDF state plan 2.2.2,PRESENT,us-tn/policy/2026-09-10-ccdf-plan-fy2025-2027,us-tn/policy/acf/ccdf-plan/fy2025-2027/2.2,partial,"plan section '2.2 Eligible Children and Families' | or attending a job training or educational program (which can include job search) or (b) receive, or need to receive, protective services as defined b"
us-tn,ccdf-s04,federal_with_state_option,CCDF state plan 2.2.3-2.2.4,PRESENT,us-tn/policy/2026-09-10-ccdf-plan-fy2025-2027,us-tn/policy/acf/ccdf-plan/fy2025-2027/2.2,yes,plan section '2.2 Eligible Children and Families' | x] No. [ ] Yes. 2.2.3 Eligibility criteria: deciding entity on family income limits How are income eligibility limits established? [x] There is a statewi
us-tn,ccdf-s05,federal_with_state_option,CCDF state plan 2.5.5,PRESENT,us-tn/policy/2026-09-10-ccdf-plan-fy2025-2027,us-tn/policy/acf/ccdf-plan/fy2025-2027/2.5,yes,plan section '2.5 Promoting Continuity of Care' | gency’s income eligibility threshold but not the federal threshold of 85 percent of SMI; and • Regardless of temporary changes in participation in wor
us-tn,ccdf-s06,federal_with_state_option,CCDF state plan 2.2.6,PRESENT,us-tn/policy/2026-09-10-ccdf-plan-fy2025-2027,us-tn/policy/acf/ccdf-plan/fy2025-2027/2.2,partial,"plan section '2.2 Eligible Children and Families' | ) for a family of the same size and whose family assets do not exceed $1,000,000; and (3)(a) reside with a parent or parents who are working or attend"
us-tn,ccdf-s07,federal_with_state_option,CCDF state plan 2.2.5,PRESENT,us-tn/policy/2026-09-10-ccdf-plan-fy2025-2027,us-tn/policy/acf/ccdf-plan/fy2025-2027/2.2,yes,plan section '2.2 Eligible Children and Families' | ervices/child-care-payment- assistance.html 2.2.5 Income eligibility: irregular fluctuations in earnings Lead Agencies must take into account irregular fluctuati
us-tn,ccdf-s08,federal_with_state_option,CCDF state plan 2.2.7,PRESENT,us-tn/policy/2026-09-10-ccdf-plan-fy2025-2027,us-tn/policy/acf/ccdf-plan/fy2025-2027/2.2,partial,"plan section '2.2 Eligible Children and Families' | ion or redetermination, children must (1) be younger than age 13; (2) reside with a family whose income does not exceed 85 percent of the State's"
us-tn,ccdf-s09,federal_with_state_option,CCDF state plan 2.2 / 2.3,PRESENT,us-tn/policy/2026-09-10-ccdf-plan-fy2025-2027,us-tn/policy/acf/ccdf-plan/fy2025-2027/2.2,no,"plan section '2.2 Eligible Children and Families' | am (which can include job search) or (b) receive, or need to receive, protective services as defined by the Lead Agency. 2.2.1 Eligibility criteria: age of chi"
us-tn,ccdf-s10,federal_with_state_option,CCDF state plan 2.3.1-2.3.3,PRESENT,us-tn/policy/2026-09-10-ccdf-plan-fy2025-2027,us-tn/policy/acf/ccdf-plan/fy2025-2027/2.3,no,"plan section '2.3 Prioritizing Services for Vulnerable Children and Famili' | Lead Agencies must give priority for child care assistance to children with special needs, families w"
us-tn,ccdf-s11,federal_with_state_option,CCDF state plan 2.5.2,PRESENT,us-tn/policy/2026-09-10-ccdf-plan-fy2025-2027,us-tn/policy/acf/ccdf-plan/fy2025-2027/2.5,no,"plan section '2.5 Promoting Continuity of Care' | are when authorizing child care services and must establish a minimum 12-month period for each child, both at the initial eligibility determination"
us-tn,ccdf-s12,federal_with_state_option,CCDF state plan 2.5.3,PRESENT,us-tn/policy/2026-09-10-ccdf-plan-fy2025-2027,us-tn/policy/acf/ccdf-plan/fy2025-2027/2.5,no,"plan section '2.5 Promoting Continuity of Care' | d above. In these cases only, Lead Agencies may establish a period of 3 months or longer. 6. Any change in age, including a child turning 13 years o"
us-tn,ccdf-s13,federal_with_state_option,CCDF state plan 2.5.4,PRESENT,us-tn/policy/2026-09-10-ccdf-plan-fy2025-2027,us-tn/policy/acf/ccdf-plan/fy2025-2027/2.5,no,"plan section '2.5 Promoting Continuity of Care' | families retaining eligibility. This requirement is: • Regardless of changes in income, Lead Agencies may not terminate CCDF assistance during the minimum 1"
us-tn,ccdf-s14,federal_with_state_option,CCDF state plan 2.1 / 2.5,PRESENT,us-tn/policy/2026-09-10-ccdf-plan-fy2025-2027,us-tn/policy/acf/ccdf-plan/fy2025-2027/2.1,no,plan section '2.1 Reducing Barriers to Family Enrollment and Redeterminati' | l that apply and describe those elements checked. i. [ ] Establishing presumptive eligibility while eligibility is being determined. Describe the polic
us-tn,ccdf-s15,federal_with_state_option,CCDF state plan 3.1.1-3.1.2 (fee table),PRESENT,us-tn/policy/2026-09-10-ccdf-plan-fy2025-2027,us-tn/policy/acf/ccdf-plan/fy2025-2027/3.1,yes,plan section '3.1 Family Co-payments' | Lead Agencies must establish and periodically revise a sliding-fee scale for families receiving CCDF services that varies based on income and
us-tn,ccdf-s16,federal_with_state_option,CCDF state plan 3.2.1,PRESENT,us-tn/policy/2026-09-10-ccdf-plan-fy2025-2027,us-tn/policy/acf/ccdf-plan/fy2025-2027/3.2,yes,"plan section '3.2 Calculation of Co-Payment' | Lead agencies must calculate a family’s contribution (or co-payment), taking into account income and family size, and Lead"
us-tn,ccdf-s17,federal_with_state_option,CCDF state plan 3.3.1,PRESENT,us-tn/policy/2026-09-10-ccdf-plan-fy2025-2027,us-tn/policy/acf/ccdf-plan/fy2025-2027/3.3,partial,plan section '3.3 Waiving Family Co-payment' | 3.3.1 Waiving family co-payment The Lead Agency may waive family contributions/c
us-tn,ccdf-s18,federal_with_state_option,CCDF state plan 4.1.1,PRESENT,us-tn/policy/2026-09-10-ccdf-plan-fy2025-2027,us-tn/policy/acf/ccdf-plan/fy2025-2027/4.1,partial,plan section '4.1 Access to Full Range of Provider Options' | rs and offer assistance with child care services through a child care certificate (or voucher) or with a child care provider that has a grant or contra
us-tn,ccdf-s19,federal_with_state_option,CCDF state plan 4.2,PRESENT,us-tn/policy/2026-09-10-ccdf-plan-fy2025-2027,us-tn/policy/acf/ccdf-plan/fy2025-2027/4.2,no,plan section '4.2 Assess Market Rates and Analyze the Cost of Child Care' | y valid and reliable data and have the option to conduct either a (1) market rate survey (MRS) reflecting variations in the price to parents of child care ser
us-tn,ccdf-s20,federal_with_state_option,CCDF state plan 4.3.1-4.3.2 (rate tables as of plan date),PRESENT,us-tn/policy/2026-09-10-ccdf-plan-fy2025-2027,us-tn/policy/acf/ccdf-plan/fy2025-2027/4.3,yes,plan section '4.3 Adequate Payment Rates' | The Lead Agency must set CCDF subsidy payment rates in accordance with the results of the current MRS or ACF pre-approved
us-tn,ccdf-s21,federal_with_state_option,CCDF state plan 4.3.3,PRESENT,us-tn/policy/2026-09-10-ccdf-plan-fy2025-2027,us-tn/policy/acf/ccdf-plan/fy2025-2027/4.3,partial,"plan section '4.3 Adequate Payment Rates' | rates below. Base rates are the lowest, foundational rates before any differentials are added (e.g., for higher quality or other purposes) and must be s"
us-tn,ccdf-s22,federal_with_state_option,CCDF state plan 4.4.1-4.4.3,PRESENT,us-tn/policy/2026-09-10-ccdf-plan-fy2025-2027,us-tn/policy/acf/ccdf-plan/fy2025-2027/4.4,no,"plan section '4.4 Payment Practices to Providers' | cost of child care services based on paying by the child’s authorized enrollment, or if impracticable, an alternative approach that will not undermine"
us-tn,ccdf-s23,federal_with_state_option,CCDF state plan section 5,PRESENT,us-tn/policy/2026-09-10-ccdf-plan-fy2025-2027,us-tn/policy/acf/ccdf-plan/fy2025-2027/5.1,no,plan section '5.1 Licensing Requirements' | Each Lead Agency must ensure it has in effect licensing requirements applicable to all child care services provided within
us-tn,ccdf-s24,federal_with_state_option,CCDF state plan 2.2.9,PRESENT,us-tn/policy/2026-09-10-ccdf-plan-fy2025-2027,us-tn/policy/acf/ccdf-plan/fy2025-2027/2.2,no,plan section '2.2 Eligible Children and Families' | or identification. [ ] [ ] Other. Describe how you verify: N/A. 2.2.9 Exception to TANF work requirements Lead Agencies must ensure that families with young children participa
us-tn,ccdf-s25,federal_with_state_option,CCDF state plan 10.1-10.2,PRESENT,us-tn/policy/2026-09-10-ccdf-plan-fy2025-2027,us-tn/policy/acf/ccdf-plan/fy2025-2027/10.2,no,"plan section '10.2 Fraud Investigation, Payment Recovery, and Sanctions' | Lead Agencies must have the necessary controls to identify fraud and other program violations to ensure program integrity. Program vio"
us-tn,ccdf-s26,federal_with_state_option,CCDF state plan (Lead Agency publication reached via the ACF index),PRESENT,us-tn/policy/2026-09-10-ccdf-plan-fy2025-2027,us-tn/policy/acf/ccdf-plan/fy2025-2027,no,"plan root + 41 subsections; plan status: Approved as of 2024-11-09 ('CCDF State Plan FFY 2025-2027' on the TDHS Reports and Information page; Appendix 1 and two transitional waiver approvals are posted separately, not taken; located on retry 2 2026-09-10T21:35Z from a US network after HTTP 403 awselb on the first two passes; one of three page requests on the retry ended with an SSL unexpected EOF, the others answered 200)"
us-tn,ccdf-s27,federal_with_state_option,"ACF-hosted Appendix PDF on the FY 2025-2027 index (51 listed, 0 taken)",EXTRACTABLE,,,no,"ACF-hosted Appendix 1 PDF listed on acf.gov/occ/form/approved-ccdf-plans-fy-2025-2027 for all 50 states + DC (51 listed, 0 taken; run note 'Appendix family not taken'); state also posts its own copy"
us-tn,ccdf-s28,federal_with_state_option,"amended plans posted on Lead Agency pages (inventoried, not taken except where the only posted version)",REVIEW,,,no,queue row records no amendment on the Lead Agency page; whether an amendment has since been approved is unverified
us-tn,ccdf-s29,federal_with_state_option,state regulation/manual for the subsidy program (CCAP/CCS/ERDC/Wisconsin Shares etc.),EXTRACTABLE,,,yes,"child care policies listed on the TDHS publications page, not taken (TANF queue row)"
us-tn,ccdf-s30,federal_with_state_option,state rate schedules / MRS sheets / transmittals (state-published),EXTRACTABLE,,,yes,"income eligibility limits and co-pay table, state rate and QRIS bonus table, market rate surveys 2022-23 to 2024-25 listed on the TDHS page, not taken (run-note inventory)"
us-tx,ccdf-s01,federal_with_state_option,CCDF state plan 1.1-1.2,OUTREACH,,,no,HTTP 403 CloudFront / HTTP 202 AWS WAF challenge from the TWC plan page (retried 3x)
us-tx,ccdf-s02,federal_with_state_option,CCDF state plan 2.2.1,OUTREACH,,,yes,HTTP 403 CloudFront / HTTP 202 AWS WAF challenge from the TWC plan page (retried 3x)
us-tx,ccdf-s03,federal_with_state_option,CCDF state plan 2.2.2,OUTREACH,,,partial,HTTP 403 CloudFront / HTTP 202 AWS WAF challenge from the TWC plan page (retried 3x)
us-tx,ccdf-s04,federal_with_state_option,CCDF state plan 2.2.3-2.2.4,OUTREACH,,,yes,HTTP 403 CloudFront / HTTP 202 AWS WAF challenge from the TWC plan page (retried 3x)
us-tx,ccdf-s05,federal_with_state_option,CCDF state plan 2.5.5,OUTREACH,,,yes,HTTP 403 CloudFront / HTTP 202 AWS WAF challenge from the TWC plan page (retried 3x)
us-tx,ccdf-s06,federal_with_state_option,CCDF state plan 2.2.6,OUTREACH,,,partial,HTTP 403 CloudFront / HTTP 202 AWS WAF challenge from the TWC plan page (retried 3x)
us-tx,ccdf-s07,federal_with_state_option,CCDF state plan 2.2.5,OUTREACH,,,yes,HTTP 403 CloudFront / HTTP 202 AWS WAF challenge from the TWC plan page (retried 3x)
us-tx,ccdf-s08,federal_with_state_option,CCDF state plan 2.2.7,OUTREACH,,,partial,HTTP 403 CloudFront / HTTP 202 AWS WAF challenge from the TWC plan page (retried 3x)
us-tx,ccdf-s09,federal_with_state_option,CCDF state plan 2.2 / 2.3,OUTREACH,,,no,HTTP 403 CloudFront / HTTP 202 AWS WAF challenge from the TWC plan page (retried 3x)
us-tx,ccdf-s10,federal_with_state_option,CCDF state plan 2.3.1-2.3.3,OUTREACH,,,no,HTTP 403 CloudFront / HTTP 202 AWS WAF challenge from the TWC plan page (retried 3x)
us-tx,ccdf-s11,federal_with_state_option,CCDF state plan 2.5.2,OUTREACH,,,no,HTTP 403 CloudFront / HTTP 202 AWS WAF challenge from the TWC plan page (retried 3x)
us-tx,ccdf-s12,federal_with_state_option,CCDF state plan 2.5.3,OUTREACH,,,no,HTTP 403 CloudFront / HTTP 202 AWS WAF challenge from the TWC plan page (retried 3x)
us-tx,ccdf-s13,federal_with_state_option,CCDF state plan 2.5.4,OUTREACH,,,no,HTTP 403 CloudFront / HTTP 202 AWS WAF challenge from the TWC plan page (retried 3x)
us-tx,ccdf-s14,federal_with_state_option,CCDF state plan 2.1 / 2.5,OUTREACH,,,no,HTTP 403 CloudFront / HTTP 202 AWS WAF challenge from the TWC plan page (retried 3x)
us-tx,ccdf-s15,federal_with_state_option,CCDF state plan 3.1.1-3.1.2 (fee table),OUTREACH,,,yes,HTTP 403 CloudFront / HTTP 202 AWS WAF challenge from the TWC plan page (retried 3x)
us-tx,ccdf-s16,federal_with_state_option,CCDF state plan 3.2.1,OUTREACH,,,yes,HTTP 403 CloudFront / HTTP 202 AWS WAF challenge from the TWC plan page (retried 3x)
us-tx,ccdf-s17,federal_with_state_option,CCDF state plan 3.3.1,OUTREACH,,,partial,HTTP 403 CloudFront / HTTP 202 AWS WAF challenge from the TWC plan page (retried 3x)
us-tx,ccdf-s18,federal_with_state_option,CCDF state plan 4.1.1,OUTREACH,,,partial,HTTP 403 CloudFront / HTTP 202 AWS WAF challenge from the TWC plan page (retried 3x)
us-tx,ccdf-s19,federal_with_state_option,CCDF state plan 4.2,OUTREACH,,,no,HTTP 403 CloudFront / HTTP 202 AWS WAF challenge from the TWC plan page (retried 3x)
us-tx,ccdf-s20,federal_with_state_option,CCDF state plan 4.3.1-4.3.2 (rate tables as of plan date),OUTREACH,,,yes,HTTP 403 CloudFront / HTTP 202 AWS WAF challenge from the TWC plan page (retried 3x)
us-tx,ccdf-s21,federal_with_state_option,CCDF state plan 4.3.3,OUTREACH,,,partial,HTTP 403 CloudFront / HTTP 202 AWS WAF challenge from the TWC plan page (retried 3x)
us-tx,ccdf-s22,federal_with_state_option,CCDF state plan 4.4.1-4.4.3,OUTREACH,,,no,HTTP 403 CloudFront / HTTP 202 AWS WAF challenge from the TWC plan page (retried 3x)
us-tx,ccdf-s23,federal_with_state_option,CCDF state plan section 5,OUTREACH,,,no,HTTP 403 CloudFront / HTTP 202 AWS WAF challenge from the TWC plan page (retried 3x)
us-tx,ccdf-s24,federal_with_state_option,CCDF state plan 2.2.9,OUTREACH,,,no,HTTP 403 CloudFront / HTTP 202 AWS WAF challenge from the TWC plan page (retried 3x)
us-tx,ccdf-s25,federal_with_state_option,CCDF state plan 10.1-10.2,OUTREACH,,,no,HTTP 403 CloudFront / HTTP 202 AWS WAF challenge from the TWC plan page (retried 3x)
us-tx,ccdf-s26,federal_with_state_option,CCDF state plan (Lead Agency publication reached via the ACF index),OUTREACH,,,no,HTTP 403 CloudFront / HTTP 202 AWS WAF challenge from the TWC plan page (retried 3x)
us-tx,ccdf-s27,federal_with_state_option,"ACF-hosted Appendix PDF on the FY 2025-2027 index (51 listed, 0 taken)",EXTRACTABLE,,,no,"ACF-hosted Appendix 1 PDF listed on acf.gov/occ/form/approved-ccdf-plans-fy-2025-2027 for all 50 states + DC (51 listed, 0 taken; run note 'Appendix family not taken')"
us-tx,ccdf-s28,federal_with_state_option,"amended plans posted on Lead Agency pages (inventoried, not taken except where the only posted version)",OUTREACH,,,no,Lead Agency site blocked (HTTP 403 CloudFront / HTTP 202 AWS WAF challenge from the TWC plan page)
us-tx,ccdf-s29,federal_with_state_option,state regulation/manual for the subsidy program (CCAP/CCS/ERDC/Wisconsin Shares etc.),OUTREACH,,,yes,Lead Agency site blocked (HTTP 403 CloudFront / HTTP 202 AWS WAF challenge from the TWC plan page); the state subsidy rulebook was not inventoried
us-tx,ccdf-s30,federal_with_state_option,state rate schedules / MRS sheets / transmittals (state-published),OUTREACH,,,yes,Lead Agency site blocked (HTTP 403 CloudFront / HTTP 202 AWS WAF challenge from the TWC plan page)
us-ut,ccdf-s01,federal_with_state_option,CCDF state plan 1.1-1.2,PRESENT,us-ut/policy/2026-09-10-ccdf-plan-fy2025-2027,us-ut/policy/acf/ccdf-plan/fy2025-2027/1.1,no,plan section '1.1 CCDF Leadership' | a joint interagency office to represent the State or Territory as the Lead Agency. The Lead Agency agrees to administer the program in accordance with
us-ut,ccdf-s02,federal_with_state_option,CCDF state plan 2.2.1,PRESENT,us-ut/policy/2026-09-10-ccdf-plan-fy2025-2027,us-ut/policy/acf/ccdf-plan/fy2025-2027/2.2,yes,"plan section '2.2 Eligible Children and Families' | At eligibility determination or redetermination, children must (1) be younger than age 13; (2) reside with a family whose income does not exceed 85 percent of"
us-ut,ccdf-s03,federal_with_state_option,CCDF state plan 2.2.2,PRESENT,us-ut/policy/2026-09-10-ccdf-plan-fy2025-2027,us-ut/policy/acf/ccdf-plan/fy2025-2027/2.2,partial,"plan section '2.2 Eligible Children and Families' | or attending a job training or educational program (which can include job search) or (b) receive, or need to receive, protective services as defined b"
us-ut,ccdf-s04,federal_with_state_option,CCDF state plan 2.2.3-2.2.4,PRESENT,us-ut/policy/2026-09-10-ccdf-plan-fy2025-2027,us-ut/policy/acf/ccdf-plan/fy2025-2027/2.2,yes,plan section '2.2 Eligible Children and Families' | x] No. [ ] Yes. 2.2.3 Eligibility criteria: deciding entity on family income limits How are income eligibility limits established? [x] There is a statewi
us-ut,ccdf-s05,federal_with_state_option,CCDF state plan 2.5.5,PRESENT,us-ut/policy/2026-09-10-ccdf-plan-fy2025-2027,us-ut/policy/acf/ccdf-plan/fy2025-2027/2.5,yes,plan section '2.5 Promoting Continuity of Care' | gency’s income eligibility threshold but not the federal threshold of 85 percent of SMI; and • Regardless of temporary changes in participation in wor
us-ut,ccdf-s06,federal_with_state_option,CCDF state plan 2.2.6,PRESENT,us-ut/policy/2026-09-10-ccdf-plan-fy2025-2027,us-ut/policy/acf/ccdf-plan/fy2025-2027/2.2,partial,"plan section '2.2 Eligible Children and Families' | ) for a family of the same size and whose family assets do not exceed $1,000,000; and (3)(a) reside with a parent or parents who are working or attend"
us-ut,ccdf-s07,federal_with_state_option,CCDF state plan 2.2.5,PRESENT,us-ut/policy/2026-09-10-ccdf-plan-fy2025-2027,us-ut/policy/acf/ccdf-plan/fy2025-2027/2.2,yes,plan section '2.2 Eligible Children and Families' | me in cash or in-kind for which a person performs a service. Unearned income includes any payment received by a customer for which the customer performs no
us-ut,ccdf-s08,federal_with_state_option,CCDF state plan 2.2.7,PRESENT,us-ut/policy/2026-09-10-ccdf-plan-fy2025-2027,us-ut/policy/acf/ccdf-plan/fy2025-2027/2.2,partial,"plan section '2.2 Eligible Children and Families' | ion or redetermination, children must (1) be younger than age 13; (2) reside with a family whose income does not exceed 85 percent of the State's"
us-ut,ccdf-s09,federal_with_state_option,CCDF state plan 2.2 / 2.3,PRESENT,us-ut/policy/2026-09-10-ccdf-plan-fy2025-2027,us-ut/policy/acf/ccdf-plan/fy2025-2027/2.2,no,"plan section '2.2 Eligible Children and Families' | am (which can include job search) or (b) receive, or need to receive, protective services as defined by the Lead Agency. 2.2.1 Eligibility criteria: age of chi"
us-ut,ccdf-s10,federal_with_state_option,CCDF state plan 2.3.1-2.3.3,PRESENT,us-ut/policy/2026-09-10-ccdf-plan-fy2025-2027,us-ut/policy/acf/ccdf-plan/fy2025-2027/2.3,no,"plan section '2.3 Prioritizing Services for Vulnerable Children and Famili' | Lead Agencies must give priority for child care assistance to children with special needs, families w"
us-ut,ccdf-s11,federal_with_state_option,CCDF state plan 2.5.2,PRESENT,us-ut/policy/2026-09-10-ccdf-plan-fy2025-2027,us-ut/policy/acf/ccdf-plan/fy2025-2027/2.5,no,"plan section '2.5 Promoting Continuity of Care' | are when authorizing child care services and must establish a minimum 12-month period for each child, both at the initial eligibility determination"
us-ut,ccdf-s12,federal_with_state_option,CCDF state plan 2.5.3,PRESENT,us-ut/policy/2026-09-10-ccdf-plan-fy2025-2027,us-ut/policy/acf/ccdf-plan/fy2025-2027/2.5,no,"plan section '2.5 Promoting Continuity of Care' | d above. In these cases only, Lead Agencies may establish a period of 3 months or longer. 6. Any change in age, including a child turning 13 years o"
us-ut,ccdf-s13,federal_with_state_option,CCDF state plan 2.5.4,PRESENT,us-ut/policy/2026-09-10-ccdf-plan-fy2025-2027,us-ut/policy/acf/ccdf-plan/fy2025-2027/2.5,no,"plan section '2.5 Promoting Continuity of Care' | families retaining eligibility. This requirement is: • Regardless of changes in income, Lead Agencies may not terminate CCDF assistance during the minimum 1"
us-ut,ccdf-s14,federal_with_state_option,CCDF state plan 2.1 / 2.5,PRESENT,us-ut/policy/2026-09-10-ccdf-plan-fy2025-2027,us-ut/policy/acf/ccdf-plan/fy2025-2027/2.1,no,plan section '2.1 Reducing Barriers to Family Enrollment and Redeterminati' | l that apply and describe those elements checked. i. [x] Establishing presumptive eligibility while eligibility is being determined. Describe the polic
us-ut,ccdf-s15,federal_with_state_option,CCDF state plan 3.1.1-3.1.2 (fee table),PRESENT,us-ut/policy/2026-09-10-ccdf-plan-fy2025-2027,us-ut/policy/acf/ccdf-plan/fy2025-2027/3.1,yes,plan section '3.1 Family Co-payments' | Lead Agencies must establish and periodically revise a sliding-fee scale for families receiving CCDF services that varies based on income and
us-ut,ccdf-s16,federal_with_state_option,CCDF state plan 3.2.1,PRESENT,us-ut/policy/2026-09-10-ccdf-plan-fy2025-2027,us-ut/policy/acf/ccdf-plan/fy2025-2027/3.2,yes,"plan section '3.2 Calculation of Co-Payment' | Lead agencies must calculate a family’s contribution (or co-payment), taking into account income and family size, and Lead"
us-ut,ccdf-s17,federal_with_state_option,CCDF state plan 3.3.1,PRESENT,us-ut/policy/2026-09-10-ccdf-plan-fy2025-2027,us-ut/policy/acf/ccdf-plan/fy2025-2027/3.3,partial,plan section '3.3 Waiving Family Co-payment' | 3.3.1 Waiving family co-payment The Lead Agency may waive family contributions/c
us-ut,ccdf-s18,federal_with_state_option,CCDF state plan 4.1.1,PRESENT,us-ut/policy/2026-09-10-ccdf-plan-fy2025-2027,us-ut/policy/acf/ccdf-plan/fy2025-2027/4.1,partial,plan section '4.1 Access to Full Range of Provider Options' | rs and offer assistance with child care services through a child care certificate (or voucher) or with a child care provider that has a grant or contra
us-ut,ccdf-s19,federal_with_state_option,CCDF state plan 4.2,PRESENT,us-ut/policy/2026-09-10-ccdf-plan-fy2025-2027,us-ut/policy/acf/ccdf-plan/fy2025-2027/4.2,no,plan section '4.2 Assess Market Rates and Analyze the Cost of Child Care' | y valid and reliable data and have the option to conduct either a (1) market rate survey (MRS) reflecting variations in the price to parents of child care ser
us-ut,ccdf-s20,federal_with_state_option,CCDF state plan 4.3.1-4.3.2 (rate tables as of plan date),PRESENT,us-ut/policy/2026-09-10-ccdf-plan-fy2025-2027,us-ut/policy/acf/ccdf-plan/fy2025-2027/4.3,yes,plan section '4.3 Adequate Payment Rates' | The Lead Agency must set CCDF subsidy payment rates in accordance with the results of the current MRS or ACF pre-approved
us-ut,ccdf-s21,federal_with_state_option,CCDF state plan 4.3.3,PRESENT,us-ut/policy/2026-09-10-ccdf-plan-fy2025-2027,us-ut/policy/acf/ccdf-plan/fy2025-2027/4.3,partial,"plan section '4.3 Adequate Payment Rates' | rates below. Base rates are the lowest, foundational rates before any differentials are added (e.g., for higher quality or other purposes) and must be s"
us-ut,ccdf-s22,federal_with_state_option,CCDF state plan 4.4.1-4.4.3,PRESENT,us-ut/policy/2026-09-10-ccdf-plan-fy2025-2027,us-ut/policy/acf/ccdf-plan/fy2025-2027/4.4,no,"plan section '4.4 Payment Practices to Providers' | cost of child care services based on paying by the child’s authorized enrollment, or if impracticable, an alternative approach that will not undermine"
us-ut,ccdf-s23,federal_with_state_option,CCDF state plan section 5,PRESENT,us-ut/policy/2026-09-10-ccdf-plan-fy2025-2027,us-ut/policy/acf/ccdf-plan/fy2025-2027/5.1,no,plan section '5.1 Licensing Requirements' | Each Lead Agency must ensure it has in effect licensing requirements applicable to all child care services provided within
us-ut,ccdf-s24,federal_with_state_option,CCDF state plan 2.2.9,PRESENT,us-ut/policy/2026-09-10-ccdf-plan-fy2025-2027,us-ut/policy/acf/ccdf-plan/fy2025-2027/2.2,no,plan section '2.2 Eligible Children and Families' | at any time. A customer statement is taken for child care need. 2.2.9 Exception to TANF work requirements Lead Agencies must ensure that families with young children participa
us-ut,ccdf-s25,federal_with_state_option,CCDF state plan 10.1-10.2,PRESENT,us-ut/policy/2026-09-10-ccdf-plan-fy2025-2027,us-ut/policy/acf/ccdf-plan/fy2025-2027/10.2,no,"plan section '10.2 Fraud Investigation, Payment Recovery, and Sanctions' | Lead Agencies must have the necessary controls to identify fraud and other program violations to ensure program integrity. Program vio"
us-ut,ccdf-s26,federal_with_state_option,CCDF state plan (Lead Agency publication reached via the ACF index),PRESENT,us-ut/policy/2026-09-10-ccdf-plan-fy2025-2027,us-ut/policy/acf/ccdf-plan/fy2025-2027,no,"plan root + 41 subsections; plan status: Approved as of 2024-11-09 ('2025-2027 State Plan' on the OCC Plans and Reports page; the state-hosted Appendix is posted separately, not taken; located on retry 2 2026-09-10T21:35Z from a US network after HTTP 403 awselb on the first two passes)"
us-ut,ccdf-s27,federal_with_state_option,"ACF-hosted Appendix PDF on the FY 2025-2027 index (51 listed, 0 taken)",EXTRACTABLE,,,no,"ACF-hosted Appendix 1 PDF listed on acf.gov/occ/form/approved-ccdf-plans-fy-2025-2027 for all 50 states + DC (51 listed, 0 taken; run note 'Appendix family not taken'); state also posts its own copy"
us-ut,ccdf-s28,federal_with_state_option,"amended plans posted on Lead Agency pages (inventoried, not taken except where the only posted version)",REVIEW,,,no,queue row records no amendment on the Lead Agency page; whether an amendment has since been approved is unverified
us-ut,ccdf-s29,federal_with_state_option,state regulation/manual for the subsidy program (CCAP/CCS/ERDC/Wisconsin Shares etc.),PRESENT,us-ut/manual/2026-05-27-ut-manuals-r2026-07-15-self-contained,us-ut/manual/dws/eligibility-manual/600-issuances-and-payments-620-3-income-tests-escc-htm/block-4,yes,heading='Co-Payment' | 6 body matches | The co-payment is an amount deducted from the maximum Child Care subsidy amount the customer is eligible to receive. The amount of the
us-ut,ccdf-s30,federal_with_state_option,state rate schedules / MRS sheets / transmittals (state-published),EXTRACTABLE,,,yes,"market rate studies 2021, 2024 listed, not taken (run-note inventory)"
us-va,ccdf-s01,federal_with_state_option,CCDF state plan 1.1-1.2,PRESENT,us-va/policy/2026-09-10-ccdf-plan-fy2025-2027,us-va/policy/acf/ccdf-plan/fy2025-2027/1.1,no,plan section '1.1 CCDF Leadership' | a joint interagency office to represent the State or Territory as the Lead Agency. The Lead Agency agrees to administer the program in accordance with
us-va,ccdf-s02,federal_with_state_option,CCDF state plan 2.2.1,PRESENT,us-va/policy/2026-09-10-ccdf-plan-fy2025-2027,us-va/policy/acf/ccdf-plan/fy2025-2027/2.2,yes,"plan section '2.2 Eligible Children and Families' | At eligibility determination or redetermination, children must (1) be younger than age 13; (2) reside with a family whose income does not exceed 85 percent of"
us-va,ccdf-s03,federal_with_state_option,CCDF state plan 2.2.2,PRESENT,us-va/policy/2026-09-10-ccdf-plan-fy2025-2027,us-va/policy/acf/ccdf-plan/fy2025-2027/2.2,partial,"plan section '2.2 Eligible Children and Families' | or attending a job training or educational program (which can include job search) or (b) receive, or need to receive, protective services as defined b"
us-va,ccdf-s04,federal_with_state_option,CCDF state plan 2.2.3-2.2.4,PRESENT,us-va/policy/2026-09-10-ccdf-plan-fy2025-2027,us-va/policy/acf/ccdf-plan/fy2025-2027/2.2,yes,plan section '2.2 Eligible Children and Families' | x] No. [ ] Yes. 2.2.3 Eligibility criteria: deciding entity on family income limits How are income eligibility limits established? [ ] There is a statewi
us-va,ccdf-s05,federal_with_state_option,CCDF state plan 2.5.5,PRESENT,us-va/policy/2026-09-10-ccdf-plan-fy2025-2027,us-va/policy/acf/ccdf-plan/fy2025-2027/2.5,yes,plan section '2.5 Promoting Continuity of Care' | gency’s income eligibility threshold but not the federal threshold of 85 percent of SMI; and • Regardless of temporary changes in participation in wor
us-va,ccdf-s06,federal_with_state_option,CCDF state plan 2.2.6,PRESENT,us-va/policy/2026-09-10-ccdf-plan-fy2025-2027,us-va/policy/acf/ccdf-plan/fy2025-2027/2.2,partial,"plan section '2.2 Eligible Children and Families' | ) for a family of the same size and whose family assets do not exceed $1,000,000; and (3)(a) reside with a parent or parents who are working or attend"
us-va,ccdf-s07,federal_with_state_option,CCDF state plan 2.2.5,PRESENT,us-va/policy/2026-09-10-ccdf-plan-fy2025-2027,us-va/policy/acf/ccdf-plan/fy2025-2027/2.2,yes,plan section '2.2 Eligible Children and Families' | g-for-child-care) when they go into effect. 2.2.5 Income eligibility: irregular fluctuations in earnings Lead Agencies must take into account irregular fluctuati
us-va,ccdf-s08,federal_with_state_option,CCDF state plan 2.2.7,PRESENT,us-va/policy/2026-09-10-ccdf-plan-fy2025-2027,us-va/policy/acf/ccdf-plan/fy2025-2027/2.2,partial,"plan section '2.2 Eligible Children and Families' | ion or redetermination, children must (1) be younger than age 13; (2) reside with a family whose income does not exceed 85 percent of the State's"
us-va,ccdf-s09,federal_with_state_option,CCDF state plan 2.2 / 2.3,PRESENT,us-va/policy/2026-09-10-ccdf-plan-fy2025-2027,us-va/policy/acf/ccdf-plan/fy2025-2027/2.2,no,"plan section '2.2 Eligible Children and Families' | am (which can include job search) or (b) receive, or need to receive, protective services as defined by the Lead Agency. 2.2.1 Eligibility criteria: age of chi"
us-va,ccdf-s10,federal_with_state_option,CCDF state plan 2.3.1-2.3.3,PRESENT,us-va/policy/2026-09-10-ccdf-plan-fy2025-2027,us-va/policy/acf/ccdf-plan/fy2025-2027/2.3,no,"plan section '2.3 Prioritizing Services for Vulnerable Children and Famili' | Lead Agencies must give priority for child care assistance to children with special needs, families w"
us-va,ccdf-s11,federal_with_state_option,CCDF state plan 2.5.2,PRESENT,us-va/policy/2026-09-10-ccdf-plan-fy2025-2027,us-va/policy/acf/ccdf-plan/fy2025-2027/2.5,no,"plan section '2.5 Promoting Continuity of Care' | are when authorizing child care services and must establish a minimum 12-month period for each child, both at the initial eligibility determination"
us-va,ccdf-s12,federal_with_state_option,CCDF state plan 2.5.3,PRESENT,us-va/policy/2026-09-10-ccdf-plan-fy2025-2027,us-va/policy/acf/ccdf-plan/fy2025-2027/2.5,no,"plan section '2.5 Promoting Continuity of Care' | d above. In these cases only, Lead Agencies may establish a period of 3 months or longer. 6. Any change in age, including a child turning 13 years o"
us-va,ccdf-s13,federal_with_state_option,CCDF state plan 2.5.4,PRESENT,us-va/policy/2026-09-10-ccdf-plan-fy2025-2027,us-va/policy/acf/ccdf-plan/fy2025-2027/2.5,no,plan section '2.5 Promoting Continuity of Care' | could negatively impact access to care ￿ Families are not required to report changes that would affect their eligibility negatively. ￿ Established eligibi
us-va,ccdf-s14,federal_with_state_option,CCDF state plan 2.1 / 2.5,PRESENT,us-va/policy/2026-09-10-ccdf-plan-fy2025-2027,us-va/policy/acf/ccdf-plan/fy2025-2027/2.1,no,plan section '2.1 Reducing Barriers to Family Enrollment and Redeterminati' | l that apply and describe those elements checked. i. [ ] Establishing presumptive eligibility while eligibility is being determined. Describe the polic
us-va,ccdf-s15,federal_with_state_option,CCDF state plan 3.1.1-3.1.2 (fee table),PRESENT,us-va/policy/2026-09-10-ccdf-plan-fy2025-2027,us-va/policy/acf/ccdf-plan/fy2025-2027/3.1,yes,plan section '3.1 Family Co-payments' | Lead Agencies must establish and periodically revise a sliding-fee scale for families receiving CCDF services that varies based on income and
us-va,ccdf-s16,federal_with_state_option,CCDF state plan 3.2.1,PRESENT,us-va/policy/2026-09-10-ccdf-plan-fy2025-2027,us-va/policy/acf/ccdf-plan/fy2025-2027/3.2,yes,"plan section '3.2 Calculation of Co-Payment' | Lead agencies must calculate a family’s contribution (or co-payment), taking into account income and family size, and Lead"
us-va,ccdf-s17,federal_with_state_option,CCDF state plan 3.3.1,PRESENT,us-va/policy/2026-09-10-ccdf-plan-fy2025-2027,us-va/policy/acf/ccdf-plan/fy2025-2027/3.3,partial,plan section '3.3 Waiving Family Co-payment' | 3.3.1 Waiving family co-payment The Lead Agency may waive family contributions/c
us-va,ccdf-s18,federal_with_state_option,CCDF state plan 4.1.1,PRESENT,us-va/policy/2026-09-10-ccdf-plan-fy2025-2027,us-va/policy/acf/ccdf-plan/fy2025-2027/4.1,partial,plan section '4.1 Access to Full Range of Provider Options' | rs and offer assistance with child care services through a child care certificate (or voucher) or with a child care provider that has a grant or contra
us-va,ccdf-s19,federal_with_state_option,CCDF state plan 4.2,PRESENT,us-va/policy/2026-09-10-ccdf-plan-fy2025-2027,us-va/policy/acf/ccdf-plan/fy2025-2027/4.2,no,plan section '4.2 Assess Market Rates and Analyze the Cost of Child Care' | y valid and reliable data and have the option to conduct either a (1) market rate survey (MRS) reflecting variations in the price to parents of child care ser
us-va,ccdf-s20,federal_with_state_option,CCDF state plan 4.3.1-4.3.2 (rate tables as of plan date),PRESENT,us-va/policy/2026-09-10-ccdf-plan-fy2025-2027,us-va/policy/acf/ccdf-plan/fy2025-2027/4.3,yes,plan section '4.3 Adequate Payment Rates' | The Lead Agency must set CCDF subsidy payment rates in accordance with the results of the current MRS or ACF pre-approved
us-va,ccdf-s21,federal_with_state_option,CCDF state plan 4.3.3,PRESENT,us-va/policy/2026-09-10-ccdf-plan-fy2025-2027,us-va/policy/acf/ccdf-plan/fy2025-2027/4.3,partial,"plan section '4.3 Adequate Payment Rates' | rates below. Base rates are the lowest, foundational rates before any differentials are added (e.g., for higher quality or other purposes) and must be s"
us-va,ccdf-s22,federal_with_state_option,CCDF state plan 4.4.1-4.4.3,PRESENT,us-va/policy/2026-09-10-ccdf-plan-fy2025-2027,us-va/policy/acf/ccdf-plan/fy2025-2027/4.4,no,"plan section '4.4 Payment Practices to Providers' | cost of child care services based on paying by the child’s authorized enrollment, or if impracticable, an alternative approach that will not undermine"
us-va,ccdf-s23,federal_with_state_option,CCDF state plan section 5,PRESENT,us-va/policy/2026-09-10-ccdf-plan-fy2025-2027,us-va/policy/acf/ccdf-plan/fy2025-2027/5.1,no,plan section '5.1 Licensing Requirements' | Each Lead Agency must ensure it has in effect licensing requirements applicable to all child care services provided within
us-va,ccdf-s24,federal_with_state_option,CCDF state plan 2.2.9,PRESENT,us-va/policy/2026-09-10-ccdf-plan-fy2025-2027,us-va/policy/acf/ccdf-plan/fy2025-2027/2.2,no,plan section '2.2 Eligible Children and Families' | period. [ ] [ ] Other. Describe how you verify: Not applicable 2.2.9 Exception to TANF work requirements Lead Agencies must ensure that families with young children participa
us-va,ccdf-s25,federal_with_state_option,CCDF state plan 10.1-10.2,PRESENT,us-va/policy/2026-09-10-ccdf-plan-fy2025-2027,us-va/policy/acf/ccdf-plan/fy2025-2027/10.2,no,"plan section '10.2 Fraud Investigation, Payment Recovery, and Sanctions' | Lead Agencies must have the necessary controls to identify fraud and other program violations to ensure program integrity. Program vio"
us-va,ccdf-s26,federal_with_state_option,CCDF state plan (Lead Agency publication reached via the ACF index),PRESENT,us-va/policy/2026-09-10-ccdf-plan-fy2025-2027,us-va/policy/acf/ccdf-plan/fy2025-2027,no,"plan root + 41 subsections; plan status: Certified as of 2024-10-01 (the publisher labels it ""Virginia's Approved 2025-2027 CCDF State Plan""; the CARS print carries Plan Status Certified and no approval print is posted; retry 2 2026-09-10T21:35Z from a US network: plain requests still get HTTP 403 AkamaiGHost, curl_cffi chrome impersonation receives the page and the PDF)"
us-va,ccdf-s27,federal_with_state_option,"ACF-hosted Appendix PDF on the FY 2025-2027 index (51 listed, 0 taken)",EXTRACTABLE,,,no,"ACF-hosted Appendix 1 PDF listed on acf.gov/occ/form/approved-ccdf-plans-fy-2025-2027 for all 50 states + DC (51 listed, 0 taken; run note 'Appendix family not taken')"
us-va,ccdf-s28,federal_with_state_option,"amended plans posted on Lead Agency pages (inventoried, not taken except where the only posted version)",REVIEW,,,no,queue row records no amendment on the Lead Agency page; whether an amendment has since been approved is unverified
us-va,ccdf-s29,federal_with_state_option,state regulation/manual for the subsidy program (CCAP/CCS/ERDC/Wisconsin Shares etc.),REVIEW,,,yes,no selected scope carries the state's child-care subsidy rulebook (heading scan of the selected TANF/combined scope 2026-09-12 found no subsidy chapter) and no queue row inventoried it
us-va,ccdf-s30,federal_with_state_option,state rate schedules / MRS sheets / transmittals (state-published),EXTRACTABLE,,,yes,"2020 market rate survey and alternative rate methodology report listed, not taken (run-note inventory)"
us-vt,ccdf-s01,federal_with_state_option,CCDF state plan 1.1-1.2,PRESENT,us-vt/policy/2026-09-10-ccdf-plan-fy2025-2027,us-vt/policy/acf/ccdf-plan/fy2025-2027/1.1,no,plan section '1.1 CCDF Leadership' | a joint interagency office to represent the State or Territory as the Lead Agency. The Lead Agency agrees to administer the program in accordance with
us-vt,ccdf-s02,federal_with_state_option,CCDF state plan 2.2.1,PRESENT,us-vt/policy/2026-09-10-ccdf-plan-fy2025-2027,us-vt/policy/acf/ccdf-plan/fy2025-2027/2.2,yes,"plan section '2.2 Eligible Children and Families' | At eligibility determination or redetermination, children must (1) be younger than age 13; (2) reside with a family whose income does not exceed 85 percent of"
us-vt,ccdf-s03,federal_with_state_option,CCDF state plan 2.2.2,PRESENT,us-vt/policy/2026-09-10-ccdf-plan-fy2025-2027,us-vt/policy/acf/ccdf-plan/fy2025-2027/2.2,partial,"plan section '2.2 Eligible Children and Families' | or attending a job training or educational program (which can include job search) or (b) receive, or need to receive, protective services as defined b"
us-vt,ccdf-s04,federal_with_state_option,CCDF state plan 2.2.3-2.2.4,PRESENT,us-vt/policy/2026-09-10-ccdf-plan-fy2025-2027,us-vt/policy/acf/ccdf-plan/fy2025-2027/2.2,yes,plan section '2.2 Eligible Children and Families' | ] No. [x] Yes. 2.2.3 Eligibility criteria: deciding entity on family income limits How are income eligibility limits established? [x] There is a statewi
us-vt,ccdf-s05,federal_with_state_option,CCDF state plan 2.5.5,PRESENT,us-vt/policy/2026-09-10-ccdf-plan-fy2025-2027,us-vt/policy/acf/ccdf-plan/fy2025-2027/2.5,yes,plan section '2.5 Promoting Continuity of Care' | gency’s income eligibility threshold but not the federal threshold of 85 percent of SMI; and • Regardless of temporary changes in participation in wor
us-vt,ccdf-s06,federal_with_state_option,CCDF state plan 2.2.6,PRESENT,us-vt/policy/2026-09-10-ccdf-plan-fy2025-2027,us-vt/policy/acf/ccdf-plan/fy2025-2027/2.2,partial,"plan section '2.2 Eligible Children and Families' | ) for a family of the same size and whose family assets do not exceed $1,000,000; and (3)(a) reside with a parent or parents who are working or attend"
us-vt,ccdf-s07,federal_with_state_option,CCDF state plan 2.2.5,PRESENT,us-vt/policy/2026-09-10-ccdf-plan-fy2025-2027,us-vt/policy/acf/ccdf-plan/fy2025-2027/2.2,yes,plan section '2.2 Eligible Children and Families' | Income- Guidelines-Effective-April-2024.pdf 2.2.5 Income eligibility: irregular fluctuations in earnings Lead Agencies must take into account irregular fluctuati
us-vt,ccdf-s08,federal_with_state_option,CCDF state plan 2.2.7,PRESENT,us-vt/policy/2026-09-10-ccdf-plan-fy2025-2027,us-vt/policy/acf/ccdf-plan/fy2025-2027/2.2,partial,"plan section '2.2 Eligible Children and Families' | ion or redetermination, children must (1) be younger than age 13; (2) reside with a family whose income does not exceed 85 percent of the State's"
us-vt,ccdf-s09,federal_with_state_option,CCDF state plan 2.2 / 2.3,PRESENT,us-vt/policy/2026-09-10-ccdf-plan-fy2025-2027,us-vt/policy/acf/ccdf-plan/fy2025-2027/2.2,no,"plan section '2.2 Eligible Children and Families' | am (which can include job search) or (b) receive, or need to receive, protective services as defined by the Lead Agency. 2.2.1 Eligibility criteria: age of chi"
us-vt,ccdf-s10,federal_with_state_option,CCDF state plan 2.3.1-2.3.3,PRESENT,us-vt/policy/2026-09-10-ccdf-plan-fy2025-2027,us-vt/policy/acf/ccdf-plan/fy2025-2027/2.3,no,"plan section '2.3 Prioritizing Services for Vulnerable Children and Famili' | Lead Agencies must give priority for child care assistance to children with special needs, families w"
us-vt,ccdf-s11,federal_with_state_option,CCDF state plan 2.5.2,PRESENT,us-vt/policy/2026-09-10-ccdf-plan-fy2025-2027,us-vt/policy/acf/ccdf-plan/fy2025-2027/2.5,no,"plan section '2.5 Promoting Continuity of Care' | are when authorizing child care services and must establish a minimum 12-month period for each child, both at the initial eligibility determination"
us-vt,ccdf-s12,federal_with_state_option,CCDF state plan 2.5.3,PRESENT,us-vt/policy/2026-09-10-ccdf-plan-fy2025-2027,us-vt/policy/acf/ccdf-plan/fy2025-2027/2.5,no,"plan section '2.5 Promoting Continuity of Care' | d above. In these cases only, Lead Agencies may establish a period of 3 months or longer. 6. Any change in age, including a child turning 13 years o"
us-vt,ccdf-s13,federal_with_state_option,CCDF state plan 2.5.4,PRESENT,us-vt/policy/2026-09-10-ccdf-plan-fy2025-2027,us-vt/policy/acf/ccdf-plan/fy2025-2027/2.5,no,"plan section '2.5 Promoting Continuity of Care' | families retaining eligibility. This requirement is: • Regardless of changes in income, Lead Agencies may not terminate CCDF assistance during the minimum 1"
us-vt,ccdf-s14,federal_with_state_option,CCDF state plan 2.1 / 2.5,PRESENT,us-vt/policy/2026-09-10-ccdf-plan-fy2025-2027,us-vt/policy/acf/ccdf-plan/fy2025-2027/2.1,no,plan section '2.1 Reducing Barriers to Family Enrollment and Redeterminati' | l that apply and describe those elements checked. i. [ ] Establishing presumptive eligibility while eligibility is being determined. Describe the polic
us-vt,ccdf-s15,federal_with_state_option,CCDF state plan 3.1.1-3.1.2 (fee table),PRESENT,us-vt/policy/2026-09-10-ccdf-plan-fy2025-2027,us-vt/policy/acf/ccdf-plan/fy2025-2027/3.1,yes,plan section '3.1 Family Co-payments' | Lead Agencies must establish and periodically revise a sliding-fee scale for families receiving CCDF services that varies based on income and
us-vt,ccdf-s16,federal_with_state_option,CCDF state plan 3.2.1,PRESENT,us-vt/policy/2026-09-10-ccdf-plan-fy2025-2027,us-vt/policy/acf/ccdf-plan/fy2025-2027/3.2,yes,"plan section '3.2 Calculation of Co-Payment' | Lead agencies must calculate a family’s contribution (or co-payment), taking into account income and family size, and Lead"
us-vt,ccdf-s17,federal_with_state_option,CCDF state plan 3.3.1,PRESENT,us-vt/policy/2026-09-10-ccdf-plan-fy2025-2027,us-vt/policy/acf/ccdf-plan/fy2025-2027/3.3,partial,plan section '3.3 Waiving Family Co-payment' | 3.3.1 Waiving family co-payment The Lead Agency may waive family contributions/c
us-vt,ccdf-s18,federal_with_state_option,CCDF state plan 4.1.1,PRESENT,us-vt/policy/2026-09-10-ccdf-plan-fy2025-2027,us-vt/policy/acf/ccdf-plan/fy2025-2027/4.1,partial,plan section '4.1 Access to Full Range of Provider Options' | rs and offer assistance with child care services through a child care certificate (or voucher) or with a child care provider that has a grant or contra
us-vt,ccdf-s19,federal_with_state_option,CCDF state plan 4.2,PRESENT,us-vt/policy/2026-09-10-ccdf-plan-fy2025-2027,us-vt/policy/acf/ccdf-plan/fy2025-2027/4.2,no,plan section '4.2 Assess Market Rates and Analyze the Cost of Child Care' | y valid and reliable data and have the option to conduct either a (1) market rate survey (MRS) reflecting variations in the price to parents of child care ser
us-vt,ccdf-s20,federal_with_state_option,CCDF state plan 4.3.1-4.3.2 (rate tables as of plan date),PRESENT,us-vt/policy/2026-09-10-ccdf-plan-fy2025-2027,us-vt/policy/acf/ccdf-plan/fy2025-2027/4.3,yes,plan section '4.3 Adequate Payment Rates' | The Lead Agency must set CCDF subsidy payment rates in accordance with the results of the current MRS or ACF pre-approved
us-vt,ccdf-s21,federal_with_state_option,CCDF state plan 4.3.3,PRESENT,us-vt/policy/2026-09-10-ccdf-plan-fy2025-2027,us-vt/policy/acf/ccdf-plan/fy2025-2027/4.3,partial,"plan section '4.3 Adequate Payment Rates' | rates below. Base rates are the lowest, foundational rates before any differentials are added (e.g., for higher quality or other purposes) and must be s"
us-vt,ccdf-s22,federal_with_state_option,CCDF state plan 4.4.1-4.4.3,PRESENT,us-vt/policy/2026-09-10-ccdf-plan-fy2025-2027,us-vt/policy/acf/ccdf-plan/fy2025-2027/4.4,no,"plan section '4.4 Payment Practices to Providers' | cost of child care services based on paying by the child’s authorized enrollment, or if impracticable, an alternative approach that will not undermine"
us-vt,ccdf-s23,federal_with_state_option,CCDF state plan section 5,PRESENT,us-vt/policy/2026-09-10-ccdf-plan-fy2025-2027,us-vt/policy/acf/ccdf-plan/fy2025-2027/5.1,no,plan section '5.1 Licensing Requirements' | Each Lead Agency must ensure it has in effect licensing requirements applicable to all child care services provided within
us-vt,ccdf-s24,federal_with_state_option,CCDF state plan 2.2.9,PRESENT,us-vt/policy/2026-09-10-ccdf-plan-fy2025-2027,us-vt/policy/acf/ccdf-plan/fy2025-2027/2.2,no,"plan section '2.2 Eligible Children and Families' | adoption agreements, Reach Up participation, foster care, etc. 2.2.9 Exception to TANF work requirements Lead Agencies must ensure that families with young children participa"
us-vt,ccdf-s25,federal_with_state_option,CCDF state plan 10.1-10.2,PRESENT,us-vt/policy/2026-09-10-ccdf-plan-fy2025-2027,us-vt/policy/acf/ccdf-plan/fy2025-2027/10.2,no,"plan section '10.2 Fraud Investigation, Payment Recovery, and Sanctions' | Lead Agencies must have the necessary controls to identify fraud and other program violations to ensure program integrity. Program vio"
us-vt,ccdf-s26,federal_with_state_option,CCDF state plan (Lead Agency publication reached via the ACF index),PRESENT,us-vt/policy/2026-09-10-ccdf-plan-fy2025-2027,us-vt/policy/acf/ccdf-plan/fy2025-2027,no,"plan root + 41 subsections; plan status: Approved as of 2024-11-09 ('CCDF-Plan-2025-2027-Approved'; the PDF answered HTTP 200 on retry 2 2026-09-10T21:35Z from a US network after HTTP 403 on the first two passes; the plan embeds Vermont's child care licensing rules inside section 5.3, whose numbered rule headings (5.3, 5.6, 9.1-9.4, 13.1) collide with the preprint labels, so the section pattern is restricted to the 41 preprint headings)"
us-vt,ccdf-s27,federal_with_state_option,"ACF-hosted Appendix PDF on the FY 2025-2027 index (51 listed, 0 taken)",EXTRACTABLE,,,no,"ACF-hosted Appendix 1 PDF listed on acf.gov/occ/form/approved-ccdf-plans-fy-2025-2027 for all 50 states + DC (51 listed, 0 taken; run note 'Appendix family not taken')"
us-vt,ccdf-s28,federal_with_state_option,"amended plans posted on Lead Agency pages (inventoried, not taken except where the only posted version)",EXTRACTABLE,,,no,"Amendment 1 approval letter posted separately (Lead Agency page, queue row)"
us-vt,ccdf-s29,federal_with_state_option,state regulation/manual for the subsidy program (CCAP/CCS/ERDC/Wisconsin Shares etc.),EXTRACTABLE,,,yes,Vermont CCFAP rules (CDD) are separate from the ESD rules taken; the DCF CDD page was inventoried for the plan only
us-vt,ccdf-s30,federal_with_state_option,state rate schedules / MRS sheets / transmittals (state-published),EXTRACTABLE,,,yes,"Child Care Market Rate Survey 2024 listed, not taken (run-note inventory)"
us-wa,ccdf-s01,federal_with_state_option,CCDF state plan 1.1-1.2,PRESENT,us-wa/policy/2026-09-10-ccdf-plan-fy2025-2027,us-wa/policy/acf/ccdf-plan/fy2025-2027/1.1,no,plan section '1.1 CCDF Leadership' | a joint interagency office to represent the State or Territory as the Lead Agency. The Lead Agency agrees to administer the program in accordance with
us-wa,ccdf-s02,federal_with_state_option,CCDF state plan 2.2.1,PRESENT,us-wa/policy/2026-09-10-ccdf-plan-fy2025-2027,us-wa/policy/acf/ccdf-plan/fy2025-2027/2.2,yes,"plan section '2.2 Eligible Children and Families' | At eligibility determination or redetermination, children must (1) be younger than age 13; (2) reside with a family whose income does not exceed 85 percent of"
us-wa,ccdf-s03,federal_with_state_option,CCDF state plan 2.2.2,PRESENT,us-wa/policy/2026-09-10-ccdf-plan-fy2025-2027,us-wa/policy/acf/ccdf-plan/fy2025-2027/2.2,partial,"plan section '2.2 Eligible Children and Families' | or attending a job training or educational program (which can include job search) or (b) receive, or need to receive, protective services as defined b"
us-wa,ccdf-s04,federal_with_state_option,CCDF state plan 2.2.3-2.2.4,PRESENT,us-wa/policy/2026-09-10-ccdf-plan-fy2025-2027,us-wa/policy/acf/ccdf-plan/fy2025-2027/2.2,yes,plan section '2.2 Eligible Children and Families' | x] No. [ ] Yes. 2.2.3 Eligibility criteria: deciding entity on family income limits How are income eligibility limits established? [x] There is a statewi
us-wa,ccdf-s05,federal_with_state_option,CCDF state plan 2.5.5,PRESENT,us-wa/policy/2026-09-10-ccdf-plan-fy2025-2027,us-wa/policy/acf/ccdf-plan/fy2025-2027/2.5,yes,plan section '2.5 Promoting Continuity of Care' | gency’s income eligibility threshold but not the federal threshold of 85 percent of SMI; and • Regardless of temporary changes in participation in wor
us-wa,ccdf-s06,federal_with_state_option,CCDF state plan 2.2.6,PRESENT,us-wa/policy/2026-09-10-ccdf-plan-fy2025-2027,us-wa/policy/acf/ccdf-plan/fy2025-2027/2.2,partial,"plan section '2.2 Eligible Children and Families' | ) for a family of the same size and whose family assets do not exceed $1,000,000; and (3)(a) reside with a parent or parents who are working or attend"
us-wa,ccdf-s07,federal_with_state_option,CCDF state plan 2.2.5,PRESENT,us-wa/policy/2026-09-10-ccdf-plan-fy2025-2027,us-wa/policy/acf/ccdf-plan/fy2025-2027/2.2,yes,plan section '2.2 Eligible Children and Families' | fault/files/pdf/copay_calculation_table.pdf 2.2.5 Income eligibility: irregular fluctuations in earnings Lead Agencies must take into account irregular fluctuati
us-wa,ccdf-s08,federal_with_state_option,CCDF state plan 2.2.7,PRESENT,us-wa/policy/2026-09-10-ccdf-plan-fy2025-2027,us-wa/policy/acf/ccdf-plan/fy2025-2027/2.2,partial,"plan section '2.2 Eligible Children and Families' | ion or redetermination, children must (1) be younger than age 13; (2) reside with a family whose income does not exceed 85 percent of the State's"
us-wa,ccdf-s09,federal_with_state_option,CCDF state plan 2.2 / 2.3,PRESENT,us-wa/policy/2026-09-10-ccdf-plan-fy2025-2027,us-wa/policy/acf/ccdf-plan/fy2025-2027/2.2,no,"plan section '2.2 Eligible Children and Families' | am (which can include job search) or (b) receive, or need to receive, protective services as defined by the Lead Agency. 2.2.1 Eligibility criteria: age of chi"
us-wa,ccdf-s10,federal_with_state_option,CCDF state plan 2.3.1-2.3.3,PRESENT,us-wa/policy/2026-09-10-ccdf-plan-fy2025-2027,us-wa/policy/acf/ccdf-plan/fy2025-2027/2.3,no,"plan section '2.3 Prioritizing Services for Vulnerable Children and Famili' | Lead Agencies must give priority for child care assistance to children with special needs, families w"
us-wa,ccdf-s11,federal_with_state_option,CCDF state plan 2.5.2,PRESENT,us-wa/policy/2026-09-10-ccdf-plan-fy2025-2027,us-wa/policy/acf/ccdf-plan/fy2025-2027/2.5,no,"plan section '2.5 Promoting Continuity of Care' | are when authorizing child care services and must establish a minimum 12-month period for each child, both at the initial eligibility determination"
us-wa,ccdf-s12,federal_with_state_option,CCDF state plan 2.5.3,PRESENT,us-wa/policy/2026-09-10-ccdf-plan-fy2025-2027,us-wa/policy/acf/ccdf-plan/fy2025-2027/2.5,no,"plan section '2.5 Promoting Continuity of Care' | d above. In these cases only, Lead Agencies may establish a period of 3 months or longer. 6. Any change in age, including a child turning 13 years o"
us-wa,ccdf-s13,federal_with_state_option,CCDF state plan 2.5.4,PRESENT,us-wa/policy/2026-09-10-ccdf-plan-fy2025-2027,us-wa/policy/acf/ccdf-plan/fy2025-2027/2.5,no,"plan section '2.5 Promoting Continuity of Care' | families retaining eligibility. This requirement is: • Regardless of changes in income, Lead Agencies may not terminate CCDF assistance during the minimum 1"
us-wa,ccdf-s14,federal_with_state_option,CCDF state plan 2.1 / 2.5,PRESENT,us-wa/policy/2026-09-10-ccdf-plan-fy2025-2027,us-wa/policy/acf/ccdf-plan/fy2025-2027/2.1,no,plan section '2.1 Reducing Barriers to Family Enrollment and Redeterminati' | l that apply and describe those elements checked. i. [x] Establishing presumptive eligibility while eligibility is being determined. Describe the polic
us-wa,ccdf-s15,federal_with_state_option,CCDF state plan 3.1.1-3.1.2 (fee table),PRESENT,us-wa/policy/2026-09-10-ccdf-plan-fy2025-2027,us-wa/policy/acf/ccdf-plan/fy2025-2027/3.1,yes,plan section '3.1 Family Co-payments' | Lead Agencies must establish and periodically revise a sliding-fee scale for families receiving CCDF services that varies based on income and
us-wa,ccdf-s16,federal_with_state_option,CCDF state plan 3.2.1,PRESENT,us-wa/policy/2026-09-10-ccdf-plan-fy2025-2027,us-wa/policy/acf/ccdf-plan/fy2025-2027/3.2,yes,"plan section '3.2 Calculation of Co-Payment' | Lead agencies must calculate a family’s contribution (or co-payment), taking into account income and family size, and Lead"
us-wa,ccdf-s17,federal_with_state_option,CCDF state plan 3.3.1,PRESENT,us-wa/policy/2026-09-10-ccdf-plan-fy2025-2027,us-wa/policy/acf/ccdf-plan/fy2025-2027/3.3,partial,plan section '3.3 Waiving Family Co-payment' | 3.3.1 Waiving family co-payment The Lead Agency may waive family contributions/c
us-wa,ccdf-s18,federal_with_state_option,CCDF state plan 4.1.1,PRESENT,us-wa/policy/2026-09-10-ccdf-plan-fy2025-2027,us-wa/policy/acf/ccdf-plan/fy2025-2027/4.1,partial,plan section '4.1 Access to Full Range of Provider Options' | rs and offer assistance with child care services through a child care certificate (or voucher) or with a child care provider that has a grant or contra
us-wa,ccdf-s19,federal_with_state_option,CCDF state plan 4.2,PRESENT,us-wa/policy/2026-09-10-ccdf-plan-fy2025-2027,us-wa/policy/acf/ccdf-plan/fy2025-2027/4.2,no,plan section '4.2 Assess Market Rates and Analyze the Cost of Child Care' | y valid and reliable data and have the option to conduct either a (1) market rate survey (MRS) reflecting variations in the price to parents of child care ser
us-wa,ccdf-s20,federal_with_state_option,CCDF state plan 4.3.1-4.3.2 (rate tables as of plan date),PRESENT,us-wa/policy/2026-09-10-ccdf-plan-fy2025-2027,us-wa/policy/acf/ccdf-plan/fy2025-2027/4.3,yes,plan section '4.3 Adequate Payment Rates' | The Lead Agency must set CCDF subsidy payment rates in accordance with the results of the current MRS or ACF pre-approved
us-wa,ccdf-s21,federal_with_state_option,CCDF state plan 4.3.3,PRESENT,us-wa/policy/2026-09-10-ccdf-plan-fy2025-2027,us-wa/policy/acf/ccdf-plan/fy2025-2027/4.3,partial,"plan section '4.3 Adequate Payment Rates' | rates below. Base rates are the lowest, foundational rates before any differentials are added (e.g., for higher quality or other purposes) and must be s"
us-wa,ccdf-s22,federal_with_state_option,CCDF state plan 4.4.1-4.4.3,PRESENT,us-wa/policy/2026-09-10-ccdf-plan-fy2025-2027,us-wa/policy/acf/ccdf-plan/fy2025-2027/4.4,no,"plan section '4.4 Payment Practices to Providers' | cost of child care services based on paying by the child’s authorized enrollment, or if impracticable, an alternative approach that will not undermine"
us-wa,ccdf-s23,federal_with_state_option,CCDF state plan section 5,PRESENT,us-wa/policy/2026-09-10-ccdf-plan-fy2025-2027,us-wa/policy/acf/ccdf-plan/fy2025-2027/5.1,no,plan section '5.1 Licensing Requirements' | Each Lead Agency must ensure it has in effect licensing requirements applicable to all child care services provided within
us-wa,ccdf-s24,federal_with_state_option,CCDF state plan 2.2.9,PRESENT,us-wa/policy/2026-09-10-ccdf-plan-fy2025-2027,us-wa/policy/acf/ccdf-plan/fy2025-2027/2.2,no,plan section '2.2 Eligible Children and Families' | landlord statement. [ ] [ ] Other. Describe how you verify: NA 2.2.9 Exception to TANF work requirements Lead Agencies must ensure that families with young children participa
us-wa,ccdf-s25,federal_with_state_option,CCDF state plan 10.1-10.2,PRESENT,us-wa/policy/2026-09-10-ccdf-plan-fy2025-2027,us-wa/policy/acf/ccdf-plan/fy2025-2027/10.2,no,"plan section '10.2 Fraud Investigation, Payment Recovery, and Sanctions' | Lead Agencies must have the necessary controls to identify fraud and other program violations to ensure program integrity. Program vio"
us-wa,ccdf-s26,federal_with_state_option,CCDF state plan (Lead Agency publication reached via the ACF index),PRESENT,us-wa/policy/2026-09-10-ccdf-plan-fy2025-2027,us-wa/policy/acf/ccdf-plan/fy2025-2027,no,"plan root + 41 subsections; plan status: Certified as of 2024-09-25 ('2025-2027 CCDF Plan'; Amendment 1 posted separately, not taken)"
us-wa,ccdf-s27,federal_with_state_option,"ACF-hosted Appendix PDF on the FY 2025-2027 index (51 listed, 0 taken)",EXTRACTABLE,,,no,"ACF-hosted Appendix 1 PDF listed on acf.gov/occ/form/approved-ccdf-plans-fy-2025-2027 for all 50 states + DC (51 listed, 0 taken; run note 'Appendix family not taken')"
us-wa,ccdf-s28,federal_with_state_option,"amended plans posted on Lead Agency pages (inventoried, not taken except where the only posted version)",EXTRACTABLE,,,no,"Amendment 1 posted separately (Lead Agency page, queue row)"
us-wa,ccdf-s29,federal_with_state_option,state regulation/manual for the subsidy program (CCAP/CCS/ERDC/Wisconsin Shares etc.),REVIEW,,,yes,no selected scope carries the state's child-care subsidy rulebook (heading scan of the selected TANF/combined scope 2026-09-12 found no subsidy chapter) and no queue row inventoried it
us-wa,ccdf-s30,federal_with_state_option,state rate schedules / MRS sheets / transmittals (state-published),REVIEW,,,yes,current rate/copay schedule family not inventoried for this state; the plan carries the values as of its submission only
us-wi,ccdf-s01,federal_with_state_option,CCDF state plan 1.1-1.2,PRESENT,us-wi/policy/2026-09-10-ccdf-plan-fy2025-2027,us-wi/policy/acf/ccdf-plan/fy2025-2027/1.1,no,plan section '1.1 CCDF Leadership' | a joint interagency office to represent the State or Territory as the Lead Agency. The Lead Agency agrees to administer the program in accordance with
us-wi,ccdf-s02,federal_with_state_option,CCDF state plan 2.2.1,PRESENT,us-wi/policy/2026-09-10-ccdf-plan-fy2025-2027,us-wi/policy/acf/ccdf-plan/fy2025-2027/2.2,yes,"plan section '2.2 Eligible Children and Families' | At eligibility determination or redetermination, children must (1) be younger than age 13; (2) reside with a family whose income does not exceed 85 percent of"
us-wi,ccdf-s03,federal_with_state_option,CCDF state plan 2.2.2,PRESENT,us-wi/policy/2026-09-10-ccdf-plan-fy2025-2027,us-wi/policy/acf/ccdf-plan/fy2025-2027/2.2,partial,"plan section '2.2 Eligible Children and Families' | or attending a job training or educational program (which can include job search) or (b) receive, or need to receive, protective services as defined b"
us-wi,ccdf-s04,federal_with_state_option,CCDF state plan 2.2.3-2.2.4,PRESENT,us-wi/policy/2026-09-10-ccdf-plan-fy2025-2027,us-wi/policy/acf/ccdf-plan/fy2025-2027/2.2,yes,plan section '2.2 Eligible Children and Families' | ] No. [ ] Yes. 2.2.3 Eligibility criteria: deciding entity on family income limits How are income eligibility limits established? [x] There is a statewi
us-wi,ccdf-s05,federal_with_state_option,CCDF state plan 2.5.5,PRESENT,us-wi/policy/2026-09-10-ccdf-plan-fy2025-2027,us-wi/policy/acf/ccdf-plan/fy2025-2027/2.5,yes,plan section '2.5 Promoting Continuity of Care' | gency’s income eligibility threshold but not the federal threshold of 85 percent of SMI; and • Regardless of temporary changes in participation in wor
us-wi,ccdf-s06,federal_with_state_option,CCDF state plan 2.2.6,PRESENT,us-wi/policy/2026-09-10-ccdf-plan-fy2025-2027,us-wi/policy/acf/ccdf-plan/fy2025-2027/2.2,partial,"plan section '2.2 Eligible Children and Families' | ) for a family of the same size and whose family assets do not exceed $1,000,000; and (3)(a) reside with a parent or parents who are working or attend"
us-wi,ccdf-s07,federal_with_state_option,CCDF state plan 2.2.5,PRESENT,us-wi/policy/2026-09-10-ccdf-plan-fy2025-2027,us-wi/policy/acf/ccdf-plan/fy2025-2027/2.2,yes,plan section '2.2 Eligible Children and Families' | nd 6.1.2 Ongoing Eligibility Income Limit). 2.2.5 Income eligibility: irregular fluctuations in earnings Lead Agencies must take into account irregular fluctuati
us-wi,ccdf-s08,federal_with_state_option,CCDF state plan 2.2.7,PRESENT,us-wi/policy/2026-09-10-ccdf-plan-fy2025-2027,us-wi/policy/acf/ccdf-plan/fy2025-2027/2.2,partial,"plan section '2.2 Eligible Children and Families' | ion or redetermination, children must (1) be younger than age 13; (2) reside with a family whose income does not exceed 85 percent of the State's"
us-wi,ccdf-s09,federal_with_state_option,CCDF state plan 2.2 / 2.3,PRESENT,us-wi/policy/2026-09-10-ccdf-plan-fy2025-2027,us-wi/policy/acf/ccdf-plan/fy2025-2027/2.2,no,"plan section '2.2 Eligible Children and Families' | am (which can include job search) or (b) receive, or need to receive, protective services as defined by the Lead Agency. 2.2.1 Eligibility criteria: age of chi"
us-wi,ccdf-s10,federal_with_state_option,CCDF state plan 2.3.1-2.3.3,PRESENT,us-wi/policy/2026-09-10-ccdf-plan-fy2025-2027,us-wi/policy/acf/ccdf-plan/fy2025-2027/2.3,no,"plan section '2.3 Prioritizing Services for Vulnerable Children and Famili' | Lead Agencies must give priority for child care assistance to children with special needs, families w"
us-wi,ccdf-s11,federal_with_state_option,CCDF state plan 2.5.2,PRESENT,us-wi/policy/2026-09-10-ccdf-plan-fy2025-2027,us-wi/policy/acf/ccdf-plan/fy2025-2027/2.5,no,"plan section '2.5 Promoting Continuity of Care' | are when authorizing child care services and must establish a minimum 12-month period for each child, both at the initial eligibility determination"
us-wi,ccdf-s12,federal_with_state_option,CCDF state plan 2.5.3,PRESENT,us-wi/policy/2026-09-10-ccdf-plan-fy2025-2027,us-wi/policy/acf/ccdf-plan/fy2025-2027/2.5,no,"plan section '2.5 Promoting Continuity of Care' | d above. In these cases only, Lead Agencies may establish a period of 3 months or longer. 6. Any change in age, including a child turning 13 years o"
us-wi,ccdf-s13,federal_with_state_option,CCDF state plan 2.5.4,PRESENT,us-wi/policy/2026-09-10-ccdf-plan-fy2025-2027,us-wi/policy/acf/ccdf-plan/fy2025-2027/2.5,no,"plan section '2.5 Promoting Continuity of Care' | families retaining eligibility. This requirement is: • Regardless of changes in income, Lead Agencies may not terminate CCDF assistance during the minimum 1"
us-wi,ccdf-s14,federal_with_state_option,CCDF state plan 2.1 / 2.5,PRESENT,us-wi/policy/2026-09-10-ccdf-plan-fy2025-2027,us-wi/policy/acf/ccdf-plan/fy2025-2027/2.1,no,plan section '2.1 Reducing Barriers to Family Enrollment and Redeterminati' | l that apply and describe those elements checked. i. [ ] Establishing presumptive eligibility while eligibility is being determined. Describe the polic
us-wi,ccdf-s15,federal_with_state_option,CCDF state plan 3.1.1-3.1.2 (fee table),PRESENT,us-wi/policy/2026-09-10-ccdf-plan-fy2025-2027,us-wi/policy/acf/ccdf-plan/fy2025-2027/3.1,yes,plan section '3.1 Family Co-payments' | Lead Agencies must establish and periodically revise a sliding-fee scale for families receiving CCDF services that varies based on income and
us-wi,ccdf-s16,federal_with_state_option,CCDF state plan 3.2.1,PRESENT,us-wi/policy/2026-09-10-ccdf-plan-fy2025-2027,us-wi/policy/acf/ccdf-plan/fy2025-2027/3.2,yes,"plan section '3.2 Calculation of Co-Payment' | Lead agencies must calculate a family’s contribution (or co-payment), taking into account income and family size, and Lead"
us-wi,ccdf-s17,federal_with_state_option,CCDF state plan 3.3.1,PRESENT,us-wi/policy/2026-09-10-ccdf-plan-fy2025-2027,us-wi/policy/acf/ccdf-plan/fy2025-2027/3.3,partial,plan section '3.3 Waiving Family Co-payment' | 3.3.1 Waiving family co-payment The Lead Agency may waive family contributions/c
us-wi,ccdf-s18,federal_with_state_option,CCDF state plan 4.1.1,PRESENT,us-wi/policy/2026-09-10-ccdf-plan-fy2025-2027,us-wi/policy/acf/ccdf-plan/fy2025-2027/4.1,partial,plan section '4.1 Access to Full Range of Provider Options' | rs and offer assistance with child care services through a child care certificate (or voucher) or with a child care provider that has a grant or contra
us-wi,ccdf-s19,federal_with_state_option,CCDF state plan 4.2,PRESENT,us-wi/policy/2026-09-10-ccdf-plan-fy2025-2027,us-wi/policy/acf/ccdf-plan/fy2025-2027/4.2,no,plan section '4.2 Assess Market Rates and Analyze the Cost of Child Care' | y valid and reliable data and have the option to conduct either a (1) market rate survey (MRS) reflecting variations in the price to parents of child care ser
us-wi,ccdf-s20,federal_with_state_option,CCDF state plan 4.3.1-4.3.2 (rate tables as of plan date),PRESENT,us-wi/policy/2026-09-10-ccdf-plan-fy2025-2027,us-wi/policy/acf/ccdf-plan/fy2025-2027/4.3,yes,plan section '4.3 Adequate Payment Rates' | The Lead Agency must set CCDF subsidy payment rates in accordance with the results of the current MRS or ACF pre-approved
us-wi,ccdf-s21,federal_with_state_option,CCDF state plan 4.3.3,PRESENT,us-wi/policy/2026-09-10-ccdf-plan-fy2025-2027,us-wi/policy/acf/ccdf-plan/fy2025-2027/4.3,partial,"plan section '4.3 Adequate Payment Rates' | rates below. Base rates are the lowest, foundational rates before any differentials are added (e.g., for higher quality or other purposes) and must be s"
us-wi,ccdf-s22,federal_with_state_option,CCDF state plan 4.4.1-4.4.3,PRESENT,us-wi/policy/2026-09-10-ccdf-plan-fy2025-2027,us-wi/policy/acf/ccdf-plan/fy2025-2027/4.4,no,"plan section '4.4 Payment Practices to Providers' | cost of child care services based on paying by the child’s authorized enrollment, or if impracticable, an alternative approach that will not undermine"
us-wi,ccdf-s23,federal_with_state_option,CCDF state plan section 5,PRESENT,us-wi/policy/2026-09-10-ccdf-plan-fy2025-2027,us-wi/policy/acf/ccdf-plan/fy2025-2027/5.1,no,plan section '5.1 Licensing Requirements' | Each Lead Agency must ensure it has in effect licensing requirements applicable to all child care services provided within
us-wi,ccdf-s24,federal_with_state_option,CCDF state plan 2.2.9,PRESENT,us-wi/policy/2026-09-10-ccdf-plan-fy2025-2027,us-wi/policy/acf/ccdf-plan/fy2025-2027/2.2,no,plan section '2.2 Eligible Children and Families' | ility or the need for child care within ten days of the change. 2.2.9 Exception to TANF work requirements Lead Agencies must ensure that families with young children participa
us-wi,ccdf-s25,federal_with_state_option,CCDF state plan 10.1-10.2,PRESENT,us-wi/policy/2026-09-10-ccdf-plan-fy2025-2027,us-wi/policy/acf/ccdf-plan/fy2025-2027/10.2,no,"plan section '10.2 Fraud Investigation, Payment Recovery, and Sanctions' | Lead Agencies must have the necessary controls to identify fraud and other program violations to ensure program integrity. Program vio"
us-wi,ccdf-s26,federal_with_state_option,CCDF state plan (Lead Agency publication reached via the ACF index),PRESENT,us-wi/policy/2026-09-10-ccdf-plan-fy2025-2027,us-wi/policy/acf/ccdf-plan/fy2025-2027,no,"plan root + 41 subsections; plan status: Approved as of 2024-11-09 (file name says draft-10-2024; content is the approved print, linked directly from the ACF index)"
us-wi,ccdf-s27,federal_with_state_option,"ACF-hosted Appendix PDF on the FY 2025-2027 index (51 listed, 0 taken)",EXTRACTABLE,,,no,"ACF-hosted Appendix 1 PDF listed on acf.gov/occ/form/approved-ccdf-plans-fy-2025-2027 for all 50 states + DC (51 listed, 0 taken; run note 'Appendix family not taken')"
us-wi,ccdf-s28,federal_with_state_option,"amended plans posted on Lead Agency pages (inventoried, not taken except where the only posted version)",REVIEW,,,no,queue row records no amendment on the Lead Agency page; whether an amendment has since been approved is unverified
us-wi,ccdf-s29,federal_with_state_option,state regulation/manual for the subsidy program (CCAP/CCS/ERDC/Wisconsin Shares etc.),EXTRACTABLE,,,yes,Wisconsin Shares Child Care Subsidy Policy Manual is a separate DCF manual (the W-2 manual only references Wisconsin Shares participation); not inventoried by the queue
us-wi,ccdf-s30,federal_with_state_option,state rate schedules / MRS sheets / transmittals (state-published),REVIEW,,,yes,current rate/copay schedule family not inventoried for this state; the plan carries the values as of its submission only
us-wv,ccdf-s01,federal_with_state_option,CCDF state plan 1.1-1.2,PRESENT,us-wv/policy/2026-09-10-ccdf-plan-fy2025-2027,us-wv/policy/acf/ccdf-plan/fy2025-2027/1.1,no,plan section '1.1 CCDF Leadership' | a joint interagency office to represent the State or Territory as the Lead Agency. The Lead Agency agrees to administer the program in accordance with
us-wv,ccdf-s02,federal_with_state_option,CCDF state plan 2.2.1,PRESENT,us-wv/policy/2026-09-10-ccdf-plan-fy2025-2027,us-wv/policy/acf/ccdf-plan/fy2025-2027/2.2,yes,"plan section '2.2 Eligible Children and Families' | At eligibility determination or redetermination, children must (1) be younger than age 13; (2) reside with a family whose income does not exceed 85 percent of"
us-wv,ccdf-s03,federal_with_state_option,CCDF state plan 2.2.2,PRESENT,us-wv/policy/2026-09-10-ccdf-plan-fy2025-2027,us-wv/policy/acf/ccdf-plan/fy2025-2027/2.2,partial,"plan section '2.2 Eligible Children and Families' | or attending a job training or educational program (which can include job search) or (b) receive, or need to receive, protective services as defined b"
us-wv,ccdf-s04,federal_with_state_option,CCDF state plan 2.2.3-2.2.4,PRESENT,us-wv/policy/2026-09-10-ccdf-plan-fy2025-2027,us-wv/policy/acf/ccdf-plan/fy2025-2027/2.2,yes,plan section '2.2 Eligible Children and Families' | ] No. [ ] Yes. 2.2.3 Eligibility criteria: deciding entity on family income limits How are income eligibility limits established? [x] There is a statewi
us-wv,ccdf-s05,federal_with_state_option,CCDF state plan 2.5.5,PRESENT,us-wv/policy/2026-09-10-ccdf-plan-fy2025-2027,us-wv/policy/acf/ccdf-plan/fy2025-2027/2.5,yes,plan section '2.5 Promoting Continuity of Care' | gency’s income eligibility threshold but not the federal threshold of 85 percent of SMI; and • Regardless of temporary changes in participation in wor
us-wv,ccdf-s06,federal_with_state_option,CCDF state plan 2.2.6,PRESENT,us-wv/policy/2026-09-10-ccdf-plan-fy2025-2027,us-wv/policy/acf/ccdf-plan/fy2025-2027/2.2,partial,"plan section '2.2 Eligible Children and Families' | ) for a family of the same size and whose family assets do not exceed $1,000,000; and (3)(a) reside with a parent or parents who are working or attend"
us-wv,ccdf-s07,federal_with_state_option,CCDF state plan 2.2.5,PRESENT,us-wv/policy/2026-09-10-ccdf-plan-fy2025-2027,us-wv/policy/acf/ccdf-plan/fy2025-2027/2.2,yes,plan section '2.2 Eligible Children and Families' | .wv.gov/bfa/ece/policies/Pages/default.aspx 2.2.5 Income eligibility: irregular fluctuations in earnings Lead Agencies must take into account irregular fluctuati
us-wv,ccdf-s08,federal_with_state_option,CCDF state plan 2.2.7,PRESENT,us-wv/policy/2026-09-10-ccdf-plan-fy2025-2027,us-wv/policy/acf/ccdf-plan/fy2025-2027/2.2,partial,"plan section '2.2 Eligible Children and Families' | ion or redetermination, children must (1) be younger than age 13; (2) reside with a family whose income does not exceed 85 percent of the State's"
us-wv,ccdf-s09,federal_with_state_option,CCDF state plan 2.2 / 2.3,PRESENT,us-wv/policy/2026-09-10-ccdf-plan-fy2025-2027,us-wv/policy/acf/ccdf-plan/fy2025-2027/2.2,no,"plan section '2.2 Eligible Children and Families' | am (which can include job search) or (b) receive, or need to receive, protective services as defined by the Lead Agency. 2.2.1 Eligibility criteria: age of chi"
us-wv,ccdf-s10,federal_with_state_option,CCDF state plan 2.3.1-2.3.3,PRESENT,us-wv/policy/2026-09-10-ccdf-plan-fy2025-2027,us-wv/policy/acf/ccdf-plan/fy2025-2027/2.3,no,"plan section '2.3 Prioritizing Services for Vulnerable Children and Famili' | Lead Agencies must give priority for child care assistance to children with special needs, families w"
us-wv,ccdf-s11,federal_with_state_option,CCDF state plan 2.5.2,PRESENT,us-wv/policy/2026-09-10-ccdf-plan-fy2025-2027,us-wv/policy/acf/ccdf-plan/fy2025-2027/2.5,no,"plan section '2.5 Promoting Continuity of Care' | are when authorizing child care services and must establish a minimum 12-month period for each child, both at the initial eligibility determination"
us-wv,ccdf-s12,federal_with_state_option,CCDF state plan 2.5.3,PRESENT,us-wv/policy/2026-09-10-ccdf-plan-fy2025-2027,us-wv/policy/acf/ccdf-plan/fy2025-2027/2.5,no,"plan section '2.5 Promoting Continuity of Care' | d above. In these cases only, Lead Agencies may establish a period of 3 months or longer. 6. Any change in age, including a child turning 13 years o"
us-wv,ccdf-s13,federal_with_state_option,CCDF state plan 2.5.4,PRESENT,us-wv/policy/2026-09-10-ccdf-plan-fy2025-2027,us-wv/policy/acf/ccdf-plan/fy2025-2027/2.5,no,"plan section '2.5 Promoting Continuity of Care' | families retaining eligibility. This requirement is: • Regardless of changes in income, Lead Agencies may not terminate CCDF assistance during the minimum 1"
us-wv,ccdf-s14,federal_with_state_option,CCDF state plan 2.1 / 2.5,PRESENT,us-wv/policy/2026-09-10-ccdf-plan-fy2025-2027,us-wv/policy/acf/ccdf-plan/fy2025-2027/2.1,no,plan section '2.1 Reducing Barriers to Family Enrollment and Redeterminati' | l that apply and describe those elements checked. i. [ ] Establishing presumptive eligibility while eligibility is being determined. Describe the polic
us-wv,ccdf-s15,federal_with_state_option,CCDF state plan 3.1.1-3.1.2 (fee table),PRESENT,us-wv/policy/2026-09-10-ccdf-plan-fy2025-2027,us-wv/policy/acf/ccdf-plan/fy2025-2027/3.1,yes,plan section '3.1 Family Co-payments' | Lead Agencies must establish and periodically revise a sliding-fee scale for families receiving CCDF services that varies based on income and
us-wv,ccdf-s16,federal_with_state_option,CCDF state plan 3.2.1,PRESENT,us-wv/policy/2026-09-10-ccdf-plan-fy2025-2027,us-wv/policy/acf/ccdf-plan/fy2025-2027/3.2,yes,"plan section '3.2 Calculation of Co-Payment' | Lead agencies must calculate a family’s contribution (or co-payment), taking into account income and family size, and Lead"
us-wv,ccdf-s17,federal_with_state_option,CCDF state plan 3.3.1,PRESENT,us-wv/policy/2026-09-10-ccdf-plan-fy2025-2027,us-wv/policy/acf/ccdf-plan/fy2025-2027/3.3,partial,plan section '3.3 Waiving Family Co-payment' | 3.3.1 Waiving family co-payment The Lead Agency may waive family contributions/c
us-wv,ccdf-s18,federal_with_state_option,CCDF state plan 4.1.1,PRESENT,us-wv/policy/2026-09-10-ccdf-plan-fy2025-2027,us-wv/policy/acf/ccdf-plan/fy2025-2027/4.1,partial,plan section '4.1 Access to Full Range of Provider Options' | rs and offer assistance with child care services through a child care certificate (or voucher) or with a child care provider that has a grant or contra
us-wv,ccdf-s19,federal_with_state_option,CCDF state plan 4.2,PRESENT,us-wv/policy/2026-09-10-ccdf-plan-fy2025-2027,us-wv/policy/acf/ccdf-plan/fy2025-2027/4.2,no,plan section '4.2 Assess Market Rates and Analyze the Cost of Child Care' | y valid and reliable data and have the option to conduct either a (1) market rate survey (MRS) reflecting variations in the price to parents of child care ser
us-wv,ccdf-s20,federal_with_state_option,CCDF state plan 4.3.1-4.3.2 (rate tables as of plan date),PRESENT,us-wv/policy/2026-09-10-ccdf-plan-fy2025-2027,us-wv/policy/acf/ccdf-plan/fy2025-2027/4.3,yes,plan section '4.3 Adequate Payment Rates' | The Lead Agency must set CCDF subsidy payment rates in accordance with the results of the current MRS or ACF pre-approved
us-wv,ccdf-s21,federal_with_state_option,CCDF state plan 4.3.3,PRESENT,us-wv/policy/2026-09-10-ccdf-plan-fy2025-2027,us-wv/policy/acf/ccdf-plan/fy2025-2027/4.3,partial,"plan section '4.3 Adequate Payment Rates' | rates below. Base rates are the lowest, foundational rates before any differentials are added (e.g., for higher quality or other purposes) and must be s"
us-wv,ccdf-s22,federal_with_state_option,CCDF state plan 4.4.1-4.4.3,PRESENT,us-wv/policy/2026-09-10-ccdf-plan-fy2025-2027,us-wv/policy/acf/ccdf-plan/fy2025-2027/4.4,no,"plan section '4.4 Payment Practices to Providers' | cost of child care services based on paying by the child’s authorized enrollment, or if impracticable, an alternative approach that will not undermine"
us-wv,ccdf-s23,federal_with_state_option,CCDF state plan section 5,PRESENT,us-wv/policy/2026-09-10-ccdf-plan-fy2025-2027,us-wv/policy/acf/ccdf-plan/fy2025-2027/5.1,no,plan section '5.1 Licensing Requirements' | Each Lead Agency must ensure it has in effect licensing requirements applicable to all child care services provided within
us-wv,ccdf-s24,federal_with_state_option,CCDF state plan 2.2.9,PRESENT,us-wv/policy/2026-09-10-ccdf-plan-fy2025-2027,us-wv/policy/acf/ccdf-plan/fy2025-2027/2.2,no,plan section '2.2 Eligible Children and Families' | 3.4.2) [ ] [ ] Other. Describe how you verify: Not Applicable. 2.2.9 Exception to TANF work requirements Lead Agencies must ensure that families with young children participa
us-wv,ccdf-s25,federal_with_state_option,CCDF state plan 10.1-10.2,PRESENT,us-wv/policy/2026-09-10-ccdf-plan-fy2025-2027,us-wv/policy/acf/ccdf-plan/fy2025-2027/10.2,no,"plan section '10.2 Fraud Investigation, Payment Recovery, and Sanctions' | Lead Agencies must have the necessary controls to identify fraud and other program violations to ensure program integrity. Program vio"
us-wv,ccdf-s26,federal_with_state_option,CCDF state plan (Lead Agency publication reached via the ACF index),PRESENT,us-wv/policy/2026-09-10-ccdf-plan-fy2025-2027,us-wv/policy/acf/ccdf-plan/fy2025-2027,no,plan root + 41 subsections; plan status: Approved as of 2024-11-09 (linked directly from the ACF index)
us-wv,ccdf-s27,federal_with_state_option,"ACF-hosted Appendix PDF on the FY 2025-2027 index (51 listed, 0 taken)",EXTRACTABLE,,,no,"ACF-hosted Appendix 1 PDF listed on acf.gov/occ/form/approved-ccdf-plans-fy-2025-2027 for all 50 states + DC (51 listed, 0 taken; run note 'Appendix family not taken')"
us-wv,ccdf-s28,federal_with_state_option,"amended plans posted on Lead Agency pages (inventoried, not taken except where the only posted version)",REVIEW,,,no,queue row records no amendment on the Lead Agency page; whether an amendment has since been approved is unverified
us-wv,ccdf-s29,federal_with_state_option,state regulation/manual for the subsidy program (CCAP/CCS/ERDC/Wisconsin Shares etc.),REVIEW,,,yes,no selected scope carries the state's child-care subsidy rulebook (heading scan of the selected TANF/combined scope 2026-09-12 found no subsidy chapter) and no queue row inventoried it
us-wv,ccdf-s30,federal_with_state_option,state rate schedules / MRS sheets / transmittals (state-published),REVIEW,,,yes,current rate/copay schedule family not inventoried for this state; the plan carries the values as of its submission only
us-wy,ccdf-s01,federal_with_state_option,CCDF state plan 1.1-1.2,PRESENT,us-wy/policy/2026-09-10-ccdf-plan-fy2025-2027,us-wy/policy/acf/ccdf-plan/fy2025-2027/1.1,no,plan section '1.1 CCDF Leadership' | a joint interagency office to represent the State or Territory as the Lead Agency. The Lead Agency agrees to administer the program in accordance with
us-wy,ccdf-s02,federal_with_state_option,CCDF state plan 2.2.1,PRESENT,us-wy/policy/2026-09-10-ccdf-plan-fy2025-2027,us-wy/policy/acf/ccdf-plan/fy2025-2027/2.2,yes,"plan section '2.2 Eligible Children and Families' | At eligibility determination or redetermination, children must (1) be younger than age 13; (2) reside with a family whose income does not exceed 85 percent of"
us-wy,ccdf-s03,federal_with_state_option,CCDF state plan 2.2.2,PRESENT,us-wy/policy/2026-09-10-ccdf-plan-fy2025-2027,us-wy/policy/acf/ccdf-plan/fy2025-2027/2.2,partial,"plan section '2.2 Eligible Children and Families' | or attending a job training or educational program (which can include job search) or (b) receive, or need to receive, protective services as defined b"
us-wy,ccdf-s04,federal_with_state_option,CCDF state plan 2.2.3-2.2.4,PRESENT,us-wy/policy/2026-09-10-ccdf-plan-fy2025-2027,us-wy/policy/acf/ccdf-plan/fy2025-2027/2.2,yes,plan section '2.2 Eligible Children and Families' | x] No. [ ] Yes. 2.2.3 Eligibility criteria: deciding entity on family income limits How are income eligibility limits established? [x] There is a statewi
us-wy,ccdf-s05,federal_with_state_option,CCDF state plan 2.5.5,PRESENT,us-wy/policy/2026-09-10-ccdf-plan-fy2025-2027,us-wy/policy/acf/ccdf-plan/fy2025-2027/2.5,yes,"plan section '2.5 Promoting Continuity of Care' | oming only requires families to report changes to income in excess of 85% of SMI. However, if other changes are reported, the department will t"
us-wy,ccdf-s06,federal_with_state_option,CCDF state plan 2.2.6,PRESENT,us-wy/policy/2026-09-10-ccdf-plan-fy2025-2027,us-wy/policy/acf/ccdf-plan/fy2025-2027/2.2,partial,"plan section '2.2 Eligible Children and Families' | ) for a family of the same size and whose family assets do not exceed $1,000,000; and (3)(a) reside with a parent or parents who are working or attend"
us-wy,ccdf-s07,federal_with_state_option,CCDF state plan 2.2.5,PRESENT,us-wy/policy/2026-09-10-ccdf-plan-fy2025-2027,us-wy/policy/acf/ccdf-plan/fy2025-2027/2.2,yes,plan section '2.2 Eligible Children and Families' | V5KKLiipNUwMVmemHBLWZS5MZ/view?usp=s haring 2.2.5 Income eligibility: irregular fluctuations in earnings Lead Agencies must take into account irregular fluctuati
us-wy,ccdf-s08,federal_with_state_option,CCDF state plan 2.2.7,PRESENT,us-wy/policy/2026-09-10-ccdf-plan-fy2025-2027,us-wy/policy/acf/ccdf-plan/fy2025-2027/2.2,partial,"plan section '2.2 Eligible Children and Families' | ion or redetermination, children must (1) be younger than age 13; (2) reside with a family whose income does not exceed 85 percent of the State's"
us-wy,ccdf-s09,federal_with_state_option,CCDF state plan 2.2 / 2.3,PRESENT,us-wy/policy/2026-09-10-ccdf-plan-fy2025-2027,us-wy/policy/acf/ccdf-plan/fy2025-2027/2.2,no,"plan section '2.2 Eligible Children and Families' | am (which can include job search) or (b) receive, or need to receive, protective services as defined by the Lead Agency. 2.2.1 Eligibility criteria: age of chi"
us-wy,ccdf-s10,federal_with_state_option,CCDF state plan 2.3.1-2.3.3,PRESENT,us-wy/policy/2026-09-10-ccdf-plan-fy2025-2027,us-wy/policy/acf/ccdf-plan/fy2025-2027/2.3,no,"plan section '2.3 Prioritizing Services for Vulnerable Children and Famili' | Lead Agencies must give priority for child care assistance to children with special needs, families w"
us-wy,ccdf-s11,federal_with_state_option,CCDF state plan 2.5.2,PRESENT,us-wy/policy/2026-09-10-ccdf-plan-fy2025-2027,us-wy/policy/acf/ccdf-plan/fy2025-2027/2.5,no,"plan section '2.5 Promoting Continuity of Care' | are when authorizing child care services and must establish a minimum 12-month period for each child, both at the initial eligibility determination"
us-wy,ccdf-s12,federal_with_state_option,CCDF state plan 2.5.3,PRESENT,us-wy/policy/2026-09-10-ccdf-plan-fy2025-2027,us-wy/policy/acf/ccdf-plan/fy2025-2027/2.5,no,"plan section '2.5 Promoting Continuity of Care' | d above. In these cases only, Lead Agencies may establish a period of 3 months or longer. 6. Any change in age, including a child turning 13 years o"
us-wy,ccdf-s13,federal_with_state_option,CCDF state plan 2.5.4,PRESENT,us-wy/policy/2026-09-10-ccdf-plan-fy2025-2027,us-wy/policy/acf/ccdf-plan/fy2025-2027/2.5,no,"plan section '2.5 Promoting Continuity of Care' | d at redetermination. Additionally, Wyoming only requires families to report changes to income in excess of 85% of SMI. However, if other changes are repo"
us-wy,ccdf-s14,federal_with_state_option,CCDF state plan 2.1 / 2.5,PRESENT,us-wy/policy/2026-09-10-ccdf-plan-fy2025-2027,us-wy/policy/acf/ccdf-plan/fy2025-2027/2.1,no,plan section '2.1 Reducing Barriers to Family Enrollment and Redeterminati' | l that apply and describe those elements checked. i. [x] Establishing presumptive eligibility while eligibility is being determined. Describe the polic
us-wy,ccdf-s15,federal_with_state_option,CCDF state plan 3.1.1-3.1.2 (fee table),PRESENT,us-wy/policy/2026-09-10-ccdf-plan-fy2025-2027,us-wy/policy/acf/ccdf-plan/fy2025-2027/3.1,yes,plan section '3.1 Family Co-payments' | Lead Agencies must establish and periodically revise a sliding-fee scale for families receiving CCDF services that varies based on income and
us-wy,ccdf-s16,federal_with_state_option,CCDF state plan 3.2.1,PRESENT,us-wy/policy/2026-09-10-ccdf-plan-fy2025-2027,us-wy/policy/acf/ccdf-plan/fy2025-2027/3.2,yes,"plan section '3.2 Calculation of Co-Payment' | Lead agencies must calculate a family’s contribution (or co-payment), taking into account income and family size, and Lead"
us-wy,ccdf-s17,federal_with_state_option,CCDF state plan 3.3.1,PRESENT,us-wy/policy/2026-09-10-ccdf-plan-fy2025-2027,us-wy/policy/acf/ccdf-plan/fy2025-2027/3.3,partial,plan section '3.3 Waiving Family Co-payment' | 3.3.1 Waiving family co-payment The Lead Agency may waive family contributions/c
us-wy,ccdf-s18,federal_with_state_option,CCDF state plan 4.1.1,PRESENT,us-wy/policy/2026-09-10-ccdf-plan-fy2025-2027,us-wy/policy/acf/ccdf-plan/fy2025-2027/4.1,partial,plan section '4.1 Access to Full Range of Provider Options' | rs and offer assistance with child care services through a child care certificate (or voucher) or with a child care provider that has a grant or contra
us-wy,ccdf-s19,federal_with_state_option,CCDF state plan 4.2,PRESENT,us-wy/policy/2026-09-10-ccdf-plan-fy2025-2027,us-wy/policy/acf/ccdf-plan/fy2025-2027/4.2,no,plan section '4.2 Assess Market Rates and Analyze the Cost of Child Care' | y valid and reliable data and have the option to conduct either a (1) market rate survey (MRS) reflecting variations in the price to parents of child care ser
us-wy,ccdf-s20,federal_with_state_option,CCDF state plan 4.3.1-4.3.2 (rate tables as of plan date),PRESENT,us-wy/policy/2026-09-10-ccdf-plan-fy2025-2027,us-wy/policy/acf/ccdf-plan/fy2025-2027/4.3,yes,plan section '4.3 Adequate Payment Rates' | The Lead Agency must set CCDF subsidy payment rates in accordance with the results of the current MRS or ACF pre-approved
us-wy,ccdf-s21,federal_with_state_option,CCDF state plan 4.3.3,PRESENT,us-wy/policy/2026-09-10-ccdf-plan-fy2025-2027,us-wy/policy/acf/ccdf-plan/fy2025-2027/4.3,partial,"plan section '4.3 Adequate Payment Rates' | rates below. Base rates are the lowest, foundational rates before any differentials are added (e.g., for higher quality or other purposes) and must be s"
us-wy,ccdf-s22,federal_with_state_option,CCDF state plan 4.4.1-4.4.3,PRESENT,us-wy/policy/2026-09-10-ccdf-plan-fy2025-2027,us-wy/policy/acf/ccdf-plan/fy2025-2027/4.4,no,"plan section '4.4 Payment Practices to Providers' | cost of child care services based on paying by the child’s authorized enrollment, or if impracticable, an alternative approach that will not undermine"
us-wy,ccdf-s23,federal_with_state_option,CCDF state plan section 5,PRESENT,us-wy/policy/2026-09-10-ccdf-plan-fy2025-2027,us-wy/policy/acf/ccdf-plan/fy2025-2027/5.1,no,plan section '5.1 Licensing Requirements' | Each Lead Agency must ensure it has in effect licensing requirements applicable to all child care services provided within
us-wy,ccdf-s24,federal_with_state_option,CCDF state plan 2.2.9,PRESENT,us-wy/policy/2026-09-10-ccdf-plan-fy2025-2027,us-wy/policy/acf/ccdf-plan/fy2025-2027/2.2,no,plan section '2.2 Eligible Children and Families' | t redeterminations. [ ] [ ] Other. Describe how you verify: n/a 2.2.9 Exception to TANF work requirements Lead Agencies must ensure that families with young children participa
us-wy,ccdf-s25,federal_with_state_option,CCDF state plan 10.1-10.2,PRESENT,us-wy/policy/2026-09-10-ccdf-plan-fy2025-2027,us-wy/policy/acf/ccdf-plan/fy2025-2027/10.2,no,"plan section '10.2 Fraud Investigation, Payment Recovery, and Sanctions' | Lead Agencies must have the necessary controls to identify fraud and other program violations to ensure program integrity. Program vio"
us-wy,ccdf-s26,federal_with_state_option,CCDF state plan (Lead Agency publication reached via the ACF index),PRESENT,us-wy/policy/2026-09-10-ccdf-plan-fy2025-2027,us-wy/policy/acf/ccdf-plan/fy2025-2027,no,plan root + 41 subsections; plan status: Approved as of 2024-11-09 (dfs.wyo.gov links the plan on Google Drive; fetched through the extractor's Google Drive download path)
us-wy,ccdf-s27,federal_with_state_option,"ACF-hosted Appendix PDF on the FY 2025-2027 index (51 listed, 0 taken)",EXTRACTABLE,,,no,"ACF-hosted Appendix 1 PDF listed on acf.gov/occ/form/approved-ccdf-plans-fy-2025-2027 for all 50 states + DC (51 listed, 0 taken; run note 'Appendix family not taken')"
us-wy,ccdf-s28,federal_with_state_option,"amended plans posted on Lead Agency pages (inventoried, not taken except where the only posted version)",REVIEW,,,no,queue row records no amendment on the Lead Agency page; whether an amendment has since been approved is unverified
us-wy,ccdf-s29,federal_with_state_option,state regulation/manual for the subsidy program (CCAP/CCS/ERDC/Wisconsin Shares etc.),REVIEW,,,yes,no selected scope carries the state's child-care subsidy rulebook (heading scan of the selected TANF/combined scope 2026-09-12 found no subsidy chapter) and no queue row inventoried it
us-wy,ccdf-s30,federal_with_state_option,state rate schedules / MRS sheets / transmittals (state-published),REVIEW,,,yes,current rate/copay schedule family not inventoried for this state; the plan carries the values as of its submission only
