jurisdiction,element,level,family,status,scope_version,citation_path,pe_modeled,evidence_note
us,LIHEAP-F-USC-8621,federal,statute,EXTRACTABLE,,,no,"no Title 42 ch. 94 section in any us/statute scope (checked all 128 files); publisher uscode.house.gov, also linked from https://acf.gov/ocs/law-regulation/liheap-statute-and-regulations (queue lead, needs_review row)"
us-ak,LIHEAP-F-USC-8621,federal,statute,EXTRACTABLE,,,no,inherited from federal
us-al,LIHEAP-F-USC-8621,federal,statute,EXTRACTABLE,,,no,inherited from federal
us-ar,LIHEAP-F-USC-8621,federal,statute,EXTRACTABLE,,,no,inherited from federal
us-az,LIHEAP-F-USC-8621,federal,statute,EXTRACTABLE,,,no,inherited from federal
us-ca,LIHEAP-F-USC-8621,federal,statute,EXTRACTABLE,,,no,inherited from federal
us-co,LIHEAP-F-USC-8621,federal,statute,EXTRACTABLE,,,no,inherited from federal
us-ct,LIHEAP-F-USC-8621,federal,statute,EXTRACTABLE,,,no,inherited from federal
us-dc,LIHEAP-F-USC-8621,federal,statute,EXTRACTABLE,,,no,inherited from federal
us-de,LIHEAP-F-USC-8621,federal,statute,EXTRACTABLE,,,no,inherited from federal
us-fl,LIHEAP-F-USC-8621,federal,statute,EXTRACTABLE,,,no,inherited from federal
us-ga,LIHEAP-F-USC-8621,federal,statute,EXTRACTABLE,,,no,inherited from federal
us-hi,LIHEAP-F-USC-8621,federal,statute,EXTRACTABLE,,,no,inherited from federal
us-ia,LIHEAP-F-USC-8621,federal,statute,EXTRACTABLE,,,no,inherited from federal
us-id,LIHEAP-F-USC-8621,federal,statute,EXTRACTABLE,,,no,inherited from federal
us-il,LIHEAP-F-USC-8621,federal,statute,EXTRACTABLE,,,no,inherited from federal
us-in,LIHEAP-F-USC-8621,federal,statute,EXTRACTABLE,,,no,inherited from federal
us-ks,LIHEAP-F-USC-8621,federal,statute,EXTRACTABLE,,,no,inherited from federal
us-ky,LIHEAP-F-USC-8621,federal,statute,EXTRACTABLE,,,no,inherited from federal
us-la,LIHEAP-F-USC-8621,federal,statute,EXTRACTABLE,,,no,inherited from federal
us-ma,LIHEAP-F-USC-8621,federal,statute,EXTRACTABLE,,,no,inherited from federal
us-md,LIHEAP-F-USC-8621,federal,statute,EXTRACTABLE,,,no,inherited from federal
us-me,LIHEAP-F-USC-8621,federal,statute,EXTRACTABLE,,,no,inherited from federal
us-mi,LIHEAP-F-USC-8621,federal,statute,EXTRACTABLE,,,no,inherited from federal
us-mn,LIHEAP-F-USC-8621,federal,statute,EXTRACTABLE,,,no,inherited from federal
us-mo,LIHEAP-F-USC-8621,federal,statute,EXTRACTABLE,,,no,inherited from federal
us-ms,LIHEAP-F-USC-8621,federal,statute,EXTRACTABLE,,,no,inherited from federal
us-mt,LIHEAP-F-USC-8621,federal,statute,EXTRACTABLE,,,no,inherited from federal
us-nc,LIHEAP-F-USC-8621,federal,statute,EXTRACTABLE,,,no,inherited from federal
us-nd,LIHEAP-F-USC-8621,federal,statute,EXTRACTABLE,,,no,inherited from federal
us-ne,LIHEAP-F-USC-8621,federal,statute,EXTRACTABLE,,,no,inherited from federal
us-nh,LIHEAP-F-USC-8621,federal,statute,EXTRACTABLE,,,no,inherited from federal
us-nj,LIHEAP-F-USC-8621,federal,statute,EXTRACTABLE,,,no,inherited from federal
us-nm,LIHEAP-F-USC-8621,federal,statute,EXTRACTABLE,,,no,inherited from federal
us-nv,LIHEAP-F-USC-8621,federal,statute,EXTRACTABLE,,,no,inherited from federal
us-ny,LIHEAP-F-USC-8621,federal,statute,EXTRACTABLE,,,no,inherited from federal
us-oh,LIHEAP-F-USC-8621,federal,statute,EXTRACTABLE,,,no,inherited from federal
us-ok,LIHEAP-F-USC-8621,federal,statute,EXTRACTABLE,,,no,inherited from federal
us-or,LIHEAP-F-USC-8621,federal,statute,EXTRACTABLE,,,no,inherited from federal
us-pa,LIHEAP-F-USC-8621,federal,statute,EXTRACTABLE,,,no,inherited from federal
us-ri,LIHEAP-F-USC-8621,federal,statute,EXTRACTABLE,,,no,inherited from federal
us-sc,LIHEAP-F-USC-8621,federal,statute,EXTRACTABLE,,,no,inherited from federal
us-sd,LIHEAP-F-USC-8621,federal,statute,EXTRACTABLE,,,no,inherited from federal
us-tn,LIHEAP-F-USC-8621,federal,statute,EXTRACTABLE,,,no,inherited from federal
us-tx,LIHEAP-F-USC-8621,federal,statute,EXTRACTABLE,,,no,inherited from federal
us-ut,LIHEAP-F-USC-8621,federal,statute,EXTRACTABLE,,,no,inherited from federal
us-va,LIHEAP-F-USC-8621,federal,statute,EXTRACTABLE,,,no,inherited from federal
us-vt,LIHEAP-F-USC-8621,federal,statute,EXTRACTABLE,,,no,inherited from federal
us-wa,LIHEAP-F-USC-8621,federal,statute,EXTRACTABLE,,,no,inherited from federal
us-wi,LIHEAP-F-USC-8621,federal,statute,EXTRACTABLE,,,no,inherited from federal
us-wv,LIHEAP-F-USC-8621,federal,statute,EXTRACTABLE,,,no,inherited from federal
us-wy,LIHEAP-F-USC-8621,federal,statute,EXTRACTABLE,,,no,inherited from federal
us,LIHEAP-F-USC-8622,federal,statute,EXTRACTABLE,,,no,"no Title 42 ch. 94 section in any us/statute scope (checked all 128 files); publisher uscode.house.gov, also linked from https://acf.gov/ocs/law-regulation/liheap-statute-and-regulations (queue lead, needs_review row)"
us-ak,LIHEAP-F-USC-8622,federal,statute,EXTRACTABLE,,,no,inherited from federal
us-al,LIHEAP-F-USC-8622,federal,statute,EXTRACTABLE,,,no,inherited from federal
us-ar,LIHEAP-F-USC-8622,federal,statute,EXTRACTABLE,,,no,inherited from federal
us-az,LIHEAP-F-USC-8622,federal,statute,EXTRACTABLE,,,no,inherited from federal
us-ca,LIHEAP-F-USC-8622,federal,statute,EXTRACTABLE,,,no,inherited from federal
us-co,LIHEAP-F-USC-8622,federal,statute,EXTRACTABLE,,,no,inherited from federal
us-ct,LIHEAP-F-USC-8622,federal,statute,EXTRACTABLE,,,no,inherited from federal
us-dc,LIHEAP-F-USC-8622,federal,statute,EXTRACTABLE,,,no,inherited from federal
us-de,LIHEAP-F-USC-8622,federal,statute,EXTRACTABLE,,,no,inherited from federal
us-fl,LIHEAP-F-USC-8622,federal,statute,EXTRACTABLE,,,no,inherited from federal
us-ga,LIHEAP-F-USC-8622,federal,statute,EXTRACTABLE,,,no,inherited from federal
us-hi,LIHEAP-F-USC-8622,federal,statute,EXTRACTABLE,,,no,inherited from federal
us-ia,LIHEAP-F-USC-8622,federal,statute,EXTRACTABLE,,,no,inherited from federal
us-id,LIHEAP-F-USC-8622,federal,statute,EXTRACTABLE,,,no,inherited from federal
us-il,LIHEAP-F-USC-8622,federal,statute,EXTRACTABLE,,,no,inherited from federal
us-in,LIHEAP-F-USC-8622,federal,statute,EXTRACTABLE,,,no,inherited from federal
us-ks,LIHEAP-F-USC-8622,federal,statute,EXTRACTABLE,,,no,inherited from federal
us-ky,LIHEAP-F-USC-8622,federal,statute,EXTRACTABLE,,,no,inherited from federal
us-la,LIHEAP-F-USC-8622,federal,statute,EXTRACTABLE,,,no,inherited from federal
us-ma,LIHEAP-F-USC-8622,federal,statute,EXTRACTABLE,,,no,inherited from federal
us-md,LIHEAP-F-USC-8622,federal,statute,EXTRACTABLE,,,no,inherited from federal
us-me,LIHEAP-F-USC-8622,federal,statute,EXTRACTABLE,,,no,inherited from federal
us-mi,LIHEAP-F-USC-8622,federal,statute,EXTRACTABLE,,,no,inherited from federal
us-mn,LIHEAP-F-USC-8622,federal,statute,EXTRACTABLE,,,no,inherited from federal
us-mo,LIHEAP-F-USC-8622,federal,statute,EXTRACTABLE,,,no,inherited from federal
us-ms,LIHEAP-F-USC-8622,federal,statute,EXTRACTABLE,,,no,inherited from federal
us-mt,LIHEAP-F-USC-8622,federal,statute,EXTRACTABLE,,,no,inherited from federal
us-nc,LIHEAP-F-USC-8622,federal,statute,EXTRACTABLE,,,no,inherited from federal
us-nd,LIHEAP-F-USC-8622,federal,statute,EXTRACTABLE,,,no,inherited from federal
us-ne,LIHEAP-F-USC-8622,federal,statute,EXTRACTABLE,,,no,inherited from federal
us-nh,LIHEAP-F-USC-8622,federal,statute,EXTRACTABLE,,,no,inherited from federal
us-nj,LIHEAP-F-USC-8622,federal,statute,EXTRACTABLE,,,no,inherited from federal
us-nm,LIHEAP-F-USC-8622,federal,statute,EXTRACTABLE,,,no,inherited from federal
us-nv,LIHEAP-F-USC-8622,federal,statute,EXTRACTABLE,,,no,inherited from federal
us-ny,LIHEAP-F-USC-8622,federal,statute,EXTRACTABLE,,,no,inherited from federal
us-oh,LIHEAP-F-USC-8622,federal,statute,EXTRACTABLE,,,no,inherited from federal
us-ok,LIHEAP-F-USC-8622,federal,statute,EXTRACTABLE,,,no,inherited from federal
us-or,LIHEAP-F-USC-8622,federal,statute,EXTRACTABLE,,,no,inherited from federal
us-pa,LIHEAP-F-USC-8622,federal,statute,EXTRACTABLE,,,no,inherited from federal
us-ri,LIHEAP-F-USC-8622,federal,statute,EXTRACTABLE,,,no,inherited from federal
us-sc,LIHEAP-F-USC-8622,federal,statute,EXTRACTABLE,,,no,inherited from federal
us-sd,LIHEAP-F-USC-8622,federal,statute,EXTRACTABLE,,,no,inherited from federal
us-tn,LIHEAP-F-USC-8622,federal,statute,EXTRACTABLE,,,no,inherited from federal
us-tx,LIHEAP-F-USC-8622,federal,statute,EXTRACTABLE,,,no,inherited from federal
us-ut,LIHEAP-F-USC-8622,federal,statute,EXTRACTABLE,,,no,inherited from federal
us-va,LIHEAP-F-USC-8622,federal,statute,EXTRACTABLE,,,no,inherited from federal
us-vt,LIHEAP-F-USC-8622,federal,statute,EXTRACTABLE,,,no,inherited from federal
us-wa,LIHEAP-F-USC-8622,federal,statute,EXTRACTABLE,,,no,inherited from federal
us-wi,LIHEAP-F-USC-8622,federal,statute,EXTRACTABLE,,,no,inherited from federal
us-wv,LIHEAP-F-USC-8622,federal,statute,EXTRACTABLE,,,no,inherited from federal
us-wy,LIHEAP-F-USC-8622,federal,statute,EXTRACTABLE,,,no,inherited from federal
us,LIHEAP-F-USC-8623,federal,statute,EXTRACTABLE,,,no,"no Title 42 ch. 94 section in any us/statute scope (checked all 128 files); publisher uscode.house.gov, also linked from https://acf.gov/ocs/law-regulation/liheap-statute-and-regulations (queue lead, needs_review row)"
us-ak,LIHEAP-F-USC-8623,federal,statute,EXTRACTABLE,,,no,inherited from federal
us-al,LIHEAP-F-USC-8623,federal,statute,EXTRACTABLE,,,no,inherited from federal
us-ar,LIHEAP-F-USC-8623,federal,statute,EXTRACTABLE,,,no,inherited from federal
us-az,LIHEAP-F-USC-8623,federal,statute,EXTRACTABLE,,,no,inherited from federal
us-ca,LIHEAP-F-USC-8623,federal,statute,EXTRACTABLE,,,no,inherited from federal
us-co,LIHEAP-F-USC-8623,federal,statute,EXTRACTABLE,,,no,inherited from federal
us-ct,LIHEAP-F-USC-8623,federal,statute,EXTRACTABLE,,,no,inherited from federal
us-dc,LIHEAP-F-USC-8623,federal,statute,EXTRACTABLE,,,no,inherited from federal
us-de,LIHEAP-F-USC-8623,federal,statute,EXTRACTABLE,,,no,inherited from federal
us-fl,LIHEAP-F-USC-8623,federal,statute,EXTRACTABLE,,,no,inherited from federal
us-ga,LIHEAP-F-USC-8623,federal,statute,EXTRACTABLE,,,no,inherited from federal
us-hi,LIHEAP-F-USC-8623,federal,statute,EXTRACTABLE,,,no,inherited from federal
us-ia,LIHEAP-F-USC-8623,federal,statute,EXTRACTABLE,,,no,inherited from federal
us-id,LIHEAP-F-USC-8623,federal,statute,EXTRACTABLE,,,no,inherited from federal
us-il,LIHEAP-F-USC-8623,federal,statute,EXTRACTABLE,,,no,inherited from federal
us-in,LIHEAP-F-USC-8623,federal,statute,EXTRACTABLE,,,no,inherited from federal
us-ks,LIHEAP-F-USC-8623,federal,statute,EXTRACTABLE,,,no,inherited from federal
us-ky,LIHEAP-F-USC-8623,federal,statute,EXTRACTABLE,,,no,inherited from federal
us-la,LIHEAP-F-USC-8623,federal,statute,EXTRACTABLE,,,no,inherited from federal
us-ma,LIHEAP-F-USC-8623,federal,statute,EXTRACTABLE,,,no,inherited from federal
us-md,LIHEAP-F-USC-8623,federal,statute,EXTRACTABLE,,,no,inherited from federal
us-me,LIHEAP-F-USC-8623,federal,statute,EXTRACTABLE,,,no,inherited from federal
us-mi,LIHEAP-F-USC-8623,federal,statute,EXTRACTABLE,,,no,inherited from federal
us-mn,LIHEAP-F-USC-8623,federal,statute,EXTRACTABLE,,,no,inherited from federal
us-mo,LIHEAP-F-USC-8623,federal,statute,EXTRACTABLE,,,no,inherited from federal
us-ms,LIHEAP-F-USC-8623,federal,statute,EXTRACTABLE,,,no,inherited from federal
us-mt,LIHEAP-F-USC-8623,federal,statute,EXTRACTABLE,,,no,inherited from federal
us-nc,LIHEAP-F-USC-8623,federal,statute,EXTRACTABLE,,,no,inherited from federal
us-nd,LIHEAP-F-USC-8623,federal,statute,EXTRACTABLE,,,no,inherited from federal
us-ne,LIHEAP-F-USC-8623,federal,statute,EXTRACTABLE,,,no,inherited from federal
us-nh,LIHEAP-F-USC-8623,federal,statute,EXTRACTABLE,,,no,inherited from federal
us-nj,LIHEAP-F-USC-8623,federal,statute,EXTRACTABLE,,,no,inherited from federal
us-nm,LIHEAP-F-USC-8623,federal,statute,EXTRACTABLE,,,no,inherited from federal
us-nv,LIHEAP-F-USC-8623,federal,statute,EXTRACTABLE,,,no,inherited from federal
us-ny,LIHEAP-F-USC-8623,federal,statute,EXTRACTABLE,,,no,inherited from federal
us-oh,LIHEAP-F-USC-8623,federal,statute,EXTRACTABLE,,,no,inherited from federal
us-ok,LIHEAP-F-USC-8623,federal,statute,EXTRACTABLE,,,no,inherited from federal
us-or,LIHEAP-F-USC-8623,federal,statute,EXTRACTABLE,,,no,inherited from federal
us-pa,LIHEAP-F-USC-8623,federal,statute,EXTRACTABLE,,,no,inherited from federal
us-ri,LIHEAP-F-USC-8623,federal,statute,EXTRACTABLE,,,no,inherited from federal
us-sc,LIHEAP-F-USC-8623,federal,statute,EXTRACTABLE,,,no,inherited from federal
us-sd,LIHEAP-F-USC-8623,federal,statute,EXTRACTABLE,,,no,inherited from federal
us-tn,LIHEAP-F-USC-8623,federal,statute,EXTRACTABLE,,,no,inherited from federal
us-tx,LIHEAP-F-USC-8623,federal,statute,EXTRACTABLE,,,no,inherited from federal
us-ut,LIHEAP-F-USC-8623,federal,statute,EXTRACTABLE,,,no,inherited from federal
us-va,LIHEAP-F-USC-8623,federal,statute,EXTRACTABLE,,,no,inherited from federal
us-vt,LIHEAP-F-USC-8623,federal,statute,EXTRACTABLE,,,no,inherited from federal
us-wa,LIHEAP-F-USC-8623,federal,statute,EXTRACTABLE,,,no,inherited from federal
us-wi,LIHEAP-F-USC-8623,federal,statute,EXTRACTABLE,,,no,inherited from federal
us-wv,LIHEAP-F-USC-8623,federal,statute,EXTRACTABLE,,,no,inherited from federal
us-wy,LIHEAP-F-USC-8623,federal,statute,EXTRACTABLE,,,no,inherited from federal
us,LIHEAP-F-USC-8624,federal,statute,EXTRACTABLE,,,partial,"no Title 42 ch. 94 section in any us/statute scope (checked all 128 files); publisher uscode.house.gov, also linked from https://acf.gov/ocs/law-regulation/liheap-statute-and-regulations (queue lead, needs_review row)"
us-ak,LIHEAP-F-USC-8624,federal,statute,EXTRACTABLE,,,partial,inherited from federal
us-al,LIHEAP-F-USC-8624,federal,statute,EXTRACTABLE,,,partial,inherited from federal
us-ar,LIHEAP-F-USC-8624,federal,statute,EXTRACTABLE,,,partial,inherited from federal
us-az,LIHEAP-F-USC-8624,federal,statute,EXTRACTABLE,,,partial,inherited from federal
us-ca,LIHEAP-F-USC-8624,federal,statute,EXTRACTABLE,,,partial,inherited from federal
us-co,LIHEAP-F-USC-8624,federal,statute,EXTRACTABLE,,,partial,inherited from federal
us-ct,LIHEAP-F-USC-8624,federal,statute,EXTRACTABLE,,,partial,inherited from federal
us-dc,LIHEAP-F-USC-8624,federal,statute,EXTRACTABLE,,,partial,inherited from federal
us-de,LIHEAP-F-USC-8624,federal,statute,EXTRACTABLE,,,partial,inherited from federal
us-fl,LIHEAP-F-USC-8624,federal,statute,EXTRACTABLE,,,partial,inherited from federal
us-ga,LIHEAP-F-USC-8624,federal,statute,EXTRACTABLE,,,partial,inherited from federal
us-hi,LIHEAP-F-USC-8624,federal,statute,EXTRACTABLE,,,partial,inherited from federal
us-ia,LIHEAP-F-USC-8624,federal,statute,EXTRACTABLE,,,partial,inherited from federal
us-id,LIHEAP-F-USC-8624,federal,statute,EXTRACTABLE,,,partial,inherited from federal
us-il,LIHEAP-F-USC-8624,federal,statute,EXTRACTABLE,,,partial,inherited from federal
us-in,LIHEAP-F-USC-8624,federal,statute,EXTRACTABLE,,,partial,inherited from federal
us-ks,LIHEAP-F-USC-8624,federal,statute,EXTRACTABLE,,,partial,inherited from federal
us-ky,LIHEAP-F-USC-8624,federal,statute,EXTRACTABLE,,,partial,inherited from federal
us-la,LIHEAP-F-USC-8624,federal,statute,EXTRACTABLE,,,partial,inherited from federal
us-ma,LIHEAP-F-USC-8624,federal,statute,EXTRACTABLE,,,partial,inherited from federal
us-md,LIHEAP-F-USC-8624,federal,statute,EXTRACTABLE,,,partial,inherited from federal
us-me,LIHEAP-F-USC-8624,federal,statute,EXTRACTABLE,,,partial,inherited from federal
us-mi,LIHEAP-F-USC-8624,federal,statute,EXTRACTABLE,,,partial,inherited from federal
us-mn,LIHEAP-F-USC-8624,federal,statute,EXTRACTABLE,,,partial,inherited from federal
us-mo,LIHEAP-F-USC-8624,federal,statute,EXTRACTABLE,,,partial,inherited from federal
us-ms,LIHEAP-F-USC-8624,federal,statute,EXTRACTABLE,,,partial,inherited from federal
us-mt,LIHEAP-F-USC-8624,federal,statute,EXTRACTABLE,,,partial,inherited from federal
us-nc,LIHEAP-F-USC-8624,federal,statute,EXTRACTABLE,,,partial,inherited from federal
us-nd,LIHEAP-F-USC-8624,federal,statute,EXTRACTABLE,,,partial,inherited from federal
us-ne,LIHEAP-F-USC-8624,federal,statute,EXTRACTABLE,,,partial,inherited from federal
us-nh,LIHEAP-F-USC-8624,federal,statute,EXTRACTABLE,,,partial,inherited from federal
us-nj,LIHEAP-F-USC-8624,federal,statute,EXTRACTABLE,,,partial,inherited from federal
us-nm,LIHEAP-F-USC-8624,federal,statute,EXTRACTABLE,,,partial,inherited from federal
us-nv,LIHEAP-F-USC-8624,federal,statute,EXTRACTABLE,,,partial,inherited from federal
us-ny,LIHEAP-F-USC-8624,federal,statute,EXTRACTABLE,,,partial,inherited from federal
us-oh,LIHEAP-F-USC-8624,federal,statute,EXTRACTABLE,,,partial,inherited from federal
us-ok,LIHEAP-F-USC-8624,federal,statute,EXTRACTABLE,,,partial,inherited from federal
us-or,LIHEAP-F-USC-8624,federal,statute,EXTRACTABLE,,,partial,inherited from federal
us-pa,LIHEAP-F-USC-8624,federal,statute,EXTRACTABLE,,,partial,inherited from federal
us-ri,LIHEAP-F-USC-8624,federal,statute,EXTRACTABLE,,,partial,inherited from federal
us-sc,LIHEAP-F-USC-8624,federal,statute,EXTRACTABLE,,,partial,inherited from federal
us-sd,LIHEAP-F-USC-8624,federal,statute,EXTRACTABLE,,,partial,inherited from federal
us-tn,LIHEAP-F-USC-8624,federal,statute,EXTRACTABLE,,,partial,inherited from federal
us-tx,LIHEAP-F-USC-8624,federal,statute,EXTRACTABLE,,,partial,inherited from federal
us-ut,LIHEAP-F-USC-8624,federal,statute,EXTRACTABLE,,,partial,inherited from federal
us-va,LIHEAP-F-USC-8624,federal,statute,EXTRACTABLE,,,partial,inherited from federal
us-vt,LIHEAP-F-USC-8624,federal,statute,EXTRACTABLE,,,partial,inherited from federal
us-wa,LIHEAP-F-USC-8624,federal,statute,EXTRACTABLE,,,partial,inherited from federal
us-wi,LIHEAP-F-USC-8624,federal,statute,EXTRACTABLE,,,partial,inherited from federal
us-wv,LIHEAP-F-USC-8624,federal,statute,EXTRACTABLE,,,partial,inherited from federal
us-wy,LIHEAP-F-USC-8624,federal,statute,EXTRACTABLE,,,partial,inherited from federal
us,LIHEAP-F-USC-8625,federal,statute,EXTRACTABLE,,,no,"no Title 42 ch. 94 section in any us/statute scope (checked all 128 files); publisher uscode.house.gov, also linked from https://acf.gov/ocs/law-regulation/liheap-statute-and-regulations (queue lead, needs_review row)"
us-ak,LIHEAP-F-USC-8625,federal,statute,EXTRACTABLE,,,no,inherited from federal
us-al,LIHEAP-F-USC-8625,federal,statute,EXTRACTABLE,,,no,inherited from federal
us-ar,LIHEAP-F-USC-8625,federal,statute,EXTRACTABLE,,,no,inherited from federal
us-az,LIHEAP-F-USC-8625,federal,statute,EXTRACTABLE,,,no,inherited from federal
us-ca,LIHEAP-F-USC-8625,federal,statute,EXTRACTABLE,,,no,inherited from federal
us-co,LIHEAP-F-USC-8625,federal,statute,EXTRACTABLE,,,no,inherited from federal
us-ct,LIHEAP-F-USC-8625,federal,statute,EXTRACTABLE,,,no,inherited from federal
us-dc,LIHEAP-F-USC-8625,federal,statute,EXTRACTABLE,,,no,inherited from federal
us-de,LIHEAP-F-USC-8625,federal,statute,EXTRACTABLE,,,no,inherited from federal
us-fl,LIHEAP-F-USC-8625,federal,statute,EXTRACTABLE,,,no,inherited from federal
us-ga,LIHEAP-F-USC-8625,federal,statute,EXTRACTABLE,,,no,inherited from federal
us-hi,LIHEAP-F-USC-8625,federal,statute,EXTRACTABLE,,,no,inherited from federal
us-ia,LIHEAP-F-USC-8625,federal,statute,EXTRACTABLE,,,no,inherited from federal
us-id,LIHEAP-F-USC-8625,federal,statute,EXTRACTABLE,,,no,inherited from federal
us-il,LIHEAP-F-USC-8625,federal,statute,EXTRACTABLE,,,no,inherited from federal
us-in,LIHEAP-F-USC-8625,federal,statute,EXTRACTABLE,,,no,inherited from federal
us-ks,LIHEAP-F-USC-8625,federal,statute,EXTRACTABLE,,,no,inherited from federal
us-ky,LIHEAP-F-USC-8625,federal,statute,EXTRACTABLE,,,no,inherited from federal
us-la,LIHEAP-F-USC-8625,federal,statute,EXTRACTABLE,,,no,inherited from federal
us-ma,LIHEAP-F-USC-8625,federal,statute,EXTRACTABLE,,,no,inherited from federal
us-md,LIHEAP-F-USC-8625,federal,statute,EXTRACTABLE,,,no,inherited from federal
us-me,LIHEAP-F-USC-8625,federal,statute,EXTRACTABLE,,,no,inherited from federal
us-mi,LIHEAP-F-USC-8625,federal,statute,EXTRACTABLE,,,no,inherited from federal
us-mn,LIHEAP-F-USC-8625,federal,statute,EXTRACTABLE,,,no,inherited from federal
us-mo,LIHEAP-F-USC-8625,federal,statute,EXTRACTABLE,,,no,inherited from federal
us-ms,LIHEAP-F-USC-8625,federal,statute,EXTRACTABLE,,,no,inherited from federal
us-mt,LIHEAP-F-USC-8625,federal,statute,EXTRACTABLE,,,no,inherited from federal
us-nc,LIHEAP-F-USC-8625,federal,statute,EXTRACTABLE,,,no,inherited from federal
us-nd,LIHEAP-F-USC-8625,federal,statute,EXTRACTABLE,,,no,inherited from federal
us-ne,LIHEAP-F-USC-8625,federal,statute,EXTRACTABLE,,,no,inherited from federal
us-nh,LIHEAP-F-USC-8625,federal,statute,EXTRACTABLE,,,no,inherited from federal
us-nj,LIHEAP-F-USC-8625,federal,statute,EXTRACTABLE,,,no,inherited from federal
us-nm,LIHEAP-F-USC-8625,federal,statute,EXTRACTABLE,,,no,inherited from federal
us-nv,LIHEAP-F-USC-8625,federal,statute,EXTRACTABLE,,,no,inherited from federal
us-ny,LIHEAP-F-USC-8625,federal,statute,EXTRACTABLE,,,no,inherited from federal
us-oh,LIHEAP-F-USC-8625,federal,statute,EXTRACTABLE,,,no,inherited from federal
us-ok,LIHEAP-F-USC-8625,federal,statute,EXTRACTABLE,,,no,inherited from federal
us-or,LIHEAP-F-USC-8625,federal,statute,EXTRACTABLE,,,no,inherited from federal
us-pa,LIHEAP-F-USC-8625,federal,statute,EXTRACTABLE,,,no,inherited from federal
us-ri,LIHEAP-F-USC-8625,federal,statute,EXTRACTABLE,,,no,inherited from federal
us-sc,LIHEAP-F-USC-8625,federal,statute,EXTRACTABLE,,,no,inherited from federal
us-sd,LIHEAP-F-USC-8625,federal,statute,EXTRACTABLE,,,no,inherited from federal
us-tn,LIHEAP-F-USC-8625,federal,statute,EXTRACTABLE,,,no,inherited from federal
us-tx,LIHEAP-F-USC-8625,federal,statute,EXTRACTABLE,,,no,inherited from federal
us-ut,LIHEAP-F-USC-8625,federal,statute,EXTRACTABLE,,,no,inherited from federal
us-va,LIHEAP-F-USC-8625,federal,statute,EXTRACTABLE,,,no,inherited from federal
us-vt,LIHEAP-F-USC-8625,federal,statute,EXTRACTABLE,,,no,inherited from federal
us-wa,LIHEAP-F-USC-8625,federal,statute,EXTRACTABLE,,,no,inherited from federal
us-wi,LIHEAP-F-USC-8625,federal,statute,EXTRACTABLE,,,no,inherited from federal
us-wv,LIHEAP-F-USC-8625,federal,statute,EXTRACTABLE,,,no,inherited from federal
us-wy,LIHEAP-F-USC-8625,federal,statute,EXTRACTABLE,,,no,inherited from federal
us,LIHEAP-F-USC-8626,federal,statute,EXTRACTABLE,,,no,"no Title 42 ch. 94 section in any us/statute scope (checked all 128 files); publisher uscode.house.gov, also linked from https://acf.gov/ocs/law-regulation/liheap-statute-and-regulations (queue lead, needs_review row)"
us-ak,LIHEAP-F-USC-8626,federal,statute,EXTRACTABLE,,,no,inherited from federal
us-al,LIHEAP-F-USC-8626,federal,statute,EXTRACTABLE,,,no,inherited from federal
us-ar,LIHEAP-F-USC-8626,federal,statute,EXTRACTABLE,,,no,inherited from federal
us-az,LIHEAP-F-USC-8626,federal,statute,EXTRACTABLE,,,no,inherited from federal
us-ca,LIHEAP-F-USC-8626,federal,statute,EXTRACTABLE,,,no,inherited from federal
us-co,LIHEAP-F-USC-8626,federal,statute,EXTRACTABLE,,,no,inherited from federal
us-ct,LIHEAP-F-USC-8626,federal,statute,EXTRACTABLE,,,no,inherited from federal
us-dc,LIHEAP-F-USC-8626,federal,statute,EXTRACTABLE,,,no,inherited from federal
us-de,LIHEAP-F-USC-8626,federal,statute,EXTRACTABLE,,,no,inherited from federal
us-fl,LIHEAP-F-USC-8626,federal,statute,EXTRACTABLE,,,no,inherited from federal
us-ga,LIHEAP-F-USC-8626,federal,statute,EXTRACTABLE,,,no,inherited from federal
us-hi,LIHEAP-F-USC-8626,federal,statute,EXTRACTABLE,,,no,inherited from federal
us-ia,LIHEAP-F-USC-8626,federal,statute,EXTRACTABLE,,,no,inherited from federal
us-id,LIHEAP-F-USC-8626,federal,statute,EXTRACTABLE,,,no,inherited from federal
us-il,LIHEAP-F-USC-8626,federal,statute,EXTRACTABLE,,,no,inherited from federal
us-in,LIHEAP-F-USC-8626,federal,statute,EXTRACTABLE,,,no,inherited from federal
us-ks,LIHEAP-F-USC-8626,federal,statute,EXTRACTABLE,,,no,inherited from federal
us-ky,LIHEAP-F-USC-8626,federal,statute,EXTRACTABLE,,,no,inherited from federal
us-la,LIHEAP-F-USC-8626,federal,statute,EXTRACTABLE,,,no,inherited from federal
us-ma,LIHEAP-F-USC-8626,federal,statute,EXTRACTABLE,,,no,inherited from federal
us-md,LIHEAP-F-USC-8626,federal,statute,EXTRACTABLE,,,no,inherited from federal
us-me,LIHEAP-F-USC-8626,federal,statute,EXTRACTABLE,,,no,inherited from federal
us-mi,LIHEAP-F-USC-8626,federal,statute,EXTRACTABLE,,,no,inherited from federal
us-mn,LIHEAP-F-USC-8626,federal,statute,EXTRACTABLE,,,no,inherited from federal
us-mo,LIHEAP-F-USC-8626,federal,statute,EXTRACTABLE,,,no,inherited from federal
us-ms,LIHEAP-F-USC-8626,federal,statute,EXTRACTABLE,,,no,inherited from federal
us-mt,LIHEAP-F-USC-8626,federal,statute,EXTRACTABLE,,,no,inherited from federal
us-nc,LIHEAP-F-USC-8626,federal,statute,EXTRACTABLE,,,no,inherited from federal
us-nd,LIHEAP-F-USC-8626,federal,statute,EXTRACTABLE,,,no,inherited from federal
us-ne,LIHEAP-F-USC-8626,federal,statute,EXTRACTABLE,,,no,inherited from federal
us-nh,LIHEAP-F-USC-8626,federal,statute,EXTRACTABLE,,,no,inherited from federal
us-nj,LIHEAP-F-USC-8626,federal,statute,EXTRACTABLE,,,no,inherited from federal
us-nm,LIHEAP-F-USC-8626,federal,statute,EXTRACTABLE,,,no,inherited from federal
us-nv,LIHEAP-F-USC-8626,federal,statute,EXTRACTABLE,,,no,inherited from federal
us-ny,LIHEAP-F-USC-8626,federal,statute,EXTRACTABLE,,,no,inherited from federal
us-oh,LIHEAP-F-USC-8626,federal,statute,EXTRACTABLE,,,no,inherited from federal
us-ok,LIHEAP-F-USC-8626,federal,statute,EXTRACTABLE,,,no,inherited from federal
us-or,LIHEAP-F-USC-8626,federal,statute,EXTRACTABLE,,,no,inherited from federal
us-pa,LIHEAP-F-USC-8626,federal,statute,EXTRACTABLE,,,no,inherited from federal
us-ri,LIHEAP-F-USC-8626,federal,statute,EXTRACTABLE,,,no,inherited from federal
us-sc,LIHEAP-F-USC-8626,federal,statute,EXTRACTABLE,,,no,inherited from federal
us-sd,LIHEAP-F-USC-8626,federal,statute,EXTRACTABLE,,,no,inherited from federal
us-tn,LIHEAP-F-USC-8626,federal,statute,EXTRACTABLE,,,no,inherited from federal
us-tx,LIHEAP-F-USC-8626,federal,statute,EXTRACTABLE,,,no,inherited from federal
us-ut,LIHEAP-F-USC-8626,federal,statute,EXTRACTABLE,,,no,inherited from federal
us-va,LIHEAP-F-USC-8626,federal,statute,EXTRACTABLE,,,no,inherited from federal
us-vt,LIHEAP-F-USC-8626,federal,statute,EXTRACTABLE,,,no,inherited from federal
us-wa,LIHEAP-F-USC-8626,federal,statute,EXTRACTABLE,,,no,inherited from federal
us-wi,LIHEAP-F-USC-8626,federal,statute,EXTRACTABLE,,,no,inherited from federal
us-wv,LIHEAP-F-USC-8626,federal,statute,EXTRACTABLE,,,no,inherited from federal
us-wy,LIHEAP-F-USC-8626,federal,statute,EXTRACTABLE,,,no,inherited from federal
us,LIHEAP-F-USC-8627,federal,statute,EXTRACTABLE,,,no,"no Title 42 ch. 94 section in any us/statute scope (checked all 128 files); publisher uscode.house.gov, also linked from https://acf.gov/ocs/law-regulation/liheap-statute-and-regulations (queue lead, needs_review row)"
us-ak,LIHEAP-F-USC-8627,federal,statute,EXTRACTABLE,,,no,inherited from federal
us-al,LIHEAP-F-USC-8627,federal,statute,EXTRACTABLE,,,no,inherited from federal
us-ar,LIHEAP-F-USC-8627,federal,statute,EXTRACTABLE,,,no,inherited from federal
us-az,LIHEAP-F-USC-8627,federal,statute,EXTRACTABLE,,,no,inherited from federal
us-ca,LIHEAP-F-USC-8627,federal,statute,EXTRACTABLE,,,no,inherited from federal
us-co,LIHEAP-F-USC-8627,federal,statute,EXTRACTABLE,,,no,inherited from federal
us-ct,LIHEAP-F-USC-8627,federal,statute,EXTRACTABLE,,,no,inherited from federal
us-dc,LIHEAP-F-USC-8627,federal,statute,EXTRACTABLE,,,no,inherited from federal
us-de,LIHEAP-F-USC-8627,federal,statute,EXTRACTABLE,,,no,inherited from federal
us-fl,LIHEAP-F-USC-8627,federal,statute,EXTRACTABLE,,,no,inherited from federal
us-ga,LIHEAP-F-USC-8627,federal,statute,EXTRACTABLE,,,no,inherited from federal
us-hi,LIHEAP-F-USC-8627,federal,statute,EXTRACTABLE,,,no,inherited from federal
us-ia,LIHEAP-F-USC-8627,federal,statute,EXTRACTABLE,,,no,inherited from federal
us-id,LIHEAP-F-USC-8627,federal,statute,EXTRACTABLE,,,no,inherited from federal
us-il,LIHEAP-F-USC-8627,federal,statute,EXTRACTABLE,,,no,inherited from federal
us-in,LIHEAP-F-USC-8627,federal,statute,EXTRACTABLE,,,no,inherited from federal
us-ks,LIHEAP-F-USC-8627,federal,statute,EXTRACTABLE,,,no,inherited from federal
us-ky,LIHEAP-F-USC-8627,federal,statute,EXTRACTABLE,,,no,inherited from federal
us-la,LIHEAP-F-USC-8627,federal,statute,EXTRACTABLE,,,no,inherited from federal
us-ma,LIHEAP-F-USC-8627,federal,statute,EXTRACTABLE,,,no,inherited from federal
us-md,LIHEAP-F-USC-8627,federal,statute,EXTRACTABLE,,,no,inherited from federal
us-me,LIHEAP-F-USC-8627,federal,statute,EXTRACTABLE,,,no,inherited from federal
us-mi,LIHEAP-F-USC-8627,federal,statute,EXTRACTABLE,,,no,inherited from federal
us-mn,LIHEAP-F-USC-8627,federal,statute,EXTRACTABLE,,,no,inherited from federal
us-mo,LIHEAP-F-USC-8627,federal,statute,EXTRACTABLE,,,no,inherited from federal
us-ms,LIHEAP-F-USC-8627,federal,statute,EXTRACTABLE,,,no,inherited from federal
us-mt,LIHEAP-F-USC-8627,federal,statute,EXTRACTABLE,,,no,inherited from federal
us-nc,LIHEAP-F-USC-8627,federal,statute,EXTRACTABLE,,,no,inherited from federal
us-nd,LIHEAP-F-USC-8627,federal,statute,EXTRACTABLE,,,no,inherited from federal
us-ne,LIHEAP-F-USC-8627,federal,statute,EXTRACTABLE,,,no,inherited from federal
us-nh,LIHEAP-F-USC-8627,federal,statute,EXTRACTABLE,,,no,inherited from federal
us-nj,LIHEAP-F-USC-8627,federal,statute,EXTRACTABLE,,,no,inherited from federal
us-nm,LIHEAP-F-USC-8627,federal,statute,EXTRACTABLE,,,no,inherited from federal
us-nv,LIHEAP-F-USC-8627,federal,statute,EXTRACTABLE,,,no,inherited from federal
us-ny,LIHEAP-F-USC-8627,federal,statute,EXTRACTABLE,,,no,inherited from federal
us-oh,LIHEAP-F-USC-8627,federal,statute,EXTRACTABLE,,,no,inherited from federal
us-ok,LIHEAP-F-USC-8627,federal,statute,EXTRACTABLE,,,no,inherited from federal
us-or,LIHEAP-F-USC-8627,federal,statute,EXTRACTABLE,,,no,inherited from federal
us-pa,LIHEAP-F-USC-8627,federal,statute,EXTRACTABLE,,,no,inherited from federal
us-ri,LIHEAP-F-USC-8627,federal,statute,EXTRACTABLE,,,no,inherited from federal
us-sc,LIHEAP-F-USC-8627,federal,statute,EXTRACTABLE,,,no,inherited from federal
us-sd,LIHEAP-F-USC-8627,federal,statute,EXTRACTABLE,,,no,inherited from federal
us-tn,LIHEAP-F-USC-8627,federal,statute,EXTRACTABLE,,,no,inherited from federal
us-tx,LIHEAP-F-USC-8627,federal,statute,EXTRACTABLE,,,no,inherited from federal
us-ut,LIHEAP-F-USC-8627,federal,statute,EXTRACTABLE,,,no,inherited from federal
us-va,LIHEAP-F-USC-8627,federal,statute,EXTRACTABLE,,,no,inherited from federal
us-vt,LIHEAP-F-USC-8627,federal,statute,EXTRACTABLE,,,no,inherited from federal
us-wa,LIHEAP-F-USC-8627,federal,statute,EXTRACTABLE,,,no,inherited from federal
us-wi,LIHEAP-F-USC-8627,federal,statute,EXTRACTABLE,,,no,inherited from federal
us-wv,LIHEAP-F-USC-8627,federal,statute,EXTRACTABLE,,,no,inherited from federal
us-wy,LIHEAP-F-USC-8627,federal,statute,EXTRACTABLE,,,no,inherited from federal
us,LIHEAP-F-USC-8628,federal,statute,EXTRACTABLE,,,no,"no Title 42 ch. 94 section in any us/statute scope (checked all 128 files); publisher uscode.house.gov, also linked from https://acf.gov/ocs/law-regulation/liheap-statute-and-regulations (queue lead, needs_review row)"
us-ak,LIHEAP-F-USC-8628,federal,statute,EXTRACTABLE,,,no,inherited from federal
us-al,LIHEAP-F-USC-8628,federal,statute,EXTRACTABLE,,,no,inherited from federal
us-ar,LIHEAP-F-USC-8628,federal,statute,EXTRACTABLE,,,no,inherited from federal
us-az,LIHEAP-F-USC-8628,federal,statute,EXTRACTABLE,,,no,inherited from federal
us-ca,LIHEAP-F-USC-8628,federal,statute,EXTRACTABLE,,,no,inherited from federal
us-co,LIHEAP-F-USC-8628,federal,statute,EXTRACTABLE,,,no,inherited from federal
us-ct,LIHEAP-F-USC-8628,federal,statute,EXTRACTABLE,,,no,inherited from federal
us-dc,LIHEAP-F-USC-8628,federal,statute,EXTRACTABLE,,,no,inherited from federal
us-de,LIHEAP-F-USC-8628,federal,statute,EXTRACTABLE,,,no,inherited from federal
us-fl,LIHEAP-F-USC-8628,federal,statute,EXTRACTABLE,,,no,inherited from federal
us-ga,LIHEAP-F-USC-8628,federal,statute,EXTRACTABLE,,,no,inherited from federal
us-hi,LIHEAP-F-USC-8628,federal,statute,EXTRACTABLE,,,no,inherited from federal
us-ia,LIHEAP-F-USC-8628,federal,statute,EXTRACTABLE,,,no,inherited from federal
us-id,LIHEAP-F-USC-8628,federal,statute,EXTRACTABLE,,,no,inherited from federal
us-il,LIHEAP-F-USC-8628,federal,statute,EXTRACTABLE,,,no,inherited from federal
us-in,LIHEAP-F-USC-8628,federal,statute,EXTRACTABLE,,,no,inherited from federal
us-ks,LIHEAP-F-USC-8628,federal,statute,EXTRACTABLE,,,no,inherited from federal
us-ky,LIHEAP-F-USC-8628,federal,statute,EXTRACTABLE,,,no,inherited from federal
us-la,LIHEAP-F-USC-8628,federal,statute,EXTRACTABLE,,,no,inherited from federal
us-ma,LIHEAP-F-USC-8628,federal,statute,EXTRACTABLE,,,no,inherited from federal
us-md,LIHEAP-F-USC-8628,federal,statute,EXTRACTABLE,,,no,inherited from federal
us-me,LIHEAP-F-USC-8628,federal,statute,EXTRACTABLE,,,no,inherited from federal
us-mi,LIHEAP-F-USC-8628,federal,statute,EXTRACTABLE,,,no,inherited from federal
us-mn,LIHEAP-F-USC-8628,federal,statute,EXTRACTABLE,,,no,inherited from federal
us-mo,LIHEAP-F-USC-8628,federal,statute,EXTRACTABLE,,,no,inherited from federal
us-ms,LIHEAP-F-USC-8628,federal,statute,EXTRACTABLE,,,no,inherited from federal
us-mt,LIHEAP-F-USC-8628,federal,statute,EXTRACTABLE,,,no,inherited from federal
us-nc,LIHEAP-F-USC-8628,federal,statute,EXTRACTABLE,,,no,inherited from federal
us-nd,LIHEAP-F-USC-8628,federal,statute,EXTRACTABLE,,,no,inherited from federal
us-ne,LIHEAP-F-USC-8628,federal,statute,EXTRACTABLE,,,no,inherited from federal
us-nh,LIHEAP-F-USC-8628,federal,statute,EXTRACTABLE,,,no,inherited from federal
us-nj,LIHEAP-F-USC-8628,federal,statute,EXTRACTABLE,,,no,inherited from federal
us-nm,LIHEAP-F-USC-8628,federal,statute,EXTRACTABLE,,,no,inherited from federal
us-nv,LIHEAP-F-USC-8628,federal,statute,EXTRACTABLE,,,no,inherited from federal
us-ny,LIHEAP-F-USC-8628,federal,statute,EXTRACTABLE,,,no,inherited from federal
us-oh,LIHEAP-F-USC-8628,federal,statute,EXTRACTABLE,,,no,inherited from federal
us-ok,LIHEAP-F-USC-8628,federal,statute,EXTRACTABLE,,,no,inherited from federal
us-or,LIHEAP-F-USC-8628,federal,statute,EXTRACTABLE,,,no,inherited from federal
us-pa,LIHEAP-F-USC-8628,federal,statute,EXTRACTABLE,,,no,inherited from federal
us-ri,LIHEAP-F-USC-8628,federal,statute,EXTRACTABLE,,,no,inherited from federal
us-sc,LIHEAP-F-USC-8628,federal,statute,EXTRACTABLE,,,no,inherited from federal
us-sd,LIHEAP-F-USC-8628,federal,statute,EXTRACTABLE,,,no,inherited from federal
us-tn,LIHEAP-F-USC-8628,federal,statute,EXTRACTABLE,,,no,inherited from federal
us-tx,LIHEAP-F-USC-8628,federal,statute,EXTRACTABLE,,,no,inherited from federal
us-ut,LIHEAP-F-USC-8628,federal,statute,EXTRACTABLE,,,no,inherited from federal
us-va,LIHEAP-F-USC-8628,federal,statute,EXTRACTABLE,,,no,inherited from federal
us-vt,LIHEAP-F-USC-8628,federal,statute,EXTRACTABLE,,,no,inherited from federal
us-wa,LIHEAP-F-USC-8628,federal,statute,EXTRACTABLE,,,no,inherited from federal
us-wi,LIHEAP-F-USC-8628,federal,statute,EXTRACTABLE,,,no,inherited from federal
us-wv,LIHEAP-F-USC-8628,federal,statute,EXTRACTABLE,,,no,inherited from federal
us-wy,LIHEAP-F-USC-8628,federal,statute,EXTRACTABLE,,,no,inherited from federal
us,LIHEAP-F-USC-8629,federal,statute,EXTRACTABLE,,,no,"no Title 42 ch. 94 section in any us/statute scope (checked all 128 files); publisher uscode.house.gov, also linked from https://acf.gov/ocs/law-regulation/liheap-statute-and-regulations (queue lead, needs_review row)"
us-ak,LIHEAP-F-USC-8629,federal,statute,EXTRACTABLE,,,no,inherited from federal
us-al,LIHEAP-F-USC-8629,federal,statute,EXTRACTABLE,,,no,inherited from federal
us-ar,LIHEAP-F-USC-8629,federal,statute,EXTRACTABLE,,,no,inherited from federal
us-az,LIHEAP-F-USC-8629,federal,statute,EXTRACTABLE,,,no,inherited from federal
us-ca,LIHEAP-F-USC-8629,federal,statute,EXTRACTABLE,,,no,inherited from federal
us-co,LIHEAP-F-USC-8629,federal,statute,EXTRACTABLE,,,no,inherited from federal
us-ct,LIHEAP-F-USC-8629,federal,statute,EXTRACTABLE,,,no,inherited from federal
us-dc,LIHEAP-F-USC-8629,federal,statute,EXTRACTABLE,,,no,inherited from federal
us-de,LIHEAP-F-USC-8629,federal,statute,EXTRACTABLE,,,no,inherited from federal
us-fl,LIHEAP-F-USC-8629,federal,statute,EXTRACTABLE,,,no,inherited from federal
us-ga,LIHEAP-F-USC-8629,federal,statute,EXTRACTABLE,,,no,inherited from federal
us-hi,LIHEAP-F-USC-8629,federal,statute,EXTRACTABLE,,,no,inherited from federal
us-ia,LIHEAP-F-USC-8629,federal,statute,EXTRACTABLE,,,no,inherited from federal
us-id,LIHEAP-F-USC-8629,federal,statute,EXTRACTABLE,,,no,inherited from federal
us-il,LIHEAP-F-USC-8629,federal,statute,EXTRACTABLE,,,no,inherited from federal
us-in,LIHEAP-F-USC-8629,federal,statute,EXTRACTABLE,,,no,inherited from federal
us-ks,LIHEAP-F-USC-8629,federal,statute,EXTRACTABLE,,,no,inherited from federal
us-ky,LIHEAP-F-USC-8629,federal,statute,EXTRACTABLE,,,no,inherited from federal
us-la,LIHEAP-F-USC-8629,federal,statute,EXTRACTABLE,,,no,inherited from federal
us-ma,LIHEAP-F-USC-8629,federal,statute,EXTRACTABLE,,,no,inherited from federal
us-md,LIHEAP-F-USC-8629,federal,statute,EXTRACTABLE,,,no,inherited from federal
us-me,LIHEAP-F-USC-8629,federal,statute,EXTRACTABLE,,,no,inherited from federal
us-mi,LIHEAP-F-USC-8629,federal,statute,EXTRACTABLE,,,no,inherited from federal
us-mn,LIHEAP-F-USC-8629,federal,statute,EXTRACTABLE,,,no,inherited from federal
us-mo,LIHEAP-F-USC-8629,federal,statute,EXTRACTABLE,,,no,inherited from federal
us-ms,LIHEAP-F-USC-8629,federal,statute,EXTRACTABLE,,,no,inherited from federal
us-mt,LIHEAP-F-USC-8629,federal,statute,EXTRACTABLE,,,no,inherited from federal
us-nc,LIHEAP-F-USC-8629,federal,statute,EXTRACTABLE,,,no,inherited from federal
us-nd,LIHEAP-F-USC-8629,federal,statute,EXTRACTABLE,,,no,inherited from federal
us-ne,LIHEAP-F-USC-8629,federal,statute,EXTRACTABLE,,,no,inherited from federal
us-nh,LIHEAP-F-USC-8629,federal,statute,EXTRACTABLE,,,no,inherited from federal
us-nj,LIHEAP-F-USC-8629,federal,statute,EXTRACTABLE,,,no,inherited from federal
us-nm,LIHEAP-F-USC-8629,federal,statute,EXTRACTABLE,,,no,inherited from federal
us-nv,LIHEAP-F-USC-8629,federal,statute,EXTRACTABLE,,,no,inherited from federal
us-ny,LIHEAP-F-USC-8629,federal,statute,EXTRACTABLE,,,no,inherited from federal
us-oh,LIHEAP-F-USC-8629,federal,statute,EXTRACTABLE,,,no,inherited from federal
us-ok,LIHEAP-F-USC-8629,federal,statute,EXTRACTABLE,,,no,inherited from federal
us-or,LIHEAP-F-USC-8629,federal,statute,EXTRACTABLE,,,no,inherited from federal
us-pa,LIHEAP-F-USC-8629,federal,statute,EXTRACTABLE,,,no,inherited from federal
us-ri,LIHEAP-F-USC-8629,federal,statute,EXTRACTABLE,,,no,inherited from federal
us-sc,LIHEAP-F-USC-8629,federal,statute,EXTRACTABLE,,,no,inherited from federal
us-sd,LIHEAP-F-USC-8629,federal,statute,EXTRACTABLE,,,no,inherited from federal
us-tn,LIHEAP-F-USC-8629,federal,statute,EXTRACTABLE,,,no,inherited from federal
us-tx,LIHEAP-F-USC-8629,federal,statute,EXTRACTABLE,,,no,inherited from federal
us-ut,LIHEAP-F-USC-8629,federal,statute,EXTRACTABLE,,,no,inherited from federal
us-va,LIHEAP-F-USC-8629,federal,statute,EXTRACTABLE,,,no,inherited from federal
us-vt,LIHEAP-F-USC-8629,federal,statute,EXTRACTABLE,,,no,inherited from federal
us-wa,LIHEAP-F-USC-8629,federal,statute,EXTRACTABLE,,,no,inherited from federal
us-wi,LIHEAP-F-USC-8629,federal,statute,EXTRACTABLE,,,no,inherited from federal
us-wv,LIHEAP-F-USC-8629,federal,statute,EXTRACTABLE,,,no,inherited from federal
us-wy,LIHEAP-F-USC-8629,federal,statute,EXTRACTABLE,,,no,inherited from federal
us,LIHEAP-F-USC-8630,federal,statute,EXTRACTABLE,,,no,"no Title 42 ch. 94 section in any us/statute scope (checked all 128 files); publisher uscode.house.gov, also linked from https://acf.gov/ocs/law-regulation/liheap-statute-and-regulations (queue lead, needs_review row)"
us-ak,LIHEAP-F-USC-8630,federal,statute,EXTRACTABLE,,,no,inherited from federal
us-al,LIHEAP-F-USC-8630,federal,statute,EXTRACTABLE,,,no,inherited from federal
us-ar,LIHEAP-F-USC-8630,federal,statute,EXTRACTABLE,,,no,inherited from federal
us-az,LIHEAP-F-USC-8630,federal,statute,EXTRACTABLE,,,no,inherited from federal
us-ca,LIHEAP-F-USC-8630,federal,statute,EXTRACTABLE,,,no,inherited from federal
us-co,LIHEAP-F-USC-8630,federal,statute,EXTRACTABLE,,,no,inherited from federal
us-ct,LIHEAP-F-USC-8630,federal,statute,EXTRACTABLE,,,no,inherited from federal
us-dc,LIHEAP-F-USC-8630,federal,statute,EXTRACTABLE,,,no,inherited from federal
us-de,LIHEAP-F-USC-8630,federal,statute,EXTRACTABLE,,,no,inherited from federal
us-fl,LIHEAP-F-USC-8630,federal,statute,EXTRACTABLE,,,no,inherited from federal
us-ga,LIHEAP-F-USC-8630,federal,statute,EXTRACTABLE,,,no,inherited from federal
us-hi,LIHEAP-F-USC-8630,federal,statute,EXTRACTABLE,,,no,inherited from federal
us-ia,LIHEAP-F-USC-8630,federal,statute,EXTRACTABLE,,,no,inherited from federal
us-id,LIHEAP-F-USC-8630,federal,statute,EXTRACTABLE,,,no,inherited from federal
us-il,LIHEAP-F-USC-8630,federal,statute,EXTRACTABLE,,,no,inherited from federal
us-in,LIHEAP-F-USC-8630,federal,statute,EXTRACTABLE,,,no,inherited from federal
us-ks,LIHEAP-F-USC-8630,federal,statute,EXTRACTABLE,,,no,inherited from federal
us-ky,LIHEAP-F-USC-8630,federal,statute,EXTRACTABLE,,,no,inherited from federal
us-la,LIHEAP-F-USC-8630,federal,statute,EXTRACTABLE,,,no,inherited from federal
us-ma,LIHEAP-F-USC-8630,federal,statute,EXTRACTABLE,,,no,inherited from federal
us-md,LIHEAP-F-USC-8630,federal,statute,EXTRACTABLE,,,no,inherited from federal
us-me,LIHEAP-F-USC-8630,federal,statute,EXTRACTABLE,,,no,inherited from federal
us-mi,LIHEAP-F-USC-8630,federal,statute,EXTRACTABLE,,,no,inherited from federal
us-mn,LIHEAP-F-USC-8630,federal,statute,EXTRACTABLE,,,no,inherited from federal
us-mo,LIHEAP-F-USC-8630,federal,statute,EXTRACTABLE,,,no,inherited from federal
us-ms,LIHEAP-F-USC-8630,federal,statute,EXTRACTABLE,,,no,inherited from federal
us-mt,LIHEAP-F-USC-8630,federal,statute,EXTRACTABLE,,,no,inherited from federal
us-nc,LIHEAP-F-USC-8630,federal,statute,EXTRACTABLE,,,no,inherited from federal
us-nd,LIHEAP-F-USC-8630,federal,statute,EXTRACTABLE,,,no,inherited from federal
us-ne,LIHEAP-F-USC-8630,federal,statute,EXTRACTABLE,,,no,inherited from federal
us-nh,LIHEAP-F-USC-8630,federal,statute,EXTRACTABLE,,,no,inherited from federal
us-nj,LIHEAP-F-USC-8630,federal,statute,EXTRACTABLE,,,no,inherited from federal
us-nm,LIHEAP-F-USC-8630,federal,statute,EXTRACTABLE,,,no,inherited from federal
us-nv,LIHEAP-F-USC-8630,federal,statute,EXTRACTABLE,,,no,inherited from federal
us-ny,LIHEAP-F-USC-8630,federal,statute,EXTRACTABLE,,,no,inherited from federal
us-oh,LIHEAP-F-USC-8630,federal,statute,EXTRACTABLE,,,no,inherited from federal
us-ok,LIHEAP-F-USC-8630,federal,statute,EXTRACTABLE,,,no,inherited from federal
us-or,LIHEAP-F-USC-8630,federal,statute,EXTRACTABLE,,,no,inherited from federal
us-pa,LIHEAP-F-USC-8630,federal,statute,EXTRACTABLE,,,no,inherited from federal
us-ri,LIHEAP-F-USC-8630,federal,statute,EXTRACTABLE,,,no,inherited from federal
us-sc,LIHEAP-F-USC-8630,federal,statute,EXTRACTABLE,,,no,inherited from federal
us-sd,LIHEAP-F-USC-8630,federal,statute,EXTRACTABLE,,,no,inherited from federal
us-tn,LIHEAP-F-USC-8630,federal,statute,EXTRACTABLE,,,no,inherited from federal
us-tx,LIHEAP-F-USC-8630,federal,statute,EXTRACTABLE,,,no,inherited from federal
us-ut,LIHEAP-F-USC-8630,federal,statute,EXTRACTABLE,,,no,inherited from federal
us-va,LIHEAP-F-USC-8630,federal,statute,EXTRACTABLE,,,no,inherited from federal
us-vt,LIHEAP-F-USC-8630,federal,statute,EXTRACTABLE,,,no,inherited from federal
us-wa,LIHEAP-F-USC-8630,federal,statute,EXTRACTABLE,,,no,inherited from federal
us-wi,LIHEAP-F-USC-8630,federal,statute,EXTRACTABLE,,,no,inherited from federal
us-wv,LIHEAP-F-USC-8630,federal,statute,EXTRACTABLE,,,no,inherited from federal
us-wy,LIHEAP-F-USC-8630,federal,statute,EXTRACTABLE,,,no,inherited from federal
us,LIHEAP-F-CFR96-96-80,federal,regulation,EXTRACTABLE,,,no,no us/regulation/45/96 path in the corpus; eCFR Versioner API (same publisher as the 2026-09-11 part 98/436/416 scopes; adapter now sends Accept-Encoding)
us-ak,LIHEAP-F-CFR96-96-80,federal,regulation,EXTRACTABLE,,,no,inherited from federal
us-al,LIHEAP-F-CFR96-96-80,federal,regulation,EXTRACTABLE,,,no,inherited from federal
us-ar,LIHEAP-F-CFR96-96-80,federal,regulation,EXTRACTABLE,,,no,inherited from federal
us-az,LIHEAP-F-CFR96-96-80,federal,regulation,EXTRACTABLE,,,no,inherited from federal
us-ca,LIHEAP-F-CFR96-96-80,federal,regulation,EXTRACTABLE,,,no,inherited from federal
us-co,LIHEAP-F-CFR96-96-80,federal,regulation,EXTRACTABLE,,,no,inherited from federal
us-ct,LIHEAP-F-CFR96-96-80,federal,regulation,EXTRACTABLE,,,no,inherited from federal
us-dc,LIHEAP-F-CFR96-96-80,federal,regulation,EXTRACTABLE,,,no,inherited from federal
us-de,LIHEAP-F-CFR96-96-80,federal,regulation,EXTRACTABLE,,,no,inherited from federal
us-fl,LIHEAP-F-CFR96-96-80,federal,regulation,EXTRACTABLE,,,no,inherited from federal
us-ga,LIHEAP-F-CFR96-96-80,federal,regulation,EXTRACTABLE,,,no,inherited from federal
us-hi,LIHEAP-F-CFR96-96-80,federal,regulation,EXTRACTABLE,,,no,inherited from federal
us-ia,LIHEAP-F-CFR96-96-80,federal,regulation,EXTRACTABLE,,,no,inherited from federal
us-id,LIHEAP-F-CFR96-96-80,federal,regulation,EXTRACTABLE,,,no,inherited from federal
us-il,LIHEAP-F-CFR96-96-80,federal,regulation,EXTRACTABLE,,,no,inherited from federal
us-in,LIHEAP-F-CFR96-96-80,federal,regulation,EXTRACTABLE,,,no,inherited from federal
us-ks,LIHEAP-F-CFR96-96-80,federal,regulation,EXTRACTABLE,,,no,inherited from federal
us-ky,LIHEAP-F-CFR96-96-80,federal,regulation,EXTRACTABLE,,,no,inherited from federal
us-la,LIHEAP-F-CFR96-96-80,federal,regulation,EXTRACTABLE,,,no,inherited from federal
us-ma,LIHEAP-F-CFR96-96-80,federal,regulation,EXTRACTABLE,,,no,inherited from federal
us-md,LIHEAP-F-CFR96-96-80,federal,regulation,EXTRACTABLE,,,no,inherited from federal
us-me,LIHEAP-F-CFR96-96-80,federal,regulation,EXTRACTABLE,,,no,inherited from federal
us-mi,LIHEAP-F-CFR96-96-80,federal,regulation,EXTRACTABLE,,,no,inherited from federal
us-mn,LIHEAP-F-CFR96-96-80,federal,regulation,EXTRACTABLE,,,no,inherited from federal
us-mo,LIHEAP-F-CFR96-96-80,federal,regulation,EXTRACTABLE,,,no,inherited from federal
us-ms,LIHEAP-F-CFR96-96-80,federal,regulation,EXTRACTABLE,,,no,inherited from federal
us-mt,LIHEAP-F-CFR96-96-80,federal,regulation,EXTRACTABLE,,,no,inherited from federal
us-nc,LIHEAP-F-CFR96-96-80,federal,regulation,EXTRACTABLE,,,no,inherited from federal
us-nd,LIHEAP-F-CFR96-96-80,federal,regulation,EXTRACTABLE,,,no,inherited from federal
us-ne,LIHEAP-F-CFR96-96-80,federal,regulation,EXTRACTABLE,,,no,inherited from federal
us-nh,LIHEAP-F-CFR96-96-80,federal,regulation,EXTRACTABLE,,,no,inherited from federal
us-nj,LIHEAP-F-CFR96-96-80,federal,regulation,EXTRACTABLE,,,no,inherited from federal
us-nm,LIHEAP-F-CFR96-96-80,federal,regulation,EXTRACTABLE,,,no,inherited from federal
us-nv,LIHEAP-F-CFR96-96-80,federal,regulation,EXTRACTABLE,,,no,inherited from federal
us-ny,LIHEAP-F-CFR96-96-80,federal,regulation,EXTRACTABLE,,,no,inherited from federal
us-oh,LIHEAP-F-CFR96-96-80,federal,regulation,EXTRACTABLE,,,no,inherited from federal
us-ok,LIHEAP-F-CFR96-96-80,federal,regulation,EXTRACTABLE,,,no,inherited from federal
us-or,LIHEAP-F-CFR96-96-80,federal,regulation,EXTRACTABLE,,,no,inherited from federal
us-pa,LIHEAP-F-CFR96-96-80,federal,regulation,EXTRACTABLE,,,no,inherited from federal
us-ri,LIHEAP-F-CFR96-96-80,federal,regulation,EXTRACTABLE,,,no,inherited from federal
us-sc,LIHEAP-F-CFR96-96-80,federal,regulation,EXTRACTABLE,,,no,inherited from federal
us-sd,LIHEAP-F-CFR96-96-80,federal,regulation,EXTRACTABLE,,,no,inherited from federal
us-tn,LIHEAP-F-CFR96-96-80,federal,regulation,EXTRACTABLE,,,no,inherited from federal
us-tx,LIHEAP-F-CFR96-96-80,federal,regulation,EXTRACTABLE,,,no,inherited from federal
us-ut,LIHEAP-F-CFR96-96-80,federal,regulation,EXTRACTABLE,,,no,inherited from federal
us-va,LIHEAP-F-CFR96-96-80,federal,regulation,EXTRACTABLE,,,no,inherited from federal
us-vt,LIHEAP-F-CFR96-96-80,federal,regulation,EXTRACTABLE,,,no,inherited from federal
us-wa,LIHEAP-F-CFR96-96-80,federal,regulation,EXTRACTABLE,,,no,inherited from federal
us-wi,LIHEAP-F-CFR96-96-80,federal,regulation,EXTRACTABLE,,,no,inherited from federal
us-wv,LIHEAP-F-CFR96-96-80,federal,regulation,EXTRACTABLE,,,no,inherited from federal
us-wy,LIHEAP-F-CFR96-96-80,federal,regulation,EXTRACTABLE,,,no,inherited from federal
us,LIHEAP-F-CFR96-96-81,federal,regulation,EXTRACTABLE,,,no,no us/regulation/45/96 path in the corpus; eCFR Versioner API (same publisher as the 2026-09-11 part 98/436/416 scopes; adapter now sends Accept-Encoding)
us-ak,LIHEAP-F-CFR96-96-81,federal,regulation,EXTRACTABLE,,,no,inherited from federal
us-al,LIHEAP-F-CFR96-96-81,federal,regulation,EXTRACTABLE,,,no,inherited from federal
us-ar,LIHEAP-F-CFR96-96-81,federal,regulation,EXTRACTABLE,,,no,inherited from federal
us-az,LIHEAP-F-CFR96-96-81,federal,regulation,EXTRACTABLE,,,no,inherited from federal
us-ca,LIHEAP-F-CFR96-96-81,federal,regulation,EXTRACTABLE,,,no,inherited from federal
us-co,LIHEAP-F-CFR96-96-81,federal,regulation,EXTRACTABLE,,,no,inherited from federal
us-ct,LIHEAP-F-CFR96-96-81,federal,regulation,EXTRACTABLE,,,no,inherited from federal
us-dc,LIHEAP-F-CFR96-96-81,federal,regulation,EXTRACTABLE,,,no,inherited from federal
us-de,LIHEAP-F-CFR96-96-81,federal,regulation,EXTRACTABLE,,,no,inherited from federal
us-fl,LIHEAP-F-CFR96-96-81,federal,regulation,EXTRACTABLE,,,no,inherited from federal
us-ga,LIHEAP-F-CFR96-96-81,federal,regulation,EXTRACTABLE,,,no,inherited from federal
us-hi,LIHEAP-F-CFR96-96-81,federal,regulation,EXTRACTABLE,,,no,inherited from federal
us-ia,LIHEAP-F-CFR96-96-81,federal,regulation,EXTRACTABLE,,,no,inherited from federal
us-id,LIHEAP-F-CFR96-96-81,federal,regulation,EXTRACTABLE,,,no,inherited from federal
us-il,LIHEAP-F-CFR96-96-81,federal,regulation,EXTRACTABLE,,,no,inherited from federal
us-in,LIHEAP-F-CFR96-96-81,federal,regulation,EXTRACTABLE,,,no,inherited from federal
us-ks,LIHEAP-F-CFR96-96-81,federal,regulation,EXTRACTABLE,,,no,inherited from federal
us-ky,LIHEAP-F-CFR96-96-81,federal,regulation,EXTRACTABLE,,,no,inherited from federal
us-la,LIHEAP-F-CFR96-96-81,federal,regulation,EXTRACTABLE,,,no,inherited from federal
us-ma,LIHEAP-F-CFR96-96-81,federal,regulation,EXTRACTABLE,,,no,inherited from federal
us-md,LIHEAP-F-CFR96-96-81,federal,regulation,EXTRACTABLE,,,no,inherited from federal
us-me,LIHEAP-F-CFR96-96-81,federal,regulation,EXTRACTABLE,,,no,inherited from federal
us-mi,LIHEAP-F-CFR96-96-81,federal,regulation,EXTRACTABLE,,,no,inherited from federal
us-mn,LIHEAP-F-CFR96-96-81,federal,regulation,EXTRACTABLE,,,no,inherited from federal
us-mo,LIHEAP-F-CFR96-96-81,federal,regulation,EXTRACTABLE,,,no,inherited from federal
us-ms,LIHEAP-F-CFR96-96-81,federal,regulation,EXTRACTABLE,,,no,inherited from federal
us-mt,LIHEAP-F-CFR96-96-81,federal,regulation,EXTRACTABLE,,,no,inherited from federal
us-nc,LIHEAP-F-CFR96-96-81,federal,regulation,EXTRACTABLE,,,no,inherited from federal
us-nd,LIHEAP-F-CFR96-96-81,federal,regulation,EXTRACTABLE,,,no,inherited from federal
us-ne,LIHEAP-F-CFR96-96-81,federal,regulation,EXTRACTABLE,,,no,inherited from federal
us-nh,LIHEAP-F-CFR96-96-81,federal,regulation,EXTRACTABLE,,,no,inherited from federal
us-nj,LIHEAP-F-CFR96-96-81,federal,regulation,EXTRACTABLE,,,no,inherited from federal
us-nm,LIHEAP-F-CFR96-96-81,federal,regulation,EXTRACTABLE,,,no,inherited from federal
us-nv,LIHEAP-F-CFR96-96-81,federal,regulation,EXTRACTABLE,,,no,inherited from federal
us-ny,LIHEAP-F-CFR96-96-81,federal,regulation,EXTRACTABLE,,,no,inherited from federal
us-oh,LIHEAP-F-CFR96-96-81,federal,regulation,EXTRACTABLE,,,no,inherited from federal
us-ok,LIHEAP-F-CFR96-96-81,federal,regulation,EXTRACTABLE,,,no,inherited from federal
us-or,LIHEAP-F-CFR96-96-81,federal,regulation,EXTRACTABLE,,,no,inherited from federal
us-pa,LIHEAP-F-CFR96-96-81,federal,regulation,EXTRACTABLE,,,no,inherited from federal
us-ri,LIHEAP-F-CFR96-96-81,federal,regulation,EXTRACTABLE,,,no,inherited from federal
us-sc,LIHEAP-F-CFR96-96-81,federal,regulation,EXTRACTABLE,,,no,inherited from federal
us-sd,LIHEAP-F-CFR96-96-81,federal,regulation,EXTRACTABLE,,,no,inherited from federal
us-tn,LIHEAP-F-CFR96-96-81,federal,regulation,EXTRACTABLE,,,no,inherited from federal
us-tx,LIHEAP-F-CFR96-96-81,federal,regulation,EXTRACTABLE,,,no,inherited from federal
us-ut,LIHEAP-F-CFR96-96-81,federal,regulation,EXTRACTABLE,,,no,inherited from federal
us-va,LIHEAP-F-CFR96-96-81,federal,regulation,EXTRACTABLE,,,no,inherited from federal
us-vt,LIHEAP-F-CFR96-96-81,federal,regulation,EXTRACTABLE,,,no,inherited from federal
us-wa,LIHEAP-F-CFR96-96-81,federal,regulation,EXTRACTABLE,,,no,inherited from federal
us-wi,LIHEAP-F-CFR96-96-81,federal,regulation,EXTRACTABLE,,,no,inherited from federal
us-wv,LIHEAP-F-CFR96-96-81,federal,regulation,EXTRACTABLE,,,no,inherited from federal
us-wy,LIHEAP-F-CFR96-96-81,federal,regulation,EXTRACTABLE,,,no,inherited from federal
us,LIHEAP-F-CFR96-96-82,federal,regulation,EXTRACTABLE,,,no,no us/regulation/45/96 path in the corpus; eCFR Versioner API (same publisher as the 2026-09-11 part 98/436/416 scopes; adapter now sends Accept-Encoding)
us-ak,LIHEAP-F-CFR96-96-82,federal,regulation,EXTRACTABLE,,,no,inherited from federal
us-al,LIHEAP-F-CFR96-96-82,federal,regulation,EXTRACTABLE,,,no,inherited from federal
us-ar,LIHEAP-F-CFR96-96-82,federal,regulation,EXTRACTABLE,,,no,inherited from federal
us-az,LIHEAP-F-CFR96-96-82,federal,regulation,EXTRACTABLE,,,no,inherited from federal
us-ca,LIHEAP-F-CFR96-96-82,federal,regulation,EXTRACTABLE,,,no,inherited from federal
us-co,LIHEAP-F-CFR96-96-82,federal,regulation,EXTRACTABLE,,,no,inherited from federal
us-ct,LIHEAP-F-CFR96-96-82,federal,regulation,EXTRACTABLE,,,no,inherited from federal
us-dc,LIHEAP-F-CFR96-96-82,federal,regulation,EXTRACTABLE,,,no,inherited from federal
us-de,LIHEAP-F-CFR96-96-82,federal,regulation,EXTRACTABLE,,,no,inherited from federal
us-fl,LIHEAP-F-CFR96-96-82,federal,regulation,EXTRACTABLE,,,no,inherited from federal
us-ga,LIHEAP-F-CFR96-96-82,federal,regulation,EXTRACTABLE,,,no,inherited from federal
us-hi,LIHEAP-F-CFR96-96-82,federal,regulation,EXTRACTABLE,,,no,inherited from federal
us-ia,LIHEAP-F-CFR96-96-82,federal,regulation,EXTRACTABLE,,,no,inherited from federal
us-id,LIHEAP-F-CFR96-96-82,federal,regulation,EXTRACTABLE,,,no,inherited from federal
us-il,LIHEAP-F-CFR96-96-82,federal,regulation,EXTRACTABLE,,,no,inherited from federal
us-in,LIHEAP-F-CFR96-96-82,federal,regulation,EXTRACTABLE,,,no,inherited from federal
us-ks,LIHEAP-F-CFR96-96-82,federal,regulation,EXTRACTABLE,,,no,inherited from federal
us-ky,LIHEAP-F-CFR96-96-82,federal,regulation,EXTRACTABLE,,,no,inherited from federal
us-la,LIHEAP-F-CFR96-96-82,federal,regulation,EXTRACTABLE,,,no,inherited from federal
us-ma,LIHEAP-F-CFR96-96-82,federal,regulation,EXTRACTABLE,,,no,inherited from federal
us-md,LIHEAP-F-CFR96-96-82,federal,regulation,EXTRACTABLE,,,no,inherited from federal
us-me,LIHEAP-F-CFR96-96-82,federal,regulation,EXTRACTABLE,,,no,inherited from federal
us-mi,LIHEAP-F-CFR96-96-82,federal,regulation,EXTRACTABLE,,,no,inherited from federal
us-mn,LIHEAP-F-CFR96-96-82,federal,regulation,EXTRACTABLE,,,no,inherited from federal
us-mo,LIHEAP-F-CFR96-96-82,federal,regulation,EXTRACTABLE,,,no,inherited from federal
us-ms,LIHEAP-F-CFR96-96-82,federal,regulation,EXTRACTABLE,,,no,inherited from federal
us-mt,LIHEAP-F-CFR96-96-82,federal,regulation,EXTRACTABLE,,,no,inherited from federal
us-nc,LIHEAP-F-CFR96-96-82,federal,regulation,EXTRACTABLE,,,no,inherited from federal
us-nd,LIHEAP-F-CFR96-96-82,federal,regulation,EXTRACTABLE,,,no,inherited from federal
us-ne,LIHEAP-F-CFR96-96-82,federal,regulation,EXTRACTABLE,,,no,inherited from federal
us-nh,LIHEAP-F-CFR96-96-82,federal,regulation,EXTRACTABLE,,,no,inherited from federal
us-nj,LIHEAP-F-CFR96-96-82,federal,regulation,EXTRACTABLE,,,no,inherited from federal
us-nm,LIHEAP-F-CFR96-96-82,federal,regulation,EXTRACTABLE,,,no,inherited from federal
us-nv,LIHEAP-F-CFR96-96-82,federal,regulation,EXTRACTABLE,,,no,inherited from federal
us-ny,LIHEAP-F-CFR96-96-82,federal,regulation,EXTRACTABLE,,,no,inherited from federal
us-oh,LIHEAP-F-CFR96-96-82,federal,regulation,EXTRACTABLE,,,no,inherited from federal
us-ok,LIHEAP-F-CFR96-96-82,federal,regulation,EXTRACTABLE,,,no,inherited from federal
us-or,LIHEAP-F-CFR96-96-82,federal,regulation,EXTRACTABLE,,,no,inherited from federal
us-pa,LIHEAP-F-CFR96-96-82,federal,regulation,EXTRACTABLE,,,no,inherited from federal
us-ri,LIHEAP-F-CFR96-96-82,federal,regulation,EXTRACTABLE,,,no,inherited from federal
us-sc,LIHEAP-F-CFR96-96-82,federal,regulation,EXTRACTABLE,,,no,inherited from federal
us-sd,LIHEAP-F-CFR96-96-82,federal,regulation,EXTRACTABLE,,,no,inherited from federal
us-tn,LIHEAP-F-CFR96-96-82,federal,regulation,EXTRACTABLE,,,no,inherited from federal
us-tx,LIHEAP-F-CFR96-96-82,federal,regulation,EXTRACTABLE,,,no,inherited from federal
us-ut,LIHEAP-F-CFR96-96-82,federal,regulation,EXTRACTABLE,,,no,inherited from federal
us-va,LIHEAP-F-CFR96-96-82,federal,regulation,EXTRACTABLE,,,no,inherited from federal
us-vt,LIHEAP-F-CFR96-96-82,federal,regulation,EXTRACTABLE,,,no,inherited from federal
us-wa,LIHEAP-F-CFR96-96-82,federal,regulation,EXTRACTABLE,,,no,inherited from federal
us-wi,LIHEAP-F-CFR96-96-82,federal,regulation,EXTRACTABLE,,,no,inherited from federal
us-wv,LIHEAP-F-CFR96-96-82,federal,regulation,EXTRACTABLE,,,no,inherited from federal
us-wy,LIHEAP-F-CFR96-96-82,federal,regulation,EXTRACTABLE,,,no,inherited from federal
us,LIHEAP-F-CFR96-96-83,federal,regulation,EXTRACTABLE,,,no,no us/regulation/45/96 path in the corpus; eCFR Versioner API (same publisher as the 2026-09-11 part 98/436/416 scopes; adapter now sends Accept-Encoding)
us-ak,LIHEAP-F-CFR96-96-83,federal,regulation,EXTRACTABLE,,,no,inherited from federal
us-al,LIHEAP-F-CFR96-96-83,federal,regulation,EXTRACTABLE,,,no,inherited from federal
us-ar,LIHEAP-F-CFR96-96-83,federal,regulation,EXTRACTABLE,,,no,inherited from federal
us-az,LIHEAP-F-CFR96-96-83,federal,regulation,EXTRACTABLE,,,no,inherited from federal
us-ca,LIHEAP-F-CFR96-96-83,federal,regulation,EXTRACTABLE,,,no,inherited from federal
us-co,LIHEAP-F-CFR96-96-83,federal,regulation,EXTRACTABLE,,,no,inherited from federal
us-ct,LIHEAP-F-CFR96-96-83,federal,regulation,EXTRACTABLE,,,no,inherited from federal
us-dc,LIHEAP-F-CFR96-96-83,federal,regulation,EXTRACTABLE,,,no,inherited from federal
us-de,LIHEAP-F-CFR96-96-83,federal,regulation,EXTRACTABLE,,,no,inherited from federal
us-fl,LIHEAP-F-CFR96-96-83,federal,regulation,EXTRACTABLE,,,no,inherited from federal
us-ga,LIHEAP-F-CFR96-96-83,federal,regulation,EXTRACTABLE,,,no,inherited from federal
us-hi,LIHEAP-F-CFR96-96-83,federal,regulation,EXTRACTABLE,,,no,inherited from federal
us-ia,LIHEAP-F-CFR96-96-83,federal,regulation,EXTRACTABLE,,,no,inherited from federal
us-id,LIHEAP-F-CFR96-96-83,federal,regulation,EXTRACTABLE,,,no,inherited from federal
us-il,LIHEAP-F-CFR96-96-83,federal,regulation,EXTRACTABLE,,,no,inherited from federal
us-in,LIHEAP-F-CFR96-96-83,federal,regulation,EXTRACTABLE,,,no,inherited from federal
us-ks,LIHEAP-F-CFR96-96-83,federal,regulation,EXTRACTABLE,,,no,inherited from federal
us-ky,LIHEAP-F-CFR96-96-83,federal,regulation,EXTRACTABLE,,,no,inherited from federal
us-la,LIHEAP-F-CFR96-96-83,federal,regulation,EXTRACTABLE,,,no,inherited from federal
us-ma,LIHEAP-F-CFR96-96-83,federal,regulation,EXTRACTABLE,,,no,inherited from federal
us-md,LIHEAP-F-CFR96-96-83,federal,regulation,EXTRACTABLE,,,no,inherited from federal
us-me,LIHEAP-F-CFR96-96-83,federal,regulation,EXTRACTABLE,,,no,inherited from federal
us-mi,LIHEAP-F-CFR96-96-83,federal,regulation,EXTRACTABLE,,,no,inherited from federal
us-mn,LIHEAP-F-CFR96-96-83,federal,regulation,EXTRACTABLE,,,no,inherited from federal
us-mo,LIHEAP-F-CFR96-96-83,federal,regulation,EXTRACTABLE,,,no,inherited from federal
us-ms,LIHEAP-F-CFR96-96-83,federal,regulation,EXTRACTABLE,,,no,inherited from federal
us-mt,LIHEAP-F-CFR96-96-83,federal,regulation,EXTRACTABLE,,,no,inherited from federal
us-nc,LIHEAP-F-CFR96-96-83,federal,regulation,EXTRACTABLE,,,no,inherited from federal
us-nd,LIHEAP-F-CFR96-96-83,federal,regulation,EXTRACTABLE,,,no,inherited from federal
us-ne,LIHEAP-F-CFR96-96-83,federal,regulation,EXTRACTABLE,,,no,inherited from federal
us-nh,LIHEAP-F-CFR96-96-83,federal,regulation,EXTRACTABLE,,,no,inherited from federal
us-nj,LIHEAP-F-CFR96-96-83,federal,regulation,EXTRACTABLE,,,no,inherited from federal
us-nm,LIHEAP-F-CFR96-96-83,federal,regulation,EXTRACTABLE,,,no,inherited from federal
us-nv,LIHEAP-F-CFR96-96-83,federal,regulation,EXTRACTABLE,,,no,inherited from federal
us-ny,LIHEAP-F-CFR96-96-83,federal,regulation,EXTRACTABLE,,,no,inherited from federal
us-oh,LIHEAP-F-CFR96-96-83,federal,regulation,EXTRACTABLE,,,no,inherited from federal
us-ok,LIHEAP-F-CFR96-96-83,federal,regulation,EXTRACTABLE,,,no,inherited from federal
us-or,LIHEAP-F-CFR96-96-83,federal,regulation,EXTRACTABLE,,,no,inherited from federal
us-pa,LIHEAP-F-CFR96-96-83,federal,regulation,EXTRACTABLE,,,no,inherited from federal
us-ri,LIHEAP-F-CFR96-96-83,federal,regulation,EXTRACTABLE,,,no,inherited from federal
us-sc,LIHEAP-F-CFR96-96-83,federal,regulation,EXTRACTABLE,,,no,inherited from federal
us-sd,LIHEAP-F-CFR96-96-83,federal,regulation,EXTRACTABLE,,,no,inherited from federal
us-tn,LIHEAP-F-CFR96-96-83,federal,regulation,EXTRACTABLE,,,no,inherited from federal
us-tx,LIHEAP-F-CFR96-96-83,federal,regulation,EXTRACTABLE,,,no,inherited from federal
us-ut,LIHEAP-F-CFR96-96-83,federal,regulation,EXTRACTABLE,,,no,inherited from federal
us-va,LIHEAP-F-CFR96-96-83,federal,regulation,EXTRACTABLE,,,no,inherited from federal
us-vt,LIHEAP-F-CFR96-96-83,federal,regulation,EXTRACTABLE,,,no,inherited from federal
us-wa,LIHEAP-F-CFR96-96-83,federal,regulation,EXTRACTABLE,,,no,inherited from federal
us-wi,LIHEAP-F-CFR96-96-83,federal,regulation,EXTRACTABLE,,,no,inherited from federal
us-wv,LIHEAP-F-CFR96-96-83,federal,regulation,EXTRACTABLE,,,no,inherited from federal
us-wy,LIHEAP-F-CFR96-96-83,federal,regulation,EXTRACTABLE,,,no,inherited from federal
us,LIHEAP-F-CFR96-96-84,federal,regulation,EXTRACTABLE,,,no,no us/regulation/45/96 path in the corpus; eCFR Versioner API (same publisher as the 2026-09-11 part 98/436/416 scopes; adapter now sends Accept-Encoding)
us-ak,LIHEAP-F-CFR96-96-84,federal,regulation,EXTRACTABLE,,,no,inherited from federal
us-al,LIHEAP-F-CFR96-96-84,federal,regulation,EXTRACTABLE,,,no,inherited from federal
us-ar,LIHEAP-F-CFR96-96-84,federal,regulation,EXTRACTABLE,,,no,inherited from federal
us-az,LIHEAP-F-CFR96-96-84,federal,regulation,EXTRACTABLE,,,no,inherited from federal
us-ca,LIHEAP-F-CFR96-96-84,federal,regulation,EXTRACTABLE,,,no,inherited from federal
us-co,LIHEAP-F-CFR96-96-84,federal,regulation,EXTRACTABLE,,,no,inherited from federal
us-ct,LIHEAP-F-CFR96-96-84,federal,regulation,EXTRACTABLE,,,no,inherited from federal
us-dc,LIHEAP-F-CFR96-96-84,federal,regulation,EXTRACTABLE,,,no,inherited from federal
us-de,LIHEAP-F-CFR96-96-84,federal,regulation,EXTRACTABLE,,,no,inherited from federal
us-fl,LIHEAP-F-CFR96-96-84,federal,regulation,EXTRACTABLE,,,no,inherited from federal
us-ga,LIHEAP-F-CFR96-96-84,federal,regulation,EXTRACTABLE,,,no,inherited from federal
us-hi,LIHEAP-F-CFR96-96-84,federal,regulation,EXTRACTABLE,,,no,inherited from federal
us-ia,LIHEAP-F-CFR96-96-84,federal,regulation,EXTRACTABLE,,,no,inherited from federal
us-id,LIHEAP-F-CFR96-96-84,federal,regulation,EXTRACTABLE,,,no,inherited from federal
us-il,LIHEAP-F-CFR96-96-84,federal,regulation,EXTRACTABLE,,,no,inherited from federal
us-in,LIHEAP-F-CFR96-96-84,federal,regulation,EXTRACTABLE,,,no,inherited from federal
us-ks,LIHEAP-F-CFR96-96-84,federal,regulation,EXTRACTABLE,,,no,inherited from federal
us-ky,LIHEAP-F-CFR96-96-84,federal,regulation,EXTRACTABLE,,,no,inherited from federal
us-la,LIHEAP-F-CFR96-96-84,federal,regulation,EXTRACTABLE,,,no,inherited from federal
us-ma,LIHEAP-F-CFR96-96-84,federal,regulation,EXTRACTABLE,,,no,inherited from federal
us-md,LIHEAP-F-CFR96-96-84,federal,regulation,EXTRACTABLE,,,no,inherited from federal
us-me,LIHEAP-F-CFR96-96-84,federal,regulation,EXTRACTABLE,,,no,inherited from federal
us-mi,LIHEAP-F-CFR96-96-84,federal,regulation,EXTRACTABLE,,,no,inherited from federal
us-mn,LIHEAP-F-CFR96-96-84,federal,regulation,EXTRACTABLE,,,no,inherited from federal
us-mo,LIHEAP-F-CFR96-96-84,federal,regulation,EXTRACTABLE,,,no,inherited from federal
us-ms,LIHEAP-F-CFR96-96-84,federal,regulation,EXTRACTABLE,,,no,inherited from federal
us-mt,LIHEAP-F-CFR96-96-84,federal,regulation,EXTRACTABLE,,,no,inherited from federal
us-nc,LIHEAP-F-CFR96-96-84,federal,regulation,EXTRACTABLE,,,no,inherited from federal
us-nd,LIHEAP-F-CFR96-96-84,federal,regulation,EXTRACTABLE,,,no,inherited from federal
us-ne,LIHEAP-F-CFR96-96-84,federal,regulation,EXTRACTABLE,,,no,inherited from federal
us-nh,LIHEAP-F-CFR96-96-84,federal,regulation,EXTRACTABLE,,,no,inherited from federal
us-nj,LIHEAP-F-CFR96-96-84,federal,regulation,EXTRACTABLE,,,no,inherited from federal
us-nm,LIHEAP-F-CFR96-96-84,federal,regulation,EXTRACTABLE,,,no,inherited from federal
us-nv,LIHEAP-F-CFR96-96-84,federal,regulation,EXTRACTABLE,,,no,inherited from federal
us-ny,LIHEAP-F-CFR96-96-84,federal,regulation,EXTRACTABLE,,,no,inherited from federal
us-oh,LIHEAP-F-CFR96-96-84,federal,regulation,EXTRACTABLE,,,no,inherited from federal
us-ok,LIHEAP-F-CFR96-96-84,federal,regulation,EXTRACTABLE,,,no,inherited from federal
us-or,LIHEAP-F-CFR96-96-84,federal,regulation,EXTRACTABLE,,,no,inherited from federal
us-pa,LIHEAP-F-CFR96-96-84,federal,regulation,EXTRACTABLE,,,no,inherited from federal
us-ri,LIHEAP-F-CFR96-96-84,federal,regulation,EXTRACTABLE,,,no,inherited from federal
us-sc,LIHEAP-F-CFR96-96-84,federal,regulation,EXTRACTABLE,,,no,inherited from federal
us-sd,LIHEAP-F-CFR96-96-84,federal,regulation,EXTRACTABLE,,,no,inherited from federal
us-tn,LIHEAP-F-CFR96-96-84,federal,regulation,EXTRACTABLE,,,no,inherited from federal
us-tx,LIHEAP-F-CFR96-96-84,federal,regulation,EXTRACTABLE,,,no,inherited from federal
us-ut,LIHEAP-F-CFR96-96-84,federal,regulation,EXTRACTABLE,,,no,inherited from federal
us-va,LIHEAP-F-CFR96-96-84,federal,regulation,EXTRACTABLE,,,no,inherited from federal
us-vt,LIHEAP-F-CFR96-96-84,federal,regulation,EXTRACTABLE,,,no,inherited from federal
us-wa,LIHEAP-F-CFR96-96-84,federal,regulation,EXTRACTABLE,,,no,inherited from federal
us-wi,LIHEAP-F-CFR96-96-84,federal,regulation,EXTRACTABLE,,,no,inherited from federal
us-wv,LIHEAP-F-CFR96-96-84,federal,regulation,EXTRACTABLE,,,no,inherited from federal
us-wy,LIHEAP-F-CFR96-96-84,federal,regulation,EXTRACTABLE,,,no,inherited from federal
us,LIHEAP-F-CFR96-96-85,federal,regulation,EXTRACTABLE,,,partial,no us/regulation/45/96 path in the corpus; eCFR Versioner API (same publisher as the 2026-09-11 part 98/436/416 scopes; adapter now sends Accept-Encoding)
us-ak,LIHEAP-F-CFR96-96-85,federal,regulation,EXTRACTABLE,,,partial,inherited from federal
us-al,LIHEAP-F-CFR96-96-85,federal,regulation,EXTRACTABLE,,,partial,inherited from federal
us-ar,LIHEAP-F-CFR96-96-85,federal,regulation,EXTRACTABLE,,,partial,inherited from federal
us-az,LIHEAP-F-CFR96-96-85,federal,regulation,EXTRACTABLE,,,partial,inherited from federal
us-ca,LIHEAP-F-CFR96-96-85,federal,regulation,EXTRACTABLE,,,partial,inherited from federal
us-co,LIHEAP-F-CFR96-96-85,federal,regulation,EXTRACTABLE,,,partial,inherited from federal
us-ct,LIHEAP-F-CFR96-96-85,federal,regulation,EXTRACTABLE,,,partial,inherited from federal
us-dc,LIHEAP-F-CFR96-96-85,federal,regulation,EXTRACTABLE,,,partial,inherited from federal
us-de,LIHEAP-F-CFR96-96-85,federal,regulation,EXTRACTABLE,,,partial,inherited from federal
us-fl,LIHEAP-F-CFR96-96-85,federal,regulation,EXTRACTABLE,,,partial,inherited from federal
us-ga,LIHEAP-F-CFR96-96-85,federal,regulation,EXTRACTABLE,,,partial,inherited from federal
us-hi,LIHEAP-F-CFR96-96-85,federal,regulation,EXTRACTABLE,,,partial,inherited from federal
us-ia,LIHEAP-F-CFR96-96-85,federal,regulation,EXTRACTABLE,,,partial,inherited from federal
us-id,LIHEAP-F-CFR96-96-85,federal,regulation,EXTRACTABLE,,,partial,inherited from federal
us-il,LIHEAP-F-CFR96-96-85,federal,regulation,EXTRACTABLE,,,partial,inherited from federal
us-in,LIHEAP-F-CFR96-96-85,federal,regulation,EXTRACTABLE,,,partial,inherited from federal
us-ks,LIHEAP-F-CFR96-96-85,federal,regulation,EXTRACTABLE,,,partial,inherited from federal
us-ky,LIHEAP-F-CFR96-96-85,federal,regulation,EXTRACTABLE,,,partial,inherited from federal
us-la,LIHEAP-F-CFR96-96-85,federal,regulation,EXTRACTABLE,,,partial,inherited from federal
us-ma,LIHEAP-F-CFR96-96-85,federal,regulation,EXTRACTABLE,,,partial,inherited from federal
us-md,LIHEAP-F-CFR96-96-85,federal,regulation,EXTRACTABLE,,,partial,inherited from federal
us-me,LIHEAP-F-CFR96-96-85,federal,regulation,EXTRACTABLE,,,partial,inherited from federal
us-mi,LIHEAP-F-CFR96-96-85,federal,regulation,EXTRACTABLE,,,partial,inherited from federal
us-mn,LIHEAP-F-CFR96-96-85,federal,regulation,EXTRACTABLE,,,partial,inherited from federal
us-mo,LIHEAP-F-CFR96-96-85,federal,regulation,EXTRACTABLE,,,partial,inherited from federal
us-ms,LIHEAP-F-CFR96-96-85,federal,regulation,EXTRACTABLE,,,partial,inherited from federal
us-mt,LIHEAP-F-CFR96-96-85,federal,regulation,EXTRACTABLE,,,partial,inherited from federal
us-nc,LIHEAP-F-CFR96-96-85,federal,regulation,EXTRACTABLE,,,partial,inherited from federal
us-nd,LIHEAP-F-CFR96-96-85,federal,regulation,EXTRACTABLE,,,partial,inherited from federal
us-ne,LIHEAP-F-CFR96-96-85,federal,regulation,EXTRACTABLE,,,partial,inherited from federal
us-nh,LIHEAP-F-CFR96-96-85,federal,regulation,EXTRACTABLE,,,partial,inherited from federal
us-nj,LIHEAP-F-CFR96-96-85,federal,regulation,EXTRACTABLE,,,partial,inherited from federal
us-nm,LIHEAP-F-CFR96-96-85,federal,regulation,EXTRACTABLE,,,partial,inherited from federal
us-nv,LIHEAP-F-CFR96-96-85,federal,regulation,EXTRACTABLE,,,partial,inherited from federal
us-ny,LIHEAP-F-CFR96-96-85,federal,regulation,EXTRACTABLE,,,partial,inherited from federal
us-oh,LIHEAP-F-CFR96-96-85,federal,regulation,EXTRACTABLE,,,partial,inherited from federal
us-ok,LIHEAP-F-CFR96-96-85,federal,regulation,EXTRACTABLE,,,partial,inherited from federal
us-or,LIHEAP-F-CFR96-96-85,federal,regulation,EXTRACTABLE,,,partial,inherited from federal
us-pa,LIHEAP-F-CFR96-96-85,federal,regulation,EXTRACTABLE,,,partial,inherited from federal
us-ri,LIHEAP-F-CFR96-96-85,federal,regulation,EXTRACTABLE,,,partial,inherited from federal
us-sc,LIHEAP-F-CFR96-96-85,federal,regulation,EXTRACTABLE,,,partial,inherited from federal
us-sd,LIHEAP-F-CFR96-96-85,federal,regulation,EXTRACTABLE,,,partial,inherited from federal
us-tn,LIHEAP-F-CFR96-96-85,federal,regulation,EXTRACTABLE,,,partial,inherited from federal
us-tx,LIHEAP-F-CFR96-96-85,federal,regulation,EXTRACTABLE,,,partial,inherited from federal
us-ut,LIHEAP-F-CFR96-96-85,federal,regulation,EXTRACTABLE,,,partial,inherited from federal
us-va,LIHEAP-F-CFR96-96-85,federal,regulation,EXTRACTABLE,,,partial,inherited from federal
us-vt,LIHEAP-F-CFR96-96-85,federal,regulation,EXTRACTABLE,,,partial,inherited from federal
us-wa,LIHEAP-F-CFR96-96-85,federal,regulation,EXTRACTABLE,,,partial,inherited from federal
us-wi,LIHEAP-F-CFR96-96-85,federal,regulation,EXTRACTABLE,,,partial,inherited from federal
us-wv,LIHEAP-F-CFR96-96-85,federal,regulation,EXTRACTABLE,,,partial,inherited from federal
us-wy,LIHEAP-F-CFR96-96-85,federal,regulation,EXTRACTABLE,,,partial,inherited from federal
us,LIHEAP-F-CFR96-96-86,federal,regulation,EXTRACTABLE,,,no,no us/regulation/45/96 path in the corpus; eCFR Versioner API (same publisher as the 2026-09-11 part 98/436/416 scopes; adapter now sends Accept-Encoding)
us-ak,LIHEAP-F-CFR96-96-86,federal,regulation,EXTRACTABLE,,,no,inherited from federal
us-al,LIHEAP-F-CFR96-96-86,federal,regulation,EXTRACTABLE,,,no,inherited from federal
us-ar,LIHEAP-F-CFR96-96-86,federal,regulation,EXTRACTABLE,,,no,inherited from federal
us-az,LIHEAP-F-CFR96-96-86,federal,regulation,EXTRACTABLE,,,no,inherited from federal
us-ca,LIHEAP-F-CFR96-96-86,federal,regulation,EXTRACTABLE,,,no,inherited from federal
us-co,LIHEAP-F-CFR96-96-86,federal,regulation,EXTRACTABLE,,,no,inherited from federal
us-ct,LIHEAP-F-CFR96-96-86,federal,regulation,EXTRACTABLE,,,no,inherited from federal
us-dc,LIHEAP-F-CFR96-96-86,federal,regulation,EXTRACTABLE,,,no,inherited from federal
us-de,LIHEAP-F-CFR96-96-86,federal,regulation,EXTRACTABLE,,,no,inherited from federal
us-fl,LIHEAP-F-CFR96-96-86,federal,regulation,EXTRACTABLE,,,no,inherited from federal
us-ga,LIHEAP-F-CFR96-96-86,federal,regulation,EXTRACTABLE,,,no,inherited from federal
us-hi,LIHEAP-F-CFR96-96-86,federal,regulation,EXTRACTABLE,,,no,inherited from federal
us-ia,LIHEAP-F-CFR96-96-86,federal,regulation,EXTRACTABLE,,,no,inherited from federal
us-id,LIHEAP-F-CFR96-96-86,federal,regulation,EXTRACTABLE,,,no,inherited from federal
us-il,LIHEAP-F-CFR96-96-86,federal,regulation,EXTRACTABLE,,,no,inherited from federal
us-in,LIHEAP-F-CFR96-96-86,federal,regulation,EXTRACTABLE,,,no,inherited from federal
us-ks,LIHEAP-F-CFR96-96-86,federal,regulation,EXTRACTABLE,,,no,inherited from federal
us-ky,LIHEAP-F-CFR96-96-86,federal,regulation,EXTRACTABLE,,,no,inherited from federal
us-la,LIHEAP-F-CFR96-96-86,federal,regulation,EXTRACTABLE,,,no,inherited from federal
us-ma,LIHEAP-F-CFR96-96-86,federal,regulation,EXTRACTABLE,,,no,inherited from federal
us-md,LIHEAP-F-CFR96-96-86,federal,regulation,EXTRACTABLE,,,no,inherited from federal
us-me,LIHEAP-F-CFR96-96-86,federal,regulation,EXTRACTABLE,,,no,inherited from federal
us-mi,LIHEAP-F-CFR96-96-86,federal,regulation,EXTRACTABLE,,,no,inherited from federal
us-mn,LIHEAP-F-CFR96-96-86,federal,regulation,EXTRACTABLE,,,no,inherited from federal
us-mo,LIHEAP-F-CFR96-96-86,federal,regulation,EXTRACTABLE,,,no,inherited from federal
us-ms,LIHEAP-F-CFR96-96-86,federal,regulation,EXTRACTABLE,,,no,inherited from federal
us-mt,LIHEAP-F-CFR96-96-86,federal,regulation,EXTRACTABLE,,,no,inherited from federal
us-nc,LIHEAP-F-CFR96-96-86,federal,regulation,EXTRACTABLE,,,no,inherited from federal
us-nd,LIHEAP-F-CFR96-96-86,federal,regulation,EXTRACTABLE,,,no,inherited from federal
us-ne,LIHEAP-F-CFR96-96-86,federal,regulation,EXTRACTABLE,,,no,inherited from federal
us-nh,LIHEAP-F-CFR96-96-86,federal,regulation,EXTRACTABLE,,,no,inherited from federal
us-nj,LIHEAP-F-CFR96-96-86,federal,regulation,EXTRACTABLE,,,no,inherited from federal
us-nm,LIHEAP-F-CFR96-96-86,federal,regulation,EXTRACTABLE,,,no,inherited from federal
us-nv,LIHEAP-F-CFR96-96-86,federal,regulation,EXTRACTABLE,,,no,inherited from federal
us-ny,LIHEAP-F-CFR96-96-86,federal,regulation,EXTRACTABLE,,,no,inherited from federal
us-oh,LIHEAP-F-CFR96-96-86,federal,regulation,EXTRACTABLE,,,no,inherited from federal
us-ok,LIHEAP-F-CFR96-96-86,federal,regulation,EXTRACTABLE,,,no,inherited from federal
us-or,LIHEAP-F-CFR96-96-86,federal,regulation,EXTRACTABLE,,,no,inherited from federal
us-pa,LIHEAP-F-CFR96-96-86,federal,regulation,EXTRACTABLE,,,no,inherited from federal
us-ri,LIHEAP-F-CFR96-96-86,federal,regulation,EXTRACTABLE,,,no,inherited from federal
us-sc,LIHEAP-F-CFR96-96-86,federal,regulation,EXTRACTABLE,,,no,inherited from federal
us-sd,LIHEAP-F-CFR96-96-86,federal,regulation,EXTRACTABLE,,,no,inherited from federal
us-tn,LIHEAP-F-CFR96-96-86,federal,regulation,EXTRACTABLE,,,no,inherited from federal
us-tx,LIHEAP-F-CFR96-96-86,federal,regulation,EXTRACTABLE,,,no,inherited from federal
us-ut,LIHEAP-F-CFR96-96-86,federal,regulation,EXTRACTABLE,,,no,inherited from federal
us-va,LIHEAP-F-CFR96-96-86,federal,regulation,EXTRACTABLE,,,no,inherited from federal
us-vt,LIHEAP-F-CFR96-96-86,federal,regulation,EXTRACTABLE,,,no,inherited from federal
us-wa,LIHEAP-F-CFR96-96-86,federal,regulation,EXTRACTABLE,,,no,inherited from federal
us-wi,LIHEAP-F-CFR96-96-86,federal,regulation,EXTRACTABLE,,,no,inherited from federal
us-wv,LIHEAP-F-CFR96-96-86,federal,regulation,EXTRACTABLE,,,no,inherited from federal
us-wy,LIHEAP-F-CFR96-96-86,federal,regulation,EXTRACTABLE,,,no,inherited from federal
us,LIHEAP-F-CFR96-96-87,federal,regulation,EXTRACTABLE,,,no,no us/regulation/45/96 path in the corpus; eCFR Versioner API (same publisher as the 2026-09-11 part 98/436/416 scopes; adapter now sends Accept-Encoding)
us-ak,LIHEAP-F-CFR96-96-87,federal,regulation,EXTRACTABLE,,,no,inherited from federal
us-al,LIHEAP-F-CFR96-96-87,federal,regulation,EXTRACTABLE,,,no,inherited from federal
us-ar,LIHEAP-F-CFR96-96-87,federal,regulation,EXTRACTABLE,,,no,inherited from federal
us-az,LIHEAP-F-CFR96-96-87,federal,regulation,EXTRACTABLE,,,no,inherited from federal
us-ca,LIHEAP-F-CFR96-96-87,federal,regulation,EXTRACTABLE,,,no,inherited from federal
us-co,LIHEAP-F-CFR96-96-87,federal,regulation,EXTRACTABLE,,,no,inherited from federal
us-ct,LIHEAP-F-CFR96-96-87,federal,regulation,EXTRACTABLE,,,no,inherited from federal
us-dc,LIHEAP-F-CFR96-96-87,federal,regulation,EXTRACTABLE,,,no,inherited from federal
us-de,LIHEAP-F-CFR96-96-87,federal,regulation,EXTRACTABLE,,,no,inherited from federal
us-fl,LIHEAP-F-CFR96-96-87,federal,regulation,EXTRACTABLE,,,no,inherited from federal
us-ga,LIHEAP-F-CFR96-96-87,federal,regulation,EXTRACTABLE,,,no,inherited from federal
us-hi,LIHEAP-F-CFR96-96-87,federal,regulation,EXTRACTABLE,,,no,inherited from federal
us-ia,LIHEAP-F-CFR96-96-87,federal,regulation,EXTRACTABLE,,,no,inherited from federal
us-id,LIHEAP-F-CFR96-96-87,federal,regulation,EXTRACTABLE,,,no,inherited from federal
us-il,LIHEAP-F-CFR96-96-87,federal,regulation,EXTRACTABLE,,,no,inherited from federal
us-in,LIHEAP-F-CFR96-96-87,federal,regulation,EXTRACTABLE,,,no,inherited from federal
us-ks,LIHEAP-F-CFR96-96-87,federal,regulation,EXTRACTABLE,,,no,inherited from federal
us-ky,LIHEAP-F-CFR96-96-87,federal,regulation,EXTRACTABLE,,,no,inherited from federal
us-la,LIHEAP-F-CFR96-96-87,federal,regulation,EXTRACTABLE,,,no,inherited from federal
us-ma,LIHEAP-F-CFR96-96-87,federal,regulation,EXTRACTABLE,,,no,inherited from federal
us-md,LIHEAP-F-CFR96-96-87,federal,regulation,EXTRACTABLE,,,no,inherited from federal
us-me,LIHEAP-F-CFR96-96-87,federal,regulation,EXTRACTABLE,,,no,inherited from federal
us-mi,LIHEAP-F-CFR96-96-87,federal,regulation,EXTRACTABLE,,,no,inherited from federal
us-mn,LIHEAP-F-CFR96-96-87,federal,regulation,EXTRACTABLE,,,no,inherited from federal
us-mo,LIHEAP-F-CFR96-96-87,federal,regulation,EXTRACTABLE,,,no,inherited from federal
us-ms,LIHEAP-F-CFR96-96-87,federal,regulation,EXTRACTABLE,,,no,inherited from federal
us-mt,LIHEAP-F-CFR96-96-87,federal,regulation,EXTRACTABLE,,,no,inherited from federal
us-nc,LIHEAP-F-CFR96-96-87,federal,regulation,EXTRACTABLE,,,no,inherited from federal
us-nd,LIHEAP-F-CFR96-96-87,federal,regulation,EXTRACTABLE,,,no,inherited from federal
us-ne,LIHEAP-F-CFR96-96-87,federal,regulation,EXTRACTABLE,,,no,inherited from federal
us-nh,LIHEAP-F-CFR96-96-87,federal,regulation,EXTRACTABLE,,,no,inherited from federal
us-nj,LIHEAP-F-CFR96-96-87,federal,regulation,EXTRACTABLE,,,no,inherited from federal
us-nm,LIHEAP-F-CFR96-96-87,federal,regulation,EXTRACTABLE,,,no,inherited from federal
us-nv,LIHEAP-F-CFR96-96-87,federal,regulation,EXTRACTABLE,,,no,inherited from federal
us-ny,LIHEAP-F-CFR96-96-87,federal,regulation,EXTRACTABLE,,,no,inherited from federal
us-oh,LIHEAP-F-CFR96-96-87,federal,regulation,EXTRACTABLE,,,no,inherited from federal
us-ok,LIHEAP-F-CFR96-96-87,federal,regulation,EXTRACTABLE,,,no,inherited from federal
us-or,LIHEAP-F-CFR96-96-87,federal,regulation,EXTRACTABLE,,,no,inherited from federal
us-pa,LIHEAP-F-CFR96-96-87,federal,regulation,EXTRACTABLE,,,no,inherited from federal
us-ri,LIHEAP-F-CFR96-96-87,federal,regulation,EXTRACTABLE,,,no,inherited from federal
us-sc,LIHEAP-F-CFR96-96-87,federal,regulation,EXTRACTABLE,,,no,inherited from federal
us-sd,LIHEAP-F-CFR96-96-87,federal,regulation,EXTRACTABLE,,,no,inherited from federal
us-tn,LIHEAP-F-CFR96-96-87,federal,regulation,EXTRACTABLE,,,no,inherited from federal
us-tx,LIHEAP-F-CFR96-96-87,federal,regulation,EXTRACTABLE,,,no,inherited from federal
us-ut,LIHEAP-F-CFR96-96-87,federal,regulation,EXTRACTABLE,,,no,inherited from federal
us-va,LIHEAP-F-CFR96-96-87,federal,regulation,EXTRACTABLE,,,no,inherited from federal
us-vt,LIHEAP-F-CFR96-96-87,federal,regulation,EXTRACTABLE,,,no,inherited from federal
us-wa,LIHEAP-F-CFR96-96-87,federal,regulation,EXTRACTABLE,,,no,inherited from federal
us-wi,LIHEAP-F-CFR96-96-87,federal,regulation,EXTRACTABLE,,,no,inherited from federal
us-wv,LIHEAP-F-CFR96-96-87,federal,regulation,EXTRACTABLE,,,no,inherited from federal
us-wy,LIHEAP-F-CFR96-96-87,federal,regulation,EXTRACTABLE,,,no,inherited from federal
us,LIHEAP-F-CFR96-96-88,federal,regulation,EXTRACTABLE,,,no,no us/regulation/45/96 path in the corpus; eCFR Versioner API (same publisher as the 2026-09-11 part 98/436/416 scopes; adapter now sends Accept-Encoding)
us-ak,LIHEAP-F-CFR96-96-88,federal,regulation,EXTRACTABLE,,,no,inherited from federal
us-al,LIHEAP-F-CFR96-96-88,federal,regulation,EXTRACTABLE,,,no,inherited from federal
us-ar,LIHEAP-F-CFR96-96-88,federal,regulation,EXTRACTABLE,,,no,inherited from federal
us-az,LIHEAP-F-CFR96-96-88,federal,regulation,EXTRACTABLE,,,no,inherited from federal
us-ca,LIHEAP-F-CFR96-96-88,federal,regulation,EXTRACTABLE,,,no,inherited from federal
us-co,LIHEAP-F-CFR96-96-88,federal,regulation,EXTRACTABLE,,,no,inherited from federal
us-ct,LIHEAP-F-CFR96-96-88,federal,regulation,EXTRACTABLE,,,no,inherited from federal
us-dc,LIHEAP-F-CFR96-96-88,federal,regulation,EXTRACTABLE,,,no,inherited from federal
us-de,LIHEAP-F-CFR96-96-88,federal,regulation,EXTRACTABLE,,,no,inherited from federal
us-fl,LIHEAP-F-CFR96-96-88,federal,regulation,EXTRACTABLE,,,no,inherited from federal
us-ga,LIHEAP-F-CFR96-96-88,federal,regulation,EXTRACTABLE,,,no,inherited from federal
us-hi,LIHEAP-F-CFR96-96-88,federal,regulation,EXTRACTABLE,,,no,inherited from federal
us-ia,LIHEAP-F-CFR96-96-88,federal,regulation,EXTRACTABLE,,,no,inherited from federal
us-id,LIHEAP-F-CFR96-96-88,federal,regulation,EXTRACTABLE,,,no,inherited from federal
us-il,LIHEAP-F-CFR96-96-88,federal,regulation,EXTRACTABLE,,,no,inherited from federal
us-in,LIHEAP-F-CFR96-96-88,federal,regulation,EXTRACTABLE,,,no,inherited from federal
us-ks,LIHEAP-F-CFR96-96-88,federal,regulation,EXTRACTABLE,,,no,inherited from federal
us-ky,LIHEAP-F-CFR96-96-88,federal,regulation,EXTRACTABLE,,,no,inherited from federal
us-la,LIHEAP-F-CFR96-96-88,federal,regulation,EXTRACTABLE,,,no,inherited from federal
us-ma,LIHEAP-F-CFR96-96-88,federal,regulation,EXTRACTABLE,,,no,inherited from federal
us-md,LIHEAP-F-CFR96-96-88,federal,regulation,EXTRACTABLE,,,no,inherited from federal
us-me,LIHEAP-F-CFR96-96-88,federal,regulation,EXTRACTABLE,,,no,inherited from federal
us-mi,LIHEAP-F-CFR96-96-88,federal,regulation,EXTRACTABLE,,,no,inherited from federal
us-mn,LIHEAP-F-CFR96-96-88,federal,regulation,EXTRACTABLE,,,no,inherited from federal
us-mo,LIHEAP-F-CFR96-96-88,federal,regulation,EXTRACTABLE,,,no,inherited from federal
us-ms,LIHEAP-F-CFR96-96-88,federal,regulation,EXTRACTABLE,,,no,inherited from federal
us-mt,LIHEAP-F-CFR96-96-88,federal,regulation,EXTRACTABLE,,,no,inherited from federal
us-nc,LIHEAP-F-CFR96-96-88,federal,regulation,EXTRACTABLE,,,no,inherited from federal
us-nd,LIHEAP-F-CFR96-96-88,federal,regulation,EXTRACTABLE,,,no,inherited from federal
us-ne,LIHEAP-F-CFR96-96-88,federal,regulation,EXTRACTABLE,,,no,inherited from federal
us-nh,LIHEAP-F-CFR96-96-88,federal,regulation,EXTRACTABLE,,,no,inherited from federal
us-nj,LIHEAP-F-CFR96-96-88,federal,regulation,EXTRACTABLE,,,no,inherited from federal
us-nm,LIHEAP-F-CFR96-96-88,federal,regulation,EXTRACTABLE,,,no,inherited from federal
us-nv,LIHEAP-F-CFR96-96-88,federal,regulation,EXTRACTABLE,,,no,inherited from federal
us-ny,LIHEAP-F-CFR96-96-88,federal,regulation,EXTRACTABLE,,,no,inherited from federal
us-oh,LIHEAP-F-CFR96-96-88,federal,regulation,EXTRACTABLE,,,no,inherited from federal
us-ok,LIHEAP-F-CFR96-96-88,federal,regulation,EXTRACTABLE,,,no,inherited from federal
us-or,LIHEAP-F-CFR96-96-88,federal,regulation,EXTRACTABLE,,,no,inherited from federal
us-pa,LIHEAP-F-CFR96-96-88,federal,regulation,EXTRACTABLE,,,no,inherited from federal
us-ri,LIHEAP-F-CFR96-96-88,federal,regulation,EXTRACTABLE,,,no,inherited from federal
us-sc,LIHEAP-F-CFR96-96-88,federal,regulation,EXTRACTABLE,,,no,inherited from federal
us-sd,LIHEAP-F-CFR96-96-88,federal,regulation,EXTRACTABLE,,,no,inherited from federal
us-tn,LIHEAP-F-CFR96-96-88,federal,regulation,EXTRACTABLE,,,no,inherited from federal
us-tx,LIHEAP-F-CFR96-96-88,federal,regulation,EXTRACTABLE,,,no,inherited from federal
us-ut,LIHEAP-F-CFR96-96-88,federal,regulation,EXTRACTABLE,,,no,inherited from federal
us-va,LIHEAP-F-CFR96-96-88,federal,regulation,EXTRACTABLE,,,no,inherited from federal
us-vt,LIHEAP-F-CFR96-96-88,federal,regulation,EXTRACTABLE,,,no,inherited from federal
us-wa,LIHEAP-F-CFR96-96-88,federal,regulation,EXTRACTABLE,,,no,inherited from federal
us-wi,LIHEAP-F-CFR96-96-88,federal,regulation,EXTRACTABLE,,,no,inherited from federal
us-wv,LIHEAP-F-CFR96-96-88,federal,regulation,EXTRACTABLE,,,no,inherited from federal
us-wy,LIHEAP-F-CFR96-96-88,federal,regulation,EXTRACTABLE,,,no,inherited from federal
us,LIHEAP-F-CFR96-96-89,federal,regulation,EXTRACTABLE,,,no,no us/regulation/45/96 path in the corpus; eCFR Versioner API (same publisher as the 2026-09-11 part 98/436/416 scopes; adapter now sends Accept-Encoding)
us-ak,LIHEAP-F-CFR96-96-89,federal,regulation,EXTRACTABLE,,,no,inherited from federal
us-al,LIHEAP-F-CFR96-96-89,federal,regulation,EXTRACTABLE,,,no,inherited from federal
us-ar,LIHEAP-F-CFR96-96-89,federal,regulation,EXTRACTABLE,,,no,inherited from federal
us-az,LIHEAP-F-CFR96-96-89,federal,regulation,EXTRACTABLE,,,no,inherited from federal
us-ca,LIHEAP-F-CFR96-96-89,federal,regulation,EXTRACTABLE,,,no,inherited from federal
us-co,LIHEAP-F-CFR96-96-89,federal,regulation,EXTRACTABLE,,,no,inherited from federal
us-ct,LIHEAP-F-CFR96-96-89,federal,regulation,EXTRACTABLE,,,no,inherited from federal
us-dc,LIHEAP-F-CFR96-96-89,federal,regulation,EXTRACTABLE,,,no,inherited from federal
us-de,LIHEAP-F-CFR96-96-89,federal,regulation,EXTRACTABLE,,,no,inherited from federal
us-fl,LIHEAP-F-CFR96-96-89,federal,regulation,EXTRACTABLE,,,no,inherited from federal
us-ga,LIHEAP-F-CFR96-96-89,federal,regulation,EXTRACTABLE,,,no,inherited from federal
us-hi,LIHEAP-F-CFR96-96-89,federal,regulation,EXTRACTABLE,,,no,inherited from federal
us-ia,LIHEAP-F-CFR96-96-89,federal,regulation,EXTRACTABLE,,,no,inherited from federal
us-id,LIHEAP-F-CFR96-96-89,federal,regulation,EXTRACTABLE,,,no,inherited from federal
us-il,LIHEAP-F-CFR96-96-89,federal,regulation,EXTRACTABLE,,,no,inherited from federal
us-in,LIHEAP-F-CFR96-96-89,federal,regulation,EXTRACTABLE,,,no,inherited from federal
us-ks,LIHEAP-F-CFR96-96-89,federal,regulation,EXTRACTABLE,,,no,inherited from federal
us-ky,LIHEAP-F-CFR96-96-89,federal,regulation,EXTRACTABLE,,,no,inherited from federal
us-la,LIHEAP-F-CFR96-96-89,federal,regulation,EXTRACTABLE,,,no,inherited from federal
us-ma,LIHEAP-F-CFR96-96-89,federal,regulation,EXTRACTABLE,,,no,inherited from federal
us-md,LIHEAP-F-CFR96-96-89,federal,regulation,EXTRACTABLE,,,no,inherited from federal
us-me,LIHEAP-F-CFR96-96-89,federal,regulation,EXTRACTABLE,,,no,inherited from federal
us-mi,LIHEAP-F-CFR96-96-89,federal,regulation,EXTRACTABLE,,,no,inherited from federal
us-mn,LIHEAP-F-CFR96-96-89,federal,regulation,EXTRACTABLE,,,no,inherited from federal
us-mo,LIHEAP-F-CFR96-96-89,federal,regulation,EXTRACTABLE,,,no,inherited from federal
us-ms,LIHEAP-F-CFR96-96-89,federal,regulation,EXTRACTABLE,,,no,inherited from federal
us-mt,LIHEAP-F-CFR96-96-89,federal,regulation,EXTRACTABLE,,,no,inherited from federal
us-nc,LIHEAP-F-CFR96-96-89,federal,regulation,EXTRACTABLE,,,no,inherited from federal
us-nd,LIHEAP-F-CFR96-96-89,federal,regulation,EXTRACTABLE,,,no,inherited from federal
us-ne,LIHEAP-F-CFR96-96-89,federal,regulation,EXTRACTABLE,,,no,inherited from federal
us-nh,LIHEAP-F-CFR96-96-89,federal,regulation,EXTRACTABLE,,,no,inherited from federal
us-nj,LIHEAP-F-CFR96-96-89,federal,regulation,EXTRACTABLE,,,no,inherited from federal
us-nm,LIHEAP-F-CFR96-96-89,federal,regulation,EXTRACTABLE,,,no,inherited from federal
us-nv,LIHEAP-F-CFR96-96-89,federal,regulation,EXTRACTABLE,,,no,inherited from federal
us-ny,LIHEAP-F-CFR96-96-89,federal,regulation,EXTRACTABLE,,,no,inherited from federal
us-oh,LIHEAP-F-CFR96-96-89,federal,regulation,EXTRACTABLE,,,no,inherited from federal
us-ok,LIHEAP-F-CFR96-96-89,federal,regulation,EXTRACTABLE,,,no,inherited from federal
us-or,LIHEAP-F-CFR96-96-89,federal,regulation,EXTRACTABLE,,,no,inherited from federal
us-pa,LIHEAP-F-CFR96-96-89,federal,regulation,EXTRACTABLE,,,no,inherited from federal
us-ri,LIHEAP-F-CFR96-96-89,federal,regulation,EXTRACTABLE,,,no,inherited from federal
us-sc,LIHEAP-F-CFR96-96-89,federal,regulation,EXTRACTABLE,,,no,inherited from federal
us-sd,LIHEAP-F-CFR96-96-89,federal,regulation,EXTRACTABLE,,,no,inherited from federal
us-tn,LIHEAP-F-CFR96-96-89,federal,regulation,EXTRACTABLE,,,no,inherited from federal
us-tx,LIHEAP-F-CFR96-96-89,federal,regulation,EXTRACTABLE,,,no,inherited from federal
us-ut,LIHEAP-F-CFR96-96-89,federal,regulation,EXTRACTABLE,,,no,inherited from federal
us-va,LIHEAP-F-CFR96-96-89,federal,regulation,EXTRACTABLE,,,no,inherited from federal
us-vt,LIHEAP-F-CFR96-96-89,federal,regulation,EXTRACTABLE,,,no,inherited from federal
us-wa,LIHEAP-F-CFR96-96-89,federal,regulation,EXTRACTABLE,,,no,inherited from federal
us-wi,LIHEAP-F-CFR96-96-89,federal,regulation,EXTRACTABLE,,,no,inherited from federal
us-wv,LIHEAP-F-CFR96-96-89,federal,regulation,EXTRACTABLE,,,no,inherited from federal
us-wy,LIHEAP-F-CFR96-96-89,federal,regulation,EXTRACTABLE,,,no,inherited from federal
us,LIHEAP-F-ANN-POVERTY,federal,annual notice,EXTRACTABLE,,,yes,no HHS poverty guidelines notice in us/guidance (only references inside other documents); Federal Register / aspe.hhs.gov
us-ak,LIHEAP-F-ANN-POVERTY,federal,annual notice,EXTRACTABLE,,,yes,inherited from federal
us-al,LIHEAP-F-ANN-POVERTY,federal,annual notice,EXTRACTABLE,,,yes,inherited from federal
us-ar,LIHEAP-F-ANN-POVERTY,federal,annual notice,EXTRACTABLE,,,yes,inherited from federal
us-az,LIHEAP-F-ANN-POVERTY,federal,annual notice,EXTRACTABLE,,,yes,inherited from federal
us-ca,LIHEAP-F-ANN-POVERTY,federal,annual notice,EXTRACTABLE,,,yes,inherited from federal
us-co,LIHEAP-F-ANN-POVERTY,federal,annual notice,EXTRACTABLE,,,yes,inherited from federal
us-ct,LIHEAP-F-ANN-POVERTY,federal,annual notice,EXTRACTABLE,,,yes,inherited from federal
us-dc,LIHEAP-F-ANN-POVERTY,federal,annual notice,EXTRACTABLE,,,yes,inherited from federal
us-de,LIHEAP-F-ANN-POVERTY,federal,annual notice,EXTRACTABLE,,,yes,inherited from federal
us-fl,LIHEAP-F-ANN-POVERTY,federal,annual notice,EXTRACTABLE,,,yes,inherited from federal
us-ga,LIHEAP-F-ANN-POVERTY,federal,annual notice,EXTRACTABLE,,,yes,inherited from federal
us-hi,LIHEAP-F-ANN-POVERTY,federal,annual notice,EXTRACTABLE,,,yes,inherited from federal
us-ia,LIHEAP-F-ANN-POVERTY,federal,annual notice,EXTRACTABLE,,,yes,inherited from federal
us-id,LIHEAP-F-ANN-POVERTY,federal,annual notice,EXTRACTABLE,,,yes,inherited from federal
us-il,LIHEAP-F-ANN-POVERTY,federal,annual notice,EXTRACTABLE,,,yes,inherited from federal
us-in,LIHEAP-F-ANN-POVERTY,federal,annual notice,EXTRACTABLE,,,yes,inherited from federal
us-ks,LIHEAP-F-ANN-POVERTY,federal,annual notice,EXTRACTABLE,,,yes,inherited from federal
us-ky,LIHEAP-F-ANN-POVERTY,federal,annual notice,EXTRACTABLE,,,yes,inherited from federal
us-la,LIHEAP-F-ANN-POVERTY,federal,annual notice,EXTRACTABLE,,,yes,inherited from federal
us-ma,LIHEAP-F-ANN-POVERTY,federal,annual notice,EXTRACTABLE,,,yes,inherited from federal
us-md,LIHEAP-F-ANN-POVERTY,federal,annual notice,EXTRACTABLE,,,yes,inherited from federal
us-me,LIHEAP-F-ANN-POVERTY,federal,annual notice,EXTRACTABLE,,,yes,inherited from federal
us-mi,LIHEAP-F-ANN-POVERTY,federal,annual notice,EXTRACTABLE,,,yes,inherited from federal
us-mn,LIHEAP-F-ANN-POVERTY,federal,annual notice,EXTRACTABLE,,,yes,inherited from federal
us-mo,LIHEAP-F-ANN-POVERTY,federal,annual notice,EXTRACTABLE,,,yes,inherited from federal
us-ms,LIHEAP-F-ANN-POVERTY,federal,annual notice,EXTRACTABLE,,,yes,inherited from federal
us-mt,LIHEAP-F-ANN-POVERTY,federal,annual notice,EXTRACTABLE,,,yes,inherited from federal
us-nc,LIHEAP-F-ANN-POVERTY,federal,annual notice,EXTRACTABLE,,,yes,inherited from federal
us-nd,LIHEAP-F-ANN-POVERTY,federal,annual notice,EXTRACTABLE,,,yes,inherited from federal
us-ne,LIHEAP-F-ANN-POVERTY,federal,annual notice,EXTRACTABLE,,,yes,inherited from federal
us-nh,LIHEAP-F-ANN-POVERTY,federal,annual notice,EXTRACTABLE,,,yes,inherited from federal
us-nj,LIHEAP-F-ANN-POVERTY,federal,annual notice,EXTRACTABLE,,,yes,inherited from federal
us-nm,LIHEAP-F-ANN-POVERTY,federal,annual notice,EXTRACTABLE,,,yes,inherited from federal
us-nv,LIHEAP-F-ANN-POVERTY,federal,annual notice,EXTRACTABLE,,,yes,inherited from federal
us-ny,LIHEAP-F-ANN-POVERTY,federal,annual notice,EXTRACTABLE,,,yes,inherited from federal
us-oh,LIHEAP-F-ANN-POVERTY,federal,annual notice,EXTRACTABLE,,,yes,inherited from federal
us-ok,LIHEAP-F-ANN-POVERTY,federal,annual notice,EXTRACTABLE,,,yes,inherited from federal
us-or,LIHEAP-F-ANN-POVERTY,federal,annual notice,EXTRACTABLE,,,yes,inherited from federal
us-pa,LIHEAP-F-ANN-POVERTY,federal,annual notice,EXTRACTABLE,,,yes,inherited from federal
us-ri,LIHEAP-F-ANN-POVERTY,federal,annual notice,EXTRACTABLE,,,yes,inherited from federal
us-sc,LIHEAP-F-ANN-POVERTY,federal,annual notice,EXTRACTABLE,,,yes,inherited from federal
us-sd,LIHEAP-F-ANN-POVERTY,federal,annual notice,EXTRACTABLE,,,yes,inherited from federal
us-tn,LIHEAP-F-ANN-POVERTY,federal,annual notice,EXTRACTABLE,,,yes,inherited from federal
us-tx,LIHEAP-F-ANN-POVERTY,federal,annual notice,EXTRACTABLE,,,yes,inherited from federal
us-ut,LIHEAP-F-ANN-POVERTY,federal,annual notice,EXTRACTABLE,,,yes,inherited from federal
us-va,LIHEAP-F-ANN-POVERTY,federal,annual notice,EXTRACTABLE,,,yes,inherited from federal
us-vt,LIHEAP-F-ANN-POVERTY,federal,annual notice,EXTRACTABLE,,,yes,inherited from federal
us-wa,LIHEAP-F-ANN-POVERTY,federal,annual notice,EXTRACTABLE,,,yes,inherited from federal
us-wi,LIHEAP-F-ANN-POVERTY,federal,annual notice,EXTRACTABLE,,,yes,inherited from federal
us-wv,LIHEAP-F-ANN-POVERTY,federal,annual notice,EXTRACTABLE,,,yes,inherited from federal
us-wy,LIHEAP-F-ANN-POVERTY,federal,annual notice,EXTRACTABLE,,,yes,inherited from federal
us,LIHEAP-F-ANN-SMI,federal,annual guidance,EXTRACTABLE,,,yes,no SMI table in the corpus; ACF posts the annual LIHEAP IM on the OCS policy-guidance index
us-ak,LIHEAP-F-ANN-SMI,federal,annual guidance,EXTRACTABLE,,,yes,inherited from federal
us-al,LIHEAP-F-ANN-SMI,federal,annual guidance,EXTRACTABLE,,,yes,inherited from federal
us-ar,LIHEAP-F-ANN-SMI,federal,annual guidance,EXTRACTABLE,,,yes,inherited from federal
us-az,LIHEAP-F-ANN-SMI,federal,annual guidance,EXTRACTABLE,,,yes,inherited from federal
us-ca,LIHEAP-F-ANN-SMI,federal,annual guidance,EXTRACTABLE,,,yes,inherited from federal
us-co,LIHEAP-F-ANN-SMI,federal,annual guidance,EXTRACTABLE,,,yes,inherited from federal
us-ct,LIHEAP-F-ANN-SMI,federal,annual guidance,EXTRACTABLE,,,yes,inherited from federal
us-dc,LIHEAP-F-ANN-SMI,federal,annual guidance,EXTRACTABLE,,,yes,inherited from federal
us-de,LIHEAP-F-ANN-SMI,federal,annual guidance,EXTRACTABLE,,,yes,inherited from federal
us-fl,LIHEAP-F-ANN-SMI,federal,annual guidance,EXTRACTABLE,,,yes,inherited from federal
us-ga,LIHEAP-F-ANN-SMI,federal,annual guidance,EXTRACTABLE,,,yes,inherited from federal
us-hi,LIHEAP-F-ANN-SMI,federal,annual guidance,EXTRACTABLE,,,yes,inherited from federal
us-ia,LIHEAP-F-ANN-SMI,federal,annual guidance,EXTRACTABLE,,,yes,inherited from federal
us-id,LIHEAP-F-ANN-SMI,federal,annual guidance,EXTRACTABLE,,,yes,inherited from federal
us-il,LIHEAP-F-ANN-SMI,federal,annual guidance,EXTRACTABLE,,,yes,inherited from federal
us-in,LIHEAP-F-ANN-SMI,federal,annual guidance,EXTRACTABLE,,,yes,inherited from federal
us-ks,LIHEAP-F-ANN-SMI,federal,annual guidance,EXTRACTABLE,,,yes,inherited from federal
us-ky,LIHEAP-F-ANN-SMI,federal,annual guidance,EXTRACTABLE,,,yes,inherited from federal
us-la,LIHEAP-F-ANN-SMI,federal,annual guidance,EXTRACTABLE,,,yes,inherited from federal
us-ma,LIHEAP-F-ANN-SMI,federal,annual guidance,EXTRACTABLE,,,yes,inherited from federal
us-md,LIHEAP-F-ANN-SMI,federal,annual guidance,EXTRACTABLE,,,yes,inherited from federal
us-me,LIHEAP-F-ANN-SMI,federal,annual guidance,EXTRACTABLE,,,yes,inherited from federal
us-mi,LIHEAP-F-ANN-SMI,federal,annual guidance,EXTRACTABLE,,,yes,inherited from federal
us-mn,LIHEAP-F-ANN-SMI,federal,annual guidance,EXTRACTABLE,,,yes,inherited from federal
us-mo,LIHEAP-F-ANN-SMI,federal,annual guidance,EXTRACTABLE,,,yes,inherited from federal
us-ms,LIHEAP-F-ANN-SMI,federal,annual guidance,EXTRACTABLE,,,yes,inherited from federal
us-mt,LIHEAP-F-ANN-SMI,federal,annual guidance,EXTRACTABLE,,,yes,inherited from federal
us-nc,LIHEAP-F-ANN-SMI,federal,annual guidance,EXTRACTABLE,,,yes,inherited from federal
us-nd,LIHEAP-F-ANN-SMI,federal,annual guidance,EXTRACTABLE,,,yes,inherited from federal
us-ne,LIHEAP-F-ANN-SMI,federal,annual guidance,EXTRACTABLE,,,yes,inherited from federal
us-nh,LIHEAP-F-ANN-SMI,federal,annual guidance,EXTRACTABLE,,,yes,inherited from federal
us-nj,LIHEAP-F-ANN-SMI,federal,annual guidance,EXTRACTABLE,,,yes,inherited from federal
us-nm,LIHEAP-F-ANN-SMI,federal,annual guidance,EXTRACTABLE,,,yes,inherited from federal
us-nv,LIHEAP-F-ANN-SMI,federal,annual guidance,EXTRACTABLE,,,yes,inherited from federal
us-ny,LIHEAP-F-ANN-SMI,federal,annual guidance,EXTRACTABLE,,,yes,inherited from federal
us-oh,LIHEAP-F-ANN-SMI,federal,annual guidance,EXTRACTABLE,,,yes,inherited from federal
us-ok,LIHEAP-F-ANN-SMI,federal,annual guidance,EXTRACTABLE,,,yes,inherited from federal
us-or,LIHEAP-F-ANN-SMI,federal,annual guidance,EXTRACTABLE,,,yes,inherited from federal
us-pa,LIHEAP-F-ANN-SMI,federal,annual guidance,EXTRACTABLE,,,yes,inherited from federal
us-ri,LIHEAP-F-ANN-SMI,federal,annual guidance,EXTRACTABLE,,,yes,inherited from federal
us-sc,LIHEAP-F-ANN-SMI,federal,annual guidance,EXTRACTABLE,,,yes,inherited from federal
us-sd,LIHEAP-F-ANN-SMI,federal,annual guidance,EXTRACTABLE,,,yes,inherited from federal
us-tn,LIHEAP-F-ANN-SMI,federal,annual guidance,EXTRACTABLE,,,yes,inherited from federal
us-tx,LIHEAP-F-ANN-SMI,federal,annual guidance,EXTRACTABLE,,,yes,inherited from federal
us-ut,LIHEAP-F-ANN-SMI,federal,annual guidance,EXTRACTABLE,,,yes,inherited from federal
us-va,LIHEAP-F-ANN-SMI,federal,annual guidance,EXTRACTABLE,,,yes,inherited from federal
us-vt,LIHEAP-F-ANN-SMI,federal,annual guidance,EXTRACTABLE,,,yes,inherited from federal
us-wa,LIHEAP-F-ANN-SMI,federal,annual guidance,EXTRACTABLE,,,yes,inherited from federal
us-wi,LIHEAP-F-ANN-SMI,federal,annual guidance,EXTRACTABLE,,,yes,inherited from federal
us-wv,LIHEAP-F-ANN-SMI,federal,annual guidance,EXTRACTABLE,,,yes,inherited from federal
us-wy,LIHEAP-F-ANN-SMI,federal,annual guidance,EXTRACTABLE,,,yes,inherited from federal
us,LIHEAP-F-GUID-MODELPLAN,federal,agency guidance,EXTRACTABLE,,,no,not in the corpus; ACF OCS LIHEAP policy-guidance index
us-ak,LIHEAP-F-GUID-MODELPLAN,federal,agency guidance,EXTRACTABLE,,,no,inherited from federal
us-al,LIHEAP-F-GUID-MODELPLAN,federal,agency guidance,EXTRACTABLE,,,no,inherited from federal
us-ar,LIHEAP-F-GUID-MODELPLAN,federal,agency guidance,EXTRACTABLE,,,no,inherited from federal
us-az,LIHEAP-F-GUID-MODELPLAN,federal,agency guidance,EXTRACTABLE,,,no,inherited from federal
us-ca,LIHEAP-F-GUID-MODELPLAN,federal,agency guidance,EXTRACTABLE,,,no,inherited from federal
us-co,LIHEAP-F-GUID-MODELPLAN,federal,agency guidance,EXTRACTABLE,,,no,inherited from federal
us-ct,LIHEAP-F-GUID-MODELPLAN,federal,agency guidance,EXTRACTABLE,,,no,inherited from federal
us-dc,LIHEAP-F-GUID-MODELPLAN,federal,agency guidance,EXTRACTABLE,,,no,inherited from federal
us-de,LIHEAP-F-GUID-MODELPLAN,federal,agency guidance,EXTRACTABLE,,,no,inherited from federal
us-fl,LIHEAP-F-GUID-MODELPLAN,federal,agency guidance,EXTRACTABLE,,,no,inherited from federal
us-ga,LIHEAP-F-GUID-MODELPLAN,federal,agency guidance,EXTRACTABLE,,,no,inherited from federal
us-hi,LIHEAP-F-GUID-MODELPLAN,federal,agency guidance,EXTRACTABLE,,,no,inherited from federal
us-ia,LIHEAP-F-GUID-MODELPLAN,federal,agency guidance,EXTRACTABLE,,,no,inherited from federal
us-id,LIHEAP-F-GUID-MODELPLAN,federal,agency guidance,EXTRACTABLE,,,no,inherited from federal
us-il,LIHEAP-F-GUID-MODELPLAN,federal,agency guidance,EXTRACTABLE,,,no,inherited from federal
us-in,LIHEAP-F-GUID-MODELPLAN,federal,agency guidance,EXTRACTABLE,,,no,inherited from federal
us-ks,LIHEAP-F-GUID-MODELPLAN,federal,agency guidance,EXTRACTABLE,,,no,inherited from federal
us-ky,LIHEAP-F-GUID-MODELPLAN,federal,agency guidance,EXTRACTABLE,,,no,inherited from federal
us-la,LIHEAP-F-GUID-MODELPLAN,federal,agency guidance,EXTRACTABLE,,,no,inherited from federal
us-ma,LIHEAP-F-GUID-MODELPLAN,federal,agency guidance,EXTRACTABLE,,,no,inherited from federal
us-md,LIHEAP-F-GUID-MODELPLAN,federal,agency guidance,EXTRACTABLE,,,no,inherited from federal
us-me,LIHEAP-F-GUID-MODELPLAN,federal,agency guidance,EXTRACTABLE,,,no,inherited from federal
us-mi,LIHEAP-F-GUID-MODELPLAN,federal,agency guidance,EXTRACTABLE,,,no,inherited from federal
us-mn,LIHEAP-F-GUID-MODELPLAN,federal,agency guidance,EXTRACTABLE,,,no,inherited from federal
us-mo,LIHEAP-F-GUID-MODELPLAN,federal,agency guidance,EXTRACTABLE,,,no,inherited from federal
us-ms,LIHEAP-F-GUID-MODELPLAN,federal,agency guidance,EXTRACTABLE,,,no,inherited from federal
us-mt,LIHEAP-F-GUID-MODELPLAN,federal,agency guidance,EXTRACTABLE,,,no,inherited from federal
us-nc,LIHEAP-F-GUID-MODELPLAN,federal,agency guidance,EXTRACTABLE,,,no,inherited from federal
us-nd,LIHEAP-F-GUID-MODELPLAN,federal,agency guidance,EXTRACTABLE,,,no,inherited from federal
us-ne,LIHEAP-F-GUID-MODELPLAN,federal,agency guidance,EXTRACTABLE,,,no,inherited from federal
us-nh,LIHEAP-F-GUID-MODELPLAN,federal,agency guidance,EXTRACTABLE,,,no,inherited from federal
us-nj,LIHEAP-F-GUID-MODELPLAN,federal,agency guidance,EXTRACTABLE,,,no,inherited from federal
us-nm,LIHEAP-F-GUID-MODELPLAN,federal,agency guidance,EXTRACTABLE,,,no,inherited from federal
us-nv,LIHEAP-F-GUID-MODELPLAN,federal,agency guidance,EXTRACTABLE,,,no,inherited from federal
us-ny,LIHEAP-F-GUID-MODELPLAN,federal,agency guidance,EXTRACTABLE,,,no,inherited from federal
us-oh,LIHEAP-F-GUID-MODELPLAN,federal,agency guidance,EXTRACTABLE,,,no,inherited from federal
us-ok,LIHEAP-F-GUID-MODELPLAN,federal,agency guidance,EXTRACTABLE,,,no,inherited from federal
us-or,LIHEAP-F-GUID-MODELPLAN,federal,agency guidance,EXTRACTABLE,,,no,inherited from federal
us-pa,LIHEAP-F-GUID-MODELPLAN,federal,agency guidance,EXTRACTABLE,,,no,inherited from federal
us-ri,LIHEAP-F-GUID-MODELPLAN,federal,agency guidance,EXTRACTABLE,,,no,inherited from federal
us-sc,LIHEAP-F-GUID-MODELPLAN,federal,agency guidance,EXTRACTABLE,,,no,inherited from federal
us-sd,LIHEAP-F-GUID-MODELPLAN,federal,agency guidance,EXTRACTABLE,,,no,inherited from federal
us-tn,LIHEAP-F-GUID-MODELPLAN,federal,agency guidance,EXTRACTABLE,,,no,inherited from federal
us-tx,LIHEAP-F-GUID-MODELPLAN,federal,agency guidance,EXTRACTABLE,,,no,inherited from federal
us-ut,LIHEAP-F-GUID-MODELPLAN,federal,agency guidance,EXTRACTABLE,,,no,inherited from federal
us-va,LIHEAP-F-GUID-MODELPLAN,federal,agency guidance,EXTRACTABLE,,,no,inherited from federal
us-vt,LIHEAP-F-GUID-MODELPLAN,federal,agency guidance,EXTRACTABLE,,,no,inherited from federal
us-wa,LIHEAP-F-GUID-MODELPLAN,federal,agency guidance,EXTRACTABLE,,,no,inherited from federal
us-wi,LIHEAP-F-GUID-MODELPLAN,federal,agency guidance,EXTRACTABLE,,,no,inherited from federal
us-wv,LIHEAP-F-GUID-MODELPLAN,federal,agency guidance,EXTRACTABLE,,,no,inherited from federal
us-wy,LIHEAP-F-GUID-MODELPLAN,federal,agency guidance,EXTRACTABLE,,,no,inherited from federal
us-ak,LIHEAP-ST-01,state,state plan,PRESENT,2026-09-10,us-ak/policy/acf/liheap-plan/fy2026/1,no,"section 1.1 dates of operation opened (heating=yes, cooling=no)"
us-ak,LIHEAP-ST-02,state,state plan,PRESENT,2026-09-10,us-ak/policy/acf/liheap-plan/fy2026/1,no,section 1.2 allocation percentages in body
us-ak,LIHEAP-ST-03,state,state plan,PRESENT,2026-09-10,us-ak/policy/acf/liheap-plan/fy2026/1,no,1.4a definition text present (1129 chars); the yes/no boxes of 1.4-1.6 are not captured in the extracted text (no checkbox glyphs)
us-ak,LIHEAP-ST-04,state,state plan,PRESENT,2026-09-10,us-ak/policy/acf/liheap-plan/fy2026/1,no,1.7b nominal assistance amount $0.00 in body
us-ak,LIHEAP-ST-05,state,state plan,REVIEW,2026-09-10,us-ak/policy/acf/liheap-plan/fy2026/1,no,1.8 (gross/net) and 1.9 (income types) are check boxes; checkbox state is not captured in the extracted text; narrative in 1.10-1.12 present
us-ak,LIHEAP-ST-06,state,state plan,PRESENT,2026-09-10,us-ak/policy/acf/liheap-plan/fy2026/2,no,2.1: HHS Poverty Guidelines 150.00%
us-ak,LIHEAP-ST-07,state,state plan,PRESENT,2026-09-10,us-ak/policy/acf/liheap-plan/fy2026/2,no,2.3/2.4 priority narrative present (1751 chars); yes/no boxes not captured
us-ak,LIHEAP-ST-08,state,state plan,PRESENT,2026-09-10,us-ak/policy/acf/liheap-plan/fy2026/2,no,"2.6 minimum $350 / maximum $6,125; 2.5 variables are check boxes (state not captured) but narrative present"
us-ak,LIHEAP-ST-09,state,plan attachment / policy manual,EXTRACTABLE,,,no,"the extracted plan ends at the 'Plan Attachments' list (matrix is an attachment, not in the PDF); clearinghouse lists a state policy manual: http://dpaweb.hss.state.ak.us/manuals/HAP/hap.htm"
us-ak,LIHEAP-ST-10,state,n/a,ABSENT,,,no,n/a: no cooling component operated (section 1.1)
us-ak,LIHEAP-ST-11,state,state plan,PRESENT,2026-09-10,us-ak/policy/acf/liheap-plan/fy2026/4,no,"4.1 threshold HHS Poverty Guidelines 150.00%; 4.2-4.3 definitions; response hours 48,48"
us-ak,LIHEAP-ST-12,state,state plan,PRESENT,2026-09-10,us-ak/policy/acf/liheap-plan/fy2026/4,no,crisis benefit figures in section 4 ($175)
us-ak,LIHEAP-ST-13,state,state plan,PRESENT,2026-09-10,us-ak/policy/acf/liheap-plan/fy2026/5,no,section 5 body 4693 chars
us-ak,LIHEAP-ST-14,state,state plan,PRESENT,2026-09-10,us-ak/policy/acf/liheap-plan/fy2026/6,no,sections 6-9 bodies present
us-ak,LIHEAP-ST-15,state,state plan,PRESENT,2026-09-10,us-ak/policy/acf/liheap-plan/fy2026/12,no,section 12 body 2051 chars
us-ak,LIHEAP-ST-16,state,state plan,PRESENT,2026-09-10,us-ak/policy/acf/liheap-plan/fy2026/13,no,sections 13-16 bodies present
us-ak,LIHEAP-ST-17,state,state plan,PRESENT,2026-09-10,us-ak/policy/acf/liheap-plan/fy2026/17,no,sections 10 and 17 bodies present
us-ak,LIHEAP-ST-18,state,state policy manual,EXTRACTABLE,,,no,clearinghouse 'State LIHEAP Policy Manuals' link (read 2026-09-11): http://dpaweb.hss.state.ak.us/manuals/HAP/hap.htm; not taken (run note: manuals are a separate family)
us-al,LIHEAP-ST-01,state,state plan,PRESENT,2026-09-10,us-al/policy/acf/liheap-plan/fy2026/1,no,"section 1.1 dates of operation opened (heating=yes, cooling=yes)"
us-al,LIHEAP-ST-02,state,state plan,PRESENT,2026-09-10,us-al/policy/acf/liheap-plan/fy2026/1,no,section 1.2 allocation percentages in body
us-al,LIHEAP-ST-03,state,state plan,REVIEW,2026-09-10,us-al/policy/acf/liheap-plan/fy2026/1,no,"1.4-1.6 are yes/no boxes; the extractor keeps no checkbox state and 1.4a carries no description, so the policy cannot be read from the body"
us-al,LIHEAP-ST-04,state,state plan,PRESENT,2026-09-10,us-al/policy/acf/liheap-plan/fy2026/1,no,1.7b nominal assistance amount $0.00 in body
us-al,LIHEAP-ST-05,state,state plan,REVIEW,2026-09-10,us-al/policy/acf/liheap-plan/fy2026/1,no,1.8 (gross/net) and 1.9 (income types) are check boxes; checkbox state is not captured in the extracted text; narrative in 1.10-1.12 present
us-al,LIHEAP-ST-06,state,state plan,PRESENT,2026-09-10,us-al/policy/acf/liheap-plan/fy2026/2,no,2.1: HHS Poverty Guidelines 150.00%
us-al,LIHEAP-ST-07,state,state plan,PRESENT,2026-09-10,us-al/policy/acf/liheap-plan/fy2026/2,no,2.3/2.4 priority narrative present (955 chars); yes/no boxes not captured
us-al,LIHEAP-ST-08,state,state plan,PRESENT,2026-09-10,us-al/policy/acf/liheap-plan/fy2026/2,no,2.6 minimum $280 / maximum $580; 2.5 variables are check boxes (state not captured) but narrative present
us-al,LIHEAP-ST-09,state,plan attachment / policy manual,EXTRACTABLE,,,no,"the extracted plan ends at the 'Plan Attachments' list (matrix is an attachment, not in the PDF); clearinghouse lists a state policy manual: https://adeca.alabama.gov/wp-content/uploads/LIHEAP-Manual.pdf"
us-al,LIHEAP-ST-10,state,state plan,PRESENT,2026-09-10,us-al/policy/acf/liheap-plan/fy2026/3,no,3.1 threshold HHS Poverty Guidelines 150.00%; min/max 320/520
us-al,LIHEAP-ST-11,state,state plan,PRESENT,2026-09-10,us-al/policy/acf/liheap-plan/fy2026/4,no,"4.1 threshold HHS Poverty Guidelines 150.00%; 4.2-4.3 definitions; response hours 48,18"
us-al,LIHEAP-ST-12,state,state plan,PRESENT,2026-09-10,us-al/policy/acf/liheap-plan/fy2026/4,no,"crisis benefit figures in section 4 ($15,650)"
us-al,LIHEAP-ST-13,state,state plan,PRESENT,2026-09-10,us-al/policy/acf/liheap-plan/fy2026/5,no,section 5 body 5124 chars
us-al,LIHEAP-ST-14,state,state plan,PRESENT,2026-09-10,us-al/policy/acf/liheap-plan/fy2026/6,no,sections 6-9 bodies present
us-al,LIHEAP-ST-15,state,state plan,PRESENT,2026-09-10,us-al/policy/acf/liheap-plan/fy2026/12,no,section 12 body 1400 chars
us-al,LIHEAP-ST-16,state,state plan,PRESENT,2026-09-10,us-al/policy/acf/liheap-plan/fy2026/13,no,sections 13-16 bodies present
us-al,LIHEAP-ST-17,state,state plan,PRESENT,2026-09-10,us-al/policy/acf/liheap-plan/fy2026/17,no,sections 10 and 17 bodies present
us-al,LIHEAP-ST-18,state,state policy manual,EXTRACTABLE,,,no,clearinghouse 'State LIHEAP Policy Manuals' link (read 2026-09-11): https://adeca.alabama.gov/wp-content/uploads/LIHEAP-Manual.pdf; not taken (run note: manuals are a separate family)
us-ar,LIHEAP-ST-01,state,state plan,PRESENT,2026-09-10,us-ar/policy/acf/liheap-plan/fy2026/1,no,"section 1.1 dates of operation opened (heating=yes, cooling=yes)"
us-ar,LIHEAP-ST-02,state,state plan,PRESENT,2026-09-10,us-ar/policy/acf/liheap-plan/fy2026/1,no,section 1.2 allocation percentages in body
us-ar,LIHEAP-ST-03,state,state plan,REVIEW,2026-09-10,us-ar/policy/acf/liheap-plan/fy2026/1,no,"1.4-1.6 are yes/no boxes; the extractor keeps no checkbox state and 1.4a carries no description, so the policy cannot be read from the body"
us-ar,LIHEAP-ST-04,state,state plan,PRESENT,2026-09-10,us-ar/policy/acf/liheap-plan/fy2026/1,no,1.7b nominal assistance amount $0.00 in body
us-ar,LIHEAP-ST-05,state,state plan,REVIEW,2026-09-10,us-ar/policy/acf/liheap-plan/fy2026/1,no,1.8 (gross/net) and 1.9 (income types) are check boxes; checkbox state is not captured in the extracted text; narrative in 1.10-1.12 present
us-ar,LIHEAP-ST-06,state,state plan,PRESENT,2026-09-10,us-ar/policy/acf/liheap-plan/fy2026/2,no,2.1: State Median Income 60.00%; State Median Income 60.00%; State Median Income 60.00%
us-ar,LIHEAP-ST-07,state,state plan,PRESENT,2026-09-10,us-ar/policy/acf/liheap-plan/fy2026/2,no,2.3/2.4 priority narrative present (1406 chars); yes/no boxes not captured
us-ar,LIHEAP-ST-08,state,state plan,PRESENT,2026-09-10,us-ar/policy/acf/liheap-plan/fy2026/2,no,2.6 minimum $60 / maximum $570; 2.5 variables are check boxes (state not captured) but narrative present
us-ar,LIHEAP-ST-09,state,plan attachment / policy manual,EXTRACTABLE,,,no,"the extracted plan ends at the 'Plan Attachments' list (matrix is an attachment, not in the PDF); clearinghouse lists a state policy manual: https://liheapch.acf.gov/sites/default/files/webfiles/docs/2026/manuals/AR_Manual_2026.pdf"
us-ar,LIHEAP-ST-10,state,state plan,PRESENT,2026-09-10,us-ar/policy/acf/liheap-plan/fy2026/3,no,3.1 threshold State Median Income 60.00%; State Median Income 60.00%; min/max 60/344
us-ar,LIHEAP-ST-11,state,state plan,PRESENT,2026-09-10,us-ar/policy/acf/liheap-plan/fy2026/4,no,"4.1 threshold State Median Income 60.00%; State Median Income 60.00%; 4.2-4.3 definitions; response hours 48,18"
us-ar,LIHEAP-ST-12,state,state plan,PRESENT,2026-09-10,us-ar/policy/acf/liheap-plan/fy2026/4,no,crisis benefit figures in section 4 ($600)
us-ar,LIHEAP-ST-13,state,state plan,PRESENT,2026-09-10,us-ar/policy/acf/liheap-plan/fy2026/5,no,section 5 body 4522 chars
us-ar,LIHEAP-ST-14,state,state plan,PRESENT,2026-09-10,us-ar/policy/acf/liheap-plan/fy2026/6,no,sections 6-9 bodies present
us-ar,LIHEAP-ST-15,state,state plan,PRESENT,2026-09-10,us-ar/policy/acf/liheap-plan/fy2026/12,no,section 12 body 1602 chars
us-ar,LIHEAP-ST-16,state,state plan,PRESENT,2026-09-10,us-ar/policy/acf/liheap-plan/fy2026/13,no,sections 13-16 bodies present
us-ar,LIHEAP-ST-17,state,state plan,PRESENT,2026-09-10,us-ar/policy/acf/liheap-plan/fy2026/17,no,sections 10 and 17 bodies present
us-ar,LIHEAP-ST-18,state,state policy manual,EXTRACTABLE,,,no,clearinghouse 'State LIHEAP Policy Manuals' link (read 2026-09-11): https://liheapch.acf.gov/sites/default/files/webfiles/docs/2026/manuals/AR_Manual_2026.pdf; not taken (run note: manuals are a separate family)
us-az,LIHEAP-ST-01,state,state plan,PRESENT,2026-09-10,us-az/policy/acf/liheap-plan/fy2026/1,no,"section 1.1 dates of operation opened (heating=yes, cooling=yes)"
us-az,LIHEAP-ST-02,state,state plan,PRESENT,2026-09-10,us-az/policy/acf/liheap-plan/fy2026/1,no,section 1.2 allocation percentages in body
us-az,LIHEAP-ST-03,state,state plan,PRESENT,2026-09-10,us-az/policy/acf/liheap-plan/fy2026/1,no,1.4a definition text present (351 chars); the yes/no boxes of 1.4-1.6 are not captured in the extracted text (no checkbox glyphs)
us-az,LIHEAP-ST-04,state,state plan,PRESENT,2026-09-10,us-az/policy/acf/liheap-plan/fy2026/1,no,1.7b nominal assistance amount $0.00 in body
us-az,LIHEAP-ST-05,state,state plan,REVIEW,2026-09-10,us-az/policy/acf/liheap-plan/fy2026/1,no,1.8 (gross/net) and 1.9 (income types) are check boxes; checkbox state is not captured in the extracted text; narrative in 1.10-1.12 present
us-az,LIHEAP-ST-06,state,state plan,PRESENT,2026-09-10,us-az/policy/acf/liheap-plan/fy2026/2,no,2.1: State Median Income 60.00%; HHS Poverty Guidelines 150.00%
us-az,LIHEAP-ST-07,state,state plan,PRESENT,2026-09-10,us-az/policy/acf/liheap-plan/fy2026/2,no,2.3/2.4 priority narrative present (1694 chars); yes/no boxes not captured
us-az,LIHEAP-ST-08,state,state plan,PRESENT,2026-09-10,us-az/policy/acf/liheap-plan/fy2026/2,no,2.6 minimum $160 / maximum $640; 2.5 variables are check boxes (state not captured) but narrative present
us-az,LIHEAP-ST-09,state,plan attachment / policy manual,EXTRACTABLE,,,no,"the extracted plan ends at the 'Plan Attachments' list (matrix is an attachment, not in the PDF); clearinghouse lists a state policy manual: https://des.az.gov/sites/default/files/dl/CCSD-LIHEAP-Policy.pdf"
us-az,LIHEAP-ST-10,state,state plan,PRESENT,2026-09-10,us-az/policy/acf/liheap-plan/fy2026/3,no,3.1 threshold State Median Income 60.00%; HHS Poverty Guidelines 150.00%; min/max 160/640
us-az,LIHEAP-ST-11,state,state plan,PRESENT,2026-09-10,us-az/policy/acf/liheap-plan/fy2026/4,no,"4.1 threshold State Median Income 60.00%; HHS Poverty Guidelines 150.00%; 4.2-4.3 definitions; response hours 48,48"
us-az,LIHEAP-ST-12,state,state plan,PRESENT,2026-09-10,us-az/policy/acf/liheap-plan/fy2026/4,no,crisis benefit figures in section 4 ($500)
us-az,LIHEAP-ST-13,state,state plan,PRESENT,2026-09-10,us-az/policy/acf/liheap-plan/fy2026/5,no,section 5 body 4376 chars
us-az,LIHEAP-ST-14,state,state plan,PRESENT,2026-09-10,us-az/policy/acf/liheap-plan/fy2026/6,no,sections 6-9 bodies present
us-az,LIHEAP-ST-15,state,state plan,PRESENT,2026-09-10,us-az/policy/acf/liheap-plan/fy2026/12,no,section 12 body 4306 chars
us-az,LIHEAP-ST-16,state,state plan,PRESENT,2026-09-10,us-az/policy/acf/liheap-plan/fy2026/13,no,sections 13-16 bodies present
us-az,LIHEAP-ST-17,state,state plan,PRESENT,2026-09-10,us-az/policy/acf/liheap-plan/fy2026/17,no,sections 10 and 17 bodies present
us-az,LIHEAP-ST-18,state,state policy manual,EXTRACTABLE,,,no,clearinghouse 'State LIHEAP Policy Manuals' link (read 2026-09-11): https://des.az.gov/sites/default/files/dl/CCSD-LIHEAP-Policy.pdf; not taken (run note: manuals are a separate family)
us-ca,LIHEAP-ST-01,state,state plan,PRESENT,2026-09-10,us-ca/policy/acf/liheap-plan/fy2026/1,no,"section 1.1 dates of operation opened (heating=yes, cooling=yes)"
us-ca,LIHEAP-ST-02,state,state plan,PRESENT,2026-09-10,us-ca/policy/acf/liheap-plan/fy2026/1,no,section 1.2 allocation percentages in body
us-ca,LIHEAP-ST-03,state,state plan,PRESENT,2026-09-10,us-ca/policy/acf/liheap-plan/fy2026/1,no,1.4a definition text present (403 chars); the yes/no boxes of 1.4-1.6 are not captured in the extracted text (no checkbox glyphs)
us-ca,LIHEAP-ST-04,state,state plan,PRESENT,2026-09-10,us-ca/policy/acf/liheap-plan/fy2026/1,no,1.7b nominal assistance amount $0.00 in body
us-ca,LIHEAP-ST-05,state,state plan,REVIEW,2026-09-10,us-ca/policy/acf/liheap-plan/fy2026/1,no,1.8 (gross/net) and 1.9 (income types) are check boxes; checkbox state is not captured in the extracted text; narrative in 1.10-1.12 present
us-ca,LIHEAP-ST-06,state,state plan,PRESENT,2026-09-10,us-ca/policy/acf/liheap-plan/fy2026/2,no,2.1: State Median Income 60.00%
us-ca,LIHEAP-ST-07,state,state plan,PRESENT,2026-09-10,us-ca/policy/acf/liheap-plan/fy2026/2,no,2.3/2.4 priority narrative present (538 chars); yes/no boxes not captured
us-ca,LIHEAP-ST-08,state,state plan,PRESENT,2026-09-10,us-ca/policy/acf/liheap-plan/fy2026/2,no,"2.6 minimum $94 / maximum $1,500; 2.5 variables are check boxes (state not captured) but narrative present"
us-ca,LIHEAP-ST-09,state,plan attachment / policy manual,REVIEW,,,no,matrix is a plan attachment not in the extracted PDF; the clearinghouse index lists no policy manual for this state; state agency site not inventoried
us-ca,LIHEAP-ST-10,state,state plan,PRESENT,2026-09-10,us-ca/policy/acf/liheap-plan/fy2026/3,no,3.1 threshold State Median Income 60.00%; min/max 283/932
us-ca,LIHEAP-ST-11,state,state plan,PRESENT,2026-09-10,us-ca/policy/acf/liheap-plan/fy2026/4,no,"4.1 threshold State Median Income 60.00%; 4.2-4.3 definitions; response hours 48,18"
us-ca,LIHEAP-ST-12,state,state plan,PRESENT,2026-09-10,us-ca/policy/acf/liheap-plan/fy2026/4,no,"crisis benefit figures in section 4 ($1,500,)"
us-ca,LIHEAP-ST-13,state,state plan,PRESENT,2026-09-10,us-ca/policy/acf/liheap-plan/fy2026/5,no,section 5 body 3450 chars
us-ca,LIHEAP-ST-14,state,state plan,PRESENT,2026-09-10,us-ca/policy/acf/liheap-plan/fy2026/6,no,sections 6-9 bodies present
us-ca,LIHEAP-ST-15,state,state plan,PRESENT,2026-09-10,us-ca/policy/acf/liheap-plan/fy2026/12,no,section 12 body 4858 chars
us-ca,LIHEAP-ST-16,state,state plan,PRESENT,2026-09-10,us-ca/policy/acf/liheap-plan/fy2026/13,no,sections 13-16 bodies present
us-ca,LIHEAP-ST-17,state,state plan,PRESENT,2026-09-10,us-ca/policy/acf/liheap-plan/fy2026/17,no,sections 10 and 17 bodies present
us-ca,LIHEAP-ST-18,state,state policy manual,REVIEW,,,no,clearinghouse index lists no policy manual for this state; state agency site not inventoried in the queue
us-co,LIHEAP-ST-01,state,state plan,PRESENT,2026-09-10,us-co/policy/acf/liheap-plan/fy2026/1,no,"section 1.1 dates of operation opened (heating=yes, cooling=no)"
us-co,LIHEAP-ST-02,state,state plan,PRESENT,2026-09-10,us-co/policy/acf/liheap-plan/fy2026/1,no,section 1.2 allocation percentages in body
us-co,LIHEAP-ST-03,state,state plan,REVIEW,2026-09-10,us-co/policy/acf/liheap-plan/fy2026/1,no,"1.4-1.6 are yes/no boxes; the extractor keeps no checkbox state and 1.4a carries no description, so the policy cannot be read from the body"
us-co,LIHEAP-ST-04,state,state plan,PRESENT,2026-09-10,us-co/policy/acf/liheap-plan/fy2026/1,no,1.7b nominal assistance amount $0.00 in body
us-co,LIHEAP-ST-05,state,state plan,REVIEW,2026-09-10,us-co/policy/acf/liheap-plan/fy2026/1,no,1.8 (gross/net) and 1.9 (income types) are check boxes; checkbox state is not captured in the extracted text; narrative in 1.10-1.12 present
us-co,LIHEAP-ST-06,state,state plan,PRESENT,2026-09-10,us-co/policy/acf/liheap-plan/fy2026/2,no,2.1: State Median Income 60.00%
us-co,LIHEAP-ST-07,state,state plan,PRESENT,2026-09-10,us-co/policy/acf/liheap-plan/fy2026/2,no,2.3/2.4 priority narrative present (855 chars); yes/no boxes not captured
us-co,LIHEAP-ST-08,state,state plan,PRESENT,2026-09-10,us-co/policy/acf/liheap-plan/fy2026/2,no,"2.6 minimum $200 / maximum $1,000; 2.5 variables are check boxes (state not captured) but narrative present"
us-co,LIHEAP-ST-09,state,plan attachment / policy manual,EXTRACTABLE,,,no,"the extracted plan ends at the 'Plan Attachments' list (matrix is an attachment, not in the PDF); clearinghouse lists a state policy manual: https://www.sos.state.co.us/CCR/GenerateRulePdf.do?ruleVersionId=7308&fileName=9%20CCR%202503-7"
us-co,LIHEAP-ST-10,state,n/a,ABSENT,,,no,n/a: no cooling component operated (section 1.1)
us-co,LIHEAP-ST-11,state,state plan,PRESENT,2026-09-10,us-co/policy/acf/liheap-plan/fy2026/4,no,"4.1 threshold State Median Income 60.00%; 4.2-4.3 definitions; response hours 48,18"
us-co,LIHEAP-ST-12,state,state plan,PRESENT,2026-09-10,us-co/policy/acf/liheap-plan/fy2026/4,no,"crisis benefit figures in section 4 ($4,800)"
us-co,LIHEAP-ST-13,state,state plan,PRESENT,2026-09-10,us-co/policy/acf/liheap-plan/fy2026/5,no,section 5 body 4462 chars
us-co,LIHEAP-ST-14,state,state plan,PRESENT,2026-09-10,us-co/policy/acf/liheap-plan/fy2026/6,no,sections 6-9 bodies present
us-co,LIHEAP-ST-15,state,state plan,PRESENT,2026-09-10,us-co/policy/acf/liheap-plan/fy2026/12,no,section 12 body 1640 chars
us-co,LIHEAP-ST-16,state,state plan,PRESENT,2026-09-10,us-co/policy/acf/liheap-plan/fy2026/13,no,sections 13-16 bodies present
us-co,LIHEAP-ST-17,state,state plan,PRESENT,2026-09-10,us-co/policy/acf/liheap-plan/fy2026/17,no,sections 10 and 17 bodies present
us-co,LIHEAP-ST-18,state,state policy manual,EXTRACTABLE,,,no,clearinghouse 'State LIHEAP Policy Manuals' link (read 2026-09-11): https://www.sos.state.co.us/CCR/GenerateRulePdf.do?ruleVersionId=7308&fileName=9%20CCR%202503-7; not taken (run note: manuals are a separate family)
us-ct,LIHEAP-ST-01,state,state plan,PRESENT,2026-09-10,us-ct/policy/acf/liheap-plan/fy2026/1,no,"section 1.1 dates of operation opened (heating=yes, cooling=no)"
us-ct,LIHEAP-ST-02,state,state plan,PRESENT,2026-09-10,us-ct/policy/acf/liheap-plan/fy2026/1,no,section 1.2 allocation percentages in body
us-ct,LIHEAP-ST-03,state,state plan,PRESENT,2026-09-10,us-ct/policy/acf/liheap-plan/fy2026/1,no,1.4a definition text present (1473 chars); the yes/no boxes of 1.4-1.6 are not captured in the extracted text (no checkbox glyphs)
us-ct,LIHEAP-ST-04,state,state plan,PRESENT,2026-09-10,us-ct/policy/acf/liheap-plan/fy2026/1,no,1.7b nominal assistance amount $20.01 in body
us-ct,LIHEAP-ST-05,state,state plan,REVIEW,2026-09-10,us-ct/policy/acf/liheap-plan/fy2026/1,no,1.8 (gross/net) and 1.9 (income types) are check boxes; checkbox state is not captured in the extracted text; narrative in 1.10-1.12 present
us-ct,LIHEAP-ST-06,state,state plan,PRESENT,2026-09-10,us-ct/policy/acf/liheap-plan/fy2026/2,no,2.1: State Median Income 60.00%
us-ct,LIHEAP-ST-07,state,state plan,PRESENT,2026-09-10,us-ct/policy/acf/liheap-plan/fy2026/2,no,2.3/2.4 priority narrative present (563 chars); yes/no boxes not captured
us-ct,LIHEAP-ST-08,state,state plan,PRESENT,2026-09-10,us-ct/policy/acf/liheap-plan/fy2026/2,no,2.6 minimum $75 / maximum $645; 2.5 variables are check boxes (state not captured) but narrative present
us-ct,LIHEAP-ST-09,state,plan attachment / policy manual,EXTRACTABLE,,,no,"the extracted plan ends at the 'Plan Attachments' list (matrix is an attachment, not in the PDF); clearinghouse lists a state policy manual: https://portal.ct.gov/-/media/departments-and-agencies/dss/winter-heating-assistance/as-appoved-ffy-2025-liheap-allocation-plan.pdf"
us-ct,LIHEAP-ST-10,state,n/a,ABSENT,,,no,n/a: no cooling component operated (section 1.1)
us-ct,LIHEAP-ST-11,state,state plan,PRESENT,2026-09-10,us-ct/policy/acf/liheap-plan/fy2026/4,no,"4.1 threshold State Median Income 60.00%; 4.2-4.3 definitions; response hours 48,18"
us-ct,LIHEAP-ST-12,state,state plan,PRESENT,2026-09-10,us-ct/policy/acf/liheap-plan/fy2026/4,no,crisis benefit figures in section 4 ($425)
us-ct,LIHEAP-ST-13,state,state plan,PRESENT,2026-09-10,us-ct/policy/acf/liheap-plan/fy2026/5,no,section 5 body 5433 chars
us-ct,LIHEAP-ST-14,state,state plan,PRESENT,2026-09-10,us-ct/policy/acf/liheap-plan/fy2026/6,no,sections 6-9 bodies present
us-ct,LIHEAP-ST-15,state,state plan,PRESENT,2026-09-10,us-ct/policy/acf/liheap-plan/fy2026/12,no,section 12 body 1513 chars
us-ct,LIHEAP-ST-16,state,state plan,PRESENT,2026-09-10,us-ct/policy/acf/liheap-plan/fy2026/13,no,sections 13-16 bodies present
us-ct,LIHEAP-ST-17,state,state plan,PRESENT,2026-09-10,us-ct/policy/acf/liheap-plan/fy2026/17,no,sections 10 and 17 bodies present
us-ct,LIHEAP-ST-18,state,state policy manual,EXTRACTABLE,,,no,clearinghouse 'State LIHEAP Policy Manuals' link (read 2026-09-11): https://portal.ct.gov/-/media/departments-and-agencies/dss/winter-heating-assistance/as-appoved-ffy-2025-liheap-allocation-plan.pdf; not taken (run note: manuals are a separate family)
us-dc,LIHEAP-ST-01,state,state plan,PRESENT,2026-09-10,us-dc/policy/acf/liheap-plan/fy2026/1,partial,"section 1.1 dates of operation opened (heating=yes, cooling=yes)"
us-dc,LIHEAP-ST-02,state,state plan,PRESENT,2026-09-10,us-dc/policy/acf/liheap-plan/fy2026/1,no,section 1.2 allocation percentages in body
us-dc,LIHEAP-ST-03,state,state plan,REVIEW,2026-09-10,us-dc/policy/acf/liheap-plan/fy2026/1,partial,"1.4-1.6 are yes/no boxes; the extractor keeps no checkbox state and 1.4a carries no description, so the policy cannot be read from the body"
us-dc,LIHEAP-ST-04,state,state plan,PRESENT,2026-09-10,us-dc/policy/acf/liheap-plan/fy2026/1,no,1.7b nominal assistance amount $0.00 in body
us-dc,LIHEAP-ST-05,state,state plan,REVIEW,2026-09-10,us-dc/policy/acf/liheap-plan/fy2026/1,partial,1.8 (gross/net) and 1.9 (income types) are check boxes; checkbox state is not captured in the extracted text; narrative in 1.10-1.12 present
us-dc,LIHEAP-ST-06,state,state plan,PRESENT,2026-09-10,us-dc/policy/acf/liheap-plan/fy2026/2,partial,2.1: State Median Income 60.00%
us-dc,LIHEAP-ST-07,state,state plan,PRESENT,2026-09-10,us-dc/policy/acf/liheap-plan/fy2026/2,no,2.3/2.4 priority narrative present (654 chars); yes/no boxes not captured
us-dc,LIHEAP-ST-08,state,state plan,PRESENT,2026-09-10,us-dc/policy/acf/liheap-plan/fy2026/2,partial,"2.6 minimum $200 / maximum $1,800; 2.5 variables are check boxes (state not captured) but narrative present"
us-dc,LIHEAP-ST-09,state,plan attachment / policy manual,REVIEW,,,partial,matrix is a plan attachment not in the extracted PDF; the clearinghouse index lists no policy manual for this state; state agency site not inventoried
us-dc,LIHEAP-ST-10,state,state plan,PRESENT,2026-09-10,us-dc/policy/acf/liheap-plan/fy2026/3,no,"3.1 threshold State Median Income 60.00%; min/max 200/1,800"
us-dc,LIHEAP-ST-11,state,state plan,PRESENT,2026-09-10,us-dc/policy/acf/liheap-plan/fy2026/4,partial,"4.1 threshold State Median Income 60.00%; 4.2-4.3 definitions; response hours 48,48"
us-dc,LIHEAP-ST-12,state,state plan,PRESENT,2026-09-10,us-dc/policy/acf/liheap-plan/fy2026/4,partial,crisis benefit figures in section 4 ($200)
us-dc,LIHEAP-ST-13,state,state plan,PRESENT,2026-09-10,us-dc/policy/acf/liheap-plan/fy2026/5,no,section 5 body 4386 chars
us-dc,LIHEAP-ST-14,state,state plan,PRESENT,2026-09-10,us-dc/policy/acf/liheap-plan/fy2026/6,no,sections 6-9 bodies present
us-dc,LIHEAP-ST-15,state,state plan,PRESENT,2026-09-10,us-dc/policy/acf/liheap-plan/fy2026/12,no,section 12 body 2389 chars
us-dc,LIHEAP-ST-16,state,state plan,PRESENT,2026-09-10,us-dc/policy/acf/liheap-plan/fy2026/13,no,sections 13-16 bodies present
us-dc,LIHEAP-ST-17,state,state plan,PRESENT,2026-09-10,us-dc/policy/acf/liheap-plan/fy2026/17,no,sections 10 and 17 bodies present
us-dc,LIHEAP-ST-18,state,state policy manual,REVIEW,,,partial,clearinghouse index lists no policy manual for this state; state agency site not inventoried in the queue
us-de,LIHEAP-ST-01,state,state plan,PRESENT,2026-09-10,us-de/policy/acf/liheap-plan/fy2026/1,no,"section 1.1 dates of operation opened (heating=yes, cooling=yes)"
us-de,LIHEAP-ST-02,state,state plan,PRESENT,2026-09-10,us-de/policy/acf/liheap-plan/fy2026/1,no,section 1.2 allocation percentages in body
us-de,LIHEAP-ST-03,state,state plan,REVIEW,2026-09-10,us-de/policy/acf/liheap-plan/fy2026/1,no,"1.4-1.6 are yes/no boxes; the extractor keeps no checkbox state and 1.4a carries no description, so the policy cannot be read from the body"
us-de,LIHEAP-ST-04,state,state plan,PRESENT,2026-09-10,us-de/policy/acf/liheap-plan/fy2026/1,no,1.7b nominal assistance amount $0.00 in body
us-de,LIHEAP-ST-05,state,state plan,REVIEW,2026-09-10,us-de/policy/acf/liheap-plan/fy2026/1,no,1.8 (gross/net) and 1.9 (income types) are check boxes; checkbox state is not captured in the extracted text; narrative in 1.10-1.12 present
us-de,LIHEAP-ST-06,state,state plan,PRESENT,2026-09-10,us-de/policy/acf/liheap-plan/fy2026/2,no,2.1: State Median Income 60.00%
us-de,LIHEAP-ST-07,state,state plan,PRESENT,2026-09-10,us-de/policy/acf/liheap-plan/fy2026/2,no,2.3/2.4 priority narrative present (3752 chars); yes/no boxes not captured
us-de,LIHEAP-ST-08,state,state plan,PRESENT,2026-09-10,us-de/policy/acf/liheap-plan/fy2026/2,no,"2.6 minimum $100 / maximum $2,464; 2.5 variables are check boxes (state not captured) but narrative present"
us-de,LIHEAP-ST-09,state,plan attachment / policy manual,EXTRACTABLE,,,no,"the extracted plan ends at the 'Plan Attachments' list (matrix is an attachment, not in the PDF); clearinghouse lists a state policy manual: https://bidcondocs.delaware.gov/HSS/HSS_15027Liheap_MAN.pdf"
us-de,LIHEAP-ST-10,state,state plan,PRESENT,2026-09-10,us-de/policy/acf/liheap-plan/fy2026/3,no,"3.1 threshold State Median Income 60.00%; min/max 1/1,000"
us-de,LIHEAP-ST-11,state,state plan,PRESENT,2026-09-10,us-de/policy/acf/liheap-plan/fy2026/4,no,"4.1 threshold State Median Income 60.00%; 4.2-4.3 definitions; response hours 72,72"
us-de,LIHEAP-ST-12,state,state plan,PRESENT,2026-09-10,us-de/policy/acf/liheap-plan/fy2026/4,no,"crisis benefit figures in section 4 ($2,500,)"
us-de,LIHEAP-ST-13,state,state plan,PRESENT,2026-09-10,us-de/policy/acf/liheap-plan/fy2026/5,no,section 5 body 6525 chars
us-de,LIHEAP-ST-14,state,state plan,PRESENT,2026-09-10,us-de/policy/acf/liheap-plan/fy2026/6,no,sections 6-9 bodies present
us-de,LIHEAP-ST-15,state,state plan,PRESENT,2026-09-10,us-de/policy/acf/liheap-plan/fy2026/12,no,section 12 body 3118 chars
us-de,LIHEAP-ST-16,state,state plan,PRESENT,2026-09-10,us-de/policy/acf/liheap-plan/fy2026/13,no,sections 13-16 bodies present
us-de,LIHEAP-ST-17,state,state plan,PRESENT,2026-09-10,us-de/policy/acf/liheap-plan/fy2026/17,no,sections 10 and 17 bodies present
us-de,LIHEAP-ST-18,state,state policy manual,EXTRACTABLE,,,no,clearinghouse 'State LIHEAP Policy Manuals' link (read 2026-09-11): https://bidcondocs.delaware.gov/HSS/HSS_15027Liheap_MAN.pdf; not taken (run note: manuals are a separate family)
us-fl,LIHEAP-ST-01,state,state plan,PRESENT,2026-09-10,us-fl/policy/acf/liheap-plan/fy2026/1,no,"section 1.1 dates of operation opened (heating=yes, cooling=yes)"
us-fl,LIHEAP-ST-02,state,state plan,PRESENT,2026-09-10,us-fl/policy/acf/liheap-plan/fy2026/1,no,section 1.2 allocation percentages in body
us-fl,LIHEAP-ST-03,state,state plan,PRESENT,2026-09-10,us-fl/policy/acf/liheap-plan/fy2026/1,no,1.4a definition text present (388 chars); the yes/no boxes of 1.4-1.6 are not captured in the extracted text (no checkbox glyphs)
us-fl,LIHEAP-ST-04,state,state plan,PRESENT,2026-09-10,us-fl/policy/acf/liheap-plan/fy2026/1,no,1.7b nominal assistance amount $0.00 in body
us-fl,LIHEAP-ST-05,state,state plan,REVIEW,2026-09-10,us-fl/policy/acf/liheap-plan/fy2026/1,no,1.8 (gross/net) and 1.9 (income types) are check boxes; checkbox state is not captured in the extracted text; narrative in 1.10-1.12 present
us-fl,LIHEAP-ST-06,state,state plan,PRESENT,2026-09-10,us-fl/policy/acf/liheap-plan/fy2026/2,no,2.1: State Median Income 60.00%; State Median Income 60.00%; State Median Income 60.00%
us-fl,LIHEAP-ST-07,state,state plan,PRESENT,2026-09-10,us-fl/policy/acf/liheap-plan/fy2026/2,no,2.3/2.4 priority narrative present (786 chars); yes/no boxes not captured
us-fl,LIHEAP-ST-08,state,state plan,PRESENT,2026-09-10,us-fl/policy/acf/liheap-plan/fy2026/2,no,"2.6 minimum $400 / maximum $1,350; 2.5 variables are check boxes (state not captured) but narrative present"
us-fl,LIHEAP-ST-09,state,plan attachment / policy manual,EXTRACTABLE,,,no,"the extracted plan ends at the 'Plan Attachments' list (matrix is an attachment, not in the PDF); clearinghouse lists a state policy manual: https://liheapch.acf.gov/sites/default/files/webfiles/docs/2023/manuals/FL_PolicyManual_2023.pdf"
us-fl,LIHEAP-ST-10,state,state plan,PRESENT,2026-09-10,us-fl/policy/acf/liheap-plan/fy2026/3,no,"3.1 threshold State Median Income 60.00%; State Median Income 60.00%; min/max 400/1,350"
us-fl,LIHEAP-ST-11,state,state plan,PRESENT,2026-09-10,us-fl/policy/acf/liheap-plan/fy2026/4,no,"4.1 threshold State Median Income 60.00%; State Median Income 60.00%; 4.2-4.3 definitions; response hours 18,48"
us-fl,LIHEAP-ST-12,state,state plan,PRESENT,2026-09-10,us-fl/policy/acf/liheap-plan/fy2026/4,no,"crisis benefit figures in section 4 ($2,000)"
us-fl,LIHEAP-ST-13,state,state plan,PRESENT,2026-09-10,us-fl/policy/acf/liheap-plan/fy2026/5,no,section 5 body 3096 chars
us-fl,LIHEAP-ST-14,state,state plan,PRESENT,2026-09-10,us-fl/policy/acf/liheap-plan/fy2026/6,no,sections 6-9 bodies present
us-fl,LIHEAP-ST-15,state,state plan,PRESENT,2026-09-10,us-fl/policy/acf/liheap-plan/fy2026/12,no,section 12 body 2169 chars
us-fl,LIHEAP-ST-16,state,state plan,PRESENT,2026-09-10,us-fl/policy/acf/liheap-plan/fy2026/13,no,sections 13-16 bodies present
us-fl,LIHEAP-ST-17,state,state plan,PRESENT,2026-09-10,us-fl/policy/acf/liheap-plan/fy2026/17,no,sections 10 and 17 bodies present
us-fl,LIHEAP-ST-18,state,state policy manual,EXTRACTABLE,,,no,clearinghouse 'State LIHEAP Policy Manuals' link (read 2026-09-11): https://liheapch.acf.gov/sites/default/files/webfiles/docs/2023/manuals/FL_PolicyManual_2023.pdf; not taken (run note: manuals are a separate family)
us-ga,LIHEAP-ST-01,state,state plan,PRESENT,2026-09-10,us-ga/policy/acf/liheap-plan/fy2026/1,no,"section 1.1 dates of operation opened (heating=yes, cooling=yes)"
us-ga,LIHEAP-ST-02,state,state plan,PRESENT,2026-09-10,us-ga/policy/acf/liheap-plan/fy2026/1,no,section 1.2 allocation percentages in body
us-ga,LIHEAP-ST-03,state,state plan,PRESENT,2026-09-10,us-ga/policy/acf/liheap-plan/fy2026/1,no,1.4a definition text present (81 chars); the yes/no boxes of 1.4-1.6 are not captured in the extracted text (no checkbox glyphs)
us-ga,LIHEAP-ST-04,state,state plan,PRESENT,2026-09-10,us-ga/policy/acf/liheap-plan/fy2026/1,no,1.7b nominal assistance amount $0.00 in body
us-ga,LIHEAP-ST-05,state,state plan,REVIEW,2026-09-10,us-ga/policy/acf/liheap-plan/fy2026/1,no,1.8 (gross/net) and 1.9 (income types) are check boxes; checkbox state is not captured in the extracted text; narrative in 1.10-1.12 present
us-ga,LIHEAP-ST-06,state,state plan,PRESENT,2026-09-10,us-ga/policy/acf/liheap-plan/fy2026/2,no,2.1: State Median Income 60.00%
us-ga,LIHEAP-ST-07,state,state plan,PRESENT,2026-09-10,us-ga/policy/acf/liheap-plan/fy2026/2,no,2.3/2.4 priority narrative present (448 chars); yes/no boxes not captured
us-ga,LIHEAP-ST-08,state,state plan,PRESENT,2026-09-10,us-ga/policy/acf/liheap-plan/fy2026/2,no,2.6 minimum $400 / maximum $810; 2.5 variables are check boxes (state not captured) but narrative present
us-ga,LIHEAP-ST-09,state,plan attachment / policy manual,EXTRACTABLE,,,no,"the extracted plan ends at the 'Plan Attachments' list (matrix is an attachment, not in the PDF); clearinghouse lists a state policy manual: https://liheapch.acf.gov/sites/default/files/webfiles/docs/2023/manuals/GA_PolicyManual_2023.pdf"
us-ga,LIHEAP-ST-10,state,state plan,PRESENT,2026-09-10,us-ga/policy/acf/liheap-plan/fy2026/3,no,3.1 threshold State Median Income 60.00%; min/max 400/500
us-ga,LIHEAP-ST-11,state,state plan,PRESENT,2026-09-10,us-ga/policy/acf/liheap-plan/fy2026/4,no,"4.1 threshold State Median Income 60.00%; 4.2-4.3 definitions; response hours 48,18"
us-ga,LIHEAP-ST-12,state,state plan,PRESENT,2026-09-10,us-ga/policy/acf/liheap-plan/fy2026/4,no,crisis benefit figures in section 4 ($810)
us-ga,LIHEAP-ST-13,state,state plan,PRESENT,2026-09-10,us-ga/policy/acf/liheap-plan/fy2026/5,no,section 5 body 5322 chars
us-ga,LIHEAP-ST-14,state,state plan,PRESENT,2026-09-10,us-ga/policy/acf/liheap-plan/fy2026/6,no,sections 6-9 bodies present
us-ga,LIHEAP-ST-15,state,state plan,PRESENT,2026-09-10,us-ga/policy/acf/liheap-plan/fy2026/12,no,section 12 body 1337 chars
us-ga,LIHEAP-ST-16,state,state plan,PRESENT,2026-09-10,us-ga/policy/acf/liheap-plan/fy2026/13,no,sections 13-16 bodies present
us-ga,LIHEAP-ST-17,state,state plan,PRESENT,2026-09-10,us-ga/policy/acf/liheap-plan/fy2026/17,no,sections 10 and 17 bodies present
us-ga,LIHEAP-ST-18,state,state policy manual,EXTRACTABLE,,,no,clearinghouse 'State LIHEAP Policy Manuals' link (read 2026-09-11): https://liheapch.acf.gov/sites/default/files/webfiles/docs/2023/manuals/GA_PolicyManual_2023.pdf; not taken (run note: manuals are a separate family)
us-hi,LIHEAP-ST-01,state,state plan,PRESENT,2026-09-10,us-hi/policy/acf/liheap-plan/fy2026/1,no,"section 1.1 dates of operation opened (heating=yes, cooling=yes)"
us-hi,LIHEAP-ST-02,state,state plan,PRESENT,2026-09-10,us-hi/policy/acf/liheap-plan/fy2026/1,no,section 1.2 allocation percentages in body
us-hi,LIHEAP-ST-03,state,state plan,PRESENT,2026-09-10,us-hi/policy/acf/liheap-plan/fy2026/1,no,1.4a definition text present (784 chars); the yes/no boxes of 1.4-1.6 are not captured in the extracted text (no checkbox glyphs)
us-hi,LIHEAP-ST-04,state,state plan,PRESENT,2026-09-10,us-hi/policy/acf/liheap-plan/fy2026/1,no,1.7b nominal assistance amount $0.00 in body
us-hi,LIHEAP-ST-05,state,state plan,REVIEW,2026-09-10,us-hi/policy/acf/liheap-plan/fy2026/1,no,1.8 (gross/net) and 1.9 (income types) are check boxes; checkbox state is not captured in the extracted text; narrative in 1.10-1.12 present
us-hi,LIHEAP-ST-06,state,state plan,PRESENT,2026-09-10,us-hi/policy/acf/liheap-plan/fy2026/2,no,2.1: State Median Income 60.00%; State Median Income 60.00%; State Median Income 60.00%
us-hi,LIHEAP-ST-07,state,state plan,PRESENT,2026-09-10,us-hi/policy/acf/liheap-plan/fy2026/2,no,2.3/2.4 priority narrative present (300 chars); yes/no boxes not captured
us-hi,LIHEAP-ST-08,state,state plan,PRESENT,2026-09-10,us-hi/policy/acf/liheap-plan/fy2026/2,no,"2.6 minimum $375 / maximum $1,400; 2.5 variables are check boxes (state not captured) but narrative present"
us-hi,LIHEAP-ST-09,state,plan attachment / policy manual,EXTRACTABLE,,,no,"the extracted plan ends at the 'Plan Attachments' list (matrix is an attachment, not in the PDF); clearinghouse lists a state policy manual: https://humanservices.hawaii.gov/wp-content/uploads/2019/07/Policies-and-Procedures-2020.pdf"
us-hi,LIHEAP-ST-10,state,state plan,PRESENT,2026-09-10,us-hi/policy/acf/liheap-plan/fy2026/3,no,"3.1 threshold State Median Income 60.00%; State Median Income 60.00%; min/max 375/1,400"
us-hi,LIHEAP-ST-11,state,state plan,PRESENT,2026-09-10,us-hi/policy/acf/liheap-plan/fy2026/4,no,"4.1 threshold State Median Income 60.00%; State Median Income 60.00%; 4.2-4.3 definitions; response hours 48,18"
us-hi,LIHEAP-ST-12,state,state plan,PRESENT,2026-09-10,us-hi/policy/acf/liheap-plan/fy2026/4,no,crisis benefit figures in section 4 ($700)
us-hi,LIHEAP-ST-13,state,state plan,PRESENT,2026-09-10,us-hi/policy/acf/liheap-plan/fy2026/5,no,section 5 body 3651 chars
us-hi,LIHEAP-ST-14,state,state plan,PRESENT,2026-09-10,us-hi/policy/acf/liheap-plan/fy2026/6,no,sections 6-9 bodies present
us-hi,LIHEAP-ST-15,state,state plan,PRESENT,2026-09-10,us-hi/policy/acf/liheap-plan/fy2026/12,no,section 12 body 2678 chars
us-hi,LIHEAP-ST-16,state,state plan,PRESENT,2026-09-10,us-hi/policy/acf/liheap-plan/fy2026/13,no,sections 13-16 bodies present
us-hi,LIHEAP-ST-17,state,state plan,PRESENT,2026-09-10,us-hi/policy/acf/liheap-plan/fy2026/17,no,sections 10 and 17 bodies present
us-hi,LIHEAP-ST-18,state,state policy manual,EXTRACTABLE,,,no,clearinghouse 'State LIHEAP Policy Manuals' link (read 2026-09-11): https://humanservices.hawaii.gov/wp-content/uploads/2019/07/Policies-and-Procedures-2020.pdf; not taken (run note: manuals are a separate family)
us-ia,LIHEAP-ST-01,state,state plan,PRESENT,2026-09-10,us-ia/policy/acf/liheap-plan/fy2026/1,no,"section 1.1 dates of operation opened (heating=yes, cooling=no)"
us-ia,LIHEAP-ST-02,state,state plan,PRESENT,2026-09-10,us-ia/policy/acf/liheap-plan/fy2026/1,no,section 1.2 allocation percentages in body
us-ia,LIHEAP-ST-03,state,state plan,REVIEW,2026-09-10,us-ia/policy/acf/liheap-plan/fy2026/1,no,"1.4-1.6 are yes/no boxes; the extractor keeps no checkbox state and 1.4a carries no description, so the policy cannot be read from the body"
us-ia,LIHEAP-ST-04,state,state plan,PRESENT,2026-09-10,us-ia/policy/acf/liheap-plan/fy2026/1,no,1.7b nominal assistance amount $0.00 in body
us-ia,LIHEAP-ST-05,state,state plan,REVIEW,2026-09-10,us-ia/policy/acf/liheap-plan/fy2026/1,no,1.8 (gross/net) and 1.9 (income types) are check boxes; checkbox state is not captured in the extracted text; narrative in 1.10-1.12 present
us-ia,LIHEAP-ST-06,state,state plan,PRESENT,2026-09-10,us-ia/policy/acf/liheap-plan/fy2026/2,no,2.1: HHS Poverty Guidelines 150.00%
us-ia,LIHEAP-ST-07,state,state plan,PRESENT,2026-09-10,us-ia/policy/acf/liheap-plan/fy2026/2,no,2.3/2.4 priority narrative present (1077 chars); yes/no boxes not captured
us-ia,LIHEAP-ST-08,state,state plan,PRESENT,2026-09-10,us-ia/policy/acf/liheap-plan/fy2026/2,no,2.6 minimum $80 / maximum $800; 2.5 variables are check boxes (state not captured) but narrative present
us-ia,LIHEAP-ST-09,state,plan attachment / policy manual,EXTRACTABLE,,,no,"the extracted plan ends at the 'Plan Attachments' list (matrix is an attachment, not in the PDF); clearinghouse lists a state policy manual: https://hhs.iowa.gov/media/2702/download?inline="
us-ia,LIHEAP-ST-10,state,n/a,ABSENT,,,no,n/a: no cooling component operated (section 1.1)
us-ia,LIHEAP-ST-11,state,state plan,PRESENT,2026-09-10,us-ia/policy/acf/liheap-plan/fy2026/4,no,"4.1 threshold HHS Poverty Guidelines 150.00%; 4.2-4.3 definitions; response hours 18,48"
us-ia,LIHEAP-ST-12,state,state plan,PRESENT,2026-09-10,us-ia/policy/acf/liheap-plan/fy2026/4,no,"crisis benefit figures in section 4 ($31,300)"
us-ia,LIHEAP-ST-13,state,state plan,PRESENT,2026-09-10,us-ia/policy/acf/liheap-plan/fy2026/5,no,section 5 body 4121 chars
us-ia,LIHEAP-ST-14,state,state plan,PRESENT,2026-09-10,us-ia/policy/acf/liheap-plan/fy2026/6,no,sections 6-9 bodies present
us-ia,LIHEAP-ST-15,state,state plan,PRESENT,2026-09-10,us-ia/policy/acf/liheap-plan/fy2026/12,no,section 12 body 3433 chars
us-ia,LIHEAP-ST-16,state,state plan,PRESENT,2026-09-10,us-ia/policy/acf/liheap-plan/fy2026/13,no,sections 13-16 bodies present
us-ia,LIHEAP-ST-17,state,state plan,PRESENT,2026-09-10,us-ia/policy/acf/liheap-plan/fy2026/17,no,sections 10 and 17 bodies present
us-ia,LIHEAP-ST-18,state,state policy manual,EXTRACTABLE,,,no,clearinghouse 'State LIHEAP Policy Manuals' link (read 2026-09-11): https://hhs.iowa.gov/media/2702/download?inline=; not taken (run note: manuals are a separate family)
us-id,LIHEAP-ST-01,state,state plan,PRESENT,2026-09-10,us-id/policy/acf/liheap-plan/fy2026/1,no,"section 1.1 dates of operation opened (heating=yes, cooling=no)"
us-id,LIHEAP-ST-02,state,state plan,PRESENT,2026-09-10,us-id/policy/acf/liheap-plan/fy2026/1,no,section 1.2 allocation percentages in body
us-id,LIHEAP-ST-03,state,state plan,PRESENT,2026-09-10,us-id/policy/acf/liheap-plan/fy2026/1,no,1.4a definition text present (341 chars); the yes/no boxes of 1.4-1.6 are not captured in the extracted text (no checkbox glyphs)
us-id,LIHEAP-ST-04,state,state plan,PRESENT,2026-09-10,us-id/policy/acf/liheap-plan/fy2026/1,no,1.7b nominal assistance amount $0.00 in body
us-id,LIHEAP-ST-05,state,state plan,REVIEW,2026-09-10,us-id/policy/acf/liheap-plan/fy2026/1,no,1.8 (gross/net) and 1.9 (income types) are check boxes; checkbox state is not captured in the extracted text; narrative in 1.10-1.12 present
us-id,LIHEAP-ST-06,state,state plan,PRESENT,2026-09-10,us-id/policy/acf/liheap-plan/fy2026/2,no,2.1: State Median Income 60.00%; State Median Income 60.00%; State Median Income 60.00%
us-id,LIHEAP-ST-07,state,state plan,PRESENT,2026-09-10,us-id/policy/acf/liheap-plan/fy2026/2,no,2.3/2.4 priority narrative present (434 chars); yes/no boxes not captured
us-id,LIHEAP-ST-08,state,state plan,PRESENT,2026-09-10,us-id/policy/acf/liheap-plan/fy2026/2,no,"2.6 minimum $122 / maximum $1,285; 2.5 variables are check boxes (state not captured) but narrative present"
us-id,LIHEAP-ST-09,state,plan attachment / policy manual,REVIEW,,,no,matrix is a plan attachment not in the extracted PDF; the clearinghouse index lists no policy manual for this state; state agency site not inventoried
us-id,LIHEAP-ST-10,state,n/a,ABSENT,,,no,n/a: no cooling component operated (section 1.1)
us-id,LIHEAP-ST-11,state,state plan,PRESENT,2026-09-10,us-id/policy/acf/liheap-plan/fy2026/4,no,"4.1 threshold State Median Income 60.00%; State Median Income 60.00%; 4.2-4.3 definitions; response hours 48,48"
us-id,LIHEAP-ST-12,state,state plan,PRESENT,2026-09-10,us-id/policy/acf/liheap-plan/fy2026/4,no,"crisis benefit figures in section 4 (maximum benefit of $1,500)"
us-id,LIHEAP-ST-13,state,state plan,PRESENT,2026-09-10,us-id/policy/acf/liheap-plan/fy2026/5,no,section 5 body 5291 chars
us-id,LIHEAP-ST-14,state,state plan,PRESENT,2026-09-10,us-id/policy/acf/liheap-plan/fy2026/6,no,sections 6-9 bodies present
us-id,LIHEAP-ST-15,state,state plan,PRESENT,2026-09-10,us-id/policy/acf/liheap-plan/fy2026/12,no,section 12 body 3129 chars
us-id,LIHEAP-ST-16,state,state plan,PRESENT,2026-09-10,us-id/policy/acf/liheap-plan/fy2026/13,no,sections 13-16 bodies present
us-id,LIHEAP-ST-17,state,state plan,PRESENT,2026-09-10,us-id/policy/acf/liheap-plan/fy2026/17,no,sections 10 and 17 bodies present
us-id,LIHEAP-ST-18,state,state policy manual,REVIEW,,,no,clearinghouse index lists no policy manual for this state; state agency site not inventoried in the queue
us-il,LIHEAP-ST-01,state,state plan,PRESENT,2026-09-10,us-il/policy/acf/liheap-plan/fy2026/1,partial,"section 1.1 dates of operation opened (heating=yes, cooling=no)"
us-il,LIHEAP-ST-02,state,state plan,PRESENT,2026-09-10,us-il/policy/acf/liheap-plan/fy2026/1,no,section 1.2 allocation percentages in body
us-il,LIHEAP-ST-03,state,state plan,PRESENT,2026-09-10,us-il/policy/acf/liheap-plan/fy2026/1,partial,1.4a definition text present (1453 chars); the yes/no boxes of 1.4-1.6 are not captured in the extracted text (no checkbox glyphs)
us-il,LIHEAP-ST-04,state,state plan,PRESENT,2026-09-10,us-il/policy/acf/liheap-plan/fy2026/1,no,1.7b nominal assistance amount $0.00 in body
us-il,LIHEAP-ST-05,state,state plan,REVIEW,2026-09-10,us-il/policy/acf/liheap-plan/fy2026/1,partial,1.8 (gross/net) and 1.9 (income types) are check boxes; checkbox state is not captured in the extracted text; narrative in 1.10-1.12 present
us-il,LIHEAP-ST-06,state,state plan,PRESENT,2026-09-10,us-il/policy/acf/liheap-plan/fy2026/2,partial,2.1: State Median Income 60.00%; HHS Poverty Guidelines 150.00%
us-il,LIHEAP-ST-07,state,state plan,PRESENT,2026-09-10,us-il/policy/acf/liheap-plan/fy2026/2,no,2.3/2.4 priority narrative present (1125 chars); yes/no boxes not captured
us-il,LIHEAP-ST-08,state,state plan,PRESENT,2026-09-10,us-il/policy/acf/liheap-plan/fy2026/2,partial,"2.6 minimum $58 / maximum $2,564; 2.5 variables are check boxes (state not captured) but narrative present"
us-il,LIHEAP-ST-09,state,plan attachment / policy manual,REVIEW,,,partial,matrix is a plan attachment not in the extracted PDF; the clearinghouse index lists no policy manual for this state; state agency site not inventoried
us-il,LIHEAP-ST-10,state,n/a,ABSENT,,,no,n/a: no cooling component operated (section 1.1)
us-il,LIHEAP-ST-11,state,state plan,PRESENT,2026-09-10,us-il/policy/acf/liheap-plan/fy2026/4,partial,"4.1 threshold State Median Income 60.00%; HHS Poverty Guidelines 150.00%; 4.2-4.3 definitions; response hours 48,18"
us-il,LIHEAP-ST-12,state,state plan,PRESENT,2026-09-10,us-il/policy/acf/liheap-plan/fy2026/4,partial,"crisis benefit figures in section 4 ($1,500)"
us-il,LIHEAP-ST-13,state,state plan,PRESENT,2026-09-10,us-il/policy/acf/liheap-plan/fy2026/5,no,section 5 body 5166 chars
us-il,LIHEAP-ST-14,state,state plan,PRESENT,2026-09-10,us-il/policy/acf/liheap-plan/fy2026/6,no,sections 6-9 bodies present
us-il,LIHEAP-ST-15,state,state plan,PRESENT,2026-09-10,us-il/policy/acf/liheap-plan/fy2026/12,no,section 12 body 4346 chars
us-il,LIHEAP-ST-16,state,state plan,PRESENT,2026-09-10,us-il/policy/acf/liheap-plan/fy2026/13,no,sections 13-16 bodies present
us-il,LIHEAP-ST-17,state,state plan,PRESENT,2026-09-10,us-il/policy/acf/liheap-plan/fy2026/17,no,sections 10 and 17 bodies present
us-il,LIHEAP-ST-18,state,state policy manual,REVIEW,,,partial,clearinghouse index lists no policy manual for this state; state agency site not inventoried in the queue
us-in,LIHEAP-ST-01,state,state plan,PRESENT,2026-09-10,us-in/policy/acf/liheap-plan/fy2026/1,no,"section 1.1 dates of operation opened (heating=yes, cooling=no)"
us-in,LIHEAP-ST-02,state,state plan,PRESENT,2026-09-10,us-in/policy/acf/liheap-plan/fy2026/1,no,section 1.2 allocation percentages in body
us-in,LIHEAP-ST-03,state,state plan,REVIEW,2026-09-10,us-in/policy/acf/liheap-plan/fy2026/1,no,"1.4-1.6 are yes/no boxes; the extractor keeps no checkbox state and 1.4a carries no description, so the policy cannot be read from the body"
us-in,LIHEAP-ST-04,state,state plan,PRESENT,2026-09-10,us-in/policy/acf/liheap-plan/fy2026/1,no,1.7b nominal assistance amount $0.00 in body
us-in,LIHEAP-ST-05,state,state plan,REVIEW,2026-09-10,us-in/policy/acf/liheap-plan/fy2026/1,no,1.8 (gross/net) and 1.9 (income types) are check boxes; checkbox state is not captured in the extracted text; narrative in 1.10-1.12 present
us-in,LIHEAP-ST-06,state,state plan,PRESENT,2026-09-10,us-in/policy/acf/liheap-plan/fy2026/2,no,2.1: State Median Income 60.00%
us-in,LIHEAP-ST-07,state,state plan,PRESENT,2026-09-10,us-in/policy/acf/liheap-plan/fy2026/2,no,2.3/2.4 priority narrative present (110 chars); yes/no boxes not captured
us-in,LIHEAP-ST-08,state,state plan,PRESENT,2026-09-10,us-in/policy/acf/liheap-plan/fy2026/2,no,2.6 minimum $100 / maximum $625; 2.5 variables are check boxes (state not captured) but narrative present
us-in,LIHEAP-ST-09,state,plan attachment / policy manual,EXTRACTABLE,,,no,"the extracted plan ends at the 'Plan Attachments' list (matrix is an attachment, not in the PDF); clearinghouse lists a state policy manual: https://www.in.gov/ihcda/files/Indiana-LIHEAP-Intake-and-Operations-Program-Manual-PY2024-version-1.0.pdf"
us-in,LIHEAP-ST-10,state,n/a,ABSENT,,,no,n/a: no cooling component operated (section 1.1)
us-in,LIHEAP-ST-11,state,state plan,PRESENT,2026-09-10,us-in/policy/acf/liheap-plan/fy2026/4,no,"4.1 threshold State Median Income 60.00%; 4.2-4.3 definitions; response hours 48,48"
us-in,LIHEAP-ST-12,state,state plan,PRESENT,2026-09-10,us-in/policy/acf/liheap-plan/fy2026/4,no,crisis benefit figures in section 4 ($400)
us-in,LIHEAP-ST-13,state,state plan,PRESENT,2026-09-10,us-in/policy/acf/liheap-plan/fy2026/5,no,section 5 body 5341 chars
us-in,LIHEAP-ST-14,state,state plan,PRESENT,2026-09-10,us-in/policy/acf/liheap-plan/fy2026/6,no,sections 6-9 bodies present
us-in,LIHEAP-ST-15,state,state plan,PRESENT,2026-09-10,us-in/policy/acf/liheap-plan/fy2026/12,no,section 12 body 5342 chars
us-in,LIHEAP-ST-16,state,state plan,PRESENT,2026-09-10,us-in/policy/acf/liheap-plan/fy2026/13,no,sections 13-16 bodies present
us-in,LIHEAP-ST-17,state,state plan,PRESENT,2026-09-10,us-in/policy/acf/liheap-plan/fy2026/17,no,sections 10 and 17 bodies present
us-in,LIHEAP-ST-18,state,state policy manual,EXTRACTABLE,,,no,clearinghouse 'State LIHEAP Policy Manuals' link (read 2026-09-11): https://www.in.gov/ihcda/files/Indiana-LIHEAP-Intake-and-Operations-Program-Manual-PY2024-version-1.0.pdf; not taken (run note: manuals are a separate family)
us-ks,LIHEAP-ST-01,state,state plan,PRESENT,2026-09-10,us-ks/policy/acf/liheap-plan/fy2026/1,no,"section 1.1 dates of operation opened (heating=yes, cooling=no)"
us-ks,LIHEAP-ST-02,state,state plan,PRESENT,2026-09-10,us-ks/policy/acf/liheap-plan/fy2026/1,no,section 1.2 allocation percentages in body
us-ks,LIHEAP-ST-03,state,state plan,PRESENT,2026-09-10,us-ks/policy/acf/liheap-plan/fy2026/1,no,1.4a definition text present (341 chars); the yes/no boxes of 1.4-1.6 are not captured in the extracted text (no checkbox glyphs)
us-ks,LIHEAP-ST-04,state,state plan,PRESENT,2026-09-10,us-ks/policy/acf/liheap-plan/fy2026/1,no,1.7b nominal assistance amount $0.00 in body
us-ks,LIHEAP-ST-05,state,state plan,REVIEW,2026-09-10,us-ks/policy/acf/liheap-plan/fy2026/1,no,1.8 (gross/net) and 1.9 (income types) are check boxes; checkbox state is not captured in the extracted text; narrative in 1.10-1.12 present
us-ks,LIHEAP-ST-06,state,state plan,PRESENT,2026-09-10,us-ks/policy/acf/liheap-plan/fy2026/2,no,2.1: HHS Poverty Guidelines 150.00%
us-ks,LIHEAP-ST-07,state,state plan,PRESENT,2026-09-10,us-ks/policy/acf/liheap-plan/fy2026/2,no,2.3/2.4 priority narrative present (618 chars); yes/no boxes not captured
us-ks,LIHEAP-ST-08,state,state plan,PRESENT,2026-09-10,us-ks/policy/acf/liheap-plan/fy2026/2,no,"2.6 minimum $130 / maximum $4,301; 2.5 variables are check boxes (state not captured) but narrative present"
us-ks,LIHEAP-ST-10,state,n/a,ABSENT,,,no,n/a: no cooling component operated (section 1.1)
us-ks,LIHEAP-ST-11,state,state plan,PRESENT,2026-09-10,us-ks/policy/acf/liheap-plan/fy2026/4,no,"4.1 threshold HHS Poverty Guidelines 150.00%; 4.2-4.3 definitions; response hours 48,18"
us-ks,LIHEAP-ST-12,state,state plan,PRESENT,2026-09-10,us-ks/policy/acf/liheap-plan/fy2026/4,no,"crisis benefit figures in section 4 ($4,301)"
us-ks,LIHEAP-ST-13,state,state plan,PRESENT,2026-09-10,us-ks/policy/acf/liheap-plan/fy2026/5,no,section 5 body 6752 chars
us-ks,LIHEAP-ST-14,state,state plan,PRESENT,2026-09-10,us-ks/policy/acf/liheap-plan/fy2026/6,no,sections 6-9 bodies present
us-ks,LIHEAP-ST-15,state,state plan,PRESENT,2026-09-10,us-ks/policy/acf/liheap-plan/fy2026/12,no,section 12 body 1740 chars
us-ks,LIHEAP-ST-16,state,state plan,PRESENT,2026-09-10,us-ks/policy/acf/liheap-plan/fy2026/13,no,sections 13-16 bodies present
us-ks,LIHEAP-ST-17,state,state plan,PRESENT,2026-09-10,us-ks/policy/acf/liheap-plan/fy2026/17,no,sections 10 and 17 bodies present
us-ks,LIHEAP-ST-09,state,state policy manual,PRESENT,2026-05-27-ks-keesm-r2026-07-15-self-contained,us-ks/manual/dcf/keesm/keesm13000,no,KEESM 13000 Low Income Energy Assistance Program (LIEAP) is in the selected KEESM scope; the clearinghouse manual link points at KEESM
us-ks,LIHEAP-ST-18,state,state policy manual,PRESENT,2026-05-27-ks-keesm-r2026-07-15-self-contained,us-ks/manual/dcf/keesm/keesm13000,no,KEESM 13000 LIEAP (clearinghouse manual link = KEESM)
us-ky,LIHEAP-ST-01,state,state plan,PRESENT,2026-09-10,us-ky/policy/acf/liheap-plan/fy2026/1,no,"section 1.1 dates of operation opened (heating=yes, cooling=yes)"
us-ky,LIHEAP-ST-02,state,state plan,PRESENT,2026-09-10,us-ky/policy/acf/liheap-plan/fy2026/1,no,section 1.2 allocation percentages in body
us-ky,LIHEAP-ST-03,state,state plan,REVIEW,2026-09-10,us-ky/policy/acf/liheap-plan/fy2026/1,no,"1.4-1.6 are yes/no boxes; the extractor keeps no checkbox state and 1.4a carries no description, so the policy cannot be read from the body"
us-ky,LIHEAP-ST-04,state,state plan,PRESENT,2026-09-10,us-ky/policy/acf/liheap-plan/fy2026/1,no,1.7b nominal assistance amount $0.00 in body
us-ky,LIHEAP-ST-05,state,state plan,REVIEW,2026-09-10,us-ky/policy/acf/liheap-plan/fy2026/1,no,1.8 (gross/net) and 1.9 (income types) are check boxes; checkbox state is not captured in the extracted text; narrative in 1.10-1.12 present
us-ky,LIHEAP-ST-06,state,state plan,PRESENT,2026-09-10,us-ky/policy/acf/liheap-plan/fy2026/2,no,2.1: HHS Poverty Guidelines 150.00%
us-ky,LIHEAP-ST-07,state,state plan,PRESENT,2026-09-10,us-ky/policy/acf/liheap-plan/fy2026/2,no,2.3/2.4 priority narrative present (212 chars); yes/no boxes not captured
us-ky,LIHEAP-ST-08,state,state plan,PRESENT,2026-09-10,us-ky/policy/acf/liheap-plan/fy2026/2,no,2.6 minimum $15 / maximum $250; 2.5 variables are check boxes (state not captured) but narrative present
us-ky,LIHEAP-ST-09,state,plan attachment / policy manual,EXTRACTABLE,,,no,"the extracted plan ends at the 'Plan Attachments' list (matrix is an attachment, not in the PDF); clearinghouse lists a state policy manual: https://www.kyhousing.org/Partners/Developers/Single-Family/Weatherization-Assistance/Documents/2022%20Kentucky%20Health%20and%20Safety%20Plan.pdf"
us-ky,LIHEAP-ST-10,state,state plan,PRESENT,2026-09-10,us-ky/policy/acf/liheap-plan/fy2026/3,no,3.1 threshold HHS Poverty Guidelines 150.00%; min/max 41/250
us-ky,LIHEAP-ST-11,state,state plan,PRESENT,2026-09-10,us-ky/policy/acf/liheap-plan/fy2026/4,no,"4.1 threshold HHS Poverty Guidelines 150.00%; 4.2-4.3 definitions; response hours 48,18"
us-ky,LIHEAP-ST-12,state,state plan,PRESENT,2026-09-10,us-ky/policy/acf/liheap-plan/fy2026/4,no,crisis benefit figures in section 4 ($400)
us-ky,LIHEAP-ST-13,state,state plan,PRESENT,2026-09-10,us-ky/policy/acf/liheap-plan/fy2026/5,no,section 5 body 3731 chars
us-ky,LIHEAP-ST-14,state,state plan,PRESENT,2026-09-10,us-ky/policy/acf/liheap-plan/fy2026/6,no,sections 6-9 bodies present
us-ky,LIHEAP-ST-15,state,state plan,PRESENT,2026-09-10,us-ky/policy/acf/liheap-plan/fy2026/12,no,section 12 body 4972 chars
us-ky,LIHEAP-ST-16,state,state plan,PRESENT,2026-09-10,us-ky/policy/acf/liheap-plan/fy2026/13,no,sections 13-16 bodies present
us-ky,LIHEAP-ST-17,state,state plan,PRESENT,2026-09-10,us-ky/policy/acf/liheap-plan/fy2026/17,no,sections 10 and 17 bodies present
us-ky,LIHEAP-ST-18,state,state policy manual,EXTRACTABLE,,,no,clearinghouse 'State LIHEAP Policy Manuals' link (read 2026-09-11): https://www.kyhousing.org/Partners/Developers/Single-Family/Weatherization-Assistance/Documents/2022%20Kentucky%20Health%20and%20Safety%20Plan.pdf; not taken (run note: manuals are a separate family)
us-la,LIHEAP-ST-01,state,state plan,PRESENT,2026-09-10,us-la/policy/acf/liheap-plan/fy2026/1,no,"section 1.1 dates of operation opened (heating=yes, cooling=yes)"
us-la,LIHEAP-ST-02,state,state plan,PRESENT,2026-09-10,us-la/policy/acf/liheap-plan/fy2026/1,no,section 1.2 allocation percentages in body
us-la,LIHEAP-ST-03,state,state plan,REVIEW,2026-09-10,us-la/policy/acf/liheap-plan/fy2026/1,no,"1.4-1.6 are yes/no boxes; the extractor keeps no checkbox state and 1.4a carries no description, so the policy cannot be read from the body"
us-la,LIHEAP-ST-04,state,state plan,PRESENT,2026-09-10,us-la/policy/acf/liheap-plan/fy2026/1,no,1.7b nominal assistance amount $0.00 in body
us-la,LIHEAP-ST-05,state,state plan,REVIEW,2026-09-10,us-la/policy/acf/liheap-plan/fy2026/1,no,1.8 (gross/net) and 1.9 (income types) are check boxes; checkbox state is not captured in the extracted text; narrative in 1.10-1.12 present
us-la,LIHEAP-ST-06,state,state plan,PRESENT,2026-09-10,us-la/policy/acf/liheap-plan/fy2026/2,no,2.1: State Median Income 60.00%
us-la,LIHEAP-ST-07,state,state plan,PRESENT,2026-09-10,us-la/policy/acf/liheap-plan/fy2026/2,no,2.3/2.4 priority narrative present (1062 chars); yes/no boxes not captured
us-la,LIHEAP-ST-08,state,state plan,PRESENT,2026-09-10,us-la/policy/acf/liheap-plan/fy2026/2,no,2.6 minimum $200 / maximum $800; 2.5 variables are check boxes (state not captured) but narrative present
us-la,LIHEAP-ST-09,state,plan attachment / policy manual,EXTRACTABLE,,,no,"the extracted plan ends at the 'Plan Attachments' list (matrix is an attachment, not in the PDF); clearinghouse lists a state policy manual: https://www.lhc.la.gov/hubfs/Document%20Libraries/Energy%20Assistance/Louisiana%20LIHEAP%20Service%20Delivery%20Guide%20-%20REVISED%20February%201%2c%202022.pdf"
us-la,LIHEAP-ST-10,state,state plan,PRESENT,2026-09-10,us-la/policy/acf/liheap-plan/fy2026/3,no,3.1 threshold State Median Income 60.00%; min/max 200/800
us-la,LIHEAP-ST-11,state,state plan,PRESENT,2026-09-10,us-la/policy/acf/liheap-plan/fy2026/4,no,"4.1 threshold State Median Income 60.00%; 4.2-4.3 definitions; response hours 48,18"
us-la,LIHEAP-ST-12,state,state plan,PRESENT,2026-09-10,us-la/policy/acf/liheap-plan/fy2026/4,no,"crisis benefit figures in section 4 ($1,000)"
us-la,LIHEAP-ST-13,state,state plan,PRESENT,2026-09-10,us-la/policy/acf/liheap-plan/fy2026/5,no,section 5 body 4041 chars
us-la,LIHEAP-ST-14,state,state plan,PRESENT,2026-09-10,us-la/policy/acf/liheap-plan/fy2026/6,no,sections 6-9 bodies present
us-la,LIHEAP-ST-15,state,state plan,PRESENT,2026-09-10,us-la/policy/acf/liheap-plan/fy2026/12,no,section 12 body 5488 chars
us-la,LIHEAP-ST-16,state,state plan,PRESENT,2026-09-10,us-la/policy/acf/liheap-plan/fy2026/13,no,sections 13-16 bodies present
us-la,LIHEAP-ST-17,state,state plan,PRESENT,2026-09-10,us-la/policy/acf/liheap-plan/fy2026/17,no,sections 10 and 17 bodies present
us-la,LIHEAP-ST-18,state,state policy manual,EXTRACTABLE,,,no,clearinghouse 'State LIHEAP Policy Manuals' link (read 2026-09-11): https://www.lhc.la.gov/hubfs/Document%20Libraries/Energy%20Assistance/Louisiana%20LIHEAP%20Service%20Delivery%20Guide%20-%20REVISED%20February%201%2c%202022.pdf; not taken (run note: manuals are a separate family)
us-ma,LIHEAP-ST-01,state,state plan,PRESENT,2026-09-10,us-ma/policy/acf/liheap-plan/fy2026/1,partial,"section 1.1 dates of operation opened (heating=yes, cooling=no)"
us-ma,LIHEAP-ST-02,state,state plan,PRESENT,2026-09-10,us-ma/policy/acf/liheap-plan/fy2026/1,no,section 1.2 allocation percentages in body
us-ma,LIHEAP-ST-03,state,state plan,PRESENT,2026-09-10,us-ma/policy/acf/liheap-plan/fy2026/1,partial,1.4a definition text present (581 chars); the yes/no boxes of 1.4-1.6 are not captured in the extracted text (no checkbox glyphs)
us-ma,LIHEAP-ST-04,state,state plan,PRESENT,2026-09-10,us-ma/policy/acf/liheap-plan/fy2026/1,no,1.7b nominal assistance amount $21.00 in body
us-ma,LIHEAP-ST-05,state,state plan,REVIEW,2026-09-10,us-ma/policy/acf/liheap-plan/fy2026/1,partial,1.8 (gross/net) and 1.9 (income types) are check boxes; checkbox state is not captured in the extracted text; narrative in 1.10-1.12 present
us-ma,LIHEAP-ST-06,state,state plan,PRESENT,2026-09-10,us-ma/policy/acf/liheap-plan/fy2026/2,partial,2.1: State Median Income 60.00%
us-ma,LIHEAP-ST-07,state,state plan,PRESENT,2026-09-10,us-ma/policy/acf/liheap-plan/fy2026/2,no,2.3/2.4 priority narrative present (1754 chars); yes/no boxes not captured
us-ma,LIHEAP-ST-08,state,state plan,PRESENT,2026-09-10,us-ma/policy/acf/liheap-plan/fy2026/2,partial,2.6 minimum $200 / maximum $600; 2.5 variables are check boxes (state not captured) but narrative present
us-ma,LIHEAP-ST-09,state,plan attachment / policy manual,REVIEW,,,partial,matrix is a plan attachment not in the extracted PDF; the clearinghouse index lists no policy manual for this state; state agency site not inventoried
us-ma,LIHEAP-ST-10,state,n/a,ABSENT,,,no,n/a: no cooling component operated (section 1.1)
us-ma,LIHEAP-ST-11,state,state plan,PRESENT,2026-09-10,us-ma/policy/acf/liheap-plan/fy2026/4,partial,"4.1 threshold State Median Income 60.00%; 4.2-4.3 definitions; response hours 24,18"
us-ma,LIHEAP-ST-12,state,state plan,PRESENT,2026-09-10,us-ma/policy/acf/liheap-plan/fy2026/4,partial,crisis benefit figures in section 4 ($600)
us-ma,LIHEAP-ST-13,state,state plan,PRESENT,2026-09-10,us-ma/policy/acf/liheap-plan/fy2026/5,no,section 5 body 4530 chars
us-ma,LIHEAP-ST-14,state,state plan,PRESENT,2026-09-10,us-ma/policy/acf/liheap-plan/fy2026/6,no,sections 6-9 bodies present
us-ma,LIHEAP-ST-15,state,state plan,PRESENT,2026-09-10,us-ma/policy/acf/liheap-plan/fy2026/12,no,section 12 body 2929 chars
us-ma,LIHEAP-ST-16,state,state plan,PRESENT,2026-09-10,us-ma/policy/acf/liheap-plan/fy2026/13,no,sections 13-16 bodies present
us-ma,LIHEAP-ST-17,state,state plan,PRESENT,2026-09-10,us-ma/policy/acf/liheap-plan/fy2026/17,no,sections 10 and 17 bodies present
us-ma,LIHEAP-ST-18,state,state policy manual,REVIEW,,,partial,clearinghouse index lists no policy manual for this state; state agency site not inventoried in the queue
us-md,LIHEAP-ST-01,state,state plan,PRESENT,2026-09-10,us-md/policy/acf/liheap-plan/fy2026/1,no,"section 1.1 dates of operation opened (heating=yes, cooling=no)"
us-md,LIHEAP-ST-02,state,state plan,PRESENT,2026-09-10,us-md/policy/acf/liheap-plan/fy2026/1,no,section 1.2 allocation percentages in body
us-md,LIHEAP-ST-03,state,state plan,PRESENT,2026-09-10,us-md/policy/acf/liheap-plan/fy2026/1,no,1.4a definition text present (1904 chars); the yes/no boxes of 1.4-1.6 are not captured in the extracted text (no checkbox glyphs)
us-md,LIHEAP-ST-04,state,state plan,PRESENT,2026-09-10,us-md/policy/acf/liheap-plan/fy2026/1,no,1.7b nominal assistance amount $21.00 in body
us-md,LIHEAP-ST-05,state,state plan,REVIEW,2026-09-10,us-md/policy/acf/liheap-plan/fy2026/1,no,1.8 (gross/net) and 1.9 (income types) are check boxes; checkbox state is not captured in the extracted text; narrative in 1.10-1.12 present
us-md,LIHEAP-ST-06,state,state plan,PRESENT,2026-09-10,us-md/policy/acf/liheap-plan/fy2026/2,no,2.1: State Median Income 39.00%; State Median Income 40.00%; State Median Income 41.00%
us-md,LIHEAP-ST-07,state,state plan,PRESENT,2026-09-10,us-md/policy/acf/liheap-plan/fy2026/2,no,2.3/2.4 priority narrative present (1393 chars); yes/no boxes not captured
us-md,LIHEAP-ST-08,state,state plan,PRESENT,2026-09-10,us-md/policy/acf/liheap-plan/fy2026/2,no,"2.6 minimum $25 / maximum $1,100; 2.5 variables are check boxes (state not captured) but narrative present"
us-md,LIHEAP-ST-09,state,plan attachment / policy manual,EXTRACTABLE,,,no,"the extracted plan ends at the 'Plan Attachments' list (matrix is an attachment, not in the PDF); clearinghouse lists a state policy manual: https://dhs.maryland.gov/documents/OHEP/2021%20Operations%20Manual%20Final.pdf"
us-md,LIHEAP-ST-10,state,n/a,ABSENT,,,no,n/a: no cooling component operated (section 1.1)
us-md,LIHEAP-ST-11,state,state plan,PRESENT,2026-09-10,us-md/policy/acf/liheap-plan/fy2026/4,no,"4.1 threshold State Median Income 39.00%; State Median Income 40.00%; 4.2-4.3 definitions; response hours 48,18"
us-md,LIHEAP-ST-12,state,state plan,PRESENT,2026-09-10,us-md/policy/acf/liheap-plan/fy2026/4,no,"crisis benefit figures in section 4 ($600,)"
us-md,LIHEAP-ST-13,state,state plan,PRESENT,2026-09-10,us-md/policy/acf/liheap-plan/fy2026/5,no,section 5 body 4815 chars
us-md,LIHEAP-ST-14,state,state plan,PRESENT,2026-09-10,us-md/policy/acf/liheap-plan/fy2026/6,no,sections 6-9 bodies present
us-md,LIHEAP-ST-15,state,state plan,PRESENT,2026-09-10,us-md/policy/acf/liheap-plan/fy2026/12,no,section 12 body 1394 chars
us-md,LIHEAP-ST-16,state,state plan,PRESENT,2026-09-10,us-md/policy/acf/liheap-plan/fy2026/13,no,sections 13-16 bodies present
us-md,LIHEAP-ST-17,state,state plan,PRESENT,2026-09-10,us-md/policy/acf/liheap-plan/fy2026/17,no,sections 10 and 17 bodies present
us-md,LIHEAP-ST-18,state,state policy manual,EXTRACTABLE,,,no,clearinghouse 'State LIHEAP Policy Manuals' link (read 2026-09-11): https://dhs.maryland.gov/documents/OHEP/2021%20Operations%20Manual%20Final.pdf; not taken (run note: manuals are a separate family)
us-me,LIHEAP-ST-01,state,state plan,PRESENT,2026-09-10,us-me/policy/acf/liheap-plan/fy2026/1,no,"section 1.1 dates of operation opened (heating=yes, cooling=no)"
us-me,LIHEAP-ST-02,state,state plan,PRESENT,2026-09-10,us-me/policy/acf/liheap-plan/fy2026/1,no,section 1.2 allocation percentages in body
us-me,LIHEAP-ST-03,state,state plan,PRESENT,2026-09-10,us-me/policy/acf/liheap-plan/fy2026/1,no,1.4a definition text present (852 chars); the yes/no boxes of 1.4-1.6 are not captured in the extracted text (no checkbox glyphs)
us-me,LIHEAP-ST-04,state,state plan,PRESENT,2026-09-10,us-me/policy/acf/liheap-plan/fy2026/1,no,1.7b nominal assistance amount $21.00 in body
us-me,LIHEAP-ST-05,state,state plan,REVIEW,2026-09-10,us-me/policy/acf/liheap-plan/fy2026/1,no,1.8 (gross/net) and 1.9 (income types) are check boxes; checkbox state is not captured in the extracted text; narrative in 1.10-1.12 present
us-me,LIHEAP-ST-06,state,state plan,PRESENT,2026-09-10,us-me/policy/acf/liheap-plan/fy2026/2,no,2.1: State Median Income 60.00%; State Median Income 60.00%; State Median Income 60.00%
us-me,LIHEAP-ST-07,state,state plan,PRESENT,2026-09-10,us-me/policy/acf/liheap-plan/fy2026/2,no,2.3/2.4 priority narrative present (788 chars); yes/no boxes not captured
us-me,LIHEAP-ST-08,state,state plan,PRESENT,2026-09-10,us-me/policy/acf/liheap-plan/fy2026/2,no,"2.6 minimum $88 / maximum $1,012; 2.5 variables are check boxes (state not captured) but narrative present"
us-me,LIHEAP-ST-09,state,plan attachment / policy manual,EXTRACTABLE,,,no,"the extracted plan ends at the 'Plan Attachments' list (matrix is an attachment, not in the PDF); clearinghouse lists a state policy manual: https://www.mainehousing.org/docs/default-source/msha-rules/ch24-home-energy-assistance-program-rule.pdf"
us-me,LIHEAP-ST-10,state,n/a,ABSENT,,,no,n/a: no cooling component operated (section 1.1)
us-me,LIHEAP-ST-11,state,state plan,PRESENT,2026-09-10,us-me/policy/acf/liheap-plan/fy2026/4,no,"4.1 threshold State Median Income 60.00%; State Median Income 60.00%; 4.2-4.3 definitions; response hours 48,18"
us-me,LIHEAP-ST-12,state,state plan,PRESENT,2026-09-10,us-me/policy/acf/liheap-plan/fy2026/4,no,crisis benefit figures in section 4 ($500)
us-me,LIHEAP-ST-13,state,state plan,PRESENT,2026-09-10,us-me/policy/acf/liheap-plan/fy2026/5,no,section 5 body 6441 chars
us-me,LIHEAP-ST-14,state,state plan,PRESENT,2026-09-10,us-me/policy/acf/liheap-plan/fy2026/6,no,sections 6-9 bodies present
us-me,LIHEAP-ST-15,state,state plan,PRESENT,2026-09-10,us-me/policy/acf/liheap-plan/fy2026/12,no,section 12 body 3177 chars
us-me,LIHEAP-ST-16,state,state plan,PRESENT,2026-09-10,us-me/policy/acf/liheap-plan/fy2026/13,no,sections 13-16 bodies present
us-me,LIHEAP-ST-17,state,state plan,PRESENT,2026-09-10,us-me/policy/acf/liheap-plan/fy2026/17,no,sections 10 and 17 bodies present
us-me,LIHEAP-ST-18,state,state policy manual,EXTRACTABLE,,,no,clearinghouse 'State LIHEAP Policy Manuals' link (read 2026-09-11): https://www.mainehousing.org/docs/default-source/msha-rules/ch24-home-energy-assistance-program-rule.pdf; not taken (run note: manuals are a separate family)
us-mi,LIHEAP-ST-01,state,state plan,PRESENT,2026-09-10,us-mi/policy/acf/liheap-plan/fy2026/1,no,"section 1.1 dates of operation opened (heating=yes, cooling=no)"
us-mi,LIHEAP-ST-02,state,state plan,PRESENT,2026-09-10,us-mi/policy/acf/liheap-plan/fy2026/1,no,section 1.2 allocation percentages in body
us-mi,LIHEAP-ST-03,state,state plan,PRESENT,2026-09-10,us-mi/policy/acf/liheap-plan/fy2026/1,no,1.4a definition text present (320 chars); the yes/no boxes of 1.4-1.6 are not captured in the extracted text (no checkbox glyphs)
us-mi,LIHEAP-ST-04,state,state plan,PRESENT,2026-09-10,us-mi/policy/acf/liheap-plan/fy2026/1,no,1.7b nominal assistance amount $20.01 in body
us-mi,LIHEAP-ST-05,state,state plan,REVIEW,2026-09-10,us-mi/policy/acf/liheap-plan/fy2026/1,no,1.8 (gross/net) and 1.9 (income types) are check boxes; checkbox state is not captured in the extracted text; narrative in 1.10-1.12 present
us-mi,LIHEAP-ST-06,state,state plan,PRESENT,2026-09-10,us-mi/policy/acf/liheap-plan/fy2026/2,no,2.1: HHS Poverty Guidelines 110.00%
us-mi,LIHEAP-ST-07,state,state plan,PRESENT,2026-09-10,us-mi/policy/acf/liheap-plan/fy2026/2,no,2.3/2.4 priority narrative present (374 chars); yes/no boxes not captured
us-mi,LIHEAP-ST-08,state,state plan,PRESENT,2026-09-10,us-mi/policy/acf/liheap-plan/fy2026/2,no,"2.6 minimum $1 / maximum $2,205; 2.5 variables are check boxes (state not captured) but narrative present"
us-mi,LIHEAP-ST-09,state,plan attachment / policy manual,EXTRACTABLE,,,no,"the extracted plan ends at the 'Plan Attachments' list (matrix is an attachment, not in the PDF); clearinghouse lists a state policy manual: https://www.michigan.gov/mpsc/-/media/Project/Websites/mpsc/consumer/meap/2024/2024_MEAP_Policy_Manual.pdf"
us-mi,LIHEAP-ST-10,state,n/a,ABSENT,,,no,n/a: no cooling component operated (section 1.1)
us-mi,LIHEAP-ST-11,state,state plan,PRESENT,2026-09-10,us-mi/policy/acf/liheap-plan/fy2026/4,no,"4.1 threshold HHS Poverty Guidelines 150.00%; 4.2-4.3 definitions; response hours 48,18"
us-mi,LIHEAP-ST-12,state,state plan,PRESENT,2026-09-10,us-mi/policy/acf/liheap-plan/fy2026/4,no,crisis benefit figures in section 4 ($100)
us-mi,LIHEAP-ST-13,state,state plan,PRESENT,2026-09-10,us-mi/policy/acf/liheap-plan/fy2026/5,no,section 5 body 6597 chars
us-mi,LIHEAP-ST-14,state,state plan,PRESENT,2026-09-10,us-mi/policy/acf/liheap-plan/fy2026/6,no,sections 6-9 bodies present
us-mi,LIHEAP-ST-15,state,state plan,PRESENT,2026-09-10,us-mi/policy/acf/liheap-plan/fy2026/12,no,section 12 body 3837 chars
us-mi,LIHEAP-ST-16,state,state plan,PRESENT,2026-09-10,us-mi/policy/acf/liheap-plan/fy2026/13,no,sections 13-16 bodies present
us-mi,LIHEAP-ST-17,state,state plan,PRESENT,2026-09-10,us-mi/policy/acf/liheap-plan/fy2026/17,no,sections 10 and 17 bodies present
us-mi,LIHEAP-ST-18,state,state policy manual,EXTRACTABLE,,,no,clearinghouse 'State LIHEAP Policy Manuals' link (read 2026-09-11): https://www.michigan.gov/mpsc/-/media/Project/Websites/mpsc/consumer/meap/2024/2024_MEAP_Policy_Manual.pdf; not taken (run note: manuals are a separate family)
us-mn,LIHEAP-ST-01,state,state plan,PRESENT,2026-09-10,us-mn/policy/acf/liheap-plan/fy2026/1,no,"section 1.1 dates of operation opened (heating=yes, cooling=no)"
us-mn,LIHEAP-ST-02,state,state plan,PRESENT,2026-09-10,us-mn/policy/acf/liheap-plan/fy2026/1,no,section 1.2 allocation percentages in body
us-mn,LIHEAP-ST-03,state,state plan,REVIEW,2026-09-10,us-mn/policy/acf/liheap-plan/fy2026/1,no,"1.4-1.6 are yes/no boxes; the extractor keeps no checkbox state and 1.4a carries no description, so the policy cannot be read from the body"
us-mn,LIHEAP-ST-04,state,state plan,PRESENT,2026-09-10,us-mn/policy/acf/liheap-plan/fy2026/1,no,1.7b nominal assistance amount $0.00 in body
us-mn,LIHEAP-ST-05,state,state plan,REVIEW,2026-09-10,us-mn/policy/acf/liheap-plan/fy2026/1,no,1.8 (gross/net) and 1.9 (income types) are check boxes; checkbox state is not captured in the extracted text; narrative in 1.10-1.12 present
us-mn,LIHEAP-ST-06,state,state plan,PRESENT,2026-09-10,us-mn/policy/acf/liheap-plan/fy2026/2,no,2.1: State Median Income 50.00%; State Median Income 50.00%; State Median Income 50.00%
us-mn,LIHEAP-ST-07,state,state plan,PRESENT,2026-09-10,us-mn/policy/acf/liheap-plan/fy2026/2,no,2.3/2.4 priority narrative present (1388 chars); yes/no boxes not captured
us-mn,LIHEAP-ST-08,state,state plan,PRESENT,2026-09-10,us-mn/policy/acf/liheap-plan/fy2026/2,no,"2.6 minimum $200 / maximum $1,400; 2.5 variables are check boxes (state not captured) but narrative present"
us-mn,LIHEAP-ST-09,state,plan attachment / policy manual,EXTRACTABLE,,,no,"the extracted plan ends at the 'Plan Attachments' list (matrix is an attachment, not in the PDF); clearinghouse lists a state policy manual: https://mn.gov/commerce-stat/pdfs/eap/providers/2024/FINAL-FFY24-EAP-Policy-Manual.pdf"
us-mn,LIHEAP-ST-10,state,n/a,ABSENT,,,no,n/a: no cooling component operated (section 1.1)
us-mn,LIHEAP-ST-11,state,state plan,PRESENT,2026-09-10,us-mn/policy/acf/liheap-plan/fy2026/4,no,"4.1 threshold State Median Income 50.00%; State Median Income 50.00%; 4.2-4.3 definitions; response hours 48,18"
us-mn,LIHEAP-ST-12,state,state plan,PRESENT,2026-09-10,us-mn/policy/acf/liheap-plan/fy2026/4,no,crisis benefit figures in section 4 ($800)
us-mn,LIHEAP-ST-13,state,state plan,PRESENT,2026-09-10,us-mn/policy/acf/liheap-plan/fy2026/5,no,section 5 body 8592 chars
us-mn,LIHEAP-ST-14,state,state plan,PRESENT,2026-09-10,us-mn/policy/acf/liheap-plan/fy2026/6,no,sections 6-9 bodies present
us-mn,LIHEAP-ST-15,state,state plan,PRESENT,2026-09-10,us-mn/policy/acf/liheap-plan/fy2026/12,no,section 12 body 1911 chars
us-mn,LIHEAP-ST-16,state,state plan,PRESENT,2026-09-10,us-mn/policy/acf/liheap-plan/fy2026/13,no,sections 13-16 bodies present
us-mn,LIHEAP-ST-17,state,state plan,PRESENT,2026-09-10,us-mn/policy/acf/liheap-plan/fy2026/17,no,sections 10 and 17 bodies present
us-mn,LIHEAP-ST-18,state,state policy manual,EXTRACTABLE,,,no,clearinghouse 'State LIHEAP Policy Manuals' link (read 2026-09-11): https://mn.gov/commerce-stat/pdfs/eap/providers/2024/FINAL-FFY24-EAP-Policy-Manual.pdf; not taken (run note: manuals are a separate family)
us-mo,LIHEAP-ST-01,state,state plan,PRESENT,2026-09-10,us-mo/policy/acf/liheap-plan/fy2026/1,no,"section 1.1 dates of operation opened (heating=yes, cooling=no)"
us-mo,LIHEAP-ST-02,state,state plan,PRESENT,2026-09-10,us-mo/policy/acf/liheap-plan/fy2026/1,no,section 1.2 allocation percentages in body
us-mo,LIHEAP-ST-03,state,state plan,REVIEW,2026-09-10,us-mo/policy/acf/liheap-plan/fy2026/1,no,"1.4-1.6 are yes/no boxes; the extractor keeps no checkbox state and 1.4a carries no description, so the policy cannot be read from the body"
us-mo,LIHEAP-ST-04,state,state plan,PRESENT,2026-09-10,us-mo/policy/acf/liheap-plan/fy2026/1,no,1.7b nominal assistance amount $0.00 in body
us-mo,LIHEAP-ST-05,state,state plan,REVIEW,2026-09-10,us-mo/policy/acf/liheap-plan/fy2026/1,no,1.8 (gross/net) and 1.9 (income types) are check boxes; checkbox state is not captured in the extracted text; narrative in 1.10-1.12 present
us-mo,LIHEAP-ST-06,state,state plan,PRESENT,2026-09-10,us-mo/policy/acf/liheap-plan/fy2026/2,no,2.1: State Median Income 60.00%
us-mo,LIHEAP-ST-07,state,state plan,PRESENT,2026-09-10,us-mo/policy/acf/liheap-plan/fy2026/2,no,2.3/2.4 priority narrative present (570 chars); yes/no boxes not captured
us-mo,LIHEAP-ST-08,state,state plan,PRESENT,2026-09-10,us-mo/policy/acf/liheap-plan/fy2026/2,no,2.6 minimum $153 / maximum $495; 2.5 variables are check boxes (state not captured) but narrative present
us-mo,LIHEAP-ST-09,state,plan attachment / policy manual,EXTRACTABLE,,,no,"the extracted plan ends at the 'Plan Attachments' list (matrix is an attachment, not in the PDF); clearinghouse lists a state policy manual: https://mydss.mo.gov/media/pdf/liheap-manual"
us-mo,LIHEAP-ST-10,state,n/a,ABSENT,,,no,n/a: no cooling component operated (section 1.1)
us-mo,LIHEAP-ST-11,state,state plan,PRESENT,2026-09-10,us-mo/policy/acf/liheap-plan/fy2026/4,no,"4.1 threshold State Median Income 60.00%; 4.2-4.3 definitions; response hours 48,18"
us-mo,LIHEAP-ST-12,state,state plan,PRESENT,2026-09-10,us-mo/policy/acf/liheap-plan/fy2026/4,no,crisis benefit figures in section 4 ($800)
us-mo,LIHEAP-ST-13,state,state plan,PRESENT,2026-09-10,us-mo/policy/acf/liheap-plan/fy2026/5,no,section 5 body 4843 chars
us-mo,LIHEAP-ST-14,state,state plan,PRESENT,2026-09-10,us-mo/policy/acf/liheap-plan/fy2026/6,no,sections 6-9 bodies present
us-mo,LIHEAP-ST-15,state,state plan,PRESENT,2026-09-10,us-mo/policy/acf/liheap-plan/fy2026/12,no,section 12 body 2995 chars
us-mo,LIHEAP-ST-16,state,state plan,PRESENT,2026-09-10,us-mo/policy/acf/liheap-plan/fy2026/13,no,sections 13-16 bodies present
us-mo,LIHEAP-ST-17,state,state plan,PRESENT,2026-09-10,us-mo/policy/acf/liheap-plan/fy2026/17,no,sections 10 and 17 bodies present
us-mo,LIHEAP-ST-18,state,state policy manual,EXTRACTABLE,,,no,clearinghouse 'State LIHEAP Policy Manuals' link (read 2026-09-11): https://mydss.mo.gov/media/pdf/liheap-manual; not taken (run note: manuals are a separate family)
us-ms,LIHEAP-ST-01,state,state plan,PRESENT,2026-09-10,us-ms/policy/acf/liheap-plan/fy2026/1,no,"section 1.1 dates of operation opened (heating=yes, cooling=yes)"
us-ms,LIHEAP-ST-02,state,state plan,PRESENT,2026-09-10,us-ms/policy/acf/liheap-plan/fy2026/1,no,section 1.2 allocation percentages in body
us-ms,LIHEAP-ST-03,state,state plan,REVIEW,2026-09-10,us-ms/policy/acf/liheap-plan/fy2026/1,no,"1.4-1.6 are yes/no boxes; the extractor keeps no checkbox state and 1.4a carries no description, so the policy cannot be read from the body"
us-ms,LIHEAP-ST-04,state,state plan,PRESENT,2026-09-10,us-ms/policy/acf/liheap-plan/fy2026/1,no,1.7b nominal assistance amount $0.00 in body
us-ms,LIHEAP-ST-05,state,state plan,REVIEW,2026-09-10,us-ms/policy/acf/liheap-plan/fy2026/1,no,1.8 (gross/net) and 1.9 (income types) are check boxes; checkbox state is not captured in the extracted text; narrative in 1.10-1.12 present
us-ms,LIHEAP-ST-06,state,state plan,PRESENT,2026-09-10,us-ms/policy/acf/liheap-plan/fy2026/2,no,2.1: State Median Income 60.00%
us-ms,LIHEAP-ST-07,state,state plan,PRESENT,2026-09-10,us-ms/policy/acf/liheap-plan/fy2026/2,no,2.3/2.4 priority narrative present (1554 chars); yes/no boxes not captured
us-ms,LIHEAP-ST-08,state,state plan,PRESENT,2026-09-10,us-ms/policy/acf/liheap-plan/fy2026/2,no,"2.6 minimum $1 / maximum $1,500; 2.5 variables are check boxes (state not captured) but narrative present"
us-ms,LIHEAP-ST-09,state,plan attachment / policy manual,EXTRACTABLE,,,no,"the extracted plan ends at the 'Plan Attachments' list (matrix is an attachment, not in the PDF); clearinghouse lists a state policy manual: https://www.sos.ms.gov/adminsearch/ACCode/00000693c.pdf"
us-ms,LIHEAP-ST-10,state,state plan,PRESENT,2026-09-10,us-ms/policy/acf/liheap-plan/fy2026/3,no,"3.1 threshold State Median Income 60.00%; min/max 1/1,500"
us-ms,LIHEAP-ST-11,state,state plan,PRESENT,2026-09-10,us-ms/policy/acf/liheap-plan/fy2026/4,no,"4.1 threshold State Median Income 60.00%; 4.2-4.3 definitions; response hours 18,18"
us-ms,LIHEAP-ST-12,state,state plan,PRESENT,2026-09-10,us-ms/policy/acf/liheap-plan/fy2026/4,no,crisis benefit figures in section 4 (maximum benefit Summer Crisis $0)
us-ms,LIHEAP-ST-13,state,state plan,PRESENT,2026-09-10,us-ms/policy/acf/liheap-plan/fy2026/5,no,section 5 body 5357 chars
us-ms,LIHEAP-ST-14,state,state plan,PRESENT,2026-09-10,us-ms/policy/acf/liheap-plan/fy2026/6,no,sections 6-9 bodies present
us-ms,LIHEAP-ST-15,state,state plan,PRESENT,2026-09-10,us-ms/policy/acf/liheap-plan/fy2026/12,no,section 12 body 4132 chars
us-ms,LIHEAP-ST-16,state,state plan,PRESENT,2026-09-10,us-ms/policy/acf/liheap-plan/fy2026/13,no,sections 13-16 bodies present
us-ms,LIHEAP-ST-17,state,state plan,PRESENT,2026-09-10,us-ms/policy/acf/liheap-plan/fy2026/17,no,sections 10 and 17 bodies present
us-ms,LIHEAP-ST-18,state,state policy manual,EXTRACTABLE,,,no,clearinghouse 'State LIHEAP Policy Manuals' link (read 2026-09-11): https://www.sos.ms.gov/adminsearch/ACCode/00000693c.pdf; not taken (run note: manuals are a separate family)
us-mt,LIHEAP-ST-01,state,state plan,PRESENT,2026-09-10,us-mt/policy/acf/liheap-plan/fy2026/1,no,"section 1.1 dates of operation opened (heating=yes, cooling=no)"
us-mt,LIHEAP-ST-02,state,state plan,PRESENT,2026-09-10,us-mt/policy/acf/liheap-plan/fy2026/1,no,section 1.2 allocation percentages in body
us-mt,LIHEAP-ST-03,state,state plan,PRESENT,2026-09-10,us-mt/policy/acf/liheap-plan/fy2026/1,no,1.4a definition text present (1052 chars); the yes/no boxes of 1.4-1.6 are not captured in the extracted text (no checkbox glyphs)
us-mt,LIHEAP-ST-04,state,state plan,PRESENT,2026-09-10,us-mt/policy/acf/liheap-plan/fy2026/1,no,1.7b nominal assistance amount $25.00 in body
us-mt,LIHEAP-ST-05,state,state plan,REVIEW,2026-09-10,us-mt/policy/acf/liheap-plan/fy2026/1,no,1.8 (gross/net) and 1.9 (income types) are check boxes; checkbox state is not captured in the extracted text; narrative in 1.10-1.12 present
us-mt,LIHEAP-ST-06,state,state plan,PRESENT,2026-09-10,us-mt/policy/acf/liheap-plan/fy2026/2,no,2.1: State Median Income 60.00%; State Median Income 60.00%; State Median Income 60.00%
us-mt,LIHEAP-ST-07,state,state plan,PRESENT,2026-09-10,us-mt/policy/acf/liheap-plan/fy2026/2,no,2.3/2.4 priority narrative present (1179 chars); yes/no boxes not captured
us-mt,LIHEAP-ST-08,state,state plan,PRESENT,2026-09-10,us-mt/policy/acf/liheap-plan/fy2026/2,no,"2.6 minimum $180 / maximum $3,228; 2.5 variables are check boxes (state not captured) but narrative present"
us-mt,LIHEAP-ST-09,state,plan attachment / policy manual,EXTRACTABLE,,,no,"the extracted plan ends at the 'Plan Attachments' list (matrix is an attachment, not in the PDF); clearinghouse lists a state policy manual: https://dphhs.mt.gov/assets/hcsd/liheap/LIHEAPmanual.pdf"
us-mt,LIHEAP-ST-10,state,n/a,ABSENT,,,no,n/a: no cooling component operated (section 1.1)
us-mt,LIHEAP-ST-11,state,state plan,PRESENT,2026-09-10,us-mt/policy/acf/liheap-plan/fy2026/4,no,"4.1 threshold State Median Income 60.00%; State Median Income 60.00%; 4.2-4.3 definitions; response hours 48,18"
us-mt,LIHEAP-ST-12,state,state plan,PRESENT,2026-09-10,us-mt/policy/acf/liheap-plan/fy2026/4,no,"crisis benefit figures in section 4 ($14,358)"
us-mt,LIHEAP-ST-13,state,state plan,PRESENT,2026-09-10,us-mt/policy/acf/liheap-plan/fy2026/5,no,section 5 body 10438 chars
us-mt,LIHEAP-ST-14,state,state plan,PRESENT,2026-09-10,us-mt/policy/acf/liheap-plan/fy2026/6,no,sections 6-9 bodies present
us-mt,LIHEAP-ST-15,state,state plan,PRESENT,2026-09-10,us-mt/policy/acf/liheap-plan/fy2026/12,no,section 12 body 7290 chars
us-mt,LIHEAP-ST-16,state,state plan,PRESENT,2026-09-10,us-mt/policy/acf/liheap-plan/fy2026/13,no,sections 13-16 bodies present
us-mt,LIHEAP-ST-17,state,state plan,PRESENT,2026-09-10,us-mt/policy/acf/liheap-plan/fy2026/17,no,sections 10 and 17 bodies present
us-mt,LIHEAP-ST-18,state,state policy manual,EXTRACTABLE,,,no,clearinghouse 'State LIHEAP Policy Manuals' link (read 2026-09-11): https://dphhs.mt.gov/assets/hcsd/liheap/LIHEAPmanual.pdf; not taken (run note: manuals are a separate family)
us-nc,LIHEAP-ST-01,state,state plan,PRESENT,2026-09-10,us-nc/policy/acf/liheap-plan/fy2026/1,no,"section 1.1 dates of operation opened (heating=yes, cooling=no)"
us-nc,LIHEAP-ST-02,state,state plan,PRESENT,2026-09-10,us-nc/policy/acf/liheap-plan/fy2026/1,no,section 1.2 allocation percentages in body
us-nc,LIHEAP-ST-03,state,state plan,REVIEW,2026-09-10,us-nc/policy/acf/liheap-plan/fy2026/1,no,"1.4-1.6 are yes/no boxes; the extractor keeps no checkbox state and 1.4a carries no description, so the policy cannot be read from the body"
us-nc,LIHEAP-ST-04,state,state plan,PRESENT,2026-09-10,us-nc/policy/acf/liheap-plan/fy2026/1,no,1.7b nominal assistance amount $0.00 in body
us-nc,LIHEAP-ST-05,state,state plan,REVIEW,2026-09-10,us-nc/policy/acf/liheap-plan/fy2026/1,no,1.8 (gross/net) and 1.9 (income types) are check boxes; checkbox state is not captured in the extracted text; narrative in 1.10-1.12 present
us-nc,LIHEAP-ST-06,state,state plan,PRESENT,2026-09-10,us-nc/policy/acf/liheap-plan/fy2026/2,no,2.1: HHS Poverty Guidelines 130.00%; HHS Poverty Guidelines 150.00%
us-nc,LIHEAP-ST-07,state,state plan,PRESENT,2026-09-10,us-nc/policy/acf/liheap-plan/fy2026/2,no,2.3/2.4 priority narrative present (1022 chars); yes/no boxes not captured
us-nc,LIHEAP-ST-08,state,state plan,PRESENT,2026-09-10,us-nc/policy/acf/liheap-plan/fy2026/2,no,2.6 minimum $300 / maximum $500; 2.5 variables are check boxes (state not captured) but narrative present
us-nc,LIHEAP-ST-09,state,plan attachment / policy manual,REVIEW,,,no,matrix is a plan attachment not in the extracted PDF; the clearinghouse index lists no policy manual for this state; state agency site not inventoried
us-nc,LIHEAP-ST-10,state,n/a,ABSENT,,,no,n/a: no cooling component operated (section 1.1)
us-nc,LIHEAP-ST-11,state,state plan,PRESENT,2026-09-10,us-nc/policy/acf/liheap-plan/fy2026/4,no,"4.1 threshold HHS Poverty Guidelines 150.00%; 4.2-4.3 definitions; response hours 48,18"
us-nc,LIHEAP-ST-12,state,state plan,PRESENT,2026-09-10,us-nc/policy/acf/liheap-plan/fy2026/4,no,crisis benefit figures in section 4 ($600)
us-nc,LIHEAP-ST-13,state,state plan,PRESENT,2026-09-10,us-nc/policy/acf/liheap-plan/fy2026/5,no,section 5 body 3444 chars
us-nc,LIHEAP-ST-14,state,state plan,PRESENT,2026-09-10,us-nc/policy/acf/liheap-plan/fy2026/6,no,sections 6-9 bodies present
us-nc,LIHEAP-ST-15,state,state plan,PRESENT,2026-09-10,us-nc/policy/acf/liheap-plan/fy2026/12,no,section 12 body 2309 chars
us-nc,LIHEAP-ST-16,state,state plan,PRESENT,2026-09-10,us-nc/policy/acf/liheap-plan/fy2026/13,no,sections 13-16 bodies present
us-nc,LIHEAP-ST-17,state,state plan,PRESENT,2026-09-10,us-nc/policy/acf/liheap-plan/fy2026/17,no,sections 10 and 17 bodies present
us-nc,LIHEAP-ST-18,state,state policy manual,REVIEW,,,no,clearinghouse index lists no policy manual for this state; state agency site not inventoried in the queue
us-nd,LIHEAP-ST-01,state,state plan,PRESENT,2026-09-10,us-nd/policy/acf/liheap-plan/fy2026/1,no,"section 1.1 dates of operation opened (heating=yes, cooling=yes)"
us-nd,LIHEAP-ST-02,state,state plan,PRESENT,2026-09-10,us-nd/policy/acf/liheap-plan/fy2026/1,no,section 1.2 allocation percentages in body
us-nd,LIHEAP-ST-03,state,state plan,REVIEW,2026-09-10,us-nd/policy/acf/liheap-plan/fy2026/1,no,"1.4-1.6 are yes/no boxes; the extractor keeps no checkbox state and 1.4a carries no description, so the policy cannot be read from the body"
us-nd,LIHEAP-ST-04,state,state plan,PRESENT,2026-09-10,us-nd/policy/acf/liheap-plan/fy2026/1,no,1.7b nominal assistance amount $0.00 in body
us-nd,LIHEAP-ST-05,state,state plan,REVIEW,2026-09-10,us-nd/policy/acf/liheap-plan/fy2026/1,no,1.8 (gross/net) and 1.9 (income types) are check boxes; checkbox state is not captured in the extracted text; narrative in 1.10-1.12 present
us-nd,LIHEAP-ST-06,state,state plan,PRESENT,2026-09-10,us-nd/policy/acf/liheap-plan/fy2026/2,no,2.1: State Median Income 60.00%
us-nd,LIHEAP-ST-07,state,state plan,PRESENT,2026-09-10,us-nd/policy/acf/liheap-plan/fy2026/2,no,2.3/2.4 priority narrative present (1249 chars); yes/no boxes not captured
us-nd,LIHEAP-ST-08,state,state plan,PRESENT,2026-09-10,us-nd/policy/acf/liheap-plan/fy2026/2,no,"2.6 minimum $1 / maximum $7,500; 2.5 variables are check boxes (state not captured) but narrative present"
us-nd,LIHEAP-ST-09,state,plan attachment / policy manual,EXTRACTABLE,,,no,"the extracted plan ends at the 'Plan Attachments' list (matrix is an attachment, not in the PDF); clearinghouse lists a state policy manual: https://www.nd.gov/dhs/policymanuals/415/MLs/ML%203750%2010.1.2023.%20Full.pdf"
us-nd,LIHEAP-ST-10,state,state plan,PRESENT,2026-09-10,us-nd/policy/acf/liheap-plan/fy2026/3,no,"3.1 threshold State Median Income 60.00%; min/max 1/1,000"
us-nd,LIHEAP-ST-11,state,state plan,PRESENT,2026-09-10,us-nd/policy/acf/liheap-plan/fy2026/4,no,"4.1 threshold State Median Income 60.00%; 4.2-4.3 definitions; response hours 48,18"
us-nd,LIHEAP-ST-12,state,state plan,PRESENT,2026-09-10,us-nd/policy/acf/liheap-plan/fy2026/4,no,crisis benefit figures in section 4 (maximum benefit Summer Crisis $0)
us-nd,LIHEAP-ST-13,state,state plan,PRESENT,2026-09-10,us-nd/policy/acf/liheap-plan/fy2026/5,no,section 5 body 7125 chars
us-nd,LIHEAP-ST-14,state,state plan,PRESENT,2026-09-10,us-nd/policy/acf/liheap-plan/fy2026/6,no,sections 6-9 bodies present
us-nd,LIHEAP-ST-15,state,state plan,PRESENT,2026-09-10,us-nd/policy/acf/liheap-plan/fy2026/12,no,section 12 body 2218 chars
us-nd,LIHEAP-ST-16,state,state plan,PRESENT,2026-09-10,us-nd/policy/acf/liheap-plan/fy2026/13,no,sections 13-16 bodies present
us-nd,LIHEAP-ST-17,state,state plan,PRESENT,2026-09-10,us-nd/policy/acf/liheap-plan/fy2026/17,no,sections 10 and 17 bodies present
us-nd,LIHEAP-ST-18,state,state policy manual,EXTRACTABLE,,,no,clearinghouse 'State LIHEAP Policy Manuals' link (read 2026-09-11): https://www.nd.gov/dhs/policymanuals/415/MLs/ML%203750%2010.1.2023.%20Full.pdf; not taken (run note: manuals are a separate family)
us-ne,LIHEAP-ST-01,state,state plan,PRESENT,2026-09-10,us-ne/policy/acf/liheap-plan/fy2026/1,no,"section 1.1 dates of operation opened (heating=yes, cooling=yes)"
us-ne,LIHEAP-ST-02,state,state plan,PRESENT,2026-09-10,us-ne/policy/acf/liheap-plan/fy2026/1,no,section 1.2 allocation percentages in body
us-ne,LIHEAP-ST-03,state,state plan,REVIEW,2026-09-10,us-ne/policy/acf/liheap-plan/fy2026/1,no,"1.4-1.6 are yes/no boxes; the extractor keeps no checkbox state and 1.4a carries no description, so the policy cannot be read from the body"
us-ne,LIHEAP-ST-04,state,state plan,PRESENT,2026-09-10,us-ne/policy/acf/liheap-plan/fy2026/1,no,1.7b nominal assistance amount $0.00 in body
us-ne,LIHEAP-ST-05,state,state plan,REVIEW,2026-09-10,us-ne/policy/acf/liheap-plan/fy2026/1,no,1.8 (gross/net) and 1.9 (income types) are check boxes; checkbox state is not captured in the extracted text; narrative in 1.10-1.12 present
us-ne,LIHEAP-ST-06,state,state plan,PRESENT,2026-09-10,us-ne/policy/acf/liheap-plan/fy2026/2,no,2.1: HHS Poverty Guidelines 150.00%
us-ne,LIHEAP-ST-07,state,state plan,PRESENT,2026-09-10,us-ne/policy/acf/liheap-plan/fy2026/2,no,2.3/2.4 priority narrative present (852 chars); yes/no boxes not captured
us-ne,LIHEAP-ST-08,state,state plan,PRESENT,2026-09-10,us-ne/policy/acf/liheap-plan/fy2026/2,no,"2.6 minimum $154 / maximum $1,050; 2.5 variables are check boxes (state not captured) but narrative present"
us-ne,LIHEAP-ST-09,state,plan attachment / policy manual,EXTRACTABLE,,,no,"the extracted plan ends at the 'Plan Attachments' list (matrix is an attachment, not in the PDF); clearinghouse lists a state policy manual: https://dhhs.ne.gov/Guidance%20Docs/Low%20Income%20Home%20Energy%20Assistance%20Program%20(LIHEAP)%20Guidance%20Document.pdf"
us-ne,LIHEAP-ST-10,state,state plan,PRESENT,2026-09-10,us-ne/policy/acf/liheap-plan/fy2026/3,no,3.1 threshold HHS Poverty Guidelines 150.00%; min/max 273/700
us-ne,LIHEAP-ST-11,state,state plan,PRESENT,2026-09-10,us-ne/policy/acf/liheap-plan/fy2026/4,no,"4.1 threshold HHS Poverty Guidelines 150.00%; 4.2-4.3 definitions; response hours 48,18"
us-ne,LIHEAP-ST-12,state,state plan,PRESENT,2026-09-10,us-ne/policy/acf/liheap-plan/fy2026/4,no,crisis benefit figures in section 4 ($500)
us-ne,LIHEAP-ST-13,state,state plan,PRESENT,2026-09-10,us-ne/policy/acf/liheap-plan/fy2026/5,no,section 5 body 4571 chars
us-ne,LIHEAP-ST-14,state,state plan,PRESENT,2026-09-10,us-ne/policy/acf/liheap-plan/fy2026/6,no,sections 6-9 bodies present
us-ne,LIHEAP-ST-15,state,state plan,PRESENT,2026-09-10,us-ne/policy/acf/liheap-plan/fy2026/12,no,section 12 body 2684 chars
us-ne,LIHEAP-ST-16,state,state plan,PRESENT,2026-09-10,us-ne/policy/acf/liheap-plan/fy2026/13,no,sections 13-16 bodies present
us-ne,LIHEAP-ST-17,state,state plan,PRESENT,2026-09-10,us-ne/policy/acf/liheap-plan/fy2026/17,no,sections 10 and 17 bodies present
us-ne,LIHEAP-ST-18,state,state policy manual,EXTRACTABLE,,,no,clearinghouse 'State LIHEAP Policy Manuals' link (read 2026-09-11): https://dhhs.ne.gov/Guidance%20Docs/Low%20Income%20Home%20Energy%20Assistance%20Program%20(LIHEAP)%20Guidance%20Document.pdf; not taken (run note: manuals are a separate family)
us-nh,LIHEAP-ST-01,state,state plan,PRESENT,2026-09-10,us-nh/policy/acf/liheap-plan/fy2026/1,no,"section 1.1 dates of operation opened (heating=yes, cooling=no)"
us-nh,LIHEAP-ST-02,state,state plan,PRESENT,2026-09-10,us-nh/policy/acf/liheap-plan/fy2026/1,no,section 1.2 allocation percentages in body
us-nh,LIHEAP-ST-03,state,state plan,REVIEW,2026-09-10,us-nh/policy/acf/liheap-plan/fy2026/1,no,"1.4-1.6 are yes/no boxes; the extractor keeps no checkbox state and 1.4a carries no description, so the policy cannot be read from the body"
us-nh,LIHEAP-ST-04,state,state plan,PRESENT,2026-09-10,us-nh/policy/acf/liheap-plan/fy2026/1,no,1.7b nominal assistance amount $0.00 in body
us-nh,LIHEAP-ST-05,state,state plan,REVIEW,2026-09-10,us-nh/policy/acf/liheap-plan/fy2026/1,no,1.8 (gross/net) and 1.9 (income types) are check boxes; checkbox state is not captured in the extracted text; narrative in 1.10-1.12 present
us-nh,LIHEAP-ST-06,state,state plan,PRESENT,2026-09-10,us-nh/policy/acf/liheap-plan/fy2026/2,no,2.1: State Median Income 60.00%
us-nh,LIHEAP-ST-07,state,state plan,PRESENT,2026-09-10,us-nh/policy/acf/liheap-plan/fy2026/2,no,2.3/2.4 priority narrative present (1445 chars); yes/no boxes not captured
us-nh,LIHEAP-ST-08,state,state plan,PRESENT,2026-09-10,us-nh/policy/acf/liheap-plan/fy2026/2,no,"2.6 minimum $100 / maximum $2,177; 2.5 variables are check boxes (state not captured) but narrative present"
us-nh,LIHEAP-ST-09,state,plan attachment / policy manual,EXTRACTABLE,,,no,"the extracted plan ends at the 'Plan Attachments' list (matrix is an attachment, not in the PDF); clearinghouse lists a state policy manual: https://www.energy.nh.gov/sites/g/files/ehbemt551/files/inline-documents/sonh/fuel-assistance-program-procedures-manual.pdf"
us-nh,LIHEAP-ST-10,state,n/a,ABSENT,,,no,n/a: no cooling component operated (section 1.1)
us-nh,LIHEAP-ST-11,state,state plan,PRESENT,2026-09-10,us-nh/policy/acf/liheap-plan/fy2026/4,no,"4.1 threshold State Median Income 60.00%; 4.2-4.3 definitions; response hours 48,18"
us-nh,LIHEAP-ST-12,state,state plan,PRESENT,2026-09-10,us-nh/policy/acf/liheap-plan/fy2026/4,no,"crisis benefit figures in section 4 ($2,177)"
us-nh,LIHEAP-ST-13,state,state plan,PRESENT,2026-09-10,us-nh/policy/acf/liheap-plan/fy2026/5,no,section 5 body 5652 chars
us-nh,LIHEAP-ST-14,state,state plan,PRESENT,2026-09-10,us-nh/policy/acf/liheap-plan/fy2026/6,no,sections 6-9 bodies present
us-nh,LIHEAP-ST-15,state,state plan,PRESENT,2026-09-10,us-nh/policy/acf/liheap-plan/fy2026/12,no,section 12 body 6263 chars
us-nh,LIHEAP-ST-16,state,state plan,PRESENT,2026-09-10,us-nh/policy/acf/liheap-plan/fy2026/13,no,sections 13-16 bodies present
us-nh,LIHEAP-ST-17,state,state plan,PRESENT,2026-09-10,us-nh/policy/acf/liheap-plan/fy2026/17,no,sections 10 and 17 bodies present
us-nh,LIHEAP-ST-18,state,state policy manual,EXTRACTABLE,,,no,clearinghouse 'State LIHEAP Policy Manuals' link (read 2026-09-11): https://www.energy.nh.gov/sites/g/files/ehbemt551/files/inline-documents/sonh/fuel-assistance-program-procedures-manual.pdf; not taken (run note: manuals are a separate family)
us-nj,LIHEAP-ST-01,state,state plan,PRESENT,2026-09-10,us-nj/policy/acf/liheap-plan/fy2026/1,no,"section 1.1 dates of operation opened (heating=yes, cooling=yes)"
us-nj,LIHEAP-ST-02,state,state plan,PRESENT,2026-09-10,us-nj/policy/acf/liheap-plan/fy2026/1,no,section 1.2 allocation percentages in body
us-nj,LIHEAP-ST-03,state,state plan,PRESENT,2026-09-10,us-nj/policy/acf/liheap-plan/fy2026/1,no,1.4a definition text present (1039 chars); the yes/no boxes of 1.4-1.6 are not captured in the extracted text (no checkbox glyphs)
us-nj,LIHEAP-ST-04,state,state plan,PRESENT,2026-09-10,us-nj/policy/acf/liheap-plan/fy2026/1,no,1.7b nominal assistance amount $0.00 in body
us-nj,LIHEAP-ST-05,state,state plan,REVIEW,2026-09-10,us-nj/policy/acf/liheap-plan/fy2026/1,no,1.8 (gross/net) and 1.9 (income types) are check boxes; checkbox state is not captured in the extracted text; narrative in 1.10-1.12 present
us-nj,LIHEAP-ST-06,state,state plan,PRESENT,2026-09-10,us-nj/policy/acf/liheap-plan/fy2026/2,no,2.1: State Median Income 60.00%
us-nj,LIHEAP-ST-07,state,state plan,PRESENT,2026-09-10,us-nj/policy/acf/liheap-plan/fy2026/2,no,2.3/2.4 priority narrative present (370 chars); yes/no boxes not captured
us-nj,LIHEAP-ST-08,state,state plan,PRESENT,2026-09-10,us-nj/policy/acf/liheap-plan/fy2026/2,no,"2.6 minimum $118 / maximum $1,278; 2.5 variables are check boxes (state not captured) but narrative present"
us-nj,LIHEAP-ST-09,state,plan attachment / policy manual,EXTRACTABLE,,,no,"the extracted plan ends at the 'Plan Attachments' list (matrix is an attachment, not in the PDF); clearinghouse lists a state policy manual: https://www.nj.gov/dca/dhcr/offices/docs/FY2026%20LIHEAP%20Handbook%20.pdf"
us-nj,LIHEAP-ST-10,state,state plan,PRESENT,2026-09-10,us-nj/policy/acf/liheap-plan/fy2026/3,no,"3.1 threshold State Median Income 60.00%; min/max 118/1,278"
us-nj,LIHEAP-ST-11,state,state plan,PRESENT,2026-09-10,us-nj/policy/acf/liheap-plan/fy2026/4,no,"4.1 threshold State Median Income 60.00%; 4.2-4.3 definitions; response hours 48,18"
us-nj,LIHEAP-ST-12,state,state plan,PRESENT,2026-09-10,us-nj/policy/acf/liheap-plan/fy2026/4,no,crisis benefit figures in section 4 ($800)
us-nj,LIHEAP-ST-13,state,state plan,PRESENT,2026-09-10,us-nj/policy/acf/liheap-plan/fy2026/5,no,section 5 body 3853 chars
us-nj,LIHEAP-ST-14,state,state plan,PRESENT,2026-09-10,us-nj/policy/acf/liheap-plan/fy2026/6,no,sections 6-9 bodies present
us-nj,LIHEAP-ST-15,state,state plan,PRESENT,2026-09-10,us-nj/policy/acf/liheap-plan/fy2026/12,no,section 12 body 1648 chars
us-nj,LIHEAP-ST-16,state,state plan,PRESENT,2026-09-10,us-nj/policy/acf/liheap-plan/fy2026/13,no,sections 13-16 bodies present
us-nj,LIHEAP-ST-17,state,state plan,PRESENT,2026-09-10,us-nj/policy/acf/liheap-plan/fy2026/17,no,sections 10 and 17 bodies present
us-nj,LIHEAP-ST-18,state,state policy manual,EXTRACTABLE,,,no,clearinghouse 'State LIHEAP Policy Manuals' link (read 2026-09-11): https://www.nj.gov/dca/dhcr/offices/docs/FY2026%20LIHEAP%20Handbook%20.pdf; not taken (run note: manuals are a separate family)
us-nm,LIHEAP-ST-01,state,state plan,PRESENT,2026-09-10,us-nm/policy/acf/liheap-plan/fy2026/1,no,"section 1.1 dates of operation opened (heating=yes, cooling=yes)"
us-nm,LIHEAP-ST-02,state,state plan,PRESENT,2026-09-10,us-nm/policy/acf/liheap-plan/fy2026/1,no,section 1.2 allocation percentages in body
us-nm,LIHEAP-ST-03,state,state plan,REVIEW,2026-09-10,us-nm/policy/acf/liheap-plan/fy2026/1,no,"1.4-1.6 are yes/no boxes; the extractor keeps no checkbox state and 1.4a carries no description, so the policy cannot be read from the body"
us-nm,LIHEAP-ST-04,state,state plan,PRESENT,2026-09-10,us-nm/policy/acf/liheap-plan/fy2026/1,no,1.7b nominal assistance amount $0.00 in body
us-nm,LIHEAP-ST-05,state,state plan,REVIEW,2026-09-10,us-nm/policy/acf/liheap-plan/fy2026/1,no,1.8 (gross/net) and 1.9 (income types) are check boxes; checkbox state is not captured in the extracted text; narrative in 1.10-1.12 present
us-nm,LIHEAP-ST-06,state,state plan,PRESENT,2026-09-10,us-nm/policy/acf/liheap-plan/fy2026/2,no,2.1: HHS Poverty Guidelines 150.00%
us-nm,LIHEAP-ST-07,state,state plan,PRESENT,2026-09-10,us-nm/policy/acf/liheap-plan/fy2026/2,no,2.3/2.4 priority narrative present (645 chars); yes/no boxes not captured
us-nm,LIHEAP-ST-08,state,state plan,PRESENT,2026-09-10,us-nm/policy/acf/liheap-plan/fy2026/2,no,2.6 minimum $70 / maximum $490; 2.5 variables are check boxes (state not captured) but narrative present
us-nm,LIHEAP-ST-09,state,plan attachment / policy manual,REVIEW,,,no,matrix is a plan attachment not in the extracted PDF; the clearinghouse index lists no policy manual for this state; state agency site not inventoried
us-nm,LIHEAP-ST-10,state,state plan,PRESENT,2026-09-10,us-nm/policy/acf/liheap-plan/fy2026/3,no,3.1 threshold HHS Poverty Guidelines 150.00%; min/max 70/490
us-nm,LIHEAP-ST-11,state,state plan,PRESENT,2026-09-10,us-nm/policy/acf/liheap-plan/fy2026/4,no,"4.1 threshold HHS Poverty Guidelines 150.00%; 4.2-4.3 definitions; response hours 48,18"
us-nm,LIHEAP-ST-12,state,state plan,PRESENT,2026-09-10,us-nm/policy/acf/liheap-plan/fy2026/4,no,crisis benefit figures in section 4 ($490)
us-nm,LIHEAP-ST-13,state,state plan,PRESENT,2026-09-10,us-nm/policy/acf/liheap-plan/fy2026/5,no,section 5 body 5111 chars
us-nm,LIHEAP-ST-14,state,state plan,PRESENT,2026-09-10,us-nm/policy/acf/liheap-plan/fy2026/6,no,sections 6-9 bodies present
us-nm,LIHEAP-ST-15,state,state plan,PRESENT,2026-09-10,us-nm/policy/acf/liheap-plan/fy2026/12,no,section 12 body 3984 chars
us-nm,LIHEAP-ST-16,state,state plan,PRESENT,2026-09-10,us-nm/policy/acf/liheap-plan/fy2026/13,no,sections 13-16 bodies present
us-nm,LIHEAP-ST-17,state,state plan,PRESENT,2026-09-10,us-nm/policy/acf/liheap-plan/fy2026/17,no,sections 10 and 17 bodies present
us-nm,LIHEAP-ST-18,state,state policy manual,REVIEW,,,no,clearinghouse index lists no policy manual for this state; state agency site not inventoried in the queue
us-nv,LIHEAP-ST-01,state,state plan,PRESENT,2026-09-10,us-nv/policy/acf/liheap-plan/fy2026/1,no,"section 1.1 dates of operation opened (heating=yes, cooling=no)"
us-nv,LIHEAP-ST-02,state,state plan,PRESENT,2026-09-10,us-nv/policy/acf/liheap-plan/fy2026/1,no,section 1.2 allocation percentages in body
us-nv,LIHEAP-ST-03,state,state plan,REVIEW,2026-09-10,us-nv/policy/acf/liheap-plan/fy2026/1,no,"1.4-1.6 are yes/no boxes; the extractor keeps no checkbox state and 1.4a carries no description, so the policy cannot be read from the body"
us-nv,LIHEAP-ST-04,state,state plan,PRESENT,2026-09-10,us-nv/policy/acf/liheap-plan/fy2026/1,no,1.7b nominal assistance amount $0.00 in body
us-nv,LIHEAP-ST-05,state,state plan,REVIEW,2026-09-10,us-nv/policy/acf/liheap-plan/fy2026/1,no,1.8 (gross/net) and 1.9 (income types) are check boxes; checkbox state is not captured in the extracted text; narrative in 1.10-1.12 present
us-nv,LIHEAP-ST-06,state,state plan,PRESENT,2026-09-10,us-nv/policy/acf/liheap-plan/fy2026/2,no,2.1: HHS Poverty Guidelines 150.00%
us-nv,LIHEAP-ST-07,state,state plan,PRESENT,2026-09-10,us-nv/policy/acf/liheap-plan/fy2026/2,no,2.3/2.4 priority narrative present (1299 chars); yes/no boxes not captured
us-nv,LIHEAP-ST-08,state,state plan,PRESENT,2026-09-10,us-nv/policy/acf/liheap-plan/fy2026/2,no,"2.6 minimum $360 / maximum $3,136; 2.5 variables are check boxes (state not captured) but narrative present"
us-nv,LIHEAP-ST-09,state,plan attachment / policy manual,EXTRACTABLE,,,no,"the extracted plan ends at the 'Plan Attachments' list (matrix is an attachment, not in the PDF); clearinghouse lists a state policy manual: https://dwss.nv.gov/uploadedFiles/dwssnvgov/content/Energy/FY%202024%20EAP%20Manual.pdf"
us-nv,LIHEAP-ST-10,state,n/a,ABSENT,,,no,n/a: no cooling component operated (section 1.1)
us-nv,LIHEAP-ST-11,state,state plan,PRESENT,2026-09-10,us-nv/policy/acf/liheap-plan/fy2026/4,no,"4.1 threshold HHS Poverty Guidelines 150.00%; 4.2-4.3 definitions; response hours 48,48"
us-nv,LIHEAP-ST-12,state,state plan,PRESENT,2026-09-10,us-nv/policy/acf/liheap-plan/fy2026/4,no,crisis benefit figures in section 4 ($360)
us-nv,LIHEAP-ST-13,state,state plan,PRESENT,2026-09-10,us-nv/policy/acf/liheap-plan/fy2026/5,no,section 5 body 5916 chars
us-nv,LIHEAP-ST-14,state,state plan,PRESENT,2026-09-10,us-nv/policy/acf/liheap-plan/fy2026/6,no,sections 6-9 bodies present
us-nv,LIHEAP-ST-15,state,state plan,PRESENT,2026-09-10,us-nv/policy/acf/liheap-plan/fy2026/12,no,section 12 body 2232 chars
us-nv,LIHEAP-ST-16,state,state plan,PRESENT,2026-09-10,us-nv/policy/acf/liheap-plan/fy2026/13,no,sections 13-16 bodies present
us-nv,LIHEAP-ST-17,state,state plan,PRESENT,2026-09-10,us-nv/policy/acf/liheap-plan/fy2026/17,no,sections 10 and 17 bodies present
us-nv,LIHEAP-ST-18,state,state policy manual,EXTRACTABLE,,,no,clearinghouse 'State LIHEAP Policy Manuals' link (read 2026-09-11): https://dwss.nv.gov/uploadedFiles/dwssnvgov/content/Energy/FY%202024%20EAP%20Manual.pdf; not taken (run note: manuals are a separate family)
us-ny,LIHEAP-ST-01,state,state plan,PRESENT,2026-09-10,us-ny/policy/acf/liheap-plan/fy2026/1,no,"section 1.1 dates of operation opened (heating=yes, cooling=yes)"
us-ny,LIHEAP-ST-02,state,state plan,PRESENT,2026-09-10,us-ny/policy/acf/liheap-plan/fy2026/1,no,section 1.2 allocation percentages in body
us-ny,LIHEAP-ST-03,state,state plan,PRESENT,2026-09-10,us-ny/policy/acf/liheap-plan/fy2026/1,no,1.4a definition text present (970 chars); the yes/no boxes of 1.4-1.6 are not captured in the extracted text (no checkbox glyphs)
us-ny,LIHEAP-ST-04,state,state plan,PRESENT,2026-09-10,us-ny/policy/acf/liheap-plan/fy2026/1,no,1.7b nominal assistance amount $21.00 in body
us-ny,LIHEAP-ST-05,state,state plan,REVIEW,2026-09-10,us-ny/policy/acf/liheap-plan/fy2026/1,no,1.8 (gross/net) and 1.9 (income types) are check boxes; checkbox state is not captured in the extracted text; narrative in 1.10-1.12 present
us-ny,LIHEAP-ST-06,state,state plan,PRESENT,2026-09-10,us-ny/policy/acf/liheap-plan/fy2026/2,no,2.1: State Median Income 60.00%; State Median Income 60.00%; State Median Income 60.00%
us-ny,LIHEAP-ST-07,state,state plan,PRESENT,2026-09-10,us-ny/policy/acf/liheap-plan/fy2026/2,no,2.3/2.4 priority narrative present (1155 chars); yes/no boxes not captured
us-ny,LIHEAP-ST-08,state,state plan,PRESENT,2026-09-10,us-ny/policy/acf/liheap-plan/fy2026/2,no,2.6 minimum $21 / maximum $996; 2.5 variables are check boxes (state not captured) but narrative present
us-ny,LIHEAP-ST-09,state,plan attachment / policy manual,EXTRACTABLE,,,no,"the extracted plan ends at the 'Plan Attachments' list (matrix is an attachment, not in the PDF); clearinghouse lists a state policy manual: http://otda.ny.gov/programs/heap/HEAP-manual.pdf"
us-ny,LIHEAP-ST-10,state,state plan,PRESENT,2026-09-10,us-ny/policy/acf/liheap-plan/fy2026/3,no,"3.1 threshold State Median Income 60.00%; State Median Income 60.00%; min/max 10/1,000"
us-ny,LIHEAP-ST-11,state,state plan,PRESENT,2026-09-10,us-ny/policy/acf/liheap-plan/fy2026/4,no,"4.1 threshold State Median Income 60.00%; State Median Income 60.00%; 4.2-4.3 definitions; response hours 48,18"
us-ny,LIHEAP-ST-12,state,state plan,PRESENT,2026-09-10,us-ny/policy/acf/liheap-plan/fy2026/4,no,"crisis benefit figures in section 4 ($2,500)"
us-ny,LIHEAP-ST-13,state,state plan,PRESENT,2026-09-10,us-ny/policy/acf/liheap-plan/fy2026/5,no,section 5 body 3096 chars
us-ny,LIHEAP-ST-14,state,state plan,PRESENT,2026-09-10,us-ny/policy/acf/liheap-plan/fy2026/6,no,sections 6-9 bodies present
us-ny,LIHEAP-ST-15,state,state plan,PRESENT,2026-09-10,us-ny/policy/acf/liheap-plan/fy2026/12,no,section 12 body 2005 chars
us-ny,LIHEAP-ST-16,state,state plan,PRESENT,2026-09-10,us-ny/policy/acf/liheap-plan/fy2026/13,no,sections 13-16 bodies present
us-ny,LIHEAP-ST-17,state,state plan,PRESENT,2026-09-10,us-ny/policy/acf/liheap-plan/fy2026/17,no,sections 10 and 17 bodies present
us-ny,LIHEAP-ST-18,state,state policy manual,OUTREACH,,,no,"clearinghouse links http://otda.ny.gov/programs/heap/HEAP-manual.pdf; otda.ny.gov answers plain clients with a connection reset and impersonated clients with a JavaScript challenge (SSI batch 1 and TANF/SNAP queues, 2026-09-10)"
us-oh,LIHEAP-ST-01,state,state plan,PRESENT,2026-09-10,us-oh/policy/acf/liheap-plan/fy2026/1,no,"section 1.1 dates of operation opened (heating=yes, cooling=no)"
us-oh,LIHEAP-ST-02,state,state plan,PRESENT,2026-09-10,us-oh/policy/acf/liheap-plan/fy2026/1,no,section 1.2 allocation percentages in body
us-oh,LIHEAP-ST-03,state,state plan,REVIEW,2026-09-10,us-oh/policy/acf/liheap-plan/fy2026/1,no,"1.4-1.6 are yes/no boxes; the extractor keeps no checkbox state and 1.4a carries no description, so the policy cannot be read from the body"
us-oh,LIHEAP-ST-04,state,state plan,PRESENT,2026-09-10,us-oh/policy/acf/liheap-plan/fy2026/1,no,1.7b nominal assistance amount $0.00 in body
us-oh,LIHEAP-ST-05,state,state plan,REVIEW,2026-09-10,us-oh/policy/acf/liheap-plan/fy2026/1,no,1.8 (gross/net) and 1.9 (income types) are check boxes; checkbox state is not captured in the extracted text; narrative in 1.10-1.12 present
us-oh,LIHEAP-ST-06,state,state plan,PRESENT,2026-09-10,us-oh/policy/acf/liheap-plan/fy2026/2,no,2.1: State Median Income 60.00%
us-oh,LIHEAP-ST-07,state,state plan,PRESENT,2026-09-10,us-oh/policy/acf/liheap-plan/fy2026/2,no,2.3/2.4 priority narrative present (680 chars); yes/no boxes not captured
us-oh,LIHEAP-ST-08,state,state plan,PRESENT,2026-09-10,us-oh/policy/acf/liheap-plan/fy2026/2,no,2.6 minimum $24 / maximum $441; 2.5 variables are check boxes (state not captured) but narrative present
us-oh,LIHEAP-ST-09,state,plan attachment / policy manual,EXTRACTABLE,,,no,"the extracted plan ends at the 'Plan Attachments' list (matrix is an attachment, not in the PDF); clearinghouse lists a state policy manual: https://irp.cdn-website.com/aa88b0b1/files/uploaded/2022-24%20ATTACHMENT%202022-2023%20EAP%20Guidelines%20%281%29.pdf"
us-oh,LIHEAP-ST-10,state,n/a,ABSENT,,,no,n/a: no cooling component operated (section 1.1)
us-oh,LIHEAP-ST-11,state,state plan,PRESENT,2026-09-10,us-oh/policy/acf/liheap-plan/fy2026/4,no,"4.1 threshold State Median Income 60.00%; 4.2-4.3 definitions; response hours 18,48"
us-oh,LIHEAP-ST-12,state,state plan,PRESENT,2026-09-10,us-oh/policy/acf/liheap-plan/fy2026/4,no,"crisis benefit figures in section 4 ($1,200)"
us-oh,LIHEAP-ST-13,state,state plan,PRESENT,2026-09-10,us-oh/policy/acf/liheap-plan/fy2026/5,no,section 5 body 8722 chars
us-oh,LIHEAP-ST-14,state,state plan,PRESENT,2026-09-10,us-oh/policy/acf/liheap-plan/fy2026/6,no,sections 6-9 bodies present
us-oh,LIHEAP-ST-15,state,state plan,PRESENT,2026-09-10,us-oh/policy/acf/liheap-plan/fy2026/12,no,section 12 body 7780 chars
us-oh,LIHEAP-ST-16,state,state plan,PRESENT,2026-09-10,us-oh/policy/acf/liheap-plan/fy2026/13,no,sections 13-16 bodies present
us-oh,LIHEAP-ST-17,state,state plan,PRESENT,2026-09-10,us-oh/policy/acf/liheap-plan/fy2026/17,no,sections 10 and 17 bodies present
us-oh,LIHEAP-ST-18,state,state policy manual,EXTRACTABLE,,,no,clearinghouse 'State LIHEAP Policy Manuals' link (read 2026-09-11): https://irp.cdn-website.com/aa88b0b1/files/uploaded/2022-24%20ATTACHMENT%202022-2023%20EAP%20Guidelines%20%281%29.pdf; not taken (run note: manuals are a separate family)
us-ok,LIHEAP-ST-01,state,state plan,PRESENT,2026-09-10,us-ok/policy/acf/liheap-plan/fy2026/1,no,"section 1.1 dates of operation opened (heating=yes, cooling=yes)"
us-ok,LIHEAP-ST-02,state,state plan,PRESENT,2026-09-10,us-ok/policy/acf/liheap-plan/fy2026/1,no,section 1.2 allocation percentages in body
us-ok,LIHEAP-ST-03,state,state plan,REVIEW,2026-09-10,us-ok/policy/acf/liheap-plan/fy2026/1,no,"1.4-1.6 are yes/no boxes; the extractor keeps no checkbox state and 1.4a carries no description, so the policy cannot be read from the body"
us-ok,LIHEAP-ST-04,state,state plan,PRESENT,2026-09-10,us-ok/policy/acf/liheap-plan/fy2026/1,no,1.7b nominal assistance amount $0.00 in body
us-ok,LIHEAP-ST-05,state,state plan,REVIEW,2026-09-10,us-ok/policy/acf/liheap-plan/fy2026/1,no,1.8 (gross/net) and 1.9 (income types) are check boxes; checkbox state is not captured in the extracted text; narrative in 1.10-1.12 present
us-ok,LIHEAP-ST-06,state,state plan,PRESENT,2026-09-10,us-ok/policy/acf/liheap-plan/fy2026/2,no,2.1: HHS Poverty Guidelines 130.00%
us-ok,LIHEAP-ST-07,state,state plan,PRESENT,2026-09-10,us-ok/policy/acf/liheap-plan/fy2026/2,no,2.3/2.4 priority narrative present (1796 chars); yes/no boxes not captured
us-ok,LIHEAP-ST-08,state,state plan,PRESENT,2026-09-10,us-ok/policy/acf/liheap-plan/fy2026/2,no,2.6 minimum $40 / maximum $500; 2.5 variables are check boxes (state not captured) but narrative present
us-ok,LIHEAP-ST-09,state,plan attachment / policy manual,REVIEW,,,no,matrix is a plan attachment not in the extracted PDF; the clearinghouse index lists no policy manual for this state; state agency site not inventoried
us-ok,LIHEAP-ST-10,state,state plan,PRESENT,2026-09-10,us-ok/policy/acf/liheap-plan/fy2026/3,no,3.1 threshold HHS Poverty Guidelines 130.00%; min/max 150/650
us-ok,LIHEAP-ST-11,state,state plan,PRESENT,2026-09-10,us-ok/policy/acf/liheap-plan/fy2026/4,no,"4.1 threshold HHS Poverty Guidelines 130.00%; 4.2-4.3 definitions; response hours 72,48"
us-ok,LIHEAP-ST-12,state,state plan,PRESENT,2026-09-10,us-ok/policy/acf/liheap-plan/fy2026/4,no,crisis benefit figures in section 4 (maximum payment of $750)
us-ok,LIHEAP-ST-13,state,state plan,PRESENT,2026-09-10,us-ok/policy/acf/liheap-plan/fy2026/5,no,section 5 body 5002 chars
us-ok,LIHEAP-ST-14,state,state plan,PRESENT,2026-09-10,us-ok/policy/acf/liheap-plan/fy2026/6,no,sections 6-9 bodies present
us-ok,LIHEAP-ST-15,state,state plan,PRESENT,2026-09-10,us-ok/policy/acf/liheap-plan/fy2026/12,no,section 12 body 998 chars
us-ok,LIHEAP-ST-16,state,state plan,PRESENT,2026-09-10,us-ok/policy/acf/liheap-plan/fy2026/13,no,sections 13-16 bodies present
us-ok,LIHEAP-ST-17,state,state plan,PRESENT,2026-09-10,us-ok/policy/acf/liheap-plan/fy2026/17,no,sections 10 and 17 bodies present
us-ok,LIHEAP-ST-18,state,state policy manual,REVIEW,,,no,clearinghouse index lists no policy manual for this state; state agency site not inventoried in the queue
us-or,LIHEAP-ST-01,state,state plan,PRESENT,2026-09-10,us-or/policy/acf/liheap-plan/fy2026/1,no,"section 1.1 dates of operation opened (heating=yes, cooling=yes)"
us-or,LIHEAP-ST-02,state,state plan,PRESENT,2026-09-10,us-or/policy/acf/liheap-plan/fy2026/1,no,section 1.2 allocation percentages in body
us-or,LIHEAP-ST-03,state,state plan,REVIEW,2026-09-10,us-or/policy/acf/liheap-plan/fy2026/1,no,"1.4-1.6 are yes/no boxes; the extractor keeps no checkbox state and 1.4a carries no description, so the policy cannot be read from the body"
us-or,LIHEAP-ST-04,state,state plan,PRESENT,2026-09-10,us-or/policy/acf/liheap-plan/fy2026/1,no,1.7b nominal assistance amount $21.00 in body
us-or,LIHEAP-ST-05,state,state plan,REVIEW,2026-09-10,us-or/policy/acf/liheap-plan/fy2026/1,no,1.8 (gross/net) and 1.9 (income types) are check boxes; checkbox state is not captured in the extracted text; narrative in 1.10-1.12 present
us-or,LIHEAP-ST-06,state,state plan,PRESENT,2026-09-10,us-or/policy/acf/liheap-plan/fy2026/2,no,2.1: State Median Income 60.00%
us-or,LIHEAP-ST-07,state,state plan,PRESENT,2026-09-10,us-or/policy/acf/liheap-plan/fy2026/2,no,2.3/2.4 priority narrative present (373 chars); yes/no boxes not captured
us-or,LIHEAP-ST-08,state,state plan,PRESENT,2026-09-10,us-or/policy/acf/liheap-plan/fy2026/2,no,2.6 minimum $250 / maximum $750; 2.5 variables are check boxes (state not captured) but narrative present
us-or,LIHEAP-ST-09,state,plan attachment / policy manual,EXTRACTABLE,,,no,"the extracted plan ends at the 'Plan Attachments' list (matrix is an attachment, not in the PDF); clearinghouse lists a state policy manual: https://www.oregon.gov/ohcs/energy-weatherization/Documents/2022-Energy-Assistance-Manual.pdf"
us-or,LIHEAP-ST-10,state,state plan,PRESENT,2026-09-10,us-or/policy/acf/liheap-plan/fy2026/3,no,3.1 threshold State Median Income 60.00%; min/max 250/750
us-or,LIHEAP-ST-11,state,state plan,PRESENT,2026-09-10,us-or/policy/acf/liheap-plan/fy2026/4,no,"4.1 threshold State Median Income 60.00%; 4.2-4.3 definitions; response hours 48,48"
us-or,LIHEAP-ST-12,state,state plan,PRESENT,2026-09-10,us-or/policy/acf/liheap-plan/fy2026/4,no,crisis benefit figures in section 4 (maximum benefit Summer Crisis $0)
us-or,LIHEAP-ST-13,state,state plan,PRESENT,2026-09-10,us-or/policy/acf/liheap-plan/fy2026/5,no,section 5 body 4008 chars
us-or,LIHEAP-ST-14,state,state plan,PRESENT,2026-09-10,us-or/policy/acf/liheap-plan/fy2026/6,no,sections 6-9 bodies present
us-or,LIHEAP-ST-15,state,state plan,PRESENT,2026-09-10,us-or/policy/acf/liheap-plan/fy2026/12,no,section 12 body 1660 chars
us-or,LIHEAP-ST-16,state,state plan,PRESENT,2026-09-10,us-or/policy/acf/liheap-plan/fy2026/13,no,sections 13-16 bodies present
us-or,LIHEAP-ST-17,state,state plan,PRESENT,2026-09-10,us-or/policy/acf/liheap-plan/fy2026/17,no,sections 10 and 17 bodies present
us-or,LIHEAP-ST-18,state,state policy manual,EXTRACTABLE,,,no,clearinghouse 'State LIHEAP Policy Manuals' link (read 2026-09-11): https://www.oregon.gov/ohcs/energy-weatherization/Documents/2022-Energy-Assistance-Manual.pdf; not taken (run note: manuals are a separate family)
us-pa,LIHEAP-ST-01,state,state plan,PRESENT,2026-09-10,us-pa/policy/acf/liheap-plan/fy2026/1,no,"section 1.1 dates of operation opened (heating=yes, cooling=no)"
us-pa,LIHEAP-ST-02,state,state plan,PRESENT,2026-09-10,us-pa/policy/acf/liheap-plan/fy2026/1,no,section 1.2 allocation percentages in body
us-pa,LIHEAP-ST-03,state,state plan,REVIEW,2026-09-10,us-pa/policy/acf/liheap-plan/fy2026/1,no,"1.4-1.6 are yes/no boxes; the extractor keeps no checkbox state and 1.4a carries no description, so the policy cannot be read from the body"
us-pa,LIHEAP-ST-04,state,state plan,PRESENT,2026-09-10,us-pa/policy/acf/liheap-plan/fy2026/1,no,1.7b nominal assistance amount $21.00 in body
us-pa,LIHEAP-ST-05,state,state plan,REVIEW,2026-09-10,us-pa/policy/acf/liheap-plan/fy2026/1,no,1.8 (gross/net) and 1.9 (income types) are check boxes; checkbox state is not captured in the extracted text; narrative in 1.10-1.12 present
us-pa,LIHEAP-ST-06,state,state plan,PRESENT,2026-09-10,us-pa/policy/acf/liheap-plan/fy2026/2,no,2.1: HHS Poverty Guidelines 150.00%
us-pa,LIHEAP-ST-07,state,state plan,PRESENT,2026-09-10,us-pa/policy/acf/liheap-plan/fy2026/2,no,2.3/2.4 priority narrative present (182 chars); yes/no boxes not captured
us-pa,LIHEAP-ST-08,state,state plan,PRESENT,2026-09-10,us-pa/policy/acf/liheap-plan/fy2026/2,no,"2.6 minimum $200 / maximum $1,000; 2.5 variables are check boxes (state not captured) but narrative present"
us-pa,LIHEAP-ST-09,state,plan attachment / policy manual,EXTRACTABLE,,,no,"the extracted plan ends at the 'Plan Attachments' list (matrix is an attachment, not in the PDF); clearinghouse lists a state policy manual: http://services.dpw.state.pa.us/oimpolicymanuals/liheap/index.htm"
us-pa,LIHEAP-ST-10,state,n/a,ABSENT,,,no,n/a: no cooling component operated (section 1.1)
us-pa,LIHEAP-ST-11,state,state plan,PRESENT,2026-09-10,us-pa/policy/acf/liheap-plan/fy2026/4,no,"4.1 threshold HHS Poverty Guidelines 150.00%; 4.2-4.3 definitions; response hours 48,18"
us-pa,LIHEAP-ST-12,state,state plan,PRESENT,2026-09-10,us-pa/policy/acf/liheap-plan/fy2026/4,no,"crisis benefit figures in section 4 ($1,000)"
us-pa,LIHEAP-ST-13,state,state plan,PRESENT,2026-09-10,us-pa/policy/acf/liheap-plan/fy2026/5,no,section 5 body 5011 chars
us-pa,LIHEAP-ST-14,state,state plan,PRESENT,2026-09-10,us-pa/policy/acf/liheap-plan/fy2026/6,no,sections 6-9 bodies present
us-pa,LIHEAP-ST-15,state,state plan,PRESENT,2026-09-10,us-pa/policy/acf/liheap-plan/fy2026/12,no,section 12 body 2394 chars
us-pa,LIHEAP-ST-16,state,state plan,PRESENT,2026-09-10,us-pa/policy/acf/liheap-plan/fy2026/13,no,sections 13-16 bodies present
us-pa,LIHEAP-ST-17,state,state plan,PRESENT,2026-09-10,us-pa/policy/acf/liheap-plan/fy2026/17,no,sections 10 and 17 bodies present
us-pa,LIHEAP-ST-18,state,state policy manual,EXTRACTABLE,,,no,clearinghouse 'State LIHEAP Policy Manuals' link (read 2026-09-11): http://services.dpw.state.pa.us/oimpolicymanuals/liheap/index.htm; not taken (run note: manuals are a separate family)
us-ri,LIHEAP-ST-01,state,state plan,PRESENT,2026-09-10,us-ri/policy/acf/liheap-plan/fy2026/1,no,"section 1.1 dates of operation opened (heating=yes, cooling=no)"
us-ri,LIHEAP-ST-02,state,state plan,PRESENT,2026-09-10,us-ri/policy/acf/liheap-plan/fy2026/1,no,section 1.2 allocation percentages in body
us-ri,LIHEAP-ST-03,state,state plan,REVIEW,2026-09-10,us-ri/policy/acf/liheap-plan/fy2026/1,no,"1.4-1.6 are yes/no boxes; the extractor keeps no checkbox state and 1.4a carries no description, so the policy cannot be read from the body"
us-ri,LIHEAP-ST-04,state,state plan,PRESENT,2026-09-10,us-ri/policy/acf/liheap-plan/fy2026/1,no,1.7b nominal assistance amount $20.01 in body
us-ri,LIHEAP-ST-05,state,state plan,REVIEW,2026-09-10,us-ri/policy/acf/liheap-plan/fy2026/1,no,1.8 (gross/net) and 1.9 (income types) are check boxes; checkbox state is not captured in the extracted text; narrative in 1.10-1.12 present
us-ri,LIHEAP-ST-06,state,state plan,PRESENT,2026-09-10,us-ri/policy/acf/liheap-plan/fy2026/2,no,2.1: State Median Income 60.00%
us-ri,LIHEAP-ST-07,state,state plan,PRESENT,2026-09-10,us-ri/policy/acf/liheap-plan/fy2026/2,no,2.3/2.4 priority narrative present (1040 chars); yes/no boxes not captured
us-ri,LIHEAP-ST-08,state,state plan,PRESENT,2026-09-10,us-ri/policy/acf/liheap-plan/fy2026/2,no,2.6 minimum $50 / maximum $861; 2.5 variables are check boxes (state not captured) but narrative present
us-ri,LIHEAP-ST-09,state,plan attachment / policy manual,REVIEW,,,no,matrix is a plan attachment not in the extracted PDF; the clearinghouse index lists no policy manual for this state; state agency site not inventoried
us-ri,LIHEAP-ST-10,state,n/a,ABSENT,,,no,n/a: no cooling component operated (section 1.1)
us-ri,LIHEAP-ST-11,state,state plan,PRESENT,2026-09-10,us-ri/policy/acf/liheap-plan/fy2026/4,no,"4.1 threshold State Median Income 60.00%; 4.2-4.3 definitions; response hours 24,48"
us-ri,LIHEAP-ST-12,state,state plan,PRESENT,2026-09-10,us-ri/policy/acf/liheap-plan/fy2026/4,no,crisis benefit figures in section 4 ($300)
us-ri,LIHEAP-ST-13,state,state plan,PRESENT,2026-09-10,us-ri/policy/acf/liheap-plan/fy2026/5,no,section 5 body 3348 chars
us-ri,LIHEAP-ST-14,state,state plan,PRESENT,2026-09-10,us-ri/policy/acf/liheap-plan/fy2026/6,no,sections 6-9 bodies present
us-ri,LIHEAP-ST-15,state,state plan,PRESENT,2026-09-10,us-ri/policy/acf/liheap-plan/fy2026/12,no,section 12 body 2371 chars
us-ri,LIHEAP-ST-16,state,state plan,PRESENT,2026-09-10,us-ri/policy/acf/liheap-plan/fy2026/13,no,sections 13-16 bodies present
us-ri,LIHEAP-ST-17,state,state plan,PRESENT,2026-09-10,us-ri/policy/acf/liheap-plan/fy2026/17,no,sections 10 and 17 bodies present
us-ri,LIHEAP-ST-18,state,state policy manual,REVIEW,,,no,clearinghouse index lists no policy manual for this state; state agency site not inventoried in the queue
us-sc,LIHEAP-ST-01,state,state plan,PRESENT,2026-09-10,us-sc/policy/acf/liheap-plan/fy2026/1,no,"section 1.1 dates of operation opened (heating=yes, cooling=yes)"
us-sc,LIHEAP-ST-02,state,state plan,PRESENT,2026-09-10,us-sc/policy/acf/liheap-plan/fy2026/1,no,section 1.2 allocation percentages in body
us-sc,LIHEAP-ST-03,state,state plan,REVIEW,2026-09-10,us-sc/policy/acf/liheap-plan/fy2026/1,no,"1.4-1.6 are yes/no boxes; the extractor keeps no checkbox state and 1.4a carries no description, so the policy cannot be read from the body"
us-sc,LIHEAP-ST-04,state,state plan,PRESENT,2026-09-10,us-sc/policy/acf/liheap-plan/fy2026/1,no,1.7b nominal assistance amount $0.00 in body
us-sc,LIHEAP-ST-05,state,state plan,REVIEW,2026-09-10,us-sc/policy/acf/liheap-plan/fy2026/1,no,1.8 (gross/net) and 1.9 (income types) are check boxes; checkbox state is not captured in the extracted text; narrative in 1.10-1.12 present
us-sc,LIHEAP-ST-06,state,state plan,PRESENT,2026-09-10,us-sc/policy/acf/liheap-plan/fy2026/2,no,2.1: State Median Income 60.00%
us-sc,LIHEAP-ST-07,state,state plan,PRESENT,2026-09-10,us-sc/policy/acf/liheap-plan/fy2026/2,no,2.3/2.4 priority narrative present (1082 chars); yes/no boxes not captured
us-sc,LIHEAP-ST-08,state,state plan,PRESENT,2026-09-10,us-sc/policy/acf/liheap-plan/fy2026/2,no,2.6 minimum $200 / maximum $850; 2.5 variables are check boxes (state not captured) but narrative present
us-sc,LIHEAP-ST-09,state,plan attachment / policy manual,REVIEW,,,no,matrix is a plan attachment not in the extracted PDF; the clearinghouse index lists no policy manual for this state; state agency site not inventoried
us-sc,LIHEAP-ST-10,state,state plan,PRESENT,2026-09-10,us-sc/policy/acf/liheap-plan/fy2026/3,no,3.1 threshold State Median Income 60.00%; min/max 200/775
us-sc,LIHEAP-ST-11,state,state plan,PRESENT,2026-09-10,us-sc/policy/acf/liheap-plan/fy2026/4,no,"4.1 threshold State Median Income 60.00%; 4.2-4.3 definitions; response hours 48,18"
us-sc,LIHEAP-ST-12,state,state plan,PRESENT,2026-09-10,us-sc/policy/acf/liheap-plan/fy2026/4,no,"crisis benefit figures in section 4 ($1,000)"
us-sc,LIHEAP-ST-13,state,state plan,PRESENT,2026-09-10,us-sc/policy/acf/liheap-plan/fy2026/5,no,section 5 body 4563 chars
us-sc,LIHEAP-ST-14,state,state plan,PRESENT,2026-09-10,us-sc/policy/acf/liheap-plan/fy2026/6,no,sections 6-9 bodies present
us-sc,LIHEAP-ST-15,state,state plan,PRESENT,2026-09-10,us-sc/policy/acf/liheap-plan/fy2026/12,no,section 12 body 3082 chars
us-sc,LIHEAP-ST-16,state,state plan,PRESENT,2026-09-10,us-sc/policy/acf/liheap-plan/fy2026/13,no,sections 13-16 bodies present
us-sc,LIHEAP-ST-17,state,state plan,PRESENT,2026-09-10,us-sc/policy/acf/liheap-plan/fy2026/17,no,sections 10 and 17 bodies present
us-sc,LIHEAP-ST-18,state,state policy manual,REVIEW,,,no,clearinghouse index lists no policy manual for this state; state agency site not inventoried in the queue
us-sd,LIHEAP-ST-01,state,state plan,PRESENT,2026-09-10,us-sd/policy/acf/liheap-plan/fy2026/1,no,"section 1.1 dates of operation opened (heating=yes, cooling=no)"
us-sd,LIHEAP-ST-02,state,state plan,PRESENT,2026-09-10,us-sd/policy/acf/liheap-plan/fy2026/1,no,section 1.2 allocation percentages in body
us-sd,LIHEAP-ST-03,state,state plan,PRESENT,2026-09-10,us-sd/policy/acf/liheap-plan/fy2026/1,no,1.4a definition text present (237 chars); the yes/no boxes of 1.4-1.6 are not captured in the extracted text (no checkbox glyphs)
us-sd,LIHEAP-ST-04,state,state plan,PRESENT,2026-09-10,us-sd/policy/acf/liheap-plan/fy2026/1,no,1.7b nominal assistance amount $0.00 in body
us-sd,LIHEAP-ST-05,state,state plan,REVIEW,2026-09-10,us-sd/policy/acf/liheap-plan/fy2026/1,no,1.8 (gross/net) and 1.9 (income types) are check boxes; checkbox state is not captured in the extracted text; narrative in 1.10-1.12 present
us-sd,LIHEAP-ST-06,state,state plan,PRESENT,2026-09-10,us-sd/policy/acf/liheap-plan/fy2026/2,no,2.1: State Median Income 54.14%; State Median Income 55.95%; State Median Income 57.07%
us-sd,LIHEAP-ST-07,state,state plan,PRESENT,2026-09-10,us-sd/policy/acf/liheap-plan/fy2026/2,no,2.3/2.4 priority narrative present (1279 chars); yes/no boxes not captured
us-sd,LIHEAP-ST-08,state,state plan,PRESENT,2026-09-10,us-sd/policy/acf/liheap-plan/fy2026/2,no,"2.6 minimum $668 / maximum $3,437; 2.5 variables are check boxes (state not captured) but narrative present"
us-sd,LIHEAP-ST-09,state,plan attachment / policy manual,EXTRACTABLE,,,no,"the extracted plan ends at the 'Plan Attachments' list (matrix is an attachment, not in the PDF); clearinghouse lists a state policy manual: https://liheapch.acf.gov/sites/default/files/webfiles/docs/SD_Policy-and-Procedures-Manual2018.pdf"
us-sd,LIHEAP-ST-10,state,n/a,ABSENT,,,no,n/a: no cooling component operated (section 1.1)
us-sd,LIHEAP-ST-11,state,state plan,PRESENT,2026-09-10,us-sd/policy/acf/liheap-plan/fy2026/4,no,"4.1 threshold State Median Income 54.14%; State Median Income 55.95%; 4.2-4.3 definitions; response hours 18,48"
us-sd,LIHEAP-ST-12,state,state plan,PRESENT,2026-09-10,us-sd/policy/acf/liheap-plan/fy2026/4,no,"crisis benefit figures in section 4 ($2,400)"
us-sd,LIHEAP-ST-13,state,state plan,PRESENT,2026-09-10,us-sd/policy/acf/liheap-plan/fy2026/5,no,section 5 body 3096 chars
us-sd,LIHEAP-ST-14,state,state plan,PRESENT,2026-09-10,us-sd/policy/acf/liheap-plan/fy2026/6,no,sections 6-9 bodies present
us-sd,LIHEAP-ST-15,state,state plan,PRESENT,2026-09-10,us-sd/policy/acf/liheap-plan/fy2026/12,no,section 12 body 1298 chars
us-sd,LIHEAP-ST-16,state,state plan,PRESENT,2026-09-10,us-sd/policy/acf/liheap-plan/fy2026/13,no,sections 13-16 bodies present
us-sd,LIHEAP-ST-17,state,state plan,PRESENT,2026-09-10,us-sd/policy/acf/liheap-plan/fy2026/17,no,sections 10 and 17 bodies present
us-sd,LIHEAP-ST-18,state,state policy manual,EXTRACTABLE,,,no,clearinghouse 'State LIHEAP Policy Manuals' link (read 2026-09-11): https://liheapch.acf.gov/sites/default/files/webfiles/docs/SD_Policy-and-Procedures-Manual2018.pdf; not taken (run note: manuals are a separate family)
us-tn,LIHEAP-ST-01,state,state plan,PRESENT,2026-09-10,us-tn/policy/acf/liheap-plan/fy2026/1,no,"section 1.1 dates of operation opened (heating=yes, cooling=yes)"
us-tn,LIHEAP-ST-02,state,state plan,PRESENT,2026-09-10,us-tn/policy/acf/liheap-plan/fy2026/1,no,section 1.2 allocation percentages in body
us-tn,LIHEAP-ST-03,state,state plan,REVIEW,2026-09-10,us-tn/policy/acf/liheap-plan/fy2026/1,no,"1.4-1.6 are yes/no boxes; the extractor keeps no checkbox state and 1.4a carries no description, so the policy cannot be read from the body"
us-tn,LIHEAP-ST-04,state,state plan,PRESENT,2026-09-10,us-tn/policy/acf/liheap-plan/fy2026/1,no,1.7b nominal assistance amount $0.00 in body
us-tn,LIHEAP-ST-05,state,state plan,REVIEW,2026-09-10,us-tn/policy/acf/liheap-plan/fy2026/1,no,1.8 (gross/net) and 1.9 (income types) are check boxes; checkbox state is not captured in the extracted text; narrative in 1.10-1.12 present
us-tn,LIHEAP-ST-06,state,state plan,PRESENT,2026-09-10,us-tn/policy/acf/liheap-plan/fy2026/2,no,2.1: State Median Income 60.00%
us-tn,LIHEAP-ST-07,state,state plan,PRESENT,2026-09-10,us-tn/policy/acf/liheap-plan/fy2026/2,no,2.3/2.4 priority narrative present (1182 chars); yes/no boxes not captured
us-tn,LIHEAP-ST-08,state,state plan,PRESENT,2026-09-10,us-tn/policy/acf/liheap-plan/fy2026/2,no,2.6 minimum $174 / maximum $750; 2.5 variables are check boxes (state not captured) but narrative present
us-tn,LIHEAP-ST-09,state,plan attachment / policy manual,EXTRACTABLE,,,no,"the extracted plan ends at the 'Plan Attachments' list (matrix is an attachment, not in the PDF); clearinghouse lists a state policy manual: https://thda.org/pdf/LIHEAP-Policy-Manual.pdf"
us-tn,LIHEAP-ST-10,state,state plan,PRESENT,2026-09-10,us-tn/policy/acf/liheap-plan/fy2026/3,no,3.1 threshold State Median Income 60.00%; min/max 174/750
us-tn,LIHEAP-ST-11,state,state plan,PRESENT,2026-09-10,us-tn/policy/acf/liheap-plan/fy2026/4,no,"4.1 threshold State Median Income 60.00%; 4.2-4.3 definitions; response hours 48,18"
us-tn,LIHEAP-ST-12,state,state plan,PRESENT,2026-09-10,us-tn/policy/acf/liheap-plan/fy2026/4,no,crisis benefit figures in section 4 (maximum benefit Summer Crisis $0)
us-tn,LIHEAP-ST-13,state,state plan,PRESENT,2026-09-10,us-tn/policy/acf/liheap-plan/fy2026/5,no,section 5 body 4175 chars
us-tn,LIHEAP-ST-14,state,state plan,PRESENT,2026-09-10,us-tn/policy/acf/liheap-plan/fy2026/6,no,sections 6-9 bodies present
us-tn,LIHEAP-ST-15,state,state plan,PRESENT,2026-09-10,us-tn/policy/acf/liheap-plan/fy2026/12,no,section 12 body 5778 chars
us-tn,LIHEAP-ST-16,state,state plan,PRESENT,2026-09-10,us-tn/policy/acf/liheap-plan/fy2026/13,no,sections 13-16 bodies present
us-tn,LIHEAP-ST-17,state,state plan,PRESENT,2026-09-10,us-tn/policy/acf/liheap-plan/fy2026/17,no,sections 10 and 17 bodies present
us-tn,LIHEAP-ST-18,state,state policy manual,EXTRACTABLE,,,no,clearinghouse 'State LIHEAP Policy Manuals' link (read 2026-09-11): https://thda.org/pdf/LIHEAP-Policy-Manual.pdf; not taken (run note: manuals are a separate family)
us-tx,LIHEAP-ST-01,state,state plan,PRESENT,2026-09-10,us-tx/policy/acf/liheap-plan/fy2026/1,partial,"section 1.1 dates of operation opened (heating=yes, cooling=yes)"
us-tx,LIHEAP-ST-02,state,state plan,PRESENT,2026-09-10,us-tx/policy/acf/liheap-plan/fy2026/1,no,section 1.2 allocation percentages in body
us-tx,LIHEAP-ST-03,state,state plan,PRESENT,2026-09-10,us-tx/policy/acf/liheap-plan/fy2026/1,partial,1.4a definition text present (401 chars); the yes/no boxes of 1.4-1.6 are not captured in the extracted text (no checkbox glyphs)
us-tx,LIHEAP-ST-04,state,state plan,PRESENT,2026-09-10,us-tx/policy/acf/liheap-plan/fy2026/1,no,1.7b nominal assistance amount $0.00 in body
us-tx,LIHEAP-ST-05,state,state plan,REVIEW,2026-09-10,us-tx/policy/acf/liheap-plan/fy2026/1,partial,1.8 (gross/net) and 1.9 (income types) are check boxes; checkbox state is not captured in the extracted text; narrative in 1.10-1.12 present
us-tx,LIHEAP-ST-06,state,state plan,PRESENT,2026-09-10,us-tx/policy/acf/liheap-plan/fy2026/2,partial,2.1: HHS Poverty Guidelines 150.00%
us-tx,LIHEAP-ST-07,state,state plan,PRESENT,2026-09-10,us-tx/policy/acf/liheap-plan/fy2026/2,no,2.3/2.4 priority narrative present (1764 chars); yes/no boxes not captured
us-tx,LIHEAP-ST-08,state,state plan,PRESENT,2026-09-10,us-tx/policy/acf/liheap-plan/fy2026/2,partial,"2.6 minimum $1 / maximum $12,600; 2.5 variables are check boxes (state not captured) but narrative present"
us-tx,LIHEAP-ST-09,state,plan attachment / policy manual,REVIEW,,,partial,matrix is a plan attachment not in the extracted PDF; the clearinghouse index lists no policy manual for this state; state agency site not inventoried
us-tx,LIHEAP-ST-10,state,state plan,PRESENT,2026-09-10,us-tx/policy/acf/liheap-plan/fy2026/3,no,"3.1 threshold HHS Poverty Guidelines 150.00%; min/max 1/12,600"
us-tx,LIHEAP-ST-11,state,state plan,PRESENT,2026-09-10,us-tx/policy/acf/liheap-plan/fy2026/4,partial,"4.1 threshold HHS Poverty Guidelines 150.00%; 4.2-4.3 definitions; response hours 48,48"
us-tx,LIHEAP-ST-12,state,state plan,PRESENT,2026-09-10,us-tx/policy/acf/liheap-plan/fy2026/4,partial,"crisis benefit figures in section 4 (maximum benefit amount per household is $12,600 per program )"
us-tx,LIHEAP-ST-13,state,state plan,PRESENT,2026-09-10,us-tx/policy/acf/liheap-plan/fy2026/5,no,section 5 body 5799 chars
us-tx,LIHEAP-ST-14,state,state plan,PRESENT,2026-09-10,us-tx/policy/acf/liheap-plan/fy2026/6,no,sections 6-9 bodies present
us-tx,LIHEAP-ST-15,state,state plan,PRESENT,2026-09-10,us-tx/policy/acf/liheap-plan/fy2026/12,no,section 12 body 1436 chars
us-tx,LIHEAP-ST-16,state,state plan,PRESENT,2026-09-10,us-tx/policy/acf/liheap-plan/fy2026/13,no,sections 13-16 bodies present
us-tx,LIHEAP-ST-17,state,state plan,PRESENT,2026-09-10,us-tx/policy/acf/liheap-plan/fy2026/17,no,sections 10 and 17 bodies present
us-tx,LIHEAP-ST-18,state,state policy manual,REVIEW,,,partial,clearinghouse index lists no policy manual for this state; state agency site not inventoried in the queue
us-ut,LIHEAP-ST-01,state,state plan,PRESENT,2026-09-10,us-ut/policy/acf/liheap-plan/fy2026/1,no,"section 1.1 dates of operation opened (heating=yes, cooling=yes)"
us-ut,LIHEAP-ST-02,state,state plan,PRESENT,2026-09-10,us-ut/policy/acf/liheap-plan/fy2026/1,no,section 1.2 allocation percentages in body
us-ut,LIHEAP-ST-03,state,state plan,REVIEW,2026-09-10,us-ut/policy/acf/liheap-plan/fy2026/1,no,"1.4-1.6 are yes/no boxes; the extractor keeps no checkbox state and 1.4a carries no description, so the policy cannot be read from the body"
us-ut,LIHEAP-ST-04,state,state plan,PRESENT,2026-09-10,us-ut/policy/acf/liheap-plan/fy2026/1,no,1.7b nominal assistance amount $0.00 in body
us-ut,LIHEAP-ST-05,state,state plan,REVIEW,2026-09-10,us-ut/policy/acf/liheap-plan/fy2026/1,no,1.8 (gross/net) and 1.9 (income types) are check boxes; checkbox state is not captured in the extracted text; narrative in 1.10-1.12 present
us-ut,LIHEAP-ST-06,state,state plan,PRESENT,2026-09-10,us-ut/policy/acf/liheap-plan/fy2026/2,no,2.1: HHS Poverty Guidelines 150.00%
us-ut,LIHEAP-ST-07,state,state plan,PRESENT,2026-09-10,us-ut/policy/acf/liheap-plan/fy2026/2,no,2.3/2.4 priority narrative present (865 chars); yes/no boxes not captured
us-ut,LIHEAP-ST-08,state,state plan,PRESENT,2026-09-10,us-ut/policy/acf/liheap-plan/fy2026/2,no,2.6 minimum $140 / maximum $800; 2.5 variables are check boxes (state not captured) but narrative present
us-ut,LIHEAP-ST-09,state,plan attachment / policy manual,EXTRACTABLE,,,no,"the extracted plan ends at the 'Plan Attachments' list (matrix is an attachment, not in the PDF); clearinghouse lists a state policy manual: https://jobs.utah.gov/housing/scso/seal/documents/heatpolicymanual.pdf"
us-ut,LIHEAP-ST-10,state,state plan,PRESENT,2026-09-10,us-ut/policy/acf/liheap-plan/fy2026/3,no,3.1 threshold HHS Poverty Guidelines 150.00%; min/max 140/800
us-ut,LIHEAP-ST-11,state,state plan,PRESENT,2026-09-10,us-ut/policy/acf/liheap-plan/fy2026/4,no,"4.1 threshold HHS Poverty Guidelines 150.00%; 4.2-4.3 definitions; response hours 48,18"
us-ut,LIHEAP-ST-12,state,state plan,PRESENT,2026-09-10,us-ut/policy/acf/liheap-plan/fy2026/4,no,"crisis benefit figures in section 4 ($1,500)"
us-ut,LIHEAP-ST-13,state,state plan,PRESENT,2026-09-10,us-ut/policy/acf/liheap-plan/fy2026/5,no,section 5 body 4067 chars
us-ut,LIHEAP-ST-14,state,state plan,PRESENT,2026-09-10,us-ut/policy/acf/liheap-plan/fy2026/6,no,sections 6-9 bodies present
us-ut,LIHEAP-ST-15,state,state plan,PRESENT,2026-09-10,us-ut/policy/acf/liheap-plan/fy2026/12,no,section 12 body 1370 chars
us-ut,LIHEAP-ST-16,state,state plan,PRESENT,2026-09-10,us-ut/policy/acf/liheap-plan/fy2026/13,no,sections 13-16 bodies present
us-ut,LIHEAP-ST-17,state,state plan,PRESENT,2026-09-10,us-ut/policy/acf/liheap-plan/fy2026/17,no,sections 10 and 17 bodies present
us-ut,LIHEAP-ST-18,state,state policy manual,EXTRACTABLE,,,no,clearinghouse 'State LIHEAP Policy Manuals' link (read 2026-09-11): https://jobs.utah.gov/housing/scso/seal/documents/heatpolicymanual.pdf; not taken (run note: manuals are a separate family)
us-va,LIHEAP-ST-01,state,state plan,PRESENT,2026-09-10,us-va/policy/acf/liheap-plan/fy2026/1,no,"section 1.1 dates of operation opened (heating=yes, cooling=yes)"
us-va,LIHEAP-ST-02,state,state plan,PRESENT,2026-09-10,us-va/policy/acf/liheap-plan/fy2026/1,no,section 1.2 allocation percentages in body
us-va,LIHEAP-ST-03,state,state plan,REVIEW,2026-09-10,us-va/policy/acf/liheap-plan/fy2026/1,no,"1.4-1.6 are yes/no boxes; the extractor keeps no checkbox state and 1.4a carries no description, so the policy cannot be read from the body"
us-va,LIHEAP-ST-04,state,state plan,PRESENT,2026-09-10,us-va/policy/acf/liheap-plan/fy2026/1,no,1.7b nominal assistance amount $0.00 in body
us-va,LIHEAP-ST-05,state,state plan,REVIEW,2026-09-10,us-va/policy/acf/liheap-plan/fy2026/1,no,1.8 (gross/net) and 1.9 (income types) are check boxes; checkbox state is not captured in the extracted text; narrative in 1.10-1.12 present
us-va,LIHEAP-ST-06,state,state plan,PRESENT,2026-09-10,us-va/policy/acf/liheap-plan/fy2026/2,no,2.1: HHS Poverty Guidelines 150.00%
us-va,LIHEAP-ST-07,state,state plan,PRESENT,2026-09-10,us-va/policy/acf/liheap-plan/fy2026/2,no,2.3/2.4 priority narrative present (1036 chars); yes/no boxes not captured
us-va,LIHEAP-ST-08,state,state plan,PRESENT,2026-09-10,us-va/policy/acf/liheap-plan/fy2026/2,no,2.6 minimum $181 / maximum $634; 2.5 variables are check boxes (state not captured) but narrative present
us-va,LIHEAP-ST-09,state,plan attachment / policy manual,EXTRACTABLE,,,no,"the extracted plan ends at the 'Plan Attachments' list (matrix is an attachment, not in the PDF); clearinghouse lists a state policy manual: https://www.dss.virginia.gov/files/division/bp/ea/intro_page/manual/Complete_Manual.pdf"
us-va,LIHEAP-ST-10,state,state plan,PRESENT,2026-09-10,us-va/policy/acf/liheap-plan/fy2026/3,no,3.1 threshold HHS Poverty Guidelines 150.00%; min/max 50/700
us-va,LIHEAP-ST-11,state,state plan,PRESENT,2026-09-10,us-va/policy/acf/liheap-plan/fy2026/4,no,"4.1 threshold HHS Poverty Guidelines 150.00%; 4.2-4.3 definitions; response hours 48,18"
us-va,LIHEAP-ST-12,state,state plan,PRESENT,2026-09-10,us-va/policy/acf/liheap-plan/fy2026/4,no,"crisis benefit figures in section 4 ($4,200)"
us-va,LIHEAP-ST-13,state,state plan,PRESENT,2026-09-10,us-va/policy/acf/liheap-plan/fy2026/5,no,section 5 body 5341 chars
us-va,LIHEAP-ST-14,state,state plan,PRESENT,2026-09-10,us-va/policy/acf/liheap-plan/fy2026/6,no,sections 6-9 bodies present
us-va,LIHEAP-ST-15,state,state plan,PRESENT,2026-09-10,us-va/policy/acf/liheap-plan/fy2026/12,no,section 12 body 4134 chars
us-va,LIHEAP-ST-16,state,state plan,PRESENT,2026-09-10,us-va/policy/acf/liheap-plan/fy2026/13,no,sections 13-16 bodies present
us-va,LIHEAP-ST-17,state,state plan,PRESENT,2026-09-10,us-va/policy/acf/liheap-plan/fy2026/17,no,sections 10 and 17 bodies present
us-va,LIHEAP-ST-18,state,state policy manual,EXTRACTABLE,,,no,clearinghouse 'State LIHEAP Policy Manuals' link (read 2026-09-11): https://www.dss.virginia.gov/files/division/bp/ea/intro_page/manual/Complete_Manual.pdf; not taken (run note: manuals are a separate family)
us-vt,LIHEAP-ST-01,state,state plan,PRESENT,2026-09-10,us-vt/policy/acf/liheap-plan/fy2026/1,no,"section 1.1 dates of operation opened (heating=yes, cooling=no)"
us-vt,LIHEAP-ST-02,state,state plan,PRESENT,2026-09-10,us-vt/policy/acf/liheap-plan/fy2026/1,no,section 1.2 allocation percentages in body
us-vt,LIHEAP-ST-03,state,state plan,REVIEW,2026-09-10,us-vt/policy/acf/liheap-plan/fy2026/1,no,"1.4-1.6 are yes/no boxes; the extractor keeps no checkbox state and 1.4a carries no description, so the policy cannot be read from the body"
us-vt,LIHEAP-ST-04,state,state plan,PRESENT,2026-09-10,us-vt/policy/acf/liheap-plan/fy2026/1,no,1.7b nominal assistance amount $0.00 in body
us-vt,LIHEAP-ST-05,state,state plan,REVIEW,2026-09-10,us-vt/policy/acf/liheap-plan/fy2026/1,no,1.8 (gross/net) and 1.9 (income types) are check boxes; checkbox state is not captured in the extracted text; narrative in 1.10-1.12 present
us-vt,LIHEAP-ST-06,state,state plan,PRESENT,2026-09-10,us-vt/policy/acf/liheap-plan/fy2026/2,no,2.1: State Median Income 60.00%
us-vt,LIHEAP-ST-07,state,state plan,PRESENT,2026-09-10,us-vt/policy/acf/liheap-plan/fy2026/2,no,2.3/2.4 priority narrative present (404 chars); yes/no boxes not captured
us-vt,LIHEAP-ST-08,state,state plan,PRESENT,2026-09-10,us-vt/policy/acf/liheap-plan/fy2026/2,no,"2.6 minimum $21 / maximum $2,089; 2.5 variables are check boxes (state not captured) but narrative present"
us-vt,LIHEAP-ST-09,state,plan attachment / policy manual,EXTRACTABLE,,,no,"the extracted plan ends at the 'Plan Attachments' list (matrix is an attachment, not in the PDF); clearinghouse lists a state policy manual: https://dcf.vermont.gov/esd/laws-rules/proposed/P2900 (Heating) and P3100 (Crisis)"
us-vt,LIHEAP-ST-10,state,n/a,ABSENT,,,no,n/a: no cooling component operated (section 1.1)
us-vt,LIHEAP-ST-11,state,state plan,PRESENT,2026-09-10,us-vt/policy/acf/liheap-plan/fy2026/4,no,"4.1 threshold State Median Income 60.00%; 4.2-4.3 definitions; response hours 18,48"
us-vt,LIHEAP-ST-12,state,state plan,PRESENT,2026-09-10,us-vt/policy/acf/liheap-plan/fy2026/4,no,"crisis benefit figures in section 4 ($2,479)"
us-vt,LIHEAP-ST-13,state,state plan,PRESENT,2026-09-10,us-vt/policy/acf/liheap-plan/fy2026/5,no,section 5 body 4282 chars
us-vt,LIHEAP-ST-14,state,state plan,PRESENT,2026-09-10,us-vt/policy/acf/liheap-plan/fy2026/6,no,sections 6-9 bodies present
us-vt,LIHEAP-ST-15,state,state plan,PRESENT,2026-09-10,us-vt/policy/acf/liheap-plan/fy2026/12,no,section 12 body 1445 chars
us-vt,LIHEAP-ST-16,state,state plan,PRESENT,2026-09-10,us-vt/policy/acf/liheap-plan/fy2026/13,no,sections 13-16 bodies present
us-vt,LIHEAP-ST-17,state,state plan,PRESENT,2026-09-10,us-vt/policy/acf/liheap-plan/fy2026/17,no,sections 10 and 17 bodies present
us-vt,LIHEAP-ST-18,state,state policy manual,EXTRACTABLE,,,no,clearinghouse 'State LIHEAP Policy Manuals' link (read 2026-09-11): https://dcf.vermont.gov/esd/laws-rules/proposed/P2900 (Heating) and P3100 (Crisis); not taken (run note: manuals are a separate family)
us-wa,LIHEAP-ST-01,state,state plan,PRESENT,2026-09-10,us-wa/policy/acf/liheap-plan/fy2026/1,no,"section 1.1 dates of operation opened (heating=yes, cooling=no)"
us-wa,LIHEAP-ST-02,state,state plan,PRESENT,2026-09-10,us-wa/policy/acf/liheap-plan/fy2026/1,no,section 1.2 allocation percentages in body
us-wa,LIHEAP-ST-03,state,state plan,REVIEW,2026-09-10,us-wa/policy/acf/liheap-plan/fy2026/1,no,"1.4-1.6 are yes/no boxes; the extractor keeps no checkbox state and 1.4a carries no description, so the policy cannot be read from the body"
us-wa,LIHEAP-ST-04,state,state plan,PRESENT,2026-09-10,us-wa/policy/acf/liheap-plan/fy2026/1,no,1.7b nominal assistance amount $20.01 in body
us-wa,LIHEAP-ST-05,state,state plan,REVIEW,2026-09-10,us-wa/policy/acf/liheap-plan/fy2026/1,no,1.8 (gross/net) and 1.9 (income types) are check boxes; checkbox state is not captured in the extracted text; narrative in 1.10-1.12 present
us-wa,LIHEAP-ST-06,state,state plan,PRESENT,2026-09-10,us-wa/policy/acf/liheap-plan/fy2026/2,no,2.1: HHS Poverty Guidelines 150.00%
us-wa,LIHEAP-ST-07,state,state plan,PRESENT,2026-09-10,us-wa/policy/acf/liheap-plan/fy2026/2,no,2.3/2.4 priority narrative present (1890 chars); yes/no boxes not captured
us-wa,LIHEAP-ST-08,state,state plan,PRESENT,2026-09-10,us-wa/policy/acf/liheap-plan/fy2026/2,no,"2.6 minimum $250 / maximum $1,250; 2.5 variables are check boxes (state not captured) but narrative present"
us-wa,LIHEAP-ST-09,state,plan attachment / policy manual,REVIEW,,,no,matrix is a plan attachment not in the extracted PDF; the clearinghouse index lists no policy manual for this state; state agency site not inventoried
us-wa,LIHEAP-ST-10,state,n/a,ABSENT,,,no,n/a: no cooling component operated (section 1.1)
us-wa,LIHEAP-ST-11,state,state plan,PRESENT,2026-09-10,us-wa/policy/acf/liheap-plan/fy2026/4,no,"4.1 threshold HHS Poverty Guidelines 150.00%; 4.2-4.3 definitions; response hours 18,48"
us-wa,LIHEAP-ST-12,state,state plan,PRESENT,2026-09-10,us-wa/policy/acf/liheap-plan/fy2026/4,no,crisis benefit figures in section 4 (maximum benefit Summer Crisis $0)
us-wa,LIHEAP-ST-13,state,state plan,PRESENT,2026-09-10,us-wa/policy/acf/liheap-plan/fy2026/5,no,section 5 body 4129 chars
us-wa,LIHEAP-ST-14,state,state plan,PRESENT,2026-09-10,us-wa/policy/acf/liheap-plan/fy2026/6,no,sections 6-9 bodies present
us-wa,LIHEAP-ST-15,state,state plan,PRESENT,2026-09-10,us-wa/policy/acf/liheap-plan/fy2026/12,no,section 12 body 2007 chars
us-wa,LIHEAP-ST-16,state,state plan,PRESENT,2026-09-10,us-wa/policy/acf/liheap-plan/fy2026/13,no,sections 13-16 bodies present
us-wa,LIHEAP-ST-17,state,state plan,PRESENT,2026-09-10,us-wa/policy/acf/liheap-plan/fy2026/17,no,sections 10 and 17 bodies present
us-wa,LIHEAP-ST-18,state,state policy manual,REVIEW,,,no,clearinghouse index lists no policy manual for this state; state agency site not inventoried in the queue
us-wi,LIHEAP-ST-01,state,state plan,PRESENT,2026-09-10,us-wi/policy/acf/liheap-plan/fy2026/1,no,"section 1.1 dates of operation opened (heating=yes, cooling=no)"
us-wi,LIHEAP-ST-02,state,state plan,PRESENT,2026-09-10,us-wi/policy/acf/liheap-plan/fy2026/1,no,section 1.2 allocation percentages in body
us-wi,LIHEAP-ST-03,state,state plan,PRESENT,2026-09-10,us-wi/policy/acf/liheap-plan/fy2026/1,no,1.4a definition text present (412 chars); the yes/no boxes of 1.4-1.6 are not captured in the extracted text (no checkbox glyphs)
us-wi,LIHEAP-ST-04,state,state plan,PRESENT,2026-09-10,us-wi/policy/acf/liheap-plan/fy2026/1,no,1.7b nominal assistance amount $0.00 in body
us-wi,LIHEAP-ST-05,state,state plan,REVIEW,2026-09-10,us-wi/policy/acf/liheap-plan/fy2026/1,no,1.8 (gross/net) and 1.9 (income types) are check boxes; checkbox state is not captured in the extracted text; narrative in 1.10-1.12 present
us-wi,LIHEAP-ST-06,state,state plan,PRESENT,2026-09-10,us-wi/policy/acf/liheap-plan/fy2026/2,no,2.1: State Median Income 60.00%
us-wi,LIHEAP-ST-07,state,state plan,PRESENT,2026-09-10,us-wi/policy/acf/liheap-plan/fy2026/2,no,2.3/2.4 priority narrative present (9411 chars); yes/no boxes not captured
us-wi,LIHEAP-ST-08,state,state plan,PRESENT,2026-09-10,us-wi/policy/acf/liheap-plan/fy2026/2,no,"2.6 minimum $30 / maximum $2,147; 2.5 variables are check boxes (state not captured) but narrative present"
us-wi,LIHEAP-ST-09,state,plan attachment / policy manual,EXTRACTABLE,,,no,"the extracted plan ends at the 'Plan Attachments' list (matrix is an attachment, not in the PDF); clearinghouse lists a state policy manual: https://energyandhousing.wi.gov/PublishingImages/Pages/AgencyResources/energy-assistance/Program%20Year%202024%20WHEAP%20Manual%20April.pdf"
us-wi,LIHEAP-ST-10,state,n/a,ABSENT,,,no,n/a: no cooling component operated (section 1.1)
us-wi,LIHEAP-ST-11,state,state plan,PRESENT,2026-09-10,us-wi/policy/acf/liheap-plan/fy2026/4,no,"4.1 threshold State Median Income 60.00%; 4.2-4.3 definitions; response hours 48,18"
us-wi,LIHEAP-ST-12,state,state plan,PRESENT,2026-09-10,us-wi/policy/acf/liheap-plan/fy2026/4,no,crisis benefit figures in section 4 (maximum benefit Summer Crisis $0)
us-wi,LIHEAP-ST-13,state,state plan,PRESENT,2026-09-10,us-wi/policy/acf/liheap-plan/fy2026/5,no,section 5 body 3917 chars
us-wi,LIHEAP-ST-14,state,state plan,PRESENT,2026-09-10,us-wi/policy/acf/liheap-plan/fy2026/6,no,sections 6-9 bodies present
us-wi,LIHEAP-ST-15,state,state plan,PRESENT,2026-09-10,us-wi/policy/acf/liheap-plan/fy2026/12,no,section 12 body 2722 chars
us-wi,LIHEAP-ST-16,state,state plan,PRESENT,2026-09-10,us-wi/policy/acf/liheap-plan/fy2026/13,no,sections 13-16 bodies present
us-wi,LIHEAP-ST-17,state,state plan,PRESENT,2026-09-10,us-wi/policy/acf/liheap-plan/fy2026/17,no,sections 10 and 17 bodies present
us-wi,LIHEAP-ST-18,state,state policy manual,EXTRACTABLE,,,no,clearinghouse 'State LIHEAP Policy Manuals' link (read 2026-09-11): https://energyandhousing.wi.gov/PublishingImages/Pages/AgencyResources/energy-assistance/Program%20Year%202024%20WHEAP%20Manual%20April.pdf; not taken (run note: manuals are a separate family)
us-wv,LIHEAP-ST-01,state,state plan,PRESENT,2026-09-10,us-wv/policy/acf/liheap-plan/fy2026/1,no,"section 1.1 dates of operation opened (heating=yes, cooling=yes)"
us-wv,LIHEAP-ST-02,state,state plan,PRESENT,2026-09-10,us-wv/policy/acf/liheap-plan/fy2026/1,no,section 1.2 allocation percentages in body
us-wv,LIHEAP-ST-03,state,state plan,PRESENT,2026-09-10,us-wv/policy/acf/liheap-plan/fy2026/1,no,1.4a definition text present (198 chars); the yes/no boxes of 1.4-1.6 are not captured in the extracted text (no checkbox glyphs)
us-wv,LIHEAP-ST-04,state,state plan,PRESENT,2026-09-10,us-wv/policy/acf/liheap-plan/fy2026/1,no,1.7b nominal assistance amount $0.00 in body
us-wv,LIHEAP-ST-05,state,state plan,REVIEW,2026-09-10,us-wv/policy/acf/liheap-plan/fy2026/1,no,1.8 (gross/net) and 1.9 (income types) are check boxes; checkbox state is not captured in the extracted text; narrative in 1.10-1.12 present
us-wv,LIHEAP-ST-06,state,state plan,PRESENT,2026-09-10,us-wv/policy/acf/liheap-plan/fy2026/2,no,2.1: State Median Income 60.00%; HHS Poverty Guidelines 150.00%
us-wv,LIHEAP-ST-07,state,state plan,PRESENT,2026-09-10,us-wv/policy/acf/liheap-plan/fy2026/2,no,2.3/2.4 priority narrative present (1448 chars); yes/no boxes not captured
us-wv,LIHEAP-ST-08,state,state plan,PRESENT,2026-09-10,us-wv/policy/acf/liheap-plan/fy2026/2,no,"2.6 minimum $1 / maximum $10,000; 2.5 variables are check boxes (state not captured) but narrative present"
us-wv,LIHEAP-ST-09,state,plan attachment / policy manual,EXTRACTABLE,,,no,"the extracted plan ends at the 'Plan Attachments' list (matrix is an attachment, not in the PDF); clearinghouse lists a state policy manual: http://www.wvdhhr.org/bcf/policy/imm/new_manual/immanual/manual_pdf_files/chapter_26/ch26_2.pdf"
us-wv,LIHEAP-ST-10,state,state plan,PRESENT,2026-09-10,us-wv/policy/acf/liheap-plan/fy2026/3,no,"3.1 threshold State Median Income 60.00%; HHS Poverty Guidelines 150.00%; min/max 1/10,000"
us-wv,LIHEAP-ST-11,state,state plan,PRESENT,2026-09-10,us-wv/policy/acf/liheap-plan/fy2026/4,no,"4.1 threshold State Median Income 60.00%; HHS Poverty Guidelines 150.00%; 4.2-4.3 definitions; response hours 48,18"
us-wv,LIHEAP-ST-12,state,state plan,PRESENT,2026-09-10,us-wv/policy/acf/liheap-plan/fy2026/4,no,"crisis benefit figures in section 4 ($2,000)"
us-wv,LIHEAP-ST-13,state,state plan,PRESENT,2026-09-10,us-wv/policy/acf/liheap-plan/fy2026/5,no,section 5 body 8963 chars
us-wv,LIHEAP-ST-14,state,state plan,PRESENT,2026-09-10,us-wv/policy/acf/liheap-plan/fy2026/6,no,sections 6-9 bodies present
us-wv,LIHEAP-ST-15,state,state plan,PRESENT,2026-09-10,us-wv/policy/acf/liheap-plan/fy2026/12,no,section 12 body 2557 chars
us-wv,LIHEAP-ST-16,state,state plan,PRESENT,2026-09-10,us-wv/policy/acf/liheap-plan/fy2026/13,no,sections 13-16 bodies present
us-wv,LIHEAP-ST-17,state,state plan,PRESENT,2026-09-10,us-wv/policy/acf/liheap-plan/fy2026/17,no,sections 10 and 17 bodies present
us-wv,LIHEAP-ST-18,state,state policy manual,PRESENT,2026-07-21-wv-income-maintenance-manual,us-wv/manual/bfa/income-maintenance-manual/page-2,no,"WV Income Maintenance Manual (integrated PDF, page granularity) carries the LIEAP chapter the clearinghouse links (chapter 26); 133 page rows mention LIEAP"
us-wy,LIHEAP-ST-01,state,state plan,PRESENT,2026-09-10,us-wy/policy/acf/liheap-plan/fy2026/1,no,"section 1.1 dates of operation opened (heating=yes, cooling=no)"
us-wy,LIHEAP-ST-02,state,state plan,PRESENT,2026-09-10,us-wy/policy/acf/liheap-plan/fy2026/1,no,section 1.2 allocation percentages in body
us-wy,LIHEAP-ST-03,state,state plan,REVIEW,2026-09-10,us-wy/policy/acf/liheap-plan/fy2026/1,no,"1.4-1.6 are yes/no boxes; the extractor keeps no checkbox state and 1.4a carries no description, so the policy cannot be read from the body"
us-wy,LIHEAP-ST-04,state,state plan,PRESENT,2026-09-10,us-wy/policy/acf/liheap-plan/fy2026/1,no,1.7b nominal assistance amount $0.00 in body
us-wy,LIHEAP-ST-05,state,state plan,REVIEW,2026-09-10,us-wy/policy/acf/liheap-plan/fy2026/1,no,1.8 (gross/net) and 1.9 (income types) are check boxes; checkbox state is not captured in the extracted text; narrative in 1.10-1.12 present
us-wy,LIHEAP-ST-06,state,state plan,PRESENT,2026-09-10,us-wy/policy/acf/liheap-plan/fy2026/2,no,2.1: State Median Income 60.00%
us-wy,LIHEAP-ST-07,state,state plan,PRESENT,2026-09-10,us-wy/policy/acf/liheap-plan/fy2026/2,no,2.3/2.4 priority narrative present (963 chars); yes/no boxes not captured
us-wy,LIHEAP-ST-08,state,state plan,PRESENT,2026-09-10,us-wy/policy/acf/liheap-plan/fy2026/2,no,"2.6 minimum $48 / maximum $1,901; 2.5 variables are check boxes (state not captured) but narrative present"
us-wy,LIHEAP-ST-09,state,plan attachment / policy manual,REVIEW,,,no,matrix is a plan attachment not in the extracted PDF; the clearinghouse index lists no policy manual for this state; state agency site not inventoried
us-wy,LIHEAP-ST-10,state,n/a,ABSENT,,,no,n/a: no cooling component operated (section 1.1)
us-wy,LIHEAP-ST-11,state,state plan,PRESENT,2026-09-10,us-wy/policy/acf/liheap-plan/fy2026/4,no,"4.1 threshold State Median Income 60.00%; 4.2-4.3 definitions; response hours 48,18"
us-wy,LIHEAP-ST-12,state,state plan,PRESENT,2026-09-10,us-wy/policy/acf/liheap-plan/fy2026/4,no,"crisis benefit figures in section 4 ($1,100)"
us-wy,LIHEAP-ST-13,state,state plan,PRESENT,2026-09-10,us-wy/policy/acf/liheap-plan/fy2026/5,no,section 5 body 4300 chars
us-wy,LIHEAP-ST-14,state,state plan,PRESENT,2026-09-10,us-wy/policy/acf/liheap-plan/fy2026/6,no,sections 6-9 bodies present
us-wy,LIHEAP-ST-15,state,state plan,PRESENT,2026-09-10,us-wy/policy/acf/liheap-plan/fy2026/12,no,section 12 body 2037 chars
us-wy,LIHEAP-ST-16,state,state plan,PRESENT,2026-09-10,us-wy/policy/acf/liheap-plan/fy2026/13,no,sections 13-16 bodies present
us-wy,LIHEAP-ST-17,state,state plan,PRESENT,2026-09-10,us-wy/policy/acf/liheap-plan/fy2026/17,no,sections 10 and 17 bodies present
us-wy,LIHEAP-ST-18,state,state policy manual,REVIEW,,,no,clearinghouse index lists no policy manual for this state; state agency site not inventoried in the queue
us,LIHEAP-ST-01,state,n/a,ABSENT,,,partial,n/a: state-set element; no federal carrier
us,LIHEAP-ST-02,state,n/a,ABSENT,,,no,n/a: state-set element; no federal carrier
us,LIHEAP-ST-03,state,n/a,ABSENT,,,partial,n/a: state-set element; no federal carrier
us,LIHEAP-ST-04,state,n/a,ABSENT,,,no,n/a: state-set element; no federal carrier
us,LIHEAP-ST-05,state,n/a,ABSENT,,,partial,n/a: state-set element; no federal carrier
us,LIHEAP-ST-06,state,n/a,ABSENT,,,partial,n/a: state-set element; no federal carrier
us,LIHEAP-ST-07,state,n/a,ABSENT,,,no,n/a: state-set element; no federal carrier
us,LIHEAP-ST-08,state,n/a,ABSENT,,,partial,n/a: state-set element; no federal carrier
us,LIHEAP-ST-09,state,n/a,ABSENT,,,partial,n/a: state-set element; no federal carrier
us,LIHEAP-ST-10,state,n/a,ABSENT,,,no,n/a: state-set element; no federal carrier
us,LIHEAP-ST-11,state,n/a,ABSENT,,,partial,n/a: state-set element; no federal carrier
us,LIHEAP-ST-12,state,n/a,ABSENT,,,partial,n/a: state-set element; no federal carrier
us,LIHEAP-ST-13,state,n/a,ABSENT,,,no,n/a: state-set element; no federal carrier
us,LIHEAP-ST-14,state,n/a,ABSENT,,,no,n/a: state-set element; no federal carrier
us,LIHEAP-ST-15,state,n/a,ABSENT,,,no,n/a: state-set element; no federal carrier
us,LIHEAP-ST-16,state,n/a,ABSENT,,,no,n/a: state-set element; no federal carrier
us,LIHEAP-ST-17,state,n/a,ABSENT,,,no,n/a: state-set element; no federal carrier
us,LIHEAP-ST-18,state,n/a,ABSENT,,,partial,n/a: state-set element; no federal carrier
