jurisdiction,element,level,family,status,scope_version,citation_path,pe_modeled,evidence_note
us,SSI-F-USC-1381,federal,statute,PRESENT,2026-06-20-ssi-title-xvi-title-42-r2026-07-15-self-contained-r2026-07-17-dedup,us/statute/42/1381,no,1 rows in the Title XVI scope; subsection bodies opened (e.g. 1382/a/1)
us-ak,SSI-F-USC-1381,federal,statute,PRESENT,2026-06-20-ssi-title-xvi-title-42-r2026-07-15-self-contained-r2026-07-17-dedup,us/statute/42/1381,no,inherited from federal
us-al,SSI-F-USC-1381,federal,statute,PRESENT,2026-06-20-ssi-title-xvi-title-42-r2026-07-15-self-contained-r2026-07-17-dedup,us/statute/42/1381,no,inherited from federal
us-ar,SSI-F-USC-1381,federal,statute,PRESENT,2026-06-20-ssi-title-xvi-title-42-r2026-07-15-self-contained-r2026-07-17-dedup,us/statute/42/1381,no,inherited from federal
us-az,SSI-F-USC-1381,federal,statute,PRESENT,2026-06-20-ssi-title-xvi-title-42-r2026-07-15-self-contained-r2026-07-17-dedup,us/statute/42/1381,no,inherited from federal
us-ca,SSI-F-USC-1381,federal,statute,PRESENT,2026-06-20-ssi-title-xvi-title-42-r2026-07-15-self-contained-r2026-07-17-dedup,us/statute/42/1381,no,inherited from federal
us-co,SSI-F-USC-1381,federal,statute,PRESENT,2026-06-20-ssi-title-xvi-title-42-r2026-07-15-self-contained-r2026-07-17-dedup,us/statute/42/1381,no,inherited from federal
us-ct,SSI-F-USC-1381,federal,statute,PRESENT,2026-06-20-ssi-title-xvi-title-42-r2026-07-15-self-contained-r2026-07-17-dedup,us/statute/42/1381,no,inherited from federal
us-dc,SSI-F-USC-1381,federal,statute,PRESENT,2026-06-20-ssi-title-xvi-title-42-r2026-07-15-self-contained-r2026-07-17-dedup,us/statute/42/1381,no,inherited from federal
us-de,SSI-F-USC-1381,federal,statute,PRESENT,2026-06-20-ssi-title-xvi-title-42-r2026-07-15-self-contained-r2026-07-17-dedup,us/statute/42/1381,no,inherited from federal
us-fl,SSI-F-USC-1381,federal,statute,PRESENT,2026-06-20-ssi-title-xvi-title-42-r2026-07-15-self-contained-r2026-07-17-dedup,us/statute/42/1381,no,inherited from federal
us-ga,SSI-F-USC-1381,federal,statute,PRESENT,2026-06-20-ssi-title-xvi-title-42-r2026-07-15-self-contained-r2026-07-17-dedup,us/statute/42/1381,no,inherited from federal
us-hi,SSI-F-USC-1381,federal,statute,PRESENT,2026-06-20-ssi-title-xvi-title-42-r2026-07-15-self-contained-r2026-07-17-dedup,us/statute/42/1381,no,inherited from federal
us-ia,SSI-F-USC-1381,federal,statute,PRESENT,2026-06-20-ssi-title-xvi-title-42-r2026-07-15-self-contained-r2026-07-17-dedup,us/statute/42/1381,no,inherited from federal
us-id,SSI-F-USC-1381,federal,statute,PRESENT,2026-06-20-ssi-title-xvi-title-42-r2026-07-15-self-contained-r2026-07-17-dedup,us/statute/42/1381,no,inherited from federal
us-il,SSI-F-USC-1381,federal,statute,PRESENT,2026-06-20-ssi-title-xvi-title-42-r2026-07-15-self-contained-r2026-07-17-dedup,us/statute/42/1381,no,inherited from federal
us-in,SSI-F-USC-1381,federal,statute,PRESENT,2026-06-20-ssi-title-xvi-title-42-r2026-07-15-self-contained-r2026-07-17-dedup,us/statute/42/1381,no,inherited from federal
us-ks,SSI-F-USC-1381,federal,statute,PRESENT,2026-06-20-ssi-title-xvi-title-42-r2026-07-15-self-contained-r2026-07-17-dedup,us/statute/42/1381,no,inherited from federal
us-ky,SSI-F-USC-1381,federal,statute,PRESENT,2026-06-20-ssi-title-xvi-title-42-r2026-07-15-self-contained-r2026-07-17-dedup,us/statute/42/1381,no,inherited from federal
us-la,SSI-F-USC-1381,federal,statute,PRESENT,2026-06-20-ssi-title-xvi-title-42-r2026-07-15-self-contained-r2026-07-17-dedup,us/statute/42/1381,no,inherited from federal
us-ma,SSI-F-USC-1381,federal,statute,PRESENT,2026-06-20-ssi-title-xvi-title-42-r2026-07-15-self-contained-r2026-07-17-dedup,us/statute/42/1381,no,inherited from federal
us-md,SSI-F-USC-1381,federal,statute,PRESENT,2026-06-20-ssi-title-xvi-title-42-r2026-07-15-self-contained-r2026-07-17-dedup,us/statute/42/1381,no,inherited from federal
us-me,SSI-F-USC-1381,federal,statute,PRESENT,2026-06-20-ssi-title-xvi-title-42-r2026-07-15-self-contained-r2026-07-17-dedup,us/statute/42/1381,no,inherited from federal
us-mi,SSI-F-USC-1381,federal,statute,PRESENT,2026-06-20-ssi-title-xvi-title-42-r2026-07-15-self-contained-r2026-07-17-dedup,us/statute/42/1381,no,inherited from federal
us-mn,SSI-F-USC-1381,federal,statute,PRESENT,2026-06-20-ssi-title-xvi-title-42-r2026-07-15-self-contained-r2026-07-17-dedup,us/statute/42/1381,no,inherited from federal
us-mo,SSI-F-USC-1381,federal,statute,PRESENT,2026-06-20-ssi-title-xvi-title-42-r2026-07-15-self-contained-r2026-07-17-dedup,us/statute/42/1381,no,inherited from federal
us-ms,SSI-F-USC-1381,federal,statute,PRESENT,2026-06-20-ssi-title-xvi-title-42-r2026-07-15-self-contained-r2026-07-17-dedup,us/statute/42/1381,no,inherited from federal
us-mt,SSI-F-USC-1381,federal,statute,PRESENT,2026-06-20-ssi-title-xvi-title-42-r2026-07-15-self-contained-r2026-07-17-dedup,us/statute/42/1381,no,inherited from federal
us-nc,SSI-F-USC-1381,federal,statute,PRESENT,2026-06-20-ssi-title-xvi-title-42-r2026-07-15-self-contained-r2026-07-17-dedup,us/statute/42/1381,no,inherited from federal
us-nd,SSI-F-USC-1381,federal,statute,PRESENT,2026-06-20-ssi-title-xvi-title-42-r2026-07-15-self-contained-r2026-07-17-dedup,us/statute/42/1381,no,inherited from federal
us-ne,SSI-F-USC-1381,federal,statute,PRESENT,2026-06-20-ssi-title-xvi-title-42-r2026-07-15-self-contained-r2026-07-17-dedup,us/statute/42/1381,no,inherited from federal
us-nh,SSI-F-USC-1381,federal,statute,PRESENT,2026-06-20-ssi-title-xvi-title-42-r2026-07-15-self-contained-r2026-07-17-dedup,us/statute/42/1381,no,inherited from federal
us-nj,SSI-F-USC-1381,federal,statute,PRESENT,2026-06-20-ssi-title-xvi-title-42-r2026-07-15-self-contained-r2026-07-17-dedup,us/statute/42/1381,no,inherited from federal
us-nm,SSI-F-USC-1381,federal,statute,PRESENT,2026-06-20-ssi-title-xvi-title-42-r2026-07-15-self-contained-r2026-07-17-dedup,us/statute/42/1381,no,inherited from federal
us-nv,SSI-F-USC-1381,federal,statute,PRESENT,2026-06-20-ssi-title-xvi-title-42-r2026-07-15-self-contained-r2026-07-17-dedup,us/statute/42/1381,no,inherited from federal
us-ny,SSI-F-USC-1381,federal,statute,PRESENT,2026-06-20-ssi-title-xvi-title-42-r2026-07-15-self-contained-r2026-07-17-dedup,us/statute/42/1381,no,inherited from federal
us-oh,SSI-F-USC-1381,federal,statute,PRESENT,2026-06-20-ssi-title-xvi-title-42-r2026-07-15-self-contained-r2026-07-17-dedup,us/statute/42/1381,no,inherited from federal
us-ok,SSI-F-USC-1381,federal,statute,PRESENT,2026-06-20-ssi-title-xvi-title-42-r2026-07-15-self-contained-r2026-07-17-dedup,us/statute/42/1381,no,inherited from federal
us-or,SSI-F-USC-1381,federal,statute,PRESENT,2026-06-20-ssi-title-xvi-title-42-r2026-07-15-self-contained-r2026-07-17-dedup,us/statute/42/1381,no,inherited from federal
us-pa,SSI-F-USC-1381,federal,statute,PRESENT,2026-06-20-ssi-title-xvi-title-42-r2026-07-15-self-contained-r2026-07-17-dedup,us/statute/42/1381,no,inherited from federal
us-ri,SSI-F-USC-1381,federal,statute,PRESENT,2026-06-20-ssi-title-xvi-title-42-r2026-07-15-self-contained-r2026-07-17-dedup,us/statute/42/1381,no,inherited from federal
us-sc,SSI-F-USC-1381,federal,statute,PRESENT,2026-06-20-ssi-title-xvi-title-42-r2026-07-15-self-contained-r2026-07-17-dedup,us/statute/42/1381,no,inherited from federal
us-sd,SSI-F-USC-1381,federal,statute,PRESENT,2026-06-20-ssi-title-xvi-title-42-r2026-07-15-self-contained-r2026-07-17-dedup,us/statute/42/1381,no,inherited from federal
us-tn,SSI-F-USC-1381,federal,statute,PRESENT,2026-06-20-ssi-title-xvi-title-42-r2026-07-15-self-contained-r2026-07-17-dedup,us/statute/42/1381,no,inherited from federal
us-tx,SSI-F-USC-1381,federal,statute,PRESENT,2026-06-20-ssi-title-xvi-title-42-r2026-07-15-self-contained-r2026-07-17-dedup,us/statute/42/1381,no,inherited from federal
us-ut,SSI-F-USC-1381,federal,statute,PRESENT,2026-06-20-ssi-title-xvi-title-42-r2026-07-15-self-contained-r2026-07-17-dedup,us/statute/42/1381,no,inherited from federal
us-va,SSI-F-USC-1381,federal,statute,PRESENT,2026-06-20-ssi-title-xvi-title-42-r2026-07-15-self-contained-r2026-07-17-dedup,us/statute/42/1381,no,inherited from federal
us-vt,SSI-F-USC-1381,federal,statute,PRESENT,2026-06-20-ssi-title-xvi-title-42-r2026-07-15-self-contained-r2026-07-17-dedup,us/statute/42/1381,no,inherited from federal
us-wa,SSI-F-USC-1381,federal,statute,PRESENT,2026-06-20-ssi-title-xvi-title-42-r2026-07-15-self-contained-r2026-07-17-dedup,us/statute/42/1381,no,inherited from federal
us-wi,SSI-F-USC-1381,federal,statute,PRESENT,2026-06-20-ssi-title-xvi-title-42-r2026-07-15-self-contained-r2026-07-17-dedup,us/statute/42/1381,no,inherited from federal
us-wv,SSI-F-USC-1381,federal,statute,PRESENT,2026-06-20-ssi-title-xvi-title-42-r2026-07-15-self-contained-r2026-07-17-dedup,us/statute/42/1381,no,inherited from federal
us-wy,SSI-F-USC-1381,federal,statute,PRESENT,2026-06-20-ssi-title-xvi-title-42-r2026-07-15-self-contained-r2026-07-17-dedup,us/statute/42/1381,no,inherited from federal
us,SSI-F-USC-1381a,federal,statute,EXTRACTABLE,,,no,"uscode.house.gov Title 42 ch. 7 subch. XVI (same publisher as the held 2026-06-20 Title XVI scope, which stops at 1382j)"
us-ak,SSI-F-USC-1381a,federal,statute,EXTRACTABLE,,,no,inherited from federal
us-al,SSI-F-USC-1381a,federal,statute,EXTRACTABLE,,,no,inherited from federal
us-ar,SSI-F-USC-1381a,federal,statute,EXTRACTABLE,,,no,inherited from federal
us-az,SSI-F-USC-1381a,federal,statute,EXTRACTABLE,,,no,inherited from federal
us-ca,SSI-F-USC-1381a,federal,statute,EXTRACTABLE,,,no,inherited from federal
us-co,SSI-F-USC-1381a,federal,statute,EXTRACTABLE,,,no,inherited from federal
us-ct,SSI-F-USC-1381a,federal,statute,EXTRACTABLE,,,no,inherited from federal
us-dc,SSI-F-USC-1381a,federal,statute,EXTRACTABLE,,,no,inherited from federal
us-de,SSI-F-USC-1381a,federal,statute,EXTRACTABLE,,,no,inherited from federal
us-fl,SSI-F-USC-1381a,federal,statute,EXTRACTABLE,,,no,inherited from federal
us-ga,SSI-F-USC-1381a,federal,statute,EXTRACTABLE,,,no,inherited from federal
us-hi,SSI-F-USC-1381a,federal,statute,EXTRACTABLE,,,no,inherited from federal
us-ia,SSI-F-USC-1381a,federal,statute,EXTRACTABLE,,,no,inherited from federal
us-id,SSI-F-USC-1381a,federal,statute,EXTRACTABLE,,,no,inherited from federal
us-il,SSI-F-USC-1381a,federal,statute,EXTRACTABLE,,,no,inherited from federal
us-in,SSI-F-USC-1381a,federal,statute,EXTRACTABLE,,,no,inherited from federal
us-ks,SSI-F-USC-1381a,federal,statute,EXTRACTABLE,,,no,inherited from federal
us-ky,SSI-F-USC-1381a,federal,statute,EXTRACTABLE,,,no,inherited from federal
us-la,SSI-F-USC-1381a,federal,statute,EXTRACTABLE,,,no,inherited from federal
us-ma,SSI-F-USC-1381a,federal,statute,EXTRACTABLE,,,no,inherited from federal
us-md,SSI-F-USC-1381a,federal,statute,EXTRACTABLE,,,no,inherited from federal
us-me,SSI-F-USC-1381a,federal,statute,EXTRACTABLE,,,no,inherited from federal
us-mi,SSI-F-USC-1381a,federal,statute,EXTRACTABLE,,,no,inherited from federal
us-mn,SSI-F-USC-1381a,federal,statute,EXTRACTABLE,,,no,inherited from federal
us-mo,SSI-F-USC-1381a,federal,statute,EXTRACTABLE,,,no,inherited from federal
us-ms,SSI-F-USC-1381a,federal,statute,EXTRACTABLE,,,no,inherited from federal
us-mt,SSI-F-USC-1381a,federal,statute,EXTRACTABLE,,,no,inherited from federal
us-nc,SSI-F-USC-1381a,federal,statute,EXTRACTABLE,,,no,inherited from federal
us-nd,SSI-F-USC-1381a,federal,statute,EXTRACTABLE,,,no,inherited from federal
us-ne,SSI-F-USC-1381a,federal,statute,EXTRACTABLE,,,no,inherited from federal
us-nh,SSI-F-USC-1381a,federal,statute,EXTRACTABLE,,,no,inherited from federal
us-nj,SSI-F-USC-1381a,federal,statute,EXTRACTABLE,,,no,inherited from federal
us-nm,SSI-F-USC-1381a,federal,statute,EXTRACTABLE,,,no,inherited from federal
us-nv,SSI-F-USC-1381a,federal,statute,EXTRACTABLE,,,no,inherited from federal
us-ny,SSI-F-USC-1381a,federal,statute,EXTRACTABLE,,,no,inherited from federal
us-oh,SSI-F-USC-1381a,federal,statute,EXTRACTABLE,,,no,inherited from federal
us-ok,SSI-F-USC-1381a,federal,statute,EXTRACTABLE,,,no,inherited from federal
us-or,SSI-F-USC-1381a,federal,statute,EXTRACTABLE,,,no,inherited from federal
us-pa,SSI-F-USC-1381a,federal,statute,EXTRACTABLE,,,no,inherited from federal
us-ri,SSI-F-USC-1381a,federal,statute,EXTRACTABLE,,,no,inherited from federal
us-sc,SSI-F-USC-1381a,federal,statute,EXTRACTABLE,,,no,inherited from federal
us-sd,SSI-F-USC-1381a,federal,statute,EXTRACTABLE,,,no,inherited from federal
us-tn,SSI-F-USC-1381a,federal,statute,EXTRACTABLE,,,no,inherited from federal
us-tx,SSI-F-USC-1381a,federal,statute,EXTRACTABLE,,,no,inherited from federal
us-ut,SSI-F-USC-1381a,federal,statute,EXTRACTABLE,,,no,inherited from federal
us-va,SSI-F-USC-1381a,federal,statute,EXTRACTABLE,,,no,inherited from federal
us-vt,SSI-F-USC-1381a,federal,statute,EXTRACTABLE,,,no,inherited from federal
us-wa,SSI-F-USC-1381a,federal,statute,EXTRACTABLE,,,no,inherited from federal
us-wi,SSI-F-USC-1381a,federal,statute,EXTRACTABLE,,,no,inherited from federal
us-wv,SSI-F-USC-1381a,federal,statute,EXTRACTABLE,,,no,inherited from federal
us-wy,SSI-F-USC-1381a,federal,statute,EXTRACTABLE,,,no,inherited from federal
us,SSI-F-USC-1382,federal,statute,PRESENT,2026-06-20-ssi-title-xvi-title-42-r2026-07-15-self-contained-r2026-07-17-dedup,us/statute/42/1382,yes,39 rows in the Title XVI scope; subsection bodies opened (e.g. 1382/a/1)
us-ak,SSI-F-USC-1382,federal,statute,PRESENT,2026-06-20-ssi-title-xvi-title-42-r2026-07-15-self-contained-r2026-07-17-dedup,us/statute/42/1382,yes,inherited from federal
us-al,SSI-F-USC-1382,federal,statute,PRESENT,2026-06-20-ssi-title-xvi-title-42-r2026-07-15-self-contained-r2026-07-17-dedup,us/statute/42/1382,yes,inherited from federal
us-ar,SSI-F-USC-1382,federal,statute,PRESENT,2026-06-20-ssi-title-xvi-title-42-r2026-07-15-self-contained-r2026-07-17-dedup,us/statute/42/1382,yes,inherited from federal
us-az,SSI-F-USC-1382,federal,statute,PRESENT,2026-06-20-ssi-title-xvi-title-42-r2026-07-15-self-contained-r2026-07-17-dedup,us/statute/42/1382,yes,inherited from federal
us-ca,SSI-F-USC-1382,federal,statute,PRESENT,2026-06-20-ssi-title-xvi-title-42-r2026-07-15-self-contained-r2026-07-17-dedup,us/statute/42/1382,yes,inherited from federal
us-co,SSI-F-USC-1382,federal,statute,PRESENT,2026-06-20-ssi-title-xvi-title-42-r2026-07-15-self-contained-r2026-07-17-dedup,us/statute/42/1382,yes,inherited from federal
us-ct,SSI-F-USC-1382,federal,statute,PRESENT,2026-06-20-ssi-title-xvi-title-42-r2026-07-15-self-contained-r2026-07-17-dedup,us/statute/42/1382,yes,inherited from federal
us-dc,SSI-F-USC-1382,federal,statute,PRESENT,2026-06-20-ssi-title-xvi-title-42-r2026-07-15-self-contained-r2026-07-17-dedup,us/statute/42/1382,yes,inherited from federal
us-de,SSI-F-USC-1382,federal,statute,PRESENT,2026-06-20-ssi-title-xvi-title-42-r2026-07-15-self-contained-r2026-07-17-dedup,us/statute/42/1382,yes,inherited from federal
us-fl,SSI-F-USC-1382,federal,statute,PRESENT,2026-06-20-ssi-title-xvi-title-42-r2026-07-15-self-contained-r2026-07-17-dedup,us/statute/42/1382,yes,inherited from federal
us-ga,SSI-F-USC-1382,federal,statute,PRESENT,2026-06-20-ssi-title-xvi-title-42-r2026-07-15-self-contained-r2026-07-17-dedup,us/statute/42/1382,yes,inherited from federal
us-hi,SSI-F-USC-1382,federal,statute,PRESENT,2026-06-20-ssi-title-xvi-title-42-r2026-07-15-self-contained-r2026-07-17-dedup,us/statute/42/1382,yes,inherited from federal
us-ia,SSI-F-USC-1382,federal,statute,PRESENT,2026-06-20-ssi-title-xvi-title-42-r2026-07-15-self-contained-r2026-07-17-dedup,us/statute/42/1382,yes,inherited from federal
us-id,SSI-F-USC-1382,federal,statute,PRESENT,2026-06-20-ssi-title-xvi-title-42-r2026-07-15-self-contained-r2026-07-17-dedup,us/statute/42/1382,yes,inherited from federal
us-il,SSI-F-USC-1382,federal,statute,PRESENT,2026-06-20-ssi-title-xvi-title-42-r2026-07-15-self-contained-r2026-07-17-dedup,us/statute/42/1382,yes,inherited from federal
us-in,SSI-F-USC-1382,federal,statute,PRESENT,2026-06-20-ssi-title-xvi-title-42-r2026-07-15-self-contained-r2026-07-17-dedup,us/statute/42/1382,yes,inherited from federal
us-ks,SSI-F-USC-1382,federal,statute,PRESENT,2026-06-20-ssi-title-xvi-title-42-r2026-07-15-self-contained-r2026-07-17-dedup,us/statute/42/1382,yes,inherited from federal
us-ky,SSI-F-USC-1382,federal,statute,PRESENT,2026-06-20-ssi-title-xvi-title-42-r2026-07-15-self-contained-r2026-07-17-dedup,us/statute/42/1382,yes,inherited from federal
us-la,SSI-F-USC-1382,federal,statute,PRESENT,2026-06-20-ssi-title-xvi-title-42-r2026-07-15-self-contained-r2026-07-17-dedup,us/statute/42/1382,yes,inherited from federal
us-ma,SSI-F-USC-1382,federal,statute,PRESENT,2026-06-20-ssi-title-xvi-title-42-r2026-07-15-self-contained-r2026-07-17-dedup,us/statute/42/1382,yes,inherited from federal
us-md,SSI-F-USC-1382,federal,statute,PRESENT,2026-06-20-ssi-title-xvi-title-42-r2026-07-15-self-contained-r2026-07-17-dedup,us/statute/42/1382,yes,inherited from federal
us-me,SSI-F-USC-1382,federal,statute,PRESENT,2026-06-20-ssi-title-xvi-title-42-r2026-07-15-self-contained-r2026-07-17-dedup,us/statute/42/1382,yes,inherited from federal
us-mi,SSI-F-USC-1382,federal,statute,PRESENT,2026-06-20-ssi-title-xvi-title-42-r2026-07-15-self-contained-r2026-07-17-dedup,us/statute/42/1382,yes,inherited from federal
us-mn,SSI-F-USC-1382,federal,statute,PRESENT,2026-06-20-ssi-title-xvi-title-42-r2026-07-15-self-contained-r2026-07-17-dedup,us/statute/42/1382,yes,inherited from federal
us-mo,SSI-F-USC-1382,federal,statute,PRESENT,2026-06-20-ssi-title-xvi-title-42-r2026-07-15-self-contained-r2026-07-17-dedup,us/statute/42/1382,yes,inherited from federal
us-ms,SSI-F-USC-1382,federal,statute,PRESENT,2026-06-20-ssi-title-xvi-title-42-r2026-07-15-self-contained-r2026-07-17-dedup,us/statute/42/1382,yes,inherited from federal
us-mt,SSI-F-USC-1382,federal,statute,PRESENT,2026-06-20-ssi-title-xvi-title-42-r2026-07-15-self-contained-r2026-07-17-dedup,us/statute/42/1382,yes,inherited from federal
us-nc,SSI-F-USC-1382,federal,statute,PRESENT,2026-06-20-ssi-title-xvi-title-42-r2026-07-15-self-contained-r2026-07-17-dedup,us/statute/42/1382,yes,inherited from federal
us-nd,SSI-F-USC-1382,federal,statute,PRESENT,2026-06-20-ssi-title-xvi-title-42-r2026-07-15-self-contained-r2026-07-17-dedup,us/statute/42/1382,yes,inherited from federal
us-ne,SSI-F-USC-1382,federal,statute,PRESENT,2026-06-20-ssi-title-xvi-title-42-r2026-07-15-self-contained-r2026-07-17-dedup,us/statute/42/1382,yes,inherited from federal
us-nh,SSI-F-USC-1382,federal,statute,PRESENT,2026-06-20-ssi-title-xvi-title-42-r2026-07-15-self-contained-r2026-07-17-dedup,us/statute/42/1382,yes,inherited from federal
us-nj,SSI-F-USC-1382,federal,statute,PRESENT,2026-06-20-ssi-title-xvi-title-42-r2026-07-15-self-contained-r2026-07-17-dedup,us/statute/42/1382,yes,inherited from federal
us-nm,SSI-F-USC-1382,federal,statute,PRESENT,2026-06-20-ssi-title-xvi-title-42-r2026-07-15-self-contained-r2026-07-17-dedup,us/statute/42/1382,yes,inherited from federal
us-nv,SSI-F-USC-1382,federal,statute,PRESENT,2026-06-20-ssi-title-xvi-title-42-r2026-07-15-self-contained-r2026-07-17-dedup,us/statute/42/1382,yes,inherited from federal
us-ny,SSI-F-USC-1382,federal,statute,PRESENT,2026-06-20-ssi-title-xvi-title-42-r2026-07-15-self-contained-r2026-07-17-dedup,us/statute/42/1382,yes,inherited from federal
us-oh,SSI-F-USC-1382,federal,statute,PRESENT,2026-06-20-ssi-title-xvi-title-42-r2026-07-15-self-contained-r2026-07-17-dedup,us/statute/42/1382,yes,inherited from federal
us-ok,SSI-F-USC-1382,federal,statute,PRESENT,2026-06-20-ssi-title-xvi-title-42-r2026-07-15-self-contained-r2026-07-17-dedup,us/statute/42/1382,yes,inherited from federal
us-or,SSI-F-USC-1382,federal,statute,PRESENT,2026-06-20-ssi-title-xvi-title-42-r2026-07-15-self-contained-r2026-07-17-dedup,us/statute/42/1382,yes,inherited from federal
us-pa,SSI-F-USC-1382,federal,statute,PRESENT,2026-06-20-ssi-title-xvi-title-42-r2026-07-15-self-contained-r2026-07-17-dedup,us/statute/42/1382,yes,inherited from federal
us-ri,SSI-F-USC-1382,federal,statute,PRESENT,2026-06-20-ssi-title-xvi-title-42-r2026-07-15-self-contained-r2026-07-17-dedup,us/statute/42/1382,yes,inherited from federal
us-sc,SSI-F-USC-1382,federal,statute,PRESENT,2026-06-20-ssi-title-xvi-title-42-r2026-07-15-self-contained-r2026-07-17-dedup,us/statute/42/1382,yes,inherited from federal
us-sd,SSI-F-USC-1382,federal,statute,PRESENT,2026-06-20-ssi-title-xvi-title-42-r2026-07-15-self-contained-r2026-07-17-dedup,us/statute/42/1382,yes,inherited from federal
us-tn,SSI-F-USC-1382,federal,statute,PRESENT,2026-06-20-ssi-title-xvi-title-42-r2026-07-15-self-contained-r2026-07-17-dedup,us/statute/42/1382,yes,inherited from federal
us-tx,SSI-F-USC-1382,federal,statute,PRESENT,2026-06-20-ssi-title-xvi-title-42-r2026-07-15-self-contained-r2026-07-17-dedup,us/statute/42/1382,yes,inherited from federal
us-ut,SSI-F-USC-1382,federal,statute,PRESENT,2026-06-20-ssi-title-xvi-title-42-r2026-07-15-self-contained-r2026-07-17-dedup,us/statute/42/1382,yes,inherited from federal
us-va,SSI-F-USC-1382,federal,statute,PRESENT,2026-06-20-ssi-title-xvi-title-42-r2026-07-15-self-contained-r2026-07-17-dedup,us/statute/42/1382,yes,inherited from federal
us-vt,SSI-F-USC-1382,federal,statute,PRESENT,2026-06-20-ssi-title-xvi-title-42-r2026-07-15-self-contained-r2026-07-17-dedup,us/statute/42/1382,yes,inherited from federal
us-wa,SSI-F-USC-1382,federal,statute,PRESENT,2026-06-20-ssi-title-xvi-title-42-r2026-07-15-self-contained-r2026-07-17-dedup,us/statute/42/1382,yes,inherited from federal
us-wi,SSI-F-USC-1382,federal,statute,PRESENT,2026-06-20-ssi-title-xvi-title-42-r2026-07-15-self-contained-r2026-07-17-dedup,us/statute/42/1382,yes,inherited from federal
us-wv,SSI-F-USC-1382,federal,statute,PRESENT,2026-06-20-ssi-title-xvi-title-42-r2026-07-15-self-contained-r2026-07-17-dedup,us/statute/42/1382,yes,inherited from federal
us-wy,SSI-F-USC-1382,federal,statute,PRESENT,2026-06-20-ssi-title-xvi-title-42-r2026-07-15-self-contained-r2026-07-17-dedup,us/statute/42/1382,yes,inherited from federal
us,SSI-F-USC-1382a,federal,statute,PRESENT,2026-06-20-ssi-title-xvi-title-42-r2026-07-15-self-contained-r2026-07-17-dedup,us/statute/42/1382a,yes,31 rows in the Title XVI scope; subsection bodies opened (e.g. 1382/a/1)
us-ak,SSI-F-USC-1382a,federal,statute,PRESENT,2026-06-20-ssi-title-xvi-title-42-r2026-07-15-self-contained-r2026-07-17-dedup,us/statute/42/1382a,yes,inherited from federal
us-al,SSI-F-USC-1382a,federal,statute,PRESENT,2026-06-20-ssi-title-xvi-title-42-r2026-07-15-self-contained-r2026-07-17-dedup,us/statute/42/1382a,yes,inherited from federal
us-ar,SSI-F-USC-1382a,federal,statute,PRESENT,2026-06-20-ssi-title-xvi-title-42-r2026-07-15-self-contained-r2026-07-17-dedup,us/statute/42/1382a,yes,inherited from federal
us-az,SSI-F-USC-1382a,federal,statute,PRESENT,2026-06-20-ssi-title-xvi-title-42-r2026-07-15-self-contained-r2026-07-17-dedup,us/statute/42/1382a,yes,inherited from federal
us-ca,SSI-F-USC-1382a,federal,statute,PRESENT,2026-06-20-ssi-title-xvi-title-42-r2026-07-15-self-contained-r2026-07-17-dedup,us/statute/42/1382a,yes,inherited from federal
us-co,SSI-F-USC-1382a,federal,statute,PRESENT,2026-06-20-ssi-title-xvi-title-42-r2026-07-15-self-contained-r2026-07-17-dedup,us/statute/42/1382a,yes,inherited from federal
us-ct,SSI-F-USC-1382a,federal,statute,PRESENT,2026-06-20-ssi-title-xvi-title-42-r2026-07-15-self-contained-r2026-07-17-dedup,us/statute/42/1382a,yes,inherited from federal
us-dc,SSI-F-USC-1382a,federal,statute,PRESENT,2026-06-20-ssi-title-xvi-title-42-r2026-07-15-self-contained-r2026-07-17-dedup,us/statute/42/1382a,yes,inherited from federal
us-de,SSI-F-USC-1382a,federal,statute,PRESENT,2026-06-20-ssi-title-xvi-title-42-r2026-07-15-self-contained-r2026-07-17-dedup,us/statute/42/1382a,yes,inherited from federal
us-fl,SSI-F-USC-1382a,federal,statute,PRESENT,2026-06-20-ssi-title-xvi-title-42-r2026-07-15-self-contained-r2026-07-17-dedup,us/statute/42/1382a,yes,inherited from federal
us-ga,SSI-F-USC-1382a,federal,statute,PRESENT,2026-06-20-ssi-title-xvi-title-42-r2026-07-15-self-contained-r2026-07-17-dedup,us/statute/42/1382a,yes,inherited from federal
us-hi,SSI-F-USC-1382a,federal,statute,PRESENT,2026-06-20-ssi-title-xvi-title-42-r2026-07-15-self-contained-r2026-07-17-dedup,us/statute/42/1382a,yes,inherited from federal
us-ia,SSI-F-USC-1382a,federal,statute,PRESENT,2026-06-20-ssi-title-xvi-title-42-r2026-07-15-self-contained-r2026-07-17-dedup,us/statute/42/1382a,yes,inherited from federal
us-id,SSI-F-USC-1382a,federal,statute,PRESENT,2026-06-20-ssi-title-xvi-title-42-r2026-07-15-self-contained-r2026-07-17-dedup,us/statute/42/1382a,yes,inherited from federal
us-il,SSI-F-USC-1382a,federal,statute,PRESENT,2026-06-20-ssi-title-xvi-title-42-r2026-07-15-self-contained-r2026-07-17-dedup,us/statute/42/1382a,yes,inherited from federal
us-in,SSI-F-USC-1382a,federal,statute,PRESENT,2026-06-20-ssi-title-xvi-title-42-r2026-07-15-self-contained-r2026-07-17-dedup,us/statute/42/1382a,yes,inherited from federal
us-ks,SSI-F-USC-1382a,federal,statute,PRESENT,2026-06-20-ssi-title-xvi-title-42-r2026-07-15-self-contained-r2026-07-17-dedup,us/statute/42/1382a,yes,inherited from federal
us-ky,SSI-F-USC-1382a,federal,statute,PRESENT,2026-06-20-ssi-title-xvi-title-42-r2026-07-15-self-contained-r2026-07-17-dedup,us/statute/42/1382a,yes,inherited from federal
us-la,SSI-F-USC-1382a,federal,statute,PRESENT,2026-06-20-ssi-title-xvi-title-42-r2026-07-15-self-contained-r2026-07-17-dedup,us/statute/42/1382a,yes,inherited from federal
us-ma,SSI-F-USC-1382a,federal,statute,PRESENT,2026-06-20-ssi-title-xvi-title-42-r2026-07-15-self-contained-r2026-07-17-dedup,us/statute/42/1382a,yes,inherited from federal
us-md,SSI-F-USC-1382a,federal,statute,PRESENT,2026-06-20-ssi-title-xvi-title-42-r2026-07-15-self-contained-r2026-07-17-dedup,us/statute/42/1382a,yes,inherited from federal
us-me,SSI-F-USC-1382a,federal,statute,PRESENT,2026-06-20-ssi-title-xvi-title-42-r2026-07-15-self-contained-r2026-07-17-dedup,us/statute/42/1382a,yes,inherited from federal
us-mi,SSI-F-USC-1382a,federal,statute,PRESENT,2026-06-20-ssi-title-xvi-title-42-r2026-07-15-self-contained-r2026-07-17-dedup,us/statute/42/1382a,yes,inherited from federal
us-mn,SSI-F-USC-1382a,federal,statute,PRESENT,2026-06-20-ssi-title-xvi-title-42-r2026-07-15-self-contained-r2026-07-17-dedup,us/statute/42/1382a,yes,inherited from federal
us-mo,SSI-F-USC-1382a,federal,statute,PRESENT,2026-06-20-ssi-title-xvi-title-42-r2026-07-15-self-contained-r2026-07-17-dedup,us/statute/42/1382a,yes,inherited from federal
us-ms,SSI-F-USC-1382a,federal,statute,PRESENT,2026-06-20-ssi-title-xvi-title-42-r2026-07-15-self-contained-r2026-07-17-dedup,us/statute/42/1382a,yes,inherited from federal
us-mt,SSI-F-USC-1382a,federal,statute,PRESENT,2026-06-20-ssi-title-xvi-title-42-r2026-07-15-self-contained-r2026-07-17-dedup,us/statute/42/1382a,yes,inherited from federal
us-nc,SSI-F-USC-1382a,federal,statute,PRESENT,2026-06-20-ssi-title-xvi-title-42-r2026-07-15-self-contained-r2026-07-17-dedup,us/statute/42/1382a,yes,inherited from federal
us-nd,SSI-F-USC-1382a,federal,statute,PRESENT,2026-06-20-ssi-title-xvi-title-42-r2026-07-15-self-contained-r2026-07-17-dedup,us/statute/42/1382a,yes,inherited from federal
us-ne,SSI-F-USC-1382a,federal,statute,PRESENT,2026-06-20-ssi-title-xvi-title-42-r2026-07-15-self-contained-r2026-07-17-dedup,us/statute/42/1382a,yes,inherited from federal
us-nh,SSI-F-USC-1382a,federal,statute,PRESENT,2026-06-20-ssi-title-xvi-title-42-r2026-07-15-self-contained-r2026-07-17-dedup,us/statute/42/1382a,yes,inherited from federal
us-nj,SSI-F-USC-1382a,federal,statute,PRESENT,2026-06-20-ssi-title-xvi-title-42-r2026-07-15-self-contained-r2026-07-17-dedup,us/statute/42/1382a,yes,inherited from federal
us-nm,SSI-F-USC-1382a,federal,statute,PRESENT,2026-06-20-ssi-title-xvi-title-42-r2026-07-15-self-contained-r2026-07-17-dedup,us/statute/42/1382a,yes,inherited from federal
us-nv,SSI-F-USC-1382a,federal,statute,PRESENT,2026-06-20-ssi-title-xvi-title-42-r2026-07-15-self-contained-r2026-07-17-dedup,us/statute/42/1382a,yes,inherited from federal
us-ny,SSI-F-USC-1382a,federal,statute,PRESENT,2026-06-20-ssi-title-xvi-title-42-r2026-07-15-self-contained-r2026-07-17-dedup,us/statute/42/1382a,yes,inherited from federal
us-oh,SSI-F-USC-1382a,federal,statute,PRESENT,2026-06-20-ssi-title-xvi-title-42-r2026-07-15-self-contained-r2026-07-17-dedup,us/statute/42/1382a,yes,inherited from federal
us-ok,SSI-F-USC-1382a,federal,statute,PRESENT,2026-06-20-ssi-title-xvi-title-42-r2026-07-15-self-contained-r2026-07-17-dedup,us/statute/42/1382a,yes,inherited from federal
us-or,SSI-F-USC-1382a,federal,statute,PRESENT,2026-06-20-ssi-title-xvi-title-42-r2026-07-15-self-contained-r2026-07-17-dedup,us/statute/42/1382a,yes,inherited from federal
us-pa,SSI-F-USC-1382a,federal,statute,PRESENT,2026-06-20-ssi-title-xvi-title-42-r2026-07-15-self-contained-r2026-07-17-dedup,us/statute/42/1382a,yes,inherited from federal
us-ri,SSI-F-USC-1382a,federal,statute,PRESENT,2026-06-20-ssi-title-xvi-title-42-r2026-07-15-self-contained-r2026-07-17-dedup,us/statute/42/1382a,yes,inherited from federal
us-sc,SSI-F-USC-1382a,federal,statute,PRESENT,2026-06-20-ssi-title-xvi-title-42-r2026-07-15-self-contained-r2026-07-17-dedup,us/statute/42/1382a,yes,inherited from federal
us-sd,SSI-F-USC-1382a,federal,statute,PRESENT,2026-06-20-ssi-title-xvi-title-42-r2026-07-15-self-contained-r2026-07-17-dedup,us/statute/42/1382a,yes,inherited from federal
us-tn,SSI-F-USC-1382a,federal,statute,PRESENT,2026-06-20-ssi-title-xvi-title-42-r2026-07-15-self-contained-r2026-07-17-dedup,us/statute/42/1382a,yes,inherited from federal
us-tx,SSI-F-USC-1382a,federal,statute,PRESENT,2026-06-20-ssi-title-xvi-title-42-r2026-07-15-self-contained-r2026-07-17-dedup,us/statute/42/1382a,yes,inherited from federal
us-ut,SSI-F-USC-1382a,federal,statute,PRESENT,2026-06-20-ssi-title-xvi-title-42-r2026-07-15-self-contained-r2026-07-17-dedup,us/statute/42/1382a,yes,inherited from federal
us-va,SSI-F-USC-1382a,federal,statute,PRESENT,2026-06-20-ssi-title-xvi-title-42-r2026-07-15-self-contained-r2026-07-17-dedup,us/statute/42/1382a,yes,inherited from federal
us-vt,SSI-F-USC-1382a,federal,statute,PRESENT,2026-06-20-ssi-title-xvi-title-42-r2026-07-15-self-contained-r2026-07-17-dedup,us/statute/42/1382a,yes,inherited from federal
us-wa,SSI-F-USC-1382a,federal,statute,PRESENT,2026-06-20-ssi-title-xvi-title-42-r2026-07-15-self-contained-r2026-07-17-dedup,us/statute/42/1382a,yes,inherited from federal
us-wi,SSI-F-USC-1382a,federal,statute,PRESENT,2026-06-20-ssi-title-xvi-title-42-r2026-07-15-self-contained-r2026-07-17-dedup,us/statute/42/1382a,yes,inherited from federal
us-wv,SSI-F-USC-1382a,federal,statute,PRESENT,2026-06-20-ssi-title-xvi-title-42-r2026-07-15-self-contained-r2026-07-17-dedup,us/statute/42/1382a,yes,inherited from federal
us-wy,SSI-F-USC-1382a,federal,statute,PRESENT,2026-06-20-ssi-title-xvi-title-42-r2026-07-15-self-contained-r2026-07-17-dedup,us/statute/42/1382a,yes,inherited from federal
us,SSI-F-USC-1382b,federal,statute,PRESENT,2026-06-20-ssi-title-xvi-title-42-r2026-07-15-self-contained-r2026-07-17-dedup,us/statute/42/1382b,partial,37 rows in the Title XVI scope; subsection bodies opened (e.g. 1382/a/1)
us-ak,SSI-F-USC-1382b,federal,statute,PRESENT,2026-06-20-ssi-title-xvi-title-42-r2026-07-15-self-contained-r2026-07-17-dedup,us/statute/42/1382b,partial,inherited from federal
us-al,SSI-F-USC-1382b,federal,statute,PRESENT,2026-06-20-ssi-title-xvi-title-42-r2026-07-15-self-contained-r2026-07-17-dedup,us/statute/42/1382b,partial,inherited from federal
us-ar,SSI-F-USC-1382b,federal,statute,PRESENT,2026-06-20-ssi-title-xvi-title-42-r2026-07-15-self-contained-r2026-07-17-dedup,us/statute/42/1382b,partial,inherited from federal
us-az,SSI-F-USC-1382b,federal,statute,PRESENT,2026-06-20-ssi-title-xvi-title-42-r2026-07-15-self-contained-r2026-07-17-dedup,us/statute/42/1382b,partial,inherited from federal
us-ca,SSI-F-USC-1382b,federal,statute,PRESENT,2026-06-20-ssi-title-xvi-title-42-r2026-07-15-self-contained-r2026-07-17-dedup,us/statute/42/1382b,partial,inherited from federal
us-co,SSI-F-USC-1382b,federal,statute,PRESENT,2026-06-20-ssi-title-xvi-title-42-r2026-07-15-self-contained-r2026-07-17-dedup,us/statute/42/1382b,partial,inherited from federal
us-ct,SSI-F-USC-1382b,federal,statute,PRESENT,2026-06-20-ssi-title-xvi-title-42-r2026-07-15-self-contained-r2026-07-17-dedup,us/statute/42/1382b,partial,inherited from federal
us-dc,SSI-F-USC-1382b,federal,statute,PRESENT,2026-06-20-ssi-title-xvi-title-42-r2026-07-15-self-contained-r2026-07-17-dedup,us/statute/42/1382b,partial,inherited from federal
us-de,SSI-F-USC-1382b,federal,statute,PRESENT,2026-06-20-ssi-title-xvi-title-42-r2026-07-15-self-contained-r2026-07-17-dedup,us/statute/42/1382b,partial,inherited from federal
us-fl,SSI-F-USC-1382b,federal,statute,PRESENT,2026-06-20-ssi-title-xvi-title-42-r2026-07-15-self-contained-r2026-07-17-dedup,us/statute/42/1382b,partial,inherited from federal
us-ga,SSI-F-USC-1382b,federal,statute,PRESENT,2026-06-20-ssi-title-xvi-title-42-r2026-07-15-self-contained-r2026-07-17-dedup,us/statute/42/1382b,partial,inherited from federal
us-hi,SSI-F-USC-1382b,federal,statute,PRESENT,2026-06-20-ssi-title-xvi-title-42-r2026-07-15-self-contained-r2026-07-17-dedup,us/statute/42/1382b,partial,inherited from federal
us-ia,SSI-F-USC-1382b,federal,statute,PRESENT,2026-06-20-ssi-title-xvi-title-42-r2026-07-15-self-contained-r2026-07-17-dedup,us/statute/42/1382b,partial,inherited from federal
us-id,SSI-F-USC-1382b,federal,statute,PRESENT,2026-06-20-ssi-title-xvi-title-42-r2026-07-15-self-contained-r2026-07-17-dedup,us/statute/42/1382b,partial,inherited from federal
us-il,SSI-F-USC-1382b,federal,statute,PRESENT,2026-06-20-ssi-title-xvi-title-42-r2026-07-15-self-contained-r2026-07-17-dedup,us/statute/42/1382b,partial,inherited from federal
us-in,SSI-F-USC-1382b,federal,statute,PRESENT,2026-06-20-ssi-title-xvi-title-42-r2026-07-15-self-contained-r2026-07-17-dedup,us/statute/42/1382b,partial,inherited from federal
us-ks,SSI-F-USC-1382b,federal,statute,PRESENT,2026-06-20-ssi-title-xvi-title-42-r2026-07-15-self-contained-r2026-07-17-dedup,us/statute/42/1382b,partial,inherited from federal
us-ky,SSI-F-USC-1382b,federal,statute,PRESENT,2026-06-20-ssi-title-xvi-title-42-r2026-07-15-self-contained-r2026-07-17-dedup,us/statute/42/1382b,partial,inherited from federal
us-la,SSI-F-USC-1382b,federal,statute,PRESENT,2026-06-20-ssi-title-xvi-title-42-r2026-07-15-self-contained-r2026-07-17-dedup,us/statute/42/1382b,partial,inherited from federal
us-ma,SSI-F-USC-1382b,federal,statute,PRESENT,2026-06-20-ssi-title-xvi-title-42-r2026-07-15-self-contained-r2026-07-17-dedup,us/statute/42/1382b,partial,inherited from federal
us-md,SSI-F-USC-1382b,federal,statute,PRESENT,2026-06-20-ssi-title-xvi-title-42-r2026-07-15-self-contained-r2026-07-17-dedup,us/statute/42/1382b,partial,inherited from federal
us-me,SSI-F-USC-1382b,federal,statute,PRESENT,2026-06-20-ssi-title-xvi-title-42-r2026-07-15-self-contained-r2026-07-17-dedup,us/statute/42/1382b,partial,inherited from federal
us-mi,SSI-F-USC-1382b,federal,statute,PRESENT,2026-06-20-ssi-title-xvi-title-42-r2026-07-15-self-contained-r2026-07-17-dedup,us/statute/42/1382b,partial,inherited from federal
us-mn,SSI-F-USC-1382b,federal,statute,PRESENT,2026-06-20-ssi-title-xvi-title-42-r2026-07-15-self-contained-r2026-07-17-dedup,us/statute/42/1382b,partial,inherited from federal
us-mo,SSI-F-USC-1382b,federal,statute,PRESENT,2026-06-20-ssi-title-xvi-title-42-r2026-07-15-self-contained-r2026-07-17-dedup,us/statute/42/1382b,partial,inherited from federal
us-ms,SSI-F-USC-1382b,federal,statute,PRESENT,2026-06-20-ssi-title-xvi-title-42-r2026-07-15-self-contained-r2026-07-17-dedup,us/statute/42/1382b,partial,inherited from federal
us-mt,SSI-F-USC-1382b,federal,statute,PRESENT,2026-06-20-ssi-title-xvi-title-42-r2026-07-15-self-contained-r2026-07-17-dedup,us/statute/42/1382b,partial,inherited from federal
us-nc,SSI-F-USC-1382b,federal,statute,PRESENT,2026-06-20-ssi-title-xvi-title-42-r2026-07-15-self-contained-r2026-07-17-dedup,us/statute/42/1382b,partial,inherited from federal
us-nd,SSI-F-USC-1382b,federal,statute,PRESENT,2026-06-20-ssi-title-xvi-title-42-r2026-07-15-self-contained-r2026-07-17-dedup,us/statute/42/1382b,partial,inherited from federal
us-ne,SSI-F-USC-1382b,federal,statute,PRESENT,2026-06-20-ssi-title-xvi-title-42-r2026-07-15-self-contained-r2026-07-17-dedup,us/statute/42/1382b,partial,inherited from federal
us-nh,SSI-F-USC-1382b,federal,statute,PRESENT,2026-06-20-ssi-title-xvi-title-42-r2026-07-15-self-contained-r2026-07-17-dedup,us/statute/42/1382b,partial,inherited from federal
us-nj,SSI-F-USC-1382b,federal,statute,PRESENT,2026-06-20-ssi-title-xvi-title-42-r2026-07-15-self-contained-r2026-07-17-dedup,us/statute/42/1382b,partial,inherited from federal
us-nm,SSI-F-USC-1382b,federal,statute,PRESENT,2026-06-20-ssi-title-xvi-title-42-r2026-07-15-self-contained-r2026-07-17-dedup,us/statute/42/1382b,partial,inherited from federal
us-nv,SSI-F-USC-1382b,federal,statute,PRESENT,2026-06-20-ssi-title-xvi-title-42-r2026-07-15-self-contained-r2026-07-17-dedup,us/statute/42/1382b,partial,inherited from federal
us-ny,SSI-F-USC-1382b,federal,statute,PRESENT,2026-06-20-ssi-title-xvi-title-42-r2026-07-15-self-contained-r2026-07-17-dedup,us/statute/42/1382b,partial,inherited from federal
us-oh,SSI-F-USC-1382b,federal,statute,PRESENT,2026-06-20-ssi-title-xvi-title-42-r2026-07-15-self-contained-r2026-07-17-dedup,us/statute/42/1382b,partial,inherited from federal
us-ok,SSI-F-USC-1382b,federal,statute,PRESENT,2026-06-20-ssi-title-xvi-title-42-r2026-07-15-self-contained-r2026-07-17-dedup,us/statute/42/1382b,partial,inherited from federal
us-or,SSI-F-USC-1382b,federal,statute,PRESENT,2026-06-20-ssi-title-xvi-title-42-r2026-07-15-self-contained-r2026-07-17-dedup,us/statute/42/1382b,partial,inherited from federal
us-pa,SSI-F-USC-1382b,federal,statute,PRESENT,2026-06-20-ssi-title-xvi-title-42-r2026-07-15-self-contained-r2026-07-17-dedup,us/statute/42/1382b,partial,inherited from federal
us-ri,SSI-F-USC-1382b,federal,statute,PRESENT,2026-06-20-ssi-title-xvi-title-42-r2026-07-15-self-contained-r2026-07-17-dedup,us/statute/42/1382b,partial,inherited from federal
us-sc,SSI-F-USC-1382b,federal,statute,PRESENT,2026-06-20-ssi-title-xvi-title-42-r2026-07-15-self-contained-r2026-07-17-dedup,us/statute/42/1382b,partial,inherited from federal
us-sd,SSI-F-USC-1382b,federal,statute,PRESENT,2026-06-20-ssi-title-xvi-title-42-r2026-07-15-self-contained-r2026-07-17-dedup,us/statute/42/1382b,partial,inherited from federal
us-tn,SSI-F-USC-1382b,federal,statute,PRESENT,2026-06-20-ssi-title-xvi-title-42-r2026-07-15-self-contained-r2026-07-17-dedup,us/statute/42/1382b,partial,inherited from federal
us-tx,SSI-F-USC-1382b,federal,statute,PRESENT,2026-06-20-ssi-title-xvi-title-42-r2026-07-15-self-contained-r2026-07-17-dedup,us/statute/42/1382b,partial,inherited from federal
us-ut,SSI-F-USC-1382b,federal,statute,PRESENT,2026-06-20-ssi-title-xvi-title-42-r2026-07-15-self-contained-r2026-07-17-dedup,us/statute/42/1382b,partial,inherited from federal
us-va,SSI-F-USC-1382b,federal,statute,PRESENT,2026-06-20-ssi-title-xvi-title-42-r2026-07-15-self-contained-r2026-07-17-dedup,us/statute/42/1382b,partial,inherited from federal
us-vt,SSI-F-USC-1382b,federal,statute,PRESENT,2026-06-20-ssi-title-xvi-title-42-r2026-07-15-self-contained-r2026-07-17-dedup,us/statute/42/1382b,partial,inherited from federal
us-wa,SSI-F-USC-1382b,federal,statute,PRESENT,2026-06-20-ssi-title-xvi-title-42-r2026-07-15-self-contained-r2026-07-17-dedup,us/statute/42/1382b,partial,inherited from federal
us-wi,SSI-F-USC-1382b,federal,statute,PRESENT,2026-06-20-ssi-title-xvi-title-42-r2026-07-15-self-contained-r2026-07-17-dedup,us/statute/42/1382b,partial,inherited from federal
us-wv,SSI-F-USC-1382b,federal,statute,PRESENT,2026-06-20-ssi-title-xvi-title-42-r2026-07-15-self-contained-r2026-07-17-dedup,us/statute/42/1382b,partial,inherited from federal
us-wy,SSI-F-USC-1382b,federal,statute,PRESENT,2026-06-20-ssi-title-xvi-title-42-r2026-07-15-self-contained-r2026-07-17-dedup,us/statute/42/1382b,partial,inherited from federal
us,SSI-F-USC-1382c,federal,statute,PRESENT,2026-06-20-ssi-title-xvi-title-42-r2026-07-15-self-contained-r2026-07-17-dedup,us/statute/42/1382c,partial,17 rows in the Title XVI scope; subsection bodies opened (e.g. 1382/a/1)
us-ak,SSI-F-USC-1382c,federal,statute,PRESENT,2026-06-20-ssi-title-xvi-title-42-r2026-07-15-self-contained-r2026-07-17-dedup,us/statute/42/1382c,partial,inherited from federal
us-al,SSI-F-USC-1382c,federal,statute,PRESENT,2026-06-20-ssi-title-xvi-title-42-r2026-07-15-self-contained-r2026-07-17-dedup,us/statute/42/1382c,partial,inherited from federal
us-ar,SSI-F-USC-1382c,federal,statute,PRESENT,2026-06-20-ssi-title-xvi-title-42-r2026-07-15-self-contained-r2026-07-17-dedup,us/statute/42/1382c,partial,inherited from federal
us-az,SSI-F-USC-1382c,federal,statute,PRESENT,2026-06-20-ssi-title-xvi-title-42-r2026-07-15-self-contained-r2026-07-17-dedup,us/statute/42/1382c,partial,inherited from federal
us-ca,SSI-F-USC-1382c,federal,statute,PRESENT,2026-06-20-ssi-title-xvi-title-42-r2026-07-15-self-contained-r2026-07-17-dedup,us/statute/42/1382c,partial,inherited from federal
us-co,SSI-F-USC-1382c,federal,statute,PRESENT,2026-06-20-ssi-title-xvi-title-42-r2026-07-15-self-contained-r2026-07-17-dedup,us/statute/42/1382c,partial,inherited from federal
us-ct,SSI-F-USC-1382c,federal,statute,PRESENT,2026-06-20-ssi-title-xvi-title-42-r2026-07-15-self-contained-r2026-07-17-dedup,us/statute/42/1382c,partial,inherited from federal
us-dc,SSI-F-USC-1382c,federal,statute,PRESENT,2026-06-20-ssi-title-xvi-title-42-r2026-07-15-self-contained-r2026-07-17-dedup,us/statute/42/1382c,partial,inherited from federal
us-de,SSI-F-USC-1382c,federal,statute,PRESENT,2026-06-20-ssi-title-xvi-title-42-r2026-07-15-self-contained-r2026-07-17-dedup,us/statute/42/1382c,partial,inherited from federal
us-fl,SSI-F-USC-1382c,federal,statute,PRESENT,2026-06-20-ssi-title-xvi-title-42-r2026-07-15-self-contained-r2026-07-17-dedup,us/statute/42/1382c,partial,inherited from federal
us-ga,SSI-F-USC-1382c,federal,statute,PRESENT,2026-06-20-ssi-title-xvi-title-42-r2026-07-15-self-contained-r2026-07-17-dedup,us/statute/42/1382c,partial,inherited from federal
us-hi,SSI-F-USC-1382c,federal,statute,PRESENT,2026-06-20-ssi-title-xvi-title-42-r2026-07-15-self-contained-r2026-07-17-dedup,us/statute/42/1382c,partial,inherited from federal
us-ia,SSI-F-USC-1382c,federal,statute,PRESENT,2026-06-20-ssi-title-xvi-title-42-r2026-07-15-self-contained-r2026-07-17-dedup,us/statute/42/1382c,partial,inherited from federal
us-id,SSI-F-USC-1382c,federal,statute,PRESENT,2026-06-20-ssi-title-xvi-title-42-r2026-07-15-self-contained-r2026-07-17-dedup,us/statute/42/1382c,partial,inherited from federal
us-il,SSI-F-USC-1382c,federal,statute,PRESENT,2026-06-20-ssi-title-xvi-title-42-r2026-07-15-self-contained-r2026-07-17-dedup,us/statute/42/1382c,partial,inherited from federal
us-in,SSI-F-USC-1382c,federal,statute,PRESENT,2026-06-20-ssi-title-xvi-title-42-r2026-07-15-self-contained-r2026-07-17-dedup,us/statute/42/1382c,partial,inherited from federal
us-ks,SSI-F-USC-1382c,federal,statute,PRESENT,2026-06-20-ssi-title-xvi-title-42-r2026-07-15-self-contained-r2026-07-17-dedup,us/statute/42/1382c,partial,inherited from federal
us-ky,SSI-F-USC-1382c,federal,statute,PRESENT,2026-06-20-ssi-title-xvi-title-42-r2026-07-15-self-contained-r2026-07-17-dedup,us/statute/42/1382c,partial,inherited from federal
us-la,SSI-F-USC-1382c,federal,statute,PRESENT,2026-06-20-ssi-title-xvi-title-42-r2026-07-15-self-contained-r2026-07-17-dedup,us/statute/42/1382c,partial,inherited from federal
us-ma,SSI-F-USC-1382c,federal,statute,PRESENT,2026-06-20-ssi-title-xvi-title-42-r2026-07-15-self-contained-r2026-07-17-dedup,us/statute/42/1382c,partial,inherited from federal
us-md,SSI-F-USC-1382c,federal,statute,PRESENT,2026-06-20-ssi-title-xvi-title-42-r2026-07-15-self-contained-r2026-07-17-dedup,us/statute/42/1382c,partial,inherited from federal
us-me,SSI-F-USC-1382c,federal,statute,PRESENT,2026-06-20-ssi-title-xvi-title-42-r2026-07-15-self-contained-r2026-07-17-dedup,us/statute/42/1382c,partial,inherited from federal
us-mi,SSI-F-USC-1382c,federal,statute,PRESENT,2026-06-20-ssi-title-xvi-title-42-r2026-07-15-self-contained-r2026-07-17-dedup,us/statute/42/1382c,partial,inherited from federal
us-mn,SSI-F-USC-1382c,federal,statute,PRESENT,2026-06-20-ssi-title-xvi-title-42-r2026-07-15-self-contained-r2026-07-17-dedup,us/statute/42/1382c,partial,inherited from federal
us-mo,SSI-F-USC-1382c,federal,statute,PRESENT,2026-06-20-ssi-title-xvi-title-42-r2026-07-15-self-contained-r2026-07-17-dedup,us/statute/42/1382c,partial,inherited from federal
us-ms,SSI-F-USC-1382c,federal,statute,PRESENT,2026-06-20-ssi-title-xvi-title-42-r2026-07-15-self-contained-r2026-07-17-dedup,us/statute/42/1382c,partial,inherited from federal
us-mt,SSI-F-USC-1382c,federal,statute,PRESENT,2026-06-20-ssi-title-xvi-title-42-r2026-07-15-self-contained-r2026-07-17-dedup,us/statute/42/1382c,partial,inherited from federal
us-nc,SSI-F-USC-1382c,federal,statute,PRESENT,2026-06-20-ssi-title-xvi-title-42-r2026-07-15-self-contained-r2026-07-17-dedup,us/statute/42/1382c,partial,inherited from federal
us-nd,SSI-F-USC-1382c,federal,statute,PRESENT,2026-06-20-ssi-title-xvi-title-42-r2026-07-15-self-contained-r2026-07-17-dedup,us/statute/42/1382c,partial,inherited from federal
us-ne,SSI-F-USC-1382c,federal,statute,PRESENT,2026-06-20-ssi-title-xvi-title-42-r2026-07-15-self-contained-r2026-07-17-dedup,us/statute/42/1382c,partial,inherited from federal
us-nh,SSI-F-USC-1382c,federal,statute,PRESENT,2026-06-20-ssi-title-xvi-title-42-r2026-07-15-self-contained-r2026-07-17-dedup,us/statute/42/1382c,partial,inherited from federal
us-nj,SSI-F-USC-1382c,federal,statute,PRESENT,2026-06-20-ssi-title-xvi-title-42-r2026-07-15-self-contained-r2026-07-17-dedup,us/statute/42/1382c,partial,inherited from federal
us-nm,SSI-F-USC-1382c,federal,statute,PRESENT,2026-06-20-ssi-title-xvi-title-42-r2026-07-15-self-contained-r2026-07-17-dedup,us/statute/42/1382c,partial,inherited from federal
us-nv,SSI-F-USC-1382c,federal,statute,PRESENT,2026-06-20-ssi-title-xvi-title-42-r2026-07-15-self-contained-r2026-07-17-dedup,us/statute/42/1382c,partial,inherited from federal
us-ny,SSI-F-USC-1382c,federal,statute,PRESENT,2026-06-20-ssi-title-xvi-title-42-r2026-07-15-self-contained-r2026-07-17-dedup,us/statute/42/1382c,partial,inherited from federal
us-oh,SSI-F-USC-1382c,federal,statute,PRESENT,2026-06-20-ssi-title-xvi-title-42-r2026-07-15-self-contained-r2026-07-17-dedup,us/statute/42/1382c,partial,inherited from federal
us-ok,SSI-F-USC-1382c,federal,statute,PRESENT,2026-06-20-ssi-title-xvi-title-42-r2026-07-15-self-contained-r2026-07-17-dedup,us/statute/42/1382c,partial,inherited from federal
us-or,SSI-F-USC-1382c,federal,statute,PRESENT,2026-06-20-ssi-title-xvi-title-42-r2026-07-15-self-contained-r2026-07-17-dedup,us/statute/42/1382c,partial,inherited from federal
us-pa,SSI-F-USC-1382c,federal,statute,PRESENT,2026-06-20-ssi-title-xvi-title-42-r2026-07-15-self-contained-r2026-07-17-dedup,us/statute/42/1382c,partial,inherited from federal
us-ri,SSI-F-USC-1382c,federal,statute,PRESENT,2026-06-20-ssi-title-xvi-title-42-r2026-07-15-self-contained-r2026-07-17-dedup,us/statute/42/1382c,partial,inherited from federal
us-sc,SSI-F-USC-1382c,federal,statute,PRESENT,2026-06-20-ssi-title-xvi-title-42-r2026-07-15-self-contained-r2026-07-17-dedup,us/statute/42/1382c,partial,inherited from federal
us-sd,SSI-F-USC-1382c,federal,statute,PRESENT,2026-06-20-ssi-title-xvi-title-42-r2026-07-15-self-contained-r2026-07-17-dedup,us/statute/42/1382c,partial,inherited from federal
us-tn,SSI-F-USC-1382c,federal,statute,PRESENT,2026-06-20-ssi-title-xvi-title-42-r2026-07-15-self-contained-r2026-07-17-dedup,us/statute/42/1382c,partial,inherited from federal
us-tx,SSI-F-USC-1382c,federal,statute,PRESENT,2026-06-20-ssi-title-xvi-title-42-r2026-07-15-self-contained-r2026-07-17-dedup,us/statute/42/1382c,partial,inherited from federal
us-ut,SSI-F-USC-1382c,federal,statute,PRESENT,2026-06-20-ssi-title-xvi-title-42-r2026-07-15-self-contained-r2026-07-17-dedup,us/statute/42/1382c,partial,inherited from federal
us-va,SSI-F-USC-1382c,federal,statute,PRESENT,2026-06-20-ssi-title-xvi-title-42-r2026-07-15-self-contained-r2026-07-17-dedup,us/statute/42/1382c,partial,inherited from federal
us-vt,SSI-F-USC-1382c,federal,statute,PRESENT,2026-06-20-ssi-title-xvi-title-42-r2026-07-15-self-contained-r2026-07-17-dedup,us/statute/42/1382c,partial,inherited from federal
us-wa,SSI-F-USC-1382c,federal,statute,PRESENT,2026-06-20-ssi-title-xvi-title-42-r2026-07-15-self-contained-r2026-07-17-dedup,us/statute/42/1382c,partial,inherited from federal
us-wi,SSI-F-USC-1382c,federal,statute,PRESENT,2026-06-20-ssi-title-xvi-title-42-r2026-07-15-self-contained-r2026-07-17-dedup,us/statute/42/1382c,partial,inherited from federal
us-wv,SSI-F-USC-1382c,federal,statute,PRESENT,2026-06-20-ssi-title-xvi-title-42-r2026-07-15-self-contained-r2026-07-17-dedup,us/statute/42/1382c,partial,inherited from federal
us-wy,SSI-F-USC-1382c,federal,statute,PRESENT,2026-06-20-ssi-title-xvi-title-42-r2026-07-15-self-contained-r2026-07-17-dedup,us/statute/42/1382c,partial,inherited from federal
us,SSI-F-USC-1382d,federal,statute,PRESENT,2026-06-20-ssi-title-xvi-title-42-r2026-07-15-self-contained-r2026-07-17-dedup,us/statute/42/1382d,no,10 rows in the Title XVI scope; subsection bodies opened (e.g. 1382/a/1)
us-ak,SSI-F-USC-1382d,federal,statute,PRESENT,2026-06-20-ssi-title-xvi-title-42-r2026-07-15-self-contained-r2026-07-17-dedup,us/statute/42/1382d,no,inherited from federal
us-al,SSI-F-USC-1382d,federal,statute,PRESENT,2026-06-20-ssi-title-xvi-title-42-r2026-07-15-self-contained-r2026-07-17-dedup,us/statute/42/1382d,no,inherited from federal
us-ar,SSI-F-USC-1382d,federal,statute,PRESENT,2026-06-20-ssi-title-xvi-title-42-r2026-07-15-self-contained-r2026-07-17-dedup,us/statute/42/1382d,no,inherited from federal
us-az,SSI-F-USC-1382d,federal,statute,PRESENT,2026-06-20-ssi-title-xvi-title-42-r2026-07-15-self-contained-r2026-07-17-dedup,us/statute/42/1382d,no,inherited from federal
us-ca,SSI-F-USC-1382d,federal,statute,PRESENT,2026-06-20-ssi-title-xvi-title-42-r2026-07-15-self-contained-r2026-07-17-dedup,us/statute/42/1382d,no,inherited from federal
us-co,SSI-F-USC-1382d,federal,statute,PRESENT,2026-06-20-ssi-title-xvi-title-42-r2026-07-15-self-contained-r2026-07-17-dedup,us/statute/42/1382d,no,inherited from federal
us-ct,SSI-F-USC-1382d,federal,statute,PRESENT,2026-06-20-ssi-title-xvi-title-42-r2026-07-15-self-contained-r2026-07-17-dedup,us/statute/42/1382d,no,inherited from federal
us-dc,SSI-F-USC-1382d,federal,statute,PRESENT,2026-06-20-ssi-title-xvi-title-42-r2026-07-15-self-contained-r2026-07-17-dedup,us/statute/42/1382d,no,inherited from federal
us-de,SSI-F-USC-1382d,federal,statute,PRESENT,2026-06-20-ssi-title-xvi-title-42-r2026-07-15-self-contained-r2026-07-17-dedup,us/statute/42/1382d,no,inherited from federal
us-fl,SSI-F-USC-1382d,federal,statute,PRESENT,2026-06-20-ssi-title-xvi-title-42-r2026-07-15-self-contained-r2026-07-17-dedup,us/statute/42/1382d,no,inherited from federal
us-ga,SSI-F-USC-1382d,federal,statute,PRESENT,2026-06-20-ssi-title-xvi-title-42-r2026-07-15-self-contained-r2026-07-17-dedup,us/statute/42/1382d,no,inherited from federal
us-hi,SSI-F-USC-1382d,federal,statute,PRESENT,2026-06-20-ssi-title-xvi-title-42-r2026-07-15-self-contained-r2026-07-17-dedup,us/statute/42/1382d,no,inherited from federal
us-ia,SSI-F-USC-1382d,federal,statute,PRESENT,2026-06-20-ssi-title-xvi-title-42-r2026-07-15-self-contained-r2026-07-17-dedup,us/statute/42/1382d,no,inherited from federal
us-id,SSI-F-USC-1382d,federal,statute,PRESENT,2026-06-20-ssi-title-xvi-title-42-r2026-07-15-self-contained-r2026-07-17-dedup,us/statute/42/1382d,no,inherited from federal
us-il,SSI-F-USC-1382d,federal,statute,PRESENT,2026-06-20-ssi-title-xvi-title-42-r2026-07-15-self-contained-r2026-07-17-dedup,us/statute/42/1382d,no,inherited from federal
us-in,SSI-F-USC-1382d,federal,statute,PRESENT,2026-06-20-ssi-title-xvi-title-42-r2026-07-15-self-contained-r2026-07-17-dedup,us/statute/42/1382d,no,inherited from federal
us-ks,SSI-F-USC-1382d,federal,statute,PRESENT,2026-06-20-ssi-title-xvi-title-42-r2026-07-15-self-contained-r2026-07-17-dedup,us/statute/42/1382d,no,inherited from federal
us-ky,SSI-F-USC-1382d,federal,statute,PRESENT,2026-06-20-ssi-title-xvi-title-42-r2026-07-15-self-contained-r2026-07-17-dedup,us/statute/42/1382d,no,inherited from federal
us-la,SSI-F-USC-1382d,federal,statute,PRESENT,2026-06-20-ssi-title-xvi-title-42-r2026-07-15-self-contained-r2026-07-17-dedup,us/statute/42/1382d,no,inherited from federal
us-ma,SSI-F-USC-1382d,federal,statute,PRESENT,2026-06-20-ssi-title-xvi-title-42-r2026-07-15-self-contained-r2026-07-17-dedup,us/statute/42/1382d,no,inherited from federal
us-md,SSI-F-USC-1382d,federal,statute,PRESENT,2026-06-20-ssi-title-xvi-title-42-r2026-07-15-self-contained-r2026-07-17-dedup,us/statute/42/1382d,no,inherited from federal
us-me,SSI-F-USC-1382d,federal,statute,PRESENT,2026-06-20-ssi-title-xvi-title-42-r2026-07-15-self-contained-r2026-07-17-dedup,us/statute/42/1382d,no,inherited from federal
us-mi,SSI-F-USC-1382d,federal,statute,PRESENT,2026-06-20-ssi-title-xvi-title-42-r2026-07-15-self-contained-r2026-07-17-dedup,us/statute/42/1382d,no,inherited from federal
us-mn,SSI-F-USC-1382d,federal,statute,PRESENT,2026-06-20-ssi-title-xvi-title-42-r2026-07-15-self-contained-r2026-07-17-dedup,us/statute/42/1382d,no,inherited from federal
us-mo,SSI-F-USC-1382d,federal,statute,PRESENT,2026-06-20-ssi-title-xvi-title-42-r2026-07-15-self-contained-r2026-07-17-dedup,us/statute/42/1382d,no,inherited from federal
us-ms,SSI-F-USC-1382d,federal,statute,PRESENT,2026-06-20-ssi-title-xvi-title-42-r2026-07-15-self-contained-r2026-07-17-dedup,us/statute/42/1382d,no,inherited from federal
us-mt,SSI-F-USC-1382d,federal,statute,PRESENT,2026-06-20-ssi-title-xvi-title-42-r2026-07-15-self-contained-r2026-07-17-dedup,us/statute/42/1382d,no,inherited from federal
us-nc,SSI-F-USC-1382d,federal,statute,PRESENT,2026-06-20-ssi-title-xvi-title-42-r2026-07-15-self-contained-r2026-07-17-dedup,us/statute/42/1382d,no,inherited from federal
us-nd,SSI-F-USC-1382d,federal,statute,PRESENT,2026-06-20-ssi-title-xvi-title-42-r2026-07-15-self-contained-r2026-07-17-dedup,us/statute/42/1382d,no,inherited from federal
us-ne,SSI-F-USC-1382d,federal,statute,PRESENT,2026-06-20-ssi-title-xvi-title-42-r2026-07-15-self-contained-r2026-07-17-dedup,us/statute/42/1382d,no,inherited from federal
us-nh,SSI-F-USC-1382d,federal,statute,PRESENT,2026-06-20-ssi-title-xvi-title-42-r2026-07-15-self-contained-r2026-07-17-dedup,us/statute/42/1382d,no,inherited from federal
us-nj,SSI-F-USC-1382d,federal,statute,PRESENT,2026-06-20-ssi-title-xvi-title-42-r2026-07-15-self-contained-r2026-07-17-dedup,us/statute/42/1382d,no,inherited from federal
us-nm,SSI-F-USC-1382d,federal,statute,PRESENT,2026-06-20-ssi-title-xvi-title-42-r2026-07-15-self-contained-r2026-07-17-dedup,us/statute/42/1382d,no,inherited from federal
us-nv,SSI-F-USC-1382d,federal,statute,PRESENT,2026-06-20-ssi-title-xvi-title-42-r2026-07-15-self-contained-r2026-07-17-dedup,us/statute/42/1382d,no,inherited from federal
us-ny,SSI-F-USC-1382d,federal,statute,PRESENT,2026-06-20-ssi-title-xvi-title-42-r2026-07-15-self-contained-r2026-07-17-dedup,us/statute/42/1382d,no,inherited from federal
us-oh,SSI-F-USC-1382d,federal,statute,PRESENT,2026-06-20-ssi-title-xvi-title-42-r2026-07-15-self-contained-r2026-07-17-dedup,us/statute/42/1382d,no,inherited from federal
us-ok,SSI-F-USC-1382d,federal,statute,PRESENT,2026-06-20-ssi-title-xvi-title-42-r2026-07-15-self-contained-r2026-07-17-dedup,us/statute/42/1382d,no,inherited from federal
us-or,SSI-F-USC-1382d,federal,statute,PRESENT,2026-06-20-ssi-title-xvi-title-42-r2026-07-15-self-contained-r2026-07-17-dedup,us/statute/42/1382d,no,inherited from federal
us-pa,SSI-F-USC-1382d,federal,statute,PRESENT,2026-06-20-ssi-title-xvi-title-42-r2026-07-15-self-contained-r2026-07-17-dedup,us/statute/42/1382d,no,inherited from federal
us-ri,SSI-F-USC-1382d,federal,statute,PRESENT,2026-06-20-ssi-title-xvi-title-42-r2026-07-15-self-contained-r2026-07-17-dedup,us/statute/42/1382d,no,inherited from federal
us-sc,SSI-F-USC-1382d,federal,statute,PRESENT,2026-06-20-ssi-title-xvi-title-42-r2026-07-15-self-contained-r2026-07-17-dedup,us/statute/42/1382d,no,inherited from federal
us-sd,SSI-F-USC-1382d,federal,statute,PRESENT,2026-06-20-ssi-title-xvi-title-42-r2026-07-15-self-contained-r2026-07-17-dedup,us/statute/42/1382d,no,inherited from federal
us-tn,SSI-F-USC-1382d,federal,statute,PRESENT,2026-06-20-ssi-title-xvi-title-42-r2026-07-15-self-contained-r2026-07-17-dedup,us/statute/42/1382d,no,inherited from federal
us-tx,SSI-F-USC-1382d,federal,statute,PRESENT,2026-06-20-ssi-title-xvi-title-42-r2026-07-15-self-contained-r2026-07-17-dedup,us/statute/42/1382d,no,inherited from federal
us-ut,SSI-F-USC-1382d,federal,statute,PRESENT,2026-06-20-ssi-title-xvi-title-42-r2026-07-15-self-contained-r2026-07-17-dedup,us/statute/42/1382d,no,inherited from federal
us-va,SSI-F-USC-1382d,federal,statute,PRESENT,2026-06-20-ssi-title-xvi-title-42-r2026-07-15-self-contained-r2026-07-17-dedup,us/statute/42/1382d,no,inherited from federal
us-vt,SSI-F-USC-1382d,federal,statute,PRESENT,2026-06-20-ssi-title-xvi-title-42-r2026-07-15-self-contained-r2026-07-17-dedup,us/statute/42/1382d,no,inherited from federal
us-wa,SSI-F-USC-1382d,federal,statute,PRESENT,2026-06-20-ssi-title-xvi-title-42-r2026-07-15-self-contained-r2026-07-17-dedup,us/statute/42/1382d,no,inherited from federal
us-wi,SSI-F-USC-1382d,federal,statute,PRESENT,2026-06-20-ssi-title-xvi-title-42-r2026-07-15-self-contained-r2026-07-17-dedup,us/statute/42/1382d,no,inherited from federal
us-wv,SSI-F-USC-1382d,federal,statute,PRESENT,2026-06-20-ssi-title-xvi-title-42-r2026-07-15-self-contained-r2026-07-17-dedup,us/statute/42/1382d,no,inherited from federal
us-wy,SSI-F-USC-1382d,federal,statute,PRESENT,2026-06-20-ssi-title-xvi-title-42-r2026-07-15-self-contained-r2026-07-17-dedup,us/statute/42/1382d,no,inherited from federal
us,SSI-F-USC-1382e,federal,statute,PRESENT,2026-06-20-ssi-title-xvi-title-42-r2026-07-15-self-contained-r2026-07-17-dedup,us/statute/42/1382e,partial,20 rows in the Title XVI scope; subsection bodies opened (e.g. 1382/a/1)
us-ak,SSI-F-USC-1382e,federal,statute,PRESENT,2026-06-20-ssi-title-xvi-title-42-r2026-07-15-self-contained-r2026-07-17-dedup,us/statute/42/1382e,partial,inherited from federal
us-al,SSI-F-USC-1382e,federal,statute,PRESENT,2026-06-20-ssi-title-xvi-title-42-r2026-07-15-self-contained-r2026-07-17-dedup,us/statute/42/1382e,partial,inherited from federal
us-ar,SSI-F-USC-1382e,federal,statute,PRESENT,2026-06-20-ssi-title-xvi-title-42-r2026-07-15-self-contained-r2026-07-17-dedup,us/statute/42/1382e,partial,inherited from federal
us-az,SSI-F-USC-1382e,federal,statute,PRESENT,2026-06-20-ssi-title-xvi-title-42-r2026-07-15-self-contained-r2026-07-17-dedup,us/statute/42/1382e,partial,inherited from federal
us-ca,SSI-F-USC-1382e,federal,statute,PRESENT,2026-06-20-ssi-title-xvi-title-42-r2026-07-15-self-contained-r2026-07-17-dedup,us/statute/42/1382e,partial,inherited from federal
us-co,SSI-F-USC-1382e,federal,statute,PRESENT,2026-06-20-ssi-title-xvi-title-42-r2026-07-15-self-contained-r2026-07-17-dedup,us/statute/42/1382e,partial,inherited from federal
us-ct,SSI-F-USC-1382e,federal,statute,PRESENT,2026-06-20-ssi-title-xvi-title-42-r2026-07-15-self-contained-r2026-07-17-dedup,us/statute/42/1382e,partial,inherited from federal
us-dc,SSI-F-USC-1382e,federal,statute,PRESENT,2026-06-20-ssi-title-xvi-title-42-r2026-07-15-self-contained-r2026-07-17-dedup,us/statute/42/1382e,partial,inherited from federal
us-de,SSI-F-USC-1382e,federal,statute,PRESENT,2026-06-20-ssi-title-xvi-title-42-r2026-07-15-self-contained-r2026-07-17-dedup,us/statute/42/1382e,partial,inherited from federal
us-fl,SSI-F-USC-1382e,federal,statute,PRESENT,2026-06-20-ssi-title-xvi-title-42-r2026-07-15-self-contained-r2026-07-17-dedup,us/statute/42/1382e,partial,inherited from federal
us-ga,SSI-F-USC-1382e,federal,statute,PRESENT,2026-06-20-ssi-title-xvi-title-42-r2026-07-15-self-contained-r2026-07-17-dedup,us/statute/42/1382e,partial,inherited from federal
us-hi,SSI-F-USC-1382e,federal,statute,PRESENT,2026-06-20-ssi-title-xvi-title-42-r2026-07-15-self-contained-r2026-07-17-dedup,us/statute/42/1382e,partial,inherited from federal
us-ia,SSI-F-USC-1382e,federal,statute,PRESENT,2026-06-20-ssi-title-xvi-title-42-r2026-07-15-self-contained-r2026-07-17-dedup,us/statute/42/1382e,partial,inherited from federal
us-id,SSI-F-USC-1382e,federal,statute,PRESENT,2026-06-20-ssi-title-xvi-title-42-r2026-07-15-self-contained-r2026-07-17-dedup,us/statute/42/1382e,partial,inherited from federal
us-il,SSI-F-USC-1382e,federal,statute,PRESENT,2026-06-20-ssi-title-xvi-title-42-r2026-07-15-self-contained-r2026-07-17-dedup,us/statute/42/1382e,partial,inherited from federal
us-in,SSI-F-USC-1382e,federal,statute,PRESENT,2026-06-20-ssi-title-xvi-title-42-r2026-07-15-self-contained-r2026-07-17-dedup,us/statute/42/1382e,partial,inherited from federal
us-ks,SSI-F-USC-1382e,federal,statute,PRESENT,2026-06-20-ssi-title-xvi-title-42-r2026-07-15-self-contained-r2026-07-17-dedup,us/statute/42/1382e,partial,inherited from federal
us-ky,SSI-F-USC-1382e,federal,statute,PRESENT,2026-06-20-ssi-title-xvi-title-42-r2026-07-15-self-contained-r2026-07-17-dedup,us/statute/42/1382e,partial,inherited from federal
us-la,SSI-F-USC-1382e,federal,statute,PRESENT,2026-06-20-ssi-title-xvi-title-42-r2026-07-15-self-contained-r2026-07-17-dedup,us/statute/42/1382e,partial,inherited from federal
us-ma,SSI-F-USC-1382e,federal,statute,PRESENT,2026-06-20-ssi-title-xvi-title-42-r2026-07-15-self-contained-r2026-07-17-dedup,us/statute/42/1382e,partial,inherited from federal
us-md,SSI-F-USC-1382e,federal,statute,PRESENT,2026-06-20-ssi-title-xvi-title-42-r2026-07-15-self-contained-r2026-07-17-dedup,us/statute/42/1382e,partial,inherited from federal
us-me,SSI-F-USC-1382e,federal,statute,PRESENT,2026-06-20-ssi-title-xvi-title-42-r2026-07-15-self-contained-r2026-07-17-dedup,us/statute/42/1382e,partial,inherited from federal
us-mi,SSI-F-USC-1382e,federal,statute,PRESENT,2026-06-20-ssi-title-xvi-title-42-r2026-07-15-self-contained-r2026-07-17-dedup,us/statute/42/1382e,partial,inherited from federal
us-mn,SSI-F-USC-1382e,federal,statute,PRESENT,2026-06-20-ssi-title-xvi-title-42-r2026-07-15-self-contained-r2026-07-17-dedup,us/statute/42/1382e,partial,inherited from federal
us-mo,SSI-F-USC-1382e,federal,statute,PRESENT,2026-06-20-ssi-title-xvi-title-42-r2026-07-15-self-contained-r2026-07-17-dedup,us/statute/42/1382e,partial,inherited from federal
us-ms,SSI-F-USC-1382e,federal,statute,PRESENT,2026-06-20-ssi-title-xvi-title-42-r2026-07-15-self-contained-r2026-07-17-dedup,us/statute/42/1382e,partial,inherited from federal
us-mt,SSI-F-USC-1382e,federal,statute,PRESENT,2026-06-20-ssi-title-xvi-title-42-r2026-07-15-self-contained-r2026-07-17-dedup,us/statute/42/1382e,partial,inherited from federal
us-nc,SSI-F-USC-1382e,federal,statute,PRESENT,2026-06-20-ssi-title-xvi-title-42-r2026-07-15-self-contained-r2026-07-17-dedup,us/statute/42/1382e,partial,inherited from federal
us-nd,SSI-F-USC-1382e,federal,statute,PRESENT,2026-06-20-ssi-title-xvi-title-42-r2026-07-15-self-contained-r2026-07-17-dedup,us/statute/42/1382e,partial,inherited from federal
us-ne,SSI-F-USC-1382e,federal,statute,PRESENT,2026-06-20-ssi-title-xvi-title-42-r2026-07-15-self-contained-r2026-07-17-dedup,us/statute/42/1382e,partial,inherited from federal
us-nh,SSI-F-USC-1382e,federal,statute,PRESENT,2026-06-20-ssi-title-xvi-title-42-r2026-07-15-self-contained-r2026-07-17-dedup,us/statute/42/1382e,partial,inherited from federal
us-nj,SSI-F-USC-1382e,federal,statute,PRESENT,2026-06-20-ssi-title-xvi-title-42-r2026-07-15-self-contained-r2026-07-17-dedup,us/statute/42/1382e,partial,inherited from federal
us-nm,SSI-F-USC-1382e,federal,statute,PRESENT,2026-06-20-ssi-title-xvi-title-42-r2026-07-15-self-contained-r2026-07-17-dedup,us/statute/42/1382e,partial,inherited from federal
us-nv,SSI-F-USC-1382e,federal,statute,PRESENT,2026-06-20-ssi-title-xvi-title-42-r2026-07-15-self-contained-r2026-07-17-dedup,us/statute/42/1382e,partial,inherited from federal
us-ny,SSI-F-USC-1382e,federal,statute,PRESENT,2026-06-20-ssi-title-xvi-title-42-r2026-07-15-self-contained-r2026-07-17-dedup,us/statute/42/1382e,partial,inherited from federal
us-oh,SSI-F-USC-1382e,federal,statute,PRESENT,2026-06-20-ssi-title-xvi-title-42-r2026-07-15-self-contained-r2026-07-17-dedup,us/statute/42/1382e,partial,inherited from federal
us-ok,SSI-F-USC-1382e,federal,statute,PRESENT,2026-06-20-ssi-title-xvi-title-42-r2026-07-15-self-contained-r2026-07-17-dedup,us/statute/42/1382e,partial,inherited from federal
us-or,SSI-F-USC-1382e,federal,statute,PRESENT,2026-06-20-ssi-title-xvi-title-42-r2026-07-15-self-contained-r2026-07-17-dedup,us/statute/42/1382e,partial,inherited from federal
us-pa,SSI-F-USC-1382e,federal,statute,PRESENT,2026-06-20-ssi-title-xvi-title-42-r2026-07-15-self-contained-r2026-07-17-dedup,us/statute/42/1382e,partial,inherited from federal
us-ri,SSI-F-USC-1382e,federal,statute,PRESENT,2026-06-20-ssi-title-xvi-title-42-r2026-07-15-self-contained-r2026-07-17-dedup,us/statute/42/1382e,partial,inherited from federal
us-sc,SSI-F-USC-1382e,federal,statute,PRESENT,2026-06-20-ssi-title-xvi-title-42-r2026-07-15-self-contained-r2026-07-17-dedup,us/statute/42/1382e,partial,inherited from federal
us-sd,SSI-F-USC-1382e,federal,statute,PRESENT,2026-06-20-ssi-title-xvi-title-42-r2026-07-15-self-contained-r2026-07-17-dedup,us/statute/42/1382e,partial,inherited from federal
us-tn,SSI-F-USC-1382e,federal,statute,PRESENT,2026-06-20-ssi-title-xvi-title-42-r2026-07-15-self-contained-r2026-07-17-dedup,us/statute/42/1382e,partial,inherited from federal
us-tx,SSI-F-USC-1382e,federal,statute,PRESENT,2026-06-20-ssi-title-xvi-title-42-r2026-07-15-self-contained-r2026-07-17-dedup,us/statute/42/1382e,partial,inherited from federal
us-ut,SSI-F-USC-1382e,federal,statute,PRESENT,2026-06-20-ssi-title-xvi-title-42-r2026-07-15-self-contained-r2026-07-17-dedup,us/statute/42/1382e,partial,inherited from federal
us-va,SSI-F-USC-1382e,federal,statute,PRESENT,2026-06-20-ssi-title-xvi-title-42-r2026-07-15-self-contained-r2026-07-17-dedup,us/statute/42/1382e,partial,inherited from federal
us-vt,SSI-F-USC-1382e,federal,statute,PRESENT,2026-06-20-ssi-title-xvi-title-42-r2026-07-15-self-contained-r2026-07-17-dedup,us/statute/42/1382e,partial,inherited from federal
us-wa,SSI-F-USC-1382e,federal,statute,PRESENT,2026-06-20-ssi-title-xvi-title-42-r2026-07-15-self-contained-r2026-07-17-dedup,us/statute/42/1382e,partial,inherited from federal
us-wi,SSI-F-USC-1382e,federal,statute,PRESENT,2026-06-20-ssi-title-xvi-title-42-r2026-07-15-self-contained-r2026-07-17-dedup,us/statute/42/1382e,partial,inherited from federal
us-wv,SSI-F-USC-1382e,federal,statute,PRESENT,2026-06-20-ssi-title-xvi-title-42-r2026-07-15-self-contained-r2026-07-17-dedup,us/statute/42/1382e,partial,inherited from federal
us-wy,SSI-F-USC-1382e,federal,statute,PRESENT,2026-06-20-ssi-title-xvi-title-42-r2026-07-15-self-contained-r2026-07-17-dedup,us/statute/42/1382e,partial,inherited from federal
us,SSI-F-USC-1382f,federal,statute,PRESENT,2026-06-20-ssi-title-xvi-title-42-r2026-07-15-self-contained-r2026-07-17-dedup,us/statute/42/1382f,yes,8 rows in the Title XVI scope; subsection bodies opened (e.g. 1382/a/1)
us-ak,SSI-F-USC-1382f,federal,statute,PRESENT,2026-06-20-ssi-title-xvi-title-42-r2026-07-15-self-contained-r2026-07-17-dedup,us/statute/42/1382f,yes,inherited from federal
us-al,SSI-F-USC-1382f,federal,statute,PRESENT,2026-06-20-ssi-title-xvi-title-42-r2026-07-15-self-contained-r2026-07-17-dedup,us/statute/42/1382f,yes,inherited from federal
us-ar,SSI-F-USC-1382f,federal,statute,PRESENT,2026-06-20-ssi-title-xvi-title-42-r2026-07-15-self-contained-r2026-07-17-dedup,us/statute/42/1382f,yes,inherited from federal
us-az,SSI-F-USC-1382f,federal,statute,PRESENT,2026-06-20-ssi-title-xvi-title-42-r2026-07-15-self-contained-r2026-07-17-dedup,us/statute/42/1382f,yes,inherited from federal
us-ca,SSI-F-USC-1382f,federal,statute,PRESENT,2026-06-20-ssi-title-xvi-title-42-r2026-07-15-self-contained-r2026-07-17-dedup,us/statute/42/1382f,yes,inherited from federal
us-co,SSI-F-USC-1382f,federal,statute,PRESENT,2026-06-20-ssi-title-xvi-title-42-r2026-07-15-self-contained-r2026-07-17-dedup,us/statute/42/1382f,yes,inherited from federal
us-ct,SSI-F-USC-1382f,federal,statute,PRESENT,2026-06-20-ssi-title-xvi-title-42-r2026-07-15-self-contained-r2026-07-17-dedup,us/statute/42/1382f,yes,inherited from federal
us-dc,SSI-F-USC-1382f,federal,statute,PRESENT,2026-06-20-ssi-title-xvi-title-42-r2026-07-15-self-contained-r2026-07-17-dedup,us/statute/42/1382f,yes,inherited from federal
us-de,SSI-F-USC-1382f,federal,statute,PRESENT,2026-06-20-ssi-title-xvi-title-42-r2026-07-15-self-contained-r2026-07-17-dedup,us/statute/42/1382f,yes,inherited from federal
us-fl,SSI-F-USC-1382f,federal,statute,PRESENT,2026-06-20-ssi-title-xvi-title-42-r2026-07-15-self-contained-r2026-07-17-dedup,us/statute/42/1382f,yes,inherited from federal
us-ga,SSI-F-USC-1382f,federal,statute,PRESENT,2026-06-20-ssi-title-xvi-title-42-r2026-07-15-self-contained-r2026-07-17-dedup,us/statute/42/1382f,yes,inherited from federal
us-hi,SSI-F-USC-1382f,federal,statute,PRESENT,2026-06-20-ssi-title-xvi-title-42-r2026-07-15-self-contained-r2026-07-17-dedup,us/statute/42/1382f,yes,inherited from federal
us-ia,SSI-F-USC-1382f,federal,statute,PRESENT,2026-06-20-ssi-title-xvi-title-42-r2026-07-15-self-contained-r2026-07-17-dedup,us/statute/42/1382f,yes,inherited from federal
us-id,SSI-F-USC-1382f,federal,statute,PRESENT,2026-06-20-ssi-title-xvi-title-42-r2026-07-15-self-contained-r2026-07-17-dedup,us/statute/42/1382f,yes,inherited from federal
us-il,SSI-F-USC-1382f,federal,statute,PRESENT,2026-06-20-ssi-title-xvi-title-42-r2026-07-15-self-contained-r2026-07-17-dedup,us/statute/42/1382f,yes,inherited from federal
us-in,SSI-F-USC-1382f,federal,statute,PRESENT,2026-06-20-ssi-title-xvi-title-42-r2026-07-15-self-contained-r2026-07-17-dedup,us/statute/42/1382f,yes,inherited from federal
us-ks,SSI-F-USC-1382f,federal,statute,PRESENT,2026-06-20-ssi-title-xvi-title-42-r2026-07-15-self-contained-r2026-07-17-dedup,us/statute/42/1382f,yes,inherited from federal
us-ky,SSI-F-USC-1382f,federal,statute,PRESENT,2026-06-20-ssi-title-xvi-title-42-r2026-07-15-self-contained-r2026-07-17-dedup,us/statute/42/1382f,yes,inherited from federal
us-la,SSI-F-USC-1382f,federal,statute,PRESENT,2026-06-20-ssi-title-xvi-title-42-r2026-07-15-self-contained-r2026-07-17-dedup,us/statute/42/1382f,yes,inherited from federal
us-ma,SSI-F-USC-1382f,federal,statute,PRESENT,2026-06-20-ssi-title-xvi-title-42-r2026-07-15-self-contained-r2026-07-17-dedup,us/statute/42/1382f,yes,inherited from federal
us-md,SSI-F-USC-1382f,federal,statute,PRESENT,2026-06-20-ssi-title-xvi-title-42-r2026-07-15-self-contained-r2026-07-17-dedup,us/statute/42/1382f,yes,inherited from federal
us-me,SSI-F-USC-1382f,federal,statute,PRESENT,2026-06-20-ssi-title-xvi-title-42-r2026-07-15-self-contained-r2026-07-17-dedup,us/statute/42/1382f,yes,inherited from federal
us-mi,SSI-F-USC-1382f,federal,statute,PRESENT,2026-06-20-ssi-title-xvi-title-42-r2026-07-15-self-contained-r2026-07-17-dedup,us/statute/42/1382f,yes,inherited from federal
us-mn,SSI-F-USC-1382f,federal,statute,PRESENT,2026-06-20-ssi-title-xvi-title-42-r2026-07-15-self-contained-r2026-07-17-dedup,us/statute/42/1382f,yes,inherited from federal
us-mo,SSI-F-USC-1382f,federal,statute,PRESENT,2026-06-20-ssi-title-xvi-title-42-r2026-07-15-self-contained-r2026-07-17-dedup,us/statute/42/1382f,yes,inherited from federal
us-ms,SSI-F-USC-1382f,federal,statute,PRESENT,2026-06-20-ssi-title-xvi-title-42-r2026-07-15-self-contained-r2026-07-17-dedup,us/statute/42/1382f,yes,inherited from federal
us-mt,SSI-F-USC-1382f,federal,statute,PRESENT,2026-06-20-ssi-title-xvi-title-42-r2026-07-15-self-contained-r2026-07-17-dedup,us/statute/42/1382f,yes,inherited from federal
us-nc,SSI-F-USC-1382f,federal,statute,PRESENT,2026-06-20-ssi-title-xvi-title-42-r2026-07-15-self-contained-r2026-07-17-dedup,us/statute/42/1382f,yes,inherited from federal
us-nd,SSI-F-USC-1382f,federal,statute,PRESENT,2026-06-20-ssi-title-xvi-title-42-r2026-07-15-self-contained-r2026-07-17-dedup,us/statute/42/1382f,yes,inherited from federal
us-ne,SSI-F-USC-1382f,federal,statute,PRESENT,2026-06-20-ssi-title-xvi-title-42-r2026-07-15-self-contained-r2026-07-17-dedup,us/statute/42/1382f,yes,inherited from federal
us-nh,SSI-F-USC-1382f,federal,statute,PRESENT,2026-06-20-ssi-title-xvi-title-42-r2026-07-15-self-contained-r2026-07-17-dedup,us/statute/42/1382f,yes,inherited from federal
us-nj,SSI-F-USC-1382f,federal,statute,PRESENT,2026-06-20-ssi-title-xvi-title-42-r2026-07-15-self-contained-r2026-07-17-dedup,us/statute/42/1382f,yes,inherited from federal
us-nm,SSI-F-USC-1382f,federal,statute,PRESENT,2026-06-20-ssi-title-xvi-title-42-r2026-07-15-self-contained-r2026-07-17-dedup,us/statute/42/1382f,yes,inherited from federal
us-nv,SSI-F-USC-1382f,federal,statute,PRESENT,2026-06-20-ssi-title-xvi-title-42-r2026-07-15-self-contained-r2026-07-17-dedup,us/statute/42/1382f,yes,inherited from federal
us-ny,SSI-F-USC-1382f,federal,statute,PRESENT,2026-06-20-ssi-title-xvi-title-42-r2026-07-15-self-contained-r2026-07-17-dedup,us/statute/42/1382f,yes,inherited from federal
us-oh,SSI-F-USC-1382f,federal,statute,PRESENT,2026-06-20-ssi-title-xvi-title-42-r2026-07-15-self-contained-r2026-07-17-dedup,us/statute/42/1382f,yes,inherited from federal
us-ok,SSI-F-USC-1382f,federal,statute,PRESENT,2026-06-20-ssi-title-xvi-title-42-r2026-07-15-self-contained-r2026-07-17-dedup,us/statute/42/1382f,yes,inherited from federal
us-or,SSI-F-USC-1382f,federal,statute,PRESENT,2026-06-20-ssi-title-xvi-title-42-r2026-07-15-self-contained-r2026-07-17-dedup,us/statute/42/1382f,yes,inherited from federal
us-pa,SSI-F-USC-1382f,federal,statute,PRESENT,2026-06-20-ssi-title-xvi-title-42-r2026-07-15-self-contained-r2026-07-17-dedup,us/statute/42/1382f,yes,inherited from federal
us-ri,SSI-F-USC-1382f,federal,statute,PRESENT,2026-06-20-ssi-title-xvi-title-42-r2026-07-15-self-contained-r2026-07-17-dedup,us/statute/42/1382f,yes,inherited from federal
us-sc,SSI-F-USC-1382f,federal,statute,PRESENT,2026-06-20-ssi-title-xvi-title-42-r2026-07-15-self-contained-r2026-07-17-dedup,us/statute/42/1382f,yes,inherited from federal
us-sd,SSI-F-USC-1382f,federal,statute,PRESENT,2026-06-20-ssi-title-xvi-title-42-r2026-07-15-self-contained-r2026-07-17-dedup,us/statute/42/1382f,yes,inherited from federal
us-tn,SSI-F-USC-1382f,federal,statute,PRESENT,2026-06-20-ssi-title-xvi-title-42-r2026-07-15-self-contained-r2026-07-17-dedup,us/statute/42/1382f,yes,inherited from federal
us-tx,SSI-F-USC-1382f,federal,statute,PRESENT,2026-06-20-ssi-title-xvi-title-42-r2026-07-15-self-contained-r2026-07-17-dedup,us/statute/42/1382f,yes,inherited from federal
us-ut,SSI-F-USC-1382f,federal,statute,PRESENT,2026-06-20-ssi-title-xvi-title-42-r2026-07-15-self-contained-r2026-07-17-dedup,us/statute/42/1382f,yes,inherited from federal
us-va,SSI-F-USC-1382f,federal,statute,PRESENT,2026-06-20-ssi-title-xvi-title-42-r2026-07-15-self-contained-r2026-07-17-dedup,us/statute/42/1382f,yes,inherited from federal
us-vt,SSI-F-USC-1382f,federal,statute,PRESENT,2026-06-20-ssi-title-xvi-title-42-r2026-07-15-self-contained-r2026-07-17-dedup,us/statute/42/1382f,yes,inherited from federal
us-wa,SSI-F-USC-1382f,federal,statute,PRESENT,2026-06-20-ssi-title-xvi-title-42-r2026-07-15-self-contained-r2026-07-17-dedup,us/statute/42/1382f,yes,inherited from federal
us-wi,SSI-F-USC-1382f,federal,statute,PRESENT,2026-06-20-ssi-title-xvi-title-42-r2026-07-15-self-contained-r2026-07-17-dedup,us/statute/42/1382f,yes,inherited from federal
us-wv,SSI-F-USC-1382f,federal,statute,PRESENT,2026-06-20-ssi-title-xvi-title-42-r2026-07-15-self-contained-r2026-07-17-dedup,us/statute/42/1382f,yes,inherited from federal
us-wy,SSI-F-USC-1382f,federal,statute,PRESENT,2026-06-20-ssi-title-xvi-title-42-r2026-07-15-self-contained-r2026-07-17-dedup,us/statute/42/1382f,yes,inherited from federal
us,SSI-F-USC-1382g,federal,statute,PRESENT,2026-06-20-ssi-title-xvi-title-42-r2026-07-15-self-contained-r2026-07-17-dedup,us/statute/42/1382g,partial,20 rows in the Title XVI scope; subsection bodies opened (e.g. 1382/a/1)
us-ak,SSI-F-USC-1382g,federal,statute,PRESENT,2026-06-20-ssi-title-xvi-title-42-r2026-07-15-self-contained-r2026-07-17-dedup,us/statute/42/1382g,partial,inherited from federal
us-al,SSI-F-USC-1382g,federal,statute,PRESENT,2026-06-20-ssi-title-xvi-title-42-r2026-07-15-self-contained-r2026-07-17-dedup,us/statute/42/1382g,partial,inherited from federal
us-ar,SSI-F-USC-1382g,federal,statute,PRESENT,2026-06-20-ssi-title-xvi-title-42-r2026-07-15-self-contained-r2026-07-17-dedup,us/statute/42/1382g,partial,inherited from federal
us-az,SSI-F-USC-1382g,federal,statute,PRESENT,2026-06-20-ssi-title-xvi-title-42-r2026-07-15-self-contained-r2026-07-17-dedup,us/statute/42/1382g,partial,inherited from federal
us-ca,SSI-F-USC-1382g,federal,statute,PRESENT,2026-06-20-ssi-title-xvi-title-42-r2026-07-15-self-contained-r2026-07-17-dedup,us/statute/42/1382g,partial,inherited from federal
us-co,SSI-F-USC-1382g,federal,statute,PRESENT,2026-06-20-ssi-title-xvi-title-42-r2026-07-15-self-contained-r2026-07-17-dedup,us/statute/42/1382g,partial,inherited from federal
us-ct,SSI-F-USC-1382g,federal,statute,PRESENT,2026-06-20-ssi-title-xvi-title-42-r2026-07-15-self-contained-r2026-07-17-dedup,us/statute/42/1382g,partial,inherited from federal
us-dc,SSI-F-USC-1382g,federal,statute,PRESENT,2026-06-20-ssi-title-xvi-title-42-r2026-07-15-self-contained-r2026-07-17-dedup,us/statute/42/1382g,partial,inherited from federal
us-de,SSI-F-USC-1382g,federal,statute,PRESENT,2026-06-20-ssi-title-xvi-title-42-r2026-07-15-self-contained-r2026-07-17-dedup,us/statute/42/1382g,partial,inherited from federal
us-fl,SSI-F-USC-1382g,federal,statute,PRESENT,2026-06-20-ssi-title-xvi-title-42-r2026-07-15-self-contained-r2026-07-17-dedup,us/statute/42/1382g,partial,inherited from federal
us-ga,SSI-F-USC-1382g,federal,statute,PRESENT,2026-06-20-ssi-title-xvi-title-42-r2026-07-15-self-contained-r2026-07-17-dedup,us/statute/42/1382g,partial,inherited from federal
us-hi,SSI-F-USC-1382g,federal,statute,PRESENT,2026-06-20-ssi-title-xvi-title-42-r2026-07-15-self-contained-r2026-07-17-dedup,us/statute/42/1382g,partial,inherited from federal
us-ia,SSI-F-USC-1382g,federal,statute,PRESENT,2026-06-20-ssi-title-xvi-title-42-r2026-07-15-self-contained-r2026-07-17-dedup,us/statute/42/1382g,partial,inherited from federal
us-id,SSI-F-USC-1382g,federal,statute,PRESENT,2026-06-20-ssi-title-xvi-title-42-r2026-07-15-self-contained-r2026-07-17-dedup,us/statute/42/1382g,partial,inherited from federal
us-il,SSI-F-USC-1382g,federal,statute,PRESENT,2026-06-20-ssi-title-xvi-title-42-r2026-07-15-self-contained-r2026-07-17-dedup,us/statute/42/1382g,partial,inherited from federal
us-in,SSI-F-USC-1382g,federal,statute,PRESENT,2026-06-20-ssi-title-xvi-title-42-r2026-07-15-self-contained-r2026-07-17-dedup,us/statute/42/1382g,partial,inherited from federal
us-ks,SSI-F-USC-1382g,federal,statute,PRESENT,2026-06-20-ssi-title-xvi-title-42-r2026-07-15-self-contained-r2026-07-17-dedup,us/statute/42/1382g,partial,inherited from federal
us-ky,SSI-F-USC-1382g,federal,statute,PRESENT,2026-06-20-ssi-title-xvi-title-42-r2026-07-15-self-contained-r2026-07-17-dedup,us/statute/42/1382g,partial,inherited from federal
us-la,SSI-F-USC-1382g,federal,statute,PRESENT,2026-06-20-ssi-title-xvi-title-42-r2026-07-15-self-contained-r2026-07-17-dedup,us/statute/42/1382g,partial,inherited from federal
us-ma,SSI-F-USC-1382g,federal,statute,PRESENT,2026-06-20-ssi-title-xvi-title-42-r2026-07-15-self-contained-r2026-07-17-dedup,us/statute/42/1382g,partial,inherited from federal
us-md,SSI-F-USC-1382g,federal,statute,PRESENT,2026-06-20-ssi-title-xvi-title-42-r2026-07-15-self-contained-r2026-07-17-dedup,us/statute/42/1382g,partial,inherited from federal
us-me,SSI-F-USC-1382g,federal,statute,PRESENT,2026-06-20-ssi-title-xvi-title-42-r2026-07-15-self-contained-r2026-07-17-dedup,us/statute/42/1382g,partial,inherited from federal
us-mi,SSI-F-USC-1382g,federal,statute,PRESENT,2026-06-20-ssi-title-xvi-title-42-r2026-07-15-self-contained-r2026-07-17-dedup,us/statute/42/1382g,partial,inherited from federal
us-mn,SSI-F-USC-1382g,federal,statute,PRESENT,2026-06-20-ssi-title-xvi-title-42-r2026-07-15-self-contained-r2026-07-17-dedup,us/statute/42/1382g,partial,inherited from federal
us-mo,SSI-F-USC-1382g,federal,statute,PRESENT,2026-06-20-ssi-title-xvi-title-42-r2026-07-15-self-contained-r2026-07-17-dedup,us/statute/42/1382g,partial,inherited from federal
us-ms,SSI-F-USC-1382g,federal,statute,PRESENT,2026-06-20-ssi-title-xvi-title-42-r2026-07-15-self-contained-r2026-07-17-dedup,us/statute/42/1382g,partial,inherited from federal
us-mt,SSI-F-USC-1382g,federal,statute,PRESENT,2026-06-20-ssi-title-xvi-title-42-r2026-07-15-self-contained-r2026-07-17-dedup,us/statute/42/1382g,partial,inherited from federal
us-nc,SSI-F-USC-1382g,federal,statute,PRESENT,2026-06-20-ssi-title-xvi-title-42-r2026-07-15-self-contained-r2026-07-17-dedup,us/statute/42/1382g,partial,inherited from federal
us-nd,SSI-F-USC-1382g,federal,statute,PRESENT,2026-06-20-ssi-title-xvi-title-42-r2026-07-15-self-contained-r2026-07-17-dedup,us/statute/42/1382g,partial,inherited from federal
us-ne,SSI-F-USC-1382g,federal,statute,PRESENT,2026-06-20-ssi-title-xvi-title-42-r2026-07-15-self-contained-r2026-07-17-dedup,us/statute/42/1382g,partial,inherited from federal
us-nh,SSI-F-USC-1382g,federal,statute,PRESENT,2026-06-20-ssi-title-xvi-title-42-r2026-07-15-self-contained-r2026-07-17-dedup,us/statute/42/1382g,partial,inherited from federal
us-nj,SSI-F-USC-1382g,federal,statute,PRESENT,2026-06-20-ssi-title-xvi-title-42-r2026-07-15-self-contained-r2026-07-17-dedup,us/statute/42/1382g,partial,inherited from federal
us-nm,SSI-F-USC-1382g,federal,statute,PRESENT,2026-06-20-ssi-title-xvi-title-42-r2026-07-15-self-contained-r2026-07-17-dedup,us/statute/42/1382g,partial,inherited from federal
us-nv,SSI-F-USC-1382g,federal,statute,PRESENT,2026-06-20-ssi-title-xvi-title-42-r2026-07-15-self-contained-r2026-07-17-dedup,us/statute/42/1382g,partial,inherited from federal
us-ny,SSI-F-USC-1382g,federal,statute,PRESENT,2026-06-20-ssi-title-xvi-title-42-r2026-07-15-self-contained-r2026-07-17-dedup,us/statute/42/1382g,partial,inherited from federal
us-oh,SSI-F-USC-1382g,federal,statute,PRESENT,2026-06-20-ssi-title-xvi-title-42-r2026-07-15-self-contained-r2026-07-17-dedup,us/statute/42/1382g,partial,inherited from federal
us-ok,SSI-F-USC-1382g,federal,statute,PRESENT,2026-06-20-ssi-title-xvi-title-42-r2026-07-15-self-contained-r2026-07-17-dedup,us/statute/42/1382g,partial,inherited from federal
us-or,SSI-F-USC-1382g,federal,statute,PRESENT,2026-06-20-ssi-title-xvi-title-42-r2026-07-15-self-contained-r2026-07-17-dedup,us/statute/42/1382g,partial,inherited from federal
us-pa,SSI-F-USC-1382g,federal,statute,PRESENT,2026-06-20-ssi-title-xvi-title-42-r2026-07-15-self-contained-r2026-07-17-dedup,us/statute/42/1382g,partial,inherited from federal
us-ri,SSI-F-USC-1382g,federal,statute,PRESENT,2026-06-20-ssi-title-xvi-title-42-r2026-07-15-self-contained-r2026-07-17-dedup,us/statute/42/1382g,partial,inherited from federal
us-sc,SSI-F-USC-1382g,federal,statute,PRESENT,2026-06-20-ssi-title-xvi-title-42-r2026-07-15-self-contained-r2026-07-17-dedup,us/statute/42/1382g,partial,inherited from federal
us-sd,SSI-F-USC-1382g,federal,statute,PRESENT,2026-06-20-ssi-title-xvi-title-42-r2026-07-15-self-contained-r2026-07-17-dedup,us/statute/42/1382g,partial,inherited from federal
us-tn,SSI-F-USC-1382g,federal,statute,PRESENT,2026-06-20-ssi-title-xvi-title-42-r2026-07-15-self-contained-r2026-07-17-dedup,us/statute/42/1382g,partial,inherited from federal
us-tx,SSI-F-USC-1382g,federal,statute,PRESENT,2026-06-20-ssi-title-xvi-title-42-r2026-07-15-self-contained-r2026-07-17-dedup,us/statute/42/1382g,partial,inherited from federal
us-ut,SSI-F-USC-1382g,federal,statute,PRESENT,2026-06-20-ssi-title-xvi-title-42-r2026-07-15-self-contained-r2026-07-17-dedup,us/statute/42/1382g,partial,inherited from federal
us-va,SSI-F-USC-1382g,federal,statute,PRESENT,2026-06-20-ssi-title-xvi-title-42-r2026-07-15-self-contained-r2026-07-17-dedup,us/statute/42/1382g,partial,inherited from federal
us-vt,SSI-F-USC-1382g,federal,statute,PRESENT,2026-06-20-ssi-title-xvi-title-42-r2026-07-15-self-contained-r2026-07-17-dedup,us/statute/42/1382g,partial,inherited from federal
us-wa,SSI-F-USC-1382g,federal,statute,PRESENT,2026-06-20-ssi-title-xvi-title-42-r2026-07-15-self-contained-r2026-07-17-dedup,us/statute/42/1382g,partial,inherited from federal
us-wi,SSI-F-USC-1382g,federal,statute,PRESENT,2026-06-20-ssi-title-xvi-title-42-r2026-07-15-self-contained-r2026-07-17-dedup,us/statute/42/1382g,partial,inherited from federal
us-wv,SSI-F-USC-1382g,federal,statute,PRESENT,2026-06-20-ssi-title-xvi-title-42-r2026-07-15-self-contained-r2026-07-17-dedup,us/statute/42/1382g,partial,inherited from federal
us-wy,SSI-F-USC-1382g,federal,statute,PRESENT,2026-06-20-ssi-title-xvi-title-42-r2026-07-15-self-contained-r2026-07-17-dedup,us/statute/42/1382g,partial,inherited from federal
us,SSI-F-USC-1382h,federal,statute,PRESENT,2026-06-20-ssi-title-xvi-title-42-r2026-07-15-self-contained-r2026-07-17-dedup,us/statute/42/1382h,no,10 rows in the Title XVI scope; subsection bodies opened (e.g. 1382/a/1)
us-ak,SSI-F-USC-1382h,federal,statute,PRESENT,2026-06-20-ssi-title-xvi-title-42-r2026-07-15-self-contained-r2026-07-17-dedup,us/statute/42/1382h,no,inherited from federal
us-al,SSI-F-USC-1382h,federal,statute,PRESENT,2026-06-20-ssi-title-xvi-title-42-r2026-07-15-self-contained-r2026-07-17-dedup,us/statute/42/1382h,no,inherited from federal
us-ar,SSI-F-USC-1382h,federal,statute,PRESENT,2026-06-20-ssi-title-xvi-title-42-r2026-07-15-self-contained-r2026-07-17-dedup,us/statute/42/1382h,no,inherited from federal
us-az,SSI-F-USC-1382h,federal,statute,PRESENT,2026-06-20-ssi-title-xvi-title-42-r2026-07-15-self-contained-r2026-07-17-dedup,us/statute/42/1382h,no,inherited from federal
us-ca,SSI-F-USC-1382h,federal,statute,PRESENT,2026-06-20-ssi-title-xvi-title-42-r2026-07-15-self-contained-r2026-07-17-dedup,us/statute/42/1382h,no,inherited from federal
us-co,SSI-F-USC-1382h,federal,statute,PRESENT,2026-06-20-ssi-title-xvi-title-42-r2026-07-15-self-contained-r2026-07-17-dedup,us/statute/42/1382h,no,inherited from federal
us-ct,SSI-F-USC-1382h,federal,statute,PRESENT,2026-06-20-ssi-title-xvi-title-42-r2026-07-15-self-contained-r2026-07-17-dedup,us/statute/42/1382h,no,inherited from federal
us-dc,SSI-F-USC-1382h,federal,statute,PRESENT,2026-06-20-ssi-title-xvi-title-42-r2026-07-15-self-contained-r2026-07-17-dedup,us/statute/42/1382h,no,inherited from federal
us-de,SSI-F-USC-1382h,federal,statute,PRESENT,2026-06-20-ssi-title-xvi-title-42-r2026-07-15-self-contained-r2026-07-17-dedup,us/statute/42/1382h,no,inherited from federal
us-fl,SSI-F-USC-1382h,federal,statute,PRESENT,2026-06-20-ssi-title-xvi-title-42-r2026-07-15-self-contained-r2026-07-17-dedup,us/statute/42/1382h,no,inherited from federal
us-ga,SSI-F-USC-1382h,federal,statute,PRESENT,2026-06-20-ssi-title-xvi-title-42-r2026-07-15-self-contained-r2026-07-17-dedup,us/statute/42/1382h,no,inherited from federal
us-hi,SSI-F-USC-1382h,federal,statute,PRESENT,2026-06-20-ssi-title-xvi-title-42-r2026-07-15-self-contained-r2026-07-17-dedup,us/statute/42/1382h,no,inherited from federal
us-ia,SSI-F-USC-1382h,federal,statute,PRESENT,2026-06-20-ssi-title-xvi-title-42-r2026-07-15-self-contained-r2026-07-17-dedup,us/statute/42/1382h,no,inherited from federal
us-id,SSI-F-USC-1382h,federal,statute,PRESENT,2026-06-20-ssi-title-xvi-title-42-r2026-07-15-self-contained-r2026-07-17-dedup,us/statute/42/1382h,no,inherited from federal
us-il,SSI-F-USC-1382h,federal,statute,PRESENT,2026-06-20-ssi-title-xvi-title-42-r2026-07-15-self-contained-r2026-07-17-dedup,us/statute/42/1382h,no,inherited from federal
us-in,SSI-F-USC-1382h,federal,statute,PRESENT,2026-06-20-ssi-title-xvi-title-42-r2026-07-15-self-contained-r2026-07-17-dedup,us/statute/42/1382h,no,inherited from federal
us-ks,SSI-F-USC-1382h,federal,statute,PRESENT,2026-06-20-ssi-title-xvi-title-42-r2026-07-15-self-contained-r2026-07-17-dedup,us/statute/42/1382h,no,inherited from federal
us-ky,SSI-F-USC-1382h,federal,statute,PRESENT,2026-06-20-ssi-title-xvi-title-42-r2026-07-15-self-contained-r2026-07-17-dedup,us/statute/42/1382h,no,inherited from federal
us-la,SSI-F-USC-1382h,federal,statute,PRESENT,2026-06-20-ssi-title-xvi-title-42-r2026-07-15-self-contained-r2026-07-17-dedup,us/statute/42/1382h,no,inherited from federal
us-ma,SSI-F-USC-1382h,federal,statute,PRESENT,2026-06-20-ssi-title-xvi-title-42-r2026-07-15-self-contained-r2026-07-17-dedup,us/statute/42/1382h,no,inherited from federal
us-md,SSI-F-USC-1382h,federal,statute,PRESENT,2026-06-20-ssi-title-xvi-title-42-r2026-07-15-self-contained-r2026-07-17-dedup,us/statute/42/1382h,no,inherited from federal
us-me,SSI-F-USC-1382h,federal,statute,PRESENT,2026-06-20-ssi-title-xvi-title-42-r2026-07-15-self-contained-r2026-07-17-dedup,us/statute/42/1382h,no,inherited from federal
us-mi,SSI-F-USC-1382h,federal,statute,PRESENT,2026-06-20-ssi-title-xvi-title-42-r2026-07-15-self-contained-r2026-07-17-dedup,us/statute/42/1382h,no,inherited from federal
us-mn,SSI-F-USC-1382h,federal,statute,PRESENT,2026-06-20-ssi-title-xvi-title-42-r2026-07-15-self-contained-r2026-07-17-dedup,us/statute/42/1382h,no,inherited from federal
us-mo,SSI-F-USC-1382h,federal,statute,PRESENT,2026-06-20-ssi-title-xvi-title-42-r2026-07-15-self-contained-r2026-07-17-dedup,us/statute/42/1382h,no,inherited from federal
us-ms,SSI-F-USC-1382h,federal,statute,PRESENT,2026-06-20-ssi-title-xvi-title-42-r2026-07-15-self-contained-r2026-07-17-dedup,us/statute/42/1382h,no,inherited from federal
us-mt,SSI-F-USC-1382h,federal,statute,PRESENT,2026-06-20-ssi-title-xvi-title-42-r2026-07-15-self-contained-r2026-07-17-dedup,us/statute/42/1382h,no,inherited from federal
us-nc,SSI-F-USC-1382h,federal,statute,PRESENT,2026-06-20-ssi-title-xvi-title-42-r2026-07-15-self-contained-r2026-07-17-dedup,us/statute/42/1382h,no,inherited from federal
us-nd,SSI-F-USC-1382h,federal,statute,PRESENT,2026-06-20-ssi-title-xvi-title-42-r2026-07-15-self-contained-r2026-07-17-dedup,us/statute/42/1382h,no,inherited from federal
us-ne,SSI-F-USC-1382h,federal,statute,PRESENT,2026-06-20-ssi-title-xvi-title-42-r2026-07-15-self-contained-r2026-07-17-dedup,us/statute/42/1382h,no,inherited from federal
us-nh,SSI-F-USC-1382h,federal,statute,PRESENT,2026-06-20-ssi-title-xvi-title-42-r2026-07-15-self-contained-r2026-07-17-dedup,us/statute/42/1382h,no,inherited from federal
us-nj,SSI-F-USC-1382h,federal,statute,PRESENT,2026-06-20-ssi-title-xvi-title-42-r2026-07-15-self-contained-r2026-07-17-dedup,us/statute/42/1382h,no,inherited from federal
us-nm,SSI-F-USC-1382h,federal,statute,PRESENT,2026-06-20-ssi-title-xvi-title-42-r2026-07-15-self-contained-r2026-07-17-dedup,us/statute/42/1382h,no,inherited from federal
us-nv,SSI-F-USC-1382h,federal,statute,PRESENT,2026-06-20-ssi-title-xvi-title-42-r2026-07-15-self-contained-r2026-07-17-dedup,us/statute/42/1382h,no,inherited from federal
us-ny,SSI-F-USC-1382h,federal,statute,PRESENT,2026-06-20-ssi-title-xvi-title-42-r2026-07-15-self-contained-r2026-07-17-dedup,us/statute/42/1382h,no,inherited from federal
us-oh,SSI-F-USC-1382h,federal,statute,PRESENT,2026-06-20-ssi-title-xvi-title-42-r2026-07-15-self-contained-r2026-07-17-dedup,us/statute/42/1382h,no,inherited from federal
us-ok,SSI-F-USC-1382h,federal,statute,PRESENT,2026-06-20-ssi-title-xvi-title-42-r2026-07-15-self-contained-r2026-07-17-dedup,us/statute/42/1382h,no,inherited from federal
us-or,SSI-F-USC-1382h,federal,statute,PRESENT,2026-06-20-ssi-title-xvi-title-42-r2026-07-15-self-contained-r2026-07-17-dedup,us/statute/42/1382h,no,inherited from federal
us-pa,SSI-F-USC-1382h,federal,statute,PRESENT,2026-06-20-ssi-title-xvi-title-42-r2026-07-15-self-contained-r2026-07-17-dedup,us/statute/42/1382h,no,inherited from federal
us-ri,SSI-F-USC-1382h,federal,statute,PRESENT,2026-06-20-ssi-title-xvi-title-42-r2026-07-15-self-contained-r2026-07-17-dedup,us/statute/42/1382h,no,inherited from federal
us-sc,SSI-F-USC-1382h,federal,statute,PRESENT,2026-06-20-ssi-title-xvi-title-42-r2026-07-15-self-contained-r2026-07-17-dedup,us/statute/42/1382h,no,inherited from federal
us-sd,SSI-F-USC-1382h,federal,statute,PRESENT,2026-06-20-ssi-title-xvi-title-42-r2026-07-15-self-contained-r2026-07-17-dedup,us/statute/42/1382h,no,inherited from federal
us-tn,SSI-F-USC-1382h,federal,statute,PRESENT,2026-06-20-ssi-title-xvi-title-42-r2026-07-15-self-contained-r2026-07-17-dedup,us/statute/42/1382h,no,inherited from federal
us-tx,SSI-F-USC-1382h,federal,statute,PRESENT,2026-06-20-ssi-title-xvi-title-42-r2026-07-15-self-contained-r2026-07-17-dedup,us/statute/42/1382h,no,inherited from federal
us-ut,SSI-F-USC-1382h,federal,statute,PRESENT,2026-06-20-ssi-title-xvi-title-42-r2026-07-15-self-contained-r2026-07-17-dedup,us/statute/42/1382h,no,inherited from federal
us-va,SSI-F-USC-1382h,federal,statute,PRESENT,2026-06-20-ssi-title-xvi-title-42-r2026-07-15-self-contained-r2026-07-17-dedup,us/statute/42/1382h,no,inherited from federal
us-vt,SSI-F-USC-1382h,federal,statute,PRESENT,2026-06-20-ssi-title-xvi-title-42-r2026-07-15-self-contained-r2026-07-17-dedup,us/statute/42/1382h,no,inherited from federal
us-wa,SSI-F-USC-1382h,federal,statute,PRESENT,2026-06-20-ssi-title-xvi-title-42-r2026-07-15-self-contained-r2026-07-17-dedup,us/statute/42/1382h,no,inherited from federal
us-wi,SSI-F-USC-1382h,federal,statute,PRESENT,2026-06-20-ssi-title-xvi-title-42-r2026-07-15-self-contained-r2026-07-17-dedup,us/statute/42/1382h,no,inherited from federal
us-wv,SSI-F-USC-1382h,federal,statute,PRESENT,2026-06-20-ssi-title-xvi-title-42-r2026-07-15-self-contained-r2026-07-17-dedup,us/statute/42/1382h,no,inherited from federal
us-wy,SSI-F-USC-1382h,federal,statute,PRESENT,2026-06-20-ssi-title-xvi-title-42-r2026-07-15-self-contained-r2026-07-17-dedup,us/statute/42/1382h,no,inherited from federal
us,SSI-F-USC-1382i,federal,statute,PRESENT,2026-06-20-ssi-title-xvi-title-42-r2026-07-15-self-contained-r2026-07-17-dedup,us/statute/42/1382i,no,20 rows in the Title XVI scope; subsection bodies opened (e.g. 1382/a/1)
us-ak,SSI-F-USC-1382i,federal,statute,PRESENT,2026-06-20-ssi-title-xvi-title-42-r2026-07-15-self-contained-r2026-07-17-dedup,us/statute/42/1382i,no,inherited from federal
us-al,SSI-F-USC-1382i,federal,statute,PRESENT,2026-06-20-ssi-title-xvi-title-42-r2026-07-15-self-contained-r2026-07-17-dedup,us/statute/42/1382i,no,inherited from federal
us-ar,SSI-F-USC-1382i,federal,statute,PRESENT,2026-06-20-ssi-title-xvi-title-42-r2026-07-15-self-contained-r2026-07-17-dedup,us/statute/42/1382i,no,inherited from federal
us-az,SSI-F-USC-1382i,federal,statute,PRESENT,2026-06-20-ssi-title-xvi-title-42-r2026-07-15-self-contained-r2026-07-17-dedup,us/statute/42/1382i,no,inherited from federal
us-ca,SSI-F-USC-1382i,federal,statute,PRESENT,2026-06-20-ssi-title-xvi-title-42-r2026-07-15-self-contained-r2026-07-17-dedup,us/statute/42/1382i,no,inherited from federal
us-co,SSI-F-USC-1382i,federal,statute,PRESENT,2026-06-20-ssi-title-xvi-title-42-r2026-07-15-self-contained-r2026-07-17-dedup,us/statute/42/1382i,no,inherited from federal
us-ct,SSI-F-USC-1382i,federal,statute,PRESENT,2026-06-20-ssi-title-xvi-title-42-r2026-07-15-self-contained-r2026-07-17-dedup,us/statute/42/1382i,no,inherited from federal
us-dc,SSI-F-USC-1382i,federal,statute,PRESENT,2026-06-20-ssi-title-xvi-title-42-r2026-07-15-self-contained-r2026-07-17-dedup,us/statute/42/1382i,no,inherited from federal
us-de,SSI-F-USC-1382i,federal,statute,PRESENT,2026-06-20-ssi-title-xvi-title-42-r2026-07-15-self-contained-r2026-07-17-dedup,us/statute/42/1382i,no,inherited from federal
us-fl,SSI-F-USC-1382i,federal,statute,PRESENT,2026-06-20-ssi-title-xvi-title-42-r2026-07-15-self-contained-r2026-07-17-dedup,us/statute/42/1382i,no,inherited from federal
us-ga,SSI-F-USC-1382i,federal,statute,PRESENT,2026-06-20-ssi-title-xvi-title-42-r2026-07-15-self-contained-r2026-07-17-dedup,us/statute/42/1382i,no,inherited from federal
us-hi,SSI-F-USC-1382i,federal,statute,PRESENT,2026-06-20-ssi-title-xvi-title-42-r2026-07-15-self-contained-r2026-07-17-dedup,us/statute/42/1382i,no,inherited from federal
us-ia,SSI-F-USC-1382i,federal,statute,PRESENT,2026-06-20-ssi-title-xvi-title-42-r2026-07-15-self-contained-r2026-07-17-dedup,us/statute/42/1382i,no,inherited from federal
us-id,SSI-F-USC-1382i,federal,statute,PRESENT,2026-06-20-ssi-title-xvi-title-42-r2026-07-15-self-contained-r2026-07-17-dedup,us/statute/42/1382i,no,inherited from federal
us-il,SSI-F-USC-1382i,federal,statute,PRESENT,2026-06-20-ssi-title-xvi-title-42-r2026-07-15-self-contained-r2026-07-17-dedup,us/statute/42/1382i,no,inherited from federal
us-in,SSI-F-USC-1382i,federal,statute,PRESENT,2026-06-20-ssi-title-xvi-title-42-r2026-07-15-self-contained-r2026-07-17-dedup,us/statute/42/1382i,no,inherited from federal
us-ks,SSI-F-USC-1382i,federal,statute,PRESENT,2026-06-20-ssi-title-xvi-title-42-r2026-07-15-self-contained-r2026-07-17-dedup,us/statute/42/1382i,no,inherited from federal
us-ky,SSI-F-USC-1382i,federal,statute,PRESENT,2026-06-20-ssi-title-xvi-title-42-r2026-07-15-self-contained-r2026-07-17-dedup,us/statute/42/1382i,no,inherited from federal
us-la,SSI-F-USC-1382i,federal,statute,PRESENT,2026-06-20-ssi-title-xvi-title-42-r2026-07-15-self-contained-r2026-07-17-dedup,us/statute/42/1382i,no,inherited from federal
us-ma,SSI-F-USC-1382i,federal,statute,PRESENT,2026-06-20-ssi-title-xvi-title-42-r2026-07-15-self-contained-r2026-07-17-dedup,us/statute/42/1382i,no,inherited from federal
us-md,SSI-F-USC-1382i,federal,statute,PRESENT,2026-06-20-ssi-title-xvi-title-42-r2026-07-15-self-contained-r2026-07-17-dedup,us/statute/42/1382i,no,inherited from federal
us-me,SSI-F-USC-1382i,federal,statute,PRESENT,2026-06-20-ssi-title-xvi-title-42-r2026-07-15-self-contained-r2026-07-17-dedup,us/statute/42/1382i,no,inherited from federal
us-mi,SSI-F-USC-1382i,federal,statute,PRESENT,2026-06-20-ssi-title-xvi-title-42-r2026-07-15-self-contained-r2026-07-17-dedup,us/statute/42/1382i,no,inherited from federal
us-mn,SSI-F-USC-1382i,federal,statute,PRESENT,2026-06-20-ssi-title-xvi-title-42-r2026-07-15-self-contained-r2026-07-17-dedup,us/statute/42/1382i,no,inherited from federal
us-mo,SSI-F-USC-1382i,federal,statute,PRESENT,2026-06-20-ssi-title-xvi-title-42-r2026-07-15-self-contained-r2026-07-17-dedup,us/statute/42/1382i,no,inherited from federal
us-ms,SSI-F-USC-1382i,federal,statute,PRESENT,2026-06-20-ssi-title-xvi-title-42-r2026-07-15-self-contained-r2026-07-17-dedup,us/statute/42/1382i,no,inherited from federal
us-mt,SSI-F-USC-1382i,federal,statute,PRESENT,2026-06-20-ssi-title-xvi-title-42-r2026-07-15-self-contained-r2026-07-17-dedup,us/statute/42/1382i,no,inherited from federal
us-nc,SSI-F-USC-1382i,federal,statute,PRESENT,2026-06-20-ssi-title-xvi-title-42-r2026-07-15-self-contained-r2026-07-17-dedup,us/statute/42/1382i,no,inherited from federal
us-nd,SSI-F-USC-1382i,federal,statute,PRESENT,2026-06-20-ssi-title-xvi-title-42-r2026-07-15-self-contained-r2026-07-17-dedup,us/statute/42/1382i,no,inherited from federal
us-ne,SSI-F-USC-1382i,federal,statute,PRESENT,2026-06-20-ssi-title-xvi-title-42-r2026-07-15-self-contained-r2026-07-17-dedup,us/statute/42/1382i,no,inherited from federal
us-nh,SSI-F-USC-1382i,federal,statute,PRESENT,2026-06-20-ssi-title-xvi-title-42-r2026-07-15-self-contained-r2026-07-17-dedup,us/statute/42/1382i,no,inherited from federal
us-nj,SSI-F-USC-1382i,federal,statute,PRESENT,2026-06-20-ssi-title-xvi-title-42-r2026-07-15-self-contained-r2026-07-17-dedup,us/statute/42/1382i,no,inherited from federal
us-nm,SSI-F-USC-1382i,federal,statute,PRESENT,2026-06-20-ssi-title-xvi-title-42-r2026-07-15-self-contained-r2026-07-17-dedup,us/statute/42/1382i,no,inherited from federal
us-nv,SSI-F-USC-1382i,federal,statute,PRESENT,2026-06-20-ssi-title-xvi-title-42-r2026-07-15-self-contained-r2026-07-17-dedup,us/statute/42/1382i,no,inherited from federal
us-ny,SSI-F-USC-1382i,federal,statute,PRESENT,2026-06-20-ssi-title-xvi-title-42-r2026-07-15-self-contained-r2026-07-17-dedup,us/statute/42/1382i,no,inherited from federal
us-oh,SSI-F-USC-1382i,federal,statute,PRESENT,2026-06-20-ssi-title-xvi-title-42-r2026-07-15-self-contained-r2026-07-17-dedup,us/statute/42/1382i,no,inherited from federal
us-ok,SSI-F-USC-1382i,federal,statute,PRESENT,2026-06-20-ssi-title-xvi-title-42-r2026-07-15-self-contained-r2026-07-17-dedup,us/statute/42/1382i,no,inherited from federal
us-or,SSI-F-USC-1382i,federal,statute,PRESENT,2026-06-20-ssi-title-xvi-title-42-r2026-07-15-self-contained-r2026-07-17-dedup,us/statute/42/1382i,no,inherited from federal
us-pa,SSI-F-USC-1382i,federal,statute,PRESENT,2026-06-20-ssi-title-xvi-title-42-r2026-07-15-self-contained-r2026-07-17-dedup,us/statute/42/1382i,no,inherited from federal
us-ri,SSI-F-USC-1382i,federal,statute,PRESENT,2026-06-20-ssi-title-xvi-title-42-r2026-07-15-self-contained-r2026-07-17-dedup,us/statute/42/1382i,no,inherited from federal
us-sc,SSI-F-USC-1382i,federal,statute,PRESENT,2026-06-20-ssi-title-xvi-title-42-r2026-07-15-self-contained-r2026-07-17-dedup,us/statute/42/1382i,no,inherited from federal
us-sd,SSI-F-USC-1382i,federal,statute,PRESENT,2026-06-20-ssi-title-xvi-title-42-r2026-07-15-self-contained-r2026-07-17-dedup,us/statute/42/1382i,no,inherited from federal
us-tn,SSI-F-USC-1382i,federal,statute,PRESENT,2026-06-20-ssi-title-xvi-title-42-r2026-07-15-self-contained-r2026-07-17-dedup,us/statute/42/1382i,no,inherited from federal
us-tx,SSI-F-USC-1382i,federal,statute,PRESENT,2026-06-20-ssi-title-xvi-title-42-r2026-07-15-self-contained-r2026-07-17-dedup,us/statute/42/1382i,no,inherited from federal
us-ut,SSI-F-USC-1382i,federal,statute,PRESENT,2026-06-20-ssi-title-xvi-title-42-r2026-07-15-self-contained-r2026-07-17-dedup,us/statute/42/1382i,no,inherited from federal
us-va,SSI-F-USC-1382i,federal,statute,PRESENT,2026-06-20-ssi-title-xvi-title-42-r2026-07-15-self-contained-r2026-07-17-dedup,us/statute/42/1382i,no,inherited from federal
us-vt,SSI-F-USC-1382i,federal,statute,PRESENT,2026-06-20-ssi-title-xvi-title-42-r2026-07-15-self-contained-r2026-07-17-dedup,us/statute/42/1382i,no,inherited from federal
us-wa,SSI-F-USC-1382i,federal,statute,PRESENT,2026-06-20-ssi-title-xvi-title-42-r2026-07-15-self-contained-r2026-07-17-dedup,us/statute/42/1382i,no,inherited from federal
us-wi,SSI-F-USC-1382i,federal,statute,PRESENT,2026-06-20-ssi-title-xvi-title-42-r2026-07-15-self-contained-r2026-07-17-dedup,us/statute/42/1382i,no,inherited from federal
us-wv,SSI-F-USC-1382i,federal,statute,PRESENT,2026-06-20-ssi-title-xvi-title-42-r2026-07-15-self-contained-r2026-07-17-dedup,us/statute/42/1382i,no,inherited from federal
us-wy,SSI-F-USC-1382i,federal,statute,PRESENT,2026-06-20-ssi-title-xvi-title-42-r2026-07-15-self-contained-r2026-07-17-dedup,us/statute/42/1382i,no,inherited from federal
us,SSI-F-USC-1382j,federal,statute,PRESENT,2026-06-20-ssi-title-xvi-title-42-r2026-07-15-self-contained-r2026-07-17-dedup,us/statute/42/1382j,no,13 rows in the Title XVI scope; subsection bodies opened (e.g. 1382/a/1)
us-ak,SSI-F-USC-1382j,federal,statute,PRESENT,2026-06-20-ssi-title-xvi-title-42-r2026-07-15-self-contained-r2026-07-17-dedup,us/statute/42/1382j,no,inherited from federal
us-al,SSI-F-USC-1382j,federal,statute,PRESENT,2026-06-20-ssi-title-xvi-title-42-r2026-07-15-self-contained-r2026-07-17-dedup,us/statute/42/1382j,no,inherited from federal
us-ar,SSI-F-USC-1382j,federal,statute,PRESENT,2026-06-20-ssi-title-xvi-title-42-r2026-07-15-self-contained-r2026-07-17-dedup,us/statute/42/1382j,no,inherited from federal
us-az,SSI-F-USC-1382j,federal,statute,PRESENT,2026-06-20-ssi-title-xvi-title-42-r2026-07-15-self-contained-r2026-07-17-dedup,us/statute/42/1382j,no,inherited from federal
us-ca,SSI-F-USC-1382j,federal,statute,PRESENT,2026-06-20-ssi-title-xvi-title-42-r2026-07-15-self-contained-r2026-07-17-dedup,us/statute/42/1382j,no,inherited from federal
us-co,SSI-F-USC-1382j,federal,statute,PRESENT,2026-06-20-ssi-title-xvi-title-42-r2026-07-15-self-contained-r2026-07-17-dedup,us/statute/42/1382j,no,inherited from federal
us-ct,SSI-F-USC-1382j,federal,statute,PRESENT,2026-06-20-ssi-title-xvi-title-42-r2026-07-15-self-contained-r2026-07-17-dedup,us/statute/42/1382j,no,inherited from federal
us-dc,SSI-F-USC-1382j,federal,statute,PRESENT,2026-06-20-ssi-title-xvi-title-42-r2026-07-15-self-contained-r2026-07-17-dedup,us/statute/42/1382j,no,inherited from federal
us-de,SSI-F-USC-1382j,federal,statute,PRESENT,2026-06-20-ssi-title-xvi-title-42-r2026-07-15-self-contained-r2026-07-17-dedup,us/statute/42/1382j,no,inherited from federal
us-fl,SSI-F-USC-1382j,federal,statute,PRESENT,2026-06-20-ssi-title-xvi-title-42-r2026-07-15-self-contained-r2026-07-17-dedup,us/statute/42/1382j,no,inherited from federal
us-ga,SSI-F-USC-1382j,federal,statute,PRESENT,2026-06-20-ssi-title-xvi-title-42-r2026-07-15-self-contained-r2026-07-17-dedup,us/statute/42/1382j,no,inherited from federal
us-hi,SSI-F-USC-1382j,federal,statute,PRESENT,2026-06-20-ssi-title-xvi-title-42-r2026-07-15-self-contained-r2026-07-17-dedup,us/statute/42/1382j,no,inherited from federal
us-ia,SSI-F-USC-1382j,federal,statute,PRESENT,2026-06-20-ssi-title-xvi-title-42-r2026-07-15-self-contained-r2026-07-17-dedup,us/statute/42/1382j,no,inherited from federal
us-id,SSI-F-USC-1382j,federal,statute,PRESENT,2026-06-20-ssi-title-xvi-title-42-r2026-07-15-self-contained-r2026-07-17-dedup,us/statute/42/1382j,no,inherited from federal
us-il,SSI-F-USC-1382j,federal,statute,PRESENT,2026-06-20-ssi-title-xvi-title-42-r2026-07-15-self-contained-r2026-07-17-dedup,us/statute/42/1382j,no,inherited from federal
us-in,SSI-F-USC-1382j,federal,statute,PRESENT,2026-06-20-ssi-title-xvi-title-42-r2026-07-15-self-contained-r2026-07-17-dedup,us/statute/42/1382j,no,inherited from federal
us-ks,SSI-F-USC-1382j,federal,statute,PRESENT,2026-06-20-ssi-title-xvi-title-42-r2026-07-15-self-contained-r2026-07-17-dedup,us/statute/42/1382j,no,inherited from federal
us-ky,SSI-F-USC-1382j,federal,statute,PRESENT,2026-06-20-ssi-title-xvi-title-42-r2026-07-15-self-contained-r2026-07-17-dedup,us/statute/42/1382j,no,inherited from federal
us-la,SSI-F-USC-1382j,federal,statute,PRESENT,2026-06-20-ssi-title-xvi-title-42-r2026-07-15-self-contained-r2026-07-17-dedup,us/statute/42/1382j,no,inherited from federal
us-ma,SSI-F-USC-1382j,federal,statute,PRESENT,2026-06-20-ssi-title-xvi-title-42-r2026-07-15-self-contained-r2026-07-17-dedup,us/statute/42/1382j,no,inherited from federal
us-md,SSI-F-USC-1382j,federal,statute,PRESENT,2026-06-20-ssi-title-xvi-title-42-r2026-07-15-self-contained-r2026-07-17-dedup,us/statute/42/1382j,no,inherited from federal
us-me,SSI-F-USC-1382j,federal,statute,PRESENT,2026-06-20-ssi-title-xvi-title-42-r2026-07-15-self-contained-r2026-07-17-dedup,us/statute/42/1382j,no,inherited from federal
us-mi,SSI-F-USC-1382j,federal,statute,PRESENT,2026-06-20-ssi-title-xvi-title-42-r2026-07-15-self-contained-r2026-07-17-dedup,us/statute/42/1382j,no,inherited from federal
us-mn,SSI-F-USC-1382j,federal,statute,PRESENT,2026-06-20-ssi-title-xvi-title-42-r2026-07-15-self-contained-r2026-07-17-dedup,us/statute/42/1382j,no,inherited from federal
us-mo,SSI-F-USC-1382j,federal,statute,PRESENT,2026-06-20-ssi-title-xvi-title-42-r2026-07-15-self-contained-r2026-07-17-dedup,us/statute/42/1382j,no,inherited from federal
us-ms,SSI-F-USC-1382j,federal,statute,PRESENT,2026-06-20-ssi-title-xvi-title-42-r2026-07-15-self-contained-r2026-07-17-dedup,us/statute/42/1382j,no,inherited from federal
us-mt,SSI-F-USC-1382j,federal,statute,PRESENT,2026-06-20-ssi-title-xvi-title-42-r2026-07-15-self-contained-r2026-07-17-dedup,us/statute/42/1382j,no,inherited from federal
us-nc,SSI-F-USC-1382j,federal,statute,PRESENT,2026-06-20-ssi-title-xvi-title-42-r2026-07-15-self-contained-r2026-07-17-dedup,us/statute/42/1382j,no,inherited from federal
us-nd,SSI-F-USC-1382j,federal,statute,PRESENT,2026-06-20-ssi-title-xvi-title-42-r2026-07-15-self-contained-r2026-07-17-dedup,us/statute/42/1382j,no,inherited from federal
us-ne,SSI-F-USC-1382j,federal,statute,PRESENT,2026-06-20-ssi-title-xvi-title-42-r2026-07-15-self-contained-r2026-07-17-dedup,us/statute/42/1382j,no,inherited from federal
us-nh,SSI-F-USC-1382j,federal,statute,PRESENT,2026-06-20-ssi-title-xvi-title-42-r2026-07-15-self-contained-r2026-07-17-dedup,us/statute/42/1382j,no,inherited from federal
us-nj,SSI-F-USC-1382j,federal,statute,PRESENT,2026-06-20-ssi-title-xvi-title-42-r2026-07-15-self-contained-r2026-07-17-dedup,us/statute/42/1382j,no,inherited from federal
us-nm,SSI-F-USC-1382j,federal,statute,PRESENT,2026-06-20-ssi-title-xvi-title-42-r2026-07-15-self-contained-r2026-07-17-dedup,us/statute/42/1382j,no,inherited from federal
us-nv,SSI-F-USC-1382j,federal,statute,PRESENT,2026-06-20-ssi-title-xvi-title-42-r2026-07-15-self-contained-r2026-07-17-dedup,us/statute/42/1382j,no,inherited from federal
us-ny,SSI-F-USC-1382j,federal,statute,PRESENT,2026-06-20-ssi-title-xvi-title-42-r2026-07-15-self-contained-r2026-07-17-dedup,us/statute/42/1382j,no,inherited from federal
us-oh,SSI-F-USC-1382j,federal,statute,PRESENT,2026-06-20-ssi-title-xvi-title-42-r2026-07-15-self-contained-r2026-07-17-dedup,us/statute/42/1382j,no,inherited from federal
us-ok,SSI-F-USC-1382j,federal,statute,PRESENT,2026-06-20-ssi-title-xvi-title-42-r2026-07-15-self-contained-r2026-07-17-dedup,us/statute/42/1382j,no,inherited from federal
us-or,SSI-F-USC-1382j,federal,statute,PRESENT,2026-06-20-ssi-title-xvi-title-42-r2026-07-15-self-contained-r2026-07-17-dedup,us/statute/42/1382j,no,inherited from federal
us-pa,SSI-F-USC-1382j,federal,statute,PRESENT,2026-06-20-ssi-title-xvi-title-42-r2026-07-15-self-contained-r2026-07-17-dedup,us/statute/42/1382j,no,inherited from federal
us-ri,SSI-F-USC-1382j,federal,statute,PRESENT,2026-06-20-ssi-title-xvi-title-42-r2026-07-15-self-contained-r2026-07-17-dedup,us/statute/42/1382j,no,inherited from federal
us-sc,SSI-F-USC-1382j,federal,statute,PRESENT,2026-06-20-ssi-title-xvi-title-42-r2026-07-15-self-contained-r2026-07-17-dedup,us/statute/42/1382j,no,inherited from federal
us-sd,SSI-F-USC-1382j,federal,statute,PRESENT,2026-06-20-ssi-title-xvi-title-42-r2026-07-15-self-contained-r2026-07-17-dedup,us/statute/42/1382j,no,inherited from federal
us-tn,SSI-F-USC-1382j,federal,statute,PRESENT,2026-06-20-ssi-title-xvi-title-42-r2026-07-15-self-contained-r2026-07-17-dedup,us/statute/42/1382j,no,inherited from federal
us-tx,SSI-F-USC-1382j,federal,statute,PRESENT,2026-06-20-ssi-title-xvi-title-42-r2026-07-15-self-contained-r2026-07-17-dedup,us/statute/42/1382j,no,inherited from federal
us-ut,SSI-F-USC-1382j,federal,statute,PRESENT,2026-06-20-ssi-title-xvi-title-42-r2026-07-15-self-contained-r2026-07-17-dedup,us/statute/42/1382j,no,inherited from federal
us-va,SSI-F-USC-1382j,federal,statute,PRESENT,2026-06-20-ssi-title-xvi-title-42-r2026-07-15-self-contained-r2026-07-17-dedup,us/statute/42/1382j,no,inherited from federal
us-vt,SSI-F-USC-1382j,federal,statute,PRESENT,2026-06-20-ssi-title-xvi-title-42-r2026-07-15-self-contained-r2026-07-17-dedup,us/statute/42/1382j,no,inherited from federal
us-wa,SSI-F-USC-1382j,federal,statute,PRESENT,2026-06-20-ssi-title-xvi-title-42-r2026-07-15-self-contained-r2026-07-17-dedup,us/statute/42/1382j,no,inherited from federal
us-wi,SSI-F-USC-1382j,federal,statute,PRESENT,2026-06-20-ssi-title-xvi-title-42-r2026-07-15-self-contained-r2026-07-17-dedup,us/statute/42/1382j,no,inherited from federal
us-wv,SSI-F-USC-1382j,federal,statute,PRESENT,2026-06-20-ssi-title-xvi-title-42-r2026-07-15-self-contained-r2026-07-17-dedup,us/statute/42/1382j,no,inherited from federal
us-wy,SSI-F-USC-1382j,federal,statute,PRESENT,2026-06-20-ssi-title-xvi-title-42-r2026-07-15-self-contained-r2026-07-17-dedup,us/statute/42/1382j,no,inherited from federal
us,SSI-F-USC-1383,federal,statute,EXTRACTABLE,,,no,"uscode.house.gov Title 42 ch. 7 subch. XVI (same publisher as the held 2026-06-20 Title XVI scope, which stops at 1382j)"
us-ak,SSI-F-USC-1383,federal,statute,EXTRACTABLE,,,no,inherited from federal
us-al,SSI-F-USC-1383,federal,statute,EXTRACTABLE,,,no,inherited from federal
us-ar,SSI-F-USC-1383,federal,statute,EXTRACTABLE,,,no,inherited from federal
us-az,SSI-F-USC-1383,federal,statute,EXTRACTABLE,,,no,inherited from federal
us-ca,SSI-F-USC-1383,federal,statute,EXTRACTABLE,,,no,inherited from federal
us-co,SSI-F-USC-1383,federal,statute,EXTRACTABLE,,,no,inherited from federal
us-ct,SSI-F-USC-1383,federal,statute,EXTRACTABLE,,,no,inherited from federal
us-dc,SSI-F-USC-1383,federal,statute,EXTRACTABLE,,,no,inherited from federal
us-de,SSI-F-USC-1383,federal,statute,EXTRACTABLE,,,no,inherited from federal
us-fl,SSI-F-USC-1383,federal,statute,EXTRACTABLE,,,no,inherited from federal
us-ga,SSI-F-USC-1383,federal,statute,EXTRACTABLE,,,no,inherited from federal
us-hi,SSI-F-USC-1383,federal,statute,EXTRACTABLE,,,no,inherited from federal
us-ia,SSI-F-USC-1383,federal,statute,EXTRACTABLE,,,no,inherited from federal
us-id,SSI-F-USC-1383,federal,statute,EXTRACTABLE,,,no,inherited from federal
us-il,SSI-F-USC-1383,federal,statute,EXTRACTABLE,,,no,inherited from federal
us-in,SSI-F-USC-1383,federal,statute,EXTRACTABLE,,,no,inherited from federal
us-ks,SSI-F-USC-1383,federal,statute,EXTRACTABLE,,,no,inherited from federal
us-ky,SSI-F-USC-1383,federal,statute,EXTRACTABLE,,,no,inherited from federal
us-la,SSI-F-USC-1383,federal,statute,EXTRACTABLE,,,no,inherited from federal
us-ma,SSI-F-USC-1383,federal,statute,EXTRACTABLE,,,no,inherited from federal
us-md,SSI-F-USC-1383,federal,statute,EXTRACTABLE,,,no,inherited from federal
us-me,SSI-F-USC-1383,federal,statute,EXTRACTABLE,,,no,inherited from federal
us-mi,SSI-F-USC-1383,federal,statute,EXTRACTABLE,,,no,inherited from federal
us-mn,SSI-F-USC-1383,federal,statute,EXTRACTABLE,,,no,inherited from federal
us-mo,SSI-F-USC-1383,federal,statute,EXTRACTABLE,,,no,inherited from federal
us-ms,SSI-F-USC-1383,federal,statute,EXTRACTABLE,,,no,inherited from federal
us-mt,SSI-F-USC-1383,federal,statute,EXTRACTABLE,,,no,inherited from federal
us-nc,SSI-F-USC-1383,federal,statute,EXTRACTABLE,,,no,inherited from federal
us-nd,SSI-F-USC-1383,federal,statute,EXTRACTABLE,,,no,inherited from federal
us-ne,SSI-F-USC-1383,federal,statute,EXTRACTABLE,,,no,inherited from federal
us-nh,SSI-F-USC-1383,federal,statute,EXTRACTABLE,,,no,inherited from federal
us-nj,SSI-F-USC-1383,federal,statute,EXTRACTABLE,,,no,inherited from federal
us-nm,SSI-F-USC-1383,federal,statute,EXTRACTABLE,,,no,inherited from federal
us-nv,SSI-F-USC-1383,federal,statute,EXTRACTABLE,,,no,inherited from federal
us-ny,SSI-F-USC-1383,federal,statute,EXTRACTABLE,,,no,inherited from federal
us-oh,SSI-F-USC-1383,federal,statute,EXTRACTABLE,,,no,inherited from federal
us-ok,SSI-F-USC-1383,federal,statute,EXTRACTABLE,,,no,inherited from federal
us-or,SSI-F-USC-1383,federal,statute,EXTRACTABLE,,,no,inherited from federal
us-pa,SSI-F-USC-1383,federal,statute,EXTRACTABLE,,,no,inherited from federal
us-ri,SSI-F-USC-1383,federal,statute,EXTRACTABLE,,,no,inherited from federal
us-sc,SSI-F-USC-1383,federal,statute,EXTRACTABLE,,,no,inherited from federal
us-sd,SSI-F-USC-1383,federal,statute,EXTRACTABLE,,,no,inherited from federal
us-tn,SSI-F-USC-1383,federal,statute,EXTRACTABLE,,,no,inherited from federal
us-tx,SSI-F-USC-1383,federal,statute,EXTRACTABLE,,,no,inherited from federal
us-ut,SSI-F-USC-1383,federal,statute,EXTRACTABLE,,,no,inherited from federal
us-va,SSI-F-USC-1383,federal,statute,EXTRACTABLE,,,no,inherited from federal
us-vt,SSI-F-USC-1383,federal,statute,EXTRACTABLE,,,no,inherited from federal
us-wa,SSI-F-USC-1383,federal,statute,EXTRACTABLE,,,no,inherited from federal
us-wi,SSI-F-USC-1383,federal,statute,EXTRACTABLE,,,no,inherited from federal
us-wv,SSI-F-USC-1383,federal,statute,EXTRACTABLE,,,no,inherited from federal
us-wy,SSI-F-USC-1383,federal,statute,EXTRACTABLE,,,no,inherited from federal
us,SSI-F-USC-1383a,federal,statute,EXTRACTABLE,,,no,"uscode.house.gov Title 42 ch. 7 subch. XVI (same publisher as the held 2026-06-20 Title XVI scope, which stops at 1382j)"
us-ak,SSI-F-USC-1383a,federal,statute,EXTRACTABLE,,,no,inherited from federal
us-al,SSI-F-USC-1383a,federal,statute,EXTRACTABLE,,,no,inherited from federal
us-ar,SSI-F-USC-1383a,federal,statute,EXTRACTABLE,,,no,inherited from federal
us-az,SSI-F-USC-1383a,federal,statute,EXTRACTABLE,,,no,inherited from federal
us-ca,SSI-F-USC-1383a,federal,statute,EXTRACTABLE,,,no,inherited from federal
us-co,SSI-F-USC-1383a,federal,statute,EXTRACTABLE,,,no,inherited from federal
us-ct,SSI-F-USC-1383a,federal,statute,EXTRACTABLE,,,no,inherited from federal
us-dc,SSI-F-USC-1383a,federal,statute,EXTRACTABLE,,,no,inherited from federal
us-de,SSI-F-USC-1383a,federal,statute,EXTRACTABLE,,,no,inherited from federal
us-fl,SSI-F-USC-1383a,federal,statute,EXTRACTABLE,,,no,inherited from federal
us-ga,SSI-F-USC-1383a,federal,statute,EXTRACTABLE,,,no,inherited from federal
us-hi,SSI-F-USC-1383a,federal,statute,EXTRACTABLE,,,no,inherited from federal
us-ia,SSI-F-USC-1383a,federal,statute,EXTRACTABLE,,,no,inherited from federal
us-id,SSI-F-USC-1383a,federal,statute,EXTRACTABLE,,,no,inherited from federal
us-il,SSI-F-USC-1383a,federal,statute,EXTRACTABLE,,,no,inherited from federal
us-in,SSI-F-USC-1383a,federal,statute,EXTRACTABLE,,,no,inherited from federal
us-ks,SSI-F-USC-1383a,federal,statute,EXTRACTABLE,,,no,inherited from federal
us-ky,SSI-F-USC-1383a,federal,statute,EXTRACTABLE,,,no,inherited from federal
us-la,SSI-F-USC-1383a,federal,statute,EXTRACTABLE,,,no,inherited from federal
us-ma,SSI-F-USC-1383a,federal,statute,EXTRACTABLE,,,no,inherited from federal
us-md,SSI-F-USC-1383a,federal,statute,EXTRACTABLE,,,no,inherited from federal
us-me,SSI-F-USC-1383a,federal,statute,EXTRACTABLE,,,no,inherited from federal
us-mi,SSI-F-USC-1383a,federal,statute,EXTRACTABLE,,,no,inherited from federal
us-mn,SSI-F-USC-1383a,federal,statute,EXTRACTABLE,,,no,inherited from federal
us-mo,SSI-F-USC-1383a,federal,statute,EXTRACTABLE,,,no,inherited from federal
us-ms,SSI-F-USC-1383a,federal,statute,EXTRACTABLE,,,no,inherited from federal
us-mt,SSI-F-USC-1383a,federal,statute,EXTRACTABLE,,,no,inherited from federal
us-nc,SSI-F-USC-1383a,federal,statute,EXTRACTABLE,,,no,inherited from federal
us-nd,SSI-F-USC-1383a,federal,statute,EXTRACTABLE,,,no,inherited from federal
us-ne,SSI-F-USC-1383a,federal,statute,EXTRACTABLE,,,no,inherited from federal
us-nh,SSI-F-USC-1383a,federal,statute,EXTRACTABLE,,,no,inherited from federal
us-nj,SSI-F-USC-1383a,federal,statute,EXTRACTABLE,,,no,inherited from federal
us-nm,SSI-F-USC-1383a,federal,statute,EXTRACTABLE,,,no,inherited from federal
us-nv,SSI-F-USC-1383a,federal,statute,EXTRACTABLE,,,no,inherited from federal
us-ny,SSI-F-USC-1383a,federal,statute,EXTRACTABLE,,,no,inherited from federal
us-oh,SSI-F-USC-1383a,federal,statute,EXTRACTABLE,,,no,inherited from federal
us-ok,SSI-F-USC-1383a,federal,statute,EXTRACTABLE,,,no,inherited from federal
us-or,SSI-F-USC-1383a,federal,statute,EXTRACTABLE,,,no,inherited from federal
us-pa,SSI-F-USC-1383a,federal,statute,EXTRACTABLE,,,no,inherited from federal
us-ri,SSI-F-USC-1383a,federal,statute,EXTRACTABLE,,,no,inherited from federal
us-sc,SSI-F-USC-1383a,federal,statute,EXTRACTABLE,,,no,inherited from federal
us-sd,SSI-F-USC-1383a,federal,statute,EXTRACTABLE,,,no,inherited from federal
us-tn,SSI-F-USC-1383a,federal,statute,EXTRACTABLE,,,no,inherited from federal
us-tx,SSI-F-USC-1383a,federal,statute,EXTRACTABLE,,,no,inherited from federal
us-ut,SSI-F-USC-1383a,federal,statute,EXTRACTABLE,,,no,inherited from federal
us-va,SSI-F-USC-1383a,federal,statute,EXTRACTABLE,,,no,inherited from federal
us-vt,SSI-F-USC-1383a,federal,statute,EXTRACTABLE,,,no,inherited from federal
us-wa,SSI-F-USC-1383a,federal,statute,EXTRACTABLE,,,no,inherited from federal
us-wi,SSI-F-USC-1383a,federal,statute,EXTRACTABLE,,,no,inherited from federal
us-wv,SSI-F-USC-1383a,federal,statute,EXTRACTABLE,,,no,inherited from federal
us-wy,SSI-F-USC-1383a,federal,statute,EXTRACTABLE,,,no,inherited from federal
us,SSI-F-USC-1383b,federal,statute,EXTRACTABLE,,,no,"uscode.house.gov Title 42 ch. 7 subch. XVI (same publisher as the held 2026-06-20 Title XVI scope, which stops at 1382j)"
us-ak,SSI-F-USC-1383b,federal,statute,EXTRACTABLE,,,no,inherited from federal
us-al,SSI-F-USC-1383b,federal,statute,EXTRACTABLE,,,no,inherited from federal
us-ar,SSI-F-USC-1383b,federal,statute,EXTRACTABLE,,,no,inherited from federal
us-az,SSI-F-USC-1383b,federal,statute,EXTRACTABLE,,,no,inherited from federal
us-ca,SSI-F-USC-1383b,federal,statute,EXTRACTABLE,,,no,inherited from federal
us-co,SSI-F-USC-1383b,federal,statute,EXTRACTABLE,,,no,inherited from federal
us-ct,SSI-F-USC-1383b,federal,statute,EXTRACTABLE,,,no,inherited from federal
us-dc,SSI-F-USC-1383b,federal,statute,EXTRACTABLE,,,no,inherited from federal
us-de,SSI-F-USC-1383b,federal,statute,EXTRACTABLE,,,no,inherited from federal
us-fl,SSI-F-USC-1383b,federal,statute,EXTRACTABLE,,,no,inherited from federal
us-ga,SSI-F-USC-1383b,federal,statute,EXTRACTABLE,,,no,inherited from federal
us-hi,SSI-F-USC-1383b,federal,statute,EXTRACTABLE,,,no,inherited from federal
us-ia,SSI-F-USC-1383b,federal,statute,EXTRACTABLE,,,no,inherited from federal
us-id,SSI-F-USC-1383b,federal,statute,EXTRACTABLE,,,no,inherited from federal
us-il,SSI-F-USC-1383b,federal,statute,EXTRACTABLE,,,no,inherited from federal
us-in,SSI-F-USC-1383b,federal,statute,EXTRACTABLE,,,no,inherited from federal
us-ks,SSI-F-USC-1383b,federal,statute,EXTRACTABLE,,,no,inherited from federal
us-ky,SSI-F-USC-1383b,federal,statute,EXTRACTABLE,,,no,inherited from federal
us-la,SSI-F-USC-1383b,federal,statute,EXTRACTABLE,,,no,inherited from federal
us-ma,SSI-F-USC-1383b,federal,statute,EXTRACTABLE,,,no,inherited from federal
us-md,SSI-F-USC-1383b,federal,statute,EXTRACTABLE,,,no,inherited from federal
us-me,SSI-F-USC-1383b,federal,statute,EXTRACTABLE,,,no,inherited from federal
us-mi,SSI-F-USC-1383b,federal,statute,EXTRACTABLE,,,no,inherited from federal
us-mn,SSI-F-USC-1383b,federal,statute,EXTRACTABLE,,,no,inherited from federal
us-mo,SSI-F-USC-1383b,federal,statute,EXTRACTABLE,,,no,inherited from federal
us-ms,SSI-F-USC-1383b,federal,statute,EXTRACTABLE,,,no,inherited from federal
us-mt,SSI-F-USC-1383b,federal,statute,EXTRACTABLE,,,no,inherited from federal
us-nc,SSI-F-USC-1383b,federal,statute,EXTRACTABLE,,,no,inherited from federal
us-nd,SSI-F-USC-1383b,federal,statute,EXTRACTABLE,,,no,inherited from federal
us-ne,SSI-F-USC-1383b,federal,statute,EXTRACTABLE,,,no,inherited from federal
us-nh,SSI-F-USC-1383b,federal,statute,EXTRACTABLE,,,no,inherited from federal
us-nj,SSI-F-USC-1383b,federal,statute,EXTRACTABLE,,,no,inherited from federal
us-nm,SSI-F-USC-1383b,federal,statute,EXTRACTABLE,,,no,inherited from federal
us-nv,SSI-F-USC-1383b,federal,statute,EXTRACTABLE,,,no,inherited from federal
us-ny,SSI-F-USC-1383b,federal,statute,EXTRACTABLE,,,no,inherited from federal
us-oh,SSI-F-USC-1383b,federal,statute,EXTRACTABLE,,,no,inherited from federal
us-ok,SSI-F-USC-1383b,federal,statute,EXTRACTABLE,,,no,inherited from federal
us-or,SSI-F-USC-1383b,federal,statute,EXTRACTABLE,,,no,inherited from federal
us-pa,SSI-F-USC-1383b,federal,statute,EXTRACTABLE,,,no,inherited from federal
us-ri,SSI-F-USC-1383b,federal,statute,EXTRACTABLE,,,no,inherited from federal
us-sc,SSI-F-USC-1383b,federal,statute,EXTRACTABLE,,,no,inherited from federal
us-sd,SSI-F-USC-1383b,federal,statute,EXTRACTABLE,,,no,inherited from federal
us-tn,SSI-F-USC-1383b,federal,statute,EXTRACTABLE,,,no,inherited from federal
us-tx,SSI-F-USC-1383b,federal,statute,EXTRACTABLE,,,no,inherited from federal
us-ut,SSI-F-USC-1383b,federal,statute,EXTRACTABLE,,,no,inherited from federal
us-va,SSI-F-USC-1383b,federal,statute,EXTRACTABLE,,,no,inherited from federal
us-vt,SSI-F-USC-1383b,federal,statute,EXTRACTABLE,,,no,inherited from federal
us-wa,SSI-F-USC-1383b,federal,statute,EXTRACTABLE,,,no,inherited from federal
us-wi,SSI-F-USC-1383b,federal,statute,EXTRACTABLE,,,no,inherited from federal
us-wv,SSI-F-USC-1383b,federal,statute,EXTRACTABLE,,,no,inherited from federal
us-wy,SSI-F-USC-1383b,federal,statute,EXTRACTABLE,,,no,inherited from federal
us,SSI-F-USC-1383c,federal,statute,EXTRACTABLE,,,no,"uscode.house.gov Title 42 ch. 7 subch. XVI (same publisher as the held 2026-06-20 Title XVI scope, which stops at 1382j)"
us-ak,SSI-F-USC-1383c,federal,statute,EXTRACTABLE,,,no,inherited from federal
us-al,SSI-F-USC-1383c,federal,statute,EXTRACTABLE,,,no,inherited from federal
us-ar,SSI-F-USC-1383c,federal,statute,EXTRACTABLE,,,no,inherited from federal
us-az,SSI-F-USC-1383c,federal,statute,EXTRACTABLE,,,no,inherited from federal
us-ca,SSI-F-USC-1383c,federal,statute,EXTRACTABLE,,,no,inherited from federal
us-co,SSI-F-USC-1383c,federal,statute,EXTRACTABLE,,,no,inherited from federal
us-ct,SSI-F-USC-1383c,federal,statute,EXTRACTABLE,,,no,inherited from federal
us-dc,SSI-F-USC-1383c,federal,statute,EXTRACTABLE,,,no,inherited from federal
us-de,SSI-F-USC-1383c,federal,statute,EXTRACTABLE,,,no,inherited from federal
us-fl,SSI-F-USC-1383c,federal,statute,EXTRACTABLE,,,no,inherited from federal
us-ga,SSI-F-USC-1383c,federal,statute,EXTRACTABLE,,,no,inherited from federal
us-hi,SSI-F-USC-1383c,federal,statute,EXTRACTABLE,,,no,inherited from federal
us-ia,SSI-F-USC-1383c,federal,statute,EXTRACTABLE,,,no,inherited from federal
us-id,SSI-F-USC-1383c,federal,statute,EXTRACTABLE,,,no,inherited from federal
us-il,SSI-F-USC-1383c,federal,statute,EXTRACTABLE,,,no,inherited from federal
us-in,SSI-F-USC-1383c,federal,statute,EXTRACTABLE,,,no,inherited from federal
us-ks,SSI-F-USC-1383c,federal,statute,EXTRACTABLE,,,no,inherited from federal
us-ky,SSI-F-USC-1383c,federal,statute,EXTRACTABLE,,,no,inherited from federal
us-la,SSI-F-USC-1383c,federal,statute,EXTRACTABLE,,,no,inherited from federal
us-ma,SSI-F-USC-1383c,federal,statute,EXTRACTABLE,,,no,inherited from federal
us-md,SSI-F-USC-1383c,federal,statute,EXTRACTABLE,,,no,inherited from federal
us-me,SSI-F-USC-1383c,federal,statute,EXTRACTABLE,,,no,inherited from federal
us-mi,SSI-F-USC-1383c,federal,statute,EXTRACTABLE,,,no,inherited from federal
us-mn,SSI-F-USC-1383c,federal,statute,EXTRACTABLE,,,no,inherited from federal
us-mo,SSI-F-USC-1383c,federal,statute,EXTRACTABLE,,,no,inherited from federal
us-ms,SSI-F-USC-1383c,federal,statute,EXTRACTABLE,,,no,inherited from federal
us-mt,SSI-F-USC-1383c,federal,statute,EXTRACTABLE,,,no,inherited from federal
us-nc,SSI-F-USC-1383c,federal,statute,EXTRACTABLE,,,no,inherited from federal
us-nd,SSI-F-USC-1383c,federal,statute,EXTRACTABLE,,,no,inherited from federal
us-ne,SSI-F-USC-1383c,federal,statute,EXTRACTABLE,,,no,inherited from federal
us-nh,SSI-F-USC-1383c,federal,statute,EXTRACTABLE,,,no,inherited from federal
us-nj,SSI-F-USC-1383c,federal,statute,EXTRACTABLE,,,no,inherited from federal
us-nm,SSI-F-USC-1383c,federal,statute,EXTRACTABLE,,,no,inherited from federal
us-nv,SSI-F-USC-1383c,federal,statute,EXTRACTABLE,,,no,inherited from federal
us-ny,SSI-F-USC-1383c,federal,statute,EXTRACTABLE,,,no,inherited from federal
us-oh,SSI-F-USC-1383c,federal,statute,EXTRACTABLE,,,no,inherited from federal
us-ok,SSI-F-USC-1383c,federal,statute,EXTRACTABLE,,,no,inherited from federal
us-or,SSI-F-USC-1383c,federal,statute,EXTRACTABLE,,,no,inherited from federal
us-pa,SSI-F-USC-1383c,federal,statute,EXTRACTABLE,,,no,inherited from federal
us-ri,SSI-F-USC-1383c,federal,statute,EXTRACTABLE,,,no,inherited from federal
us-sc,SSI-F-USC-1383c,federal,statute,EXTRACTABLE,,,no,inherited from federal
us-sd,SSI-F-USC-1383c,federal,statute,EXTRACTABLE,,,no,inherited from federal
us-tn,SSI-F-USC-1383c,federal,statute,EXTRACTABLE,,,no,inherited from federal
us-tx,SSI-F-USC-1383c,federal,statute,EXTRACTABLE,,,no,inherited from federal
us-ut,SSI-F-USC-1383c,federal,statute,EXTRACTABLE,,,no,inherited from federal
us-va,SSI-F-USC-1383c,federal,statute,EXTRACTABLE,,,no,inherited from federal
us-vt,SSI-F-USC-1383c,federal,statute,EXTRACTABLE,,,no,inherited from federal
us-wa,SSI-F-USC-1383c,federal,statute,EXTRACTABLE,,,no,inherited from federal
us-wi,SSI-F-USC-1383c,federal,statute,EXTRACTABLE,,,no,inherited from federal
us-wv,SSI-F-USC-1383c,federal,statute,EXTRACTABLE,,,no,inherited from federal
us-wy,SSI-F-USC-1383c,federal,statute,EXTRACTABLE,,,no,inherited from federal
us,SSI-F-USC-1383d,federal,statute,EXTRACTABLE,,,no,"uscode.house.gov Title 42 ch. 7 subch. XVI (same publisher as the held 2026-06-20 Title XVI scope, which stops at 1382j)"
us-ak,SSI-F-USC-1383d,federal,statute,EXTRACTABLE,,,no,inherited from federal
us-al,SSI-F-USC-1383d,federal,statute,EXTRACTABLE,,,no,inherited from federal
us-ar,SSI-F-USC-1383d,federal,statute,EXTRACTABLE,,,no,inherited from federal
us-az,SSI-F-USC-1383d,federal,statute,EXTRACTABLE,,,no,inherited from federal
us-ca,SSI-F-USC-1383d,federal,statute,EXTRACTABLE,,,no,inherited from federal
us-co,SSI-F-USC-1383d,federal,statute,EXTRACTABLE,,,no,inherited from federal
us-ct,SSI-F-USC-1383d,federal,statute,EXTRACTABLE,,,no,inherited from federal
us-dc,SSI-F-USC-1383d,federal,statute,EXTRACTABLE,,,no,inherited from federal
us-de,SSI-F-USC-1383d,federal,statute,EXTRACTABLE,,,no,inherited from federal
us-fl,SSI-F-USC-1383d,federal,statute,EXTRACTABLE,,,no,inherited from federal
us-ga,SSI-F-USC-1383d,federal,statute,EXTRACTABLE,,,no,inherited from federal
us-hi,SSI-F-USC-1383d,federal,statute,EXTRACTABLE,,,no,inherited from federal
us-ia,SSI-F-USC-1383d,federal,statute,EXTRACTABLE,,,no,inherited from federal
us-id,SSI-F-USC-1383d,federal,statute,EXTRACTABLE,,,no,inherited from federal
us-il,SSI-F-USC-1383d,federal,statute,EXTRACTABLE,,,no,inherited from federal
us-in,SSI-F-USC-1383d,federal,statute,EXTRACTABLE,,,no,inherited from federal
us-ks,SSI-F-USC-1383d,federal,statute,EXTRACTABLE,,,no,inherited from federal
us-ky,SSI-F-USC-1383d,federal,statute,EXTRACTABLE,,,no,inherited from federal
us-la,SSI-F-USC-1383d,federal,statute,EXTRACTABLE,,,no,inherited from federal
us-ma,SSI-F-USC-1383d,federal,statute,EXTRACTABLE,,,no,inherited from federal
us-md,SSI-F-USC-1383d,federal,statute,EXTRACTABLE,,,no,inherited from federal
us-me,SSI-F-USC-1383d,federal,statute,EXTRACTABLE,,,no,inherited from federal
us-mi,SSI-F-USC-1383d,federal,statute,EXTRACTABLE,,,no,inherited from federal
us-mn,SSI-F-USC-1383d,federal,statute,EXTRACTABLE,,,no,inherited from federal
us-mo,SSI-F-USC-1383d,federal,statute,EXTRACTABLE,,,no,inherited from federal
us-ms,SSI-F-USC-1383d,federal,statute,EXTRACTABLE,,,no,inherited from federal
us-mt,SSI-F-USC-1383d,federal,statute,EXTRACTABLE,,,no,inherited from federal
us-nc,SSI-F-USC-1383d,federal,statute,EXTRACTABLE,,,no,inherited from federal
us-nd,SSI-F-USC-1383d,federal,statute,EXTRACTABLE,,,no,inherited from federal
us-ne,SSI-F-USC-1383d,federal,statute,EXTRACTABLE,,,no,inherited from federal
us-nh,SSI-F-USC-1383d,federal,statute,EXTRACTABLE,,,no,inherited from federal
us-nj,SSI-F-USC-1383d,federal,statute,EXTRACTABLE,,,no,inherited from federal
us-nm,SSI-F-USC-1383d,federal,statute,EXTRACTABLE,,,no,inherited from federal
us-nv,SSI-F-USC-1383d,federal,statute,EXTRACTABLE,,,no,inherited from federal
us-ny,SSI-F-USC-1383d,federal,statute,EXTRACTABLE,,,no,inherited from federal
us-oh,SSI-F-USC-1383d,federal,statute,EXTRACTABLE,,,no,inherited from federal
us-ok,SSI-F-USC-1383d,federal,statute,EXTRACTABLE,,,no,inherited from federal
us-or,SSI-F-USC-1383d,federal,statute,EXTRACTABLE,,,no,inherited from federal
us-pa,SSI-F-USC-1383d,federal,statute,EXTRACTABLE,,,no,inherited from federal
us-ri,SSI-F-USC-1383d,federal,statute,EXTRACTABLE,,,no,inherited from federal
us-sc,SSI-F-USC-1383d,federal,statute,EXTRACTABLE,,,no,inherited from federal
us-sd,SSI-F-USC-1383d,federal,statute,EXTRACTABLE,,,no,inherited from federal
us-tn,SSI-F-USC-1383d,federal,statute,EXTRACTABLE,,,no,inherited from federal
us-tx,SSI-F-USC-1383d,federal,statute,EXTRACTABLE,,,no,inherited from federal
us-ut,SSI-F-USC-1383d,federal,statute,EXTRACTABLE,,,no,inherited from federal
us-va,SSI-F-USC-1383d,federal,statute,EXTRACTABLE,,,no,inherited from federal
us-vt,SSI-F-USC-1383d,federal,statute,EXTRACTABLE,,,no,inherited from federal
us-wa,SSI-F-USC-1383d,federal,statute,EXTRACTABLE,,,no,inherited from federal
us-wi,SSI-F-USC-1383d,federal,statute,EXTRACTABLE,,,no,inherited from federal
us-wv,SSI-F-USC-1383d,federal,statute,EXTRACTABLE,,,no,inherited from federal
us-wy,SSI-F-USC-1383d,federal,statute,EXTRACTABLE,,,no,inherited from federal
us,SSI-F-USC-1383e,federal,statute,EXTRACTABLE,,,no,"uscode.house.gov Title 42 ch. 7 subch. XVI (same publisher as the held 2026-06-20 Title XVI scope, which stops at 1382j)"
us-ak,SSI-F-USC-1383e,federal,statute,EXTRACTABLE,,,no,inherited from federal
us-al,SSI-F-USC-1383e,federal,statute,EXTRACTABLE,,,no,inherited from federal
us-ar,SSI-F-USC-1383e,federal,statute,EXTRACTABLE,,,no,inherited from federal
us-az,SSI-F-USC-1383e,federal,statute,EXTRACTABLE,,,no,inherited from federal
us-ca,SSI-F-USC-1383e,federal,statute,EXTRACTABLE,,,no,inherited from federal
us-co,SSI-F-USC-1383e,federal,statute,EXTRACTABLE,,,no,inherited from federal
us-ct,SSI-F-USC-1383e,federal,statute,EXTRACTABLE,,,no,inherited from federal
us-dc,SSI-F-USC-1383e,federal,statute,EXTRACTABLE,,,no,inherited from federal
us-de,SSI-F-USC-1383e,federal,statute,EXTRACTABLE,,,no,inherited from federal
us-fl,SSI-F-USC-1383e,federal,statute,EXTRACTABLE,,,no,inherited from federal
us-ga,SSI-F-USC-1383e,federal,statute,EXTRACTABLE,,,no,inherited from federal
us-hi,SSI-F-USC-1383e,federal,statute,EXTRACTABLE,,,no,inherited from federal
us-ia,SSI-F-USC-1383e,federal,statute,EXTRACTABLE,,,no,inherited from federal
us-id,SSI-F-USC-1383e,federal,statute,EXTRACTABLE,,,no,inherited from federal
us-il,SSI-F-USC-1383e,federal,statute,EXTRACTABLE,,,no,inherited from federal
us-in,SSI-F-USC-1383e,federal,statute,EXTRACTABLE,,,no,inherited from federal
us-ks,SSI-F-USC-1383e,federal,statute,EXTRACTABLE,,,no,inherited from federal
us-ky,SSI-F-USC-1383e,federal,statute,EXTRACTABLE,,,no,inherited from federal
us-la,SSI-F-USC-1383e,federal,statute,EXTRACTABLE,,,no,inherited from federal
us-ma,SSI-F-USC-1383e,federal,statute,EXTRACTABLE,,,no,inherited from federal
us-md,SSI-F-USC-1383e,federal,statute,EXTRACTABLE,,,no,inherited from federal
us-me,SSI-F-USC-1383e,federal,statute,EXTRACTABLE,,,no,inherited from federal
us-mi,SSI-F-USC-1383e,federal,statute,EXTRACTABLE,,,no,inherited from federal
us-mn,SSI-F-USC-1383e,federal,statute,EXTRACTABLE,,,no,inherited from federal
us-mo,SSI-F-USC-1383e,federal,statute,EXTRACTABLE,,,no,inherited from federal
us-ms,SSI-F-USC-1383e,federal,statute,EXTRACTABLE,,,no,inherited from federal
us-mt,SSI-F-USC-1383e,federal,statute,EXTRACTABLE,,,no,inherited from federal
us-nc,SSI-F-USC-1383e,federal,statute,EXTRACTABLE,,,no,inherited from federal
us-nd,SSI-F-USC-1383e,federal,statute,EXTRACTABLE,,,no,inherited from federal
us-ne,SSI-F-USC-1383e,federal,statute,EXTRACTABLE,,,no,inherited from federal
us-nh,SSI-F-USC-1383e,federal,statute,EXTRACTABLE,,,no,inherited from federal
us-nj,SSI-F-USC-1383e,federal,statute,EXTRACTABLE,,,no,inherited from federal
us-nm,SSI-F-USC-1383e,federal,statute,EXTRACTABLE,,,no,inherited from federal
us-nv,SSI-F-USC-1383e,federal,statute,EXTRACTABLE,,,no,inherited from federal
us-ny,SSI-F-USC-1383e,federal,statute,EXTRACTABLE,,,no,inherited from federal
us-oh,SSI-F-USC-1383e,federal,statute,EXTRACTABLE,,,no,inherited from federal
us-ok,SSI-F-USC-1383e,federal,statute,EXTRACTABLE,,,no,inherited from federal
us-or,SSI-F-USC-1383e,federal,statute,EXTRACTABLE,,,no,inherited from federal
us-pa,SSI-F-USC-1383e,federal,statute,EXTRACTABLE,,,no,inherited from federal
us-ri,SSI-F-USC-1383e,federal,statute,EXTRACTABLE,,,no,inherited from federal
us-sc,SSI-F-USC-1383e,federal,statute,EXTRACTABLE,,,no,inherited from federal
us-sd,SSI-F-USC-1383e,federal,statute,EXTRACTABLE,,,no,inherited from federal
us-tn,SSI-F-USC-1383e,federal,statute,EXTRACTABLE,,,no,inherited from federal
us-tx,SSI-F-USC-1383e,federal,statute,EXTRACTABLE,,,no,inherited from federal
us-ut,SSI-F-USC-1383e,federal,statute,EXTRACTABLE,,,no,inherited from federal
us-va,SSI-F-USC-1383e,federal,statute,EXTRACTABLE,,,no,inherited from federal
us-vt,SSI-F-USC-1383e,federal,statute,EXTRACTABLE,,,no,inherited from federal
us-wa,SSI-F-USC-1383e,federal,statute,EXTRACTABLE,,,no,inherited from federal
us-wi,SSI-F-USC-1383e,federal,statute,EXTRACTABLE,,,no,inherited from federal
us-wv,SSI-F-USC-1383e,federal,statute,EXTRACTABLE,,,no,inherited from federal
us-wy,SSI-F-USC-1383e,federal,statute,EXTRACTABLE,,,no,inherited from federal
us,SSI-F-USC-1383f,federal,statute,EXTRACTABLE,,,no,"uscode.house.gov Title 42 ch. 7 subch. XVI (same publisher as the held 2026-06-20 Title XVI scope, which stops at 1382j)"
us-ak,SSI-F-USC-1383f,federal,statute,EXTRACTABLE,,,no,inherited from federal
us-al,SSI-F-USC-1383f,federal,statute,EXTRACTABLE,,,no,inherited from federal
us-ar,SSI-F-USC-1383f,federal,statute,EXTRACTABLE,,,no,inherited from federal
us-az,SSI-F-USC-1383f,federal,statute,EXTRACTABLE,,,no,inherited from federal
us-ca,SSI-F-USC-1383f,federal,statute,EXTRACTABLE,,,no,inherited from federal
us-co,SSI-F-USC-1383f,federal,statute,EXTRACTABLE,,,no,inherited from federal
us-ct,SSI-F-USC-1383f,federal,statute,EXTRACTABLE,,,no,inherited from federal
us-dc,SSI-F-USC-1383f,federal,statute,EXTRACTABLE,,,no,inherited from federal
us-de,SSI-F-USC-1383f,federal,statute,EXTRACTABLE,,,no,inherited from federal
us-fl,SSI-F-USC-1383f,federal,statute,EXTRACTABLE,,,no,inherited from federal
us-ga,SSI-F-USC-1383f,federal,statute,EXTRACTABLE,,,no,inherited from federal
us-hi,SSI-F-USC-1383f,federal,statute,EXTRACTABLE,,,no,inherited from federal
us-ia,SSI-F-USC-1383f,federal,statute,EXTRACTABLE,,,no,inherited from federal
us-id,SSI-F-USC-1383f,federal,statute,EXTRACTABLE,,,no,inherited from federal
us-il,SSI-F-USC-1383f,federal,statute,EXTRACTABLE,,,no,inherited from federal
us-in,SSI-F-USC-1383f,federal,statute,EXTRACTABLE,,,no,inherited from federal
us-ks,SSI-F-USC-1383f,federal,statute,EXTRACTABLE,,,no,inherited from federal
us-ky,SSI-F-USC-1383f,federal,statute,EXTRACTABLE,,,no,inherited from federal
us-la,SSI-F-USC-1383f,federal,statute,EXTRACTABLE,,,no,inherited from federal
us-ma,SSI-F-USC-1383f,federal,statute,EXTRACTABLE,,,no,inherited from federal
us-md,SSI-F-USC-1383f,federal,statute,EXTRACTABLE,,,no,inherited from federal
us-me,SSI-F-USC-1383f,federal,statute,EXTRACTABLE,,,no,inherited from federal
us-mi,SSI-F-USC-1383f,federal,statute,EXTRACTABLE,,,no,inherited from federal
us-mn,SSI-F-USC-1383f,federal,statute,EXTRACTABLE,,,no,inherited from federal
us-mo,SSI-F-USC-1383f,federal,statute,EXTRACTABLE,,,no,inherited from federal
us-ms,SSI-F-USC-1383f,federal,statute,EXTRACTABLE,,,no,inherited from federal
us-mt,SSI-F-USC-1383f,federal,statute,EXTRACTABLE,,,no,inherited from federal
us-nc,SSI-F-USC-1383f,federal,statute,EXTRACTABLE,,,no,inherited from federal
us-nd,SSI-F-USC-1383f,federal,statute,EXTRACTABLE,,,no,inherited from federal
us-ne,SSI-F-USC-1383f,federal,statute,EXTRACTABLE,,,no,inherited from federal
us-nh,SSI-F-USC-1383f,federal,statute,EXTRACTABLE,,,no,inherited from federal
us-nj,SSI-F-USC-1383f,federal,statute,EXTRACTABLE,,,no,inherited from federal
us-nm,SSI-F-USC-1383f,federal,statute,EXTRACTABLE,,,no,inherited from federal
us-nv,SSI-F-USC-1383f,federal,statute,EXTRACTABLE,,,no,inherited from federal
us-ny,SSI-F-USC-1383f,federal,statute,EXTRACTABLE,,,no,inherited from federal
us-oh,SSI-F-USC-1383f,federal,statute,EXTRACTABLE,,,no,inherited from federal
us-ok,SSI-F-USC-1383f,federal,statute,EXTRACTABLE,,,no,inherited from federal
us-or,SSI-F-USC-1383f,federal,statute,EXTRACTABLE,,,no,inherited from federal
us-pa,SSI-F-USC-1383f,federal,statute,EXTRACTABLE,,,no,inherited from federal
us-ri,SSI-F-USC-1383f,federal,statute,EXTRACTABLE,,,no,inherited from federal
us-sc,SSI-F-USC-1383f,federal,statute,EXTRACTABLE,,,no,inherited from federal
us-sd,SSI-F-USC-1383f,federal,statute,EXTRACTABLE,,,no,inherited from federal
us-tn,SSI-F-USC-1383f,federal,statute,EXTRACTABLE,,,no,inherited from federal
us-tx,SSI-F-USC-1383f,federal,statute,EXTRACTABLE,,,no,inherited from federal
us-ut,SSI-F-USC-1383f,federal,statute,EXTRACTABLE,,,no,inherited from federal
us-va,SSI-F-USC-1383f,federal,statute,EXTRACTABLE,,,no,inherited from federal
us-vt,SSI-F-USC-1383f,federal,statute,EXTRACTABLE,,,no,inherited from federal
us-wa,SSI-F-USC-1383f,federal,statute,EXTRACTABLE,,,no,inherited from federal
us-wi,SSI-F-USC-1383f,federal,statute,EXTRACTABLE,,,no,inherited from federal
us-wv,SSI-F-USC-1383f,federal,statute,EXTRACTABLE,,,no,inherited from federal
us-wy,SSI-F-USC-1383f,federal,statute,EXTRACTABLE,,,no,inherited from federal
us,SSI-F-CFR416-A,federal,regulation,PRESENT,2026-09-11-title-20-part-416,us/regulation/20/416/101,no,subpart A: 5 sections with non-empty bodies in the 2026-09-11 complete eCFR scope (cited: first section; container row us/regulation/20/416/subpart-A has no body by design)
us-ak,SSI-F-CFR416-A,federal,regulation,PRESENT,2026-09-11-title-20-part-416,us/regulation/20/416/101,no,inherited from federal
us-al,SSI-F-CFR416-A,federal,regulation,PRESENT,2026-09-11-title-20-part-416,us/regulation/20/416/101,no,inherited from federal
us-ar,SSI-F-CFR416-A,federal,regulation,PRESENT,2026-09-11-title-20-part-416,us/regulation/20/416/101,no,inherited from federal
us-az,SSI-F-CFR416-A,federal,regulation,PRESENT,2026-09-11-title-20-part-416,us/regulation/20/416/101,no,inherited from federal
us-ca,SSI-F-CFR416-A,federal,regulation,PRESENT,2026-09-11-title-20-part-416,us/regulation/20/416/101,no,inherited from federal
us-co,SSI-F-CFR416-A,federal,regulation,PRESENT,2026-09-11-title-20-part-416,us/regulation/20/416/101,no,inherited from federal
us-ct,SSI-F-CFR416-A,federal,regulation,PRESENT,2026-09-11-title-20-part-416,us/regulation/20/416/101,no,inherited from federal
us-dc,SSI-F-CFR416-A,federal,regulation,PRESENT,2026-09-11-title-20-part-416,us/regulation/20/416/101,no,inherited from federal
us-de,SSI-F-CFR416-A,federal,regulation,PRESENT,2026-09-11-title-20-part-416,us/regulation/20/416/101,no,inherited from federal
us-fl,SSI-F-CFR416-A,federal,regulation,PRESENT,2026-09-11-title-20-part-416,us/regulation/20/416/101,no,inherited from federal
us-ga,SSI-F-CFR416-A,federal,regulation,PRESENT,2026-09-11-title-20-part-416,us/regulation/20/416/101,no,inherited from federal
us-hi,SSI-F-CFR416-A,federal,regulation,PRESENT,2026-09-11-title-20-part-416,us/regulation/20/416/101,no,inherited from federal
us-ia,SSI-F-CFR416-A,federal,regulation,PRESENT,2026-09-11-title-20-part-416,us/regulation/20/416/101,no,inherited from federal
us-id,SSI-F-CFR416-A,federal,regulation,PRESENT,2026-09-11-title-20-part-416,us/regulation/20/416/101,no,inherited from federal
us-il,SSI-F-CFR416-A,federal,regulation,PRESENT,2026-09-11-title-20-part-416,us/regulation/20/416/101,no,inherited from federal
us-in,SSI-F-CFR416-A,federal,regulation,PRESENT,2026-09-11-title-20-part-416,us/regulation/20/416/101,no,inherited from federal
us-ks,SSI-F-CFR416-A,federal,regulation,PRESENT,2026-09-11-title-20-part-416,us/regulation/20/416/101,no,inherited from federal
us-ky,SSI-F-CFR416-A,federal,regulation,PRESENT,2026-09-11-title-20-part-416,us/regulation/20/416/101,no,inherited from federal
us-la,SSI-F-CFR416-A,federal,regulation,PRESENT,2026-09-11-title-20-part-416,us/regulation/20/416/101,no,inherited from federal
us-ma,SSI-F-CFR416-A,federal,regulation,PRESENT,2026-09-11-title-20-part-416,us/regulation/20/416/101,no,inherited from federal
us-md,SSI-F-CFR416-A,federal,regulation,PRESENT,2026-09-11-title-20-part-416,us/regulation/20/416/101,no,inherited from federal
us-me,SSI-F-CFR416-A,federal,regulation,PRESENT,2026-09-11-title-20-part-416,us/regulation/20/416/101,no,inherited from federal
us-mi,SSI-F-CFR416-A,federal,regulation,PRESENT,2026-09-11-title-20-part-416,us/regulation/20/416/101,no,inherited from federal
us-mn,SSI-F-CFR416-A,federal,regulation,PRESENT,2026-09-11-title-20-part-416,us/regulation/20/416/101,no,inherited from federal
us-mo,SSI-F-CFR416-A,federal,regulation,PRESENT,2026-09-11-title-20-part-416,us/regulation/20/416/101,no,inherited from federal
us-ms,SSI-F-CFR416-A,federal,regulation,PRESENT,2026-09-11-title-20-part-416,us/regulation/20/416/101,no,inherited from federal
us-mt,SSI-F-CFR416-A,federal,regulation,PRESENT,2026-09-11-title-20-part-416,us/regulation/20/416/101,no,inherited from federal
us-nc,SSI-F-CFR416-A,federal,regulation,PRESENT,2026-09-11-title-20-part-416,us/regulation/20/416/101,no,inherited from federal
us-nd,SSI-F-CFR416-A,federal,regulation,PRESENT,2026-09-11-title-20-part-416,us/regulation/20/416/101,no,inherited from federal
us-ne,SSI-F-CFR416-A,federal,regulation,PRESENT,2026-09-11-title-20-part-416,us/regulation/20/416/101,no,inherited from federal
us-nh,SSI-F-CFR416-A,federal,regulation,PRESENT,2026-09-11-title-20-part-416,us/regulation/20/416/101,no,inherited from federal
us-nj,SSI-F-CFR416-A,federal,regulation,PRESENT,2026-09-11-title-20-part-416,us/regulation/20/416/101,no,inherited from federal
us-nm,SSI-F-CFR416-A,federal,regulation,PRESENT,2026-09-11-title-20-part-416,us/regulation/20/416/101,no,inherited from federal
us-nv,SSI-F-CFR416-A,federal,regulation,PRESENT,2026-09-11-title-20-part-416,us/regulation/20/416/101,no,inherited from federal
us-ny,SSI-F-CFR416-A,federal,regulation,PRESENT,2026-09-11-title-20-part-416,us/regulation/20/416/101,no,inherited from federal
us-oh,SSI-F-CFR416-A,federal,regulation,PRESENT,2026-09-11-title-20-part-416,us/regulation/20/416/101,no,inherited from federal
us-ok,SSI-F-CFR416-A,federal,regulation,PRESENT,2026-09-11-title-20-part-416,us/regulation/20/416/101,no,inherited from federal
us-or,SSI-F-CFR416-A,federal,regulation,PRESENT,2026-09-11-title-20-part-416,us/regulation/20/416/101,no,inherited from federal
us-pa,SSI-F-CFR416-A,federal,regulation,PRESENT,2026-09-11-title-20-part-416,us/regulation/20/416/101,no,inherited from federal
us-ri,SSI-F-CFR416-A,federal,regulation,PRESENT,2026-09-11-title-20-part-416,us/regulation/20/416/101,no,inherited from federal
us-sc,SSI-F-CFR416-A,federal,regulation,PRESENT,2026-09-11-title-20-part-416,us/regulation/20/416/101,no,inherited from federal
us-sd,SSI-F-CFR416-A,federal,regulation,PRESENT,2026-09-11-title-20-part-416,us/regulation/20/416/101,no,inherited from federal
us-tn,SSI-F-CFR416-A,federal,regulation,PRESENT,2026-09-11-title-20-part-416,us/regulation/20/416/101,no,inherited from federal
us-tx,SSI-F-CFR416-A,federal,regulation,PRESENT,2026-09-11-title-20-part-416,us/regulation/20/416/101,no,inherited from federal
us-ut,SSI-F-CFR416-A,federal,regulation,PRESENT,2026-09-11-title-20-part-416,us/regulation/20/416/101,no,inherited from federal
us-va,SSI-F-CFR416-A,federal,regulation,PRESENT,2026-09-11-title-20-part-416,us/regulation/20/416/101,no,inherited from federal
us-vt,SSI-F-CFR416-A,federal,regulation,PRESENT,2026-09-11-title-20-part-416,us/regulation/20/416/101,no,inherited from federal
us-wa,SSI-F-CFR416-A,federal,regulation,PRESENT,2026-09-11-title-20-part-416,us/regulation/20/416/101,no,inherited from federal
us-wi,SSI-F-CFR416-A,federal,regulation,PRESENT,2026-09-11-title-20-part-416,us/regulation/20/416/101,no,inherited from federal
us-wv,SSI-F-CFR416-A,federal,regulation,PRESENT,2026-09-11-title-20-part-416,us/regulation/20/416/101,no,inherited from federal
us-wy,SSI-F-CFR416-A,federal,regulation,PRESENT,2026-09-11-title-20-part-416,us/regulation/20/416/101,no,inherited from federal
us,SSI-F-CFR416-B,federal,regulation,PRESENT,2026-09-11-title-20-part-416,us/regulation/20/416/200,partial,subpart B: 26 sections with non-empty bodies in the 2026-09-11 complete eCFR scope (cited: first section; container row us/regulation/20/416/subpart-B has no body by design)
us-ak,SSI-F-CFR416-B,federal,regulation,PRESENT,2026-09-11-title-20-part-416,us/regulation/20/416/200,partial,inherited from federal
us-al,SSI-F-CFR416-B,federal,regulation,PRESENT,2026-09-11-title-20-part-416,us/regulation/20/416/200,partial,inherited from federal
us-ar,SSI-F-CFR416-B,federal,regulation,PRESENT,2026-09-11-title-20-part-416,us/regulation/20/416/200,partial,inherited from federal
us-az,SSI-F-CFR416-B,federal,regulation,PRESENT,2026-09-11-title-20-part-416,us/regulation/20/416/200,partial,inherited from federal
us-ca,SSI-F-CFR416-B,federal,regulation,PRESENT,2026-09-11-title-20-part-416,us/regulation/20/416/200,partial,inherited from federal
us-co,SSI-F-CFR416-B,federal,regulation,PRESENT,2026-09-11-title-20-part-416,us/regulation/20/416/200,partial,inherited from federal
us-ct,SSI-F-CFR416-B,federal,regulation,PRESENT,2026-09-11-title-20-part-416,us/regulation/20/416/200,partial,inherited from federal
us-dc,SSI-F-CFR416-B,federal,regulation,PRESENT,2026-09-11-title-20-part-416,us/regulation/20/416/200,partial,inherited from federal
us-de,SSI-F-CFR416-B,federal,regulation,PRESENT,2026-09-11-title-20-part-416,us/regulation/20/416/200,partial,inherited from federal
us-fl,SSI-F-CFR416-B,federal,regulation,PRESENT,2026-09-11-title-20-part-416,us/regulation/20/416/200,partial,inherited from federal
us-ga,SSI-F-CFR416-B,federal,regulation,PRESENT,2026-09-11-title-20-part-416,us/regulation/20/416/200,partial,inherited from federal
us-hi,SSI-F-CFR416-B,federal,regulation,PRESENT,2026-09-11-title-20-part-416,us/regulation/20/416/200,partial,inherited from federal
us-ia,SSI-F-CFR416-B,federal,regulation,PRESENT,2026-09-11-title-20-part-416,us/regulation/20/416/200,partial,inherited from federal
us-id,SSI-F-CFR416-B,federal,regulation,PRESENT,2026-09-11-title-20-part-416,us/regulation/20/416/200,partial,inherited from federal
us-il,SSI-F-CFR416-B,federal,regulation,PRESENT,2026-09-11-title-20-part-416,us/regulation/20/416/200,partial,inherited from federal
us-in,SSI-F-CFR416-B,federal,regulation,PRESENT,2026-09-11-title-20-part-416,us/regulation/20/416/200,partial,inherited from federal
us-ks,SSI-F-CFR416-B,federal,regulation,PRESENT,2026-09-11-title-20-part-416,us/regulation/20/416/200,partial,inherited from federal
us-ky,SSI-F-CFR416-B,federal,regulation,PRESENT,2026-09-11-title-20-part-416,us/regulation/20/416/200,partial,inherited from federal
us-la,SSI-F-CFR416-B,federal,regulation,PRESENT,2026-09-11-title-20-part-416,us/regulation/20/416/200,partial,inherited from federal
us-ma,SSI-F-CFR416-B,federal,regulation,PRESENT,2026-09-11-title-20-part-416,us/regulation/20/416/200,partial,inherited from federal
us-md,SSI-F-CFR416-B,federal,regulation,PRESENT,2026-09-11-title-20-part-416,us/regulation/20/416/200,partial,inherited from federal
us-me,SSI-F-CFR416-B,federal,regulation,PRESENT,2026-09-11-title-20-part-416,us/regulation/20/416/200,partial,inherited from federal
us-mi,SSI-F-CFR416-B,federal,regulation,PRESENT,2026-09-11-title-20-part-416,us/regulation/20/416/200,partial,inherited from federal
us-mn,SSI-F-CFR416-B,federal,regulation,PRESENT,2026-09-11-title-20-part-416,us/regulation/20/416/200,partial,inherited from federal
us-mo,SSI-F-CFR416-B,federal,regulation,PRESENT,2026-09-11-title-20-part-416,us/regulation/20/416/200,partial,inherited from federal
us-ms,SSI-F-CFR416-B,federal,regulation,PRESENT,2026-09-11-title-20-part-416,us/regulation/20/416/200,partial,inherited from federal
us-mt,SSI-F-CFR416-B,federal,regulation,PRESENT,2026-09-11-title-20-part-416,us/regulation/20/416/200,partial,inherited from federal
us-nc,SSI-F-CFR416-B,federal,regulation,PRESENT,2026-09-11-title-20-part-416,us/regulation/20/416/200,partial,inherited from federal
us-nd,SSI-F-CFR416-B,federal,regulation,PRESENT,2026-09-11-title-20-part-416,us/regulation/20/416/200,partial,inherited from federal
us-ne,SSI-F-CFR416-B,federal,regulation,PRESENT,2026-09-11-title-20-part-416,us/regulation/20/416/200,partial,inherited from federal
us-nh,SSI-F-CFR416-B,federal,regulation,PRESENT,2026-09-11-title-20-part-416,us/regulation/20/416/200,partial,inherited from federal
us-nj,SSI-F-CFR416-B,federal,regulation,PRESENT,2026-09-11-title-20-part-416,us/regulation/20/416/200,partial,inherited from federal
us-nm,SSI-F-CFR416-B,federal,regulation,PRESENT,2026-09-11-title-20-part-416,us/regulation/20/416/200,partial,inherited from federal
us-nv,SSI-F-CFR416-B,federal,regulation,PRESENT,2026-09-11-title-20-part-416,us/regulation/20/416/200,partial,inherited from federal
us-ny,SSI-F-CFR416-B,federal,regulation,PRESENT,2026-09-11-title-20-part-416,us/regulation/20/416/200,partial,inherited from federal
us-oh,SSI-F-CFR416-B,federal,regulation,PRESENT,2026-09-11-title-20-part-416,us/regulation/20/416/200,partial,inherited from federal
us-ok,SSI-F-CFR416-B,federal,regulation,PRESENT,2026-09-11-title-20-part-416,us/regulation/20/416/200,partial,inherited from federal
us-or,SSI-F-CFR416-B,federal,regulation,PRESENT,2026-09-11-title-20-part-416,us/regulation/20/416/200,partial,inherited from federal
us-pa,SSI-F-CFR416-B,federal,regulation,PRESENT,2026-09-11-title-20-part-416,us/regulation/20/416/200,partial,inherited from federal
us-ri,SSI-F-CFR416-B,federal,regulation,PRESENT,2026-09-11-title-20-part-416,us/regulation/20/416/200,partial,inherited from federal
us-sc,SSI-F-CFR416-B,federal,regulation,PRESENT,2026-09-11-title-20-part-416,us/regulation/20/416/200,partial,inherited from federal
us-sd,SSI-F-CFR416-B,federal,regulation,PRESENT,2026-09-11-title-20-part-416,us/regulation/20/416/200,partial,inherited from federal
us-tn,SSI-F-CFR416-B,federal,regulation,PRESENT,2026-09-11-title-20-part-416,us/regulation/20/416/200,partial,inherited from federal
us-tx,SSI-F-CFR416-B,federal,regulation,PRESENT,2026-09-11-title-20-part-416,us/regulation/20/416/200,partial,inherited from federal
us-ut,SSI-F-CFR416-B,federal,regulation,PRESENT,2026-09-11-title-20-part-416,us/regulation/20/416/200,partial,inherited from federal
us-va,SSI-F-CFR416-B,federal,regulation,PRESENT,2026-09-11-title-20-part-416,us/regulation/20/416/200,partial,inherited from federal
us-vt,SSI-F-CFR416-B,federal,regulation,PRESENT,2026-09-11-title-20-part-416,us/regulation/20/416/200,partial,inherited from federal
us-wa,SSI-F-CFR416-B,federal,regulation,PRESENT,2026-09-11-title-20-part-416,us/regulation/20/416/200,partial,inherited from federal
us-wi,SSI-F-CFR416-B,federal,regulation,PRESENT,2026-09-11-title-20-part-416,us/regulation/20/416/200,partial,inherited from federal
us-wv,SSI-F-CFR416-B,federal,regulation,PRESENT,2026-09-11-title-20-part-416,us/regulation/20/416/200,partial,inherited from federal
us-wy,SSI-F-CFR416-B,federal,regulation,PRESENT,2026-09-11-title-20-part-416,us/regulation/20/416/200,partial,inherited from federal
us,SSI-F-CFR416-C,federal,regulation,PRESENT,2026-09-11-title-20-part-416,us/regulation/20/416/301,no,subpart C: 16 sections with non-empty bodies in the 2026-09-11 complete eCFR scope (cited: first section; container row us/regulation/20/416/subpart-C has no body by design)
us-ak,SSI-F-CFR416-C,federal,regulation,PRESENT,2026-09-11-title-20-part-416,us/regulation/20/416/301,no,inherited from federal
us-al,SSI-F-CFR416-C,federal,regulation,PRESENT,2026-09-11-title-20-part-416,us/regulation/20/416/301,no,inherited from federal
us-ar,SSI-F-CFR416-C,federal,regulation,PRESENT,2026-09-11-title-20-part-416,us/regulation/20/416/301,no,inherited from federal
us-az,SSI-F-CFR416-C,federal,regulation,PRESENT,2026-09-11-title-20-part-416,us/regulation/20/416/301,no,inherited from federal
us-ca,SSI-F-CFR416-C,federal,regulation,PRESENT,2026-09-11-title-20-part-416,us/regulation/20/416/301,no,inherited from federal
us-co,SSI-F-CFR416-C,federal,regulation,PRESENT,2026-09-11-title-20-part-416,us/regulation/20/416/301,no,inherited from federal
us-ct,SSI-F-CFR416-C,federal,regulation,PRESENT,2026-09-11-title-20-part-416,us/regulation/20/416/301,no,inherited from federal
us-dc,SSI-F-CFR416-C,federal,regulation,PRESENT,2026-09-11-title-20-part-416,us/regulation/20/416/301,no,inherited from federal
us-de,SSI-F-CFR416-C,federal,regulation,PRESENT,2026-09-11-title-20-part-416,us/regulation/20/416/301,no,inherited from federal
us-fl,SSI-F-CFR416-C,federal,regulation,PRESENT,2026-09-11-title-20-part-416,us/regulation/20/416/301,no,inherited from federal
us-ga,SSI-F-CFR416-C,federal,regulation,PRESENT,2026-09-11-title-20-part-416,us/regulation/20/416/301,no,inherited from federal
us-hi,SSI-F-CFR416-C,federal,regulation,PRESENT,2026-09-11-title-20-part-416,us/regulation/20/416/301,no,inherited from federal
us-ia,SSI-F-CFR416-C,federal,regulation,PRESENT,2026-09-11-title-20-part-416,us/regulation/20/416/301,no,inherited from federal
us-id,SSI-F-CFR416-C,federal,regulation,PRESENT,2026-09-11-title-20-part-416,us/regulation/20/416/301,no,inherited from federal
us-il,SSI-F-CFR416-C,federal,regulation,PRESENT,2026-09-11-title-20-part-416,us/regulation/20/416/301,no,inherited from federal
us-in,SSI-F-CFR416-C,federal,regulation,PRESENT,2026-09-11-title-20-part-416,us/regulation/20/416/301,no,inherited from federal
us-ks,SSI-F-CFR416-C,federal,regulation,PRESENT,2026-09-11-title-20-part-416,us/regulation/20/416/301,no,inherited from federal
us-ky,SSI-F-CFR416-C,federal,regulation,PRESENT,2026-09-11-title-20-part-416,us/regulation/20/416/301,no,inherited from federal
us-la,SSI-F-CFR416-C,federal,regulation,PRESENT,2026-09-11-title-20-part-416,us/regulation/20/416/301,no,inherited from federal
us-ma,SSI-F-CFR416-C,federal,regulation,PRESENT,2026-09-11-title-20-part-416,us/regulation/20/416/301,no,inherited from federal
us-md,SSI-F-CFR416-C,federal,regulation,PRESENT,2026-09-11-title-20-part-416,us/regulation/20/416/301,no,inherited from federal
us-me,SSI-F-CFR416-C,federal,regulation,PRESENT,2026-09-11-title-20-part-416,us/regulation/20/416/301,no,inherited from federal
us-mi,SSI-F-CFR416-C,federal,regulation,PRESENT,2026-09-11-title-20-part-416,us/regulation/20/416/301,no,inherited from federal
us-mn,SSI-F-CFR416-C,federal,regulation,PRESENT,2026-09-11-title-20-part-416,us/regulation/20/416/301,no,inherited from federal
us-mo,SSI-F-CFR416-C,federal,regulation,PRESENT,2026-09-11-title-20-part-416,us/regulation/20/416/301,no,inherited from federal
us-ms,SSI-F-CFR416-C,federal,regulation,PRESENT,2026-09-11-title-20-part-416,us/regulation/20/416/301,no,inherited from federal
us-mt,SSI-F-CFR416-C,federal,regulation,PRESENT,2026-09-11-title-20-part-416,us/regulation/20/416/301,no,inherited from federal
us-nc,SSI-F-CFR416-C,federal,regulation,PRESENT,2026-09-11-title-20-part-416,us/regulation/20/416/301,no,inherited from federal
us-nd,SSI-F-CFR416-C,federal,regulation,PRESENT,2026-09-11-title-20-part-416,us/regulation/20/416/301,no,inherited from federal
us-ne,SSI-F-CFR416-C,federal,regulation,PRESENT,2026-09-11-title-20-part-416,us/regulation/20/416/301,no,inherited from federal
us-nh,SSI-F-CFR416-C,federal,regulation,PRESENT,2026-09-11-title-20-part-416,us/regulation/20/416/301,no,inherited from federal
us-nj,SSI-F-CFR416-C,federal,regulation,PRESENT,2026-09-11-title-20-part-416,us/regulation/20/416/301,no,inherited from federal
us-nm,SSI-F-CFR416-C,federal,regulation,PRESENT,2026-09-11-title-20-part-416,us/regulation/20/416/301,no,inherited from federal
us-nv,SSI-F-CFR416-C,federal,regulation,PRESENT,2026-09-11-title-20-part-416,us/regulation/20/416/301,no,inherited from federal
us-ny,SSI-F-CFR416-C,federal,regulation,PRESENT,2026-09-11-title-20-part-416,us/regulation/20/416/301,no,inherited from federal
us-oh,SSI-F-CFR416-C,federal,regulation,PRESENT,2026-09-11-title-20-part-416,us/regulation/20/416/301,no,inherited from federal
us-ok,SSI-F-CFR416-C,federal,regulation,PRESENT,2026-09-11-title-20-part-416,us/regulation/20/416/301,no,inherited from federal
us-or,SSI-F-CFR416-C,federal,regulation,PRESENT,2026-09-11-title-20-part-416,us/regulation/20/416/301,no,inherited from federal
us-pa,SSI-F-CFR416-C,federal,regulation,PRESENT,2026-09-11-title-20-part-416,us/regulation/20/416/301,no,inherited from federal
us-ri,SSI-F-CFR416-C,federal,regulation,PRESENT,2026-09-11-title-20-part-416,us/regulation/20/416/301,no,inherited from federal
us-sc,SSI-F-CFR416-C,federal,regulation,PRESENT,2026-09-11-title-20-part-416,us/regulation/20/416/301,no,inherited from federal
us-sd,SSI-F-CFR416-C,federal,regulation,PRESENT,2026-09-11-title-20-part-416,us/regulation/20/416/301,no,inherited from federal
us-tn,SSI-F-CFR416-C,federal,regulation,PRESENT,2026-09-11-title-20-part-416,us/regulation/20/416/301,no,inherited from federal
us-tx,SSI-F-CFR416-C,federal,regulation,PRESENT,2026-09-11-title-20-part-416,us/regulation/20/416/301,no,inherited from federal
us-ut,SSI-F-CFR416-C,federal,regulation,PRESENT,2026-09-11-title-20-part-416,us/regulation/20/416/301,no,inherited from federal
us-va,SSI-F-CFR416-C,federal,regulation,PRESENT,2026-09-11-title-20-part-416,us/regulation/20/416/301,no,inherited from federal
us-vt,SSI-F-CFR416-C,federal,regulation,PRESENT,2026-09-11-title-20-part-416,us/regulation/20/416/301,no,inherited from federal
us-wa,SSI-F-CFR416-C,federal,regulation,PRESENT,2026-09-11-title-20-part-416,us/regulation/20/416/301,no,inherited from federal
us-wi,SSI-F-CFR416-C,federal,regulation,PRESENT,2026-09-11-title-20-part-416,us/regulation/20/416/301,no,inherited from federal
us-wv,SSI-F-CFR416-C,federal,regulation,PRESENT,2026-09-11-title-20-part-416,us/regulation/20/416/301,no,inherited from federal
us-wy,SSI-F-CFR416-C,federal,regulation,PRESENT,2026-09-11-title-20-part-416,us/regulation/20/416/301,no,inherited from federal
us,SSI-F-CFR416-D,federal,regulation,PRESENT,2026-09-11-title-20-part-416,us/regulation/20/416/401,yes,subpart D: 14 sections with non-empty bodies in the 2026-09-11 complete eCFR scope (cited: first section; container row us/regulation/20/416/subpart-D has no body by design)
us-ak,SSI-F-CFR416-D,federal,regulation,PRESENT,2026-09-11-title-20-part-416,us/regulation/20/416/401,yes,inherited from federal
us-al,SSI-F-CFR416-D,federal,regulation,PRESENT,2026-09-11-title-20-part-416,us/regulation/20/416/401,yes,inherited from federal
us-ar,SSI-F-CFR416-D,federal,regulation,PRESENT,2026-09-11-title-20-part-416,us/regulation/20/416/401,yes,inherited from federal
us-az,SSI-F-CFR416-D,federal,regulation,PRESENT,2026-09-11-title-20-part-416,us/regulation/20/416/401,yes,inherited from federal
us-ca,SSI-F-CFR416-D,federal,regulation,PRESENT,2026-09-11-title-20-part-416,us/regulation/20/416/401,yes,inherited from federal
us-co,SSI-F-CFR416-D,federal,regulation,PRESENT,2026-09-11-title-20-part-416,us/regulation/20/416/401,yes,inherited from federal
us-ct,SSI-F-CFR416-D,federal,regulation,PRESENT,2026-09-11-title-20-part-416,us/regulation/20/416/401,yes,inherited from federal
us-dc,SSI-F-CFR416-D,federal,regulation,PRESENT,2026-09-11-title-20-part-416,us/regulation/20/416/401,yes,inherited from federal
us-de,SSI-F-CFR416-D,federal,regulation,PRESENT,2026-09-11-title-20-part-416,us/regulation/20/416/401,yes,inherited from federal
us-fl,SSI-F-CFR416-D,federal,regulation,PRESENT,2026-09-11-title-20-part-416,us/regulation/20/416/401,yes,inherited from federal
us-ga,SSI-F-CFR416-D,federal,regulation,PRESENT,2026-09-11-title-20-part-416,us/regulation/20/416/401,yes,inherited from federal
us-hi,SSI-F-CFR416-D,federal,regulation,PRESENT,2026-09-11-title-20-part-416,us/regulation/20/416/401,yes,inherited from federal
us-ia,SSI-F-CFR416-D,federal,regulation,PRESENT,2026-09-11-title-20-part-416,us/regulation/20/416/401,yes,inherited from federal
us-id,SSI-F-CFR416-D,federal,regulation,PRESENT,2026-09-11-title-20-part-416,us/regulation/20/416/401,yes,inherited from federal
us-il,SSI-F-CFR416-D,federal,regulation,PRESENT,2026-09-11-title-20-part-416,us/regulation/20/416/401,yes,inherited from federal
us-in,SSI-F-CFR416-D,federal,regulation,PRESENT,2026-09-11-title-20-part-416,us/regulation/20/416/401,yes,inherited from federal
us-ks,SSI-F-CFR416-D,federal,regulation,PRESENT,2026-09-11-title-20-part-416,us/regulation/20/416/401,yes,inherited from federal
us-ky,SSI-F-CFR416-D,federal,regulation,PRESENT,2026-09-11-title-20-part-416,us/regulation/20/416/401,yes,inherited from federal
us-la,SSI-F-CFR416-D,federal,regulation,PRESENT,2026-09-11-title-20-part-416,us/regulation/20/416/401,yes,inherited from federal
us-ma,SSI-F-CFR416-D,federal,regulation,PRESENT,2026-09-11-title-20-part-416,us/regulation/20/416/401,yes,inherited from federal
us-md,SSI-F-CFR416-D,federal,regulation,PRESENT,2026-09-11-title-20-part-416,us/regulation/20/416/401,yes,inherited from federal
us-me,SSI-F-CFR416-D,federal,regulation,PRESENT,2026-09-11-title-20-part-416,us/regulation/20/416/401,yes,inherited from federal
us-mi,SSI-F-CFR416-D,federal,regulation,PRESENT,2026-09-11-title-20-part-416,us/regulation/20/416/401,yes,inherited from federal
us-mn,SSI-F-CFR416-D,federal,regulation,PRESENT,2026-09-11-title-20-part-416,us/regulation/20/416/401,yes,inherited from federal
us-mo,SSI-F-CFR416-D,federal,regulation,PRESENT,2026-09-11-title-20-part-416,us/regulation/20/416/401,yes,inherited from federal
us-ms,SSI-F-CFR416-D,federal,regulation,PRESENT,2026-09-11-title-20-part-416,us/regulation/20/416/401,yes,inherited from federal
us-mt,SSI-F-CFR416-D,federal,regulation,PRESENT,2026-09-11-title-20-part-416,us/regulation/20/416/401,yes,inherited from federal
us-nc,SSI-F-CFR416-D,federal,regulation,PRESENT,2026-09-11-title-20-part-416,us/regulation/20/416/401,yes,inherited from federal
us-nd,SSI-F-CFR416-D,federal,regulation,PRESENT,2026-09-11-title-20-part-416,us/regulation/20/416/401,yes,inherited from federal
us-ne,SSI-F-CFR416-D,federal,regulation,PRESENT,2026-09-11-title-20-part-416,us/regulation/20/416/401,yes,inherited from federal
us-nh,SSI-F-CFR416-D,federal,regulation,PRESENT,2026-09-11-title-20-part-416,us/regulation/20/416/401,yes,inherited from federal
us-nj,SSI-F-CFR416-D,federal,regulation,PRESENT,2026-09-11-title-20-part-416,us/regulation/20/416/401,yes,inherited from federal
us-nm,SSI-F-CFR416-D,federal,regulation,PRESENT,2026-09-11-title-20-part-416,us/regulation/20/416/401,yes,inherited from federal
us-nv,SSI-F-CFR416-D,federal,regulation,PRESENT,2026-09-11-title-20-part-416,us/regulation/20/416/401,yes,inherited from federal
us-ny,SSI-F-CFR416-D,federal,regulation,PRESENT,2026-09-11-title-20-part-416,us/regulation/20/416/401,yes,inherited from federal
us-oh,SSI-F-CFR416-D,federal,regulation,PRESENT,2026-09-11-title-20-part-416,us/regulation/20/416/401,yes,inherited from federal
us-ok,SSI-F-CFR416-D,federal,regulation,PRESENT,2026-09-11-title-20-part-416,us/regulation/20/416/401,yes,inherited from federal
us-or,SSI-F-CFR416-D,federal,regulation,PRESENT,2026-09-11-title-20-part-416,us/regulation/20/416/401,yes,inherited from federal
us-pa,SSI-F-CFR416-D,federal,regulation,PRESENT,2026-09-11-title-20-part-416,us/regulation/20/416/401,yes,inherited from federal
us-ri,SSI-F-CFR416-D,federal,regulation,PRESENT,2026-09-11-title-20-part-416,us/regulation/20/416/401,yes,inherited from federal
us-sc,SSI-F-CFR416-D,federal,regulation,PRESENT,2026-09-11-title-20-part-416,us/regulation/20/416/401,yes,inherited from federal
us-sd,SSI-F-CFR416-D,federal,regulation,PRESENT,2026-09-11-title-20-part-416,us/regulation/20/416/401,yes,inherited from federal
us-tn,SSI-F-CFR416-D,federal,regulation,PRESENT,2026-09-11-title-20-part-416,us/regulation/20/416/401,yes,inherited from federal
us-tx,SSI-F-CFR416-D,federal,regulation,PRESENT,2026-09-11-title-20-part-416,us/regulation/20/416/401,yes,inherited from federal
us-ut,SSI-F-CFR416-D,federal,regulation,PRESENT,2026-09-11-title-20-part-416,us/regulation/20/416/401,yes,inherited from federal
us-va,SSI-F-CFR416-D,federal,regulation,PRESENT,2026-09-11-title-20-part-416,us/regulation/20/416/401,yes,inherited from federal
us-vt,SSI-F-CFR416-D,federal,regulation,PRESENT,2026-09-11-title-20-part-416,us/regulation/20/416/401,yes,inherited from federal
us-wa,SSI-F-CFR416-D,federal,regulation,PRESENT,2026-09-11-title-20-part-416,us/regulation/20/416/401,yes,inherited from federal
us-wi,SSI-F-CFR416-D,federal,regulation,PRESENT,2026-09-11-title-20-part-416,us/regulation/20/416/401,yes,inherited from federal
us-wv,SSI-F-CFR416-D,federal,regulation,PRESENT,2026-09-11-title-20-part-416,us/regulation/20/416/401,yes,inherited from federal
us-wy,SSI-F-CFR416-D,federal,regulation,PRESENT,2026-09-11-title-20-part-416,us/regulation/20/416/401,yes,inherited from federal
us,SSI-F-CFR416-E,federal,regulation,PRESENT,2026-09-11-title-20-part-416,us/regulation/20/416/501,no,subpart E: 40 sections with non-empty bodies in the 2026-09-11 complete eCFR scope (cited: first section; container row us/regulation/20/416/subpart-E has no body by design)
us-ak,SSI-F-CFR416-E,federal,regulation,PRESENT,2026-09-11-title-20-part-416,us/regulation/20/416/501,no,inherited from federal
us-al,SSI-F-CFR416-E,federal,regulation,PRESENT,2026-09-11-title-20-part-416,us/regulation/20/416/501,no,inherited from federal
us-ar,SSI-F-CFR416-E,federal,regulation,PRESENT,2026-09-11-title-20-part-416,us/regulation/20/416/501,no,inherited from federal
us-az,SSI-F-CFR416-E,federal,regulation,PRESENT,2026-09-11-title-20-part-416,us/regulation/20/416/501,no,inherited from federal
us-ca,SSI-F-CFR416-E,federal,regulation,PRESENT,2026-09-11-title-20-part-416,us/regulation/20/416/501,no,inherited from federal
us-co,SSI-F-CFR416-E,federal,regulation,PRESENT,2026-09-11-title-20-part-416,us/regulation/20/416/501,no,inherited from federal
us-ct,SSI-F-CFR416-E,federal,regulation,PRESENT,2026-09-11-title-20-part-416,us/regulation/20/416/501,no,inherited from federal
us-dc,SSI-F-CFR416-E,federal,regulation,PRESENT,2026-09-11-title-20-part-416,us/regulation/20/416/501,no,inherited from federal
us-de,SSI-F-CFR416-E,federal,regulation,PRESENT,2026-09-11-title-20-part-416,us/regulation/20/416/501,no,inherited from federal
us-fl,SSI-F-CFR416-E,federal,regulation,PRESENT,2026-09-11-title-20-part-416,us/regulation/20/416/501,no,inherited from federal
us-ga,SSI-F-CFR416-E,federal,regulation,PRESENT,2026-09-11-title-20-part-416,us/regulation/20/416/501,no,inherited from federal
us-hi,SSI-F-CFR416-E,federal,regulation,PRESENT,2026-09-11-title-20-part-416,us/regulation/20/416/501,no,inherited from federal
us-ia,SSI-F-CFR416-E,federal,regulation,PRESENT,2026-09-11-title-20-part-416,us/regulation/20/416/501,no,inherited from federal
us-id,SSI-F-CFR416-E,federal,regulation,PRESENT,2026-09-11-title-20-part-416,us/regulation/20/416/501,no,inherited from federal
us-il,SSI-F-CFR416-E,federal,regulation,PRESENT,2026-09-11-title-20-part-416,us/regulation/20/416/501,no,inherited from federal
us-in,SSI-F-CFR416-E,federal,regulation,PRESENT,2026-09-11-title-20-part-416,us/regulation/20/416/501,no,inherited from federal
us-ks,SSI-F-CFR416-E,federal,regulation,PRESENT,2026-09-11-title-20-part-416,us/regulation/20/416/501,no,inherited from federal
us-ky,SSI-F-CFR416-E,federal,regulation,PRESENT,2026-09-11-title-20-part-416,us/regulation/20/416/501,no,inherited from federal
us-la,SSI-F-CFR416-E,federal,regulation,PRESENT,2026-09-11-title-20-part-416,us/regulation/20/416/501,no,inherited from federal
us-ma,SSI-F-CFR416-E,federal,regulation,PRESENT,2026-09-11-title-20-part-416,us/regulation/20/416/501,no,inherited from federal
us-md,SSI-F-CFR416-E,federal,regulation,PRESENT,2026-09-11-title-20-part-416,us/regulation/20/416/501,no,inherited from federal
us-me,SSI-F-CFR416-E,federal,regulation,PRESENT,2026-09-11-title-20-part-416,us/regulation/20/416/501,no,inherited from federal
us-mi,SSI-F-CFR416-E,federal,regulation,PRESENT,2026-09-11-title-20-part-416,us/regulation/20/416/501,no,inherited from federal
us-mn,SSI-F-CFR416-E,federal,regulation,PRESENT,2026-09-11-title-20-part-416,us/regulation/20/416/501,no,inherited from federal
us-mo,SSI-F-CFR416-E,federal,regulation,PRESENT,2026-09-11-title-20-part-416,us/regulation/20/416/501,no,inherited from federal
us-ms,SSI-F-CFR416-E,federal,regulation,PRESENT,2026-09-11-title-20-part-416,us/regulation/20/416/501,no,inherited from federal
us-mt,SSI-F-CFR416-E,federal,regulation,PRESENT,2026-09-11-title-20-part-416,us/regulation/20/416/501,no,inherited from federal
us-nc,SSI-F-CFR416-E,federal,regulation,PRESENT,2026-09-11-title-20-part-416,us/regulation/20/416/501,no,inherited from federal
us-nd,SSI-F-CFR416-E,federal,regulation,PRESENT,2026-09-11-title-20-part-416,us/regulation/20/416/501,no,inherited from federal
us-ne,SSI-F-CFR416-E,federal,regulation,PRESENT,2026-09-11-title-20-part-416,us/regulation/20/416/501,no,inherited from federal
us-nh,SSI-F-CFR416-E,federal,regulation,PRESENT,2026-09-11-title-20-part-416,us/regulation/20/416/501,no,inherited from federal
us-nj,SSI-F-CFR416-E,federal,regulation,PRESENT,2026-09-11-title-20-part-416,us/regulation/20/416/501,no,inherited from federal
us-nm,SSI-F-CFR416-E,federal,regulation,PRESENT,2026-09-11-title-20-part-416,us/regulation/20/416/501,no,inherited from federal
us-nv,SSI-F-CFR416-E,federal,regulation,PRESENT,2026-09-11-title-20-part-416,us/regulation/20/416/501,no,inherited from federal
us-ny,SSI-F-CFR416-E,federal,regulation,PRESENT,2026-09-11-title-20-part-416,us/regulation/20/416/501,no,inherited from federal
us-oh,SSI-F-CFR416-E,federal,regulation,PRESENT,2026-09-11-title-20-part-416,us/regulation/20/416/501,no,inherited from federal
us-ok,SSI-F-CFR416-E,federal,regulation,PRESENT,2026-09-11-title-20-part-416,us/regulation/20/416/501,no,inherited from federal
us-or,SSI-F-CFR416-E,federal,regulation,PRESENT,2026-09-11-title-20-part-416,us/regulation/20/416/501,no,inherited from federal
us-pa,SSI-F-CFR416-E,federal,regulation,PRESENT,2026-09-11-title-20-part-416,us/regulation/20/416/501,no,inherited from federal
us-ri,SSI-F-CFR416-E,federal,regulation,PRESENT,2026-09-11-title-20-part-416,us/regulation/20/416/501,no,inherited from federal
us-sc,SSI-F-CFR416-E,federal,regulation,PRESENT,2026-09-11-title-20-part-416,us/regulation/20/416/501,no,inherited from federal
us-sd,SSI-F-CFR416-E,federal,regulation,PRESENT,2026-09-11-title-20-part-416,us/regulation/20/416/501,no,inherited from federal
us-tn,SSI-F-CFR416-E,federal,regulation,PRESENT,2026-09-11-title-20-part-416,us/regulation/20/416/501,no,inherited from federal
us-tx,SSI-F-CFR416-E,federal,regulation,PRESENT,2026-09-11-title-20-part-416,us/regulation/20/416/501,no,inherited from federal
us-ut,SSI-F-CFR416-E,federal,regulation,PRESENT,2026-09-11-title-20-part-416,us/regulation/20/416/501,no,inherited from federal
us-va,SSI-F-CFR416-E,federal,regulation,PRESENT,2026-09-11-title-20-part-416,us/regulation/20/416/501,no,inherited from federal
us-vt,SSI-F-CFR416-E,federal,regulation,PRESENT,2026-09-11-title-20-part-416,us/regulation/20/416/501,no,inherited from federal
us-wa,SSI-F-CFR416-E,federal,regulation,PRESENT,2026-09-11-title-20-part-416,us/regulation/20/416/501,no,inherited from federal
us-wi,SSI-F-CFR416-E,federal,regulation,PRESENT,2026-09-11-title-20-part-416,us/regulation/20/416/501,no,inherited from federal
us-wv,SSI-F-CFR416-E,federal,regulation,PRESENT,2026-09-11-title-20-part-416,us/regulation/20/416/501,no,inherited from federal
us-wy,SSI-F-CFR416-E,federal,regulation,PRESENT,2026-09-11-title-20-part-416,us/regulation/20/416/501,no,inherited from federal
us,SSI-F-CFR416-F,federal,regulation,PRESENT,2026-09-11-title-20-part-416,us/regulation/20/416/601,no,subpart F: 21 sections with non-empty bodies in the 2026-09-11 complete eCFR scope (cited: first section; container row us/regulation/20/416/subpart-F has no body by design)
us-ak,SSI-F-CFR416-F,federal,regulation,PRESENT,2026-09-11-title-20-part-416,us/regulation/20/416/601,no,inherited from federal
us-al,SSI-F-CFR416-F,federal,regulation,PRESENT,2026-09-11-title-20-part-416,us/regulation/20/416/601,no,inherited from federal
us-ar,SSI-F-CFR416-F,federal,regulation,PRESENT,2026-09-11-title-20-part-416,us/regulation/20/416/601,no,inherited from federal
us-az,SSI-F-CFR416-F,federal,regulation,PRESENT,2026-09-11-title-20-part-416,us/regulation/20/416/601,no,inherited from federal
us-ca,SSI-F-CFR416-F,federal,regulation,PRESENT,2026-09-11-title-20-part-416,us/regulation/20/416/601,no,inherited from federal
us-co,SSI-F-CFR416-F,federal,regulation,PRESENT,2026-09-11-title-20-part-416,us/regulation/20/416/601,no,inherited from federal
us-ct,SSI-F-CFR416-F,federal,regulation,PRESENT,2026-09-11-title-20-part-416,us/regulation/20/416/601,no,inherited from federal
us-dc,SSI-F-CFR416-F,federal,regulation,PRESENT,2026-09-11-title-20-part-416,us/regulation/20/416/601,no,inherited from federal
us-de,SSI-F-CFR416-F,federal,regulation,PRESENT,2026-09-11-title-20-part-416,us/regulation/20/416/601,no,inherited from federal
us-fl,SSI-F-CFR416-F,federal,regulation,PRESENT,2026-09-11-title-20-part-416,us/regulation/20/416/601,no,inherited from federal
us-ga,SSI-F-CFR416-F,federal,regulation,PRESENT,2026-09-11-title-20-part-416,us/regulation/20/416/601,no,inherited from federal
us-hi,SSI-F-CFR416-F,federal,regulation,PRESENT,2026-09-11-title-20-part-416,us/regulation/20/416/601,no,inherited from federal
us-ia,SSI-F-CFR416-F,federal,regulation,PRESENT,2026-09-11-title-20-part-416,us/regulation/20/416/601,no,inherited from federal
us-id,SSI-F-CFR416-F,federal,regulation,PRESENT,2026-09-11-title-20-part-416,us/regulation/20/416/601,no,inherited from federal
us-il,SSI-F-CFR416-F,federal,regulation,PRESENT,2026-09-11-title-20-part-416,us/regulation/20/416/601,no,inherited from federal
us-in,SSI-F-CFR416-F,federal,regulation,PRESENT,2026-09-11-title-20-part-416,us/regulation/20/416/601,no,inherited from federal
us-ks,SSI-F-CFR416-F,federal,regulation,PRESENT,2026-09-11-title-20-part-416,us/regulation/20/416/601,no,inherited from federal
us-ky,SSI-F-CFR416-F,federal,regulation,PRESENT,2026-09-11-title-20-part-416,us/regulation/20/416/601,no,inherited from federal
us-la,SSI-F-CFR416-F,federal,regulation,PRESENT,2026-09-11-title-20-part-416,us/regulation/20/416/601,no,inherited from federal
us-ma,SSI-F-CFR416-F,federal,regulation,PRESENT,2026-09-11-title-20-part-416,us/regulation/20/416/601,no,inherited from federal
us-md,SSI-F-CFR416-F,federal,regulation,PRESENT,2026-09-11-title-20-part-416,us/regulation/20/416/601,no,inherited from federal
us-me,SSI-F-CFR416-F,federal,regulation,PRESENT,2026-09-11-title-20-part-416,us/regulation/20/416/601,no,inherited from federal
us-mi,SSI-F-CFR416-F,federal,regulation,PRESENT,2026-09-11-title-20-part-416,us/regulation/20/416/601,no,inherited from federal
us-mn,SSI-F-CFR416-F,federal,regulation,PRESENT,2026-09-11-title-20-part-416,us/regulation/20/416/601,no,inherited from federal
us-mo,SSI-F-CFR416-F,federal,regulation,PRESENT,2026-09-11-title-20-part-416,us/regulation/20/416/601,no,inherited from federal
us-ms,SSI-F-CFR416-F,federal,regulation,PRESENT,2026-09-11-title-20-part-416,us/regulation/20/416/601,no,inherited from federal
us-mt,SSI-F-CFR416-F,federal,regulation,PRESENT,2026-09-11-title-20-part-416,us/regulation/20/416/601,no,inherited from federal
us-nc,SSI-F-CFR416-F,federal,regulation,PRESENT,2026-09-11-title-20-part-416,us/regulation/20/416/601,no,inherited from federal
us-nd,SSI-F-CFR416-F,federal,regulation,PRESENT,2026-09-11-title-20-part-416,us/regulation/20/416/601,no,inherited from federal
us-ne,SSI-F-CFR416-F,federal,regulation,PRESENT,2026-09-11-title-20-part-416,us/regulation/20/416/601,no,inherited from federal
us-nh,SSI-F-CFR416-F,federal,regulation,PRESENT,2026-09-11-title-20-part-416,us/regulation/20/416/601,no,inherited from federal
us-nj,SSI-F-CFR416-F,federal,regulation,PRESENT,2026-09-11-title-20-part-416,us/regulation/20/416/601,no,inherited from federal
us-nm,SSI-F-CFR416-F,federal,regulation,PRESENT,2026-09-11-title-20-part-416,us/regulation/20/416/601,no,inherited from federal
us-nv,SSI-F-CFR416-F,federal,regulation,PRESENT,2026-09-11-title-20-part-416,us/regulation/20/416/601,no,inherited from federal
us-ny,SSI-F-CFR416-F,federal,regulation,PRESENT,2026-09-11-title-20-part-416,us/regulation/20/416/601,no,inherited from federal
us-oh,SSI-F-CFR416-F,federal,regulation,PRESENT,2026-09-11-title-20-part-416,us/regulation/20/416/601,no,inherited from federal
us-ok,SSI-F-CFR416-F,federal,regulation,PRESENT,2026-09-11-title-20-part-416,us/regulation/20/416/601,no,inherited from federal
us-or,SSI-F-CFR416-F,federal,regulation,PRESENT,2026-09-11-title-20-part-416,us/regulation/20/416/601,no,inherited from federal
us-pa,SSI-F-CFR416-F,federal,regulation,PRESENT,2026-09-11-title-20-part-416,us/regulation/20/416/601,no,inherited from federal
us-ri,SSI-F-CFR416-F,federal,regulation,PRESENT,2026-09-11-title-20-part-416,us/regulation/20/416/601,no,inherited from federal
us-sc,SSI-F-CFR416-F,federal,regulation,PRESENT,2026-09-11-title-20-part-416,us/regulation/20/416/601,no,inherited from federal
us-sd,SSI-F-CFR416-F,federal,regulation,PRESENT,2026-09-11-title-20-part-416,us/regulation/20/416/601,no,inherited from federal
us-tn,SSI-F-CFR416-F,federal,regulation,PRESENT,2026-09-11-title-20-part-416,us/regulation/20/416/601,no,inherited from federal
us-tx,SSI-F-CFR416-F,federal,regulation,PRESENT,2026-09-11-title-20-part-416,us/regulation/20/416/601,no,inherited from federal
us-ut,SSI-F-CFR416-F,federal,regulation,PRESENT,2026-09-11-title-20-part-416,us/regulation/20/416/601,no,inherited from federal
us-va,SSI-F-CFR416-F,federal,regulation,PRESENT,2026-09-11-title-20-part-416,us/regulation/20/416/601,no,inherited from federal
us-vt,SSI-F-CFR416-F,federal,regulation,PRESENT,2026-09-11-title-20-part-416,us/regulation/20/416/601,no,inherited from federal
us-wa,SSI-F-CFR416-F,federal,regulation,PRESENT,2026-09-11-title-20-part-416,us/regulation/20/416/601,no,inherited from federal
us-wi,SSI-F-CFR416-F,federal,regulation,PRESENT,2026-09-11-title-20-part-416,us/regulation/20/416/601,no,inherited from federal
us-wv,SSI-F-CFR416-F,federal,regulation,PRESENT,2026-09-11-title-20-part-416,us/regulation/20/416/601,no,inherited from federal
us-wy,SSI-F-CFR416-F,federal,regulation,PRESENT,2026-09-11-title-20-part-416,us/regulation/20/416/601,no,inherited from federal
us,SSI-F-CFR416-G,federal,regulation,PRESENT,2026-09-11-title-20-part-416,us/regulation/20/416/701,no,subpart G: 14 sections with non-empty bodies in the 2026-09-11 complete eCFR scope (cited: first section; container row us/regulation/20/416/subpart-G has no body by design)
us-ak,SSI-F-CFR416-G,federal,regulation,PRESENT,2026-09-11-title-20-part-416,us/regulation/20/416/701,no,inherited from federal
us-al,SSI-F-CFR416-G,federal,regulation,PRESENT,2026-09-11-title-20-part-416,us/regulation/20/416/701,no,inherited from federal
us-ar,SSI-F-CFR416-G,federal,regulation,PRESENT,2026-09-11-title-20-part-416,us/regulation/20/416/701,no,inherited from federal
us-az,SSI-F-CFR416-G,federal,regulation,PRESENT,2026-09-11-title-20-part-416,us/regulation/20/416/701,no,inherited from federal
us-ca,SSI-F-CFR416-G,federal,regulation,PRESENT,2026-09-11-title-20-part-416,us/regulation/20/416/701,no,inherited from federal
us-co,SSI-F-CFR416-G,federal,regulation,PRESENT,2026-09-11-title-20-part-416,us/regulation/20/416/701,no,inherited from federal
us-ct,SSI-F-CFR416-G,federal,regulation,PRESENT,2026-09-11-title-20-part-416,us/regulation/20/416/701,no,inherited from federal
us-dc,SSI-F-CFR416-G,federal,regulation,PRESENT,2026-09-11-title-20-part-416,us/regulation/20/416/701,no,inherited from federal
us-de,SSI-F-CFR416-G,federal,regulation,PRESENT,2026-09-11-title-20-part-416,us/regulation/20/416/701,no,inherited from federal
us-fl,SSI-F-CFR416-G,federal,regulation,PRESENT,2026-09-11-title-20-part-416,us/regulation/20/416/701,no,inherited from federal
us-ga,SSI-F-CFR416-G,federal,regulation,PRESENT,2026-09-11-title-20-part-416,us/regulation/20/416/701,no,inherited from federal
us-hi,SSI-F-CFR416-G,federal,regulation,PRESENT,2026-09-11-title-20-part-416,us/regulation/20/416/701,no,inherited from federal
us-ia,SSI-F-CFR416-G,federal,regulation,PRESENT,2026-09-11-title-20-part-416,us/regulation/20/416/701,no,inherited from federal
us-id,SSI-F-CFR416-G,federal,regulation,PRESENT,2026-09-11-title-20-part-416,us/regulation/20/416/701,no,inherited from federal
us-il,SSI-F-CFR416-G,federal,regulation,PRESENT,2026-09-11-title-20-part-416,us/regulation/20/416/701,no,inherited from federal
us-in,SSI-F-CFR416-G,federal,regulation,PRESENT,2026-09-11-title-20-part-416,us/regulation/20/416/701,no,inherited from federal
us-ks,SSI-F-CFR416-G,federal,regulation,PRESENT,2026-09-11-title-20-part-416,us/regulation/20/416/701,no,inherited from federal
us-ky,SSI-F-CFR416-G,federal,regulation,PRESENT,2026-09-11-title-20-part-416,us/regulation/20/416/701,no,inherited from federal
us-la,SSI-F-CFR416-G,federal,regulation,PRESENT,2026-09-11-title-20-part-416,us/regulation/20/416/701,no,inherited from federal
us-ma,SSI-F-CFR416-G,federal,regulation,PRESENT,2026-09-11-title-20-part-416,us/regulation/20/416/701,no,inherited from federal
us-md,SSI-F-CFR416-G,federal,regulation,PRESENT,2026-09-11-title-20-part-416,us/regulation/20/416/701,no,inherited from federal
us-me,SSI-F-CFR416-G,federal,regulation,PRESENT,2026-09-11-title-20-part-416,us/regulation/20/416/701,no,inherited from federal
us-mi,SSI-F-CFR416-G,federal,regulation,PRESENT,2026-09-11-title-20-part-416,us/regulation/20/416/701,no,inherited from federal
us-mn,SSI-F-CFR416-G,federal,regulation,PRESENT,2026-09-11-title-20-part-416,us/regulation/20/416/701,no,inherited from federal
us-mo,SSI-F-CFR416-G,federal,regulation,PRESENT,2026-09-11-title-20-part-416,us/regulation/20/416/701,no,inherited from federal
us-ms,SSI-F-CFR416-G,federal,regulation,PRESENT,2026-09-11-title-20-part-416,us/regulation/20/416/701,no,inherited from federal
us-mt,SSI-F-CFR416-G,federal,regulation,PRESENT,2026-09-11-title-20-part-416,us/regulation/20/416/701,no,inherited from federal
us-nc,SSI-F-CFR416-G,federal,regulation,PRESENT,2026-09-11-title-20-part-416,us/regulation/20/416/701,no,inherited from federal
us-nd,SSI-F-CFR416-G,federal,regulation,PRESENT,2026-09-11-title-20-part-416,us/regulation/20/416/701,no,inherited from federal
us-ne,SSI-F-CFR416-G,federal,regulation,PRESENT,2026-09-11-title-20-part-416,us/regulation/20/416/701,no,inherited from federal
us-nh,SSI-F-CFR416-G,federal,regulation,PRESENT,2026-09-11-title-20-part-416,us/regulation/20/416/701,no,inherited from federal
us-nj,SSI-F-CFR416-G,federal,regulation,PRESENT,2026-09-11-title-20-part-416,us/regulation/20/416/701,no,inherited from federal
us-nm,SSI-F-CFR416-G,federal,regulation,PRESENT,2026-09-11-title-20-part-416,us/regulation/20/416/701,no,inherited from federal
us-nv,SSI-F-CFR416-G,federal,regulation,PRESENT,2026-09-11-title-20-part-416,us/regulation/20/416/701,no,inherited from federal
us-ny,SSI-F-CFR416-G,federal,regulation,PRESENT,2026-09-11-title-20-part-416,us/regulation/20/416/701,no,inherited from federal
us-oh,SSI-F-CFR416-G,federal,regulation,PRESENT,2026-09-11-title-20-part-416,us/regulation/20/416/701,no,inherited from federal
us-ok,SSI-F-CFR416-G,federal,regulation,PRESENT,2026-09-11-title-20-part-416,us/regulation/20/416/701,no,inherited from federal
us-or,SSI-F-CFR416-G,federal,regulation,PRESENT,2026-09-11-title-20-part-416,us/regulation/20/416/701,no,inherited from federal
us-pa,SSI-F-CFR416-G,federal,regulation,PRESENT,2026-09-11-title-20-part-416,us/regulation/20/416/701,no,inherited from federal
us-ri,SSI-F-CFR416-G,federal,regulation,PRESENT,2026-09-11-title-20-part-416,us/regulation/20/416/701,no,inherited from federal
us-sc,SSI-F-CFR416-G,federal,regulation,PRESENT,2026-09-11-title-20-part-416,us/regulation/20/416/701,no,inherited from federal
us-sd,SSI-F-CFR416-G,federal,regulation,PRESENT,2026-09-11-title-20-part-416,us/regulation/20/416/701,no,inherited from federal
us-tn,SSI-F-CFR416-G,federal,regulation,PRESENT,2026-09-11-title-20-part-416,us/regulation/20/416/701,no,inherited from federal
us-tx,SSI-F-CFR416-G,federal,regulation,PRESENT,2026-09-11-title-20-part-416,us/regulation/20/416/701,no,inherited from federal
us-ut,SSI-F-CFR416-G,federal,regulation,PRESENT,2026-09-11-title-20-part-416,us/regulation/20/416/701,no,inherited from federal
us-va,SSI-F-CFR416-G,federal,regulation,PRESENT,2026-09-11-title-20-part-416,us/regulation/20/416/701,no,inherited from federal
us-vt,SSI-F-CFR416-G,federal,regulation,PRESENT,2026-09-11-title-20-part-416,us/regulation/20/416/701,no,inherited from federal
us-wa,SSI-F-CFR416-G,federal,regulation,PRESENT,2026-09-11-title-20-part-416,us/regulation/20/416/701,no,inherited from federal
us-wi,SSI-F-CFR416-G,federal,regulation,PRESENT,2026-09-11-title-20-part-416,us/regulation/20/416/701,no,inherited from federal
us-wv,SSI-F-CFR416-G,federal,regulation,PRESENT,2026-09-11-title-20-part-416,us/regulation/20/416/701,no,inherited from federal
us-wy,SSI-F-CFR416-G,federal,regulation,PRESENT,2026-09-11-title-20-part-416,us/regulation/20/416/701,no,inherited from federal
us,SSI-F-CFR416-H,federal,regulation,PRESENT,2026-09-11-title-20-part-416,us/regulation/20/416/801,no,subpart H: 6 sections with non-empty bodies in the 2026-09-11 complete eCFR scope (cited: first section; container row us/regulation/20/416/subpart-H has no body by design)
us-ak,SSI-F-CFR416-H,federal,regulation,PRESENT,2026-09-11-title-20-part-416,us/regulation/20/416/801,no,inherited from federal
us-al,SSI-F-CFR416-H,federal,regulation,PRESENT,2026-09-11-title-20-part-416,us/regulation/20/416/801,no,inherited from federal
us-ar,SSI-F-CFR416-H,federal,regulation,PRESENT,2026-09-11-title-20-part-416,us/regulation/20/416/801,no,inherited from federal
us-az,SSI-F-CFR416-H,federal,regulation,PRESENT,2026-09-11-title-20-part-416,us/regulation/20/416/801,no,inherited from federal
us-ca,SSI-F-CFR416-H,federal,regulation,PRESENT,2026-09-11-title-20-part-416,us/regulation/20/416/801,no,inherited from federal
us-co,SSI-F-CFR416-H,federal,regulation,PRESENT,2026-09-11-title-20-part-416,us/regulation/20/416/801,no,inherited from federal
us-ct,SSI-F-CFR416-H,federal,regulation,PRESENT,2026-09-11-title-20-part-416,us/regulation/20/416/801,no,inherited from federal
us-dc,SSI-F-CFR416-H,federal,regulation,PRESENT,2026-09-11-title-20-part-416,us/regulation/20/416/801,no,inherited from federal
us-de,SSI-F-CFR416-H,federal,regulation,PRESENT,2026-09-11-title-20-part-416,us/regulation/20/416/801,no,inherited from federal
us-fl,SSI-F-CFR416-H,federal,regulation,PRESENT,2026-09-11-title-20-part-416,us/regulation/20/416/801,no,inherited from federal
us-ga,SSI-F-CFR416-H,federal,regulation,PRESENT,2026-09-11-title-20-part-416,us/regulation/20/416/801,no,inherited from federal
us-hi,SSI-F-CFR416-H,federal,regulation,PRESENT,2026-09-11-title-20-part-416,us/regulation/20/416/801,no,inherited from federal
us-ia,SSI-F-CFR416-H,federal,regulation,PRESENT,2026-09-11-title-20-part-416,us/regulation/20/416/801,no,inherited from federal
us-id,SSI-F-CFR416-H,federal,regulation,PRESENT,2026-09-11-title-20-part-416,us/regulation/20/416/801,no,inherited from federal
us-il,SSI-F-CFR416-H,federal,regulation,PRESENT,2026-09-11-title-20-part-416,us/regulation/20/416/801,no,inherited from federal
us-in,SSI-F-CFR416-H,federal,regulation,PRESENT,2026-09-11-title-20-part-416,us/regulation/20/416/801,no,inherited from federal
us-ks,SSI-F-CFR416-H,federal,regulation,PRESENT,2026-09-11-title-20-part-416,us/regulation/20/416/801,no,inherited from federal
us-ky,SSI-F-CFR416-H,federal,regulation,PRESENT,2026-09-11-title-20-part-416,us/regulation/20/416/801,no,inherited from federal
us-la,SSI-F-CFR416-H,federal,regulation,PRESENT,2026-09-11-title-20-part-416,us/regulation/20/416/801,no,inherited from federal
us-ma,SSI-F-CFR416-H,federal,regulation,PRESENT,2026-09-11-title-20-part-416,us/regulation/20/416/801,no,inherited from federal
us-md,SSI-F-CFR416-H,federal,regulation,PRESENT,2026-09-11-title-20-part-416,us/regulation/20/416/801,no,inherited from federal
us-me,SSI-F-CFR416-H,federal,regulation,PRESENT,2026-09-11-title-20-part-416,us/regulation/20/416/801,no,inherited from federal
us-mi,SSI-F-CFR416-H,federal,regulation,PRESENT,2026-09-11-title-20-part-416,us/regulation/20/416/801,no,inherited from federal
us-mn,SSI-F-CFR416-H,federal,regulation,PRESENT,2026-09-11-title-20-part-416,us/regulation/20/416/801,no,inherited from federal
us-mo,SSI-F-CFR416-H,federal,regulation,PRESENT,2026-09-11-title-20-part-416,us/regulation/20/416/801,no,inherited from federal
us-ms,SSI-F-CFR416-H,federal,regulation,PRESENT,2026-09-11-title-20-part-416,us/regulation/20/416/801,no,inherited from federal
us-mt,SSI-F-CFR416-H,federal,regulation,PRESENT,2026-09-11-title-20-part-416,us/regulation/20/416/801,no,inherited from federal
us-nc,SSI-F-CFR416-H,federal,regulation,PRESENT,2026-09-11-title-20-part-416,us/regulation/20/416/801,no,inherited from federal
us-nd,SSI-F-CFR416-H,federal,regulation,PRESENT,2026-09-11-title-20-part-416,us/regulation/20/416/801,no,inherited from federal
us-ne,SSI-F-CFR416-H,federal,regulation,PRESENT,2026-09-11-title-20-part-416,us/regulation/20/416/801,no,inherited from federal
us-nh,SSI-F-CFR416-H,federal,regulation,PRESENT,2026-09-11-title-20-part-416,us/regulation/20/416/801,no,inherited from federal
us-nj,SSI-F-CFR416-H,federal,regulation,PRESENT,2026-09-11-title-20-part-416,us/regulation/20/416/801,no,inherited from federal
us-nm,SSI-F-CFR416-H,federal,regulation,PRESENT,2026-09-11-title-20-part-416,us/regulation/20/416/801,no,inherited from federal
us-nv,SSI-F-CFR416-H,federal,regulation,PRESENT,2026-09-11-title-20-part-416,us/regulation/20/416/801,no,inherited from federal
us-ny,SSI-F-CFR416-H,federal,regulation,PRESENT,2026-09-11-title-20-part-416,us/regulation/20/416/801,no,inherited from federal
us-oh,SSI-F-CFR416-H,federal,regulation,PRESENT,2026-09-11-title-20-part-416,us/regulation/20/416/801,no,inherited from federal
us-ok,SSI-F-CFR416-H,federal,regulation,PRESENT,2026-09-11-title-20-part-416,us/regulation/20/416/801,no,inherited from federal
us-or,SSI-F-CFR416-H,federal,regulation,PRESENT,2026-09-11-title-20-part-416,us/regulation/20/416/801,no,inherited from federal
us-pa,SSI-F-CFR416-H,federal,regulation,PRESENT,2026-09-11-title-20-part-416,us/regulation/20/416/801,no,inherited from federal
us-ri,SSI-F-CFR416-H,federal,regulation,PRESENT,2026-09-11-title-20-part-416,us/regulation/20/416/801,no,inherited from federal
us-sc,SSI-F-CFR416-H,federal,regulation,PRESENT,2026-09-11-title-20-part-416,us/regulation/20/416/801,no,inherited from federal
us-sd,SSI-F-CFR416-H,federal,regulation,PRESENT,2026-09-11-title-20-part-416,us/regulation/20/416/801,no,inherited from federal
us-tn,SSI-F-CFR416-H,federal,regulation,PRESENT,2026-09-11-title-20-part-416,us/regulation/20/416/801,no,inherited from federal
us-tx,SSI-F-CFR416-H,federal,regulation,PRESENT,2026-09-11-title-20-part-416,us/regulation/20/416/801,no,inherited from federal
us-ut,SSI-F-CFR416-H,federal,regulation,PRESENT,2026-09-11-title-20-part-416,us/regulation/20/416/801,no,inherited from federal
us-va,SSI-F-CFR416-H,federal,regulation,PRESENT,2026-09-11-title-20-part-416,us/regulation/20/416/801,no,inherited from federal
us-vt,SSI-F-CFR416-H,federal,regulation,PRESENT,2026-09-11-title-20-part-416,us/regulation/20/416/801,no,inherited from federal
us-wa,SSI-F-CFR416-H,federal,regulation,PRESENT,2026-09-11-title-20-part-416,us/regulation/20/416/801,no,inherited from federal
us-wi,SSI-F-CFR416-H,federal,regulation,PRESENT,2026-09-11-title-20-part-416,us/regulation/20/416/801,no,inherited from federal
us-wv,SSI-F-CFR416-H,federal,regulation,PRESENT,2026-09-11-title-20-part-416,us/regulation/20/416/801,no,inherited from federal
us-wy,SSI-F-CFR416-H,federal,regulation,PRESENT,2026-09-11-title-20-part-416,us/regulation/20/416/801,no,inherited from federal
us,SSI-F-CFR416-I,federal,regulation,PRESENT,2026-09-11-title-20-part-416,us/regulation/20/416/901,no,subpart I: 100 sections with non-empty bodies in the 2026-09-11 complete eCFR scope (cited: first section; container row us/regulation/20/416/subpart-I has no body by design)
us-ak,SSI-F-CFR416-I,federal,regulation,PRESENT,2026-09-11-title-20-part-416,us/regulation/20/416/901,no,inherited from federal
us-al,SSI-F-CFR416-I,federal,regulation,PRESENT,2026-09-11-title-20-part-416,us/regulation/20/416/901,no,inherited from federal
us-ar,SSI-F-CFR416-I,federal,regulation,PRESENT,2026-09-11-title-20-part-416,us/regulation/20/416/901,no,inherited from federal
us-az,SSI-F-CFR416-I,federal,regulation,PRESENT,2026-09-11-title-20-part-416,us/regulation/20/416/901,no,inherited from federal
us-ca,SSI-F-CFR416-I,federal,regulation,PRESENT,2026-09-11-title-20-part-416,us/regulation/20/416/901,no,inherited from federal
us-co,SSI-F-CFR416-I,federal,regulation,PRESENT,2026-09-11-title-20-part-416,us/regulation/20/416/901,no,inherited from federal
us-ct,SSI-F-CFR416-I,federal,regulation,PRESENT,2026-09-11-title-20-part-416,us/regulation/20/416/901,no,inherited from federal
us-dc,SSI-F-CFR416-I,federal,regulation,PRESENT,2026-09-11-title-20-part-416,us/regulation/20/416/901,no,inherited from federal
us-de,SSI-F-CFR416-I,federal,regulation,PRESENT,2026-09-11-title-20-part-416,us/regulation/20/416/901,no,inherited from federal
us-fl,SSI-F-CFR416-I,federal,regulation,PRESENT,2026-09-11-title-20-part-416,us/regulation/20/416/901,no,inherited from federal
us-ga,SSI-F-CFR416-I,federal,regulation,PRESENT,2026-09-11-title-20-part-416,us/regulation/20/416/901,no,inherited from federal
us-hi,SSI-F-CFR416-I,federal,regulation,PRESENT,2026-09-11-title-20-part-416,us/regulation/20/416/901,no,inherited from federal
us-ia,SSI-F-CFR416-I,federal,regulation,PRESENT,2026-09-11-title-20-part-416,us/regulation/20/416/901,no,inherited from federal
us-id,SSI-F-CFR416-I,federal,regulation,PRESENT,2026-09-11-title-20-part-416,us/regulation/20/416/901,no,inherited from federal
us-il,SSI-F-CFR416-I,federal,regulation,PRESENT,2026-09-11-title-20-part-416,us/regulation/20/416/901,no,inherited from federal
us-in,SSI-F-CFR416-I,federal,regulation,PRESENT,2026-09-11-title-20-part-416,us/regulation/20/416/901,no,inherited from federal
us-ks,SSI-F-CFR416-I,federal,regulation,PRESENT,2026-09-11-title-20-part-416,us/regulation/20/416/901,no,inherited from federal
us-ky,SSI-F-CFR416-I,federal,regulation,PRESENT,2026-09-11-title-20-part-416,us/regulation/20/416/901,no,inherited from federal
us-la,SSI-F-CFR416-I,federal,regulation,PRESENT,2026-09-11-title-20-part-416,us/regulation/20/416/901,no,inherited from federal
us-ma,SSI-F-CFR416-I,federal,regulation,PRESENT,2026-09-11-title-20-part-416,us/regulation/20/416/901,no,inherited from federal
us-md,SSI-F-CFR416-I,federal,regulation,PRESENT,2026-09-11-title-20-part-416,us/regulation/20/416/901,no,inherited from federal
us-me,SSI-F-CFR416-I,federal,regulation,PRESENT,2026-09-11-title-20-part-416,us/regulation/20/416/901,no,inherited from federal
us-mi,SSI-F-CFR416-I,federal,regulation,PRESENT,2026-09-11-title-20-part-416,us/regulation/20/416/901,no,inherited from federal
us-mn,SSI-F-CFR416-I,federal,regulation,PRESENT,2026-09-11-title-20-part-416,us/regulation/20/416/901,no,inherited from federal
us-mo,SSI-F-CFR416-I,federal,regulation,PRESENT,2026-09-11-title-20-part-416,us/regulation/20/416/901,no,inherited from federal
us-ms,SSI-F-CFR416-I,federal,regulation,PRESENT,2026-09-11-title-20-part-416,us/regulation/20/416/901,no,inherited from federal
us-mt,SSI-F-CFR416-I,federal,regulation,PRESENT,2026-09-11-title-20-part-416,us/regulation/20/416/901,no,inherited from federal
us-nc,SSI-F-CFR416-I,federal,regulation,PRESENT,2026-09-11-title-20-part-416,us/regulation/20/416/901,no,inherited from federal
us-nd,SSI-F-CFR416-I,federal,regulation,PRESENT,2026-09-11-title-20-part-416,us/regulation/20/416/901,no,inherited from federal
us-ne,SSI-F-CFR416-I,federal,regulation,PRESENT,2026-09-11-title-20-part-416,us/regulation/20/416/901,no,inherited from federal
us-nh,SSI-F-CFR416-I,federal,regulation,PRESENT,2026-09-11-title-20-part-416,us/regulation/20/416/901,no,inherited from federal
us-nj,SSI-F-CFR416-I,federal,regulation,PRESENT,2026-09-11-title-20-part-416,us/regulation/20/416/901,no,inherited from federal
us-nm,SSI-F-CFR416-I,federal,regulation,PRESENT,2026-09-11-title-20-part-416,us/regulation/20/416/901,no,inherited from federal
us-nv,SSI-F-CFR416-I,federal,regulation,PRESENT,2026-09-11-title-20-part-416,us/regulation/20/416/901,no,inherited from federal
us-ny,SSI-F-CFR416-I,federal,regulation,PRESENT,2026-09-11-title-20-part-416,us/regulation/20/416/901,no,inherited from federal
us-oh,SSI-F-CFR416-I,federal,regulation,PRESENT,2026-09-11-title-20-part-416,us/regulation/20/416/901,no,inherited from federal
us-ok,SSI-F-CFR416-I,federal,regulation,PRESENT,2026-09-11-title-20-part-416,us/regulation/20/416/901,no,inherited from federal
us-or,SSI-F-CFR416-I,federal,regulation,PRESENT,2026-09-11-title-20-part-416,us/regulation/20/416/901,no,inherited from federal
us-pa,SSI-F-CFR416-I,federal,regulation,PRESENT,2026-09-11-title-20-part-416,us/regulation/20/416/901,no,inherited from federal
us-ri,SSI-F-CFR416-I,federal,regulation,PRESENT,2026-09-11-title-20-part-416,us/regulation/20/416/901,no,inherited from federal
us-sc,SSI-F-CFR416-I,federal,regulation,PRESENT,2026-09-11-title-20-part-416,us/regulation/20/416/901,no,inherited from federal
us-sd,SSI-F-CFR416-I,federal,regulation,PRESENT,2026-09-11-title-20-part-416,us/regulation/20/416/901,no,inherited from federal
us-tn,SSI-F-CFR416-I,federal,regulation,PRESENT,2026-09-11-title-20-part-416,us/regulation/20/416/901,no,inherited from federal
us-tx,SSI-F-CFR416-I,federal,regulation,PRESENT,2026-09-11-title-20-part-416,us/regulation/20/416/901,no,inherited from federal
us-ut,SSI-F-CFR416-I,federal,regulation,PRESENT,2026-09-11-title-20-part-416,us/regulation/20/416/901,no,inherited from federal
us-va,SSI-F-CFR416-I,federal,regulation,PRESENT,2026-09-11-title-20-part-416,us/regulation/20/416/901,no,inherited from federal
us-vt,SSI-F-CFR416-I,federal,regulation,PRESENT,2026-09-11-title-20-part-416,us/regulation/20/416/901,no,inherited from federal
us-wa,SSI-F-CFR416-I,federal,regulation,PRESENT,2026-09-11-title-20-part-416,us/regulation/20/416/901,no,inherited from federal
us-wi,SSI-F-CFR416-I,federal,regulation,PRESENT,2026-09-11-title-20-part-416,us/regulation/20/416/901,no,inherited from federal
us-wv,SSI-F-CFR416-I,federal,regulation,PRESENT,2026-09-11-title-20-part-416,us/regulation/20/416/901,no,inherited from federal
us-wy,SSI-F-CFR416-I,federal,regulation,PRESENT,2026-09-11-title-20-part-416,us/regulation/20/416/901,no,inherited from federal
us,SSI-F-CFR416-J,federal,regulation,PRESENT,2026-09-11-title-20-part-416,us/regulation/20/416/1001,no,subpart J: 48 sections with non-empty bodies in the 2026-09-11 complete eCFR scope (cited: first section; container row us/regulation/20/416/subpart-J has no body by design)
us-ak,SSI-F-CFR416-J,federal,regulation,PRESENT,2026-09-11-title-20-part-416,us/regulation/20/416/1001,no,inherited from federal
us-al,SSI-F-CFR416-J,federal,regulation,PRESENT,2026-09-11-title-20-part-416,us/regulation/20/416/1001,no,inherited from federal
us-ar,SSI-F-CFR416-J,federal,regulation,PRESENT,2026-09-11-title-20-part-416,us/regulation/20/416/1001,no,inherited from federal
us-az,SSI-F-CFR416-J,federal,regulation,PRESENT,2026-09-11-title-20-part-416,us/regulation/20/416/1001,no,inherited from federal
us-ca,SSI-F-CFR416-J,federal,regulation,PRESENT,2026-09-11-title-20-part-416,us/regulation/20/416/1001,no,inherited from federal
us-co,SSI-F-CFR416-J,federal,regulation,PRESENT,2026-09-11-title-20-part-416,us/regulation/20/416/1001,no,inherited from federal
us-ct,SSI-F-CFR416-J,federal,regulation,PRESENT,2026-09-11-title-20-part-416,us/regulation/20/416/1001,no,inherited from federal
us-dc,SSI-F-CFR416-J,federal,regulation,PRESENT,2026-09-11-title-20-part-416,us/regulation/20/416/1001,no,inherited from federal
us-de,SSI-F-CFR416-J,federal,regulation,PRESENT,2026-09-11-title-20-part-416,us/regulation/20/416/1001,no,inherited from federal
us-fl,SSI-F-CFR416-J,federal,regulation,PRESENT,2026-09-11-title-20-part-416,us/regulation/20/416/1001,no,inherited from federal
us-ga,SSI-F-CFR416-J,federal,regulation,PRESENT,2026-09-11-title-20-part-416,us/regulation/20/416/1001,no,inherited from federal
us-hi,SSI-F-CFR416-J,federal,regulation,PRESENT,2026-09-11-title-20-part-416,us/regulation/20/416/1001,no,inherited from federal
us-ia,SSI-F-CFR416-J,federal,regulation,PRESENT,2026-09-11-title-20-part-416,us/regulation/20/416/1001,no,inherited from federal
us-id,SSI-F-CFR416-J,federal,regulation,PRESENT,2026-09-11-title-20-part-416,us/regulation/20/416/1001,no,inherited from federal
us-il,SSI-F-CFR416-J,federal,regulation,PRESENT,2026-09-11-title-20-part-416,us/regulation/20/416/1001,no,inherited from federal
us-in,SSI-F-CFR416-J,federal,regulation,PRESENT,2026-09-11-title-20-part-416,us/regulation/20/416/1001,no,inherited from federal
us-ks,SSI-F-CFR416-J,federal,regulation,PRESENT,2026-09-11-title-20-part-416,us/regulation/20/416/1001,no,inherited from federal
us-ky,SSI-F-CFR416-J,federal,regulation,PRESENT,2026-09-11-title-20-part-416,us/regulation/20/416/1001,no,inherited from federal
us-la,SSI-F-CFR416-J,federal,regulation,PRESENT,2026-09-11-title-20-part-416,us/regulation/20/416/1001,no,inherited from federal
us-ma,SSI-F-CFR416-J,federal,regulation,PRESENT,2026-09-11-title-20-part-416,us/regulation/20/416/1001,no,inherited from federal
us-md,SSI-F-CFR416-J,federal,regulation,PRESENT,2026-09-11-title-20-part-416,us/regulation/20/416/1001,no,inherited from federal
us-me,SSI-F-CFR416-J,federal,regulation,PRESENT,2026-09-11-title-20-part-416,us/regulation/20/416/1001,no,inherited from federal
us-mi,SSI-F-CFR416-J,federal,regulation,PRESENT,2026-09-11-title-20-part-416,us/regulation/20/416/1001,no,inherited from federal
us-mn,SSI-F-CFR416-J,federal,regulation,PRESENT,2026-09-11-title-20-part-416,us/regulation/20/416/1001,no,inherited from federal
us-mo,SSI-F-CFR416-J,federal,regulation,PRESENT,2026-09-11-title-20-part-416,us/regulation/20/416/1001,no,inherited from federal
us-ms,SSI-F-CFR416-J,federal,regulation,PRESENT,2026-09-11-title-20-part-416,us/regulation/20/416/1001,no,inherited from federal
us-mt,SSI-F-CFR416-J,federal,regulation,PRESENT,2026-09-11-title-20-part-416,us/regulation/20/416/1001,no,inherited from federal
us-nc,SSI-F-CFR416-J,federal,regulation,PRESENT,2026-09-11-title-20-part-416,us/regulation/20/416/1001,no,inherited from federal
us-nd,SSI-F-CFR416-J,federal,regulation,PRESENT,2026-09-11-title-20-part-416,us/regulation/20/416/1001,no,inherited from federal
us-ne,SSI-F-CFR416-J,federal,regulation,PRESENT,2026-09-11-title-20-part-416,us/regulation/20/416/1001,no,inherited from federal
us-nh,SSI-F-CFR416-J,federal,regulation,PRESENT,2026-09-11-title-20-part-416,us/regulation/20/416/1001,no,inherited from federal
us-nj,SSI-F-CFR416-J,federal,regulation,PRESENT,2026-09-11-title-20-part-416,us/regulation/20/416/1001,no,inherited from federal
us-nm,SSI-F-CFR416-J,federal,regulation,PRESENT,2026-09-11-title-20-part-416,us/regulation/20/416/1001,no,inherited from federal
us-nv,SSI-F-CFR416-J,federal,regulation,PRESENT,2026-09-11-title-20-part-416,us/regulation/20/416/1001,no,inherited from federal
us-ny,SSI-F-CFR416-J,federal,regulation,PRESENT,2026-09-11-title-20-part-416,us/regulation/20/416/1001,no,inherited from federal
us-oh,SSI-F-CFR416-J,federal,regulation,PRESENT,2026-09-11-title-20-part-416,us/regulation/20/416/1001,no,inherited from federal
us-ok,SSI-F-CFR416-J,federal,regulation,PRESENT,2026-09-11-title-20-part-416,us/regulation/20/416/1001,no,inherited from federal
us-or,SSI-F-CFR416-J,federal,regulation,PRESENT,2026-09-11-title-20-part-416,us/regulation/20/416/1001,no,inherited from federal
us-pa,SSI-F-CFR416-J,federal,regulation,PRESENT,2026-09-11-title-20-part-416,us/regulation/20/416/1001,no,inherited from federal
us-ri,SSI-F-CFR416-J,federal,regulation,PRESENT,2026-09-11-title-20-part-416,us/regulation/20/416/1001,no,inherited from federal
us-sc,SSI-F-CFR416-J,federal,regulation,PRESENT,2026-09-11-title-20-part-416,us/regulation/20/416/1001,no,inherited from federal
us-sd,SSI-F-CFR416-J,federal,regulation,PRESENT,2026-09-11-title-20-part-416,us/regulation/20/416/1001,no,inherited from federal
us-tn,SSI-F-CFR416-J,federal,regulation,PRESENT,2026-09-11-title-20-part-416,us/regulation/20/416/1001,no,inherited from federal
us-tx,SSI-F-CFR416-J,federal,regulation,PRESENT,2026-09-11-title-20-part-416,us/regulation/20/416/1001,no,inherited from federal
us-ut,SSI-F-CFR416-J,federal,regulation,PRESENT,2026-09-11-title-20-part-416,us/regulation/20/416/1001,no,inherited from federal
us-va,SSI-F-CFR416-J,federal,regulation,PRESENT,2026-09-11-title-20-part-416,us/regulation/20/416/1001,no,inherited from federal
us-vt,SSI-F-CFR416-J,federal,regulation,PRESENT,2026-09-11-title-20-part-416,us/regulation/20/416/1001,no,inherited from federal
us-wa,SSI-F-CFR416-J,federal,regulation,PRESENT,2026-09-11-title-20-part-416,us/regulation/20/416/1001,no,inherited from federal
us-wi,SSI-F-CFR416-J,federal,regulation,PRESENT,2026-09-11-title-20-part-416,us/regulation/20/416/1001,no,inherited from federal
us-wv,SSI-F-CFR416-J,federal,regulation,PRESENT,2026-09-11-title-20-part-416,us/regulation/20/416/1001,no,inherited from federal
us-wy,SSI-F-CFR416-J,federal,regulation,PRESENT,2026-09-11-title-20-part-416,us/regulation/20/416/1001,no,inherited from federal
us,SSI-F-CFR416-K,federal,regulation,PRESENT,2026-09-11-title-20-part-416,us/regulation/20/416/1100,yes,subpart K: 44 sections with non-empty bodies in the 2026-09-11 complete eCFR scope (cited: first section; container row us/regulation/20/416/subpart-K has no body by design)
us-ak,SSI-F-CFR416-K,federal,regulation,PRESENT,2026-09-11-title-20-part-416,us/regulation/20/416/1100,yes,inherited from federal
us-al,SSI-F-CFR416-K,federal,regulation,PRESENT,2026-09-11-title-20-part-416,us/regulation/20/416/1100,yes,inherited from federal
us-ar,SSI-F-CFR416-K,federal,regulation,PRESENT,2026-09-11-title-20-part-416,us/regulation/20/416/1100,yes,inherited from federal
us-az,SSI-F-CFR416-K,federal,regulation,PRESENT,2026-09-11-title-20-part-416,us/regulation/20/416/1100,yes,inherited from federal
us-ca,SSI-F-CFR416-K,federal,regulation,PRESENT,2026-09-11-title-20-part-416,us/regulation/20/416/1100,yes,inherited from federal
us-co,SSI-F-CFR416-K,federal,regulation,PRESENT,2026-09-11-title-20-part-416,us/regulation/20/416/1100,yes,inherited from federal
us-ct,SSI-F-CFR416-K,federal,regulation,PRESENT,2026-09-11-title-20-part-416,us/regulation/20/416/1100,yes,inherited from federal
us-dc,SSI-F-CFR416-K,federal,regulation,PRESENT,2026-09-11-title-20-part-416,us/regulation/20/416/1100,yes,inherited from federal
us-de,SSI-F-CFR416-K,federal,regulation,PRESENT,2026-09-11-title-20-part-416,us/regulation/20/416/1100,yes,inherited from federal
us-fl,SSI-F-CFR416-K,federal,regulation,PRESENT,2026-09-11-title-20-part-416,us/regulation/20/416/1100,yes,inherited from federal
us-ga,SSI-F-CFR416-K,federal,regulation,PRESENT,2026-09-11-title-20-part-416,us/regulation/20/416/1100,yes,inherited from federal
us-hi,SSI-F-CFR416-K,federal,regulation,PRESENT,2026-09-11-title-20-part-416,us/regulation/20/416/1100,yes,inherited from federal
us-ia,SSI-F-CFR416-K,federal,regulation,PRESENT,2026-09-11-title-20-part-416,us/regulation/20/416/1100,yes,inherited from federal
us-id,SSI-F-CFR416-K,federal,regulation,PRESENT,2026-09-11-title-20-part-416,us/regulation/20/416/1100,yes,inherited from federal
us-il,SSI-F-CFR416-K,federal,regulation,PRESENT,2026-09-11-title-20-part-416,us/regulation/20/416/1100,yes,inherited from federal
us-in,SSI-F-CFR416-K,federal,regulation,PRESENT,2026-09-11-title-20-part-416,us/regulation/20/416/1100,yes,inherited from federal
us-ks,SSI-F-CFR416-K,federal,regulation,PRESENT,2026-09-11-title-20-part-416,us/regulation/20/416/1100,yes,inherited from federal
us-ky,SSI-F-CFR416-K,federal,regulation,PRESENT,2026-09-11-title-20-part-416,us/regulation/20/416/1100,yes,inherited from federal
us-la,SSI-F-CFR416-K,federal,regulation,PRESENT,2026-09-11-title-20-part-416,us/regulation/20/416/1100,yes,inherited from federal
us-ma,SSI-F-CFR416-K,federal,regulation,PRESENT,2026-09-11-title-20-part-416,us/regulation/20/416/1100,yes,inherited from federal
us-md,SSI-F-CFR416-K,federal,regulation,PRESENT,2026-09-11-title-20-part-416,us/regulation/20/416/1100,yes,inherited from federal
us-me,SSI-F-CFR416-K,federal,regulation,PRESENT,2026-09-11-title-20-part-416,us/regulation/20/416/1100,yes,inherited from federal
us-mi,SSI-F-CFR416-K,federal,regulation,PRESENT,2026-09-11-title-20-part-416,us/regulation/20/416/1100,yes,inherited from federal
us-mn,SSI-F-CFR416-K,federal,regulation,PRESENT,2026-09-11-title-20-part-416,us/regulation/20/416/1100,yes,inherited from federal
us-mo,SSI-F-CFR416-K,federal,regulation,PRESENT,2026-09-11-title-20-part-416,us/regulation/20/416/1100,yes,inherited from federal
us-ms,SSI-F-CFR416-K,federal,regulation,PRESENT,2026-09-11-title-20-part-416,us/regulation/20/416/1100,yes,inherited from federal
us-mt,SSI-F-CFR416-K,federal,regulation,PRESENT,2026-09-11-title-20-part-416,us/regulation/20/416/1100,yes,inherited from federal
us-nc,SSI-F-CFR416-K,federal,regulation,PRESENT,2026-09-11-title-20-part-416,us/regulation/20/416/1100,yes,inherited from federal
us-nd,SSI-F-CFR416-K,federal,regulation,PRESENT,2026-09-11-title-20-part-416,us/regulation/20/416/1100,yes,inherited from federal
us-ne,SSI-F-CFR416-K,federal,regulation,PRESENT,2026-09-11-title-20-part-416,us/regulation/20/416/1100,yes,inherited from federal
us-nh,SSI-F-CFR416-K,federal,regulation,PRESENT,2026-09-11-title-20-part-416,us/regulation/20/416/1100,yes,inherited from federal
us-nj,SSI-F-CFR416-K,federal,regulation,PRESENT,2026-09-11-title-20-part-416,us/regulation/20/416/1100,yes,inherited from federal
us-nm,SSI-F-CFR416-K,federal,regulation,PRESENT,2026-09-11-title-20-part-416,us/regulation/20/416/1100,yes,inherited from federal
us-nv,SSI-F-CFR416-K,federal,regulation,PRESENT,2026-09-11-title-20-part-416,us/regulation/20/416/1100,yes,inherited from federal
us-ny,SSI-F-CFR416-K,federal,regulation,PRESENT,2026-09-11-title-20-part-416,us/regulation/20/416/1100,yes,inherited from federal
us-oh,SSI-F-CFR416-K,federal,regulation,PRESENT,2026-09-11-title-20-part-416,us/regulation/20/416/1100,yes,inherited from federal
us-ok,SSI-F-CFR416-K,federal,regulation,PRESENT,2026-09-11-title-20-part-416,us/regulation/20/416/1100,yes,inherited from federal
us-or,SSI-F-CFR416-K,federal,regulation,PRESENT,2026-09-11-title-20-part-416,us/regulation/20/416/1100,yes,inherited from federal
us-pa,SSI-F-CFR416-K,federal,regulation,PRESENT,2026-09-11-title-20-part-416,us/regulation/20/416/1100,yes,inherited from federal
us-ri,SSI-F-CFR416-K,federal,regulation,PRESENT,2026-09-11-title-20-part-416,us/regulation/20/416/1100,yes,inherited from federal
us-sc,SSI-F-CFR416-K,federal,regulation,PRESENT,2026-09-11-title-20-part-416,us/regulation/20/416/1100,yes,inherited from federal
us-sd,SSI-F-CFR416-K,federal,regulation,PRESENT,2026-09-11-title-20-part-416,us/regulation/20/416/1100,yes,inherited from federal
us-tn,SSI-F-CFR416-K,federal,regulation,PRESENT,2026-09-11-title-20-part-416,us/regulation/20/416/1100,yes,inherited from federal
us-tx,SSI-F-CFR416-K,federal,regulation,PRESENT,2026-09-11-title-20-part-416,us/regulation/20/416/1100,yes,inherited from federal
us-ut,SSI-F-CFR416-K,federal,regulation,PRESENT,2026-09-11-title-20-part-416,us/regulation/20/416/1100,yes,inherited from federal
us-va,SSI-F-CFR416-K,federal,regulation,PRESENT,2026-09-11-title-20-part-416,us/regulation/20/416/1100,yes,inherited from federal
us-vt,SSI-F-CFR416-K,federal,regulation,PRESENT,2026-09-11-title-20-part-416,us/regulation/20/416/1100,yes,inherited from federal
us-wa,SSI-F-CFR416-K,federal,regulation,PRESENT,2026-09-11-title-20-part-416,us/regulation/20/416/1100,yes,inherited from federal
us-wi,SSI-F-CFR416-K,federal,regulation,PRESENT,2026-09-11-title-20-part-416,us/regulation/20/416/1100,yes,inherited from federal
us-wv,SSI-F-CFR416-K,federal,regulation,PRESENT,2026-09-11-title-20-part-416,us/regulation/20/416/1100,yes,inherited from federal
us-wy,SSI-F-CFR416-K,federal,regulation,PRESENT,2026-09-11-title-20-part-416,us/regulation/20/416/1100,yes,inherited from federal
us,SSI-F-CFR416-L,federal,regulation,PRESENT,2026-09-11-title-20-part-416,us/regulation/20/416/1201,partial,subpart L: 44 sections with non-empty bodies in the 2026-09-11 complete eCFR scope (cited: first section; container row us/regulation/20/416/subpart-L has no body by design)
us-ak,SSI-F-CFR416-L,federal,regulation,PRESENT,2026-09-11-title-20-part-416,us/regulation/20/416/1201,partial,inherited from federal
us-al,SSI-F-CFR416-L,federal,regulation,PRESENT,2026-09-11-title-20-part-416,us/regulation/20/416/1201,partial,inherited from federal
us-ar,SSI-F-CFR416-L,federal,regulation,PRESENT,2026-09-11-title-20-part-416,us/regulation/20/416/1201,partial,inherited from federal
us-az,SSI-F-CFR416-L,federal,regulation,PRESENT,2026-09-11-title-20-part-416,us/regulation/20/416/1201,partial,inherited from federal
us-ca,SSI-F-CFR416-L,federal,regulation,PRESENT,2026-09-11-title-20-part-416,us/regulation/20/416/1201,partial,inherited from federal
us-co,SSI-F-CFR416-L,federal,regulation,PRESENT,2026-09-11-title-20-part-416,us/regulation/20/416/1201,partial,inherited from federal
us-ct,SSI-F-CFR416-L,federal,regulation,PRESENT,2026-09-11-title-20-part-416,us/regulation/20/416/1201,partial,inherited from federal
us-dc,SSI-F-CFR416-L,federal,regulation,PRESENT,2026-09-11-title-20-part-416,us/regulation/20/416/1201,partial,inherited from federal
us-de,SSI-F-CFR416-L,federal,regulation,PRESENT,2026-09-11-title-20-part-416,us/regulation/20/416/1201,partial,inherited from federal
us-fl,SSI-F-CFR416-L,federal,regulation,PRESENT,2026-09-11-title-20-part-416,us/regulation/20/416/1201,partial,inherited from federal
us-ga,SSI-F-CFR416-L,federal,regulation,PRESENT,2026-09-11-title-20-part-416,us/regulation/20/416/1201,partial,inherited from federal
us-hi,SSI-F-CFR416-L,federal,regulation,PRESENT,2026-09-11-title-20-part-416,us/regulation/20/416/1201,partial,inherited from federal
us-ia,SSI-F-CFR416-L,federal,regulation,PRESENT,2026-09-11-title-20-part-416,us/regulation/20/416/1201,partial,inherited from federal
us-id,SSI-F-CFR416-L,federal,regulation,PRESENT,2026-09-11-title-20-part-416,us/regulation/20/416/1201,partial,inherited from federal
us-il,SSI-F-CFR416-L,federal,regulation,PRESENT,2026-09-11-title-20-part-416,us/regulation/20/416/1201,partial,inherited from federal
us-in,SSI-F-CFR416-L,federal,regulation,PRESENT,2026-09-11-title-20-part-416,us/regulation/20/416/1201,partial,inherited from federal
us-ks,SSI-F-CFR416-L,federal,regulation,PRESENT,2026-09-11-title-20-part-416,us/regulation/20/416/1201,partial,inherited from federal
us-ky,SSI-F-CFR416-L,federal,regulation,PRESENT,2026-09-11-title-20-part-416,us/regulation/20/416/1201,partial,inherited from federal
us-la,SSI-F-CFR416-L,federal,regulation,PRESENT,2026-09-11-title-20-part-416,us/regulation/20/416/1201,partial,inherited from federal
us-ma,SSI-F-CFR416-L,federal,regulation,PRESENT,2026-09-11-title-20-part-416,us/regulation/20/416/1201,partial,inherited from federal
us-md,SSI-F-CFR416-L,federal,regulation,PRESENT,2026-09-11-title-20-part-416,us/regulation/20/416/1201,partial,inherited from federal
us-me,SSI-F-CFR416-L,federal,regulation,PRESENT,2026-09-11-title-20-part-416,us/regulation/20/416/1201,partial,inherited from federal
us-mi,SSI-F-CFR416-L,federal,regulation,PRESENT,2026-09-11-title-20-part-416,us/regulation/20/416/1201,partial,inherited from federal
us-mn,SSI-F-CFR416-L,federal,regulation,PRESENT,2026-09-11-title-20-part-416,us/regulation/20/416/1201,partial,inherited from federal
us-mo,SSI-F-CFR416-L,federal,regulation,PRESENT,2026-09-11-title-20-part-416,us/regulation/20/416/1201,partial,inherited from federal
us-ms,SSI-F-CFR416-L,federal,regulation,PRESENT,2026-09-11-title-20-part-416,us/regulation/20/416/1201,partial,inherited from federal
us-mt,SSI-F-CFR416-L,federal,regulation,PRESENT,2026-09-11-title-20-part-416,us/regulation/20/416/1201,partial,inherited from federal
us-nc,SSI-F-CFR416-L,federal,regulation,PRESENT,2026-09-11-title-20-part-416,us/regulation/20/416/1201,partial,inherited from federal
us-nd,SSI-F-CFR416-L,federal,regulation,PRESENT,2026-09-11-title-20-part-416,us/regulation/20/416/1201,partial,inherited from federal
us-ne,SSI-F-CFR416-L,federal,regulation,PRESENT,2026-09-11-title-20-part-416,us/regulation/20/416/1201,partial,inherited from federal
us-nh,SSI-F-CFR416-L,federal,regulation,PRESENT,2026-09-11-title-20-part-416,us/regulation/20/416/1201,partial,inherited from federal
us-nj,SSI-F-CFR416-L,federal,regulation,PRESENT,2026-09-11-title-20-part-416,us/regulation/20/416/1201,partial,inherited from federal
us-nm,SSI-F-CFR416-L,federal,regulation,PRESENT,2026-09-11-title-20-part-416,us/regulation/20/416/1201,partial,inherited from federal
us-nv,SSI-F-CFR416-L,federal,regulation,PRESENT,2026-09-11-title-20-part-416,us/regulation/20/416/1201,partial,inherited from federal
us-ny,SSI-F-CFR416-L,federal,regulation,PRESENT,2026-09-11-title-20-part-416,us/regulation/20/416/1201,partial,inherited from federal
us-oh,SSI-F-CFR416-L,federal,regulation,PRESENT,2026-09-11-title-20-part-416,us/regulation/20/416/1201,partial,inherited from federal
us-ok,SSI-F-CFR416-L,federal,regulation,PRESENT,2026-09-11-title-20-part-416,us/regulation/20/416/1201,partial,inherited from federal
us-or,SSI-F-CFR416-L,federal,regulation,PRESENT,2026-09-11-title-20-part-416,us/regulation/20/416/1201,partial,inherited from federal
us-pa,SSI-F-CFR416-L,federal,regulation,PRESENT,2026-09-11-title-20-part-416,us/regulation/20/416/1201,partial,inherited from federal
us-ri,SSI-F-CFR416-L,federal,regulation,PRESENT,2026-09-11-title-20-part-416,us/regulation/20/416/1201,partial,inherited from federal
us-sc,SSI-F-CFR416-L,federal,regulation,PRESENT,2026-09-11-title-20-part-416,us/regulation/20/416/1201,partial,inherited from federal
us-sd,SSI-F-CFR416-L,federal,regulation,PRESENT,2026-09-11-title-20-part-416,us/regulation/20/416/1201,partial,inherited from federal
us-tn,SSI-F-CFR416-L,federal,regulation,PRESENT,2026-09-11-title-20-part-416,us/regulation/20/416/1201,partial,inherited from federal
us-tx,SSI-F-CFR416-L,federal,regulation,PRESENT,2026-09-11-title-20-part-416,us/regulation/20/416/1201,partial,inherited from federal
us-ut,SSI-F-CFR416-L,federal,regulation,PRESENT,2026-09-11-title-20-part-416,us/regulation/20/416/1201,partial,inherited from federal
us-va,SSI-F-CFR416-L,federal,regulation,PRESENT,2026-09-11-title-20-part-416,us/regulation/20/416/1201,partial,inherited from federal
us-vt,SSI-F-CFR416-L,federal,regulation,PRESENT,2026-09-11-title-20-part-416,us/regulation/20/416/1201,partial,inherited from federal
us-wa,SSI-F-CFR416-L,federal,regulation,PRESENT,2026-09-11-title-20-part-416,us/regulation/20/416/1201,partial,inherited from federal
us-wi,SSI-F-CFR416-L,federal,regulation,PRESENT,2026-09-11-title-20-part-416,us/regulation/20/416/1201,partial,inherited from federal
us-wv,SSI-F-CFR416-L,federal,regulation,PRESENT,2026-09-11-title-20-part-416,us/regulation/20/416/1201,partial,inherited from federal
us-wy,SSI-F-CFR416-L,federal,regulation,PRESENT,2026-09-11-title-20-part-416,us/regulation/20/416/1201,partial,inherited from federal
us,SSI-F-CFR416-M,federal,regulation,PRESENT,2026-09-11-title-20-part-416,us/regulation/20/416/1320,no,subpart M: 19 sections with non-empty bodies in the 2026-09-11 complete eCFR scope (cited: first section; container row us/regulation/20/416/subpart-M has no body by design)
us-ak,SSI-F-CFR416-M,federal,regulation,PRESENT,2026-09-11-title-20-part-416,us/regulation/20/416/1320,no,inherited from federal
us-al,SSI-F-CFR416-M,federal,regulation,PRESENT,2026-09-11-title-20-part-416,us/regulation/20/416/1320,no,inherited from federal
us-ar,SSI-F-CFR416-M,federal,regulation,PRESENT,2026-09-11-title-20-part-416,us/regulation/20/416/1320,no,inherited from federal
us-az,SSI-F-CFR416-M,federal,regulation,PRESENT,2026-09-11-title-20-part-416,us/regulation/20/416/1320,no,inherited from federal
us-ca,SSI-F-CFR416-M,federal,regulation,PRESENT,2026-09-11-title-20-part-416,us/regulation/20/416/1320,no,inherited from federal
us-co,SSI-F-CFR416-M,federal,regulation,PRESENT,2026-09-11-title-20-part-416,us/regulation/20/416/1320,no,inherited from federal
us-ct,SSI-F-CFR416-M,federal,regulation,PRESENT,2026-09-11-title-20-part-416,us/regulation/20/416/1320,no,inherited from federal
us-dc,SSI-F-CFR416-M,federal,regulation,PRESENT,2026-09-11-title-20-part-416,us/regulation/20/416/1320,no,inherited from federal
us-de,SSI-F-CFR416-M,federal,regulation,PRESENT,2026-09-11-title-20-part-416,us/regulation/20/416/1320,no,inherited from federal
us-fl,SSI-F-CFR416-M,federal,regulation,PRESENT,2026-09-11-title-20-part-416,us/regulation/20/416/1320,no,inherited from federal
us-ga,SSI-F-CFR416-M,federal,regulation,PRESENT,2026-09-11-title-20-part-416,us/regulation/20/416/1320,no,inherited from federal
us-hi,SSI-F-CFR416-M,federal,regulation,PRESENT,2026-09-11-title-20-part-416,us/regulation/20/416/1320,no,inherited from federal
us-ia,SSI-F-CFR416-M,federal,regulation,PRESENT,2026-09-11-title-20-part-416,us/regulation/20/416/1320,no,inherited from federal
us-id,SSI-F-CFR416-M,federal,regulation,PRESENT,2026-09-11-title-20-part-416,us/regulation/20/416/1320,no,inherited from federal
us-il,SSI-F-CFR416-M,federal,regulation,PRESENT,2026-09-11-title-20-part-416,us/regulation/20/416/1320,no,inherited from federal
us-in,SSI-F-CFR416-M,federal,regulation,PRESENT,2026-09-11-title-20-part-416,us/regulation/20/416/1320,no,inherited from federal
us-ks,SSI-F-CFR416-M,federal,regulation,PRESENT,2026-09-11-title-20-part-416,us/regulation/20/416/1320,no,inherited from federal
us-ky,SSI-F-CFR416-M,federal,regulation,PRESENT,2026-09-11-title-20-part-416,us/regulation/20/416/1320,no,inherited from federal
us-la,SSI-F-CFR416-M,federal,regulation,PRESENT,2026-09-11-title-20-part-416,us/regulation/20/416/1320,no,inherited from federal
us-ma,SSI-F-CFR416-M,federal,regulation,PRESENT,2026-09-11-title-20-part-416,us/regulation/20/416/1320,no,inherited from federal
us-md,SSI-F-CFR416-M,federal,regulation,PRESENT,2026-09-11-title-20-part-416,us/regulation/20/416/1320,no,inherited from federal
us-me,SSI-F-CFR416-M,federal,regulation,PRESENT,2026-09-11-title-20-part-416,us/regulation/20/416/1320,no,inherited from federal
us-mi,SSI-F-CFR416-M,federal,regulation,PRESENT,2026-09-11-title-20-part-416,us/regulation/20/416/1320,no,inherited from federal
us-mn,SSI-F-CFR416-M,federal,regulation,PRESENT,2026-09-11-title-20-part-416,us/regulation/20/416/1320,no,inherited from federal
us-mo,SSI-F-CFR416-M,federal,regulation,PRESENT,2026-09-11-title-20-part-416,us/regulation/20/416/1320,no,inherited from federal
us-ms,SSI-F-CFR416-M,federal,regulation,PRESENT,2026-09-11-title-20-part-416,us/regulation/20/416/1320,no,inherited from federal
us-mt,SSI-F-CFR416-M,federal,regulation,PRESENT,2026-09-11-title-20-part-416,us/regulation/20/416/1320,no,inherited from federal
us-nc,SSI-F-CFR416-M,federal,regulation,PRESENT,2026-09-11-title-20-part-416,us/regulation/20/416/1320,no,inherited from federal
us-nd,SSI-F-CFR416-M,federal,regulation,PRESENT,2026-09-11-title-20-part-416,us/regulation/20/416/1320,no,inherited from federal
us-ne,SSI-F-CFR416-M,federal,regulation,PRESENT,2026-09-11-title-20-part-416,us/regulation/20/416/1320,no,inherited from federal
us-nh,SSI-F-CFR416-M,federal,regulation,PRESENT,2026-09-11-title-20-part-416,us/regulation/20/416/1320,no,inherited from federal
us-nj,SSI-F-CFR416-M,federal,regulation,PRESENT,2026-09-11-title-20-part-416,us/regulation/20/416/1320,no,inherited from federal
us-nm,SSI-F-CFR416-M,federal,regulation,PRESENT,2026-09-11-title-20-part-416,us/regulation/20/416/1320,no,inherited from federal
us-nv,SSI-F-CFR416-M,federal,regulation,PRESENT,2026-09-11-title-20-part-416,us/regulation/20/416/1320,no,inherited from federal
us-ny,SSI-F-CFR416-M,federal,regulation,PRESENT,2026-09-11-title-20-part-416,us/regulation/20/416/1320,no,inherited from federal
us-oh,SSI-F-CFR416-M,federal,regulation,PRESENT,2026-09-11-title-20-part-416,us/regulation/20/416/1320,no,inherited from federal
us-ok,SSI-F-CFR416-M,federal,regulation,PRESENT,2026-09-11-title-20-part-416,us/regulation/20/416/1320,no,inherited from federal
us-or,SSI-F-CFR416-M,federal,regulation,PRESENT,2026-09-11-title-20-part-416,us/regulation/20/416/1320,no,inherited from federal
us-pa,SSI-F-CFR416-M,federal,regulation,PRESENT,2026-09-11-title-20-part-416,us/regulation/20/416/1320,no,inherited from federal
us-ri,SSI-F-CFR416-M,federal,regulation,PRESENT,2026-09-11-title-20-part-416,us/regulation/20/416/1320,no,inherited from federal
us-sc,SSI-F-CFR416-M,federal,regulation,PRESENT,2026-09-11-title-20-part-416,us/regulation/20/416/1320,no,inherited from federal
us-sd,SSI-F-CFR416-M,federal,regulation,PRESENT,2026-09-11-title-20-part-416,us/regulation/20/416/1320,no,inherited from federal
us-tn,SSI-F-CFR416-M,federal,regulation,PRESENT,2026-09-11-title-20-part-416,us/regulation/20/416/1320,no,inherited from federal
us-tx,SSI-F-CFR416-M,federal,regulation,PRESENT,2026-09-11-title-20-part-416,us/regulation/20/416/1320,no,inherited from federal
us-ut,SSI-F-CFR416-M,federal,regulation,PRESENT,2026-09-11-title-20-part-416,us/regulation/20/416/1320,no,inherited from federal
us-va,SSI-F-CFR416-M,federal,regulation,PRESENT,2026-09-11-title-20-part-416,us/regulation/20/416/1320,no,inherited from federal
us-vt,SSI-F-CFR416-M,federal,regulation,PRESENT,2026-09-11-title-20-part-416,us/regulation/20/416/1320,no,inherited from federal
us-wa,SSI-F-CFR416-M,federal,regulation,PRESENT,2026-09-11-title-20-part-416,us/regulation/20/416/1320,no,inherited from federal
us-wi,SSI-F-CFR416-M,federal,regulation,PRESENT,2026-09-11-title-20-part-416,us/regulation/20/416/1320,no,inherited from federal
us-wv,SSI-F-CFR416-M,federal,regulation,PRESENT,2026-09-11-title-20-part-416,us/regulation/20/416/1320,no,inherited from federal
us-wy,SSI-F-CFR416-M,federal,regulation,PRESENT,2026-09-11-title-20-part-416,us/regulation/20/416/1320,no,inherited from federal
us,SSI-F-CFR416-N,federal,regulation,PRESENT,2026-09-11-title-20-part-416,us/regulation/20/416/1400,no,subpart N: 86 sections with non-empty bodies in the 2026-09-11 complete eCFR scope (cited: first section; container row us/regulation/20/416/subpart-N has no body by design)
us-ak,SSI-F-CFR416-N,federal,regulation,PRESENT,2026-09-11-title-20-part-416,us/regulation/20/416/1400,no,inherited from federal
us-al,SSI-F-CFR416-N,federal,regulation,PRESENT,2026-09-11-title-20-part-416,us/regulation/20/416/1400,no,inherited from federal
us-ar,SSI-F-CFR416-N,federal,regulation,PRESENT,2026-09-11-title-20-part-416,us/regulation/20/416/1400,no,inherited from federal
us-az,SSI-F-CFR416-N,federal,regulation,PRESENT,2026-09-11-title-20-part-416,us/regulation/20/416/1400,no,inherited from federal
us-ca,SSI-F-CFR416-N,federal,regulation,PRESENT,2026-09-11-title-20-part-416,us/regulation/20/416/1400,no,inherited from federal
us-co,SSI-F-CFR416-N,federal,regulation,PRESENT,2026-09-11-title-20-part-416,us/regulation/20/416/1400,no,inherited from federal
us-ct,SSI-F-CFR416-N,federal,regulation,PRESENT,2026-09-11-title-20-part-416,us/regulation/20/416/1400,no,inherited from federal
us-dc,SSI-F-CFR416-N,federal,regulation,PRESENT,2026-09-11-title-20-part-416,us/regulation/20/416/1400,no,inherited from federal
us-de,SSI-F-CFR416-N,federal,regulation,PRESENT,2026-09-11-title-20-part-416,us/regulation/20/416/1400,no,inherited from federal
us-fl,SSI-F-CFR416-N,federal,regulation,PRESENT,2026-09-11-title-20-part-416,us/regulation/20/416/1400,no,inherited from federal
us-ga,SSI-F-CFR416-N,federal,regulation,PRESENT,2026-09-11-title-20-part-416,us/regulation/20/416/1400,no,inherited from federal
us-hi,SSI-F-CFR416-N,federal,regulation,PRESENT,2026-09-11-title-20-part-416,us/regulation/20/416/1400,no,inherited from federal
us-ia,SSI-F-CFR416-N,federal,regulation,PRESENT,2026-09-11-title-20-part-416,us/regulation/20/416/1400,no,inherited from federal
us-id,SSI-F-CFR416-N,federal,regulation,PRESENT,2026-09-11-title-20-part-416,us/regulation/20/416/1400,no,inherited from federal
us-il,SSI-F-CFR416-N,federal,regulation,PRESENT,2026-09-11-title-20-part-416,us/regulation/20/416/1400,no,inherited from federal
us-in,SSI-F-CFR416-N,federal,regulation,PRESENT,2026-09-11-title-20-part-416,us/regulation/20/416/1400,no,inherited from federal
us-ks,SSI-F-CFR416-N,federal,regulation,PRESENT,2026-09-11-title-20-part-416,us/regulation/20/416/1400,no,inherited from federal
us-ky,SSI-F-CFR416-N,federal,regulation,PRESENT,2026-09-11-title-20-part-416,us/regulation/20/416/1400,no,inherited from federal
us-la,SSI-F-CFR416-N,federal,regulation,PRESENT,2026-09-11-title-20-part-416,us/regulation/20/416/1400,no,inherited from federal
us-ma,SSI-F-CFR416-N,federal,regulation,PRESENT,2026-09-11-title-20-part-416,us/regulation/20/416/1400,no,inherited from federal
us-md,SSI-F-CFR416-N,federal,regulation,PRESENT,2026-09-11-title-20-part-416,us/regulation/20/416/1400,no,inherited from federal
us-me,SSI-F-CFR416-N,federal,regulation,PRESENT,2026-09-11-title-20-part-416,us/regulation/20/416/1400,no,inherited from federal
us-mi,SSI-F-CFR416-N,federal,regulation,PRESENT,2026-09-11-title-20-part-416,us/regulation/20/416/1400,no,inherited from federal
us-mn,SSI-F-CFR416-N,federal,regulation,PRESENT,2026-09-11-title-20-part-416,us/regulation/20/416/1400,no,inherited from federal
us-mo,SSI-F-CFR416-N,federal,regulation,PRESENT,2026-09-11-title-20-part-416,us/regulation/20/416/1400,no,inherited from federal
us-ms,SSI-F-CFR416-N,federal,regulation,PRESENT,2026-09-11-title-20-part-416,us/regulation/20/416/1400,no,inherited from federal
us-mt,SSI-F-CFR416-N,federal,regulation,PRESENT,2026-09-11-title-20-part-416,us/regulation/20/416/1400,no,inherited from federal
us-nc,SSI-F-CFR416-N,federal,regulation,PRESENT,2026-09-11-title-20-part-416,us/regulation/20/416/1400,no,inherited from federal
us-nd,SSI-F-CFR416-N,federal,regulation,PRESENT,2026-09-11-title-20-part-416,us/regulation/20/416/1400,no,inherited from federal
us-ne,SSI-F-CFR416-N,federal,regulation,PRESENT,2026-09-11-title-20-part-416,us/regulation/20/416/1400,no,inherited from federal
us-nh,SSI-F-CFR416-N,federal,regulation,PRESENT,2026-09-11-title-20-part-416,us/regulation/20/416/1400,no,inherited from federal
us-nj,SSI-F-CFR416-N,federal,regulation,PRESENT,2026-09-11-title-20-part-416,us/regulation/20/416/1400,no,inherited from federal
us-nm,SSI-F-CFR416-N,federal,regulation,PRESENT,2026-09-11-title-20-part-416,us/regulation/20/416/1400,no,inherited from federal
us-nv,SSI-F-CFR416-N,federal,regulation,PRESENT,2026-09-11-title-20-part-416,us/regulation/20/416/1400,no,inherited from federal
us-ny,SSI-F-CFR416-N,federal,regulation,PRESENT,2026-09-11-title-20-part-416,us/regulation/20/416/1400,no,inherited from federal
us-oh,SSI-F-CFR416-N,federal,regulation,PRESENT,2026-09-11-title-20-part-416,us/regulation/20/416/1400,no,inherited from federal
us-ok,SSI-F-CFR416-N,federal,regulation,PRESENT,2026-09-11-title-20-part-416,us/regulation/20/416/1400,no,inherited from federal
us-or,SSI-F-CFR416-N,federal,regulation,PRESENT,2026-09-11-title-20-part-416,us/regulation/20/416/1400,no,inherited from federal
us-pa,SSI-F-CFR416-N,federal,regulation,PRESENT,2026-09-11-title-20-part-416,us/regulation/20/416/1400,no,inherited from federal
us-ri,SSI-F-CFR416-N,federal,regulation,PRESENT,2026-09-11-title-20-part-416,us/regulation/20/416/1400,no,inherited from federal
us-sc,SSI-F-CFR416-N,federal,regulation,PRESENT,2026-09-11-title-20-part-416,us/regulation/20/416/1400,no,inherited from federal
us-sd,SSI-F-CFR416-N,federal,regulation,PRESENT,2026-09-11-title-20-part-416,us/regulation/20/416/1400,no,inherited from federal
us-tn,SSI-F-CFR416-N,federal,regulation,PRESENT,2026-09-11-title-20-part-416,us/regulation/20/416/1400,no,inherited from federal
us-tx,SSI-F-CFR416-N,federal,regulation,PRESENT,2026-09-11-title-20-part-416,us/regulation/20/416/1400,no,inherited from federal
us-ut,SSI-F-CFR416-N,federal,regulation,PRESENT,2026-09-11-title-20-part-416,us/regulation/20/416/1400,no,inherited from federal
us-va,SSI-F-CFR416-N,federal,regulation,PRESENT,2026-09-11-title-20-part-416,us/regulation/20/416/1400,no,inherited from federal
us-vt,SSI-F-CFR416-N,federal,regulation,PRESENT,2026-09-11-title-20-part-416,us/regulation/20/416/1400,no,inherited from federal
us-wa,SSI-F-CFR416-N,federal,regulation,PRESENT,2026-09-11-title-20-part-416,us/regulation/20/416/1400,no,inherited from federal
us-wi,SSI-F-CFR416-N,federal,regulation,PRESENT,2026-09-11-title-20-part-416,us/regulation/20/416/1400,no,inherited from federal
us-wv,SSI-F-CFR416-N,federal,regulation,PRESENT,2026-09-11-title-20-part-416,us/regulation/20/416/1400,no,inherited from federal
us-wy,SSI-F-CFR416-N,federal,regulation,PRESENT,2026-09-11-title-20-part-416,us/regulation/20/416/1400,no,inherited from federal
us,SSI-F-CFR416-O,federal,regulation,PRESENT,2026-09-11-title-20-part-416,us/regulation/20/416/1500,no,subpart O: 28 sections with non-empty bodies in the 2026-09-11 complete eCFR scope (cited: first section; container row us/regulation/20/416/subpart-O has no body by design)
us-ak,SSI-F-CFR416-O,federal,regulation,PRESENT,2026-09-11-title-20-part-416,us/regulation/20/416/1500,no,inherited from federal
us-al,SSI-F-CFR416-O,federal,regulation,PRESENT,2026-09-11-title-20-part-416,us/regulation/20/416/1500,no,inherited from federal
us-ar,SSI-F-CFR416-O,federal,regulation,PRESENT,2026-09-11-title-20-part-416,us/regulation/20/416/1500,no,inherited from federal
us-az,SSI-F-CFR416-O,federal,regulation,PRESENT,2026-09-11-title-20-part-416,us/regulation/20/416/1500,no,inherited from federal
us-ca,SSI-F-CFR416-O,federal,regulation,PRESENT,2026-09-11-title-20-part-416,us/regulation/20/416/1500,no,inherited from federal
us-co,SSI-F-CFR416-O,federal,regulation,PRESENT,2026-09-11-title-20-part-416,us/regulation/20/416/1500,no,inherited from federal
us-ct,SSI-F-CFR416-O,federal,regulation,PRESENT,2026-09-11-title-20-part-416,us/regulation/20/416/1500,no,inherited from federal
us-dc,SSI-F-CFR416-O,federal,regulation,PRESENT,2026-09-11-title-20-part-416,us/regulation/20/416/1500,no,inherited from federal
us-de,SSI-F-CFR416-O,federal,regulation,PRESENT,2026-09-11-title-20-part-416,us/regulation/20/416/1500,no,inherited from federal
us-fl,SSI-F-CFR416-O,federal,regulation,PRESENT,2026-09-11-title-20-part-416,us/regulation/20/416/1500,no,inherited from federal
us-ga,SSI-F-CFR416-O,federal,regulation,PRESENT,2026-09-11-title-20-part-416,us/regulation/20/416/1500,no,inherited from federal
us-hi,SSI-F-CFR416-O,federal,regulation,PRESENT,2026-09-11-title-20-part-416,us/regulation/20/416/1500,no,inherited from federal
us-ia,SSI-F-CFR416-O,federal,regulation,PRESENT,2026-09-11-title-20-part-416,us/regulation/20/416/1500,no,inherited from federal
us-id,SSI-F-CFR416-O,federal,regulation,PRESENT,2026-09-11-title-20-part-416,us/regulation/20/416/1500,no,inherited from federal
us-il,SSI-F-CFR416-O,federal,regulation,PRESENT,2026-09-11-title-20-part-416,us/regulation/20/416/1500,no,inherited from federal
us-in,SSI-F-CFR416-O,federal,regulation,PRESENT,2026-09-11-title-20-part-416,us/regulation/20/416/1500,no,inherited from federal
us-ks,SSI-F-CFR416-O,federal,regulation,PRESENT,2026-09-11-title-20-part-416,us/regulation/20/416/1500,no,inherited from federal
us-ky,SSI-F-CFR416-O,federal,regulation,PRESENT,2026-09-11-title-20-part-416,us/regulation/20/416/1500,no,inherited from federal
us-la,SSI-F-CFR416-O,federal,regulation,PRESENT,2026-09-11-title-20-part-416,us/regulation/20/416/1500,no,inherited from federal
us-ma,SSI-F-CFR416-O,federal,regulation,PRESENT,2026-09-11-title-20-part-416,us/regulation/20/416/1500,no,inherited from federal
us-md,SSI-F-CFR416-O,federal,regulation,PRESENT,2026-09-11-title-20-part-416,us/regulation/20/416/1500,no,inherited from federal
us-me,SSI-F-CFR416-O,federal,regulation,PRESENT,2026-09-11-title-20-part-416,us/regulation/20/416/1500,no,inherited from federal
us-mi,SSI-F-CFR416-O,federal,regulation,PRESENT,2026-09-11-title-20-part-416,us/regulation/20/416/1500,no,inherited from federal
us-mn,SSI-F-CFR416-O,federal,regulation,PRESENT,2026-09-11-title-20-part-416,us/regulation/20/416/1500,no,inherited from federal
us-mo,SSI-F-CFR416-O,federal,regulation,PRESENT,2026-09-11-title-20-part-416,us/regulation/20/416/1500,no,inherited from federal
us-ms,SSI-F-CFR416-O,federal,regulation,PRESENT,2026-09-11-title-20-part-416,us/regulation/20/416/1500,no,inherited from federal
us-mt,SSI-F-CFR416-O,federal,regulation,PRESENT,2026-09-11-title-20-part-416,us/regulation/20/416/1500,no,inherited from federal
us-nc,SSI-F-CFR416-O,federal,regulation,PRESENT,2026-09-11-title-20-part-416,us/regulation/20/416/1500,no,inherited from federal
us-nd,SSI-F-CFR416-O,federal,regulation,PRESENT,2026-09-11-title-20-part-416,us/regulation/20/416/1500,no,inherited from federal
us-ne,SSI-F-CFR416-O,federal,regulation,PRESENT,2026-09-11-title-20-part-416,us/regulation/20/416/1500,no,inherited from federal
us-nh,SSI-F-CFR416-O,federal,regulation,PRESENT,2026-09-11-title-20-part-416,us/regulation/20/416/1500,no,inherited from federal
us-nj,SSI-F-CFR416-O,federal,regulation,PRESENT,2026-09-11-title-20-part-416,us/regulation/20/416/1500,no,inherited from federal
us-nm,SSI-F-CFR416-O,federal,regulation,PRESENT,2026-09-11-title-20-part-416,us/regulation/20/416/1500,no,inherited from federal
us-nv,SSI-F-CFR416-O,federal,regulation,PRESENT,2026-09-11-title-20-part-416,us/regulation/20/416/1500,no,inherited from federal
us-ny,SSI-F-CFR416-O,federal,regulation,PRESENT,2026-09-11-title-20-part-416,us/regulation/20/416/1500,no,inherited from federal
us-oh,SSI-F-CFR416-O,federal,regulation,PRESENT,2026-09-11-title-20-part-416,us/regulation/20/416/1500,no,inherited from federal
us-ok,SSI-F-CFR416-O,federal,regulation,PRESENT,2026-09-11-title-20-part-416,us/regulation/20/416/1500,no,inherited from federal
us-or,SSI-F-CFR416-O,federal,regulation,PRESENT,2026-09-11-title-20-part-416,us/regulation/20/416/1500,no,inherited from federal
us-pa,SSI-F-CFR416-O,federal,regulation,PRESENT,2026-09-11-title-20-part-416,us/regulation/20/416/1500,no,inherited from federal
us-ri,SSI-F-CFR416-O,federal,regulation,PRESENT,2026-09-11-title-20-part-416,us/regulation/20/416/1500,no,inherited from federal
us-sc,SSI-F-CFR416-O,federal,regulation,PRESENT,2026-09-11-title-20-part-416,us/regulation/20/416/1500,no,inherited from federal
us-sd,SSI-F-CFR416-O,federal,regulation,PRESENT,2026-09-11-title-20-part-416,us/regulation/20/416/1500,no,inherited from federal
us-tn,SSI-F-CFR416-O,federal,regulation,PRESENT,2026-09-11-title-20-part-416,us/regulation/20/416/1500,no,inherited from federal
us-tx,SSI-F-CFR416-O,federal,regulation,PRESENT,2026-09-11-title-20-part-416,us/regulation/20/416/1500,no,inherited from federal
us-ut,SSI-F-CFR416-O,federal,regulation,PRESENT,2026-09-11-title-20-part-416,us/regulation/20/416/1500,no,inherited from federal
us-va,SSI-F-CFR416-O,federal,regulation,PRESENT,2026-09-11-title-20-part-416,us/regulation/20/416/1500,no,inherited from federal
us-vt,SSI-F-CFR416-O,federal,regulation,PRESENT,2026-09-11-title-20-part-416,us/regulation/20/416/1500,no,inherited from federal
us-wa,SSI-F-CFR416-O,federal,regulation,PRESENT,2026-09-11-title-20-part-416,us/regulation/20/416/1500,no,inherited from federal
us-wi,SSI-F-CFR416-O,federal,regulation,PRESENT,2026-09-11-title-20-part-416,us/regulation/20/416/1500,no,inherited from federal
us-wv,SSI-F-CFR416-O,federal,regulation,PRESENT,2026-09-11-title-20-part-416,us/regulation/20/416/1500,no,inherited from federal
us-wy,SSI-F-CFR416-O,federal,regulation,PRESENT,2026-09-11-title-20-part-416,us/regulation/20/416/1500,no,inherited from federal
us,SSI-F-CFR416-P,federal,regulation,PRESENT,2026-09-11-title-20-part-416,us/regulation/20/416/1600,partial,subpart P: 7 sections with non-empty bodies in the 2026-09-11 complete eCFR scope (cited: first section; container row us/regulation/20/416/subpart-P has no body by design)
us-ak,SSI-F-CFR416-P,federal,regulation,PRESENT,2026-09-11-title-20-part-416,us/regulation/20/416/1600,partial,inherited from federal
us-al,SSI-F-CFR416-P,federal,regulation,PRESENT,2026-09-11-title-20-part-416,us/regulation/20/416/1600,partial,inherited from federal
us-ar,SSI-F-CFR416-P,federal,regulation,PRESENT,2026-09-11-title-20-part-416,us/regulation/20/416/1600,partial,inherited from federal
us-az,SSI-F-CFR416-P,federal,regulation,PRESENT,2026-09-11-title-20-part-416,us/regulation/20/416/1600,partial,inherited from federal
us-ca,SSI-F-CFR416-P,federal,regulation,PRESENT,2026-09-11-title-20-part-416,us/regulation/20/416/1600,partial,inherited from federal
us-co,SSI-F-CFR416-P,federal,regulation,PRESENT,2026-09-11-title-20-part-416,us/regulation/20/416/1600,partial,inherited from federal
us-ct,SSI-F-CFR416-P,federal,regulation,PRESENT,2026-09-11-title-20-part-416,us/regulation/20/416/1600,partial,inherited from federal
us-dc,SSI-F-CFR416-P,federal,regulation,PRESENT,2026-09-11-title-20-part-416,us/regulation/20/416/1600,partial,inherited from federal
us-de,SSI-F-CFR416-P,federal,regulation,PRESENT,2026-09-11-title-20-part-416,us/regulation/20/416/1600,partial,inherited from federal
us-fl,SSI-F-CFR416-P,federal,regulation,PRESENT,2026-09-11-title-20-part-416,us/regulation/20/416/1600,partial,inherited from federal
us-ga,SSI-F-CFR416-P,federal,regulation,PRESENT,2026-09-11-title-20-part-416,us/regulation/20/416/1600,partial,inherited from federal
us-hi,SSI-F-CFR416-P,federal,regulation,PRESENT,2026-09-11-title-20-part-416,us/regulation/20/416/1600,partial,inherited from federal
us-ia,SSI-F-CFR416-P,federal,regulation,PRESENT,2026-09-11-title-20-part-416,us/regulation/20/416/1600,partial,inherited from federal
us-id,SSI-F-CFR416-P,federal,regulation,PRESENT,2026-09-11-title-20-part-416,us/regulation/20/416/1600,partial,inherited from federal
us-il,SSI-F-CFR416-P,federal,regulation,PRESENT,2026-09-11-title-20-part-416,us/regulation/20/416/1600,partial,inherited from federal
us-in,SSI-F-CFR416-P,federal,regulation,PRESENT,2026-09-11-title-20-part-416,us/regulation/20/416/1600,partial,inherited from federal
us-ks,SSI-F-CFR416-P,federal,regulation,PRESENT,2026-09-11-title-20-part-416,us/regulation/20/416/1600,partial,inherited from federal
us-ky,SSI-F-CFR416-P,federal,regulation,PRESENT,2026-09-11-title-20-part-416,us/regulation/20/416/1600,partial,inherited from federal
us-la,SSI-F-CFR416-P,federal,regulation,PRESENT,2026-09-11-title-20-part-416,us/regulation/20/416/1600,partial,inherited from federal
us-ma,SSI-F-CFR416-P,federal,regulation,PRESENT,2026-09-11-title-20-part-416,us/regulation/20/416/1600,partial,inherited from federal
us-md,SSI-F-CFR416-P,federal,regulation,PRESENT,2026-09-11-title-20-part-416,us/regulation/20/416/1600,partial,inherited from federal
us-me,SSI-F-CFR416-P,federal,regulation,PRESENT,2026-09-11-title-20-part-416,us/regulation/20/416/1600,partial,inherited from federal
us-mi,SSI-F-CFR416-P,federal,regulation,PRESENT,2026-09-11-title-20-part-416,us/regulation/20/416/1600,partial,inherited from federal
us-mn,SSI-F-CFR416-P,federal,regulation,PRESENT,2026-09-11-title-20-part-416,us/regulation/20/416/1600,partial,inherited from federal
us-mo,SSI-F-CFR416-P,federal,regulation,PRESENT,2026-09-11-title-20-part-416,us/regulation/20/416/1600,partial,inherited from federal
us-ms,SSI-F-CFR416-P,federal,regulation,PRESENT,2026-09-11-title-20-part-416,us/regulation/20/416/1600,partial,inherited from federal
us-mt,SSI-F-CFR416-P,federal,regulation,PRESENT,2026-09-11-title-20-part-416,us/regulation/20/416/1600,partial,inherited from federal
us-nc,SSI-F-CFR416-P,federal,regulation,PRESENT,2026-09-11-title-20-part-416,us/regulation/20/416/1600,partial,inherited from federal
us-nd,SSI-F-CFR416-P,federal,regulation,PRESENT,2026-09-11-title-20-part-416,us/regulation/20/416/1600,partial,inherited from federal
us-ne,SSI-F-CFR416-P,federal,regulation,PRESENT,2026-09-11-title-20-part-416,us/regulation/20/416/1600,partial,inherited from federal
us-nh,SSI-F-CFR416-P,federal,regulation,PRESENT,2026-09-11-title-20-part-416,us/regulation/20/416/1600,partial,inherited from federal
us-nj,SSI-F-CFR416-P,federal,regulation,PRESENT,2026-09-11-title-20-part-416,us/regulation/20/416/1600,partial,inherited from federal
us-nm,SSI-F-CFR416-P,federal,regulation,PRESENT,2026-09-11-title-20-part-416,us/regulation/20/416/1600,partial,inherited from federal
us-nv,SSI-F-CFR416-P,federal,regulation,PRESENT,2026-09-11-title-20-part-416,us/regulation/20/416/1600,partial,inherited from federal
us-ny,SSI-F-CFR416-P,federal,regulation,PRESENT,2026-09-11-title-20-part-416,us/regulation/20/416/1600,partial,inherited from federal
us-oh,SSI-F-CFR416-P,federal,regulation,PRESENT,2026-09-11-title-20-part-416,us/regulation/20/416/1600,partial,inherited from federal
us-ok,SSI-F-CFR416-P,federal,regulation,PRESENT,2026-09-11-title-20-part-416,us/regulation/20/416/1600,partial,inherited from federal
us-or,SSI-F-CFR416-P,federal,regulation,PRESENT,2026-09-11-title-20-part-416,us/regulation/20/416/1600,partial,inherited from federal
us-pa,SSI-F-CFR416-P,federal,regulation,PRESENT,2026-09-11-title-20-part-416,us/regulation/20/416/1600,partial,inherited from federal
us-ri,SSI-F-CFR416-P,federal,regulation,PRESENT,2026-09-11-title-20-part-416,us/regulation/20/416/1600,partial,inherited from federal
us-sc,SSI-F-CFR416-P,federal,regulation,PRESENT,2026-09-11-title-20-part-416,us/regulation/20/416/1600,partial,inherited from federal
us-sd,SSI-F-CFR416-P,federal,regulation,PRESENT,2026-09-11-title-20-part-416,us/regulation/20/416/1600,partial,inherited from federal
us-tn,SSI-F-CFR416-P,federal,regulation,PRESENT,2026-09-11-title-20-part-416,us/regulation/20/416/1600,partial,inherited from federal
us-tx,SSI-F-CFR416-P,federal,regulation,PRESENT,2026-09-11-title-20-part-416,us/regulation/20/416/1600,partial,inherited from federal
us-ut,SSI-F-CFR416-P,federal,regulation,PRESENT,2026-09-11-title-20-part-416,us/regulation/20/416/1600,partial,inherited from federal
us-va,SSI-F-CFR416-P,federal,regulation,PRESENT,2026-09-11-title-20-part-416,us/regulation/20/416/1600,partial,inherited from federal
us-vt,SSI-F-CFR416-P,federal,regulation,PRESENT,2026-09-11-title-20-part-416,us/regulation/20/416/1600,partial,inherited from federal
us-wa,SSI-F-CFR416-P,federal,regulation,PRESENT,2026-09-11-title-20-part-416,us/regulation/20/416/1600,partial,inherited from federal
us-wi,SSI-F-CFR416-P,federal,regulation,PRESENT,2026-09-11-title-20-part-416,us/regulation/20/416/1600,partial,inherited from federal
us-wv,SSI-F-CFR416-P,federal,regulation,PRESENT,2026-09-11-title-20-part-416,us/regulation/20/416/1600,partial,inherited from federal
us-wy,SSI-F-CFR416-P,federal,regulation,PRESENT,2026-09-11-title-20-part-416,us/regulation/20/416/1600,partial,inherited from federal
us,SSI-F-CFR416-Q,federal,regulation,PRESENT,2026-09-11-title-20-part-416,us/regulation/20/416/1701,no,subpart Q: 3 sections with non-empty bodies in the 2026-09-11 complete eCFR scope (cited: first section; container row us/regulation/20/416/subpart-Q has no body by design)
us-ak,SSI-F-CFR416-Q,federal,regulation,PRESENT,2026-09-11-title-20-part-416,us/regulation/20/416/1701,no,inherited from federal
us-al,SSI-F-CFR416-Q,federal,regulation,PRESENT,2026-09-11-title-20-part-416,us/regulation/20/416/1701,no,inherited from federal
us-ar,SSI-F-CFR416-Q,federal,regulation,PRESENT,2026-09-11-title-20-part-416,us/regulation/20/416/1701,no,inherited from federal
us-az,SSI-F-CFR416-Q,federal,regulation,PRESENT,2026-09-11-title-20-part-416,us/regulation/20/416/1701,no,inherited from federal
us-ca,SSI-F-CFR416-Q,federal,regulation,PRESENT,2026-09-11-title-20-part-416,us/regulation/20/416/1701,no,inherited from federal
us-co,SSI-F-CFR416-Q,federal,regulation,PRESENT,2026-09-11-title-20-part-416,us/regulation/20/416/1701,no,inherited from federal
us-ct,SSI-F-CFR416-Q,federal,regulation,PRESENT,2026-09-11-title-20-part-416,us/regulation/20/416/1701,no,inherited from federal
us-dc,SSI-F-CFR416-Q,federal,regulation,PRESENT,2026-09-11-title-20-part-416,us/regulation/20/416/1701,no,inherited from federal
us-de,SSI-F-CFR416-Q,federal,regulation,PRESENT,2026-09-11-title-20-part-416,us/regulation/20/416/1701,no,inherited from federal
us-fl,SSI-F-CFR416-Q,federal,regulation,PRESENT,2026-09-11-title-20-part-416,us/regulation/20/416/1701,no,inherited from federal
us-ga,SSI-F-CFR416-Q,federal,regulation,PRESENT,2026-09-11-title-20-part-416,us/regulation/20/416/1701,no,inherited from federal
us-hi,SSI-F-CFR416-Q,federal,regulation,PRESENT,2026-09-11-title-20-part-416,us/regulation/20/416/1701,no,inherited from federal
us-ia,SSI-F-CFR416-Q,federal,regulation,PRESENT,2026-09-11-title-20-part-416,us/regulation/20/416/1701,no,inherited from federal
us-id,SSI-F-CFR416-Q,federal,regulation,PRESENT,2026-09-11-title-20-part-416,us/regulation/20/416/1701,no,inherited from federal
us-il,SSI-F-CFR416-Q,federal,regulation,PRESENT,2026-09-11-title-20-part-416,us/regulation/20/416/1701,no,inherited from federal
us-in,SSI-F-CFR416-Q,federal,regulation,PRESENT,2026-09-11-title-20-part-416,us/regulation/20/416/1701,no,inherited from federal
us-ks,SSI-F-CFR416-Q,federal,regulation,PRESENT,2026-09-11-title-20-part-416,us/regulation/20/416/1701,no,inherited from federal
us-ky,SSI-F-CFR416-Q,federal,regulation,PRESENT,2026-09-11-title-20-part-416,us/regulation/20/416/1701,no,inherited from federal
us-la,SSI-F-CFR416-Q,federal,regulation,PRESENT,2026-09-11-title-20-part-416,us/regulation/20/416/1701,no,inherited from federal
us-ma,SSI-F-CFR416-Q,federal,regulation,PRESENT,2026-09-11-title-20-part-416,us/regulation/20/416/1701,no,inherited from federal
us-md,SSI-F-CFR416-Q,federal,regulation,PRESENT,2026-09-11-title-20-part-416,us/regulation/20/416/1701,no,inherited from federal
us-me,SSI-F-CFR416-Q,federal,regulation,PRESENT,2026-09-11-title-20-part-416,us/regulation/20/416/1701,no,inherited from federal
us-mi,SSI-F-CFR416-Q,federal,regulation,PRESENT,2026-09-11-title-20-part-416,us/regulation/20/416/1701,no,inherited from federal
us-mn,SSI-F-CFR416-Q,federal,regulation,PRESENT,2026-09-11-title-20-part-416,us/regulation/20/416/1701,no,inherited from federal
us-mo,SSI-F-CFR416-Q,federal,regulation,PRESENT,2026-09-11-title-20-part-416,us/regulation/20/416/1701,no,inherited from federal
us-ms,SSI-F-CFR416-Q,federal,regulation,PRESENT,2026-09-11-title-20-part-416,us/regulation/20/416/1701,no,inherited from federal
us-mt,SSI-F-CFR416-Q,federal,regulation,PRESENT,2026-09-11-title-20-part-416,us/regulation/20/416/1701,no,inherited from federal
us-nc,SSI-F-CFR416-Q,federal,regulation,PRESENT,2026-09-11-title-20-part-416,us/regulation/20/416/1701,no,inherited from federal
us-nd,SSI-F-CFR416-Q,federal,regulation,PRESENT,2026-09-11-title-20-part-416,us/regulation/20/416/1701,no,inherited from federal
us-ne,SSI-F-CFR416-Q,federal,regulation,PRESENT,2026-09-11-title-20-part-416,us/regulation/20/416/1701,no,inherited from federal
us-nh,SSI-F-CFR416-Q,federal,regulation,PRESENT,2026-09-11-title-20-part-416,us/regulation/20/416/1701,no,inherited from federal
us-nj,SSI-F-CFR416-Q,federal,regulation,PRESENT,2026-09-11-title-20-part-416,us/regulation/20/416/1701,no,inherited from federal
us-nm,SSI-F-CFR416-Q,federal,regulation,PRESENT,2026-09-11-title-20-part-416,us/regulation/20/416/1701,no,inherited from federal
us-nv,SSI-F-CFR416-Q,federal,regulation,PRESENT,2026-09-11-title-20-part-416,us/regulation/20/416/1701,no,inherited from federal
us-ny,SSI-F-CFR416-Q,federal,regulation,PRESENT,2026-09-11-title-20-part-416,us/regulation/20/416/1701,no,inherited from federal
us-oh,SSI-F-CFR416-Q,federal,regulation,PRESENT,2026-09-11-title-20-part-416,us/regulation/20/416/1701,no,inherited from federal
us-ok,SSI-F-CFR416-Q,federal,regulation,PRESENT,2026-09-11-title-20-part-416,us/regulation/20/416/1701,no,inherited from federal
us-or,SSI-F-CFR416-Q,federal,regulation,PRESENT,2026-09-11-title-20-part-416,us/regulation/20/416/1701,no,inherited from federal
us-pa,SSI-F-CFR416-Q,federal,regulation,PRESENT,2026-09-11-title-20-part-416,us/regulation/20/416/1701,no,inherited from federal
us-ri,SSI-F-CFR416-Q,federal,regulation,PRESENT,2026-09-11-title-20-part-416,us/regulation/20/416/1701,no,inherited from federal
us-sc,SSI-F-CFR416-Q,federal,regulation,PRESENT,2026-09-11-title-20-part-416,us/regulation/20/416/1701,no,inherited from federal
us-sd,SSI-F-CFR416-Q,federal,regulation,PRESENT,2026-09-11-title-20-part-416,us/regulation/20/416/1701,no,inherited from federal
us-tn,SSI-F-CFR416-Q,federal,regulation,PRESENT,2026-09-11-title-20-part-416,us/regulation/20/416/1701,no,inherited from federal
us-tx,SSI-F-CFR416-Q,federal,regulation,PRESENT,2026-09-11-title-20-part-416,us/regulation/20/416/1701,no,inherited from federal
us-ut,SSI-F-CFR416-Q,federal,regulation,PRESENT,2026-09-11-title-20-part-416,us/regulation/20/416/1701,no,inherited from federal
us-va,SSI-F-CFR416-Q,federal,regulation,PRESENT,2026-09-11-title-20-part-416,us/regulation/20/416/1701,no,inherited from federal
us-vt,SSI-F-CFR416-Q,federal,regulation,PRESENT,2026-09-11-title-20-part-416,us/regulation/20/416/1701,no,inherited from federal
us-wa,SSI-F-CFR416-Q,federal,regulation,PRESENT,2026-09-11-title-20-part-416,us/regulation/20/416/1701,no,inherited from federal
us-wi,SSI-F-CFR416-Q,federal,regulation,PRESENT,2026-09-11-title-20-part-416,us/regulation/20/416/1701,no,inherited from federal
us-wv,SSI-F-CFR416-Q,federal,regulation,PRESENT,2026-09-11-title-20-part-416,us/regulation/20/416/1701,no,inherited from federal
us-wy,SSI-F-CFR416-Q,federal,regulation,PRESENT,2026-09-11-title-20-part-416,us/regulation/20/416/1701,no,inherited from federal
us,SSI-F-CFR416-R,federal,regulation,PRESENT,2026-09-11-title-20-part-416,us/regulation/20/416/1801,partial,subpart R: 18 sections with non-empty bodies in the 2026-09-11 complete eCFR scope (cited: first section; container row us/regulation/20/416/subpart-R has no body by design)
us-ak,SSI-F-CFR416-R,federal,regulation,PRESENT,2026-09-11-title-20-part-416,us/regulation/20/416/1801,partial,inherited from federal
us-al,SSI-F-CFR416-R,federal,regulation,PRESENT,2026-09-11-title-20-part-416,us/regulation/20/416/1801,partial,inherited from federal
us-ar,SSI-F-CFR416-R,federal,regulation,PRESENT,2026-09-11-title-20-part-416,us/regulation/20/416/1801,partial,inherited from federal
us-az,SSI-F-CFR416-R,federal,regulation,PRESENT,2026-09-11-title-20-part-416,us/regulation/20/416/1801,partial,inherited from federal
us-ca,SSI-F-CFR416-R,federal,regulation,PRESENT,2026-09-11-title-20-part-416,us/regulation/20/416/1801,partial,inherited from federal
us-co,SSI-F-CFR416-R,federal,regulation,PRESENT,2026-09-11-title-20-part-416,us/regulation/20/416/1801,partial,inherited from federal
us-ct,SSI-F-CFR416-R,federal,regulation,PRESENT,2026-09-11-title-20-part-416,us/regulation/20/416/1801,partial,inherited from federal
us-dc,SSI-F-CFR416-R,federal,regulation,PRESENT,2026-09-11-title-20-part-416,us/regulation/20/416/1801,partial,inherited from federal
us-de,SSI-F-CFR416-R,federal,regulation,PRESENT,2026-09-11-title-20-part-416,us/regulation/20/416/1801,partial,inherited from federal
us-fl,SSI-F-CFR416-R,federal,regulation,PRESENT,2026-09-11-title-20-part-416,us/regulation/20/416/1801,partial,inherited from federal
us-ga,SSI-F-CFR416-R,federal,regulation,PRESENT,2026-09-11-title-20-part-416,us/regulation/20/416/1801,partial,inherited from federal
us-hi,SSI-F-CFR416-R,federal,regulation,PRESENT,2026-09-11-title-20-part-416,us/regulation/20/416/1801,partial,inherited from federal
us-ia,SSI-F-CFR416-R,federal,regulation,PRESENT,2026-09-11-title-20-part-416,us/regulation/20/416/1801,partial,inherited from federal
us-id,SSI-F-CFR416-R,federal,regulation,PRESENT,2026-09-11-title-20-part-416,us/regulation/20/416/1801,partial,inherited from federal
us-il,SSI-F-CFR416-R,federal,regulation,PRESENT,2026-09-11-title-20-part-416,us/regulation/20/416/1801,partial,inherited from federal
us-in,SSI-F-CFR416-R,federal,regulation,PRESENT,2026-09-11-title-20-part-416,us/regulation/20/416/1801,partial,inherited from federal
us-ks,SSI-F-CFR416-R,federal,regulation,PRESENT,2026-09-11-title-20-part-416,us/regulation/20/416/1801,partial,inherited from federal
us-ky,SSI-F-CFR416-R,federal,regulation,PRESENT,2026-09-11-title-20-part-416,us/regulation/20/416/1801,partial,inherited from federal
us-la,SSI-F-CFR416-R,federal,regulation,PRESENT,2026-09-11-title-20-part-416,us/regulation/20/416/1801,partial,inherited from federal
us-ma,SSI-F-CFR416-R,federal,regulation,PRESENT,2026-09-11-title-20-part-416,us/regulation/20/416/1801,partial,inherited from federal
us-md,SSI-F-CFR416-R,federal,regulation,PRESENT,2026-09-11-title-20-part-416,us/regulation/20/416/1801,partial,inherited from federal
us-me,SSI-F-CFR416-R,federal,regulation,PRESENT,2026-09-11-title-20-part-416,us/regulation/20/416/1801,partial,inherited from federal
us-mi,SSI-F-CFR416-R,federal,regulation,PRESENT,2026-09-11-title-20-part-416,us/regulation/20/416/1801,partial,inherited from federal
us-mn,SSI-F-CFR416-R,federal,regulation,PRESENT,2026-09-11-title-20-part-416,us/regulation/20/416/1801,partial,inherited from federal
us-mo,SSI-F-CFR416-R,federal,regulation,PRESENT,2026-09-11-title-20-part-416,us/regulation/20/416/1801,partial,inherited from federal
us-ms,SSI-F-CFR416-R,federal,regulation,PRESENT,2026-09-11-title-20-part-416,us/regulation/20/416/1801,partial,inherited from federal
us-mt,SSI-F-CFR416-R,federal,regulation,PRESENT,2026-09-11-title-20-part-416,us/regulation/20/416/1801,partial,inherited from federal
us-nc,SSI-F-CFR416-R,federal,regulation,PRESENT,2026-09-11-title-20-part-416,us/regulation/20/416/1801,partial,inherited from federal
us-nd,SSI-F-CFR416-R,federal,regulation,PRESENT,2026-09-11-title-20-part-416,us/regulation/20/416/1801,partial,inherited from federal
us-ne,SSI-F-CFR416-R,federal,regulation,PRESENT,2026-09-11-title-20-part-416,us/regulation/20/416/1801,partial,inherited from federal
us-nh,SSI-F-CFR416-R,federal,regulation,PRESENT,2026-09-11-title-20-part-416,us/regulation/20/416/1801,partial,inherited from federal
us-nj,SSI-F-CFR416-R,federal,regulation,PRESENT,2026-09-11-title-20-part-416,us/regulation/20/416/1801,partial,inherited from federal
us-nm,SSI-F-CFR416-R,federal,regulation,PRESENT,2026-09-11-title-20-part-416,us/regulation/20/416/1801,partial,inherited from federal
us-nv,SSI-F-CFR416-R,federal,regulation,PRESENT,2026-09-11-title-20-part-416,us/regulation/20/416/1801,partial,inherited from federal
us-ny,SSI-F-CFR416-R,federal,regulation,PRESENT,2026-09-11-title-20-part-416,us/regulation/20/416/1801,partial,inherited from federal
us-oh,SSI-F-CFR416-R,federal,regulation,PRESENT,2026-09-11-title-20-part-416,us/regulation/20/416/1801,partial,inherited from federal
us-ok,SSI-F-CFR416-R,federal,regulation,PRESENT,2026-09-11-title-20-part-416,us/regulation/20/416/1801,partial,inherited from federal
us-or,SSI-F-CFR416-R,federal,regulation,PRESENT,2026-09-11-title-20-part-416,us/regulation/20/416/1801,partial,inherited from federal
us-pa,SSI-F-CFR416-R,federal,regulation,PRESENT,2026-09-11-title-20-part-416,us/regulation/20/416/1801,partial,inherited from federal
us-ri,SSI-F-CFR416-R,federal,regulation,PRESENT,2026-09-11-title-20-part-416,us/regulation/20/416/1801,partial,inherited from federal
us-sc,SSI-F-CFR416-R,federal,regulation,PRESENT,2026-09-11-title-20-part-416,us/regulation/20/416/1801,partial,inherited from federal
us-sd,SSI-F-CFR416-R,federal,regulation,PRESENT,2026-09-11-title-20-part-416,us/regulation/20/416/1801,partial,inherited from federal
us-tn,SSI-F-CFR416-R,federal,regulation,PRESENT,2026-09-11-title-20-part-416,us/regulation/20/416/1801,partial,inherited from federal
us-tx,SSI-F-CFR416-R,federal,regulation,PRESENT,2026-09-11-title-20-part-416,us/regulation/20/416/1801,partial,inherited from federal
us-ut,SSI-F-CFR416-R,federal,regulation,PRESENT,2026-09-11-title-20-part-416,us/regulation/20/416/1801,partial,inherited from federal
us-va,SSI-F-CFR416-R,federal,regulation,PRESENT,2026-09-11-title-20-part-416,us/regulation/20/416/1801,partial,inherited from federal
us-vt,SSI-F-CFR416-R,federal,regulation,PRESENT,2026-09-11-title-20-part-416,us/regulation/20/416/1801,partial,inherited from federal
us-wa,SSI-F-CFR416-R,federal,regulation,PRESENT,2026-09-11-title-20-part-416,us/regulation/20/416/1801,partial,inherited from federal
us-wi,SSI-F-CFR416-R,federal,regulation,PRESENT,2026-09-11-title-20-part-416,us/regulation/20/416/1801,partial,inherited from federal
us-wv,SSI-F-CFR416-R,federal,regulation,PRESENT,2026-09-11-title-20-part-416,us/regulation/20/416/1801,partial,inherited from federal
us-wy,SSI-F-CFR416-R,federal,regulation,PRESENT,2026-09-11-title-20-part-416,us/regulation/20/416/1801,partial,inherited from federal
us,SSI-F-CFR416-S,federal,regulation,PRESENT,2026-09-11-title-20-part-416,us/regulation/20/416/1901,no,subpart S: 8 sections with non-empty bodies in the 2026-09-11 complete eCFR scope (cited: first section; container row us/regulation/20/416/subpart-S has no body by design)
us-ak,SSI-F-CFR416-S,federal,regulation,PRESENT,2026-09-11-title-20-part-416,us/regulation/20/416/1901,no,inherited from federal
us-al,SSI-F-CFR416-S,federal,regulation,PRESENT,2026-09-11-title-20-part-416,us/regulation/20/416/1901,no,inherited from federal
us-ar,SSI-F-CFR416-S,federal,regulation,PRESENT,2026-09-11-title-20-part-416,us/regulation/20/416/1901,no,inherited from federal
us-az,SSI-F-CFR416-S,federal,regulation,PRESENT,2026-09-11-title-20-part-416,us/regulation/20/416/1901,no,inherited from federal
us-ca,SSI-F-CFR416-S,federal,regulation,PRESENT,2026-09-11-title-20-part-416,us/regulation/20/416/1901,no,inherited from federal
us-co,SSI-F-CFR416-S,federal,regulation,PRESENT,2026-09-11-title-20-part-416,us/regulation/20/416/1901,no,inherited from federal
us-ct,SSI-F-CFR416-S,federal,regulation,PRESENT,2026-09-11-title-20-part-416,us/regulation/20/416/1901,no,inherited from federal
us-dc,SSI-F-CFR416-S,federal,regulation,PRESENT,2026-09-11-title-20-part-416,us/regulation/20/416/1901,no,inherited from federal
us-de,SSI-F-CFR416-S,federal,regulation,PRESENT,2026-09-11-title-20-part-416,us/regulation/20/416/1901,no,inherited from federal
us-fl,SSI-F-CFR416-S,federal,regulation,PRESENT,2026-09-11-title-20-part-416,us/regulation/20/416/1901,no,inherited from federal
us-ga,SSI-F-CFR416-S,federal,regulation,PRESENT,2026-09-11-title-20-part-416,us/regulation/20/416/1901,no,inherited from federal
us-hi,SSI-F-CFR416-S,federal,regulation,PRESENT,2026-09-11-title-20-part-416,us/regulation/20/416/1901,no,inherited from federal
us-ia,SSI-F-CFR416-S,federal,regulation,PRESENT,2026-09-11-title-20-part-416,us/regulation/20/416/1901,no,inherited from federal
us-id,SSI-F-CFR416-S,federal,regulation,PRESENT,2026-09-11-title-20-part-416,us/regulation/20/416/1901,no,inherited from federal
us-il,SSI-F-CFR416-S,federal,regulation,PRESENT,2026-09-11-title-20-part-416,us/regulation/20/416/1901,no,inherited from federal
us-in,SSI-F-CFR416-S,federal,regulation,PRESENT,2026-09-11-title-20-part-416,us/regulation/20/416/1901,no,inherited from federal
us-ks,SSI-F-CFR416-S,federal,regulation,PRESENT,2026-09-11-title-20-part-416,us/regulation/20/416/1901,no,inherited from federal
us-ky,SSI-F-CFR416-S,federal,regulation,PRESENT,2026-09-11-title-20-part-416,us/regulation/20/416/1901,no,inherited from federal
us-la,SSI-F-CFR416-S,federal,regulation,PRESENT,2026-09-11-title-20-part-416,us/regulation/20/416/1901,no,inherited from federal
us-ma,SSI-F-CFR416-S,federal,regulation,PRESENT,2026-09-11-title-20-part-416,us/regulation/20/416/1901,no,inherited from federal
us-md,SSI-F-CFR416-S,federal,regulation,PRESENT,2026-09-11-title-20-part-416,us/regulation/20/416/1901,no,inherited from federal
us-me,SSI-F-CFR416-S,federal,regulation,PRESENT,2026-09-11-title-20-part-416,us/regulation/20/416/1901,no,inherited from federal
us-mi,SSI-F-CFR416-S,federal,regulation,PRESENT,2026-09-11-title-20-part-416,us/regulation/20/416/1901,no,inherited from federal
us-mn,SSI-F-CFR416-S,federal,regulation,PRESENT,2026-09-11-title-20-part-416,us/regulation/20/416/1901,no,inherited from federal
us-mo,SSI-F-CFR416-S,federal,regulation,PRESENT,2026-09-11-title-20-part-416,us/regulation/20/416/1901,no,inherited from federal
us-ms,SSI-F-CFR416-S,federal,regulation,PRESENT,2026-09-11-title-20-part-416,us/regulation/20/416/1901,no,inherited from federal
us-mt,SSI-F-CFR416-S,federal,regulation,PRESENT,2026-09-11-title-20-part-416,us/regulation/20/416/1901,no,inherited from federal
us-nc,SSI-F-CFR416-S,federal,regulation,PRESENT,2026-09-11-title-20-part-416,us/regulation/20/416/1901,no,inherited from federal
us-nd,SSI-F-CFR416-S,federal,regulation,PRESENT,2026-09-11-title-20-part-416,us/regulation/20/416/1901,no,inherited from federal
us-ne,SSI-F-CFR416-S,federal,regulation,PRESENT,2026-09-11-title-20-part-416,us/regulation/20/416/1901,no,inherited from federal
us-nh,SSI-F-CFR416-S,federal,regulation,PRESENT,2026-09-11-title-20-part-416,us/regulation/20/416/1901,no,inherited from federal
us-nj,SSI-F-CFR416-S,federal,regulation,PRESENT,2026-09-11-title-20-part-416,us/regulation/20/416/1901,no,inherited from federal
us-nm,SSI-F-CFR416-S,federal,regulation,PRESENT,2026-09-11-title-20-part-416,us/regulation/20/416/1901,no,inherited from federal
us-nv,SSI-F-CFR416-S,federal,regulation,PRESENT,2026-09-11-title-20-part-416,us/regulation/20/416/1901,no,inherited from federal
us-ny,SSI-F-CFR416-S,federal,regulation,PRESENT,2026-09-11-title-20-part-416,us/regulation/20/416/1901,no,inherited from federal
us-oh,SSI-F-CFR416-S,federal,regulation,PRESENT,2026-09-11-title-20-part-416,us/regulation/20/416/1901,no,inherited from federal
us-ok,SSI-F-CFR416-S,federal,regulation,PRESENT,2026-09-11-title-20-part-416,us/regulation/20/416/1901,no,inherited from federal
us-or,SSI-F-CFR416-S,federal,regulation,PRESENT,2026-09-11-title-20-part-416,us/regulation/20/416/1901,no,inherited from federal
us-pa,SSI-F-CFR416-S,federal,regulation,PRESENT,2026-09-11-title-20-part-416,us/regulation/20/416/1901,no,inherited from federal
us-ri,SSI-F-CFR416-S,federal,regulation,PRESENT,2026-09-11-title-20-part-416,us/regulation/20/416/1901,no,inherited from federal
us-sc,SSI-F-CFR416-S,federal,regulation,PRESENT,2026-09-11-title-20-part-416,us/regulation/20/416/1901,no,inherited from federal
us-sd,SSI-F-CFR416-S,federal,regulation,PRESENT,2026-09-11-title-20-part-416,us/regulation/20/416/1901,no,inherited from federal
us-tn,SSI-F-CFR416-S,federal,regulation,PRESENT,2026-09-11-title-20-part-416,us/regulation/20/416/1901,no,inherited from federal
us-tx,SSI-F-CFR416-S,federal,regulation,PRESENT,2026-09-11-title-20-part-416,us/regulation/20/416/1901,no,inherited from federal
us-ut,SSI-F-CFR416-S,federal,regulation,PRESENT,2026-09-11-title-20-part-416,us/regulation/20/416/1901,no,inherited from federal
us-va,SSI-F-CFR416-S,federal,regulation,PRESENT,2026-09-11-title-20-part-416,us/regulation/20/416/1901,no,inherited from federal
us-vt,SSI-F-CFR416-S,federal,regulation,PRESENT,2026-09-11-title-20-part-416,us/regulation/20/416/1901,no,inherited from federal
us-wa,SSI-F-CFR416-S,federal,regulation,PRESENT,2026-09-11-title-20-part-416,us/regulation/20/416/1901,no,inherited from federal
us-wi,SSI-F-CFR416-S,federal,regulation,PRESENT,2026-09-11-title-20-part-416,us/regulation/20/416/1901,no,inherited from federal
us-wv,SSI-F-CFR416-S,federal,regulation,PRESENT,2026-09-11-title-20-part-416,us/regulation/20/416/1901,no,inherited from federal
us-wy,SSI-F-CFR416-S,federal,regulation,PRESENT,2026-09-11-title-20-part-416,us/regulation/20/416/1901,no,inherited from federal
us,SSI-F-CFR416-T,federal,regulation,PRESENT,2026-09-11-title-20-part-416,us/regulation/20/416/2001,partial,subpart T: 23 sections with non-empty bodies in the 2026-09-11 complete eCFR scope (cited: first section; container row us/regulation/20/416/subpart-T has no body by design)
us-ak,SSI-F-CFR416-T,federal,regulation,PRESENT,2026-09-11-title-20-part-416,us/regulation/20/416/2001,partial,inherited from federal
us-al,SSI-F-CFR416-T,federal,regulation,PRESENT,2026-09-11-title-20-part-416,us/regulation/20/416/2001,partial,inherited from federal
us-ar,SSI-F-CFR416-T,federal,regulation,PRESENT,2026-09-11-title-20-part-416,us/regulation/20/416/2001,partial,inherited from federal
us-az,SSI-F-CFR416-T,federal,regulation,PRESENT,2026-09-11-title-20-part-416,us/regulation/20/416/2001,partial,inherited from federal
us-ca,SSI-F-CFR416-T,federal,regulation,PRESENT,2026-09-11-title-20-part-416,us/regulation/20/416/2001,partial,inherited from federal
us-co,SSI-F-CFR416-T,federal,regulation,PRESENT,2026-09-11-title-20-part-416,us/regulation/20/416/2001,partial,inherited from federal
us-ct,SSI-F-CFR416-T,federal,regulation,PRESENT,2026-09-11-title-20-part-416,us/regulation/20/416/2001,partial,inherited from federal
us-dc,SSI-F-CFR416-T,federal,regulation,PRESENT,2026-09-11-title-20-part-416,us/regulation/20/416/2001,partial,inherited from federal
us-de,SSI-F-CFR416-T,federal,regulation,PRESENT,2026-09-11-title-20-part-416,us/regulation/20/416/2001,partial,inherited from federal
us-fl,SSI-F-CFR416-T,federal,regulation,PRESENT,2026-09-11-title-20-part-416,us/regulation/20/416/2001,partial,inherited from federal
us-ga,SSI-F-CFR416-T,federal,regulation,PRESENT,2026-09-11-title-20-part-416,us/regulation/20/416/2001,partial,inherited from federal
us-hi,SSI-F-CFR416-T,federal,regulation,PRESENT,2026-09-11-title-20-part-416,us/regulation/20/416/2001,partial,inherited from federal
us-ia,SSI-F-CFR416-T,federal,regulation,PRESENT,2026-09-11-title-20-part-416,us/regulation/20/416/2001,partial,inherited from federal
us-id,SSI-F-CFR416-T,federal,regulation,PRESENT,2026-09-11-title-20-part-416,us/regulation/20/416/2001,partial,inherited from federal
us-il,SSI-F-CFR416-T,federal,regulation,PRESENT,2026-09-11-title-20-part-416,us/regulation/20/416/2001,partial,inherited from federal
us-in,SSI-F-CFR416-T,federal,regulation,PRESENT,2026-09-11-title-20-part-416,us/regulation/20/416/2001,partial,inherited from federal
us-ks,SSI-F-CFR416-T,federal,regulation,PRESENT,2026-09-11-title-20-part-416,us/regulation/20/416/2001,partial,inherited from federal
us-ky,SSI-F-CFR416-T,federal,regulation,PRESENT,2026-09-11-title-20-part-416,us/regulation/20/416/2001,partial,inherited from federal
us-la,SSI-F-CFR416-T,federal,regulation,PRESENT,2026-09-11-title-20-part-416,us/regulation/20/416/2001,partial,inherited from federal
us-ma,SSI-F-CFR416-T,federal,regulation,PRESENT,2026-09-11-title-20-part-416,us/regulation/20/416/2001,partial,inherited from federal
us-md,SSI-F-CFR416-T,federal,regulation,PRESENT,2026-09-11-title-20-part-416,us/regulation/20/416/2001,partial,inherited from federal
us-me,SSI-F-CFR416-T,federal,regulation,PRESENT,2026-09-11-title-20-part-416,us/regulation/20/416/2001,partial,inherited from federal
us-mi,SSI-F-CFR416-T,federal,regulation,PRESENT,2026-09-11-title-20-part-416,us/regulation/20/416/2001,partial,inherited from federal
us-mn,SSI-F-CFR416-T,federal,regulation,PRESENT,2026-09-11-title-20-part-416,us/regulation/20/416/2001,partial,inherited from federal
us-mo,SSI-F-CFR416-T,federal,regulation,PRESENT,2026-09-11-title-20-part-416,us/regulation/20/416/2001,partial,inherited from federal
us-ms,SSI-F-CFR416-T,federal,regulation,PRESENT,2026-09-11-title-20-part-416,us/regulation/20/416/2001,partial,inherited from federal
us-mt,SSI-F-CFR416-T,federal,regulation,PRESENT,2026-09-11-title-20-part-416,us/regulation/20/416/2001,partial,inherited from federal
us-nc,SSI-F-CFR416-T,federal,regulation,PRESENT,2026-09-11-title-20-part-416,us/regulation/20/416/2001,partial,inherited from federal
us-nd,SSI-F-CFR416-T,federal,regulation,PRESENT,2026-09-11-title-20-part-416,us/regulation/20/416/2001,partial,inherited from federal
us-ne,SSI-F-CFR416-T,federal,regulation,PRESENT,2026-09-11-title-20-part-416,us/regulation/20/416/2001,partial,inherited from federal
us-nh,SSI-F-CFR416-T,federal,regulation,PRESENT,2026-09-11-title-20-part-416,us/regulation/20/416/2001,partial,inherited from federal
us-nj,SSI-F-CFR416-T,federal,regulation,PRESENT,2026-09-11-title-20-part-416,us/regulation/20/416/2001,partial,inherited from federal
us-nm,SSI-F-CFR416-T,federal,regulation,PRESENT,2026-09-11-title-20-part-416,us/regulation/20/416/2001,partial,inherited from federal
us-nv,SSI-F-CFR416-T,federal,regulation,PRESENT,2026-09-11-title-20-part-416,us/regulation/20/416/2001,partial,inherited from federal
us-ny,SSI-F-CFR416-T,federal,regulation,PRESENT,2026-09-11-title-20-part-416,us/regulation/20/416/2001,partial,inherited from federal
us-oh,SSI-F-CFR416-T,federal,regulation,PRESENT,2026-09-11-title-20-part-416,us/regulation/20/416/2001,partial,inherited from federal
us-ok,SSI-F-CFR416-T,federal,regulation,PRESENT,2026-09-11-title-20-part-416,us/regulation/20/416/2001,partial,inherited from federal
us-or,SSI-F-CFR416-T,federal,regulation,PRESENT,2026-09-11-title-20-part-416,us/regulation/20/416/2001,partial,inherited from federal
us-pa,SSI-F-CFR416-T,federal,regulation,PRESENT,2026-09-11-title-20-part-416,us/regulation/20/416/2001,partial,inherited from federal
us-ri,SSI-F-CFR416-T,federal,regulation,PRESENT,2026-09-11-title-20-part-416,us/regulation/20/416/2001,partial,inherited from federal
us-sc,SSI-F-CFR416-T,federal,regulation,PRESENT,2026-09-11-title-20-part-416,us/regulation/20/416/2001,partial,inherited from federal
us-sd,SSI-F-CFR416-T,federal,regulation,PRESENT,2026-09-11-title-20-part-416,us/regulation/20/416/2001,partial,inherited from federal
us-tn,SSI-F-CFR416-T,federal,regulation,PRESENT,2026-09-11-title-20-part-416,us/regulation/20/416/2001,partial,inherited from federal
us-tx,SSI-F-CFR416-T,federal,regulation,PRESENT,2026-09-11-title-20-part-416,us/regulation/20/416/2001,partial,inherited from federal
us-ut,SSI-F-CFR416-T,federal,regulation,PRESENT,2026-09-11-title-20-part-416,us/regulation/20/416/2001,partial,inherited from federal
us-va,SSI-F-CFR416-T,federal,regulation,PRESENT,2026-09-11-title-20-part-416,us/regulation/20/416/2001,partial,inherited from federal
us-vt,SSI-F-CFR416-T,federal,regulation,PRESENT,2026-09-11-title-20-part-416,us/regulation/20/416/2001,partial,inherited from federal
us-wa,SSI-F-CFR416-T,federal,regulation,PRESENT,2026-09-11-title-20-part-416,us/regulation/20/416/2001,partial,inherited from federal
us-wi,SSI-F-CFR416-T,federal,regulation,PRESENT,2026-09-11-title-20-part-416,us/regulation/20/416/2001,partial,inherited from federal
us-wv,SSI-F-CFR416-T,federal,regulation,PRESENT,2026-09-11-title-20-part-416,us/regulation/20/416/2001,partial,inherited from federal
us-wy,SSI-F-CFR416-T,federal,regulation,PRESENT,2026-09-11-title-20-part-416,us/regulation/20/416/2001,partial,inherited from federal
us,SSI-F-CFR416-U,federal,regulation,PRESENT,2026-09-11-title-20-part-416,us/regulation/20/416/2101,no,subpart U: 10 sections with non-empty bodies in the 2026-09-11 complete eCFR scope (cited: first section; container row us/regulation/20/416/subpart-U has no body by design)
us-ak,SSI-F-CFR416-U,federal,regulation,PRESENT,2026-09-11-title-20-part-416,us/regulation/20/416/2101,no,inherited from federal
us-al,SSI-F-CFR416-U,federal,regulation,PRESENT,2026-09-11-title-20-part-416,us/regulation/20/416/2101,no,inherited from federal
us-ar,SSI-F-CFR416-U,federal,regulation,PRESENT,2026-09-11-title-20-part-416,us/regulation/20/416/2101,no,inherited from federal
us-az,SSI-F-CFR416-U,federal,regulation,PRESENT,2026-09-11-title-20-part-416,us/regulation/20/416/2101,no,inherited from federal
us-ca,SSI-F-CFR416-U,federal,regulation,PRESENT,2026-09-11-title-20-part-416,us/regulation/20/416/2101,no,inherited from federal
us-co,SSI-F-CFR416-U,federal,regulation,PRESENT,2026-09-11-title-20-part-416,us/regulation/20/416/2101,no,inherited from federal
us-ct,SSI-F-CFR416-U,federal,regulation,PRESENT,2026-09-11-title-20-part-416,us/regulation/20/416/2101,no,inherited from federal
us-dc,SSI-F-CFR416-U,federal,regulation,PRESENT,2026-09-11-title-20-part-416,us/regulation/20/416/2101,no,inherited from federal
us-de,SSI-F-CFR416-U,federal,regulation,PRESENT,2026-09-11-title-20-part-416,us/regulation/20/416/2101,no,inherited from federal
us-fl,SSI-F-CFR416-U,federal,regulation,PRESENT,2026-09-11-title-20-part-416,us/regulation/20/416/2101,no,inherited from federal
us-ga,SSI-F-CFR416-U,federal,regulation,PRESENT,2026-09-11-title-20-part-416,us/regulation/20/416/2101,no,inherited from federal
us-hi,SSI-F-CFR416-U,federal,regulation,PRESENT,2026-09-11-title-20-part-416,us/regulation/20/416/2101,no,inherited from federal
us-ia,SSI-F-CFR416-U,federal,regulation,PRESENT,2026-09-11-title-20-part-416,us/regulation/20/416/2101,no,inherited from federal
us-id,SSI-F-CFR416-U,federal,regulation,PRESENT,2026-09-11-title-20-part-416,us/regulation/20/416/2101,no,inherited from federal
us-il,SSI-F-CFR416-U,federal,regulation,PRESENT,2026-09-11-title-20-part-416,us/regulation/20/416/2101,no,inherited from federal
us-in,SSI-F-CFR416-U,federal,regulation,PRESENT,2026-09-11-title-20-part-416,us/regulation/20/416/2101,no,inherited from federal
us-ks,SSI-F-CFR416-U,federal,regulation,PRESENT,2026-09-11-title-20-part-416,us/regulation/20/416/2101,no,inherited from federal
us-ky,SSI-F-CFR416-U,federal,regulation,PRESENT,2026-09-11-title-20-part-416,us/regulation/20/416/2101,no,inherited from federal
us-la,SSI-F-CFR416-U,federal,regulation,PRESENT,2026-09-11-title-20-part-416,us/regulation/20/416/2101,no,inherited from federal
us-ma,SSI-F-CFR416-U,federal,regulation,PRESENT,2026-09-11-title-20-part-416,us/regulation/20/416/2101,no,inherited from federal
us-md,SSI-F-CFR416-U,federal,regulation,PRESENT,2026-09-11-title-20-part-416,us/regulation/20/416/2101,no,inherited from federal
us-me,SSI-F-CFR416-U,federal,regulation,PRESENT,2026-09-11-title-20-part-416,us/regulation/20/416/2101,no,inherited from federal
us-mi,SSI-F-CFR416-U,federal,regulation,PRESENT,2026-09-11-title-20-part-416,us/regulation/20/416/2101,no,inherited from federal
us-mn,SSI-F-CFR416-U,federal,regulation,PRESENT,2026-09-11-title-20-part-416,us/regulation/20/416/2101,no,inherited from federal
us-mo,SSI-F-CFR416-U,federal,regulation,PRESENT,2026-09-11-title-20-part-416,us/regulation/20/416/2101,no,inherited from federal
us-ms,SSI-F-CFR416-U,federal,regulation,PRESENT,2026-09-11-title-20-part-416,us/regulation/20/416/2101,no,inherited from federal
us-mt,SSI-F-CFR416-U,federal,regulation,PRESENT,2026-09-11-title-20-part-416,us/regulation/20/416/2101,no,inherited from federal
us-nc,SSI-F-CFR416-U,federal,regulation,PRESENT,2026-09-11-title-20-part-416,us/regulation/20/416/2101,no,inherited from federal
us-nd,SSI-F-CFR416-U,federal,regulation,PRESENT,2026-09-11-title-20-part-416,us/regulation/20/416/2101,no,inherited from federal
us-ne,SSI-F-CFR416-U,federal,regulation,PRESENT,2026-09-11-title-20-part-416,us/regulation/20/416/2101,no,inherited from federal
us-nh,SSI-F-CFR416-U,federal,regulation,PRESENT,2026-09-11-title-20-part-416,us/regulation/20/416/2101,no,inherited from federal
us-nj,SSI-F-CFR416-U,federal,regulation,PRESENT,2026-09-11-title-20-part-416,us/regulation/20/416/2101,no,inherited from federal
us-nm,SSI-F-CFR416-U,federal,regulation,PRESENT,2026-09-11-title-20-part-416,us/regulation/20/416/2101,no,inherited from federal
us-nv,SSI-F-CFR416-U,federal,regulation,PRESENT,2026-09-11-title-20-part-416,us/regulation/20/416/2101,no,inherited from federal
us-ny,SSI-F-CFR416-U,federal,regulation,PRESENT,2026-09-11-title-20-part-416,us/regulation/20/416/2101,no,inherited from federal
us-oh,SSI-F-CFR416-U,federal,regulation,PRESENT,2026-09-11-title-20-part-416,us/regulation/20/416/2101,no,inherited from federal
us-ok,SSI-F-CFR416-U,federal,regulation,PRESENT,2026-09-11-title-20-part-416,us/regulation/20/416/2101,no,inherited from federal
us-or,SSI-F-CFR416-U,federal,regulation,PRESENT,2026-09-11-title-20-part-416,us/regulation/20/416/2101,no,inherited from federal
us-pa,SSI-F-CFR416-U,federal,regulation,PRESENT,2026-09-11-title-20-part-416,us/regulation/20/416/2101,no,inherited from federal
us-ri,SSI-F-CFR416-U,federal,regulation,PRESENT,2026-09-11-title-20-part-416,us/regulation/20/416/2101,no,inherited from federal
us-sc,SSI-F-CFR416-U,federal,regulation,PRESENT,2026-09-11-title-20-part-416,us/regulation/20/416/2101,no,inherited from federal
us-sd,SSI-F-CFR416-U,federal,regulation,PRESENT,2026-09-11-title-20-part-416,us/regulation/20/416/2101,no,inherited from federal
us-tn,SSI-F-CFR416-U,federal,regulation,PRESENT,2026-09-11-title-20-part-416,us/regulation/20/416/2101,no,inherited from federal
us-tx,SSI-F-CFR416-U,federal,regulation,PRESENT,2026-09-11-title-20-part-416,us/regulation/20/416/2101,no,inherited from federal
us-ut,SSI-F-CFR416-U,federal,regulation,PRESENT,2026-09-11-title-20-part-416,us/regulation/20/416/2101,no,inherited from federal
us-va,SSI-F-CFR416-U,federal,regulation,PRESENT,2026-09-11-title-20-part-416,us/regulation/20/416/2101,no,inherited from federal
us-vt,SSI-F-CFR416-U,federal,regulation,PRESENT,2026-09-11-title-20-part-416,us/regulation/20/416/2101,no,inherited from federal
us-wa,SSI-F-CFR416-U,federal,regulation,PRESENT,2026-09-11-title-20-part-416,us/regulation/20/416/2101,no,inherited from federal
us-wi,SSI-F-CFR416-U,federal,regulation,PRESENT,2026-09-11-title-20-part-416,us/regulation/20/416/2101,no,inherited from federal
us-wv,SSI-F-CFR416-U,federal,regulation,PRESENT,2026-09-11-title-20-part-416,us/regulation/20/416/2101,no,inherited from federal
us-wy,SSI-F-CFR416-U,federal,regulation,PRESENT,2026-09-11-title-20-part-416,us/regulation/20/416/2101,no,inherited from federal
us,SSI-F-CFR416-V,federal,regulation,PRESENT,2026-09-11-title-20-part-416,us/regulation/20/416/2201,no,subpart V: 19 sections with non-empty bodies in the 2026-09-11 complete eCFR scope (cited: first section; container row us/regulation/20/416/subpart-V has no body by design)
us-ak,SSI-F-CFR416-V,federal,regulation,PRESENT,2026-09-11-title-20-part-416,us/regulation/20/416/2201,no,inherited from federal
us-al,SSI-F-CFR416-V,federal,regulation,PRESENT,2026-09-11-title-20-part-416,us/regulation/20/416/2201,no,inherited from federal
us-ar,SSI-F-CFR416-V,federal,regulation,PRESENT,2026-09-11-title-20-part-416,us/regulation/20/416/2201,no,inherited from federal
us-az,SSI-F-CFR416-V,federal,regulation,PRESENT,2026-09-11-title-20-part-416,us/regulation/20/416/2201,no,inherited from federal
us-ca,SSI-F-CFR416-V,federal,regulation,PRESENT,2026-09-11-title-20-part-416,us/regulation/20/416/2201,no,inherited from federal
us-co,SSI-F-CFR416-V,federal,regulation,PRESENT,2026-09-11-title-20-part-416,us/regulation/20/416/2201,no,inherited from federal
us-ct,SSI-F-CFR416-V,federal,regulation,PRESENT,2026-09-11-title-20-part-416,us/regulation/20/416/2201,no,inherited from federal
us-dc,SSI-F-CFR416-V,federal,regulation,PRESENT,2026-09-11-title-20-part-416,us/regulation/20/416/2201,no,inherited from federal
us-de,SSI-F-CFR416-V,federal,regulation,PRESENT,2026-09-11-title-20-part-416,us/regulation/20/416/2201,no,inherited from federal
us-fl,SSI-F-CFR416-V,federal,regulation,PRESENT,2026-09-11-title-20-part-416,us/regulation/20/416/2201,no,inherited from federal
us-ga,SSI-F-CFR416-V,federal,regulation,PRESENT,2026-09-11-title-20-part-416,us/regulation/20/416/2201,no,inherited from federal
us-hi,SSI-F-CFR416-V,federal,regulation,PRESENT,2026-09-11-title-20-part-416,us/regulation/20/416/2201,no,inherited from federal
us-ia,SSI-F-CFR416-V,federal,regulation,PRESENT,2026-09-11-title-20-part-416,us/regulation/20/416/2201,no,inherited from federal
us-id,SSI-F-CFR416-V,federal,regulation,PRESENT,2026-09-11-title-20-part-416,us/regulation/20/416/2201,no,inherited from federal
us-il,SSI-F-CFR416-V,federal,regulation,PRESENT,2026-09-11-title-20-part-416,us/regulation/20/416/2201,no,inherited from federal
us-in,SSI-F-CFR416-V,federal,regulation,PRESENT,2026-09-11-title-20-part-416,us/regulation/20/416/2201,no,inherited from federal
us-ks,SSI-F-CFR416-V,federal,regulation,PRESENT,2026-09-11-title-20-part-416,us/regulation/20/416/2201,no,inherited from federal
us-ky,SSI-F-CFR416-V,federal,regulation,PRESENT,2026-09-11-title-20-part-416,us/regulation/20/416/2201,no,inherited from federal
us-la,SSI-F-CFR416-V,federal,regulation,PRESENT,2026-09-11-title-20-part-416,us/regulation/20/416/2201,no,inherited from federal
us-ma,SSI-F-CFR416-V,federal,regulation,PRESENT,2026-09-11-title-20-part-416,us/regulation/20/416/2201,no,inherited from federal
us-md,SSI-F-CFR416-V,federal,regulation,PRESENT,2026-09-11-title-20-part-416,us/regulation/20/416/2201,no,inherited from federal
us-me,SSI-F-CFR416-V,federal,regulation,PRESENT,2026-09-11-title-20-part-416,us/regulation/20/416/2201,no,inherited from federal
us-mi,SSI-F-CFR416-V,federal,regulation,PRESENT,2026-09-11-title-20-part-416,us/regulation/20/416/2201,no,inherited from federal
us-mn,SSI-F-CFR416-V,federal,regulation,PRESENT,2026-09-11-title-20-part-416,us/regulation/20/416/2201,no,inherited from federal
us-mo,SSI-F-CFR416-V,federal,regulation,PRESENT,2026-09-11-title-20-part-416,us/regulation/20/416/2201,no,inherited from federal
us-ms,SSI-F-CFR416-V,federal,regulation,PRESENT,2026-09-11-title-20-part-416,us/regulation/20/416/2201,no,inherited from federal
us-mt,SSI-F-CFR416-V,federal,regulation,PRESENT,2026-09-11-title-20-part-416,us/regulation/20/416/2201,no,inherited from federal
us-nc,SSI-F-CFR416-V,federal,regulation,PRESENT,2026-09-11-title-20-part-416,us/regulation/20/416/2201,no,inherited from federal
us-nd,SSI-F-CFR416-V,federal,regulation,PRESENT,2026-09-11-title-20-part-416,us/regulation/20/416/2201,no,inherited from federal
us-ne,SSI-F-CFR416-V,federal,regulation,PRESENT,2026-09-11-title-20-part-416,us/regulation/20/416/2201,no,inherited from federal
us-nh,SSI-F-CFR416-V,federal,regulation,PRESENT,2026-09-11-title-20-part-416,us/regulation/20/416/2201,no,inherited from federal
us-nj,SSI-F-CFR416-V,federal,regulation,PRESENT,2026-09-11-title-20-part-416,us/regulation/20/416/2201,no,inherited from federal
us-nm,SSI-F-CFR416-V,federal,regulation,PRESENT,2026-09-11-title-20-part-416,us/regulation/20/416/2201,no,inherited from federal
us-nv,SSI-F-CFR416-V,federal,regulation,PRESENT,2026-09-11-title-20-part-416,us/regulation/20/416/2201,no,inherited from federal
us-ny,SSI-F-CFR416-V,federal,regulation,PRESENT,2026-09-11-title-20-part-416,us/regulation/20/416/2201,no,inherited from federal
us-oh,SSI-F-CFR416-V,federal,regulation,PRESENT,2026-09-11-title-20-part-416,us/regulation/20/416/2201,no,inherited from federal
us-ok,SSI-F-CFR416-V,federal,regulation,PRESENT,2026-09-11-title-20-part-416,us/regulation/20/416/2201,no,inherited from federal
us-or,SSI-F-CFR416-V,federal,regulation,PRESENT,2026-09-11-title-20-part-416,us/regulation/20/416/2201,no,inherited from federal
us-pa,SSI-F-CFR416-V,federal,regulation,PRESENT,2026-09-11-title-20-part-416,us/regulation/20/416/2201,no,inherited from federal
us-ri,SSI-F-CFR416-V,federal,regulation,PRESENT,2026-09-11-title-20-part-416,us/regulation/20/416/2201,no,inherited from federal
us-sc,SSI-F-CFR416-V,federal,regulation,PRESENT,2026-09-11-title-20-part-416,us/regulation/20/416/2201,no,inherited from federal
us-sd,SSI-F-CFR416-V,federal,regulation,PRESENT,2026-09-11-title-20-part-416,us/regulation/20/416/2201,no,inherited from federal
us-tn,SSI-F-CFR416-V,federal,regulation,PRESENT,2026-09-11-title-20-part-416,us/regulation/20/416/2201,no,inherited from federal
us-tx,SSI-F-CFR416-V,federal,regulation,PRESENT,2026-09-11-title-20-part-416,us/regulation/20/416/2201,no,inherited from federal
us-ut,SSI-F-CFR416-V,federal,regulation,PRESENT,2026-09-11-title-20-part-416,us/regulation/20/416/2201,no,inherited from federal
us-va,SSI-F-CFR416-V,federal,regulation,PRESENT,2026-09-11-title-20-part-416,us/regulation/20/416/2201,no,inherited from federal
us-vt,SSI-F-CFR416-V,federal,regulation,PRESENT,2026-09-11-title-20-part-416,us/regulation/20/416/2201,no,inherited from federal
us-wa,SSI-F-CFR416-V,federal,regulation,PRESENT,2026-09-11-title-20-part-416,us/regulation/20/416/2201,no,inherited from federal
us-wi,SSI-F-CFR416-V,federal,regulation,PRESENT,2026-09-11-title-20-part-416,us/regulation/20/416/2201,no,inherited from federal
us-wv,SSI-F-CFR416-V,federal,regulation,PRESENT,2026-09-11-title-20-part-416,us/regulation/20/416/2201,no,inherited from federal
us-wy,SSI-F-CFR416-V,federal,regulation,PRESENT,2026-09-11-title-20-part-416,us/regulation/20/416/2201,no,inherited from federal
us,SSI-F-CFR416-APPK,federal,regulation,EXTRACTABLE,,,no,"eCFR structure lists 'Appendix to Subpart K of Part 416'; not taken (adapter limitation, run note 2026-09-11)"
us-ak,SSI-F-CFR416-APPK,federal,regulation,EXTRACTABLE,,,no,inherited from federal
us-al,SSI-F-CFR416-APPK,federal,regulation,EXTRACTABLE,,,no,inherited from federal
us-ar,SSI-F-CFR416-APPK,federal,regulation,EXTRACTABLE,,,no,inherited from federal
us-az,SSI-F-CFR416-APPK,federal,regulation,EXTRACTABLE,,,no,inherited from federal
us-ca,SSI-F-CFR416-APPK,federal,regulation,EXTRACTABLE,,,no,inherited from federal
us-co,SSI-F-CFR416-APPK,federal,regulation,EXTRACTABLE,,,no,inherited from federal
us-ct,SSI-F-CFR416-APPK,federal,regulation,EXTRACTABLE,,,no,inherited from federal
us-dc,SSI-F-CFR416-APPK,federal,regulation,EXTRACTABLE,,,no,inherited from federal
us-de,SSI-F-CFR416-APPK,federal,regulation,EXTRACTABLE,,,no,inherited from federal
us-fl,SSI-F-CFR416-APPK,federal,regulation,EXTRACTABLE,,,no,inherited from federal
us-ga,SSI-F-CFR416-APPK,federal,regulation,EXTRACTABLE,,,no,inherited from federal
us-hi,SSI-F-CFR416-APPK,federal,regulation,EXTRACTABLE,,,no,inherited from federal
us-ia,SSI-F-CFR416-APPK,federal,regulation,EXTRACTABLE,,,no,inherited from federal
us-id,SSI-F-CFR416-APPK,federal,regulation,EXTRACTABLE,,,no,inherited from federal
us-il,SSI-F-CFR416-APPK,federal,regulation,EXTRACTABLE,,,no,inherited from federal
us-in,SSI-F-CFR416-APPK,federal,regulation,EXTRACTABLE,,,no,inherited from federal
us-ks,SSI-F-CFR416-APPK,federal,regulation,EXTRACTABLE,,,no,inherited from federal
us-ky,SSI-F-CFR416-APPK,federal,regulation,EXTRACTABLE,,,no,inherited from federal
us-la,SSI-F-CFR416-APPK,federal,regulation,EXTRACTABLE,,,no,inherited from federal
us-ma,SSI-F-CFR416-APPK,federal,regulation,EXTRACTABLE,,,no,inherited from federal
us-md,SSI-F-CFR416-APPK,federal,regulation,EXTRACTABLE,,,no,inherited from federal
us-me,SSI-F-CFR416-APPK,federal,regulation,EXTRACTABLE,,,no,inherited from federal
us-mi,SSI-F-CFR416-APPK,federal,regulation,EXTRACTABLE,,,no,inherited from federal
us-mn,SSI-F-CFR416-APPK,federal,regulation,EXTRACTABLE,,,no,inherited from federal
us-mo,SSI-F-CFR416-APPK,federal,regulation,EXTRACTABLE,,,no,inherited from federal
us-ms,SSI-F-CFR416-APPK,federal,regulation,EXTRACTABLE,,,no,inherited from federal
us-mt,SSI-F-CFR416-APPK,federal,regulation,EXTRACTABLE,,,no,inherited from federal
us-nc,SSI-F-CFR416-APPK,federal,regulation,EXTRACTABLE,,,no,inherited from federal
us-nd,SSI-F-CFR416-APPK,federal,regulation,EXTRACTABLE,,,no,inherited from federal
us-ne,SSI-F-CFR416-APPK,federal,regulation,EXTRACTABLE,,,no,inherited from federal
us-nh,SSI-F-CFR416-APPK,federal,regulation,EXTRACTABLE,,,no,inherited from federal
us-nj,SSI-F-CFR416-APPK,federal,regulation,EXTRACTABLE,,,no,inherited from federal
us-nm,SSI-F-CFR416-APPK,federal,regulation,EXTRACTABLE,,,no,inherited from federal
us-nv,SSI-F-CFR416-APPK,federal,regulation,EXTRACTABLE,,,no,inherited from federal
us-ny,SSI-F-CFR416-APPK,federal,regulation,EXTRACTABLE,,,no,inherited from federal
us-oh,SSI-F-CFR416-APPK,federal,regulation,EXTRACTABLE,,,no,inherited from federal
us-ok,SSI-F-CFR416-APPK,federal,regulation,EXTRACTABLE,,,no,inherited from federal
us-or,SSI-F-CFR416-APPK,federal,regulation,EXTRACTABLE,,,no,inherited from federal
us-pa,SSI-F-CFR416-APPK,federal,regulation,EXTRACTABLE,,,no,inherited from federal
us-ri,SSI-F-CFR416-APPK,federal,regulation,EXTRACTABLE,,,no,inherited from federal
us-sc,SSI-F-CFR416-APPK,federal,regulation,EXTRACTABLE,,,no,inherited from federal
us-sd,SSI-F-CFR416-APPK,federal,regulation,EXTRACTABLE,,,no,inherited from federal
us-tn,SSI-F-CFR416-APPK,federal,regulation,EXTRACTABLE,,,no,inherited from federal
us-tx,SSI-F-CFR416-APPK,federal,regulation,EXTRACTABLE,,,no,inherited from federal
us-ut,SSI-F-CFR416-APPK,federal,regulation,EXTRACTABLE,,,no,inherited from federal
us-va,SSI-F-CFR416-APPK,federal,regulation,EXTRACTABLE,,,no,inherited from federal
us-vt,SSI-F-CFR416-APPK,federal,regulation,EXTRACTABLE,,,no,inherited from federal
us-wa,SSI-F-CFR416-APPK,federal,regulation,EXTRACTABLE,,,no,inherited from federal
us-wi,SSI-F-CFR416-APPK,federal,regulation,EXTRACTABLE,,,no,inherited from federal
us-wv,SSI-F-CFR416-APPK,federal,regulation,EXTRACTABLE,,,no,inherited from federal
us-wy,SSI-F-CFR416-APPK,federal,regulation,EXTRACTABLE,,,no,inherited from federal
us,SSI-F-POMS-SI-00500,federal,manual,EXTRACTABLE,,,no,"listed on https://secure.ssa.gov/apps10/poms.nsf/subchapterlist!openview&restricttocategory=05005 (1 sections); not taken (run note 2026-09-10-ssi-poms-si, judgment 1)"
us-ak,SSI-F-POMS-SI-00500,federal,manual,EXTRACTABLE,,,no,inherited from federal
us-al,SSI-F-POMS-SI-00500,federal,manual,EXTRACTABLE,,,no,inherited from federal
us-ar,SSI-F-POMS-SI-00500,federal,manual,EXTRACTABLE,,,no,inherited from federal
us-az,SSI-F-POMS-SI-00500,federal,manual,EXTRACTABLE,,,no,inherited from federal
us-ca,SSI-F-POMS-SI-00500,federal,manual,EXTRACTABLE,,,no,inherited from federal
us-co,SSI-F-POMS-SI-00500,federal,manual,EXTRACTABLE,,,no,inherited from federal
us-ct,SSI-F-POMS-SI-00500,federal,manual,EXTRACTABLE,,,no,inherited from federal
us-dc,SSI-F-POMS-SI-00500,federal,manual,EXTRACTABLE,,,no,inherited from federal
us-de,SSI-F-POMS-SI-00500,federal,manual,EXTRACTABLE,,,no,inherited from federal
us-fl,SSI-F-POMS-SI-00500,federal,manual,EXTRACTABLE,,,no,inherited from federal
us-ga,SSI-F-POMS-SI-00500,federal,manual,EXTRACTABLE,,,no,inherited from federal
us-hi,SSI-F-POMS-SI-00500,federal,manual,EXTRACTABLE,,,no,inherited from federal
us-ia,SSI-F-POMS-SI-00500,federal,manual,EXTRACTABLE,,,no,inherited from federal
us-id,SSI-F-POMS-SI-00500,federal,manual,EXTRACTABLE,,,no,inherited from federal
us-il,SSI-F-POMS-SI-00500,federal,manual,EXTRACTABLE,,,no,inherited from federal
us-in,SSI-F-POMS-SI-00500,federal,manual,EXTRACTABLE,,,no,inherited from federal
us-ks,SSI-F-POMS-SI-00500,federal,manual,EXTRACTABLE,,,no,inherited from federal
us-ky,SSI-F-POMS-SI-00500,federal,manual,EXTRACTABLE,,,no,inherited from federal
us-la,SSI-F-POMS-SI-00500,federal,manual,EXTRACTABLE,,,no,inherited from federal
us-ma,SSI-F-POMS-SI-00500,federal,manual,EXTRACTABLE,,,no,inherited from federal
us-md,SSI-F-POMS-SI-00500,federal,manual,EXTRACTABLE,,,no,inherited from federal
us-me,SSI-F-POMS-SI-00500,federal,manual,EXTRACTABLE,,,no,inherited from federal
us-mi,SSI-F-POMS-SI-00500,federal,manual,EXTRACTABLE,,,no,inherited from federal
us-mn,SSI-F-POMS-SI-00500,federal,manual,EXTRACTABLE,,,no,inherited from federal
us-mo,SSI-F-POMS-SI-00500,federal,manual,EXTRACTABLE,,,no,inherited from federal
us-ms,SSI-F-POMS-SI-00500,federal,manual,EXTRACTABLE,,,no,inherited from federal
us-mt,SSI-F-POMS-SI-00500,federal,manual,EXTRACTABLE,,,no,inherited from federal
us-nc,SSI-F-POMS-SI-00500,federal,manual,EXTRACTABLE,,,no,inherited from federal
us-nd,SSI-F-POMS-SI-00500,federal,manual,EXTRACTABLE,,,no,inherited from federal
us-ne,SSI-F-POMS-SI-00500,federal,manual,EXTRACTABLE,,,no,inherited from federal
us-nh,SSI-F-POMS-SI-00500,federal,manual,EXTRACTABLE,,,no,inherited from federal
us-nj,SSI-F-POMS-SI-00500,federal,manual,EXTRACTABLE,,,no,inherited from federal
us-nm,SSI-F-POMS-SI-00500,federal,manual,EXTRACTABLE,,,no,inherited from federal
us-nv,SSI-F-POMS-SI-00500,federal,manual,EXTRACTABLE,,,no,inherited from federal
us-ny,SSI-F-POMS-SI-00500,federal,manual,EXTRACTABLE,,,no,inherited from federal
us-oh,SSI-F-POMS-SI-00500,federal,manual,EXTRACTABLE,,,no,inherited from federal
us-ok,SSI-F-POMS-SI-00500,federal,manual,EXTRACTABLE,,,no,inherited from federal
us-or,SSI-F-POMS-SI-00500,federal,manual,EXTRACTABLE,,,no,inherited from federal
us-pa,SSI-F-POMS-SI-00500,federal,manual,EXTRACTABLE,,,no,inherited from federal
us-ri,SSI-F-POMS-SI-00500,federal,manual,EXTRACTABLE,,,no,inherited from federal
us-sc,SSI-F-POMS-SI-00500,federal,manual,EXTRACTABLE,,,no,inherited from federal
us-sd,SSI-F-POMS-SI-00500,federal,manual,EXTRACTABLE,,,no,inherited from federal
us-tn,SSI-F-POMS-SI-00500,federal,manual,EXTRACTABLE,,,no,inherited from federal
us-tx,SSI-F-POMS-SI-00500,federal,manual,EXTRACTABLE,,,no,inherited from federal
us-ut,SSI-F-POMS-SI-00500,federal,manual,EXTRACTABLE,,,no,inherited from federal
us-va,SSI-F-POMS-SI-00500,federal,manual,EXTRACTABLE,,,no,inherited from federal
us-vt,SSI-F-POMS-SI-00500,federal,manual,EXTRACTABLE,,,no,inherited from federal
us-wa,SSI-F-POMS-SI-00500,federal,manual,EXTRACTABLE,,,no,inherited from federal
us-wi,SSI-F-POMS-SI-00500,federal,manual,EXTRACTABLE,,,no,inherited from federal
us-wv,SSI-F-POMS-SI-00500,federal,manual,EXTRACTABLE,,,no,inherited from federal
us-wy,SSI-F-POMS-SI-00500,federal,manual,EXTRACTABLE,,,no,inherited from federal
us,SSI-F-POMS-SI-00501,federal,manual,PRESENT,2026-09-10-ssi-poms-si,us/manual/ssa/poms/si/00501.000/block-1,partial,32/32 sections taken incl. regional; block bodies opened
us-ak,SSI-F-POMS-SI-00501,federal,manual,PRESENT,2026-09-10-ssi-poms-si,us/manual/ssa/poms/si/00501.000/block-1,partial,inherited from federal
us-al,SSI-F-POMS-SI-00501,federal,manual,PRESENT,2026-09-10-ssi-poms-si,us/manual/ssa/poms/si/00501.000/block-1,partial,inherited from federal
us-ar,SSI-F-POMS-SI-00501,federal,manual,PRESENT,2026-09-10-ssi-poms-si,us/manual/ssa/poms/si/00501.000/block-1,partial,inherited from federal
us-az,SSI-F-POMS-SI-00501,federal,manual,PRESENT,2026-09-10-ssi-poms-si,us/manual/ssa/poms/si/00501.000/block-1,partial,inherited from federal
us-ca,SSI-F-POMS-SI-00501,federal,manual,PRESENT,2026-09-10-ssi-poms-si,us/manual/ssa/poms/si/00501.000/block-1,partial,inherited from federal
us-co,SSI-F-POMS-SI-00501,federal,manual,PRESENT,2026-09-10-ssi-poms-si,us/manual/ssa/poms/si/00501.000/block-1,partial,inherited from federal
us-ct,SSI-F-POMS-SI-00501,federal,manual,PRESENT,2026-09-10-ssi-poms-si,us/manual/ssa/poms/si/00501.000/block-1,partial,inherited from federal
us-dc,SSI-F-POMS-SI-00501,federal,manual,PRESENT,2026-09-10-ssi-poms-si,us/manual/ssa/poms/si/00501.000/block-1,partial,inherited from federal
us-de,SSI-F-POMS-SI-00501,federal,manual,PRESENT,2026-09-10-ssi-poms-si,us/manual/ssa/poms/si/00501.000/block-1,partial,inherited from federal
us-fl,SSI-F-POMS-SI-00501,federal,manual,PRESENT,2026-09-10-ssi-poms-si,us/manual/ssa/poms/si/00501.000/block-1,partial,inherited from federal
us-ga,SSI-F-POMS-SI-00501,federal,manual,PRESENT,2026-09-10-ssi-poms-si,us/manual/ssa/poms/si/00501.000/block-1,partial,inherited from federal
us-hi,SSI-F-POMS-SI-00501,federal,manual,PRESENT,2026-09-10-ssi-poms-si,us/manual/ssa/poms/si/00501.000/block-1,partial,inherited from federal
us-ia,SSI-F-POMS-SI-00501,federal,manual,PRESENT,2026-09-10-ssi-poms-si,us/manual/ssa/poms/si/00501.000/block-1,partial,inherited from federal
us-id,SSI-F-POMS-SI-00501,federal,manual,PRESENT,2026-09-10-ssi-poms-si,us/manual/ssa/poms/si/00501.000/block-1,partial,inherited from federal
us-il,SSI-F-POMS-SI-00501,federal,manual,PRESENT,2026-09-10-ssi-poms-si,us/manual/ssa/poms/si/00501.000/block-1,partial,inherited from federal
us-in,SSI-F-POMS-SI-00501,federal,manual,PRESENT,2026-09-10-ssi-poms-si,us/manual/ssa/poms/si/00501.000/block-1,partial,inherited from federal
us-ks,SSI-F-POMS-SI-00501,federal,manual,PRESENT,2026-09-10-ssi-poms-si,us/manual/ssa/poms/si/00501.000/block-1,partial,inherited from federal
us-ky,SSI-F-POMS-SI-00501,federal,manual,PRESENT,2026-09-10-ssi-poms-si,us/manual/ssa/poms/si/00501.000/block-1,partial,inherited from federal
us-la,SSI-F-POMS-SI-00501,federal,manual,PRESENT,2026-09-10-ssi-poms-si,us/manual/ssa/poms/si/00501.000/block-1,partial,inherited from federal
us-ma,SSI-F-POMS-SI-00501,federal,manual,PRESENT,2026-09-10-ssi-poms-si,us/manual/ssa/poms/si/00501.000/block-1,partial,inherited from federal
us-md,SSI-F-POMS-SI-00501,federal,manual,PRESENT,2026-09-10-ssi-poms-si,us/manual/ssa/poms/si/00501.000/block-1,partial,inherited from federal
us-me,SSI-F-POMS-SI-00501,federal,manual,PRESENT,2026-09-10-ssi-poms-si,us/manual/ssa/poms/si/00501.000/block-1,partial,inherited from federal
us-mi,SSI-F-POMS-SI-00501,federal,manual,PRESENT,2026-09-10-ssi-poms-si,us/manual/ssa/poms/si/00501.000/block-1,partial,inherited from federal
us-mn,SSI-F-POMS-SI-00501,federal,manual,PRESENT,2026-09-10-ssi-poms-si,us/manual/ssa/poms/si/00501.000/block-1,partial,inherited from federal
us-mo,SSI-F-POMS-SI-00501,federal,manual,PRESENT,2026-09-10-ssi-poms-si,us/manual/ssa/poms/si/00501.000/block-1,partial,inherited from federal
us-ms,SSI-F-POMS-SI-00501,federal,manual,PRESENT,2026-09-10-ssi-poms-si,us/manual/ssa/poms/si/00501.000/block-1,partial,inherited from federal
us-mt,SSI-F-POMS-SI-00501,federal,manual,PRESENT,2026-09-10-ssi-poms-si,us/manual/ssa/poms/si/00501.000/block-1,partial,inherited from federal
us-nc,SSI-F-POMS-SI-00501,federal,manual,PRESENT,2026-09-10-ssi-poms-si,us/manual/ssa/poms/si/00501.000/block-1,partial,inherited from federal
us-nd,SSI-F-POMS-SI-00501,federal,manual,PRESENT,2026-09-10-ssi-poms-si,us/manual/ssa/poms/si/00501.000/block-1,partial,inherited from federal
us-ne,SSI-F-POMS-SI-00501,federal,manual,PRESENT,2026-09-10-ssi-poms-si,us/manual/ssa/poms/si/00501.000/block-1,partial,inherited from federal
us-nh,SSI-F-POMS-SI-00501,federal,manual,PRESENT,2026-09-10-ssi-poms-si,us/manual/ssa/poms/si/00501.000/block-1,partial,inherited from federal
us-nj,SSI-F-POMS-SI-00501,federal,manual,PRESENT,2026-09-10-ssi-poms-si,us/manual/ssa/poms/si/00501.000/block-1,partial,inherited from federal
us-nm,SSI-F-POMS-SI-00501,federal,manual,PRESENT,2026-09-10-ssi-poms-si,us/manual/ssa/poms/si/00501.000/block-1,partial,inherited from federal
us-nv,SSI-F-POMS-SI-00501,federal,manual,PRESENT,2026-09-10-ssi-poms-si,us/manual/ssa/poms/si/00501.000/block-1,partial,inherited from federal
us-ny,SSI-F-POMS-SI-00501,federal,manual,PRESENT,2026-09-10-ssi-poms-si,us/manual/ssa/poms/si/00501.000/block-1,partial,inherited from federal
us-oh,SSI-F-POMS-SI-00501,federal,manual,PRESENT,2026-09-10-ssi-poms-si,us/manual/ssa/poms/si/00501.000/block-1,partial,inherited from federal
us-ok,SSI-F-POMS-SI-00501,federal,manual,PRESENT,2026-09-10-ssi-poms-si,us/manual/ssa/poms/si/00501.000/block-1,partial,inherited from federal
us-or,SSI-F-POMS-SI-00501,federal,manual,PRESENT,2026-09-10-ssi-poms-si,us/manual/ssa/poms/si/00501.000/block-1,partial,inherited from federal
us-pa,SSI-F-POMS-SI-00501,federal,manual,PRESENT,2026-09-10-ssi-poms-si,us/manual/ssa/poms/si/00501.000/block-1,partial,inherited from federal
us-ri,SSI-F-POMS-SI-00501,federal,manual,PRESENT,2026-09-10-ssi-poms-si,us/manual/ssa/poms/si/00501.000/block-1,partial,inherited from federal
us-sc,SSI-F-POMS-SI-00501,federal,manual,PRESENT,2026-09-10-ssi-poms-si,us/manual/ssa/poms/si/00501.000/block-1,partial,inherited from federal
us-sd,SSI-F-POMS-SI-00501,federal,manual,PRESENT,2026-09-10-ssi-poms-si,us/manual/ssa/poms/si/00501.000/block-1,partial,inherited from federal
us-tn,SSI-F-POMS-SI-00501,federal,manual,PRESENT,2026-09-10-ssi-poms-si,us/manual/ssa/poms/si/00501.000/block-1,partial,inherited from federal
us-tx,SSI-F-POMS-SI-00501,federal,manual,PRESENT,2026-09-10-ssi-poms-si,us/manual/ssa/poms/si/00501.000/block-1,partial,inherited from federal
us-ut,SSI-F-POMS-SI-00501,federal,manual,PRESENT,2026-09-10-ssi-poms-si,us/manual/ssa/poms/si/00501.000/block-1,partial,inherited from federal
us-va,SSI-F-POMS-SI-00501,federal,manual,PRESENT,2026-09-10-ssi-poms-si,us/manual/ssa/poms/si/00501.000/block-1,partial,inherited from federal
us-vt,SSI-F-POMS-SI-00501,federal,manual,PRESENT,2026-09-10-ssi-poms-si,us/manual/ssa/poms/si/00501.000/block-1,partial,inherited from federal
us-wa,SSI-F-POMS-SI-00501,federal,manual,PRESENT,2026-09-10-ssi-poms-si,us/manual/ssa/poms/si/00501.000/block-1,partial,inherited from federal
us-wi,SSI-F-POMS-SI-00501,federal,manual,PRESENT,2026-09-10-ssi-poms-si,us/manual/ssa/poms/si/00501.000/block-1,partial,inherited from federal
us-wv,SSI-F-POMS-SI-00501,federal,manual,PRESENT,2026-09-10-ssi-poms-si,us/manual/ssa/poms/si/00501.000/block-1,partial,inherited from federal
us-wy,SSI-F-POMS-SI-00501,federal,manual,PRESENT,2026-09-10-ssi-poms-si,us/manual/ssa/poms/si/00501.000/block-1,partial,inherited from federal
us,SSI-F-POMS-SI-00502,federal,manual,PRESENT,2026-09-10-ssi-poms-si,us/manual/ssa/poms/si/00502.000/block-1,partial,46/46 sections taken incl. regional; block bodies opened
us-ak,SSI-F-POMS-SI-00502,federal,manual,PRESENT,2026-09-10-ssi-poms-si,us/manual/ssa/poms/si/00502.000/block-1,partial,inherited from federal
us-al,SSI-F-POMS-SI-00502,federal,manual,PRESENT,2026-09-10-ssi-poms-si,us/manual/ssa/poms/si/00502.000/block-1,partial,inherited from federal
us-ar,SSI-F-POMS-SI-00502,federal,manual,PRESENT,2026-09-10-ssi-poms-si,us/manual/ssa/poms/si/00502.000/block-1,partial,inherited from federal
us-az,SSI-F-POMS-SI-00502,federal,manual,PRESENT,2026-09-10-ssi-poms-si,us/manual/ssa/poms/si/00502.000/block-1,partial,inherited from federal
us-ca,SSI-F-POMS-SI-00502,federal,manual,PRESENT,2026-09-10-ssi-poms-si,us/manual/ssa/poms/si/00502.000/block-1,partial,inherited from federal
us-co,SSI-F-POMS-SI-00502,federal,manual,PRESENT,2026-09-10-ssi-poms-si,us/manual/ssa/poms/si/00502.000/block-1,partial,inherited from federal
us-ct,SSI-F-POMS-SI-00502,federal,manual,PRESENT,2026-09-10-ssi-poms-si,us/manual/ssa/poms/si/00502.000/block-1,partial,inherited from federal
us-dc,SSI-F-POMS-SI-00502,federal,manual,PRESENT,2026-09-10-ssi-poms-si,us/manual/ssa/poms/si/00502.000/block-1,partial,inherited from federal
us-de,SSI-F-POMS-SI-00502,federal,manual,PRESENT,2026-09-10-ssi-poms-si,us/manual/ssa/poms/si/00502.000/block-1,partial,inherited from federal
us-fl,SSI-F-POMS-SI-00502,federal,manual,PRESENT,2026-09-10-ssi-poms-si,us/manual/ssa/poms/si/00502.000/block-1,partial,inherited from federal
us-ga,SSI-F-POMS-SI-00502,federal,manual,PRESENT,2026-09-10-ssi-poms-si,us/manual/ssa/poms/si/00502.000/block-1,partial,inherited from federal
us-hi,SSI-F-POMS-SI-00502,federal,manual,PRESENT,2026-09-10-ssi-poms-si,us/manual/ssa/poms/si/00502.000/block-1,partial,inherited from federal
us-ia,SSI-F-POMS-SI-00502,federal,manual,PRESENT,2026-09-10-ssi-poms-si,us/manual/ssa/poms/si/00502.000/block-1,partial,inherited from federal
us-id,SSI-F-POMS-SI-00502,federal,manual,PRESENT,2026-09-10-ssi-poms-si,us/manual/ssa/poms/si/00502.000/block-1,partial,inherited from federal
us-il,SSI-F-POMS-SI-00502,federal,manual,PRESENT,2026-09-10-ssi-poms-si,us/manual/ssa/poms/si/00502.000/block-1,partial,inherited from federal
us-in,SSI-F-POMS-SI-00502,federal,manual,PRESENT,2026-09-10-ssi-poms-si,us/manual/ssa/poms/si/00502.000/block-1,partial,inherited from federal
us-ks,SSI-F-POMS-SI-00502,federal,manual,PRESENT,2026-09-10-ssi-poms-si,us/manual/ssa/poms/si/00502.000/block-1,partial,inherited from federal
us-ky,SSI-F-POMS-SI-00502,federal,manual,PRESENT,2026-09-10-ssi-poms-si,us/manual/ssa/poms/si/00502.000/block-1,partial,inherited from federal
us-la,SSI-F-POMS-SI-00502,federal,manual,PRESENT,2026-09-10-ssi-poms-si,us/manual/ssa/poms/si/00502.000/block-1,partial,inherited from federal
us-ma,SSI-F-POMS-SI-00502,federal,manual,PRESENT,2026-09-10-ssi-poms-si,us/manual/ssa/poms/si/00502.000/block-1,partial,inherited from federal
us-md,SSI-F-POMS-SI-00502,federal,manual,PRESENT,2026-09-10-ssi-poms-si,us/manual/ssa/poms/si/00502.000/block-1,partial,inherited from federal
us-me,SSI-F-POMS-SI-00502,federal,manual,PRESENT,2026-09-10-ssi-poms-si,us/manual/ssa/poms/si/00502.000/block-1,partial,inherited from federal
us-mi,SSI-F-POMS-SI-00502,federal,manual,PRESENT,2026-09-10-ssi-poms-si,us/manual/ssa/poms/si/00502.000/block-1,partial,inherited from federal
us-mn,SSI-F-POMS-SI-00502,federal,manual,PRESENT,2026-09-10-ssi-poms-si,us/manual/ssa/poms/si/00502.000/block-1,partial,inherited from federal
us-mo,SSI-F-POMS-SI-00502,federal,manual,PRESENT,2026-09-10-ssi-poms-si,us/manual/ssa/poms/si/00502.000/block-1,partial,inherited from federal
us-ms,SSI-F-POMS-SI-00502,federal,manual,PRESENT,2026-09-10-ssi-poms-si,us/manual/ssa/poms/si/00502.000/block-1,partial,inherited from federal
us-mt,SSI-F-POMS-SI-00502,federal,manual,PRESENT,2026-09-10-ssi-poms-si,us/manual/ssa/poms/si/00502.000/block-1,partial,inherited from federal
us-nc,SSI-F-POMS-SI-00502,federal,manual,PRESENT,2026-09-10-ssi-poms-si,us/manual/ssa/poms/si/00502.000/block-1,partial,inherited from federal
us-nd,SSI-F-POMS-SI-00502,federal,manual,PRESENT,2026-09-10-ssi-poms-si,us/manual/ssa/poms/si/00502.000/block-1,partial,inherited from federal
us-ne,SSI-F-POMS-SI-00502,federal,manual,PRESENT,2026-09-10-ssi-poms-si,us/manual/ssa/poms/si/00502.000/block-1,partial,inherited from federal
us-nh,SSI-F-POMS-SI-00502,federal,manual,PRESENT,2026-09-10-ssi-poms-si,us/manual/ssa/poms/si/00502.000/block-1,partial,inherited from federal
us-nj,SSI-F-POMS-SI-00502,federal,manual,PRESENT,2026-09-10-ssi-poms-si,us/manual/ssa/poms/si/00502.000/block-1,partial,inherited from federal
us-nm,SSI-F-POMS-SI-00502,federal,manual,PRESENT,2026-09-10-ssi-poms-si,us/manual/ssa/poms/si/00502.000/block-1,partial,inherited from federal
us-nv,SSI-F-POMS-SI-00502,federal,manual,PRESENT,2026-09-10-ssi-poms-si,us/manual/ssa/poms/si/00502.000/block-1,partial,inherited from federal
us-ny,SSI-F-POMS-SI-00502,federal,manual,PRESENT,2026-09-10-ssi-poms-si,us/manual/ssa/poms/si/00502.000/block-1,partial,inherited from federal
us-oh,SSI-F-POMS-SI-00502,federal,manual,PRESENT,2026-09-10-ssi-poms-si,us/manual/ssa/poms/si/00502.000/block-1,partial,inherited from federal
us-ok,SSI-F-POMS-SI-00502,federal,manual,PRESENT,2026-09-10-ssi-poms-si,us/manual/ssa/poms/si/00502.000/block-1,partial,inherited from federal
us-or,SSI-F-POMS-SI-00502,federal,manual,PRESENT,2026-09-10-ssi-poms-si,us/manual/ssa/poms/si/00502.000/block-1,partial,inherited from federal
us-pa,SSI-F-POMS-SI-00502,federal,manual,PRESENT,2026-09-10-ssi-poms-si,us/manual/ssa/poms/si/00502.000/block-1,partial,inherited from federal
us-ri,SSI-F-POMS-SI-00502,federal,manual,PRESENT,2026-09-10-ssi-poms-si,us/manual/ssa/poms/si/00502.000/block-1,partial,inherited from federal
us-sc,SSI-F-POMS-SI-00502,federal,manual,PRESENT,2026-09-10-ssi-poms-si,us/manual/ssa/poms/si/00502.000/block-1,partial,inherited from federal
us-sd,SSI-F-POMS-SI-00502,federal,manual,PRESENT,2026-09-10-ssi-poms-si,us/manual/ssa/poms/si/00502.000/block-1,partial,inherited from federal
us-tn,SSI-F-POMS-SI-00502,federal,manual,PRESENT,2026-09-10-ssi-poms-si,us/manual/ssa/poms/si/00502.000/block-1,partial,inherited from federal
us-tx,SSI-F-POMS-SI-00502,federal,manual,PRESENT,2026-09-10-ssi-poms-si,us/manual/ssa/poms/si/00502.000/block-1,partial,inherited from federal
us-ut,SSI-F-POMS-SI-00502,federal,manual,PRESENT,2026-09-10-ssi-poms-si,us/manual/ssa/poms/si/00502.000/block-1,partial,inherited from federal
us-va,SSI-F-POMS-SI-00502,federal,manual,PRESENT,2026-09-10-ssi-poms-si,us/manual/ssa/poms/si/00502.000/block-1,partial,inherited from federal
us-vt,SSI-F-POMS-SI-00502,federal,manual,PRESENT,2026-09-10-ssi-poms-si,us/manual/ssa/poms/si/00502.000/block-1,partial,inherited from federal
us-wa,SSI-F-POMS-SI-00502,federal,manual,PRESENT,2026-09-10-ssi-poms-si,us/manual/ssa/poms/si/00502.000/block-1,partial,inherited from federal
us-wi,SSI-F-POMS-SI-00502,federal,manual,PRESENT,2026-09-10-ssi-poms-si,us/manual/ssa/poms/si/00502.000/block-1,partial,inherited from federal
us-wv,SSI-F-POMS-SI-00502,federal,manual,PRESENT,2026-09-10-ssi-poms-si,us/manual/ssa/poms/si/00502.000/block-1,partial,inherited from federal
us-wy,SSI-F-POMS-SI-00502,federal,manual,PRESENT,2026-09-10-ssi-poms-si,us/manual/ssa/poms/si/00502.000/block-1,partial,inherited from federal
us,SSI-F-POMS-SI-00510,federal,manual,EXTRACTABLE,,,no,"listed on https://secure.ssa.gov/apps10/poms.nsf/subchapterlist!openview&restricttocategory=05005 (9 sections); not taken (run note 2026-09-10-ssi-poms-si, judgment 1)"
us-ak,SSI-F-POMS-SI-00510,federal,manual,EXTRACTABLE,,,no,inherited from federal
us-al,SSI-F-POMS-SI-00510,federal,manual,EXTRACTABLE,,,no,inherited from federal
us-ar,SSI-F-POMS-SI-00510,federal,manual,EXTRACTABLE,,,no,inherited from federal
us-az,SSI-F-POMS-SI-00510,federal,manual,EXTRACTABLE,,,no,inherited from federal
us-ca,SSI-F-POMS-SI-00510,federal,manual,EXTRACTABLE,,,no,inherited from federal
us-co,SSI-F-POMS-SI-00510,federal,manual,EXTRACTABLE,,,no,inherited from federal
us-ct,SSI-F-POMS-SI-00510,federal,manual,EXTRACTABLE,,,no,inherited from federal
us-dc,SSI-F-POMS-SI-00510,federal,manual,EXTRACTABLE,,,no,inherited from federal
us-de,SSI-F-POMS-SI-00510,federal,manual,EXTRACTABLE,,,no,inherited from federal
us-fl,SSI-F-POMS-SI-00510,federal,manual,EXTRACTABLE,,,no,inherited from federal
us-ga,SSI-F-POMS-SI-00510,federal,manual,EXTRACTABLE,,,no,inherited from federal
us-hi,SSI-F-POMS-SI-00510,federal,manual,EXTRACTABLE,,,no,inherited from federal
us-ia,SSI-F-POMS-SI-00510,federal,manual,EXTRACTABLE,,,no,inherited from federal
us-id,SSI-F-POMS-SI-00510,federal,manual,EXTRACTABLE,,,no,inherited from federal
us-il,SSI-F-POMS-SI-00510,federal,manual,EXTRACTABLE,,,no,inherited from federal
us-in,SSI-F-POMS-SI-00510,federal,manual,EXTRACTABLE,,,no,inherited from federal
us-ks,SSI-F-POMS-SI-00510,federal,manual,EXTRACTABLE,,,no,inherited from federal
us-ky,SSI-F-POMS-SI-00510,federal,manual,EXTRACTABLE,,,no,inherited from federal
us-la,SSI-F-POMS-SI-00510,federal,manual,EXTRACTABLE,,,no,inherited from federal
us-ma,SSI-F-POMS-SI-00510,federal,manual,EXTRACTABLE,,,no,inherited from federal
us-md,SSI-F-POMS-SI-00510,federal,manual,EXTRACTABLE,,,no,inherited from federal
us-me,SSI-F-POMS-SI-00510,federal,manual,EXTRACTABLE,,,no,inherited from federal
us-mi,SSI-F-POMS-SI-00510,federal,manual,EXTRACTABLE,,,no,inherited from federal
us-mn,SSI-F-POMS-SI-00510,federal,manual,EXTRACTABLE,,,no,inherited from federal
us-mo,SSI-F-POMS-SI-00510,federal,manual,EXTRACTABLE,,,no,inherited from federal
us-ms,SSI-F-POMS-SI-00510,federal,manual,EXTRACTABLE,,,no,inherited from federal
us-mt,SSI-F-POMS-SI-00510,federal,manual,EXTRACTABLE,,,no,inherited from federal
us-nc,SSI-F-POMS-SI-00510,federal,manual,EXTRACTABLE,,,no,inherited from federal
us-nd,SSI-F-POMS-SI-00510,federal,manual,EXTRACTABLE,,,no,inherited from federal
us-ne,SSI-F-POMS-SI-00510,federal,manual,EXTRACTABLE,,,no,inherited from federal
us-nh,SSI-F-POMS-SI-00510,federal,manual,EXTRACTABLE,,,no,inherited from federal
us-nj,SSI-F-POMS-SI-00510,federal,manual,EXTRACTABLE,,,no,inherited from federal
us-nm,SSI-F-POMS-SI-00510,federal,manual,EXTRACTABLE,,,no,inherited from federal
us-nv,SSI-F-POMS-SI-00510,federal,manual,EXTRACTABLE,,,no,inherited from federal
us-ny,SSI-F-POMS-SI-00510,federal,manual,EXTRACTABLE,,,no,inherited from federal
us-oh,SSI-F-POMS-SI-00510,federal,manual,EXTRACTABLE,,,no,inherited from federal
us-ok,SSI-F-POMS-SI-00510,federal,manual,EXTRACTABLE,,,no,inherited from federal
us-or,SSI-F-POMS-SI-00510,federal,manual,EXTRACTABLE,,,no,inherited from federal
us-pa,SSI-F-POMS-SI-00510,federal,manual,EXTRACTABLE,,,no,inherited from federal
us-ri,SSI-F-POMS-SI-00510,federal,manual,EXTRACTABLE,,,no,inherited from federal
us-sc,SSI-F-POMS-SI-00510,federal,manual,EXTRACTABLE,,,no,inherited from federal
us-sd,SSI-F-POMS-SI-00510,federal,manual,EXTRACTABLE,,,no,inherited from federal
us-tn,SSI-F-POMS-SI-00510,federal,manual,EXTRACTABLE,,,no,inherited from federal
us-tx,SSI-F-POMS-SI-00510,federal,manual,EXTRACTABLE,,,no,inherited from federal
us-ut,SSI-F-POMS-SI-00510,federal,manual,EXTRACTABLE,,,no,inherited from federal
us-va,SSI-F-POMS-SI-00510,federal,manual,EXTRACTABLE,,,no,inherited from federal
us-vt,SSI-F-POMS-SI-00510,federal,manual,EXTRACTABLE,,,no,inherited from federal
us-wa,SSI-F-POMS-SI-00510,federal,manual,EXTRACTABLE,,,no,inherited from federal
us-wi,SSI-F-POMS-SI-00510,federal,manual,EXTRACTABLE,,,no,inherited from federal
us-wv,SSI-F-POMS-SI-00510,federal,manual,EXTRACTABLE,,,no,inherited from federal
us-wy,SSI-F-POMS-SI-00510,federal,manual,EXTRACTABLE,,,no,inherited from federal
us,SSI-F-POMS-SI-00515,federal,manual,EXTRACTABLE,,,no,"listed on https://secure.ssa.gov/apps10/poms.nsf/subchapterlist!openview&restricttocategory=05005 (5 sections); not taken (run note 2026-09-10-ssi-poms-si, judgment 1)"
us-ak,SSI-F-POMS-SI-00515,federal,manual,EXTRACTABLE,,,no,inherited from federal
us-al,SSI-F-POMS-SI-00515,federal,manual,EXTRACTABLE,,,no,inherited from federal
us-ar,SSI-F-POMS-SI-00515,federal,manual,EXTRACTABLE,,,no,inherited from federal
us-az,SSI-F-POMS-SI-00515,federal,manual,EXTRACTABLE,,,no,inherited from federal
us-ca,SSI-F-POMS-SI-00515,federal,manual,EXTRACTABLE,,,no,inherited from federal
us-co,SSI-F-POMS-SI-00515,federal,manual,EXTRACTABLE,,,no,inherited from federal
us-ct,SSI-F-POMS-SI-00515,federal,manual,EXTRACTABLE,,,no,inherited from federal
us-dc,SSI-F-POMS-SI-00515,federal,manual,EXTRACTABLE,,,no,inherited from federal
us-de,SSI-F-POMS-SI-00515,federal,manual,EXTRACTABLE,,,no,inherited from federal
us-fl,SSI-F-POMS-SI-00515,federal,manual,EXTRACTABLE,,,no,inherited from federal
us-ga,SSI-F-POMS-SI-00515,federal,manual,EXTRACTABLE,,,no,inherited from federal
us-hi,SSI-F-POMS-SI-00515,federal,manual,EXTRACTABLE,,,no,inherited from federal
us-ia,SSI-F-POMS-SI-00515,federal,manual,EXTRACTABLE,,,no,inherited from federal
us-id,SSI-F-POMS-SI-00515,federal,manual,EXTRACTABLE,,,no,inherited from federal
us-il,SSI-F-POMS-SI-00515,federal,manual,EXTRACTABLE,,,no,inherited from federal
us-in,SSI-F-POMS-SI-00515,federal,manual,EXTRACTABLE,,,no,inherited from federal
us-ks,SSI-F-POMS-SI-00515,federal,manual,EXTRACTABLE,,,no,inherited from federal
us-ky,SSI-F-POMS-SI-00515,federal,manual,EXTRACTABLE,,,no,inherited from federal
us-la,SSI-F-POMS-SI-00515,federal,manual,EXTRACTABLE,,,no,inherited from federal
us-ma,SSI-F-POMS-SI-00515,federal,manual,EXTRACTABLE,,,no,inherited from federal
us-md,SSI-F-POMS-SI-00515,federal,manual,EXTRACTABLE,,,no,inherited from federal
us-me,SSI-F-POMS-SI-00515,federal,manual,EXTRACTABLE,,,no,inherited from federal
us-mi,SSI-F-POMS-SI-00515,federal,manual,EXTRACTABLE,,,no,inherited from federal
us-mn,SSI-F-POMS-SI-00515,federal,manual,EXTRACTABLE,,,no,inherited from federal
us-mo,SSI-F-POMS-SI-00515,federal,manual,EXTRACTABLE,,,no,inherited from federal
us-ms,SSI-F-POMS-SI-00515,federal,manual,EXTRACTABLE,,,no,inherited from federal
us-mt,SSI-F-POMS-SI-00515,federal,manual,EXTRACTABLE,,,no,inherited from federal
us-nc,SSI-F-POMS-SI-00515,federal,manual,EXTRACTABLE,,,no,inherited from federal
us-nd,SSI-F-POMS-SI-00515,federal,manual,EXTRACTABLE,,,no,inherited from federal
us-ne,SSI-F-POMS-SI-00515,federal,manual,EXTRACTABLE,,,no,inherited from federal
us-nh,SSI-F-POMS-SI-00515,federal,manual,EXTRACTABLE,,,no,inherited from federal
us-nj,SSI-F-POMS-SI-00515,federal,manual,EXTRACTABLE,,,no,inherited from federal
us-nm,SSI-F-POMS-SI-00515,federal,manual,EXTRACTABLE,,,no,inherited from federal
us-nv,SSI-F-POMS-SI-00515,federal,manual,EXTRACTABLE,,,no,inherited from federal
us-ny,SSI-F-POMS-SI-00515,federal,manual,EXTRACTABLE,,,no,inherited from federal
us-oh,SSI-F-POMS-SI-00515,federal,manual,EXTRACTABLE,,,no,inherited from federal
us-ok,SSI-F-POMS-SI-00515,federal,manual,EXTRACTABLE,,,no,inherited from federal
us-or,SSI-F-POMS-SI-00515,federal,manual,EXTRACTABLE,,,no,inherited from federal
us-pa,SSI-F-POMS-SI-00515,federal,manual,EXTRACTABLE,,,no,inherited from federal
us-ri,SSI-F-POMS-SI-00515,federal,manual,EXTRACTABLE,,,no,inherited from federal
us-sc,SSI-F-POMS-SI-00515,federal,manual,EXTRACTABLE,,,no,inherited from federal
us-sd,SSI-F-POMS-SI-00515,federal,manual,EXTRACTABLE,,,no,inherited from federal
us-tn,SSI-F-POMS-SI-00515,federal,manual,EXTRACTABLE,,,no,inherited from federal
us-tx,SSI-F-POMS-SI-00515,federal,manual,EXTRACTABLE,,,no,inherited from federal
us-ut,SSI-F-POMS-SI-00515,federal,manual,EXTRACTABLE,,,no,inherited from federal
us-va,SSI-F-POMS-SI-00515,federal,manual,EXTRACTABLE,,,no,inherited from federal
us-vt,SSI-F-POMS-SI-00515,federal,manual,EXTRACTABLE,,,no,inherited from federal
us-wa,SSI-F-POMS-SI-00515,federal,manual,EXTRACTABLE,,,no,inherited from federal
us-wi,SSI-F-POMS-SI-00515,federal,manual,EXTRACTABLE,,,no,inherited from federal
us-wv,SSI-F-POMS-SI-00515,federal,manual,EXTRACTABLE,,,no,inherited from federal
us-wy,SSI-F-POMS-SI-00515,federal,manual,EXTRACTABLE,,,no,inherited from federal
us,SSI-F-POMS-SI-00520,federal,manual,PRESENT,2026-09-10-ssi-poms-si,us/manual/ssa/poms/si/00520.000/block-1,partial,38/38 sections taken incl. regional; block bodies opened
us-ak,SSI-F-POMS-SI-00520,federal,manual,PRESENT,2026-09-10-ssi-poms-si,us/manual/ssa/poms/si/00520.000/block-1,partial,inherited from federal
us-al,SSI-F-POMS-SI-00520,federal,manual,PRESENT,2026-09-10-ssi-poms-si,us/manual/ssa/poms/si/00520.000/block-1,partial,inherited from federal
us-ar,SSI-F-POMS-SI-00520,federal,manual,PRESENT,2026-09-10-ssi-poms-si,us/manual/ssa/poms/si/00520.000/block-1,partial,inherited from federal
us-az,SSI-F-POMS-SI-00520,federal,manual,PRESENT,2026-09-10-ssi-poms-si,us/manual/ssa/poms/si/00520.000/block-1,partial,inherited from federal
us-ca,SSI-F-POMS-SI-00520,federal,manual,PRESENT,2026-09-10-ssi-poms-si,us/manual/ssa/poms/si/00520.000/block-1,partial,inherited from federal
us-co,SSI-F-POMS-SI-00520,federal,manual,PRESENT,2026-09-10-ssi-poms-si,us/manual/ssa/poms/si/00520.000/block-1,partial,inherited from federal
us-ct,SSI-F-POMS-SI-00520,federal,manual,PRESENT,2026-09-10-ssi-poms-si,us/manual/ssa/poms/si/00520.000/block-1,partial,inherited from federal
us-dc,SSI-F-POMS-SI-00520,federal,manual,PRESENT,2026-09-10-ssi-poms-si,us/manual/ssa/poms/si/00520.000/block-1,partial,inherited from federal
us-de,SSI-F-POMS-SI-00520,federal,manual,PRESENT,2026-09-10-ssi-poms-si,us/manual/ssa/poms/si/00520.000/block-1,partial,inherited from federal
us-fl,SSI-F-POMS-SI-00520,federal,manual,PRESENT,2026-09-10-ssi-poms-si,us/manual/ssa/poms/si/00520.000/block-1,partial,inherited from federal
us-ga,SSI-F-POMS-SI-00520,federal,manual,PRESENT,2026-09-10-ssi-poms-si,us/manual/ssa/poms/si/00520.000/block-1,partial,inherited from federal
us-hi,SSI-F-POMS-SI-00520,federal,manual,PRESENT,2026-09-10-ssi-poms-si,us/manual/ssa/poms/si/00520.000/block-1,partial,inherited from federal
us-ia,SSI-F-POMS-SI-00520,federal,manual,PRESENT,2026-09-10-ssi-poms-si,us/manual/ssa/poms/si/00520.000/block-1,partial,inherited from federal
us-id,SSI-F-POMS-SI-00520,federal,manual,PRESENT,2026-09-10-ssi-poms-si,us/manual/ssa/poms/si/00520.000/block-1,partial,inherited from federal
us-il,SSI-F-POMS-SI-00520,federal,manual,PRESENT,2026-09-10-ssi-poms-si,us/manual/ssa/poms/si/00520.000/block-1,partial,inherited from federal
us-in,SSI-F-POMS-SI-00520,federal,manual,PRESENT,2026-09-10-ssi-poms-si,us/manual/ssa/poms/si/00520.000/block-1,partial,inherited from federal
us-ks,SSI-F-POMS-SI-00520,federal,manual,PRESENT,2026-09-10-ssi-poms-si,us/manual/ssa/poms/si/00520.000/block-1,partial,inherited from federal
us-ky,SSI-F-POMS-SI-00520,federal,manual,PRESENT,2026-09-10-ssi-poms-si,us/manual/ssa/poms/si/00520.000/block-1,partial,inherited from federal
us-la,SSI-F-POMS-SI-00520,federal,manual,PRESENT,2026-09-10-ssi-poms-si,us/manual/ssa/poms/si/00520.000/block-1,partial,inherited from federal
us-ma,SSI-F-POMS-SI-00520,federal,manual,PRESENT,2026-09-10-ssi-poms-si,us/manual/ssa/poms/si/00520.000/block-1,partial,inherited from federal
us-md,SSI-F-POMS-SI-00520,federal,manual,PRESENT,2026-09-10-ssi-poms-si,us/manual/ssa/poms/si/00520.000/block-1,partial,inherited from federal
us-me,SSI-F-POMS-SI-00520,federal,manual,PRESENT,2026-09-10-ssi-poms-si,us/manual/ssa/poms/si/00520.000/block-1,partial,inherited from federal
us-mi,SSI-F-POMS-SI-00520,federal,manual,PRESENT,2026-09-10-ssi-poms-si,us/manual/ssa/poms/si/00520.000/block-1,partial,inherited from federal
us-mn,SSI-F-POMS-SI-00520,federal,manual,PRESENT,2026-09-10-ssi-poms-si,us/manual/ssa/poms/si/00520.000/block-1,partial,inherited from federal
us-mo,SSI-F-POMS-SI-00520,federal,manual,PRESENT,2026-09-10-ssi-poms-si,us/manual/ssa/poms/si/00520.000/block-1,partial,inherited from federal
us-ms,SSI-F-POMS-SI-00520,federal,manual,PRESENT,2026-09-10-ssi-poms-si,us/manual/ssa/poms/si/00520.000/block-1,partial,inherited from federal
us-mt,SSI-F-POMS-SI-00520,federal,manual,PRESENT,2026-09-10-ssi-poms-si,us/manual/ssa/poms/si/00520.000/block-1,partial,inherited from federal
us-nc,SSI-F-POMS-SI-00520,federal,manual,PRESENT,2026-09-10-ssi-poms-si,us/manual/ssa/poms/si/00520.000/block-1,partial,inherited from federal
us-nd,SSI-F-POMS-SI-00520,federal,manual,PRESENT,2026-09-10-ssi-poms-si,us/manual/ssa/poms/si/00520.000/block-1,partial,inherited from federal
us-ne,SSI-F-POMS-SI-00520,federal,manual,PRESENT,2026-09-10-ssi-poms-si,us/manual/ssa/poms/si/00520.000/block-1,partial,inherited from federal
us-nh,SSI-F-POMS-SI-00520,federal,manual,PRESENT,2026-09-10-ssi-poms-si,us/manual/ssa/poms/si/00520.000/block-1,partial,inherited from federal
us-nj,SSI-F-POMS-SI-00520,federal,manual,PRESENT,2026-09-10-ssi-poms-si,us/manual/ssa/poms/si/00520.000/block-1,partial,inherited from federal
us-nm,SSI-F-POMS-SI-00520,federal,manual,PRESENT,2026-09-10-ssi-poms-si,us/manual/ssa/poms/si/00520.000/block-1,partial,inherited from federal
us-nv,SSI-F-POMS-SI-00520,federal,manual,PRESENT,2026-09-10-ssi-poms-si,us/manual/ssa/poms/si/00520.000/block-1,partial,inherited from federal
us-ny,SSI-F-POMS-SI-00520,federal,manual,PRESENT,2026-09-10-ssi-poms-si,us/manual/ssa/poms/si/00520.000/block-1,partial,inherited from federal
us-oh,SSI-F-POMS-SI-00520,federal,manual,PRESENT,2026-09-10-ssi-poms-si,us/manual/ssa/poms/si/00520.000/block-1,partial,inherited from federal
us-ok,SSI-F-POMS-SI-00520,federal,manual,PRESENT,2026-09-10-ssi-poms-si,us/manual/ssa/poms/si/00520.000/block-1,partial,inherited from federal
us-or,SSI-F-POMS-SI-00520,federal,manual,PRESENT,2026-09-10-ssi-poms-si,us/manual/ssa/poms/si/00520.000/block-1,partial,inherited from federal
us-pa,SSI-F-POMS-SI-00520,federal,manual,PRESENT,2026-09-10-ssi-poms-si,us/manual/ssa/poms/si/00520.000/block-1,partial,inherited from federal
us-ri,SSI-F-POMS-SI-00520,federal,manual,PRESENT,2026-09-10-ssi-poms-si,us/manual/ssa/poms/si/00520.000/block-1,partial,inherited from federal
us-sc,SSI-F-POMS-SI-00520,federal,manual,PRESENT,2026-09-10-ssi-poms-si,us/manual/ssa/poms/si/00520.000/block-1,partial,inherited from federal
us-sd,SSI-F-POMS-SI-00520,federal,manual,PRESENT,2026-09-10-ssi-poms-si,us/manual/ssa/poms/si/00520.000/block-1,partial,inherited from federal
us-tn,SSI-F-POMS-SI-00520,federal,manual,PRESENT,2026-09-10-ssi-poms-si,us/manual/ssa/poms/si/00520.000/block-1,partial,inherited from federal
us-tx,SSI-F-POMS-SI-00520,federal,manual,PRESENT,2026-09-10-ssi-poms-si,us/manual/ssa/poms/si/00520.000/block-1,partial,inherited from federal
us-ut,SSI-F-POMS-SI-00520,federal,manual,PRESENT,2026-09-10-ssi-poms-si,us/manual/ssa/poms/si/00520.000/block-1,partial,inherited from federal
us-va,SSI-F-POMS-SI-00520,federal,manual,PRESENT,2026-09-10-ssi-poms-si,us/manual/ssa/poms/si/00520.000/block-1,partial,inherited from federal
us-vt,SSI-F-POMS-SI-00520,federal,manual,PRESENT,2026-09-10-ssi-poms-si,us/manual/ssa/poms/si/00520.000/block-1,partial,inherited from federal
us-wa,SSI-F-POMS-SI-00520,federal,manual,PRESENT,2026-09-10-ssi-poms-si,us/manual/ssa/poms/si/00520.000/block-1,partial,inherited from federal
us-wi,SSI-F-POMS-SI-00520,federal,manual,PRESENT,2026-09-10-ssi-poms-si,us/manual/ssa/poms/si/00520.000/block-1,partial,inherited from federal
us-wv,SSI-F-POMS-SI-00520,federal,manual,PRESENT,2026-09-10-ssi-poms-si,us/manual/ssa/poms/si/00520.000/block-1,partial,inherited from federal
us-wy,SSI-F-POMS-SI-00520,federal,manual,PRESENT,2026-09-10-ssi-poms-si,us/manual/ssa/poms/si/00520.000/block-1,partial,inherited from federal
us,SSI-F-POMS-SI-00529,federal,manual,EXTRACTABLE,,,no,"listed on https://secure.ssa.gov/apps10/poms.nsf/subchapterlist!openview&restricttocategory=05005 (1 sections); not taken (run note 2026-09-10-ssi-poms-si, judgment 1)"
us-ak,SSI-F-POMS-SI-00529,federal,manual,EXTRACTABLE,,,no,inherited from federal
us-al,SSI-F-POMS-SI-00529,federal,manual,EXTRACTABLE,,,no,inherited from federal
us-ar,SSI-F-POMS-SI-00529,federal,manual,EXTRACTABLE,,,no,inherited from federal
us-az,SSI-F-POMS-SI-00529,federal,manual,EXTRACTABLE,,,no,inherited from federal
us-ca,SSI-F-POMS-SI-00529,federal,manual,EXTRACTABLE,,,no,inherited from federal
us-co,SSI-F-POMS-SI-00529,federal,manual,EXTRACTABLE,,,no,inherited from federal
us-ct,SSI-F-POMS-SI-00529,federal,manual,EXTRACTABLE,,,no,inherited from federal
us-dc,SSI-F-POMS-SI-00529,federal,manual,EXTRACTABLE,,,no,inherited from federal
us-de,SSI-F-POMS-SI-00529,federal,manual,EXTRACTABLE,,,no,inherited from federal
us-fl,SSI-F-POMS-SI-00529,federal,manual,EXTRACTABLE,,,no,inherited from federal
us-ga,SSI-F-POMS-SI-00529,federal,manual,EXTRACTABLE,,,no,inherited from federal
us-hi,SSI-F-POMS-SI-00529,federal,manual,EXTRACTABLE,,,no,inherited from federal
us-ia,SSI-F-POMS-SI-00529,federal,manual,EXTRACTABLE,,,no,inherited from federal
us-id,SSI-F-POMS-SI-00529,federal,manual,EXTRACTABLE,,,no,inherited from federal
us-il,SSI-F-POMS-SI-00529,federal,manual,EXTRACTABLE,,,no,inherited from federal
us-in,SSI-F-POMS-SI-00529,federal,manual,EXTRACTABLE,,,no,inherited from federal
us-ks,SSI-F-POMS-SI-00529,federal,manual,EXTRACTABLE,,,no,inherited from federal
us-ky,SSI-F-POMS-SI-00529,federal,manual,EXTRACTABLE,,,no,inherited from federal
us-la,SSI-F-POMS-SI-00529,federal,manual,EXTRACTABLE,,,no,inherited from federal
us-ma,SSI-F-POMS-SI-00529,federal,manual,EXTRACTABLE,,,no,inherited from federal
us-md,SSI-F-POMS-SI-00529,federal,manual,EXTRACTABLE,,,no,inherited from federal
us-me,SSI-F-POMS-SI-00529,federal,manual,EXTRACTABLE,,,no,inherited from federal
us-mi,SSI-F-POMS-SI-00529,federal,manual,EXTRACTABLE,,,no,inherited from federal
us-mn,SSI-F-POMS-SI-00529,federal,manual,EXTRACTABLE,,,no,inherited from federal
us-mo,SSI-F-POMS-SI-00529,federal,manual,EXTRACTABLE,,,no,inherited from federal
us-ms,SSI-F-POMS-SI-00529,federal,manual,EXTRACTABLE,,,no,inherited from federal
us-mt,SSI-F-POMS-SI-00529,federal,manual,EXTRACTABLE,,,no,inherited from federal
us-nc,SSI-F-POMS-SI-00529,federal,manual,EXTRACTABLE,,,no,inherited from federal
us-nd,SSI-F-POMS-SI-00529,federal,manual,EXTRACTABLE,,,no,inherited from federal
us-ne,SSI-F-POMS-SI-00529,federal,manual,EXTRACTABLE,,,no,inherited from federal
us-nh,SSI-F-POMS-SI-00529,federal,manual,EXTRACTABLE,,,no,inherited from federal
us-nj,SSI-F-POMS-SI-00529,federal,manual,EXTRACTABLE,,,no,inherited from federal
us-nm,SSI-F-POMS-SI-00529,federal,manual,EXTRACTABLE,,,no,inherited from federal
us-nv,SSI-F-POMS-SI-00529,federal,manual,EXTRACTABLE,,,no,inherited from federal
us-ny,SSI-F-POMS-SI-00529,federal,manual,EXTRACTABLE,,,no,inherited from federal
us-oh,SSI-F-POMS-SI-00529,federal,manual,EXTRACTABLE,,,no,inherited from federal
us-ok,SSI-F-POMS-SI-00529,federal,manual,EXTRACTABLE,,,no,inherited from federal
us-or,SSI-F-POMS-SI-00529,federal,manual,EXTRACTABLE,,,no,inherited from federal
us-pa,SSI-F-POMS-SI-00529,federal,manual,EXTRACTABLE,,,no,inherited from federal
us-ri,SSI-F-POMS-SI-00529,federal,manual,EXTRACTABLE,,,no,inherited from federal
us-sc,SSI-F-POMS-SI-00529,federal,manual,EXTRACTABLE,,,no,inherited from federal
us-sd,SSI-F-POMS-SI-00529,federal,manual,EXTRACTABLE,,,no,inherited from federal
us-tn,SSI-F-POMS-SI-00529,federal,manual,EXTRACTABLE,,,no,inherited from federal
us-tx,SSI-F-POMS-SI-00529,federal,manual,EXTRACTABLE,,,no,inherited from federal
us-ut,SSI-F-POMS-SI-00529,federal,manual,EXTRACTABLE,,,no,inherited from federal
us-va,SSI-F-POMS-SI-00529,federal,manual,EXTRACTABLE,,,no,inherited from federal
us-vt,SSI-F-POMS-SI-00529,federal,manual,EXTRACTABLE,,,no,inherited from federal
us-wa,SSI-F-POMS-SI-00529,federal,manual,EXTRACTABLE,,,no,inherited from federal
us-wi,SSI-F-POMS-SI-00529,federal,manual,EXTRACTABLE,,,no,inherited from federal
us-wv,SSI-F-POMS-SI-00529,federal,manual,EXTRACTABLE,,,no,inherited from federal
us-wy,SSI-F-POMS-SI-00529,federal,manual,EXTRACTABLE,,,no,inherited from federal
us,SSI-F-POMS-SI-00530,federal,manual,EXTRACTABLE,,,no,"listed on https://secure.ssa.gov/apps10/poms.nsf/subchapterlist!openview&restricttocategory=05005 (41 sections); not taken (run note 2026-09-10-ssi-poms-si, judgment 1)"
us-ak,SSI-F-POMS-SI-00530,federal,manual,EXTRACTABLE,,,no,inherited from federal
us-al,SSI-F-POMS-SI-00530,federal,manual,EXTRACTABLE,,,no,inherited from federal
us-ar,SSI-F-POMS-SI-00530,federal,manual,EXTRACTABLE,,,no,inherited from federal
us-az,SSI-F-POMS-SI-00530,federal,manual,EXTRACTABLE,,,no,inherited from federal
us-ca,SSI-F-POMS-SI-00530,federal,manual,EXTRACTABLE,,,no,inherited from federal
us-co,SSI-F-POMS-SI-00530,federal,manual,EXTRACTABLE,,,no,inherited from federal
us-ct,SSI-F-POMS-SI-00530,federal,manual,EXTRACTABLE,,,no,inherited from federal
us-dc,SSI-F-POMS-SI-00530,federal,manual,EXTRACTABLE,,,no,inherited from federal
us-de,SSI-F-POMS-SI-00530,federal,manual,EXTRACTABLE,,,no,inherited from federal
us-fl,SSI-F-POMS-SI-00530,federal,manual,EXTRACTABLE,,,no,inherited from federal
us-ga,SSI-F-POMS-SI-00530,federal,manual,EXTRACTABLE,,,no,inherited from federal
us-hi,SSI-F-POMS-SI-00530,federal,manual,EXTRACTABLE,,,no,inherited from federal
us-ia,SSI-F-POMS-SI-00530,federal,manual,EXTRACTABLE,,,no,inherited from federal
us-id,SSI-F-POMS-SI-00530,federal,manual,EXTRACTABLE,,,no,inherited from federal
us-il,SSI-F-POMS-SI-00530,federal,manual,EXTRACTABLE,,,no,inherited from federal
us-in,SSI-F-POMS-SI-00530,federal,manual,EXTRACTABLE,,,no,inherited from federal
us-ks,SSI-F-POMS-SI-00530,federal,manual,EXTRACTABLE,,,no,inherited from federal
us-ky,SSI-F-POMS-SI-00530,federal,manual,EXTRACTABLE,,,no,inherited from federal
us-la,SSI-F-POMS-SI-00530,federal,manual,EXTRACTABLE,,,no,inherited from federal
us-ma,SSI-F-POMS-SI-00530,federal,manual,EXTRACTABLE,,,no,inherited from federal
us-md,SSI-F-POMS-SI-00530,federal,manual,EXTRACTABLE,,,no,inherited from federal
us-me,SSI-F-POMS-SI-00530,federal,manual,EXTRACTABLE,,,no,inherited from federal
us-mi,SSI-F-POMS-SI-00530,federal,manual,EXTRACTABLE,,,no,inherited from federal
us-mn,SSI-F-POMS-SI-00530,federal,manual,EXTRACTABLE,,,no,inherited from federal
us-mo,SSI-F-POMS-SI-00530,federal,manual,EXTRACTABLE,,,no,inherited from federal
us-ms,SSI-F-POMS-SI-00530,federal,manual,EXTRACTABLE,,,no,inherited from federal
us-mt,SSI-F-POMS-SI-00530,federal,manual,EXTRACTABLE,,,no,inherited from federal
us-nc,SSI-F-POMS-SI-00530,federal,manual,EXTRACTABLE,,,no,inherited from federal
us-nd,SSI-F-POMS-SI-00530,federal,manual,EXTRACTABLE,,,no,inherited from federal
us-ne,SSI-F-POMS-SI-00530,federal,manual,EXTRACTABLE,,,no,inherited from federal
us-nh,SSI-F-POMS-SI-00530,federal,manual,EXTRACTABLE,,,no,inherited from federal
us-nj,SSI-F-POMS-SI-00530,federal,manual,EXTRACTABLE,,,no,inherited from federal
us-nm,SSI-F-POMS-SI-00530,federal,manual,EXTRACTABLE,,,no,inherited from federal
us-nv,SSI-F-POMS-SI-00530,federal,manual,EXTRACTABLE,,,no,inherited from federal
us-ny,SSI-F-POMS-SI-00530,federal,manual,EXTRACTABLE,,,no,inherited from federal
us-oh,SSI-F-POMS-SI-00530,federal,manual,EXTRACTABLE,,,no,inherited from federal
us-ok,SSI-F-POMS-SI-00530,federal,manual,EXTRACTABLE,,,no,inherited from federal
us-or,SSI-F-POMS-SI-00530,federal,manual,EXTRACTABLE,,,no,inherited from federal
us-pa,SSI-F-POMS-SI-00530,federal,manual,EXTRACTABLE,,,no,inherited from federal
us-ri,SSI-F-POMS-SI-00530,federal,manual,EXTRACTABLE,,,no,inherited from federal
us-sc,SSI-F-POMS-SI-00530,federal,manual,EXTRACTABLE,,,no,inherited from federal
us-sd,SSI-F-POMS-SI-00530,federal,manual,EXTRACTABLE,,,no,inherited from federal
us-tn,SSI-F-POMS-SI-00530,federal,manual,EXTRACTABLE,,,no,inherited from federal
us-tx,SSI-F-POMS-SI-00530,federal,manual,EXTRACTABLE,,,no,inherited from federal
us-ut,SSI-F-POMS-SI-00530,federal,manual,EXTRACTABLE,,,no,inherited from federal
us-va,SSI-F-POMS-SI-00530,federal,manual,EXTRACTABLE,,,no,inherited from federal
us-vt,SSI-F-POMS-SI-00530,federal,manual,EXTRACTABLE,,,no,inherited from federal
us-wa,SSI-F-POMS-SI-00530,federal,manual,EXTRACTABLE,,,no,inherited from federal
us-wi,SSI-F-POMS-SI-00530,federal,manual,EXTRACTABLE,,,no,inherited from federal
us-wv,SSI-F-POMS-SI-00530,federal,manual,EXTRACTABLE,,,no,inherited from federal
us-wy,SSI-F-POMS-SI-00530,federal,manual,EXTRACTABLE,,,no,inherited from federal
us,SSI-F-POMS-SI-00600,federal,manual,EXTRACTABLE,,,no,"listed on https://secure.ssa.gov/apps10/poms.nsf/subchapterlist!openview&restricttocategory=05006 (1 sections); not taken (run note 2026-09-10-ssi-poms-si, judgment 1)"
us-ak,SSI-F-POMS-SI-00600,federal,manual,EXTRACTABLE,,,no,inherited from federal
us-al,SSI-F-POMS-SI-00600,federal,manual,EXTRACTABLE,,,no,inherited from federal
us-ar,SSI-F-POMS-SI-00600,federal,manual,EXTRACTABLE,,,no,inherited from federal
us-az,SSI-F-POMS-SI-00600,federal,manual,EXTRACTABLE,,,no,inherited from federal
us-ca,SSI-F-POMS-SI-00600,federal,manual,EXTRACTABLE,,,no,inherited from federal
us-co,SSI-F-POMS-SI-00600,federal,manual,EXTRACTABLE,,,no,inherited from federal
us-ct,SSI-F-POMS-SI-00600,federal,manual,EXTRACTABLE,,,no,inherited from federal
us-dc,SSI-F-POMS-SI-00600,federal,manual,EXTRACTABLE,,,no,inherited from federal
us-de,SSI-F-POMS-SI-00600,federal,manual,EXTRACTABLE,,,no,inherited from federal
us-fl,SSI-F-POMS-SI-00600,federal,manual,EXTRACTABLE,,,no,inherited from federal
us-ga,SSI-F-POMS-SI-00600,federal,manual,EXTRACTABLE,,,no,inherited from federal
us-hi,SSI-F-POMS-SI-00600,federal,manual,EXTRACTABLE,,,no,inherited from federal
us-ia,SSI-F-POMS-SI-00600,federal,manual,EXTRACTABLE,,,no,inherited from federal
us-id,SSI-F-POMS-SI-00600,federal,manual,EXTRACTABLE,,,no,inherited from federal
us-il,SSI-F-POMS-SI-00600,federal,manual,EXTRACTABLE,,,no,inherited from federal
us-in,SSI-F-POMS-SI-00600,federal,manual,EXTRACTABLE,,,no,inherited from federal
us-ks,SSI-F-POMS-SI-00600,federal,manual,EXTRACTABLE,,,no,inherited from federal
us-ky,SSI-F-POMS-SI-00600,federal,manual,EXTRACTABLE,,,no,inherited from federal
us-la,SSI-F-POMS-SI-00600,federal,manual,EXTRACTABLE,,,no,inherited from federal
us-ma,SSI-F-POMS-SI-00600,federal,manual,EXTRACTABLE,,,no,inherited from federal
us-md,SSI-F-POMS-SI-00600,federal,manual,EXTRACTABLE,,,no,inherited from federal
us-me,SSI-F-POMS-SI-00600,federal,manual,EXTRACTABLE,,,no,inherited from federal
us-mi,SSI-F-POMS-SI-00600,federal,manual,EXTRACTABLE,,,no,inherited from federal
us-mn,SSI-F-POMS-SI-00600,federal,manual,EXTRACTABLE,,,no,inherited from federal
us-mo,SSI-F-POMS-SI-00600,federal,manual,EXTRACTABLE,,,no,inherited from federal
us-ms,SSI-F-POMS-SI-00600,federal,manual,EXTRACTABLE,,,no,inherited from federal
us-mt,SSI-F-POMS-SI-00600,federal,manual,EXTRACTABLE,,,no,inherited from federal
us-nc,SSI-F-POMS-SI-00600,federal,manual,EXTRACTABLE,,,no,inherited from federal
us-nd,SSI-F-POMS-SI-00600,federal,manual,EXTRACTABLE,,,no,inherited from federal
us-ne,SSI-F-POMS-SI-00600,federal,manual,EXTRACTABLE,,,no,inherited from federal
us-nh,SSI-F-POMS-SI-00600,federal,manual,EXTRACTABLE,,,no,inherited from federal
us-nj,SSI-F-POMS-SI-00600,federal,manual,EXTRACTABLE,,,no,inherited from federal
us-nm,SSI-F-POMS-SI-00600,federal,manual,EXTRACTABLE,,,no,inherited from federal
us-nv,SSI-F-POMS-SI-00600,federal,manual,EXTRACTABLE,,,no,inherited from federal
us-ny,SSI-F-POMS-SI-00600,federal,manual,EXTRACTABLE,,,no,inherited from federal
us-oh,SSI-F-POMS-SI-00600,federal,manual,EXTRACTABLE,,,no,inherited from federal
us-ok,SSI-F-POMS-SI-00600,federal,manual,EXTRACTABLE,,,no,inherited from federal
us-or,SSI-F-POMS-SI-00600,federal,manual,EXTRACTABLE,,,no,inherited from federal
us-pa,SSI-F-POMS-SI-00600,federal,manual,EXTRACTABLE,,,no,inherited from federal
us-ri,SSI-F-POMS-SI-00600,federal,manual,EXTRACTABLE,,,no,inherited from federal
us-sc,SSI-F-POMS-SI-00600,federal,manual,EXTRACTABLE,,,no,inherited from federal
us-sd,SSI-F-POMS-SI-00600,federal,manual,EXTRACTABLE,,,no,inherited from federal
us-tn,SSI-F-POMS-SI-00600,federal,manual,EXTRACTABLE,,,no,inherited from federal
us-tx,SSI-F-POMS-SI-00600,federal,manual,EXTRACTABLE,,,no,inherited from federal
us-ut,SSI-F-POMS-SI-00600,federal,manual,EXTRACTABLE,,,no,inherited from federal
us-va,SSI-F-POMS-SI-00600,federal,manual,EXTRACTABLE,,,no,inherited from federal
us-vt,SSI-F-POMS-SI-00600,federal,manual,EXTRACTABLE,,,no,inherited from federal
us-wa,SSI-F-POMS-SI-00600,federal,manual,EXTRACTABLE,,,no,inherited from federal
us-wi,SSI-F-POMS-SI-00600,federal,manual,EXTRACTABLE,,,no,inherited from federal
us-wv,SSI-F-POMS-SI-00600,federal,manual,EXTRACTABLE,,,no,inherited from federal
us-wy,SSI-F-POMS-SI-00600,federal,manual,EXTRACTABLE,,,no,inherited from federal
us,SSI-F-POMS-SI-00601,federal,manual,EXTRACTABLE,,,no,"listed on https://secure.ssa.gov/apps10/poms.nsf/subchapterlist!openview&restricttocategory=05006 (15 sections); not taken (run note 2026-09-10-ssi-poms-si, judgment 1)"
us-ak,SSI-F-POMS-SI-00601,federal,manual,EXTRACTABLE,,,no,inherited from federal
us-al,SSI-F-POMS-SI-00601,federal,manual,EXTRACTABLE,,,no,inherited from federal
us-ar,SSI-F-POMS-SI-00601,federal,manual,EXTRACTABLE,,,no,inherited from federal
us-az,SSI-F-POMS-SI-00601,federal,manual,EXTRACTABLE,,,no,inherited from federal
us-ca,SSI-F-POMS-SI-00601,federal,manual,EXTRACTABLE,,,no,inherited from federal
us-co,SSI-F-POMS-SI-00601,federal,manual,EXTRACTABLE,,,no,inherited from federal
us-ct,SSI-F-POMS-SI-00601,federal,manual,EXTRACTABLE,,,no,inherited from federal
us-dc,SSI-F-POMS-SI-00601,federal,manual,EXTRACTABLE,,,no,inherited from federal
us-de,SSI-F-POMS-SI-00601,federal,manual,EXTRACTABLE,,,no,inherited from federal
us-fl,SSI-F-POMS-SI-00601,federal,manual,EXTRACTABLE,,,no,inherited from federal
us-ga,SSI-F-POMS-SI-00601,federal,manual,EXTRACTABLE,,,no,inherited from federal
us-hi,SSI-F-POMS-SI-00601,federal,manual,EXTRACTABLE,,,no,inherited from federal
us-ia,SSI-F-POMS-SI-00601,federal,manual,EXTRACTABLE,,,no,inherited from federal
us-id,SSI-F-POMS-SI-00601,federal,manual,EXTRACTABLE,,,no,inherited from federal
us-il,SSI-F-POMS-SI-00601,federal,manual,EXTRACTABLE,,,no,inherited from federal
us-in,SSI-F-POMS-SI-00601,federal,manual,EXTRACTABLE,,,no,inherited from federal
us-ks,SSI-F-POMS-SI-00601,federal,manual,EXTRACTABLE,,,no,inherited from federal
us-ky,SSI-F-POMS-SI-00601,federal,manual,EXTRACTABLE,,,no,inherited from federal
us-la,SSI-F-POMS-SI-00601,federal,manual,EXTRACTABLE,,,no,inherited from federal
us-ma,SSI-F-POMS-SI-00601,federal,manual,EXTRACTABLE,,,no,inherited from federal
us-md,SSI-F-POMS-SI-00601,federal,manual,EXTRACTABLE,,,no,inherited from federal
us-me,SSI-F-POMS-SI-00601,federal,manual,EXTRACTABLE,,,no,inherited from federal
us-mi,SSI-F-POMS-SI-00601,federal,manual,EXTRACTABLE,,,no,inherited from federal
us-mn,SSI-F-POMS-SI-00601,federal,manual,EXTRACTABLE,,,no,inherited from federal
us-mo,SSI-F-POMS-SI-00601,federal,manual,EXTRACTABLE,,,no,inherited from federal
us-ms,SSI-F-POMS-SI-00601,federal,manual,EXTRACTABLE,,,no,inherited from federal
us-mt,SSI-F-POMS-SI-00601,federal,manual,EXTRACTABLE,,,no,inherited from federal
us-nc,SSI-F-POMS-SI-00601,federal,manual,EXTRACTABLE,,,no,inherited from federal
us-nd,SSI-F-POMS-SI-00601,federal,manual,EXTRACTABLE,,,no,inherited from federal
us-ne,SSI-F-POMS-SI-00601,federal,manual,EXTRACTABLE,,,no,inherited from federal
us-nh,SSI-F-POMS-SI-00601,federal,manual,EXTRACTABLE,,,no,inherited from federal
us-nj,SSI-F-POMS-SI-00601,federal,manual,EXTRACTABLE,,,no,inherited from federal
us-nm,SSI-F-POMS-SI-00601,federal,manual,EXTRACTABLE,,,no,inherited from federal
us-nv,SSI-F-POMS-SI-00601,federal,manual,EXTRACTABLE,,,no,inherited from federal
us-ny,SSI-F-POMS-SI-00601,federal,manual,EXTRACTABLE,,,no,inherited from federal
us-oh,SSI-F-POMS-SI-00601,federal,manual,EXTRACTABLE,,,no,inherited from federal
us-ok,SSI-F-POMS-SI-00601,federal,manual,EXTRACTABLE,,,no,inherited from federal
us-or,SSI-F-POMS-SI-00601,federal,manual,EXTRACTABLE,,,no,inherited from federal
us-pa,SSI-F-POMS-SI-00601,federal,manual,EXTRACTABLE,,,no,inherited from federal
us-ri,SSI-F-POMS-SI-00601,federal,manual,EXTRACTABLE,,,no,inherited from federal
us-sc,SSI-F-POMS-SI-00601,federal,manual,EXTRACTABLE,,,no,inherited from federal
us-sd,SSI-F-POMS-SI-00601,federal,manual,EXTRACTABLE,,,no,inherited from federal
us-tn,SSI-F-POMS-SI-00601,federal,manual,EXTRACTABLE,,,no,inherited from federal
us-tx,SSI-F-POMS-SI-00601,federal,manual,EXTRACTABLE,,,no,inherited from federal
us-ut,SSI-F-POMS-SI-00601,federal,manual,EXTRACTABLE,,,no,inherited from federal
us-va,SSI-F-POMS-SI-00601,federal,manual,EXTRACTABLE,,,no,inherited from federal
us-vt,SSI-F-POMS-SI-00601,federal,manual,EXTRACTABLE,,,no,inherited from federal
us-wa,SSI-F-POMS-SI-00601,federal,manual,EXTRACTABLE,,,no,inherited from federal
us-wi,SSI-F-POMS-SI-00601,federal,manual,EXTRACTABLE,,,no,inherited from federal
us-wv,SSI-F-POMS-SI-00601,federal,manual,EXTRACTABLE,,,no,inherited from federal
us-wy,SSI-F-POMS-SI-00601,federal,manual,EXTRACTABLE,,,no,inherited from federal
us,SSI-F-POMS-SI-00602,federal,manual,EXTRACTABLE,,,no,"listed on https://secure.ssa.gov/apps10/poms.nsf/subchapterlist!openview&restricttocategory=05006 (7 sections); not taken (run note 2026-09-10-ssi-poms-si, judgment 1)"
us-ak,SSI-F-POMS-SI-00602,federal,manual,EXTRACTABLE,,,no,inherited from federal
us-al,SSI-F-POMS-SI-00602,federal,manual,EXTRACTABLE,,,no,inherited from federal
us-ar,SSI-F-POMS-SI-00602,federal,manual,EXTRACTABLE,,,no,inherited from federal
us-az,SSI-F-POMS-SI-00602,federal,manual,EXTRACTABLE,,,no,inherited from federal
us-ca,SSI-F-POMS-SI-00602,federal,manual,EXTRACTABLE,,,no,inherited from federal
us-co,SSI-F-POMS-SI-00602,federal,manual,EXTRACTABLE,,,no,inherited from federal
us-ct,SSI-F-POMS-SI-00602,federal,manual,EXTRACTABLE,,,no,inherited from federal
us-dc,SSI-F-POMS-SI-00602,federal,manual,EXTRACTABLE,,,no,inherited from federal
us-de,SSI-F-POMS-SI-00602,federal,manual,EXTRACTABLE,,,no,inherited from federal
us-fl,SSI-F-POMS-SI-00602,federal,manual,EXTRACTABLE,,,no,inherited from federal
us-ga,SSI-F-POMS-SI-00602,federal,manual,EXTRACTABLE,,,no,inherited from federal
us-hi,SSI-F-POMS-SI-00602,federal,manual,EXTRACTABLE,,,no,inherited from federal
us-ia,SSI-F-POMS-SI-00602,federal,manual,EXTRACTABLE,,,no,inherited from federal
us-id,SSI-F-POMS-SI-00602,federal,manual,EXTRACTABLE,,,no,inherited from federal
us-il,SSI-F-POMS-SI-00602,federal,manual,EXTRACTABLE,,,no,inherited from federal
us-in,SSI-F-POMS-SI-00602,federal,manual,EXTRACTABLE,,,no,inherited from federal
us-ks,SSI-F-POMS-SI-00602,federal,manual,EXTRACTABLE,,,no,inherited from federal
us-ky,SSI-F-POMS-SI-00602,federal,manual,EXTRACTABLE,,,no,inherited from federal
us-la,SSI-F-POMS-SI-00602,federal,manual,EXTRACTABLE,,,no,inherited from federal
us-ma,SSI-F-POMS-SI-00602,federal,manual,EXTRACTABLE,,,no,inherited from federal
us-md,SSI-F-POMS-SI-00602,federal,manual,EXTRACTABLE,,,no,inherited from federal
us-me,SSI-F-POMS-SI-00602,federal,manual,EXTRACTABLE,,,no,inherited from federal
us-mi,SSI-F-POMS-SI-00602,federal,manual,EXTRACTABLE,,,no,inherited from federal
us-mn,SSI-F-POMS-SI-00602,federal,manual,EXTRACTABLE,,,no,inherited from federal
us-mo,SSI-F-POMS-SI-00602,federal,manual,EXTRACTABLE,,,no,inherited from federal
us-ms,SSI-F-POMS-SI-00602,federal,manual,EXTRACTABLE,,,no,inherited from federal
us-mt,SSI-F-POMS-SI-00602,federal,manual,EXTRACTABLE,,,no,inherited from federal
us-nc,SSI-F-POMS-SI-00602,federal,manual,EXTRACTABLE,,,no,inherited from federal
us-nd,SSI-F-POMS-SI-00602,federal,manual,EXTRACTABLE,,,no,inherited from federal
us-ne,SSI-F-POMS-SI-00602,federal,manual,EXTRACTABLE,,,no,inherited from federal
us-nh,SSI-F-POMS-SI-00602,federal,manual,EXTRACTABLE,,,no,inherited from federal
us-nj,SSI-F-POMS-SI-00602,federal,manual,EXTRACTABLE,,,no,inherited from federal
us-nm,SSI-F-POMS-SI-00602,federal,manual,EXTRACTABLE,,,no,inherited from federal
us-nv,SSI-F-POMS-SI-00602,federal,manual,EXTRACTABLE,,,no,inherited from federal
us-ny,SSI-F-POMS-SI-00602,federal,manual,EXTRACTABLE,,,no,inherited from federal
us-oh,SSI-F-POMS-SI-00602,federal,manual,EXTRACTABLE,,,no,inherited from federal
us-ok,SSI-F-POMS-SI-00602,federal,manual,EXTRACTABLE,,,no,inherited from federal
us-or,SSI-F-POMS-SI-00602,federal,manual,EXTRACTABLE,,,no,inherited from federal
us-pa,SSI-F-POMS-SI-00602,federal,manual,EXTRACTABLE,,,no,inherited from federal
us-ri,SSI-F-POMS-SI-00602,federal,manual,EXTRACTABLE,,,no,inherited from federal
us-sc,SSI-F-POMS-SI-00602,federal,manual,EXTRACTABLE,,,no,inherited from federal
us-sd,SSI-F-POMS-SI-00602,federal,manual,EXTRACTABLE,,,no,inherited from federal
us-tn,SSI-F-POMS-SI-00602,federal,manual,EXTRACTABLE,,,no,inherited from federal
us-tx,SSI-F-POMS-SI-00602,federal,manual,EXTRACTABLE,,,no,inherited from federal
us-ut,SSI-F-POMS-SI-00602,federal,manual,EXTRACTABLE,,,no,inherited from federal
us-va,SSI-F-POMS-SI-00602,federal,manual,EXTRACTABLE,,,no,inherited from federal
us-vt,SSI-F-POMS-SI-00602,federal,manual,EXTRACTABLE,,,no,inherited from federal
us-wa,SSI-F-POMS-SI-00602,federal,manual,EXTRACTABLE,,,no,inherited from federal
us-wi,SSI-F-POMS-SI-00602,federal,manual,EXTRACTABLE,,,no,inherited from federal
us-wv,SSI-F-POMS-SI-00602,federal,manual,EXTRACTABLE,,,no,inherited from federal
us-wy,SSI-F-POMS-SI-00602,federal,manual,EXTRACTABLE,,,no,inherited from federal
us,SSI-F-POMS-SI-00603,federal,manual,EXTRACTABLE,,,no,"listed on https://secure.ssa.gov/apps10/poms.nsf/subchapterlist!openview&restricttocategory=05006 (17 sections); not taken (run note 2026-09-10-ssi-poms-si, judgment 1)"
us-ak,SSI-F-POMS-SI-00603,federal,manual,EXTRACTABLE,,,no,inherited from federal
us-al,SSI-F-POMS-SI-00603,federal,manual,EXTRACTABLE,,,no,inherited from federal
us-ar,SSI-F-POMS-SI-00603,federal,manual,EXTRACTABLE,,,no,inherited from federal
us-az,SSI-F-POMS-SI-00603,federal,manual,EXTRACTABLE,,,no,inherited from federal
us-ca,SSI-F-POMS-SI-00603,federal,manual,EXTRACTABLE,,,no,inherited from federal
us-co,SSI-F-POMS-SI-00603,federal,manual,EXTRACTABLE,,,no,inherited from federal
us-ct,SSI-F-POMS-SI-00603,federal,manual,EXTRACTABLE,,,no,inherited from federal
us-dc,SSI-F-POMS-SI-00603,federal,manual,EXTRACTABLE,,,no,inherited from federal
us-de,SSI-F-POMS-SI-00603,federal,manual,EXTRACTABLE,,,no,inherited from federal
us-fl,SSI-F-POMS-SI-00603,federal,manual,EXTRACTABLE,,,no,inherited from federal
us-ga,SSI-F-POMS-SI-00603,federal,manual,EXTRACTABLE,,,no,inherited from federal
us-hi,SSI-F-POMS-SI-00603,federal,manual,EXTRACTABLE,,,no,inherited from federal
us-ia,SSI-F-POMS-SI-00603,federal,manual,EXTRACTABLE,,,no,inherited from federal
us-id,SSI-F-POMS-SI-00603,federal,manual,EXTRACTABLE,,,no,inherited from federal
us-il,SSI-F-POMS-SI-00603,federal,manual,EXTRACTABLE,,,no,inherited from federal
us-in,SSI-F-POMS-SI-00603,federal,manual,EXTRACTABLE,,,no,inherited from federal
us-ks,SSI-F-POMS-SI-00603,federal,manual,EXTRACTABLE,,,no,inherited from federal
us-ky,SSI-F-POMS-SI-00603,federal,manual,EXTRACTABLE,,,no,inherited from federal
us-la,SSI-F-POMS-SI-00603,federal,manual,EXTRACTABLE,,,no,inherited from federal
us-ma,SSI-F-POMS-SI-00603,federal,manual,EXTRACTABLE,,,no,inherited from federal
us-md,SSI-F-POMS-SI-00603,federal,manual,EXTRACTABLE,,,no,inherited from federal
us-me,SSI-F-POMS-SI-00603,federal,manual,EXTRACTABLE,,,no,inherited from federal
us-mi,SSI-F-POMS-SI-00603,federal,manual,EXTRACTABLE,,,no,inherited from federal
us-mn,SSI-F-POMS-SI-00603,federal,manual,EXTRACTABLE,,,no,inherited from federal
us-mo,SSI-F-POMS-SI-00603,federal,manual,EXTRACTABLE,,,no,inherited from federal
us-ms,SSI-F-POMS-SI-00603,federal,manual,EXTRACTABLE,,,no,inherited from federal
us-mt,SSI-F-POMS-SI-00603,federal,manual,EXTRACTABLE,,,no,inherited from federal
us-nc,SSI-F-POMS-SI-00603,federal,manual,EXTRACTABLE,,,no,inherited from federal
us-nd,SSI-F-POMS-SI-00603,federal,manual,EXTRACTABLE,,,no,inherited from federal
us-ne,SSI-F-POMS-SI-00603,federal,manual,EXTRACTABLE,,,no,inherited from federal
us-nh,SSI-F-POMS-SI-00603,federal,manual,EXTRACTABLE,,,no,inherited from federal
us-nj,SSI-F-POMS-SI-00603,federal,manual,EXTRACTABLE,,,no,inherited from federal
us-nm,SSI-F-POMS-SI-00603,federal,manual,EXTRACTABLE,,,no,inherited from federal
us-nv,SSI-F-POMS-SI-00603,federal,manual,EXTRACTABLE,,,no,inherited from federal
us-ny,SSI-F-POMS-SI-00603,federal,manual,EXTRACTABLE,,,no,inherited from federal
us-oh,SSI-F-POMS-SI-00603,federal,manual,EXTRACTABLE,,,no,inherited from federal
us-ok,SSI-F-POMS-SI-00603,federal,manual,EXTRACTABLE,,,no,inherited from federal
us-or,SSI-F-POMS-SI-00603,federal,manual,EXTRACTABLE,,,no,inherited from federal
us-pa,SSI-F-POMS-SI-00603,federal,manual,EXTRACTABLE,,,no,inherited from federal
us-ri,SSI-F-POMS-SI-00603,federal,manual,EXTRACTABLE,,,no,inherited from federal
us-sc,SSI-F-POMS-SI-00603,federal,manual,EXTRACTABLE,,,no,inherited from federal
us-sd,SSI-F-POMS-SI-00603,federal,manual,EXTRACTABLE,,,no,inherited from federal
us-tn,SSI-F-POMS-SI-00603,federal,manual,EXTRACTABLE,,,no,inherited from federal
us-tx,SSI-F-POMS-SI-00603,federal,manual,EXTRACTABLE,,,no,inherited from federal
us-ut,SSI-F-POMS-SI-00603,federal,manual,EXTRACTABLE,,,no,inherited from federal
us-va,SSI-F-POMS-SI-00603,federal,manual,EXTRACTABLE,,,no,inherited from federal
us-vt,SSI-F-POMS-SI-00603,federal,manual,EXTRACTABLE,,,no,inherited from federal
us-wa,SSI-F-POMS-SI-00603,federal,manual,EXTRACTABLE,,,no,inherited from federal
us-wi,SSI-F-POMS-SI-00603,federal,manual,EXTRACTABLE,,,no,inherited from federal
us-wv,SSI-F-POMS-SI-00603,federal,manual,EXTRACTABLE,,,no,inherited from federal
us-wy,SSI-F-POMS-SI-00603,federal,manual,EXTRACTABLE,,,no,inherited from federal
us,SSI-F-POMS-SI-00604,federal,manual,EXTRACTABLE,,,no,"listed on https://secure.ssa.gov/apps10/poms.nsf/subchapterlist!openview&restricttocategory=05006 (80 sections); not taken (run note 2026-09-10-ssi-poms-si, judgment 1)"
us-ak,SSI-F-POMS-SI-00604,federal,manual,EXTRACTABLE,,,no,inherited from federal
us-al,SSI-F-POMS-SI-00604,federal,manual,EXTRACTABLE,,,no,inherited from federal
us-ar,SSI-F-POMS-SI-00604,federal,manual,EXTRACTABLE,,,no,inherited from federal
us-az,SSI-F-POMS-SI-00604,federal,manual,EXTRACTABLE,,,no,inherited from federal
us-ca,SSI-F-POMS-SI-00604,federal,manual,EXTRACTABLE,,,no,inherited from federal
us-co,SSI-F-POMS-SI-00604,federal,manual,EXTRACTABLE,,,no,inherited from federal
us-ct,SSI-F-POMS-SI-00604,federal,manual,EXTRACTABLE,,,no,inherited from federal
us-dc,SSI-F-POMS-SI-00604,federal,manual,EXTRACTABLE,,,no,inherited from federal
us-de,SSI-F-POMS-SI-00604,federal,manual,EXTRACTABLE,,,no,inherited from federal
us-fl,SSI-F-POMS-SI-00604,federal,manual,EXTRACTABLE,,,no,inherited from federal
us-ga,SSI-F-POMS-SI-00604,federal,manual,EXTRACTABLE,,,no,inherited from federal
us-hi,SSI-F-POMS-SI-00604,federal,manual,EXTRACTABLE,,,no,inherited from federal
us-ia,SSI-F-POMS-SI-00604,federal,manual,EXTRACTABLE,,,no,inherited from federal
us-id,SSI-F-POMS-SI-00604,federal,manual,EXTRACTABLE,,,no,inherited from federal
us-il,SSI-F-POMS-SI-00604,federal,manual,EXTRACTABLE,,,no,inherited from federal
us-in,SSI-F-POMS-SI-00604,federal,manual,EXTRACTABLE,,,no,inherited from federal
us-ks,SSI-F-POMS-SI-00604,federal,manual,EXTRACTABLE,,,no,inherited from federal
us-ky,SSI-F-POMS-SI-00604,federal,manual,EXTRACTABLE,,,no,inherited from federal
us-la,SSI-F-POMS-SI-00604,federal,manual,EXTRACTABLE,,,no,inherited from federal
us-ma,SSI-F-POMS-SI-00604,federal,manual,EXTRACTABLE,,,no,inherited from federal
us-md,SSI-F-POMS-SI-00604,federal,manual,EXTRACTABLE,,,no,inherited from federal
us-me,SSI-F-POMS-SI-00604,federal,manual,EXTRACTABLE,,,no,inherited from federal
us-mi,SSI-F-POMS-SI-00604,federal,manual,EXTRACTABLE,,,no,inherited from federal
us-mn,SSI-F-POMS-SI-00604,federal,manual,EXTRACTABLE,,,no,inherited from federal
us-mo,SSI-F-POMS-SI-00604,federal,manual,EXTRACTABLE,,,no,inherited from federal
us-ms,SSI-F-POMS-SI-00604,federal,manual,EXTRACTABLE,,,no,inherited from federal
us-mt,SSI-F-POMS-SI-00604,federal,manual,EXTRACTABLE,,,no,inherited from federal
us-nc,SSI-F-POMS-SI-00604,federal,manual,EXTRACTABLE,,,no,inherited from federal
us-nd,SSI-F-POMS-SI-00604,federal,manual,EXTRACTABLE,,,no,inherited from federal
us-ne,SSI-F-POMS-SI-00604,federal,manual,EXTRACTABLE,,,no,inherited from federal
us-nh,SSI-F-POMS-SI-00604,federal,manual,EXTRACTABLE,,,no,inherited from federal
us-nj,SSI-F-POMS-SI-00604,federal,manual,EXTRACTABLE,,,no,inherited from federal
us-nm,SSI-F-POMS-SI-00604,federal,manual,EXTRACTABLE,,,no,inherited from federal
us-nv,SSI-F-POMS-SI-00604,federal,manual,EXTRACTABLE,,,no,inherited from federal
us-ny,SSI-F-POMS-SI-00604,federal,manual,EXTRACTABLE,,,no,inherited from federal
us-oh,SSI-F-POMS-SI-00604,federal,manual,EXTRACTABLE,,,no,inherited from federal
us-ok,SSI-F-POMS-SI-00604,federal,manual,EXTRACTABLE,,,no,inherited from federal
us-or,SSI-F-POMS-SI-00604,federal,manual,EXTRACTABLE,,,no,inherited from federal
us-pa,SSI-F-POMS-SI-00604,federal,manual,EXTRACTABLE,,,no,inherited from federal
us-ri,SSI-F-POMS-SI-00604,federal,manual,EXTRACTABLE,,,no,inherited from federal
us-sc,SSI-F-POMS-SI-00604,federal,manual,EXTRACTABLE,,,no,inherited from federal
us-sd,SSI-F-POMS-SI-00604,federal,manual,EXTRACTABLE,,,no,inherited from federal
us-tn,SSI-F-POMS-SI-00604,federal,manual,EXTRACTABLE,,,no,inherited from federal
us-tx,SSI-F-POMS-SI-00604,federal,manual,EXTRACTABLE,,,no,inherited from federal
us-ut,SSI-F-POMS-SI-00604,federal,manual,EXTRACTABLE,,,no,inherited from federal
us-va,SSI-F-POMS-SI-00604,federal,manual,EXTRACTABLE,,,no,inherited from federal
us-vt,SSI-F-POMS-SI-00604,federal,manual,EXTRACTABLE,,,no,inherited from federal
us-wa,SSI-F-POMS-SI-00604,federal,manual,EXTRACTABLE,,,no,inherited from federal
us-wi,SSI-F-POMS-SI-00604,federal,manual,EXTRACTABLE,,,no,inherited from federal
us-wv,SSI-F-POMS-SI-00604,federal,manual,EXTRACTABLE,,,no,inherited from federal
us-wy,SSI-F-POMS-SI-00604,federal,manual,EXTRACTABLE,,,no,inherited from federal
us,SSI-F-POMS-SI-00605,federal,manual,EXTRACTABLE,,,no,"listed on https://secure.ssa.gov/apps10/poms.nsf/subchapterlist!openview&restricttocategory=05006 (13 sections); not taken (run note 2026-09-10-ssi-poms-si, judgment 1)"
us-ak,SSI-F-POMS-SI-00605,federal,manual,EXTRACTABLE,,,no,inherited from federal
us-al,SSI-F-POMS-SI-00605,federal,manual,EXTRACTABLE,,,no,inherited from federal
us-ar,SSI-F-POMS-SI-00605,federal,manual,EXTRACTABLE,,,no,inherited from federal
us-az,SSI-F-POMS-SI-00605,federal,manual,EXTRACTABLE,,,no,inherited from federal
us-ca,SSI-F-POMS-SI-00605,federal,manual,EXTRACTABLE,,,no,inherited from federal
us-co,SSI-F-POMS-SI-00605,federal,manual,EXTRACTABLE,,,no,inherited from federal
us-ct,SSI-F-POMS-SI-00605,federal,manual,EXTRACTABLE,,,no,inherited from federal
us-dc,SSI-F-POMS-SI-00605,federal,manual,EXTRACTABLE,,,no,inherited from federal
us-de,SSI-F-POMS-SI-00605,federal,manual,EXTRACTABLE,,,no,inherited from federal
us-fl,SSI-F-POMS-SI-00605,federal,manual,EXTRACTABLE,,,no,inherited from federal
us-ga,SSI-F-POMS-SI-00605,federal,manual,EXTRACTABLE,,,no,inherited from federal
us-hi,SSI-F-POMS-SI-00605,federal,manual,EXTRACTABLE,,,no,inherited from federal
us-ia,SSI-F-POMS-SI-00605,federal,manual,EXTRACTABLE,,,no,inherited from federal
us-id,SSI-F-POMS-SI-00605,federal,manual,EXTRACTABLE,,,no,inherited from federal
us-il,SSI-F-POMS-SI-00605,federal,manual,EXTRACTABLE,,,no,inherited from federal
us-in,SSI-F-POMS-SI-00605,federal,manual,EXTRACTABLE,,,no,inherited from federal
us-ks,SSI-F-POMS-SI-00605,federal,manual,EXTRACTABLE,,,no,inherited from federal
us-ky,SSI-F-POMS-SI-00605,federal,manual,EXTRACTABLE,,,no,inherited from federal
us-la,SSI-F-POMS-SI-00605,federal,manual,EXTRACTABLE,,,no,inherited from federal
us-ma,SSI-F-POMS-SI-00605,federal,manual,EXTRACTABLE,,,no,inherited from federal
us-md,SSI-F-POMS-SI-00605,federal,manual,EXTRACTABLE,,,no,inherited from federal
us-me,SSI-F-POMS-SI-00605,federal,manual,EXTRACTABLE,,,no,inherited from federal
us-mi,SSI-F-POMS-SI-00605,federal,manual,EXTRACTABLE,,,no,inherited from federal
us-mn,SSI-F-POMS-SI-00605,federal,manual,EXTRACTABLE,,,no,inherited from federal
us-mo,SSI-F-POMS-SI-00605,federal,manual,EXTRACTABLE,,,no,inherited from federal
us-ms,SSI-F-POMS-SI-00605,federal,manual,EXTRACTABLE,,,no,inherited from federal
us-mt,SSI-F-POMS-SI-00605,federal,manual,EXTRACTABLE,,,no,inherited from federal
us-nc,SSI-F-POMS-SI-00605,federal,manual,EXTRACTABLE,,,no,inherited from federal
us-nd,SSI-F-POMS-SI-00605,federal,manual,EXTRACTABLE,,,no,inherited from federal
us-ne,SSI-F-POMS-SI-00605,federal,manual,EXTRACTABLE,,,no,inherited from federal
us-nh,SSI-F-POMS-SI-00605,federal,manual,EXTRACTABLE,,,no,inherited from federal
us-nj,SSI-F-POMS-SI-00605,federal,manual,EXTRACTABLE,,,no,inherited from federal
us-nm,SSI-F-POMS-SI-00605,federal,manual,EXTRACTABLE,,,no,inherited from federal
us-nv,SSI-F-POMS-SI-00605,federal,manual,EXTRACTABLE,,,no,inherited from federal
us-ny,SSI-F-POMS-SI-00605,federal,manual,EXTRACTABLE,,,no,inherited from federal
us-oh,SSI-F-POMS-SI-00605,federal,manual,EXTRACTABLE,,,no,inherited from federal
us-ok,SSI-F-POMS-SI-00605,federal,manual,EXTRACTABLE,,,no,inherited from federal
us-or,SSI-F-POMS-SI-00605,federal,manual,EXTRACTABLE,,,no,inherited from federal
us-pa,SSI-F-POMS-SI-00605,federal,manual,EXTRACTABLE,,,no,inherited from federal
us-ri,SSI-F-POMS-SI-00605,federal,manual,EXTRACTABLE,,,no,inherited from federal
us-sc,SSI-F-POMS-SI-00605,federal,manual,EXTRACTABLE,,,no,inherited from federal
us-sd,SSI-F-POMS-SI-00605,federal,manual,EXTRACTABLE,,,no,inherited from federal
us-tn,SSI-F-POMS-SI-00605,federal,manual,EXTRACTABLE,,,no,inherited from federal
us-tx,SSI-F-POMS-SI-00605,federal,manual,EXTRACTABLE,,,no,inherited from federal
us-ut,SSI-F-POMS-SI-00605,federal,manual,EXTRACTABLE,,,no,inherited from federal
us-va,SSI-F-POMS-SI-00605,federal,manual,EXTRACTABLE,,,no,inherited from federal
us-vt,SSI-F-POMS-SI-00605,federal,manual,EXTRACTABLE,,,no,inherited from federal
us-wa,SSI-F-POMS-SI-00605,federal,manual,EXTRACTABLE,,,no,inherited from federal
us-wi,SSI-F-POMS-SI-00605,federal,manual,EXTRACTABLE,,,no,inherited from federal
us-wv,SSI-F-POMS-SI-00605,federal,manual,EXTRACTABLE,,,no,inherited from federal
us-wy,SSI-F-POMS-SI-00605,federal,manual,EXTRACTABLE,,,no,inherited from federal
us,SSI-F-POMS-SI-00800,federal,manual,EXTRACTABLE,,,no,"listed on https://secure.ssa.gov/apps10/poms.nsf/subchapterlist!openview&restricttocategory=05008 (1 sections); not taken (run note 2026-09-10-ssi-poms-si, judgment 1)"
us-ak,SSI-F-POMS-SI-00800,federal,manual,EXTRACTABLE,,,no,inherited from federal
us-al,SSI-F-POMS-SI-00800,federal,manual,EXTRACTABLE,,,no,inherited from federal
us-ar,SSI-F-POMS-SI-00800,federal,manual,EXTRACTABLE,,,no,inherited from federal
us-az,SSI-F-POMS-SI-00800,federal,manual,EXTRACTABLE,,,no,inherited from federal
us-ca,SSI-F-POMS-SI-00800,federal,manual,EXTRACTABLE,,,no,inherited from federal
us-co,SSI-F-POMS-SI-00800,federal,manual,EXTRACTABLE,,,no,inherited from federal
us-ct,SSI-F-POMS-SI-00800,federal,manual,EXTRACTABLE,,,no,inherited from federal
us-dc,SSI-F-POMS-SI-00800,federal,manual,EXTRACTABLE,,,no,inherited from federal
us-de,SSI-F-POMS-SI-00800,federal,manual,EXTRACTABLE,,,no,inherited from federal
us-fl,SSI-F-POMS-SI-00800,federal,manual,EXTRACTABLE,,,no,inherited from federal
us-ga,SSI-F-POMS-SI-00800,federal,manual,EXTRACTABLE,,,no,inherited from federal
us-hi,SSI-F-POMS-SI-00800,federal,manual,EXTRACTABLE,,,no,inherited from federal
us-ia,SSI-F-POMS-SI-00800,federal,manual,EXTRACTABLE,,,no,inherited from federal
us-id,SSI-F-POMS-SI-00800,federal,manual,EXTRACTABLE,,,no,inherited from federal
us-il,SSI-F-POMS-SI-00800,federal,manual,EXTRACTABLE,,,no,inherited from federal
us-in,SSI-F-POMS-SI-00800,federal,manual,EXTRACTABLE,,,no,inherited from federal
us-ks,SSI-F-POMS-SI-00800,federal,manual,EXTRACTABLE,,,no,inherited from federal
us-ky,SSI-F-POMS-SI-00800,federal,manual,EXTRACTABLE,,,no,inherited from federal
us-la,SSI-F-POMS-SI-00800,federal,manual,EXTRACTABLE,,,no,inherited from federal
us-ma,SSI-F-POMS-SI-00800,federal,manual,EXTRACTABLE,,,no,inherited from federal
us-md,SSI-F-POMS-SI-00800,federal,manual,EXTRACTABLE,,,no,inherited from federal
us-me,SSI-F-POMS-SI-00800,federal,manual,EXTRACTABLE,,,no,inherited from federal
us-mi,SSI-F-POMS-SI-00800,federal,manual,EXTRACTABLE,,,no,inherited from federal
us-mn,SSI-F-POMS-SI-00800,federal,manual,EXTRACTABLE,,,no,inherited from federal
us-mo,SSI-F-POMS-SI-00800,federal,manual,EXTRACTABLE,,,no,inherited from federal
us-ms,SSI-F-POMS-SI-00800,federal,manual,EXTRACTABLE,,,no,inherited from federal
us-mt,SSI-F-POMS-SI-00800,federal,manual,EXTRACTABLE,,,no,inherited from federal
us-nc,SSI-F-POMS-SI-00800,federal,manual,EXTRACTABLE,,,no,inherited from federal
us-nd,SSI-F-POMS-SI-00800,federal,manual,EXTRACTABLE,,,no,inherited from federal
us-ne,SSI-F-POMS-SI-00800,federal,manual,EXTRACTABLE,,,no,inherited from federal
us-nh,SSI-F-POMS-SI-00800,federal,manual,EXTRACTABLE,,,no,inherited from federal
us-nj,SSI-F-POMS-SI-00800,federal,manual,EXTRACTABLE,,,no,inherited from federal
us-nm,SSI-F-POMS-SI-00800,federal,manual,EXTRACTABLE,,,no,inherited from federal
us-nv,SSI-F-POMS-SI-00800,federal,manual,EXTRACTABLE,,,no,inherited from federal
us-ny,SSI-F-POMS-SI-00800,federal,manual,EXTRACTABLE,,,no,inherited from federal
us-oh,SSI-F-POMS-SI-00800,federal,manual,EXTRACTABLE,,,no,inherited from federal
us-ok,SSI-F-POMS-SI-00800,federal,manual,EXTRACTABLE,,,no,inherited from federal
us-or,SSI-F-POMS-SI-00800,federal,manual,EXTRACTABLE,,,no,inherited from federal
us-pa,SSI-F-POMS-SI-00800,federal,manual,EXTRACTABLE,,,no,inherited from federal
us-ri,SSI-F-POMS-SI-00800,federal,manual,EXTRACTABLE,,,no,inherited from federal
us-sc,SSI-F-POMS-SI-00800,federal,manual,EXTRACTABLE,,,no,inherited from federal
us-sd,SSI-F-POMS-SI-00800,federal,manual,EXTRACTABLE,,,no,inherited from federal
us-tn,SSI-F-POMS-SI-00800,federal,manual,EXTRACTABLE,,,no,inherited from federal
us-tx,SSI-F-POMS-SI-00800,federal,manual,EXTRACTABLE,,,no,inherited from federal
us-ut,SSI-F-POMS-SI-00800,federal,manual,EXTRACTABLE,,,no,inherited from federal
us-va,SSI-F-POMS-SI-00800,federal,manual,EXTRACTABLE,,,no,inherited from federal
us-vt,SSI-F-POMS-SI-00800,federal,manual,EXTRACTABLE,,,no,inherited from federal
us-wa,SSI-F-POMS-SI-00800,federal,manual,EXTRACTABLE,,,no,inherited from federal
us-wi,SSI-F-POMS-SI-00800,federal,manual,EXTRACTABLE,,,no,inherited from federal
us-wv,SSI-F-POMS-SI-00800,federal,manual,EXTRACTABLE,,,no,inherited from federal
us-wy,SSI-F-POMS-SI-00800,federal,manual,EXTRACTABLE,,,no,inherited from federal
us,SSI-F-POMS-SI-00810,federal,manual,PRESENT,2026-09-10-ssi-poms-si,us/manual/ssa/poms/si/00810.000/block-1,partial,27/27 sections taken incl. regional; block bodies opened
us-ak,SSI-F-POMS-SI-00810,federal,manual,PRESENT,2026-09-10-ssi-poms-si,us/manual/ssa/poms/si/00810.000/block-1,partial,inherited from federal
us-al,SSI-F-POMS-SI-00810,federal,manual,PRESENT,2026-09-10-ssi-poms-si,us/manual/ssa/poms/si/00810.000/block-1,partial,inherited from federal
us-ar,SSI-F-POMS-SI-00810,federal,manual,PRESENT,2026-09-10-ssi-poms-si,us/manual/ssa/poms/si/00810.000/block-1,partial,inherited from federal
us-az,SSI-F-POMS-SI-00810,federal,manual,PRESENT,2026-09-10-ssi-poms-si,us/manual/ssa/poms/si/00810.000/block-1,partial,inherited from federal
us-ca,SSI-F-POMS-SI-00810,federal,manual,PRESENT,2026-09-10-ssi-poms-si,us/manual/ssa/poms/si/00810.000/block-1,partial,inherited from federal
us-co,SSI-F-POMS-SI-00810,federal,manual,PRESENT,2026-09-10-ssi-poms-si,us/manual/ssa/poms/si/00810.000/block-1,partial,inherited from federal
us-ct,SSI-F-POMS-SI-00810,federal,manual,PRESENT,2026-09-10-ssi-poms-si,us/manual/ssa/poms/si/00810.000/block-1,partial,inherited from federal
us-dc,SSI-F-POMS-SI-00810,federal,manual,PRESENT,2026-09-10-ssi-poms-si,us/manual/ssa/poms/si/00810.000/block-1,partial,inherited from federal
us-de,SSI-F-POMS-SI-00810,federal,manual,PRESENT,2026-09-10-ssi-poms-si,us/manual/ssa/poms/si/00810.000/block-1,partial,inherited from federal
us-fl,SSI-F-POMS-SI-00810,federal,manual,PRESENT,2026-09-10-ssi-poms-si,us/manual/ssa/poms/si/00810.000/block-1,partial,inherited from federal
us-ga,SSI-F-POMS-SI-00810,federal,manual,PRESENT,2026-09-10-ssi-poms-si,us/manual/ssa/poms/si/00810.000/block-1,partial,inherited from federal
us-hi,SSI-F-POMS-SI-00810,federal,manual,PRESENT,2026-09-10-ssi-poms-si,us/manual/ssa/poms/si/00810.000/block-1,partial,inherited from federal
us-ia,SSI-F-POMS-SI-00810,federal,manual,PRESENT,2026-09-10-ssi-poms-si,us/manual/ssa/poms/si/00810.000/block-1,partial,inherited from federal
us-id,SSI-F-POMS-SI-00810,federal,manual,PRESENT,2026-09-10-ssi-poms-si,us/manual/ssa/poms/si/00810.000/block-1,partial,inherited from federal
us-il,SSI-F-POMS-SI-00810,federal,manual,PRESENT,2026-09-10-ssi-poms-si,us/manual/ssa/poms/si/00810.000/block-1,partial,inherited from federal
us-in,SSI-F-POMS-SI-00810,federal,manual,PRESENT,2026-09-10-ssi-poms-si,us/manual/ssa/poms/si/00810.000/block-1,partial,inherited from federal
us-ks,SSI-F-POMS-SI-00810,federal,manual,PRESENT,2026-09-10-ssi-poms-si,us/manual/ssa/poms/si/00810.000/block-1,partial,inherited from federal
us-ky,SSI-F-POMS-SI-00810,federal,manual,PRESENT,2026-09-10-ssi-poms-si,us/manual/ssa/poms/si/00810.000/block-1,partial,inherited from federal
us-la,SSI-F-POMS-SI-00810,federal,manual,PRESENT,2026-09-10-ssi-poms-si,us/manual/ssa/poms/si/00810.000/block-1,partial,inherited from federal
us-ma,SSI-F-POMS-SI-00810,federal,manual,PRESENT,2026-09-10-ssi-poms-si,us/manual/ssa/poms/si/00810.000/block-1,partial,inherited from federal
us-md,SSI-F-POMS-SI-00810,federal,manual,PRESENT,2026-09-10-ssi-poms-si,us/manual/ssa/poms/si/00810.000/block-1,partial,inherited from federal
us-me,SSI-F-POMS-SI-00810,federal,manual,PRESENT,2026-09-10-ssi-poms-si,us/manual/ssa/poms/si/00810.000/block-1,partial,inherited from federal
us-mi,SSI-F-POMS-SI-00810,federal,manual,PRESENT,2026-09-10-ssi-poms-si,us/manual/ssa/poms/si/00810.000/block-1,partial,inherited from federal
us-mn,SSI-F-POMS-SI-00810,federal,manual,PRESENT,2026-09-10-ssi-poms-si,us/manual/ssa/poms/si/00810.000/block-1,partial,inherited from federal
us-mo,SSI-F-POMS-SI-00810,federal,manual,PRESENT,2026-09-10-ssi-poms-si,us/manual/ssa/poms/si/00810.000/block-1,partial,inherited from federal
us-ms,SSI-F-POMS-SI-00810,federal,manual,PRESENT,2026-09-10-ssi-poms-si,us/manual/ssa/poms/si/00810.000/block-1,partial,inherited from federal
us-mt,SSI-F-POMS-SI-00810,federal,manual,PRESENT,2026-09-10-ssi-poms-si,us/manual/ssa/poms/si/00810.000/block-1,partial,inherited from federal
us-nc,SSI-F-POMS-SI-00810,federal,manual,PRESENT,2026-09-10-ssi-poms-si,us/manual/ssa/poms/si/00810.000/block-1,partial,inherited from federal
us-nd,SSI-F-POMS-SI-00810,federal,manual,PRESENT,2026-09-10-ssi-poms-si,us/manual/ssa/poms/si/00810.000/block-1,partial,inherited from federal
us-ne,SSI-F-POMS-SI-00810,federal,manual,PRESENT,2026-09-10-ssi-poms-si,us/manual/ssa/poms/si/00810.000/block-1,partial,inherited from federal
us-nh,SSI-F-POMS-SI-00810,federal,manual,PRESENT,2026-09-10-ssi-poms-si,us/manual/ssa/poms/si/00810.000/block-1,partial,inherited from federal
us-nj,SSI-F-POMS-SI-00810,federal,manual,PRESENT,2026-09-10-ssi-poms-si,us/manual/ssa/poms/si/00810.000/block-1,partial,inherited from federal
us-nm,SSI-F-POMS-SI-00810,federal,manual,PRESENT,2026-09-10-ssi-poms-si,us/manual/ssa/poms/si/00810.000/block-1,partial,inherited from federal
us-nv,SSI-F-POMS-SI-00810,federal,manual,PRESENT,2026-09-10-ssi-poms-si,us/manual/ssa/poms/si/00810.000/block-1,partial,inherited from federal
us-ny,SSI-F-POMS-SI-00810,federal,manual,PRESENT,2026-09-10-ssi-poms-si,us/manual/ssa/poms/si/00810.000/block-1,partial,inherited from federal
us-oh,SSI-F-POMS-SI-00810,federal,manual,PRESENT,2026-09-10-ssi-poms-si,us/manual/ssa/poms/si/00810.000/block-1,partial,inherited from federal
us-ok,SSI-F-POMS-SI-00810,federal,manual,PRESENT,2026-09-10-ssi-poms-si,us/manual/ssa/poms/si/00810.000/block-1,partial,inherited from federal
us-or,SSI-F-POMS-SI-00810,federal,manual,PRESENT,2026-09-10-ssi-poms-si,us/manual/ssa/poms/si/00810.000/block-1,partial,inherited from federal
us-pa,SSI-F-POMS-SI-00810,federal,manual,PRESENT,2026-09-10-ssi-poms-si,us/manual/ssa/poms/si/00810.000/block-1,partial,inherited from federal
us-ri,SSI-F-POMS-SI-00810,federal,manual,PRESENT,2026-09-10-ssi-poms-si,us/manual/ssa/poms/si/00810.000/block-1,partial,inherited from federal
us-sc,SSI-F-POMS-SI-00810,federal,manual,PRESENT,2026-09-10-ssi-poms-si,us/manual/ssa/poms/si/00810.000/block-1,partial,inherited from federal
us-sd,SSI-F-POMS-SI-00810,federal,manual,PRESENT,2026-09-10-ssi-poms-si,us/manual/ssa/poms/si/00810.000/block-1,partial,inherited from federal
us-tn,SSI-F-POMS-SI-00810,federal,manual,PRESENT,2026-09-10-ssi-poms-si,us/manual/ssa/poms/si/00810.000/block-1,partial,inherited from federal
us-tx,SSI-F-POMS-SI-00810,federal,manual,PRESENT,2026-09-10-ssi-poms-si,us/manual/ssa/poms/si/00810.000/block-1,partial,inherited from federal
us-ut,SSI-F-POMS-SI-00810,federal,manual,PRESENT,2026-09-10-ssi-poms-si,us/manual/ssa/poms/si/00810.000/block-1,partial,inherited from federal
us-va,SSI-F-POMS-SI-00810,federal,manual,PRESENT,2026-09-10-ssi-poms-si,us/manual/ssa/poms/si/00810.000/block-1,partial,inherited from federal
us-vt,SSI-F-POMS-SI-00810,federal,manual,PRESENT,2026-09-10-ssi-poms-si,us/manual/ssa/poms/si/00810.000/block-1,partial,inherited from federal
us-wa,SSI-F-POMS-SI-00810,federal,manual,PRESENT,2026-09-10-ssi-poms-si,us/manual/ssa/poms/si/00810.000/block-1,partial,inherited from federal
us-wi,SSI-F-POMS-SI-00810,federal,manual,PRESENT,2026-09-10-ssi-poms-si,us/manual/ssa/poms/si/00810.000/block-1,partial,inherited from federal
us-wv,SSI-F-POMS-SI-00810,federal,manual,PRESENT,2026-09-10-ssi-poms-si,us/manual/ssa/poms/si/00810.000/block-1,partial,inherited from federal
us-wy,SSI-F-POMS-SI-00810,federal,manual,PRESENT,2026-09-10-ssi-poms-si,us/manual/ssa/poms/si/00810.000/block-1,partial,inherited from federal
us,SSI-F-POMS-SI-00815,federal,manual,PRESENT,2026-09-10-ssi-poms-si,us/manual/ssa/poms/si/00815.000/block-1,partial,24/24 sections taken incl. regional; block bodies opened
us-ak,SSI-F-POMS-SI-00815,federal,manual,PRESENT,2026-09-10-ssi-poms-si,us/manual/ssa/poms/si/00815.000/block-1,partial,inherited from federal
us-al,SSI-F-POMS-SI-00815,federal,manual,PRESENT,2026-09-10-ssi-poms-si,us/manual/ssa/poms/si/00815.000/block-1,partial,inherited from federal
us-ar,SSI-F-POMS-SI-00815,federal,manual,PRESENT,2026-09-10-ssi-poms-si,us/manual/ssa/poms/si/00815.000/block-1,partial,inherited from federal
us-az,SSI-F-POMS-SI-00815,federal,manual,PRESENT,2026-09-10-ssi-poms-si,us/manual/ssa/poms/si/00815.000/block-1,partial,inherited from federal
us-ca,SSI-F-POMS-SI-00815,federal,manual,PRESENT,2026-09-10-ssi-poms-si,us/manual/ssa/poms/si/00815.000/block-1,partial,inherited from federal
us-co,SSI-F-POMS-SI-00815,federal,manual,PRESENT,2026-09-10-ssi-poms-si,us/manual/ssa/poms/si/00815.000/block-1,partial,inherited from federal
us-ct,SSI-F-POMS-SI-00815,federal,manual,PRESENT,2026-09-10-ssi-poms-si,us/manual/ssa/poms/si/00815.000/block-1,partial,inherited from federal
us-dc,SSI-F-POMS-SI-00815,federal,manual,PRESENT,2026-09-10-ssi-poms-si,us/manual/ssa/poms/si/00815.000/block-1,partial,inherited from federal
us-de,SSI-F-POMS-SI-00815,federal,manual,PRESENT,2026-09-10-ssi-poms-si,us/manual/ssa/poms/si/00815.000/block-1,partial,inherited from federal
us-fl,SSI-F-POMS-SI-00815,federal,manual,PRESENT,2026-09-10-ssi-poms-si,us/manual/ssa/poms/si/00815.000/block-1,partial,inherited from federal
us-ga,SSI-F-POMS-SI-00815,federal,manual,PRESENT,2026-09-10-ssi-poms-si,us/manual/ssa/poms/si/00815.000/block-1,partial,inherited from federal
us-hi,SSI-F-POMS-SI-00815,federal,manual,PRESENT,2026-09-10-ssi-poms-si,us/manual/ssa/poms/si/00815.000/block-1,partial,inherited from federal
us-ia,SSI-F-POMS-SI-00815,federal,manual,PRESENT,2026-09-10-ssi-poms-si,us/manual/ssa/poms/si/00815.000/block-1,partial,inherited from federal
us-id,SSI-F-POMS-SI-00815,federal,manual,PRESENT,2026-09-10-ssi-poms-si,us/manual/ssa/poms/si/00815.000/block-1,partial,inherited from federal
us-il,SSI-F-POMS-SI-00815,federal,manual,PRESENT,2026-09-10-ssi-poms-si,us/manual/ssa/poms/si/00815.000/block-1,partial,inherited from federal
us-in,SSI-F-POMS-SI-00815,federal,manual,PRESENT,2026-09-10-ssi-poms-si,us/manual/ssa/poms/si/00815.000/block-1,partial,inherited from federal
us-ks,SSI-F-POMS-SI-00815,federal,manual,PRESENT,2026-09-10-ssi-poms-si,us/manual/ssa/poms/si/00815.000/block-1,partial,inherited from federal
us-ky,SSI-F-POMS-SI-00815,federal,manual,PRESENT,2026-09-10-ssi-poms-si,us/manual/ssa/poms/si/00815.000/block-1,partial,inherited from federal
us-la,SSI-F-POMS-SI-00815,federal,manual,PRESENT,2026-09-10-ssi-poms-si,us/manual/ssa/poms/si/00815.000/block-1,partial,inherited from federal
us-ma,SSI-F-POMS-SI-00815,federal,manual,PRESENT,2026-09-10-ssi-poms-si,us/manual/ssa/poms/si/00815.000/block-1,partial,inherited from federal
us-md,SSI-F-POMS-SI-00815,federal,manual,PRESENT,2026-09-10-ssi-poms-si,us/manual/ssa/poms/si/00815.000/block-1,partial,inherited from federal
us-me,SSI-F-POMS-SI-00815,federal,manual,PRESENT,2026-09-10-ssi-poms-si,us/manual/ssa/poms/si/00815.000/block-1,partial,inherited from federal
us-mi,SSI-F-POMS-SI-00815,federal,manual,PRESENT,2026-09-10-ssi-poms-si,us/manual/ssa/poms/si/00815.000/block-1,partial,inherited from federal
us-mn,SSI-F-POMS-SI-00815,federal,manual,PRESENT,2026-09-10-ssi-poms-si,us/manual/ssa/poms/si/00815.000/block-1,partial,inherited from federal
us-mo,SSI-F-POMS-SI-00815,federal,manual,PRESENT,2026-09-10-ssi-poms-si,us/manual/ssa/poms/si/00815.000/block-1,partial,inherited from federal
us-ms,SSI-F-POMS-SI-00815,federal,manual,PRESENT,2026-09-10-ssi-poms-si,us/manual/ssa/poms/si/00815.000/block-1,partial,inherited from federal
us-mt,SSI-F-POMS-SI-00815,federal,manual,PRESENT,2026-09-10-ssi-poms-si,us/manual/ssa/poms/si/00815.000/block-1,partial,inherited from federal
us-nc,SSI-F-POMS-SI-00815,federal,manual,PRESENT,2026-09-10-ssi-poms-si,us/manual/ssa/poms/si/00815.000/block-1,partial,inherited from federal
us-nd,SSI-F-POMS-SI-00815,federal,manual,PRESENT,2026-09-10-ssi-poms-si,us/manual/ssa/poms/si/00815.000/block-1,partial,inherited from federal
us-ne,SSI-F-POMS-SI-00815,federal,manual,PRESENT,2026-09-10-ssi-poms-si,us/manual/ssa/poms/si/00815.000/block-1,partial,inherited from federal
us-nh,SSI-F-POMS-SI-00815,federal,manual,PRESENT,2026-09-10-ssi-poms-si,us/manual/ssa/poms/si/00815.000/block-1,partial,inherited from federal
us-nj,SSI-F-POMS-SI-00815,federal,manual,PRESENT,2026-09-10-ssi-poms-si,us/manual/ssa/poms/si/00815.000/block-1,partial,inherited from federal
us-nm,SSI-F-POMS-SI-00815,federal,manual,PRESENT,2026-09-10-ssi-poms-si,us/manual/ssa/poms/si/00815.000/block-1,partial,inherited from federal
us-nv,SSI-F-POMS-SI-00815,federal,manual,PRESENT,2026-09-10-ssi-poms-si,us/manual/ssa/poms/si/00815.000/block-1,partial,inherited from federal
us-ny,SSI-F-POMS-SI-00815,federal,manual,PRESENT,2026-09-10-ssi-poms-si,us/manual/ssa/poms/si/00815.000/block-1,partial,inherited from federal
us-oh,SSI-F-POMS-SI-00815,federal,manual,PRESENT,2026-09-10-ssi-poms-si,us/manual/ssa/poms/si/00815.000/block-1,partial,inherited from federal
us-ok,SSI-F-POMS-SI-00815,federal,manual,PRESENT,2026-09-10-ssi-poms-si,us/manual/ssa/poms/si/00815.000/block-1,partial,inherited from federal
us-or,SSI-F-POMS-SI-00815,federal,manual,PRESENT,2026-09-10-ssi-poms-si,us/manual/ssa/poms/si/00815.000/block-1,partial,inherited from federal
us-pa,SSI-F-POMS-SI-00815,federal,manual,PRESENT,2026-09-10-ssi-poms-si,us/manual/ssa/poms/si/00815.000/block-1,partial,inherited from federal
us-ri,SSI-F-POMS-SI-00815,federal,manual,PRESENT,2026-09-10-ssi-poms-si,us/manual/ssa/poms/si/00815.000/block-1,partial,inherited from federal
us-sc,SSI-F-POMS-SI-00815,federal,manual,PRESENT,2026-09-10-ssi-poms-si,us/manual/ssa/poms/si/00815.000/block-1,partial,inherited from federal
us-sd,SSI-F-POMS-SI-00815,federal,manual,PRESENT,2026-09-10-ssi-poms-si,us/manual/ssa/poms/si/00815.000/block-1,partial,inherited from federal
us-tn,SSI-F-POMS-SI-00815,federal,manual,PRESENT,2026-09-10-ssi-poms-si,us/manual/ssa/poms/si/00815.000/block-1,partial,inherited from federal
us-tx,SSI-F-POMS-SI-00815,federal,manual,PRESENT,2026-09-10-ssi-poms-si,us/manual/ssa/poms/si/00815.000/block-1,partial,inherited from federal
us-ut,SSI-F-POMS-SI-00815,federal,manual,PRESENT,2026-09-10-ssi-poms-si,us/manual/ssa/poms/si/00815.000/block-1,partial,inherited from federal
us-va,SSI-F-POMS-SI-00815,federal,manual,PRESENT,2026-09-10-ssi-poms-si,us/manual/ssa/poms/si/00815.000/block-1,partial,inherited from federal
us-vt,SSI-F-POMS-SI-00815,federal,manual,PRESENT,2026-09-10-ssi-poms-si,us/manual/ssa/poms/si/00815.000/block-1,partial,inherited from federal
us-wa,SSI-F-POMS-SI-00815,federal,manual,PRESENT,2026-09-10-ssi-poms-si,us/manual/ssa/poms/si/00815.000/block-1,partial,inherited from federal
us-wi,SSI-F-POMS-SI-00815,federal,manual,PRESENT,2026-09-10-ssi-poms-si,us/manual/ssa/poms/si/00815.000/block-1,partial,inherited from federal
us-wv,SSI-F-POMS-SI-00815,federal,manual,PRESENT,2026-09-10-ssi-poms-si,us/manual/ssa/poms/si/00815.000/block-1,partial,inherited from federal
us-wy,SSI-F-POMS-SI-00815,federal,manual,PRESENT,2026-09-10-ssi-poms-si,us/manual/ssa/poms/si/00815.000/block-1,partial,inherited from federal
us,SSI-F-POMS-SI-00820,federal,manual,PRESENT,2026-09-10-ssi-poms-si,us/manual/ssa/poms/si/00820.000/block-1,partial,44/44 sections taken incl. regional; block bodies opened
us-ak,SSI-F-POMS-SI-00820,federal,manual,PRESENT,2026-09-10-ssi-poms-si,us/manual/ssa/poms/si/00820.000/block-1,partial,inherited from federal
us-al,SSI-F-POMS-SI-00820,federal,manual,PRESENT,2026-09-10-ssi-poms-si,us/manual/ssa/poms/si/00820.000/block-1,partial,inherited from federal
us-ar,SSI-F-POMS-SI-00820,federal,manual,PRESENT,2026-09-10-ssi-poms-si,us/manual/ssa/poms/si/00820.000/block-1,partial,inherited from federal
us-az,SSI-F-POMS-SI-00820,federal,manual,PRESENT,2026-09-10-ssi-poms-si,us/manual/ssa/poms/si/00820.000/block-1,partial,inherited from federal
us-ca,SSI-F-POMS-SI-00820,federal,manual,PRESENT,2026-09-10-ssi-poms-si,us/manual/ssa/poms/si/00820.000/block-1,partial,inherited from federal
us-co,SSI-F-POMS-SI-00820,federal,manual,PRESENT,2026-09-10-ssi-poms-si,us/manual/ssa/poms/si/00820.000/block-1,partial,inherited from federal
us-ct,SSI-F-POMS-SI-00820,federal,manual,PRESENT,2026-09-10-ssi-poms-si,us/manual/ssa/poms/si/00820.000/block-1,partial,inherited from federal
us-dc,SSI-F-POMS-SI-00820,federal,manual,PRESENT,2026-09-10-ssi-poms-si,us/manual/ssa/poms/si/00820.000/block-1,partial,inherited from federal
us-de,SSI-F-POMS-SI-00820,federal,manual,PRESENT,2026-09-10-ssi-poms-si,us/manual/ssa/poms/si/00820.000/block-1,partial,inherited from federal
us-fl,SSI-F-POMS-SI-00820,federal,manual,PRESENT,2026-09-10-ssi-poms-si,us/manual/ssa/poms/si/00820.000/block-1,partial,inherited from federal
us-ga,SSI-F-POMS-SI-00820,federal,manual,PRESENT,2026-09-10-ssi-poms-si,us/manual/ssa/poms/si/00820.000/block-1,partial,inherited from federal
us-hi,SSI-F-POMS-SI-00820,federal,manual,PRESENT,2026-09-10-ssi-poms-si,us/manual/ssa/poms/si/00820.000/block-1,partial,inherited from federal
us-ia,SSI-F-POMS-SI-00820,federal,manual,PRESENT,2026-09-10-ssi-poms-si,us/manual/ssa/poms/si/00820.000/block-1,partial,inherited from federal
us-id,SSI-F-POMS-SI-00820,federal,manual,PRESENT,2026-09-10-ssi-poms-si,us/manual/ssa/poms/si/00820.000/block-1,partial,inherited from federal
us-il,SSI-F-POMS-SI-00820,federal,manual,PRESENT,2026-09-10-ssi-poms-si,us/manual/ssa/poms/si/00820.000/block-1,partial,inherited from federal
us-in,SSI-F-POMS-SI-00820,federal,manual,PRESENT,2026-09-10-ssi-poms-si,us/manual/ssa/poms/si/00820.000/block-1,partial,inherited from federal
us-ks,SSI-F-POMS-SI-00820,federal,manual,PRESENT,2026-09-10-ssi-poms-si,us/manual/ssa/poms/si/00820.000/block-1,partial,inherited from federal
us-ky,SSI-F-POMS-SI-00820,federal,manual,PRESENT,2026-09-10-ssi-poms-si,us/manual/ssa/poms/si/00820.000/block-1,partial,inherited from federal
us-la,SSI-F-POMS-SI-00820,federal,manual,PRESENT,2026-09-10-ssi-poms-si,us/manual/ssa/poms/si/00820.000/block-1,partial,inherited from federal
us-ma,SSI-F-POMS-SI-00820,federal,manual,PRESENT,2026-09-10-ssi-poms-si,us/manual/ssa/poms/si/00820.000/block-1,partial,inherited from federal
us-md,SSI-F-POMS-SI-00820,federal,manual,PRESENT,2026-09-10-ssi-poms-si,us/manual/ssa/poms/si/00820.000/block-1,partial,inherited from federal
us-me,SSI-F-POMS-SI-00820,federal,manual,PRESENT,2026-09-10-ssi-poms-si,us/manual/ssa/poms/si/00820.000/block-1,partial,inherited from federal
us-mi,SSI-F-POMS-SI-00820,federal,manual,PRESENT,2026-09-10-ssi-poms-si,us/manual/ssa/poms/si/00820.000/block-1,partial,inherited from federal
us-mn,SSI-F-POMS-SI-00820,federal,manual,PRESENT,2026-09-10-ssi-poms-si,us/manual/ssa/poms/si/00820.000/block-1,partial,inherited from federal
us-mo,SSI-F-POMS-SI-00820,federal,manual,PRESENT,2026-09-10-ssi-poms-si,us/manual/ssa/poms/si/00820.000/block-1,partial,inherited from federal
us-ms,SSI-F-POMS-SI-00820,federal,manual,PRESENT,2026-09-10-ssi-poms-si,us/manual/ssa/poms/si/00820.000/block-1,partial,inherited from federal
us-mt,SSI-F-POMS-SI-00820,federal,manual,PRESENT,2026-09-10-ssi-poms-si,us/manual/ssa/poms/si/00820.000/block-1,partial,inherited from federal
us-nc,SSI-F-POMS-SI-00820,federal,manual,PRESENT,2026-09-10-ssi-poms-si,us/manual/ssa/poms/si/00820.000/block-1,partial,inherited from federal
us-nd,SSI-F-POMS-SI-00820,federal,manual,PRESENT,2026-09-10-ssi-poms-si,us/manual/ssa/poms/si/00820.000/block-1,partial,inherited from federal
us-ne,SSI-F-POMS-SI-00820,federal,manual,PRESENT,2026-09-10-ssi-poms-si,us/manual/ssa/poms/si/00820.000/block-1,partial,inherited from federal
us-nh,SSI-F-POMS-SI-00820,federal,manual,PRESENT,2026-09-10-ssi-poms-si,us/manual/ssa/poms/si/00820.000/block-1,partial,inherited from federal
us-nj,SSI-F-POMS-SI-00820,federal,manual,PRESENT,2026-09-10-ssi-poms-si,us/manual/ssa/poms/si/00820.000/block-1,partial,inherited from federal
us-nm,SSI-F-POMS-SI-00820,federal,manual,PRESENT,2026-09-10-ssi-poms-si,us/manual/ssa/poms/si/00820.000/block-1,partial,inherited from federal
us-nv,SSI-F-POMS-SI-00820,federal,manual,PRESENT,2026-09-10-ssi-poms-si,us/manual/ssa/poms/si/00820.000/block-1,partial,inherited from federal
us-ny,SSI-F-POMS-SI-00820,federal,manual,PRESENT,2026-09-10-ssi-poms-si,us/manual/ssa/poms/si/00820.000/block-1,partial,inherited from federal
us-oh,SSI-F-POMS-SI-00820,federal,manual,PRESENT,2026-09-10-ssi-poms-si,us/manual/ssa/poms/si/00820.000/block-1,partial,inherited from federal
us-ok,SSI-F-POMS-SI-00820,federal,manual,PRESENT,2026-09-10-ssi-poms-si,us/manual/ssa/poms/si/00820.000/block-1,partial,inherited from federal
us-or,SSI-F-POMS-SI-00820,federal,manual,PRESENT,2026-09-10-ssi-poms-si,us/manual/ssa/poms/si/00820.000/block-1,partial,inherited from federal
us-pa,SSI-F-POMS-SI-00820,federal,manual,PRESENT,2026-09-10-ssi-poms-si,us/manual/ssa/poms/si/00820.000/block-1,partial,inherited from federal
us-ri,SSI-F-POMS-SI-00820,federal,manual,PRESENT,2026-09-10-ssi-poms-si,us/manual/ssa/poms/si/00820.000/block-1,partial,inherited from federal
us-sc,SSI-F-POMS-SI-00820,federal,manual,PRESENT,2026-09-10-ssi-poms-si,us/manual/ssa/poms/si/00820.000/block-1,partial,inherited from federal
us-sd,SSI-F-POMS-SI-00820,federal,manual,PRESENT,2026-09-10-ssi-poms-si,us/manual/ssa/poms/si/00820.000/block-1,partial,inherited from federal
us-tn,SSI-F-POMS-SI-00820,federal,manual,PRESENT,2026-09-10-ssi-poms-si,us/manual/ssa/poms/si/00820.000/block-1,partial,inherited from federal
us-tx,SSI-F-POMS-SI-00820,federal,manual,PRESENT,2026-09-10-ssi-poms-si,us/manual/ssa/poms/si/00820.000/block-1,partial,inherited from federal
us-ut,SSI-F-POMS-SI-00820,federal,manual,PRESENT,2026-09-10-ssi-poms-si,us/manual/ssa/poms/si/00820.000/block-1,partial,inherited from federal
us-va,SSI-F-POMS-SI-00820,federal,manual,PRESENT,2026-09-10-ssi-poms-si,us/manual/ssa/poms/si/00820.000/block-1,partial,inherited from federal
us-vt,SSI-F-POMS-SI-00820,federal,manual,PRESENT,2026-09-10-ssi-poms-si,us/manual/ssa/poms/si/00820.000/block-1,partial,inherited from federal
us-wa,SSI-F-POMS-SI-00820,federal,manual,PRESENT,2026-09-10-ssi-poms-si,us/manual/ssa/poms/si/00820.000/block-1,partial,inherited from federal
us-wi,SSI-F-POMS-SI-00820,federal,manual,PRESENT,2026-09-10-ssi-poms-si,us/manual/ssa/poms/si/00820.000/block-1,partial,inherited from federal
us-wv,SSI-F-POMS-SI-00820,federal,manual,PRESENT,2026-09-10-ssi-poms-si,us/manual/ssa/poms/si/00820.000/block-1,partial,inherited from federal
us-wy,SSI-F-POMS-SI-00820,federal,manual,PRESENT,2026-09-10-ssi-poms-si,us/manual/ssa/poms/si/00820.000/block-1,partial,inherited from federal
us,SSI-F-POMS-SI-00830,federal,manual,PRESENT,2026-09-10-ssi-poms-si,us/manual/ssa/poms/si/00830.000/block-1,partial,183/183 sections taken incl. regional; block bodies opened
us-ak,SSI-F-POMS-SI-00830,federal,manual,PRESENT,2026-09-10-ssi-poms-si,us/manual/ssa/poms/si/00830.000/block-1,partial,inherited from federal
us-al,SSI-F-POMS-SI-00830,federal,manual,PRESENT,2026-09-10-ssi-poms-si,us/manual/ssa/poms/si/00830.000/block-1,partial,inherited from federal
us-ar,SSI-F-POMS-SI-00830,federal,manual,PRESENT,2026-09-10-ssi-poms-si,us/manual/ssa/poms/si/00830.000/block-1,partial,inherited from federal
us-az,SSI-F-POMS-SI-00830,federal,manual,PRESENT,2026-09-10-ssi-poms-si,us/manual/ssa/poms/si/00830.000/block-1,partial,inherited from federal
us-ca,SSI-F-POMS-SI-00830,federal,manual,PRESENT,2026-09-10-ssi-poms-si,us/manual/ssa/poms/si/00830.000/block-1,partial,inherited from federal
us-co,SSI-F-POMS-SI-00830,federal,manual,PRESENT,2026-09-10-ssi-poms-si,us/manual/ssa/poms/si/00830.000/block-1,partial,inherited from federal
us-ct,SSI-F-POMS-SI-00830,federal,manual,PRESENT,2026-09-10-ssi-poms-si,us/manual/ssa/poms/si/00830.000/block-1,partial,inherited from federal
us-dc,SSI-F-POMS-SI-00830,federal,manual,PRESENT,2026-09-10-ssi-poms-si,us/manual/ssa/poms/si/00830.000/block-1,partial,inherited from federal
us-de,SSI-F-POMS-SI-00830,federal,manual,PRESENT,2026-09-10-ssi-poms-si,us/manual/ssa/poms/si/00830.000/block-1,partial,inherited from federal
us-fl,SSI-F-POMS-SI-00830,federal,manual,PRESENT,2026-09-10-ssi-poms-si,us/manual/ssa/poms/si/00830.000/block-1,partial,inherited from federal
us-ga,SSI-F-POMS-SI-00830,federal,manual,PRESENT,2026-09-10-ssi-poms-si,us/manual/ssa/poms/si/00830.000/block-1,partial,inherited from federal
us-hi,SSI-F-POMS-SI-00830,federal,manual,PRESENT,2026-09-10-ssi-poms-si,us/manual/ssa/poms/si/00830.000/block-1,partial,inherited from federal
us-ia,SSI-F-POMS-SI-00830,federal,manual,PRESENT,2026-09-10-ssi-poms-si,us/manual/ssa/poms/si/00830.000/block-1,partial,inherited from federal
us-id,SSI-F-POMS-SI-00830,federal,manual,PRESENT,2026-09-10-ssi-poms-si,us/manual/ssa/poms/si/00830.000/block-1,partial,inherited from federal
us-il,SSI-F-POMS-SI-00830,federal,manual,PRESENT,2026-09-10-ssi-poms-si,us/manual/ssa/poms/si/00830.000/block-1,partial,inherited from federal
us-in,SSI-F-POMS-SI-00830,federal,manual,PRESENT,2026-09-10-ssi-poms-si,us/manual/ssa/poms/si/00830.000/block-1,partial,inherited from federal
us-ks,SSI-F-POMS-SI-00830,federal,manual,PRESENT,2026-09-10-ssi-poms-si,us/manual/ssa/poms/si/00830.000/block-1,partial,inherited from federal
us-ky,SSI-F-POMS-SI-00830,federal,manual,PRESENT,2026-09-10-ssi-poms-si,us/manual/ssa/poms/si/00830.000/block-1,partial,inherited from federal
us-la,SSI-F-POMS-SI-00830,federal,manual,PRESENT,2026-09-10-ssi-poms-si,us/manual/ssa/poms/si/00830.000/block-1,partial,inherited from federal
us-ma,SSI-F-POMS-SI-00830,federal,manual,PRESENT,2026-09-10-ssi-poms-si,us/manual/ssa/poms/si/00830.000/block-1,partial,inherited from federal
us-md,SSI-F-POMS-SI-00830,federal,manual,PRESENT,2026-09-10-ssi-poms-si,us/manual/ssa/poms/si/00830.000/block-1,partial,inherited from federal
us-me,SSI-F-POMS-SI-00830,federal,manual,PRESENT,2026-09-10-ssi-poms-si,us/manual/ssa/poms/si/00830.000/block-1,partial,inherited from federal
us-mi,SSI-F-POMS-SI-00830,federal,manual,PRESENT,2026-09-10-ssi-poms-si,us/manual/ssa/poms/si/00830.000/block-1,partial,inherited from federal
us-mn,SSI-F-POMS-SI-00830,federal,manual,PRESENT,2026-09-10-ssi-poms-si,us/manual/ssa/poms/si/00830.000/block-1,partial,inherited from federal
us-mo,SSI-F-POMS-SI-00830,federal,manual,PRESENT,2026-09-10-ssi-poms-si,us/manual/ssa/poms/si/00830.000/block-1,partial,inherited from federal
us-ms,SSI-F-POMS-SI-00830,federal,manual,PRESENT,2026-09-10-ssi-poms-si,us/manual/ssa/poms/si/00830.000/block-1,partial,inherited from federal
us-mt,SSI-F-POMS-SI-00830,federal,manual,PRESENT,2026-09-10-ssi-poms-si,us/manual/ssa/poms/si/00830.000/block-1,partial,inherited from federal
us-nc,SSI-F-POMS-SI-00830,federal,manual,PRESENT,2026-09-10-ssi-poms-si,us/manual/ssa/poms/si/00830.000/block-1,partial,inherited from federal
us-nd,SSI-F-POMS-SI-00830,federal,manual,PRESENT,2026-09-10-ssi-poms-si,us/manual/ssa/poms/si/00830.000/block-1,partial,inherited from federal
us-ne,SSI-F-POMS-SI-00830,federal,manual,PRESENT,2026-09-10-ssi-poms-si,us/manual/ssa/poms/si/00830.000/block-1,partial,inherited from federal
us-nh,SSI-F-POMS-SI-00830,federal,manual,PRESENT,2026-09-10-ssi-poms-si,us/manual/ssa/poms/si/00830.000/block-1,partial,inherited from federal
us-nj,SSI-F-POMS-SI-00830,federal,manual,PRESENT,2026-09-10-ssi-poms-si,us/manual/ssa/poms/si/00830.000/block-1,partial,inherited from federal
us-nm,SSI-F-POMS-SI-00830,federal,manual,PRESENT,2026-09-10-ssi-poms-si,us/manual/ssa/poms/si/00830.000/block-1,partial,inherited from federal
us-nv,SSI-F-POMS-SI-00830,federal,manual,PRESENT,2026-09-10-ssi-poms-si,us/manual/ssa/poms/si/00830.000/block-1,partial,inherited from federal
us-ny,SSI-F-POMS-SI-00830,federal,manual,PRESENT,2026-09-10-ssi-poms-si,us/manual/ssa/poms/si/00830.000/block-1,partial,inherited from federal
us-oh,SSI-F-POMS-SI-00830,federal,manual,PRESENT,2026-09-10-ssi-poms-si,us/manual/ssa/poms/si/00830.000/block-1,partial,inherited from federal
us-ok,SSI-F-POMS-SI-00830,federal,manual,PRESENT,2026-09-10-ssi-poms-si,us/manual/ssa/poms/si/00830.000/block-1,partial,inherited from federal
us-or,SSI-F-POMS-SI-00830,federal,manual,PRESENT,2026-09-10-ssi-poms-si,us/manual/ssa/poms/si/00830.000/block-1,partial,inherited from federal
us-pa,SSI-F-POMS-SI-00830,federal,manual,PRESENT,2026-09-10-ssi-poms-si,us/manual/ssa/poms/si/00830.000/block-1,partial,inherited from federal
us-ri,SSI-F-POMS-SI-00830,federal,manual,PRESENT,2026-09-10-ssi-poms-si,us/manual/ssa/poms/si/00830.000/block-1,partial,inherited from federal
us-sc,SSI-F-POMS-SI-00830,federal,manual,PRESENT,2026-09-10-ssi-poms-si,us/manual/ssa/poms/si/00830.000/block-1,partial,inherited from federal
us-sd,SSI-F-POMS-SI-00830,federal,manual,PRESENT,2026-09-10-ssi-poms-si,us/manual/ssa/poms/si/00830.000/block-1,partial,inherited from federal
us-tn,SSI-F-POMS-SI-00830,federal,manual,PRESENT,2026-09-10-ssi-poms-si,us/manual/ssa/poms/si/00830.000/block-1,partial,inherited from federal
us-tx,SSI-F-POMS-SI-00830,federal,manual,PRESENT,2026-09-10-ssi-poms-si,us/manual/ssa/poms/si/00830.000/block-1,partial,inherited from federal
us-ut,SSI-F-POMS-SI-00830,federal,manual,PRESENT,2026-09-10-ssi-poms-si,us/manual/ssa/poms/si/00830.000/block-1,partial,inherited from federal
us-va,SSI-F-POMS-SI-00830,federal,manual,PRESENT,2026-09-10-ssi-poms-si,us/manual/ssa/poms/si/00830.000/block-1,partial,inherited from federal
us-vt,SSI-F-POMS-SI-00830,federal,manual,PRESENT,2026-09-10-ssi-poms-si,us/manual/ssa/poms/si/00830.000/block-1,partial,inherited from federal
us-wa,SSI-F-POMS-SI-00830,federal,manual,PRESENT,2026-09-10-ssi-poms-si,us/manual/ssa/poms/si/00830.000/block-1,partial,inherited from federal
us-wi,SSI-F-POMS-SI-00830,federal,manual,PRESENT,2026-09-10-ssi-poms-si,us/manual/ssa/poms/si/00830.000/block-1,partial,inherited from federal
us-wv,SSI-F-POMS-SI-00830,federal,manual,PRESENT,2026-09-10-ssi-poms-si,us/manual/ssa/poms/si/00830.000/block-1,partial,inherited from federal
us-wy,SSI-F-POMS-SI-00830,federal,manual,PRESENT,2026-09-10-ssi-poms-si,us/manual/ssa/poms/si/00830.000/block-1,partial,inherited from federal
us,SSI-F-POMS-SI-00832,federal,manual,EXTRACTABLE,,,no,"listed on https://secure.ssa.gov/apps10/poms.nsf/subchapterlist!openview&restricttocategory=05008 (7 sections); not taken (run note 2026-09-10-ssi-poms-si, judgment 1)"
us-ak,SSI-F-POMS-SI-00832,federal,manual,EXTRACTABLE,,,no,inherited from federal
us-al,SSI-F-POMS-SI-00832,federal,manual,EXTRACTABLE,,,no,inherited from federal
us-ar,SSI-F-POMS-SI-00832,federal,manual,EXTRACTABLE,,,no,inherited from federal
us-az,SSI-F-POMS-SI-00832,federal,manual,EXTRACTABLE,,,no,inherited from federal
us-ca,SSI-F-POMS-SI-00832,federal,manual,EXTRACTABLE,,,no,inherited from federal
us-co,SSI-F-POMS-SI-00832,federal,manual,EXTRACTABLE,,,no,inherited from federal
us-ct,SSI-F-POMS-SI-00832,federal,manual,EXTRACTABLE,,,no,inherited from federal
us-dc,SSI-F-POMS-SI-00832,federal,manual,EXTRACTABLE,,,no,inherited from federal
us-de,SSI-F-POMS-SI-00832,federal,manual,EXTRACTABLE,,,no,inherited from federal
us-fl,SSI-F-POMS-SI-00832,federal,manual,EXTRACTABLE,,,no,inherited from federal
us-ga,SSI-F-POMS-SI-00832,federal,manual,EXTRACTABLE,,,no,inherited from federal
us-hi,SSI-F-POMS-SI-00832,federal,manual,EXTRACTABLE,,,no,inherited from federal
us-ia,SSI-F-POMS-SI-00832,federal,manual,EXTRACTABLE,,,no,inherited from federal
us-id,SSI-F-POMS-SI-00832,federal,manual,EXTRACTABLE,,,no,inherited from federal
us-il,SSI-F-POMS-SI-00832,federal,manual,EXTRACTABLE,,,no,inherited from federal
us-in,SSI-F-POMS-SI-00832,federal,manual,EXTRACTABLE,,,no,inherited from federal
us-ks,SSI-F-POMS-SI-00832,federal,manual,EXTRACTABLE,,,no,inherited from federal
us-ky,SSI-F-POMS-SI-00832,federal,manual,EXTRACTABLE,,,no,inherited from federal
us-la,SSI-F-POMS-SI-00832,federal,manual,EXTRACTABLE,,,no,inherited from federal
us-ma,SSI-F-POMS-SI-00832,federal,manual,EXTRACTABLE,,,no,inherited from federal
us-md,SSI-F-POMS-SI-00832,federal,manual,EXTRACTABLE,,,no,inherited from federal
us-me,SSI-F-POMS-SI-00832,federal,manual,EXTRACTABLE,,,no,inherited from federal
us-mi,SSI-F-POMS-SI-00832,federal,manual,EXTRACTABLE,,,no,inherited from federal
us-mn,SSI-F-POMS-SI-00832,federal,manual,EXTRACTABLE,,,no,inherited from federal
us-mo,SSI-F-POMS-SI-00832,federal,manual,EXTRACTABLE,,,no,inherited from federal
us-ms,SSI-F-POMS-SI-00832,federal,manual,EXTRACTABLE,,,no,inherited from federal
us-mt,SSI-F-POMS-SI-00832,federal,manual,EXTRACTABLE,,,no,inherited from federal
us-nc,SSI-F-POMS-SI-00832,federal,manual,EXTRACTABLE,,,no,inherited from federal
us-nd,SSI-F-POMS-SI-00832,federal,manual,EXTRACTABLE,,,no,inherited from federal
us-ne,SSI-F-POMS-SI-00832,federal,manual,EXTRACTABLE,,,no,inherited from federal
us-nh,SSI-F-POMS-SI-00832,federal,manual,EXTRACTABLE,,,no,inherited from federal
us-nj,SSI-F-POMS-SI-00832,federal,manual,EXTRACTABLE,,,no,inherited from federal
us-nm,SSI-F-POMS-SI-00832,federal,manual,EXTRACTABLE,,,no,inherited from federal
us-nv,SSI-F-POMS-SI-00832,federal,manual,EXTRACTABLE,,,no,inherited from federal
us-ny,SSI-F-POMS-SI-00832,federal,manual,EXTRACTABLE,,,no,inherited from federal
us-oh,SSI-F-POMS-SI-00832,federal,manual,EXTRACTABLE,,,no,inherited from federal
us-ok,SSI-F-POMS-SI-00832,federal,manual,EXTRACTABLE,,,no,inherited from federal
us-or,SSI-F-POMS-SI-00832,federal,manual,EXTRACTABLE,,,no,inherited from federal
us-pa,SSI-F-POMS-SI-00832,federal,manual,EXTRACTABLE,,,no,inherited from federal
us-ri,SSI-F-POMS-SI-00832,federal,manual,EXTRACTABLE,,,no,inherited from federal
us-sc,SSI-F-POMS-SI-00832,federal,manual,EXTRACTABLE,,,no,inherited from federal
us-sd,SSI-F-POMS-SI-00832,federal,manual,EXTRACTABLE,,,no,inherited from federal
us-tn,SSI-F-POMS-SI-00832,federal,manual,EXTRACTABLE,,,no,inherited from federal
us-tx,SSI-F-POMS-SI-00832,federal,manual,EXTRACTABLE,,,no,inherited from federal
us-ut,SSI-F-POMS-SI-00832,federal,manual,EXTRACTABLE,,,no,inherited from federal
us-va,SSI-F-POMS-SI-00832,federal,manual,EXTRACTABLE,,,no,inherited from federal
us-vt,SSI-F-POMS-SI-00832,federal,manual,EXTRACTABLE,,,no,inherited from federal
us-wa,SSI-F-POMS-SI-00832,federal,manual,EXTRACTABLE,,,no,inherited from federal
us-wi,SSI-F-POMS-SI-00832,federal,manual,EXTRACTABLE,,,no,inherited from federal
us-wv,SSI-F-POMS-SI-00832,federal,manual,EXTRACTABLE,,,no,inherited from federal
us-wy,SSI-F-POMS-SI-00832,federal,manual,EXTRACTABLE,,,no,inherited from federal
us,SSI-F-POMS-SI-00835,federal,manual,PRESENT,2026-09-10-ssi-poms-si,us/manual/ssa/poms/si/00835.000/block-1,partial,67/67 sections taken incl. regional; block bodies opened
us-ak,SSI-F-POMS-SI-00835,federal,manual,PRESENT,2026-09-10-ssi-poms-si,us/manual/ssa/poms/si/00835.000/block-1,partial,inherited from federal
us-al,SSI-F-POMS-SI-00835,federal,manual,PRESENT,2026-09-10-ssi-poms-si,us/manual/ssa/poms/si/00835.000/block-1,partial,inherited from federal
us-ar,SSI-F-POMS-SI-00835,federal,manual,PRESENT,2026-09-10-ssi-poms-si,us/manual/ssa/poms/si/00835.000/block-1,partial,inherited from federal
us-az,SSI-F-POMS-SI-00835,federal,manual,PRESENT,2026-09-10-ssi-poms-si,us/manual/ssa/poms/si/00835.000/block-1,partial,inherited from federal
us-ca,SSI-F-POMS-SI-00835,federal,manual,PRESENT,2026-09-10-ssi-poms-si,us/manual/ssa/poms/si/00835.000/block-1,partial,inherited from federal
us-co,SSI-F-POMS-SI-00835,federal,manual,PRESENT,2026-09-10-ssi-poms-si,us/manual/ssa/poms/si/00835.000/block-1,partial,inherited from federal
us-ct,SSI-F-POMS-SI-00835,federal,manual,PRESENT,2026-09-10-ssi-poms-si,us/manual/ssa/poms/si/00835.000/block-1,partial,inherited from federal
us-dc,SSI-F-POMS-SI-00835,federal,manual,PRESENT,2026-09-10-ssi-poms-si,us/manual/ssa/poms/si/00835.000/block-1,partial,inherited from federal
us-de,SSI-F-POMS-SI-00835,federal,manual,PRESENT,2026-09-10-ssi-poms-si,us/manual/ssa/poms/si/00835.000/block-1,partial,inherited from federal
us-fl,SSI-F-POMS-SI-00835,federal,manual,PRESENT,2026-09-10-ssi-poms-si,us/manual/ssa/poms/si/00835.000/block-1,partial,inherited from federal
us-ga,SSI-F-POMS-SI-00835,federal,manual,PRESENT,2026-09-10-ssi-poms-si,us/manual/ssa/poms/si/00835.000/block-1,partial,inherited from federal
us-hi,SSI-F-POMS-SI-00835,federal,manual,PRESENT,2026-09-10-ssi-poms-si,us/manual/ssa/poms/si/00835.000/block-1,partial,inherited from federal
us-ia,SSI-F-POMS-SI-00835,federal,manual,PRESENT,2026-09-10-ssi-poms-si,us/manual/ssa/poms/si/00835.000/block-1,partial,inherited from federal
us-id,SSI-F-POMS-SI-00835,federal,manual,PRESENT,2026-09-10-ssi-poms-si,us/manual/ssa/poms/si/00835.000/block-1,partial,inherited from federal
us-il,SSI-F-POMS-SI-00835,federal,manual,PRESENT,2026-09-10-ssi-poms-si,us/manual/ssa/poms/si/00835.000/block-1,partial,inherited from federal
us-in,SSI-F-POMS-SI-00835,federal,manual,PRESENT,2026-09-10-ssi-poms-si,us/manual/ssa/poms/si/00835.000/block-1,partial,inherited from federal
us-ks,SSI-F-POMS-SI-00835,federal,manual,PRESENT,2026-09-10-ssi-poms-si,us/manual/ssa/poms/si/00835.000/block-1,partial,inherited from federal
us-ky,SSI-F-POMS-SI-00835,federal,manual,PRESENT,2026-09-10-ssi-poms-si,us/manual/ssa/poms/si/00835.000/block-1,partial,inherited from federal
us-la,SSI-F-POMS-SI-00835,federal,manual,PRESENT,2026-09-10-ssi-poms-si,us/manual/ssa/poms/si/00835.000/block-1,partial,inherited from federal
us-ma,SSI-F-POMS-SI-00835,federal,manual,PRESENT,2026-09-10-ssi-poms-si,us/manual/ssa/poms/si/00835.000/block-1,partial,inherited from federal
us-md,SSI-F-POMS-SI-00835,federal,manual,PRESENT,2026-09-10-ssi-poms-si,us/manual/ssa/poms/si/00835.000/block-1,partial,inherited from federal
us-me,SSI-F-POMS-SI-00835,federal,manual,PRESENT,2026-09-10-ssi-poms-si,us/manual/ssa/poms/si/00835.000/block-1,partial,inherited from federal
us-mi,SSI-F-POMS-SI-00835,federal,manual,PRESENT,2026-09-10-ssi-poms-si,us/manual/ssa/poms/si/00835.000/block-1,partial,inherited from federal
us-mn,SSI-F-POMS-SI-00835,federal,manual,PRESENT,2026-09-10-ssi-poms-si,us/manual/ssa/poms/si/00835.000/block-1,partial,inherited from federal
us-mo,SSI-F-POMS-SI-00835,federal,manual,PRESENT,2026-09-10-ssi-poms-si,us/manual/ssa/poms/si/00835.000/block-1,partial,inherited from federal
us-ms,SSI-F-POMS-SI-00835,federal,manual,PRESENT,2026-09-10-ssi-poms-si,us/manual/ssa/poms/si/00835.000/block-1,partial,inherited from federal
us-mt,SSI-F-POMS-SI-00835,federal,manual,PRESENT,2026-09-10-ssi-poms-si,us/manual/ssa/poms/si/00835.000/block-1,partial,inherited from federal
us-nc,SSI-F-POMS-SI-00835,federal,manual,PRESENT,2026-09-10-ssi-poms-si,us/manual/ssa/poms/si/00835.000/block-1,partial,inherited from federal
us-nd,SSI-F-POMS-SI-00835,federal,manual,PRESENT,2026-09-10-ssi-poms-si,us/manual/ssa/poms/si/00835.000/block-1,partial,inherited from federal
us-ne,SSI-F-POMS-SI-00835,federal,manual,PRESENT,2026-09-10-ssi-poms-si,us/manual/ssa/poms/si/00835.000/block-1,partial,inherited from federal
us-nh,SSI-F-POMS-SI-00835,federal,manual,PRESENT,2026-09-10-ssi-poms-si,us/manual/ssa/poms/si/00835.000/block-1,partial,inherited from federal
us-nj,SSI-F-POMS-SI-00835,federal,manual,PRESENT,2026-09-10-ssi-poms-si,us/manual/ssa/poms/si/00835.000/block-1,partial,inherited from federal
us-nm,SSI-F-POMS-SI-00835,federal,manual,PRESENT,2026-09-10-ssi-poms-si,us/manual/ssa/poms/si/00835.000/block-1,partial,inherited from federal
us-nv,SSI-F-POMS-SI-00835,federal,manual,PRESENT,2026-09-10-ssi-poms-si,us/manual/ssa/poms/si/00835.000/block-1,partial,inherited from federal
us-ny,SSI-F-POMS-SI-00835,federal,manual,PRESENT,2026-09-10-ssi-poms-si,us/manual/ssa/poms/si/00835.000/block-1,partial,inherited from federal
us-oh,SSI-F-POMS-SI-00835,federal,manual,PRESENT,2026-09-10-ssi-poms-si,us/manual/ssa/poms/si/00835.000/block-1,partial,inherited from federal
us-ok,SSI-F-POMS-SI-00835,federal,manual,PRESENT,2026-09-10-ssi-poms-si,us/manual/ssa/poms/si/00835.000/block-1,partial,inherited from federal
us-or,SSI-F-POMS-SI-00835,federal,manual,PRESENT,2026-09-10-ssi-poms-si,us/manual/ssa/poms/si/00835.000/block-1,partial,inherited from federal
us-pa,SSI-F-POMS-SI-00835,federal,manual,PRESENT,2026-09-10-ssi-poms-si,us/manual/ssa/poms/si/00835.000/block-1,partial,inherited from federal
us-ri,SSI-F-POMS-SI-00835,federal,manual,PRESENT,2026-09-10-ssi-poms-si,us/manual/ssa/poms/si/00835.000/block-1,partial,inherited from federal
us-sc,SSI-F-POMS-SI-00835,federal,manual,PRESENT,2026-09-10-ssi-poms-si,us/manual/ssa/poms/si/00835.000/block-1,partial,inherited from federal
us-sd,SSI-F-POMS-SI-00835,federal,manual,PRESENT,2026-09-10-ssi-poms-si,us/manual/ssa/poms/si/00835.000/block-1,partial,inherited from federal
us-tn,SSI-F-POMS-SI-00835,federal,manual,PRESENT,2026-09-10-ssi-poms-si,us/manual/ssa/poms/si/00835.000/block-1,partial,inherited from federal
us-tx,SSI-F-POMS-SI-00835,federal,manual,PRESENT,2026-09-10-ssi-poms-si,us/manual/ssa/poms/si/00835.000/block-1,partial,inherited from federal
us-ut,SSI-F-POMS-SI-00835,federal,manual,PRESENT,2026-09-10-ssi-poms-si,us/manual/ssa/poms/si/00835.000/block-1,partial,inherited from federal
us-va,SSI-F-POMS-SI-00835,federal,manual,PRESENT,2026-09-10-ssi-poms-si,us/manual/ssa/poms/si/00835.000/block-1,partial,inherited from federal
us-vt,SSI-F-POMS-SI-00835,federal,manual,PRESENT,2026-09-10-ssi-poms-si,us/manual/ssa/poms/si/00835.000/block-1,partial,inherited from federal
us-wa,SSI-F-POMS-SI-00835,federal,manual,PRESENT,2026-09-10-ssi-poms-si,us/manual/ssa/poms/si/00835.000/block-1,partial,inherited from federal
us-wi,SSI-F-POMS-SI-00835,federal,manual,PRESENT,2026-09-10-ssi-poms-si,us/manual/ssa/poms/si/00835.000/block-1,partial,inherited from federal
us-wv,SSI-F-POMS-SI-00835,federal,manual,PRESENT,2026-09-10-ssi-poms-si,us/manual/ssa/poms/si/00835.000/block-1,partial,inherited from federal
us-wy,SSI-F-POMS-SI-00835,federal,manual,PRESENT,2026-09-10-ssi-poms-si,us/manual/ssa/poms/si/00835.000/block-1,partial,inherited from federal
us,SSI-F-POMS-SI-00870,federal,manual,EXTRACTABLE,,,no,"listed on https://secure.ssa.gov/apps10/poms.nsf/subchapterlist!openview&restricttocategory=05008 (20 sections); not taken (run note 2026-09-10-ssi-poms-si, judgment 1)"
us-ak,SSI-F-POMS-SI-00870,federal,manual,EXTRACTABLE,,,no,inherited from federal
us-al,SSI-F-POMS-SI-00870,federal,manual,EXTRACTABLE,,,no,inherited from federal
us-ar,SSI-F-POMS-SI-00870,federal,manual,EXTRACTABLE,,,no,inherited from federal
us-az,SSI-F-POMS-SI-00870,federal,manual,EXTRACTABLE,,,no,inherited from federal
us-ca,SSI-F-POMS-SI-00870,federal,manual,EXTRACTABLE,,,no,inherited from federal
us-co,SSI-F-POMS-SI-00870,federal,manual,EXTRACTABLE,,,no,inherited from federal
us-ct,SSI-F-POMS-SI-00870,federal,manual,EXTRACTABLE,,,no,inherited from federal
us-dc,SSI-F-POMS-SI-00870,federal,manual,EXTRACTABLE,,,no,inherited from federal
us-de,SSI-F-POMS-SI-00870,federal,manual,EXTRACTABLE,,,no,inherited from federal
us-fl,SSI-F-POMS-SI-00870,federal,manual,EXTRACTABLE,,,no,inherited from federal
us-ga,SSI-F-POMS-SI-00870,federal,manual,EXTRACTABLE,,,no,inherited from federal
us-hi,SSI-F-POMS-SI-00870,federal,manual,EXTRACTABLE,,,no,inherited from federal
us-ia,SSI-F-POMS-SI-00870,federal,manual,EXTRACTABLE,,,no,inherited from federal
us-id,SSI-F-POMS-SI-00870,federal,manual,EXTRACTABLE,,,no,inherited from federal
us-il,SSI-F-POMS-SI-00870,federal,manual,EXTRACTABLE,,,no,inherited from federal
us-in,SSI-F-POMS-SI-00870,federal,manual,EXTRACTABLE,,,no,inherited from federal
us-ks,SSI-F-POMS-SI-00870,federal,manual,EXTRACTABLE,,,no,inherited from federal
us-ky,SSI-F-POMS-SI-00870,federal,manual,EXTRACTABLE,,,no,inherited from federal
us-la,SSI-F-POMS-SI-00870,federal,manual,EXTRACTABLE,,,no,inherited from federal
us-ma,SSI-F-POMS-SI-00870,federal,manual,EXTRACTABLE,,,no,inherited from federal
us-md,SSI-F-POMS-SI-00870,federal,manual,EXTRACTABLE,,,no,inherited from federal
us-me,SSI-F-POMS-SI-00870,federal,manual,EXTRACTABLE,,,no,inherited from federal
us-mi,SSI-F-POMS-SI-00870,federal,manual,EXTRACTABLE,,,no,inherited from federal
us-mn,SSI-F-POMS-SI-00870,federal,manual,EXTRACTABLE,,,no,inherited from federal
us-mo,SSI-F-POMS-SI-00870,federal,manual,EXTRACTABLE,,,no,inherited from federal
us-ms,SSI-F-POMS-SI-00870,federal,manual,EXTRACTABLE,,,no,inherited from federal
us-mt,SSI-F-POMS-SI-00870,federal,manual,EXTRACTABLE,,,no,inherited from federal
us-nc,SSI-F-POMS-SI-00870,federal,manual,EXTRACTABLE,,,no,inherited from federal
us-nd,SSI-F-POMS-SI-00870,federal,manual,EXTRACTABLE,,,no,inherited from federal
us-ne,SSI-F-POMS-SI-00870,federal,manual,EXTRACTABLE,,,no,inherited from federal
us-nh,SSI-F-POMS-SI-00870,federal,manual,EXTRACTABLE,,,no,inherited from federal
us-nj,SSI-F-POMS-SI-00870,federal,manual,EXTRACTABLE,,,no,inherited from federal
us-nm,SSI-F-POMS-SI-00870,federal,manual,EXTRACTABLE,,,no,inherited from federal
us-nv,SSI-F-POMS-SI-00870,federal,manual,EXTRACTABLE,,,no,inherited from federal
us-ny,SSI-F-POMS-SI-00870,federal,manual,EXTRACTABLE,,,no,inherited from federal
us-oh,SSI-F-POMS-SI-00870,federal,manual,EXTRACTABLE,,,no,inherited from federal
us-ok,SSI-F-POMS-SI-00870,federal,manual,EXTRACTABLE,,,no,inherited from federal
us-or,SSI-F-POMS-SI-00870,federal,manual,EXTRACTABLE,,,no,inherited from federal
us-pa,SSI-F-POMS-SI-00870,federal,manual,EXTRACTABLE,,,no,inherited from federal
us-ri,SSI-F-POMS-SI-00870,federal,manual,EXTRACTABLE,,,no,inherited from federal
us-sc,SSI-F-POMS-SI-00870,federal,manual,EXTRACTABLE,,,no,inherited from federal
us-sd,SSI-F-POMS-SI-00870,federal,manual,EXTRACTABLE,,,no,inherited from federal
us-tn,SSI-F-POMS-SI-00870,federal,manual,EXTRACTABLE,,,no,inherited from federal
us-tx,SSI-F-POMS-SI-00870,federal,manual,EXTRACTABLE,,,no,inherited from federal
us-ut,SSI-F-POMS-SI-00870,federal,manual,EXTRACTABLE,,,no,inherited from federal
us-va,SSI-F-POMS-SI-00870,federal,manual,EXTRACTABLE,,,no,inherited from federal
us-vt,SSI-F-POMS-SI-00870,federal,manual,EXTRACTABLE,,,no,inherited from federal
us-wa,SSI-F-POMS-SI-00870,federal,manual,EXTRACTABLE,,,no,inherited from federal
us-wi,SSI-F-POMS-SI-00870,federal,manual,EXTRACTABLE,,,no,inherited from federal
us-wv,SSI-F-POMS-SI-00870,federal,manual,EXTRACTABLE,,,no,inherited from federal
us-wy,SSI-F-POMS-SI-00870,federal,manual,EXTRACTABLE,,,no,inherited from federal
us,SSI-F-POMS-SI-01100,federal,manual,EXTRACTABLE,,,no,"listed on https://secure.ssa.gov/apps10/poms.nsf/subchapterlist!openview&restricttocategory=05011 (1 sections); not taken (run note 2026-09-10-ssi-poms-si, judgment 1)"
us-ak,SSI-F-POMS-SI-01100,federal,manual,EXTRACTABLE,,,no,inherited from federal
us-al,SSI-F-POMS-SI-01100,federal,manual,EXTRACTABLE,,,no,inherited from federal
us-ar,SSI-F-POMS-SI-01100,federal,manual,EXTRACTABLE,,,no,inherited from federal
us-az,SSI-F-POMS-SI-01100,federal,manual,EXTRACTABLE,,,no,inherited from federal
us-ca,SSI-F-POMS-SI-01100,federal,manual,EXTRACTABLE,,,no,inherited from federal
us-co,SSI-F-POMS-SI-01100,federal,manual,EXTRACTABLE,,,no,inherited from federal
us-ct,SSI-F-POMS-SI-01100,federal,manual,EXTRACTABLE,,,no,inherited from federal
us-dc,SSI-F-POMS-SI-01100,federal,manual,EXTRACTABLE,,,no,inherited from federal
us-de,SSI-F-POMS-SI-01100,federal,manual,EXTRACTABLE,,,no,inherited from federal
us-fl,SSI-F-POMS-SI-01100,federal,manual,EXTRACTABLE,,,no,inherited from federal
us-ga,SSI-F-POMS-SI-01100,federal,manual,EXTRACTABLE,,,no,inherited from federal
us-hi,SSI-F-POMS-SI-01100,federal,manual,EXTRACTABLE,,,no,inherited from federal
us-ia,SSI-F-POMS-SI-01100,federal,manual,EXTRACTABLE,,,no,inherited from federal
us-id,SSI-F-POMS-SI-01100,federal,manual,EXTRACTABLE,,,no,inherited from federal
us-il,SSI-F-POMS-SI-01100,federal,manual,EXTRACTABLE,,,no,inherited from federal
us-in,SSI-F-POMS-SI-01100,federal,manual,EXTRACTABLE,,,no,inherited from federal
us-ks,SSI-F-POMS-SI-01100,federal,manual,EXTRACTABLE,,,no,inherited from federal
us-ky,SSI-F-POMS-SI-01100,federal,manual,EXTRACTABLE,,,no,inherited from federal
us-la,SSI-F-POMS-SI-01100,federal,manual,EXTRACTABLE,,,no,inherited from federal
us-ma,SSI-F-POMS-SI-01100,federal,manual,EXTRACTABLE,,,no,inherited from federal
us-md,SSI-F-POMS-SI-01100,federal,manual,EXTRACTABLE,,,no,inherited from federal
us-me,SSI-F-POMS-SI-01100,federal,manual,EXTRACTABLE,,,no,inherited from federal
us-mi,SSI-F-POMS-SI-01100,federal,manual,EXTRACTABLE,,,no,inherited from federal
us-mn,SSI-F-POMS-SI-01100,federal,manual,EXTRACTABLE,,,no,inherited from federal
us-mo,SSI-F-POMS-SI-01100,federal,manual,EXTRACTABLE,,,no,inherited from federal
us-ms,SSI-F-POMS-SI-01100,federal,manual,EXTRACTABLE,,,no,inherited from federal
us-mt,SSI-F-POMS-SI-01100,federal,manual,EXTRACTABLE,,,no,inherited from federal
us-nc,SSI-F-POMS-SI-01100,federal,manual,EXTRACTABLE,,,no,inherited from federal
us-nd,SSI-F-POMS-SI-01100,federal,manual,EXTRACTABLE,,,no,inherited from federal
us-ne,SSI-F-POMS-SI-01100,federal,manual,EXTRACTABLE,,,no,inherited from federal
us-nh,SSI-F-POMS-SI-01100,federal,manual,EXTRACTABLE,,,no,inherited from federal
us-nj,SSI-F-POMS-SI-01100,federal,manual,EXTRACTABLE,,,no,inherited from federal
us-nm,SSI-F-POMS-SI-01100,federal,manual,EXTRACTABLE,,,no,inherited from federal
us-nv,SSI-F-POMS-SI-01100,federal,manual,EXTRACTABLE,,,no,inherited from federal
us-ny,SSI-F-POMS-SI-01100,federal,manual,EXTRACTABLE,,,no,inherited from federal
us-oh,SSI-F-POMS-SI-01100,federal,manual,EXTRACTABLE,,,no,inherited from federal
us-ok,SSI-F-POMS-SI-01100,federal,manual,EXTRACTABLE,,,no,inherited from federal
us-or,SSI-F-POMS-SI-01100,federal,manual,EXTRACTABLE,,,no,inherited from federal
us-pa,SSI-F-POMS-SI-01100,federal,manual,EXTRACTABLE,,,no,inherited from federal
us-ri,SSI-F-POMS-SI-01100,federal,manual,EXTRACTABLE,,,no,inherited from federal
us-sc,SSI-F-POMS-SI-01100,federal,manual,EXTRACTABLE,,,no,inherited from federal
us-sd,SSI-F-POMS-SI-01100,federal,manual,EXTRACTABLE,,,no,inherited from federal
us-tn,SSI-F-POMS-SI-01100,federal,manual,EXTRACTABLE,,,no,inherited from federal
us-tx,SSI-F-POMS-SI-01100,federal,manual,EXTRACTABLE,,,no,inherited from federal
us-ut,SSI-F-POMS-SI-01100,federal,manual,EXTRACTABLE,,,no,inherited from federal
us-va,SSI-F-POMS-SI-01100,federal,manual,EXTRACTABLE,,,no,inherited from federal
us-vt,SSI-F-POMS-SI-01100,federal,manual,EXTRACTABLE,,,no,inherited from federal
us-wa,SSI-F-POMS-SI-01100,federal,manual,EXTRACTABLE,,,no,inherited from federal
us-wi,SSI-F-POMS-SI-01100,federal,manual,EXTRACTABLE,,,no,inherited from federal
us-wv,SSI-F-POMS-SI-01100,federal,manual,EXTRACTABLE,,,no,inherited from federal
us-wy,SSI-F-POMS-SI-01100,federal,manual,EXTRACTABLE,,,no,inherited from federal
us,SSI-F-POMS-SI-01110,federal,manual,PRESENT,2026-09-10-ssi-poms-si,us/manual/ssa/poms/si/01110.000/block-1,partial,28/28 sections taken incl. regional; block bodies opened
us-ak,SSI-F-POMS-SI-01110,federal,manual,PRESENT,2026-09-10-ssi-poms-si,us/manual/ssa/poms/si/01110.000/block-1,partial,inherited from federal
us-al,SSI-F-POMS-SI-01110,federal,manual,PRESENT,2026-09-10-ssi-poms-si,us/manual/ssa/poms/si/01110.000/block-1,partial,inherited from federal
us-ar,SSI-F-POMS-SI-01110,federal,manual,PRESENT,2026-09-10-ssi-poms-si,us/manual/ssa/poms/si/01110.000/block-1,partial,inherited from federal
us-az,SSI-F-POMS-SI-01110,federal,manual,PRESENT,2026-09-10-ssi-poms-si,us/manual/ssa/poms/si/01110.000/block-1,partial,inherited from federal
us-ca,SSI-F-POMS-SI-01110,federal,manual,PRESENT,2026-09-10-ssi-poms-si,us/manual/ssa/poms/si/01110.000/block-1,partial,inherited from federal
us-co,SSI-F-POMS-SI-01110,federal,manual,PRESENT,2026-09-10-ssi-poms-si,us/manual/ssa/poms/si/01110.000/block-1,partial,inherited from federal
us-ct,SSI-F-POMS-SI-01110,federal,manual,PRESENT,2026-09-10-ssi-poms-si,us/manual/ssa/poms/si/01110.000/block-1,partial,inherited from federal
us-dc,SSI-F-POMS-SI-01110,federal,manual,PRESENT,2026-09-10-ssi-poms-si,us/manual/ssa/poms/si/01110.000/block-1,partial,inherited from federal
us-de,SSI-F-POMS-SI-01110,federal,manual,PRESENT,2026-09-10-ssi-poms-si,us/manual/ssa/poms/si/01110.000/block-1,partial,inherited from federal
us-fl,SSI-F-POMS-SI-01110,federal,manual,PRESENT,2026-09-10-ssi-poms-si,us/manual/ssa/poms/si/01110.000/block-1,partial,inherited from federal
us-ga,SSI-F-POMS-SI-01110,federal,manual,PRESENT,2026-09-10-ssi-poms-si,us/manual/ssa/poms/si/01110.000/block-1,partial,inherited from federal
us-hi,SSI-F-POMS-SI-01110,federal,manual,PRESENT,2026-09-10-ssi-poms-si,us/manual/ssa/poms/si/01110.000/block-1,partial,inherited from federal
us-ia,SSI-F-POMS-SI-01110,federal,manual,PRESENT,2026-09-10-ssi-poms-si,us/manual/ssa/poms/si/01110.000/block-1,partial,inherited from federal
us-id,SSI-F-POMS-SI-01110,federal,manual,PRESENT,2026-09-10-ssi-poms-si,us/manual/ssa/poms/si/01110.000/block-1,partial,inherited from federal
us-il,SSI-F-POMS-SI-01110,federal,manual,PRESENT,2026-09-10-ssi-poms-si,us/manual/ssa/poms/si/01110.000/block-1,partial,inherited from federal
us-in,SSI-F-POMS-SI-01110,federal,manual,PRESENT,2026-09-10-ssi-poms-si,us/manual/ssa/poms/si/01110.000/block-1,partial,inherited from federal
us-ks,SSI-F-POMS-SI-01110,federal,manual,PRESENT,2026-09-10-ssi-poms-si,us/manual/ssa/poms/si/01110.000/block-1,partial,inherited from federal
us-ky,SSI-F-POMS-SI-01110,federal,manual,PRESENT,2026-09-10-ssi-poms-si,us/manual/ssa/poms/si/01110.000/block-1,partial,inherited from federal
us-la,SSI-F-POMS-SI-01110,federal,manual,PRESENT,2026-09-10-ssi-poms-si,us/manual/ssa/poms/si/01110.000/block-1,partial,inherited from federal
us-ma,SSI-F-POMS-SI-01110,federal,manual,PRESENT,2026-09-10-ssi-poms-si,us/manual/ssa/poms/si/01110.000/block-1,partial,inherited from federal
us-md,SSI-F-POMS-SI-01110,federal,manual,PRESENT,2026-09-10-ssi-poms-si,us/manual/ssa/poms/si/01110.000/block-1,partial,inherited from federal
us-me,SSI-F-POMS-SI-01110,federal,manual,PRESENT,2026-09-10-ssi-poms-si,us/manual/ssa/poms/si/01110.000/block-1,partial,inherited from federal
us-mi,SSI-F-POMS-SI-01110,federal,manual,PRESENT,2026-09-10-ssi-poms-si,us/manual/ssa/poms/si/01110.000/block-1,partial,inherited from federal
us-mn,SSI-F-POMS-SI-01110,federal,manual,PRESENT,2026-09-10-ssi-poms-si,us/manual/ssa/poms/si/01110.000/block-1,partial,inherited from federal
us-mo,SSI-F-POMS-SI-01110,federal,manual,PRESENT,2026-09-10-ssi-poms-si,us/manual/ssa/poms/si/01110.000/block-1,partial,inherited from federal
us-ms,SSI-F-POMS-SI-01110,federal,manual,PRESENT,2026-09-10-ssi-poms-si,us/manual/ssa/poms/si/01110.000/block-1,partial,inherited from federal
us-mt,SSI-F-POMS-SI-01110,federal,manual,PRESENT,2026-09-10-ssi-poms-si,us/manual/ssa/poms/si/01110.000/block-1,partial,inherited from federal
us-nc,SSI-F-POMS-SI-01110,federal,manual,PRESENT,2026-09-10-ssi-poms-si,us/manual/ssa/poms/si/01110.000/block-1,partial,inherited from federal
us-nd,SSI-F-POMS-SI-01110,federal,manual,PRESENT,2026-09-10-ssi-poms-si,us/manual/ssa/poms/si/01110.000/block-1,partial,inherited from federal
us-ne,SSI-F-POMS-SI-01110,federal,manual,PRESENT,2026-09-10-ssi-poms-si,us/manual/ssa/poms/si/01110.000/block-1,partial,inherited from federal
us-nh,SSI-F-POMS-SI-01110,federal,manual,PRESENT,2026-09-10-ssi-poms-si,us/manual/ssa/poms/si/01110.000/block-1,partial,inherited from federal
us-nj,SSI-F-POMS-SI-01110,federal,manual,PRESENT,2026-09-10-ssi-poms-si,us/manual/ssa/poms/si/01110.000/block-1,partial,inherited from federal
us-nm,SSI-F-POMS-SI-01110,federal,manual,PRESENT,2026-09-10-ssi-poms-si,us/manual/ssa/poms/si/01110.000/block-1,partial,inherited from federal
us-nv,SSI-F-POMS-SI-01110,federal,manual,PRESENT,2026-09-10-ssi-poms-si,us/manual/ssa/poms/si/01110.000/block-1,partial,inherited from federal
us-ny,SSI-F-POMS-SI-01110,federal,manual,PRESENT,2026-09-10-ssi-poms-si,us/manual/ssa/poms/si/01110.000/block-1,partial,inherited from federal
us-oh,SSI-F-POMS-SI-01110,federal,manual,PRESENT,2026-09-10-ssi-poms-si,us/manual/ssa/poms/si/01110.000/block-1,partial,inherited from federal
us-ok,SSI-F-POMS-SI-01110,federal,manual,PRESENT,2026-09-10-ssi-poms-si,us/manual/ssa/poms/si/01110.000/block-1,partial,inherited from federal
us-or,SSI-F-POMS-SI-01110,federal,manual,PRESENT,2026-09-10-ssi-poms-si,us/manual/ssa/poms/si/01110.000/block-1,partial,inherited from federal
us-pa,SSI-F-POMS-SI-01110,federal,manual,PRESENT,2026-09-10-ssi-poms-si,us/manual/ssa/poms/si/01110.000/block-1,partial,inherited from federal
us-ri,SSI-F-POMS-SI-01110,federal,manual,PRESENT,2026-09-10-ssi-poms-si,us/manual/ssa/poms/si/01110.000/block-1,partial,inherited from federal
us-sc,SSI-F-POMS-SI-01110,federal,manual,PRESENT,2026-09-10-ssi-poms-si,us/manual/ssa/poms/si/01110.000/block-1,partial,inherited from federal
us-sd,SSI-F-POMS-SI-01110,federal,manual,PRESENT,2026-09-10-ssi-poms-si,us/manual/ssa/poms/si/01110.000/block-1,partial,inherited from federal
us-tn,SSI-F-POMS-SI-01110,federal,manual,PRESENT,2026-09-10-ssi-poms-si,us/manual/ssa/poms/si/01110.000/block-1,partial,inherited from federal
us-tx,SSI-F-POMS-SI-01110,federal,manual,PRESENT,2026-09-10-ssi-poms-si,us/manual/ssa/poms/si/01110.000/block-1,partial,inherited from federal
us-ut,SSI-F-POMS-SI-01110,federal,manual,PRESENT,2026-09-10-ssi-poms-si,us/manual/ssa/poms/si/01110.000/block-1,partial,inherited from federal
us-va,SSI-F-POMS-SI-01110,federal,manual,PRESENT,2026-09-10-ssi-poms-si,us/manual/ssa/poms/si/01110.000/block-1,partial,inherited from federal
us-vt,SSI-F-POMS-SI-01110,federal,manual,PRESENT,2026-09-10-ssi-poms-si,us/manual/ssa/poms/si/01110.000/block-1,partial,inherited from federal
us-wa,SSI-F-POMS-SI-01110,federal,manual,PRESENT,2026-09-10-ssi-poms-si,us/manual/ssa/poms/si/01110.000/block-1,partial,inherited from federal
us-wi,SSI-F-POMS-SI-01110,federal,manual,PRESENT,2026-09-10-ssi-poms-si,us/manual/ssa/poms/si/01110.000/block-1,partial,inherited from federal
us-wv,SSI-F-POMS-SI-01110,federal,manual,PRESENT,2026-09-10-ssi-poms-si,us/manual/ssa/poms/si/01110.000/block-1,partial,inherited from federal
us-wy,SSI-F-POMS-SI-01110,federal,manual,PRESENT,2026-09-10-ssi-poms-si,us/manual/ssa/poms/si/01110.000/block-1,partial,inherited from federal
us,SSI-F-POMS-SI-01120,federal,manual,PRESENT,2026-09-10-ssi-poms-si,us/manual/ssa/poms/si/01120.000/block-1,partial,63/63 sections taken incl. regional; block bodies opened
us-ak,SSI-F-POMS-SI-01120,federal,manual,PRESENT,2026-09-10-ssi-poms-si,us/manual/ssa/poms/si/01120.000/block-1,partial,inherited from federal
us-al,SSI-F-POMS-SI-01120,federal,manual,PRESENT,2026-09-10-ssi-poms-si,us/manual/ssa/poms/si/01120.000/block-1,partial,inherited from federal
us-ar,SSI-F-POMS-SI-01120,federal,manual,PRESENT,2026-09-10-ssi-poms-si,us/manual/ssa/poms/si/01120.000/block-1,partial,inherited from federal
us-az,SSI-F-POMS-SI-01120,federal,manual,PRESENT,2026-09-10-ssi-poms-si,us/manual/ssa/poms/si/01120.000/block-1,partial,inherited from federal
us-ca,SSI-F-POMS-SI-01120,federal,manual,PRESENT,2026-09-10-ssi-poms-si,us/manual/ssa/poms/si/01120.000/block-1,partial,inherited from federal
us-co,SSI-F-POMS-SI-01120,federal,manual,PRESENT,2026-09-10-ssi-poms-si,us/manual/ssa/poms/si/01120.000/block-1,partial,inherited from federal
us-ct,SSI-F-POMS-SI-01120,federal,manual,PRESENT,2026-09-10-ssi-poms-si,us/manual/ssa/poms/si/01120.000/block-1,partial,inherited from federal
us-dc,SSI-F-POMS-SI-01120,federal,manual,PRESENT,2026-09-10-ssi-poms-si,us/manual/ssa/poms/si/01120.000/block-1,partial,inherited from federal
us-de,SSI-F-POMS-SI-01120,federal,manual,PRESENT,2026-09-10-ssi-poms-si,us/manual/ssa/poms/si/01120.000/block-1,partial,inherited from federal
us-fl,SSI-F-POMS-SI-01120,federal,manual,PRESENT,2026-09-10-ssi-poms-si,us/manual/ssa/poms/si/01120.000/block-1,partial,inherited from federal
us-ga,SSI-F-POMS-SI-01120,federal,manual,PRESENT,2026-09-10-ssi-poms-si,us/manual/ssa/poms/si/01120.000/block-1,partial,inherited from federal
us-hi,SSI-F-POMS-SI-01120,federal,manual,PRESENT,2026-09-10-ssi-poms-si,us/manual/ssa/poms/si/01120.000/block-1,partial,inherited from federal
us-ia,SSI-F-POMS-SI-01120,federal,manual,PRESENT,2026-09-10-ssi-poms-si,us/manual/ssa/poms/si/01120.000/block-1,partial,inherited from federal
us-id,SSI-F-POMS-SI-01120,federal,manual,PRESENT,2026-09-10-ssi-poms-si,us/manual/ssa/poms/si/01120.000/block-1,partial,inherited from federal
us-il,SSI-F-POMS-SI-01120,federal,manual,PRESENT,2026-09-10-ssi-poms-si,us/manual/ssa/poms/si/01120.000/block-1,partial,inherited from federal
us-in,SSI-F-POMS-SI-01120,federal,manual,PRESENT,2026-09-10-ssi-poms-si,us/manual/ssa/poms/si/01120.000/block-1,partial,inherited from federal
us-ks,SSI-F-POMS-SI-01120,federal,manual,PRESENT,2026-09-10-ssi-poms-si,us/manual/ssa/poms/si/01120.000/block-1,partial,inherited from federal
us-ky,SSI-F-POMS-SI-01120,federal,manual,PRESENT,2026-09-10-ssi-poms-si,us/manual/ssa/poms/si/01120.000/block-1,partial,inherited from federal
us-la,SSI-F-POMS-SI-01120,federal,manual,PRESENT,2026-09-10-ssi-poms-si,us/manual/ssa/poms/si/01120.000/block-1,partial,inherited from federal
us-ma,SSI-F-POMS-SI-01120,federal,manual,PRESENT,2026-09-10-ssi-poms-si,us/manual/ssa/poms/si/01120.000/block-1,partial,inherited from federal
us-md,SSI-F-POMS-SI-01120,federal,manual,PRESENT,2026-09-10-ssi-poms-si,us/manual/ssa/poms/si/01120.000/block-1,partial,inherited from federal
us-me,SSI-F-POMS-SI-01120,federal,manual,PRESENT,2026-09-10-ssi-poms-si,us/manual/ssa/poms/si/01120.000/block-1,partial,inherited from federal
us-mi,SSI-F-POMS-SI-01120,federal,manual,PRESENT,2026-09-10-ssi-poms-si,us/manual/ssa/poms/si/01120.000/block-1,partial,inherited from federal
us-mn,SSI-F-POMS-SI-01120,federal,manual,PRESENT,2026-09-10-ssi-poms-si,us/manual/ssa/poms/si/01120.000/block-1,partial,inherited from federal
us-mo,SSI-F-POMS-SI-01120,federal,manual,PRESENT,2026-09-10-ssi-poms-si,us/manual/ssa/poms/si/01120.000/block-1,partial,inherited from federal
us-ms,SSI-F-POMS-SI-01120,federal,manual,PRESENT,2026-09-10-ssi-poms-si,us/manual/ssa/poms/si/01120.000/block-1,partial,inherited from federal
us-mt,SSI-F-POMS-SI-01120,federal,manual,PRESENT,2026-09-10-ssi-poms-si,us/manual/ssa/poms/si/01120.000/block-1,partial,inherited from federal
us-nc,SSI-F-POMS-SI-01120,federal,manual,PRESENT,2026-09-10-ssi-poms-si,us/manual/ssa/poms/si/01120.000/block-1,partial,inherited from federal
us-nd,SSI-F-POMS-SI-01120,federal,manual,PRESENT,2026-09-10-ssi-poms-si,us/manual/ssa/poms/si/01120.000/block-1,partial,inherited from federal
us-ne,SSI-F-POMS-SI-01120,federal,manual,PRESENT,2026-09-10-ssi-poms-si,us/manual/ssa/poms/si/01120.000/block-1,partial,inherited from federal
us-nh,SSI-F-POMS-SI-01120,federal,manual,PRESENT,2026-09-10-ssi-poms-si,us/manual/ssa/poms/si/01120.000/block-1,partial,inherited from federal
us-nj,SSI-F-POMS-SI-01120,federal,manual,PRESENT,2026-09-10-ssi-poms-si,us/manual/ssa/poms/si/01120.000/block-1,partial,inherited from federal
us-nm,SSI-F-POMS-SI-01120,federal,manual,PRESENT,2026-09-10-ssi-poms-si,us/manual/ssa/poms/si/01120.000/block-1,partial,inherited from federal
us-nv,SSI-F-POMS-SI-01120,federal,manual,PRESENT,2026-09-10-ssi-poms-si,us/manual/ssa/poms/si/01120.000/block-1,partial,inherited from federal
us-ny,SSI-F-POMS-SI-01120,federal,manual,PRESENT,2026-09-10-ssi-poms-si,us/manual/ssa/poms/si/01120.000/block-1,partial,inherited from federal
us-oh,SSI-F-POMS-SI-01120,federal,manual,PRESENT,2026-09-10-ssi-poms-si,us/manual/ssa/poms/si/01120.000/block-1,partial,inherited from federal
us-ok,SSI-F-POMS-SI-01120,federal,manual,PRESENT,2026-09-10-ssi-poms-si,us/manual/ssa/poms/si/01120.000/block-1,partial,inherited from federal
us-or,SSI-F-POMS-SI-01120,federal,manual,PRESENT,2026-09-10-ssi-poms-si,us/manual/ssa/poms/si/01120.000/block-1,partial,inherited from federal
us-pa,SSI-F-POMS-SI-01120,federal,manual,PRESENT,2026-09-10-ssi-poms-si,us/manual/ssa/poms/si/01120.000/block-1,partial,inherited from federal
us-ri,SSI-F-POMS-SI-01120,federal,manual,PRESENT,2026-09-10-ssi-poms-si,us/manual/ssa/poms/si/01120.000/block-1,partial,inherited from federal
us-sc,SSI-F-POMS-SI-01120,federal,manual,PRESENT,2026-09-10-ssi-poms-si,us/manual/ssa/poms/si/01120.000/block-1,partial,inherited from federal
us-sd,SSI-F-POMS-SI-01120,federal,manual,PRESENT,2026-09-10-ssi-poms-si,us/manual/ssa/poms/si/01120.000/block-1,partial,inherited from federal
us-tn,SSI-F-POMS-SI-01120,federal,manual,PRESENT,2026-09-10-ssi-poms-si,us/manual/ssa/poms/si/01120.000/block-1,partial,inherited from federal
us-tx,SSI-F-POMS-SI-01120,federal,manual,PRESENT,2026-09-10-ssi-poms-si,us/manual/ssa/poms/si/01120.000/block-1,partial,inherited from federal
us-ut,SSI-F-POMS-SI-01120,federal,manual,PRESENT,2026-09-10-ssi-poms-si,us/manual/ssa/poms/si/01120.000/block-1,partial,inherited from federal
us-va,SSI-F-POMS-SI-01120,federal,manual,PRESENT,2026-09-10-ssi-poms-si,us/manual/ssa/poms/si/01120.000/block-1,partial,inherited from federal
us-vt,SSI-F-POMS-SI-01120,federal,manual,PRESENT,2026-09-10-ssi-poms-si,us/manual/ssa/poms/si/01120.000/block-1,partial,inherited from federal
us-wa,SSI-F-POMS-SI-01120,federal,manual,PRESENT,2026-09-10-ssi-poms-si,us/manual/ssa/poms/si/01120.000/block-1,partial,inherited from federal
us-wi,SSI-F-POMS-SI-01120,federal,manual,PRESENT,2026-09-10-ssi-poms-si,us/manual/ssa/poms/si/01120.000/block-1,partial,inherited from federal
us-wv,SSI-F-POMS-SI-01120,federal,manual,PRESENT,2026-09-10-ssi-poms-si,us/manual/ssa/poms/si/01120.000/block-1,partial,inherited from federal
us-wy,SSI-F-POMS-SI-01120,federal,manual,PRESENT,2026-09-10-ssi-poms-si,us/manual/ssa/poms/si/01120.000/block-1,partial,inherited from federal
us,SSI-F-POMS-SI-01130,federal,manual,PRESENT,2026-09-10-ssi-poms-si,us/manual/ssa/poms/si/01130.000/block-1,partial,86/86 sections taken incl. regional; block bodies opened
us-ak,SSI-F-POMS-SI-01130,federal,manual,PRESENT,2026-09-10-ssi-poms-si,us/manual/ssa/poms/si/01130.000/block-1,partial,inherited from federal
us-al,SSI-F-POMS-SI-01130,federal,manual,PRESENT,2026-09-10-ssi-poms-si,us/manual/ssa/poms/si/01130.000/block-1,partial,inherited from federal
us-ar,SSI-F-POMS-SI-01130,federal,manual,PRESENT,2026-09-10-ssi-poms-si,us/manual/ssa/poms/si/01130.000/block-1,partial,inherited from federal
us-az,SSI-F-POMS-SI-01130,federal,manual,PRESENT,2026-09-10-ssi-poms-si,us/manual/ssa/poms/si/01130.000/block-1,partial,inherited from federal
us-ca,SSI-F-POMS-SI-01130,federal,manual,PRESENT,2026-09-10-ssi-poms-si,us/manual/ssa/poms/si/01130.000/block-1,partial,inherited from federal
us-co,SSI-F-POMS-SI-01130,federal,manual,PRESENT,2026-09-10-ssi-poms-si,us/manual/ssa/poms/si/01130.000/block-1,partial,inherited from federal
us-ct,SSI-F-POMS-SI-01130,federal,manual,PRESENT,2026-09-10-ssi-poms-si,us/manual/ssa/poms/si/01130.000/block-1,partial,inherited from federal
us-dc,SSI-F-POMS-SI-01130,federal,manual,PRESENT,2026-09-10-ssi-poms-si,us/manual/ssa/poms/si/01130.000/block-1,partial,inherited from federal
us-de,SSI-F-POMS-SI-01130,federal,manual,PRESENT,2026-09-10-ssi-poms-si,us/manual/ssa/poms/si/01130.000/block-1,partial,inherited from federal
us-fl,SSI-F-POMS-SI-01130,federal,manual,PRESENT,2026-09-10-ssi-poms-si,us/manual/ssa/poms/si/01130.000/block-1,partial,inherited from federal
us-ga,SSI-F-POMS-SI-01130,federal,manual,PRESENT,2026-09-10-ssi-poms-si,us/manual/ssa/poms/si/01130.000/block-1,partial,inherited from federal
us-hi,SSI-F-POMS-SI-01130,federal,manual,PRESENT,2026-09-10-ssi-poms-si,us/manual/ssa/poms/si/01130.000/block-1,partial,inherited from federal
us-ia,SSI-F-POMS-SI-01130,federal,manual,PRESENT,2026-09-10-ssi-poms-si,us/manual/ssa/poms/si/01130.000/block-1,partial,inherited from federal
us-id,SSI-F-POMS-SI-01130,federal,manual,PRESENT,2026-09-10-ssi-poms-si,us/manual/ssa/poms/si/01130.000/block-1,partial,inherited from federal
us-il,SSI-F-POMS-SI-01130,federal,manual,PRESENT,2026-09-10-ssi-poms-si,us/manual/ssa/poms/si/01130.000/block-1,partial,inherited from federal
us-in,SSI-F-POMS-SI-01130,federal,manual,PRESENT,2026-09-10-ssi-poms-si,us/manual/ssa/poms/si/01130.000/block-1,partial,inherited from federal
us-ks,SSI-F-POMS-SI-01130,federal,manual,PRESENT,2026-09-10-ssi-poms-si,us/manual/ssa/poms/si/01130.000/block-1,partial,inherited from federal
us-ky,SSI-F-POMS-SI-01130,federal,manual,PRESENT,2026-09-10-ssi-poms-si,us/manual/ssa/poms/si/01130.000/block-1,partial,inherited from federal
us-la,SSI-F-POMS-SI-01130,federal,manual,PRESENT,2026-09-10-ssi-poms-si,us/manual/ssa/poms/si/01130.000/block-1,partial,inherited from federal
us-ma,SSI-F-POMS-SI-01130,federal,manual,PRESENT,2026-09-10-ssi-poms-si,us/manual/ssa/poms/si/01130.000/block-1,partial,inherited from federal
us-md,SSI-F-POMS-SI-01130,federal,manual,PRESENT,2026-09-10-ssi-poms-si,us/manual/ssa/poms/si/01130.000/block-1,partial,inherited from federal
us-me,SSI-F-POMS-SI-01130,federal,manual,PRESENT,2026-09-10-ssi-poms-si,us/manual/ssa/poms/si/01130.000/block-1,partial,inherited from federal
us-mi,SSI-F-POMS-SI-01130,federal,manual,PRESENT,2026-09-10-ssi-poms-si,us/manual/ssa/poms/si/01130.000/block-1,partial,inherited from federal
us-mn,SSI-F-POMS-SI-01130,federal,manual,PRESENT,2026-09-10-ssi-poms-si,us/manual/ssa/poms/si/01130.000/block-1,partial,inherited from federal
us-mo,SSI-F-POMS-SI-01130,federal,manual,PRESENT,2026-09-10-ssi-poms-si,us/manual/ssa/poms/si/01130.000/block-1,partial,inherited from federal
us-ms,SSI-F-POMS-SI-01130,federal,manual,PRESENT,2026-09-10-ssi-poms-si,us/manual/ssa/poms/si/01130.000/block-1,partial,inherited from federal
us-mt,SSI-F-POMS-SI-01130,federal,manual,PRESENT,2026-09-10-ssi-poms-si,us/manual/ssa/poms/si/01130.000/block-1,partial,inherited from federal
us-nc,SSI-F-POMS-SI-01130,federal,manual,PRESENT,2026-09-10-ssi-poms-si,us/manual/ssa/poms/si/01130.000/block-1,partial,inherited from federal
us-nd,SSI-F-POMS-SI-01130,federal,manual,PRESENT,2026-09-10-ssi-poms-si,us/manual/ssa/poms/si/01130.000/block-1,partial,inherited from federal
us-ne,SSI-F-POMS-SI-01130,federal,manual,PRESENT,2026-09-10-ssi-poms-si,us/manual/ssa/poms/si/01130.000/block-1,partial,inherited from federal
us-nh,SSI-F-POMS-SI-01130,federal,manual,PRESENT,2026-09-10-ssi-poms-si,us/manual/ssa/poms/si/01130.000/block-1,partial,inherited from federal
us-nj,SSI-F-POMS-SI-01130,federal,manual,PRESENT,2026-09-10-ssi-poms-si,us/manual/ssa/poms/si/01130.000/block-1,partial,inherited from federal
us-nm,SSI-F-POMS-SI-01130,federal,manual,PRESENT,2026-09-10-ssi-poms-si,us/manual/ssa/poms/si/01130.000/block-1,partial,inherited from federal
us-nv,SSI-F-POMS-SI-01130,federal,manual,PRESENT,2026-09-10-ssi-poms-si,us/manual/ssa/poms/si/01130.000/block-1,partial,inherited from federal
us-ny,SSI-F-POMS-SI-01130,federal,manual,PRESENT,2026-09-10-ssi-poms-si,us/manual/ssa/poms/si/01130.000/block-1,partial,inherited from federal
us-oh,SSI-F-POMS-SI-01130,federal,manual,PRESENT,2026-09-10-ssi-poms-si,us/manual/ssa/poms/si/01130.000/block-1,partial,inherited from federal
us-ok,SSI-F-POMS-SI-01130,federal,manual,PRESENT,2026-09-10-ssi-poms-si,us/manual/ssa/poms/si/01130.000/block-1,partial,inherited from federal
us-or,SSI-F-POMS-SI-01130,federal,manual,PRESENT,2026-09-10-ssi-poms-si,us/manual/ssa/poms/si/01130.000/block-1,partial,inherited from federal
us-pa,SSI-F-POMS-SI-01130,federal,manual,PRESENT,2026-09-10-ssi-poms-si,us/manual/ssa/poms/si/01130.000/block-1,partial,inherited from federal
us-ri,SSI-F-POMS-SI-01130,federal,manual,PRESENT,2026-09-10-ssi-poms-si,us/manual/ssa/poms/si/01130.000/block-1,partial,inherited from federal
us-sc,SSI-F-POMS-SI-01130,federal,manual,PRESENT,2026-09-10-ssi-poms-si,us/manual/ssa/poms/si/01130.000/block-1,partial,inherited from federal
us-sd,SSI-F-POMS-SI-01130,federal,manual,PRESENT,2026-09-10-ssi-poms-si,us/manual/ssa/poms/si/01130.000/block-1,partial,inherited from federal
us-tn,SSI-F-POMS-SI-01130,federal,manual,PRESENT,2026-09-10-ssi-poms-si,us/manual/ssa/poms/si/01130.000/block-1,partial,inherited from federal
us-tx,SSI-F-POMS-SI-01130,federal,manual,PRESENT,2026-09-10-ssi-poms-si,us/manual/ssa/poms/si/01130.000/block-1,partial,inherited from federal
us-ut,SSI-F-POMS-SI-01130,federal,manual,PRESENT,2026-09-10-ssi-poms-si,us/manual/ssa/poms/si/01130.000/block-1,partial,inherited from federal
us-va,SSI-F-POMS-SI-01130,federal,manual,PRESENT,2026-09-10-ssi-poms-si,us/manual/ssa/poms/si/01130.000/block-1,partial,inherited from federal
us-vt,SSI-F-POMS-SI-01130,federal,manual,PRESENT,2026-09-10-ssi-poms-si,us/manual/ssa/poms/si/01130.000/block-1,partial,inherited from federal
us-wa,SSI-F-POMS-SI-01130,federal,manual,PRESENT,2026-09-10-ssi-poms-si,us/manual/ssa/poms/si/01130.000/block-1,partial,inherited from federal
us-wi,SSI-F-POMS-SI-01130,federal,manual,PRESENT,2026-09-10-ssi-poms-si,us/manual/ssa/poms/si/01130.000/block-1,partial,inherited from federal
us-wv,SSI-F-POMS-SI-01130,federal,manual,PRESENT,2026-09-10-ssi-poms-si,us/manual/ssa/poms/si/01130.000/block-1,partial,inherited from federal
us-wy,SSI-F-POMS-SI-01130,federal,manual,PRESENT,2026-09-10-ssi-poms-si,us/manual/ssa/poms/si/01130.000/block-1,partial,inherited from federal
us,SSI-F-POMS-SI-01140,federal,manual,PRESENT,2026-09-10-ssi-poms-si,us/manual/ssa/poms/si/01140.000/block-1,partial,37/37 sections taken incl. regional; block bodies opened
us-ak,SSI-F-POMS-SI-01140,federal,manual,PRESENT,2026-09-10-ssi-poms-si,us/manual/ssa/poms/si/01140.000/block-1,partial,inherited from federal
us-al,SSI-F-POMS-SI-01140,federal,manual,PRESENT,2026-09-10-ssi-poms-si,us/manual/ssa/poms/si/01140.000/block-1,partial,inherited from federal
us-ar,SSI-F-POMS-SI-01140,federal,manual,PRESENT,2026-09-10-ssi-poms-si,us/manual/ssa/poms/si/01140.000/block-1,partial,inherited from federal
us-az,SSI-F-POMS-SI-01140,federal,manual,PRESENT,2026-09-10-ssi-poms-si,us/manual/ssa/poms/si/01140.000/block-1,partial,inherited from federal
us-ca,SSI-F-POMS-SI-01140,federal,manual,PRESENT,2026-09-10-ssi-poms-si,us/manual/ssa/poms/si/01140.000/block-1,partial,inherited from federal
us-co,SSI-F-POMS-SI-01140,federal,manual,PRESENT,2026-09-10-ssi-poms-si,us/manual/ssa/poms/si/01140.000/block-1,partial,inherited from federal
us-ct,SSI-F-POMS-SI-01140,federal,manual,PRESENT,2026-09-10-ssi-poms-si,us/manual/ssa/poms/si/01140.000/block-1,partial,inherited from federal
us-dc,SSI-F-POMS-SI-01140,federal,manual,PRESENT,2026-09-10-ssi-poms-si,us/manual/ssa/poms/si/01140.000/block-1,partial,inherited from federal
us-de,SSI-F-POMS-SI-01140,federal,manual,PRESENT,2026-09-10-ssi-poms-si,us/manual/ssa/poms/si/01140.000/block-1,partial,inherited from federal
us-fl,SSI-F-POMS-SI-01140,federal,manual,PRESENT,2026-09-10-ssi-poms-si,us/manual/ssa/poms/si/01140.000/block-1,partial,inherited from federal
us-ga,SSI-F-POMS-SI-01140,federal,manual,PRESENT,2026-09-10-ssi-poms-si,us/manual/ssa/poms/si/01140.000/block-1,partial,inherited from federal
us-hi,SSI-F-POMS-SI-01140,federal,manual,PRESENT,2026-09-10-ssi-poms-si,us/manual/ssa/poms/si/01140.000/block-1,partial,inherited from federal
us-ia,SSI-F-POMS-SI-01140,federal,manual,PRESENT,2026-09-10-ssi-poms-si,us/manual/ssa/poms/si/01140.000/block-1,partial,inherited from federal
us-id,SSI-F-POMS-SI-01140,federal,manual,PRESENT,2026-09-10-ssi-poms-si,us/manual/ssa/poms/si/01140.000/block-1,partial,inherited from federal
us-il,SSI-F-POMS-SI-01140,federal,manual,PRESENT,2026-09-10-ssi-poms-si,us/manual/ssa/poms/si/01140.000/block-1,partial,inherited from federal
us-in,SSI-F-POMS-SI-01140,federal,manual,PRESENT,2026-09-10-ssi-poms-si,us/manual/ssa/poms/si/01140.000/block-1,partial,inherited from federal
us-ks,SSI-F-POMS-SI-01140,federal,manual,PRESENT,2026-09-10-ssi-poms-si,us/manual/ssa/poms/si/01140.000/block-1,partial,inherited from federal
us-ky,SSI-F-POMS-SI-01140,federal,manual,PRESENT,2026-09-10-ssi-poms-si,us/manual/ssa/poms/si/01140.000/block-1,partial,inherited from federal
us-la,SSI-F-POMS-SI-01140,federal,manual,PRESENT,2026-09-10-ssi-poms-si,us/manual/ssa/poms/si/01140.000/block-1,partial,inherited from federal
us-ma,SSI-F-POMS-SI-01140,federal,manual,PRESENT,2026-09-10-ssi-poms-si,us/manual/ssa/poms/si/01140.000/block-1,partial,inherited from federal
us-md,SSI-F-POMS-SI-01140,federal,manual,PRESENT,2026-09-10-ssi-poms-si,us/manual/ssa/poms/si/01140.000/block-1,partial,inherited from federal
us-me,SSI-F-POMS-SI-01140,federal,manual,PRESENT,2026-09-10-ssi-poms-si,us/manual/ssa/poms/si/01140.000/block-1,partial,inherited from federal
us-mi,SSI-F-POMS-SI-01140,federal,manual,PRESENT,2026-09-10-ssi-poms-si,us/manual/ssa/poms/si/01140.000/block-1,partial,inherited from federal
us-mn,SSI-F-POMS-SI-01140,federal,manual,PRESENT,2026-09-10-ssi-poms-si,us/manual/ssa/poms/si/01140.000/block-1,partial,inherited from federal
us-mo,SSI-F-POMS-SI-01140,federal,manual,PRESENT,2026-09-10-ssi-poms-si,us/manual/ssa/poms/si/01140.000/block-1,partial,inherited from federal
us-ms,SSI-F-POMS-SI-01140,federal,manual,PRESENT,2026-09-10-ssi-poms-si,us/manual/ssa/poms/si/01140.000/block-1,partial,inherited from federal
us-mt,SSI-F-POMS-SI-01140,federal,manual,PRESENT,2026-09-10-ssi-poms-si,us/manual/ssa/poms/si/01140.000/block-1,partial,inherited from federal
us-nc,SSI-F-POMS-SI-01140,federal,manual,PRESENT,2026-09-10-ssi-poms-si,us/manual/ssa/poms/si/01140.000/block-1,partial,inherited from federal
us-nd,SSI-F-POMS-SI-01140,federal,manual,PRESENT,2026-09-10-ssi-poms-si,us/manual/ssa/poms/si/01140.000/block-1,partial,inherited from federal
us-ne,SSI-F-POMS-SI-01140,federal,manual,PRESENT,2026-09-10-ssi-poms-si,us/manual/ssa/poms/si/01140.000/block-1,partial,inherited from federal
us-nh,SSI-F-POMS-SI-01140,federal,manual,PRESENT,2026-09-10-ssi-poms-si,us/manual/ssa/poms/si/01140.000/block-1,partial,inherited from federal
us-nj,SSI-F-POMS-SI-01140,federal,manual,PRESENT,2026-09-10-ssi-poms-si,us/manual/ssa/poms/si/01140.000/block-1,partial,inherited from federal
us-nm,SSI-F-POMS-SI-01140,federal,manual,PRESENT,2026-09-10-ssi-poms-si,us/manual/ssa/poms/si/01140.000/block-1,partial,inherited from federal
us-nv,SSI-F-POMS-SI-01140,federal,manual,PRESENT,2026-09-10-ssi-poms-si,us/manual/ssa/poms/si/01140.000/block-1,partial,inherited from federal
us-ny,SSI-F-POMS-SI-01140,federal,manual,PRESENT,2026-09-10-ssi-poms-si,us/manual/ssa/poms/si/01140.000/block-1,partial,inherited from federal
us-oh,SSI-F-POMS-SI-01140,federal,manual,PRESENT,2026-09-10-ssi-poms-si,us/manual/ssa/poms/si/01140.000/block-1,partial,inherited from federal
us-ok,SSI-F-POMS-SI-01140,federal,manual,PRESENT,2026-09-10-ssi-poms-si,us/manual/ssa/poms/si/01140.000/block-1,partial,inherited from federal
us-or,SSI-F-POMS-SI-01140,federal,manual,PRESENT,2026-09-10-ssi-poms-si,us/manual/ssa/poms/si/01140.000/block-1,partial,inherited from federal
us-pa,SSI-F-POMS-SI-01140,federal,manual,PRESENT,2026-09-10-ssi-poms-si,us/manual/ssa/poms/si/01140.000/block-1,partial,inherited from federal
us-ri,SSI-F-POMS-SI-01140,federal,manual,PRESENT,2026-09-10-ssi-poms-si,us/manual/ssa/poms/si/01140.000/block-1,partial,inherited from federal
us-sc,SSI-F-POMS-SI-01140,federal,manual,PRESENT,2026-09-10-ssi-poms-si,us/manual/ssa/poms/si/01140.000/block-1,partial,inherited from federal
us-sd,SSI-F-POMS-SI-01140,federal,manual,PRESENT,2026-09-10-ssi-poms-si,us/manual/ssa/poms/si/01140.000/block-1,partial,inherited from federal
us-tn,SSI-F-POMS-SI-01140,federal,manual,PRESENT,2026-09-10-ssi-poms-si,us/manual/ssa/poms/si/01140.000/block-1,partial,inherited from federal
us-tx,SSI-F-POMS-SI-01140,federal,manual,PRESENT,2026-09-10-ssi-poms-si,us/manual/ssa/poms/si/01140.000/block-1,partial,inherited from federal
us-ut,SSI-F-POMS-SI-01140,federal,manual,PRESENT,2026-09-10-ssi-poms-si,us/manual/ssa/poms/si/01140.000/block-1,partial,inherited from federal
us-va,SSI-F-POMS-SI-01140,federal,manual,PRESENT,2026-09-10-ssi-poms-si,us/manual/ssa/poms/si/01140.000/block-1,partial,inherited from federal
us-vt,SSI-F-POMS-SI-01140,federal,manual,PRESENT,2026-09-10-ssi-poms-si,us/manual/ssa/poms/si/01140.000/block-1,partial,inherited from federal
us-wa,SSI-F-POMS-SI-01140,federal,manual,PRESENT,2026-09-10-ssi-poms-si,us/manual/ssa/poms/si/01140.000/block-1,partial,inherited from federal
us-wi,SSI-F-POMS-SI-01140,federal,manual,PRESENT,2026-09-10-ssi-poms-si,us/manual/ssa/poms/si/01140.000/block-1,partial,inherited from federal
us-wv,SSI-F-POMS-SI-01140,federal,manual,PRESENT,2026-09-10-ssi-poms-si,us/manual/ssa/poms/si/01140.000/block-1,partial,inherited from federal
us-wy,SSI-F-POMS-SI-01140,federal,manual,PRESENT,2026-09-10-ssi-poms-si,us/manual/ssa/poms/si/01140.000/block-1,partial,inherited from federal
us,SSI-F-POMS-SI-01150,federal,manual,EXTRACTABLE,,,no,"listed on https://secure.ssa.gov/apps10/poms.nsf/subchapterlist!openview&restricttocategory=05011 (37 sections); not taken (run note 2026-09-10-ssi-poms-si, judgment 1)"
us-ak,SSI-F-POMS-SI-01150,federal,manual,EXTRACTABLE,,,no,inherited from federal
us-al,SSI-F-POMS-SI-01150,federal,manual,EXTRACTABLE,,,no,inherited from federal
us-ar,SSI-F-POMS-SI-01150,federal,manual,EXTRACTABLE,,,no,inherited from federal
us-az,SSI-F-POMS-SI-01150,federal,manual,EXTRACTABLE,,,no,inherited from federal
us-ca,SSI-F-POMS-SI-01150,federal,manual,EXTRACTABLE,,,no,inherited from federal
us-co,SSI-F-POMS-SI-01150,federal,manual,EXTRACTABLE,,,no,inherited from federal
us-ct,SSI-F-POMS-SI-01150,federal,manual,EXTRACTABLE,,,no,inherited from federal
us-dc,SSI-F-POMS-SI-01150,federal,manual,EXTRACTABLE,,,no,inherited from federal
us-de,SSI-F-POMS-SI-01150,federal,manual,EXTRACTABLE,,,no,inherited from federal
us-fl,SSI-F-POMS-SI-01150,federal,manual,EXTRACTABLE,,,no,inherited from federal
us-ga,SSI-F-POMS-SI-01150,federal,manual,EXTRACTABLE,,,no,inherited from federal
us-hi,SSI-F-POMS-SI-01150,federal,manual,EXTRACTABLE,,,no,inherited from federal
us-ia,SSI-F-POMS-SI-01150,federal,manual,EXTRACTABLE,,,no,inherited from federal
us-id,SSI-F-POMS-SI-01150,federal,manual,EXTRACTABLE,,,no,inherited from federal
us-il,SSI-F-POMS-SI-01150,federal,manual,EXTRACTABLE,,,no,inherited from federal
us-in,SSI-F-POMS-SI-01150,federal,manual,EXTRACTABLE,,,no,inherited from federal
us-ks,SSI-F-POMS-SI-01150,federal,manual,EXTRACTABLE,,,no,inherited from federal
us-ky,SSI-F-POMS-SI-01150,federal,manual,EXTRACTABLE,,,no,inherited from federal
us-la,SSI-F-POMS-SI-01150,federal,manual,EXTRACTABLE,,,no,inherited from federal
us-ma,SSI-F-POMS-SI-01150,federal,manual,EXTRACTABLE,,,no,inherited from federal
us-md,SSI-F-POMS-SI-01150,federal,manual,EXTRACTABLE,,,no,inherited from federal
us-me,SSI-F-POMS-SI-01150,federal,manual,EXTRACTABLE,,,no,inherited from federal
us-mi,SSI-F-POMS-SI-01150,federal,manual,EXTRACTABLE,,,no,inherited from federal
us-mn,SSI-F-POMS-SI-01150,federal,manual,EXTRACTABLE,,,no,inherited from federal
us-mo,SSI-F-POMS-SI-01150,federal,manual,EXTRACTABLE,,,no,inherited from federal
us-ms,SSI-F-POMS-SI-01150,federal,manual,EXTRACTABLE,,,no,inherited from federal
us-mt,SSI-F-POMS-SI-01150,federal,manual,EXTRACTABLE,,,no,inherited from federal
us-nc,SSI-F-POMS-SI-01150,federal,manual,EXTRACTABLE,,,no,inherited from federal
us-nd,SSI-F-POMS-SI-01150,federal,manual,EXTRACTABLE,,,no,inherited from federal
us-ne,SSI-F-POMS-SI-01150,federal,manual,EXTRACTABLE,,,no,inherited from federal
us-nh,SSI-F-POMS-SI-01150,federal,manual,EXTRACTABLE,,,no,inherited from federal
us-nj,SSI-F-POMS-SI-01150,federal,manual,EXTRACTABLE,,,no,inherited from federal
us-nm,SSI-F-POMS-SI-01150,federal,manual,EXTRACTABLE,,,no,inherited from federal
us-nv,SSI-F-POMS-SI-01150,federal,manual,EXTRACTABLE,,,no,inherited from federal
us-ny,SSI-F-POMS-SI-01150,federal,manual,EXTRACTABLE,,,no,inherited from federal
us-oh,SSI-F-POMS-SI-01150,federal,manual,EXTRACTABLE,,,no,inherited from federal
us-ok,SSI-F-POMS-SI-01150,federal,manual,EXTRACTABLE,,,no,inherited from federal
us-or,SSI-F-POMS-SI-01150,federal,manual,EXTRACTABLE,,,no,inherited from federal
us-pa,SSI-F-POMS-SI-01150,federal,manual,EXTRACTABLE,,,no,inherited from federal
us-ri,SSI-F-POMS-SI-01150,federal,manual,EXTRACTABLE,,,no,inherited from federal
us-sc,SSI-F-POMS-SI-01150,federal,manual,EXTRACTABLE,,,no,inherited from federal
us-sd,SSI-F-POMS-SI-01150,federal,manual,EXTRACTABLE,,,no,inherited from federal
us-tn,SSI-F-POMS-SI-01150,federal,manual,EXTRACTABLE,,,no,inherited from federal
us-tx,SSI-F-POMS-SI-01150,federal,manual,EXTRACTABLE,,,no,inherited from federal
us-ut,SSI-F-POMS-SI-01150,federal,manual,EXTRACTABLE,,,no,inherited from federal
us-va,SSI-F-POMS-SI-01150,federal,manual,EXTRACTABLE,,,no,inherited from federal
us-vt,SSI-F-POMS-SI-01150,federal,manual,EXTRACTABLE,,,no,inherited from federal
us-wa,SSI-F-POMS-SI-01150,federal,manual,EXTRACTABLE,,,no,inherited from federal
us-wi,SSI-F-POMS-SI-01150,federal,manual,EXTRACTABLE,,,no,inherited from federal
us-wv,SSI-F-POMS-SI-01150,federal,manual,EXTRACTABLE,,,no,inherited from federal
us-wy,SSI-F-POMS-SI-01150,federal,manual,EXTRACTABLE,,,no,inherited from federal
us,SSI-F-POMS-SI-01200,federal,manual,EXTRACTABLE,,,no,"listed on https://secure.ssa.gov/apps10/poms.nsf/subchapterlist!openview&restricttocategory=05012 (1 sections); not taken (run note 2026-09-10-ssi-poms-si, judgment 1)"
us-ak,SSI-F-POMS-SI-01200,federal,manual,EXTRACTABLE,,,no,inherited from federal
us-al,SSI-F-POMS-SI-01200,federal,manual,EXTRACTABLE,,,no,inherited from federal
us-ar,SSI-F-POMS-SI-01200,federal,manual,EXTRACTABLE,,,no,inherited from federal
us-az,SSI-F-POMS-SI-01200,federal,manual,EXTRACTABLE,,,no,inherited from federal
us-ca,SSI-F-POMS-SI-01200,federal,manual,EXTRACTABLE,,,no,inherited from federal
us-co,SSI-F-POMS-SI-01200,federal,manual,EXTRACTABLE,,,no,inherited from federal
us-ct,SSI-F-POMS-SI-01200,federal,manual,EXTRACTABLE,,,no,inherited from federal
us-dc,SSI-F-POMS-SI-01200,federal,manual,EXTRACTABLE,,,no,inherited from federal
us-de,SSI-F-POMS-SI-01200,federal,manual,EXTRACTABLE,,,no,inherited from federal
us-fl,SSI-F-POMS-SI-01200,federal,manual,EXTRACTABLE,,,no,inherited from federal
us-ga,SSI-F-POMS-SI-01200,federal,manual,EXTRACTABLE,,,no,inherited from federal
us-hi,SSI-F-POMS-SI-01200,federal,manual,EXTRACTABLE,,,no,inherited from federal
us-ia,SSI-F-POMS-SI-01200,federal,manual,EXTRACTABLE,,,no,inherited from federal
us-id,SSI-F-POMS-SI-01200,federal,manual,EXTRACTABLE,,,no,inherited from federal
us-il,SSI-F-POMS-SI-01200,federal,manual,EXTRACTABLE,,,no,inherited from federal
us-in,SSI-F-POMS-SI-01200,federal,manual,EXTRACTABLE,,,no,inherited from federal
us-ks,SSI-F-POMS-SI-01200,federal,manual,EXTRACTABLE,,,no,inherited from federal
us-ky,SSI-F-POMS-SI-01200,federal,manual,EXTRACTABLE,,,no,inherited from federal
us-la,SSI-F-POMS-SI-01200,federal,manual,EXTRACTABLE,,,no,inherited from federal
us-ma,SSI-F-POMS-SI-01200,federal,manual,EXTRACTABLE,,,no,inherited from federal
us-md,SSI-F-POMS-SI-01200,federal,manual,EXTRACTABLE,,,no,inherited from federal
us-me,SSI-F-POMS-SI-01200,federal,manual,EXTRACTABLE,,,no,inherited from federal
us-mi,SSI-F-POMS-SI-01200,federal,manual,EXTRACTABLE,,,no,inherited from federal
us-mn,SSI-F-POMS-SI-01200,federal,manual,EXTRACTABLE,,,no,inherited from federal
us-mo,SSI-F-POMS-SI-01200,federal,manual,EXTRACTABLE,,,no,inherited from federal
us-ms,SSI-F-POMS-SI-01200,federal,manual,EXTRACTABLE,,,no,inherited from federal
us-mt,SSI-F-POMS-SI-01200,federal,manual,EXTRACTABLE,,,no,inherited from federal
us-nc,SSI-F-POMS-SI-01200,federal,manual,EXTRACTABLE,,,no,inherited from federal
us-nd,SSI-F-POMS-SI-01200,federal,manual,EXTRACTABLE,,,no,inherited from federal
us-ne,SSI-F-POMS-SI-01200,federal,manual,EXTRACTABLE,,,no,inherited from federal
us-nh,SSI-F-POMS-SI-01200,federal,manual,EXTRACTABLE,,,no,inherited from federal
us-nj,SSI-F-POMS-SI-01200,federal,manual,EXTRACTABLE,,,no,inherited from federal
us-nm,SSI-F-POMS-SI-01200,federal,manual,EXTRACTABLE,,,no,inherited from federal
us-nv,SSI-F-POMS-SI-01200,federal,manual,EXTRACTABLE,,,no,inherited from federal
us-ny,SSI-F-POMS-SI-01200,federal,manual,EXTRACTABLE,,,no,inherited from federal
us-oh,SSI-F-POMS-SI-01200,federal,manual,EXTRACTABLE,,,no,inherited from federal
us-ok,SSI-F-POMS-SI-01200,federal,manual,EXTRACTABLE,,,no,inherited from federal
us-or,SSI-F-POMS-SI-01200,federal,manual,EXTRACTABLE,,,no,inherited from federal
us-pa,SSI-F-POMS-SI-01200,federal,manual,EXTRACTABLE,,,no,inherited from federal
us-ri,SSI-F-POMS-SI-01200,federal,manual,EXTRACTABLE,,,no,inherited from federal
us-sc,SSI-F-POMS-SI-01200,federal,manual,EXTRACTABLE,,,no,inherited from federal
us-sd,SSI-F-POMS-SI-01200,federal,manual,EXTRACTABLE,,,no,inherited from federal
us-tn,SSI-F-POMS-SI-01200,federal,manual,EXTRACTABLE,,,no,inherited from federal
us-tx,SSI-F-POMS-SI-01200,federal,manual,EXTRACTABLE,,,no,inherited from federal
us-ut,SSI-F-POMS-SI-01200,federal,manual,EXTRACTABLE,,,no,inherited from federal
us-va,SSI-F-POMS-SI-01200,federal,manual,EXTRACTABLE,,,no,inherited from federal
us-vt,SSI-F-POMS-SI-01200,federal,manual,EXTRACTABLE,,,no,inherited from federal
us-wa,SSI-F-POMS-SI-01200,federal,manual,EXTRACTABLE,,,no,inherited from federal
us-wi,SSI-F-POMS-SI-01200,federal,manual,EXTRACTABLE,,,no,inherited from federal
us-wv,SSI-F-POMS-SI-01200,federal,manual,EXTRACTABLE,,,no,inherited from federal
us-wy,SSI-F-POMS-SI-01200,federal,manual,EXTRACTABLE,,,no,inherited from federal
us,SSI-F-POMS-SI-01210,federal,manual,EXTRACTABLE,,,no,"listed on https://secure.ssa.gov/apps10/poms.nsf/subchapterlist!openview&restricttocategory=05012 (37 sections); not taken (run note 2026-09-10-ssi-poms-si, judgment 1)"
us-ak,SSI-F-POMS-SI-01210,federal,manual,EXTRACTABLE,,,no,inherited from federal
us-al,SSI-F-POMS-SI-01210,federal,manual,EXTRACTABLE,,,no,inherited from federal
us-ar,SSI-F-POMS-SI-01210,federal,manual,EXTRACTABLE,,,no,inherited from federal
us-az,SSI-F-POMS-SI-01210,federal,manual,EXTRACTABLE,,,no,inherited from federal
us-ca,SSI-F-POMS-SI-01210,federal,manual,EXTRACTABLE,,,no,inherited from federal
us-co,SSI-F-POMS-SI-01210,federal,manual,EXTRACTABLE,,,no,inherited from federal
us-ct,SSI-F-POMS-SI-01210,federal,manual,EXTRACTABLE,,,no,inherited from federal
us-dc,SSI-F-POMS-SI-01210,federal,manual,EXTRACTABLE,,,no,inherited from federal
us-de,SSI-F-POMS-SI-01210,federal,manual,EXTRACTABLE,,,no,inherited from federal
us-fl,SSI-F-POMS-SI-01210,federal,manual,EXTRACTABLE,,,no,inherited from federal
us-ga,SSI-F-POMS-SI-01210,federal,manual,EXTRACTABLE,,,no,inherited from federal
us-hi,SSI-F-POMS-SI-01210,federal,manual,EXTRACTABLE,,,no,inherited from federal
us-ia,SSI-F-POMS-SI-01210,federal,manual,EXTRACTABLE,,,no,inherited from federal
us-id,SSI-F-POMS-SI-01210,federal,manual,EXTRACTABLE,,,no,inherited from federal
us-il,SSI-F-POMS-SI-01210,federal,manual,EXTRACTABLE,,,no,inherited from federal
us-in,SSI-F-POMS-SI-01210,federal,manual,EXTRACTABLE,,,no,inherited from federal
us-ks,SSI-F-POMS-SI-01210,federal,manual,EXTRACTABLE,,,no,inherited from federal
us-ky,SSI-F-POMS-SI-01210,federal,manual,EXTRACTABLE,,,no,inherited from federal
us-la,SSI-F-POMS-SI-01210,federal,manual,EXTRACTABLE,,,no,inherited from federal
us-ma,SSI-F-POMS-SI-01210,federal,manual,EXTRACTABLE,,,no,inherited from federal
us-md,SSI-F-POMS-SI-01210,federal,manual,EXTRACTABLE,,,no,inherited from federal
us-me,SSI-F-POMS-SI-01210,federal,manual,EXTRACTABLE,,,no,inherited from federal
us-mi,SSI-F-POMS-SI-01210,federal,manual,EXTRACTABLE,,,no,inherited from federal
us-mn,SSI-F-POMS-SI-01210,federal,manual,EXTRACTABLE,,,no,inherited from federal
us-mo,SSI-F-POMS-SI-01210,federal,manual,EXTRACTABLE,,,no,inherited from federal
us-ms,SSI-F-POMS-SI-01210,federal,manual,EXTRACTABLE,,,no,inherited from federal
us-mt,SSI-F-POMS-SI-01210,federal,manual,EXTRACTABLE,,,no,inherited from federal
us-nc,SSI-F-POMS-SI-01210,federal,manual,EXTRACTABLE,,,no,inherited from federal
us-nd,SSI-F-POMS-SI-01210,federal,manual,EXTRACTABLE,,,no,inherited from federal
us-ne,SSI-F-POMS-SI-01210,federal,manual,EXTRACTABLE,,,no,inherited from federal
us-nh,SSI-F-POMS-SI-01210,federal,manual,EXTRACTABLE,,,no,inherited from federal
us-nj,SSI-F-POMS-SI-01210,federal,manual,EXTRACTABLE,,,no,inherited from federal
us-nm,SSI-F-POMS-SI-01210,federal,manual,EXTRACTABLE,,,no,inherited from federal
us-nv,SSI-F-POMS-SI-01210,federal,manual,EXTRACTABLE,,,no,inherited from federal
us-ny,SSI-F-POMS-SI-01210,federal,manual,EXTRACTABLE,,,no,inherited from federal
us-oh,SSI-F-POMS-SI-01210,federal,manual,EXTRACTABLE,,,no,inherited from federal
us-ok,SSI-F-POMS-SI-01210,federal,manual,EXTRACTABLE,,,no,inherited from federal
us-or,SSI-F-POMS-SI-01210,federal,manual,EXTRACTABLE,,,no,inherited from federal
us-pa,SSI-F-POMS-SI-01210,federal,manual,EXTRACTABLE,,,no,inherited from federal
us-ri,SSI-F-POMS-SI-01210,federal,manual,EXTRACTABLE,,,no,inherited from federal
us-sc,SSI-F-POMS-SI-01210,federal,manual,EXTRACTABLE,,,no,inherited from federal
us-sd,SSI-F-POMS-SI-01210,federal,manual,EXTRACTABLE,,,no,inherited from federal
us-tn,SSI-F-POMS-SI-01210,federal,manual,EXTRACTABLE,,,no,inherited from federal
us-tx,SSI-F-POMS-SI-01210,federal,manual,EXTRACTABLE,,,no,inherited from federal
us-ut,SSI-F-POMS-SI-01210,federal,manual,EXTRACTABLE,,,no,inherited from federal
us-va,SSI-F-POMS-SI-01210,federal,manual,EXTRACTABLE,,,no,inherited from federal
us-vt,SSI-F-POMS-SI-01210,federal,manual,EXTRACTABLE,,,no,inherited from federal
us-wa,SSI-F-POMS-SI-01210,federal,manual,EXTRACTABLE,,,no,inherited from federal
us-wi,SSI-F-POMS-SI-01210,federal,manual,EXTRACTABLE,,,no,inherited from federal
us-wv,SSI-F-POMS-SI-01210,federal,manual,EXTRACTABLE,,,no,inherited from federal
us-wy,SSI-F-POMS-SI-01210,federal,manual,EXTRACTABLE,,,no,inherited from federal
us,SSI-F-POMS-SI-01220,federal,manual,EXTRACTABLE,,,no,"listed on https://secure.ssa.gov/apps10/poms.nsf/subchapterlist!openview&restricttocategory=05012 (14 sections); not taken (run note 2026-09-10-ssi-poms-si, judgment 1)"
us-ak,SSI-F-POMS-SI-01220,federal,manual,EXTRACTABLE,,,no,inherited from federal
us-al,SSI-F-POMS-SI-01220,federal,manual,EXTRACTABLE,,,no,inherited from federal
us-ar,SSI-F-POMS-SI-01220,federal,manual,EXTRACTABLE,,,no,inherited from federal
us-az,SSI-F-POMS-SI-01220,federal,manual,EXTRACTABLE,,,no,inherited from federal
us-ca,SSI-F-POMS-SI-01220,federal,manual,EXTRACTABLE,,,no,inherited from federal
us-co,SSI-F-POMS-SI-01220,federal,manual,EXTRACTABLE,,,no,inherited from federal
us-ct,SSI-F-POMS-SI-01220,federal,manual,EXTRACTABLE,,,no,inherited from federal
us-dc,SSI-F-POMS-SI-01220,federal,manual,EXTRACTABLE,,,no,inherited from federal
us-de,SSI-F-POMS-SI-01220,federal,manual,EXTRACTABLE,,,no,inherited from federal
us-fl,SSI-F-POMS-SI-01220,federal,manual,EXTRACTABLE,,,no,inherited from federal
us-ga,SSI-F-POMS-SI-01220,federal,manual,EXTRACTABLE,,,no,inherited from federal
us-hi,SSI-F-POMS-SI-01220,federal,manual,EXTRACTABLE,,,no,inherited from federal
us-ia,SSI-F-POMS-SI-01220,federal,manual,EXTRACTABLE,,,no,inherited from federal
us-id,SSI-F-POMS-SI-01220,federal,manual,EXTRACTABLE,,,no,inherited from federal
us-il,SSI-F-POMS-SI-01220,federal,manual,EXTRACTABLE,,,no,inherited from federal
us-in,SSI-F-POMS-SI-01220,federal,manual,EXTRACTABLE,,,no,inherited from federal
us-ks,SSI-F-POMS-SI-01220,federal,manual,EXTRACTABLE,,,no,inherited from federal
us-ky,SSI-F-POMS-SI-01220,federal,manual,EXTRACTABLE,,,no,inherited from federal
us-la,SSI-F-POMS-SI-01220,federal,manual,EXTRACTABLE,,,no,inherited from federal
us-ma,SSI-F-POMS-SI-01220,federal,manual,EXTRACTABLE,,,no,inherited from federal
us-md,SSI-F-POMS-SI-01220,federal,manual,EXTRACTABLE,,,no,inherited from federal
us-me,SSI-F-POMS-SI-01220,federal,manual,EXTRACTABLE,,,no,inherited from federal
us-mi,SSI-F-POMS-SI-01220,federal,manual,EXTRACTABLE,,,no,inherited from federal
us-mn,SSI-F-POMS-SI-01220,federal,manual,EXTRACTABLE,,,no,inherited from federal
us-mo,SSI-F-POMS-SI-01220,federal,manual,EXTRACTABLE,,,no,inherited from federal
us-ms,SSI-F-POMS-SI-01220,federal,manual,EXTRACTABLE,,,no,inherited from federal
us-mt,SSI-F-POMS-SI-01220,federal,manual,EXTRACTABLE,,,no,inherited from federal
us-nc,SSI-F-POMS-SI-01220,federal,manual,EXTRACTABLE,,,no,inherited from federal
us-nd,SSI-F-POMS-SI-01220,federal,manual,EXTRACTABLE,,,no,inherited from federal
us-ne,SSI-F-POMS-SI-01220,federal,manual,EXTRACTABLE,,,no,inherited from federal
us-nh,SSI-F-POMS-SI-01220,federal,manual,EXTRACTABLE,,,no,inherited from federal
us-nj,SSI-F-POMS-SI-01220,federal,manual,EXTRACTABLE,,,no,inherited from federal
us-nm,SSI-F-POMS-SI-01220,federal,manual,EXTRACTABLE,,,no,inherited from federal
us-nv,SSI-F-POMS-SI-01220,federal,manual,EXTRACTABLE,,,no,inherited from federal
us-ny,SSI-F-POMS-SI-01220,federal,manual,EXTRACTABLE,,,no,inherited from federal
us-oh,SSI-F-POMS-SI-01220,federal,manual,EXTRACTABLE,,,no,inherited from federal
us-ok,SSI-F-POMS-SI-01220,federal,manual,EXTRACTABLE,,,no,inherited from federal
us-or,SSI-F-POMS-SI-01220,federal,manual,EXTRACTABLE,,,no,inherited from federal
us-pa,SSI-F-POMS-SI-01220,federal,manual,EXTRACTABLE,,,no,inherited from federal
us-ri,SSI-F-POMS-SI-01220,federal,manual,EXTRACTABLE,,,no,inherited from federal
us-sc,SSI-F-POMS-SI-01220,federal,manual,EXTRACTABLE,,,no,inherited from federal
us-sd,SSI-F-POMS-SI-01220,federal,manual,EXTRACTABLE,,,no,inherited from federal
us-tn,SSI-F-POMS-SI-01220,federal,manual,EXTRACTABLE,,,no,inherited from federal
us-tx,SSI-F-POMS-SI-01220,federal,manual,EXTRACTABLE,,,no,inherited from federal
us-ut,SSI-F-POMS-SI-01220,federal,manual,EXTRACTABLE,,,no,inherited from federal
us-va,SSI-F-POMS-SI-01220,federal,manual,EXTRACTABLE,,,no,inherited from federal
us-vt,SSI-F-POMS-SI-01220,federal,manual,EXTRACTABLE,,,no,inherited from federal
us-wa,SSI-F-POMS-SI-01220,federal,manual,EXTRACTABLE,,,no,inherited from federal
us-wi,SSI-F-POMS-SI-01220,federal,manual,EXTRACTABLE,,,no,inherited from federal
us-wv,SSI-F-POMS-SI-01220,federal,manual,EXTRACTABLE,,,no,inherited from federal
us-wy,SSI-F-POMS-SI-01220,federal,manual,EXTRACTABLE,,,no,inherited from federal
us,SSI-F-POMS-SI-01300,federal,manual,EXTRACTABLE,,,no,"listed on https://secure.ssa.gov/apps10/poms.nsf/subchapterlist!openview&restricttocategory=05013 (1 sections); not taken (run note 2026-09-10-ssi-poms-si, judgment 1)"
us-ak,SSI-F-POMS-SI-01300,federal,manual,EXTRACTABLE,,,no,inherited from federal
us-al,SSI-F-POMS-SI-01300,federal,manual,EXTRACTABLE,,,no,inherited from federal
us-ar,SSI-F-POMS-SI-01300,federal,manual,EXTRACTABLE,,,no,inherited from federal
us-az,SSI-F-POMS-SI-01300,federal,manual,EXTRACTABLE,,,no,inherited from federal
us-ca,SSI-F-POMS-SI-01300,federal,manual,EXTRACTABLE,,,no,inherited from federal
us-co,SSI-F-POMS-SI-01300,federal,manual,EXTRACTABLE,,,no,inherited from federal
us-ct,SSI-F-POMS-SI-01300,federal,manual,EXTRACTABLE,,,no,inherited from federal
us-dc,SSI-F-POMS-SI-01300,federal,manual,EXTRACTABLE,,,no,inherited from federal
us-de,SSI-F-POMS-SI-01300,federal,manual,EXTRACTABLE,,,no,inherited from federal
us-fl,SSI-F-POMS-SI-01300,federal,manual,EXTRACTABLE,,,no,inherited from federal
us-ga,SSI-F-POMS-SI-01300,federal,manual,EXTRACTABLE,,,no,inherited from federal
us-hi,SSI-F-POMS-SI-01300,federal,manual,EXTRACTABLE,,,no,inherited from federal
us-ia,SSI-F-POMS-SI-01300,federal,manual,EXTRACTABLE,,,no,inherited from federal
us-id,SSI-F-POMS-SI-01300,federal,manual,EXTRACTABLE,,,no,inherited from federal
us-il,SSI-F-POMS-SI-01300,federal,manual,EXTRACTABLE,,,no,inherited from federal
us-in,SSI-F-POMS-SI-01300,federal,manual,EXTRACTABLE,,,no,inherited from federal
us-ks,SSI-F-POMS-SI-01300,federal,manual,EXTRACTABLE,,,no,inherited from federal
us-ky,SSI-F-POMS-SI-01300,federal,manual,EXTRACTABLE,,,no,inherited from federal
us-la,SSI-F-POMS-SI-01300,federal,manual,EXTRACTABLE,,,no,inherited from federal
us-ma,SSI-F-POMS-SI-01300,federal,manual,EXTRACTABLE,,,no,inherited from federal
us-md,SSI-F-POMS-SI-01300,federal,manual,EXTRACTABLE,,,no,inherited from federal
us-me,SSI-F-POMS-SI-01300,federal,manual,EXTRACTABLE,,,no,inherited from federal
us-mi,SSI-F-POMS-SI-01300,federal,manual,EXTRACTABLE,,,no,inherited from federal
us-mn,SSI-F-POMS-SI-01300,federal,manual,EXTRACTABLE,,,no,inherited from federal
us-mo,SSI-F-POMS-SI-01300,federal,manual,EXTRACTABLE,,,no,inherited from federal
us-ms,SSI-F-POMS-SI-01300,federal,manual,EXTRACTABLE,,,no,inherited from federal
us-mt,SSI-F-POMS-SI-01300,federal,manual,EXTRACTABLE,,,no,inherited from federal
us-nc,SSI-F-POMS-SI-01300,federal,manual,EXTRACTABLE,,,no,inherited from federal
us-nd,SSI-F-POMS-SI-01300,federal,manual,EXTRACTABLE,,,no,inherited from federal
us-ne,SSI-F-POMS-SI-01300,federal,manual,EXTRACTABLE,,,no,inherited from federal
us-nh,SSI-F-POMS-SI-01300,federal,manual,EXTRACTABLE,,,no,inherited from federal
us-nj,SSI-F-POMS-SI-01300,federal,manual,EXTRACTABLE,,,no,inherited from federal
us-nm,SSI-F-POMS-SI-01300,federal,manual,EXTRACTABLE,,,no,inherited from federal
us-nv,SSI-F-POMS-SI-01300,federal,manual,EXTRACTABLE,,,no,inherited from federal
us-ny,SSI-F-POMS-SI-01300,federal,manual,EXTRACTABLE,,,no,inherited from federal
us-oh,SSI-F-POMS-SI-01300,federal,manual,EXTRACTABLE,,,no,inherited from federal
us-ok,SSI-F-POMS-SI-01300,federal,manual,EXTRACTABLE,,,no,inherited from federal
us-or,SSI-F-POMS-SI-01300,federal,manual,EXTRACTABLE,,,no,inherited from federal
us-pa,SSI-F-POMS-SI-01300,federal,manual,EXTRACTABLE,,,no,inherited from federal
us-ri,SSI-F-POMS-SI-01300,federal,manual,EXTRACTABLE,,,no,inherited from federal
us-sc,SSI-F-POMS-SI-01300,federal,manual,EXTRACTABLE,,,no,inherited from federal
us-sd,SSI-F-POMS-SI-01300,federal,manual,EXTRACTABLE,,,no,inherited from federal
us-tn,SSI-F-POMS-SI-01300,federal,manual,EXTRACTABLE,,,no,inherited from federal
us-tx,SSI-F-POMS-SI-01300,federal,manual,EXTRACTABLE,,,no,inherited from federal
us-ut,SSI-F-POMS-SI-01300,federal,manual,EXTRACTABLE,,,no,inherited from federal
us-va,SSI-F-POMS-SI-01300,federal,manual,EXTRACTABLE,,,no,inherited from federal
us-vt,SSI-F-POMS-SI-01300,federal,manual,EXTRACTABLE,,,no,inherited from federal
us-wa,SSI-F-POMS-SI-01300,federal,manual,EXTRACTABLE,,,no,inherited from federal
us-wi,SSI-F-POMS-SI-01300,federal,manual,EXTRACTABLE,,,no,inherited from federal
us-wv,SSI-F-POMS-SI-01300,federal,manual,EXTRACTABLE,,,no,inherited from federal
us-wy,SSI-F-POMS-SI-01300,federal,manual,EXTRACTABLE,,,no,inherited from federal
us,SSI-F-POMS-SI-01310,federal,manual,PRESENT,2026-09-10-ssi-poms-si,us/manual/ssa/poms/si/01310.000/block-1,yes,53/53 sections taken incl. regional; block bodies opened
us-ak,SSI-F-POMS-SI-01310,federal,manual,PRESENT,2026-09-10-ssi-poms-si,us/manual/ssa/poms/si/01310.000/block-1,yes,inherited from federal
us-al,SSI-F-POMS-SI-01310,federal,manual,PRESENT,2026-09-10-ssi-poms-si,us/manual/ssa/poms/si/01310.000/block-1,yes,inherited from federal
us-ar,SSI-F-POMS-SI-01310,federal,manual,PRESENT,2026-09-10-ssi-poms-si,us/manual/ssa/poms/si/01310.000/block-1,yes,inherited from federal
us-az,SSI-F-POMS-SI-01310,federal,manual,PRESENT,2026-09-10-ssi-poms-si,us/manual/ssa/poms/si/01310.000/block-1,yes,inherited from federal
us-ca,SSI-F-POMS-SI-01310,federal,manual,PRESENT,2026-09-10-ssi-poms-si,us/manual/ssa/poms/si/01310.000/block-1,yes,inherited from federal
us-co,SSI-F-POMS-SI-01310,federal,manual,PRESENT,2026-09-10-ssi-poms-si,us/manual/ssa/poms/si/01310.000/block-1,yes,inherited from federal
us-ct,SSI-F-POMS-SI-01310,federal,manual,PRESENT,2026-09-10-ssi-poms-si,us/manual/ssa/poms/si/01310.000/block-1,yes,inherited from federal
us-dc,SSI-F-POMS-SI-01310,federal,manual,PRESENT,2026-09-10-ssi-poms-si,us/manual/ssa/poms/si/01310.000/block-1,yes,inherited from federal
us-de,SSI-F-POMS-SI-01310,federal,manual,PRESENT,2026-09-10-ssi-poms-si,us/manual/ssa/poms/si/01310.000/block-1,yes,inherited from federal
us-fl,SSI-F-POMS-SI-01310,federal,manual,PRESENT,2026-09-10-ssi-poms-si,us/manual/ssa/poms/si/01310.000/block-1,yes,inherited from federal
us-ga,SSI-F-POMS-SI-01310,federal,manual,PRESENT,2026-09-10-ssi-poms-si,us/manual/ssa/poms/si/01310.000/block-1,yes,inherited from federal
us-hi,SSI-F-POMS-SI-01310,federal,manual,PRESENT,2026-09-10-ssi-poms-si,us/manual/ssa/poms/si/01310.000/block-1,yes,inherited from federal
us-ia,SSI-F-POMS-SI-01310,federal,manual,PRESENT,2026-09-10-ssi-poms-si,us/manual/ssa/poms/si/01310.000/block-1,yes,inherited from federal
us-id,SSI-F-POMS-SI-01310,federal,manual,PRESENT,2026-09-10-ssi-poms-si,us/manual/ssa/poms/si/01310.000/block-1,yes,inherited from federal
us-il,SSI-F-POMS-SI-01310,federal,manual,PRESENT,2026-09-10-ssi-poms-si,us/manual/ssa/poms/si/01310.000/block-1,yes,inherited from federal
us-in,SSI-F-POMS-SI-01310,federal,manual,PRESENT,2026-09-10-ssi-poms-si,us/manual/ssa/poms/si/01310.000/block-1,yes,inherited from federal
us-ks,SSI-F-POMS-SI-01310,federal,manual,PRESENT,2026-09-10-ssi-poms-si,us/manual/ssa/poms/si/01310.000/block-1,yes,inherited from federal
us-ky,SSI-F-POMS-SI-01310,federal,manual,PRESENT,2026-09-10-ssi-poms-si,us/manual/ssa/poms/si/01310.000/block-1,yes,inherited from federal
us-la,SSI-F-POMS-SI-01310,federal,manual,PRESENT,2026-09-10-ssi-poms-si,us/manual/ssa/poms/si/01310.000/block-1,yes,inherited from federal
us-ma,SSI-F-POMS-SI-01310,federal,manual,PRESENT,2026-09-10-ssi-poms-si,us/manual/ssa/poms/si/01310.000/block-1,yes,inherited from federal
us-md,SSI-F-POMS-SI-01310,federal,manual,PRESENT,2026-09-10-ssi-poms-si,us/manual/ssa/poms/si/01310.000/block-1,yes,inherited from federal
us-me,SSI-F-POMS-SI-01310,federal,manual,PRESENT,2026-09-10-ssi-poms-si,us/manual/ssa/poms/si/01310.000/block-1,yes,inherited from federal
us-mi,SSI-F-POMS-SI-01310,federal,manual,PRESENT,2026-09-10-ssi-poms-si,us/manual/ssa/poms/si/01310.000/block-1,yes,inherited from federal
us-mn,SSI-F-POMS-SI-01310,federal,manual,PRESENT,2026-09-10-ssi-poms-si,us/manual/ssa/poms/si/01310.000/block-1,yes,inherited from federal
us-mo,SSI-F-POMS-SI-01310,federal,manual,PRESENT,2026-09-10-ssi-poms-si,us/manual/ssa/poms/si/01310.000/block-1,yes,inherited from federal
us-ms,SSI-F-POMS-SI-01310,federal,manual,PRESENT,2026-09-10-ssi-poms-si,us/manual/ssa/poms/si/01310.000/block-1,yes,inherited from federal
us-mt,SSI-F-POMS-SI-01310,federal,manual,PRESENT,2026-09-10-ssi-poms-si,us/manual/ssa/poms/si/01310.000/block-1,yes,inherited from federal
us-nc,SSI-F-POMS-SI-01310,federal,manual,PRESENT,2026-09-10-ssi-poms-si,us/manual/ssa/poms/si/01310.000/block-1,yes,inherited from federal
us-nd,SSI-F-POMS-SI-01310,federal,manual,PRESENT,2026-09-10-ssi-poms-si,us/manual/ssa/poms/si/01310.000/block-1,yes,inherited from federal
us-ne,SSI-F-POMS-SI-01310,federal,manual,PRESENT,2026-09-10-ssi-poms-si,us/manual/ssa/poms/si/01310.000/block-1,yes,inherited from federal
us-nh,SSI-F-POMS-SI-01310,federal,manual,PRESENT,2026-09-10-ssi-poms-si,us/manual/ssa/poms/si/01310.000/block-1,yes,inherited from federal
us-nj,SSI-F-POMS-SI-01310,federal,manual,PRESENT,2026-09-10-ssi-poms-si,us/manual/ssa/poms/si/01310.000/block-1,yes,inherited from federal
us-nm,SSI-F-POMS-SI-01310,federal,manual,PRESENT,2026-09-10-ssi-poms-si,us/manual/ssa/poms/si/01310.000/block-1,yes,inherited from federal
us-nv,SSI-F-POMS-SI-01310,federal,manual,PRESENT,2026-09-10-ssi-poms-si,us/manual/ssa/poms/si/01310.000/block-1,yes,inherited from federal
us-ny,SSI-F-POMS-SI-01310,federal,manual,PRESENT,2026-09-10-ssi-poms-si,us/manual/ssa/poms/si/01310.000/block-1,yes,inherited from federal
us-oh,SSI-F-POMS-SI-01310,federal,manual,PRESENT,2026-09-10-ssi-poms-si,us/manual/ssa/poms/si/01310.000/block-1,yes,inherited from federal
us-ok,SSI-F-POMS-SI-01310,federal,manual,PRESENT,2026-09-10-ssi-poms-si,us/manual/ssa/poms/si/01310.000/block-1,yes,inherited from federal
us-or,SSI-F-POMS-SI-01310,federal,manual,PRESENT,2026-09-10-ssi-poms-si,us/manual/ssa/poms/si/01310.000/block-1,yes,inherited from federal
us-pa,SSI-F-POMS-SI-01310,federal,manual,PRESENT,2026-09-10-ssi-poms-si,us/manual/ssa/poms/si/01310.000/block-1,yes,inherited from federal
us-ri,SSI-F-POMS-SI-01310,federal,manual,PRESENT,2026-09-10-ssi-poms-si,us/manual/ssa/poms/si/01310.000/block-1,yes,inherited from federal
us-sc,SSI-F-POMS-SI-01310,federal,manual,PRESENT,2026-09-10-ssi-poms-si,us/manual/ssa/poms/si/01310.000/block-1,yes,inherited from federal
us-sd,SSI-F-POMS-SI-01310,federal,manual,PRESENT,2026-09-10-ssi-poms-si,us/manual/ssa/poms/si/01310.000/block-1,yes,inherited from federal
us-tn,SSI-F-POMS-SI-01310,federal,manual,PRESENT,2026-09-10-ssi-poms-si,us/manual/ssa/poms/si/01310.000/block-1,yes,inherited from federal
us-tx,SSI-F-POMS-SI-01310,federal,manual,PRESENT,2026-09-10-ssi-poms-si,us/manual/ssa/poms/si/01310.000/block-1,yes,inherited from federal
us-ut,SSI-F-POMS-SI-01310,federal,manual,PRESENT,2026-09-10-ssi-poms-si,us/manual/ssa/poms/si/01310.000/block-1,yes,inherited from federal
us-va,SSI-F-POMS-SI-01310,federal,manual,PRESENT,2026-09-10-ssi-poms-si,us/manual/ssa/poms/si/01310.000/block-1,yes,inherited from federal
us-vt,SSI-F-POMS-SI-01310,federal,manual,PRESENT,2026-09-10-ssi-poms-si,us/manual/ssa/poms/si/01310.000/block-1,yes,inherited from federal
us-wa,SSI-F-POMS-SI-01310,federal,manual,PRESENT,2026-09-10-ssi-poms-si,us/manual/ssa/poms/si/01310.000/block-1,yes,inherited from federal
us-wi,SSI-F-POMS-SI-01310,federal,manual,PRESENT,2026-09-10-ssi-poms-si,us/manual/ssa/poms/si/01310.000/block-1,yes,inherited from federal
us-wv,SSI-F-POMS-SI-01310,federal,manual,PRESENT,2026-09-10-ssi-poms-si,us/manual/ssa/poms/si/01310.000/block-1,yes,inherited from federal
us-wy,SSI-F-POMS-SI-01310,federal,manual,PRESENT,2026-09-10-ssi-poms-si,us/manual/ssa/poms/si/01310.000/block-1,yes,inherited from federal
us,SSI-F-POMS-SI-01320,federal,manual,PRESENT,2026-09-10-ssi-poms-si,us/manual/ssa/poms/si/01320.000/block-1,yes,55/55 sections taken incl. regional; block bodies opened
us-ak,SSI-F-POMS-SI-01320,federal,manual,PRESENT,2026-09-10-ssi-poms-si,us/manual/ssa/poms/si/01320.000/block-1,yes,inherited from federal
us-al,SSI-F-POMS-SI-01320,federal,manual,PRESENT,2026-09-10-ssi-poms-si,us/manual/ssa/poms/si/01320.000/block-1,yes,inherited from federal
us-ar,SSI-F-POMS-SI-01320,federal,manual,PRESENT,2026-09-10-ssi-poms-si,us/manual/ssa/poms/si/01320.000/block-1,yes,inherited from federal
us-az,SSI-F-POMS-SI-01320,federal,manual,PRESENT,2026-09-10-ssi-poms-si,us/manual/ssa/poms/si/01320.000/block-1,yes,inherited from federal
us-ca,SSI-F-POMS-SI-01320,federal,manual,PRESENT,2026-09-10-ssi-poms-si,us/manual/ssa/poms/si/01320.000/block-1,yes,inherited from federal
us-co,SSI-F-POMS-SI-01320,federal,manual,PRESENT,2026-09-10-ssi-poms-si,us/manual/ssa/poms/si/01320.000/block-1,yes,inherited from federal
us-ct,SSI-F-POMS-SI-01320,federal,manual,PRESENT,2026-09-10-ssi-poms-si,us/manual/ssa/poms/si/01320.000/block-1,yes,inherited from federal
us-dc,SSI-F-POMS-SI-01320,federal,manual,PRESENT,2026-09-10-ssi-poms-si,us/manual/ssa/poms/si/01320.000/block-1,yes,inherited from federal
us-de,SSI-F-POMS-SI-01320,federal,manual,PRESENT,2026-09-10-ssi-poms-si,us/manual/ssa/poms/si/01320.000/block-1,yes,inherited from federal
us-fl,SSI-F-POMS-SI-01320,federal,manual,PRESENT,2026-09-10-ssi-poms-si,us/manual/ssa/poms/si/01320.000/block-1,yes,inherited from federal
us-ga,SSI-F-POMS-SI-01320,federal,manual,PRESENT,2026-09-10-ssi-poms-si,us/manual/ssa/poms/si/01320.000/block-1,yes,inherited from federal
us-hi,SSI-F-POMS-SI-01320,federal,manual,PRESENT,2026-09-10-ssi-poms-si,us/manual/ssa/poms/si/01320.000/block-1,yes,inherited from federal
us-ia,SSI-F-POMS-SI-01320,federal,manual,PRESENT,2026-09-10-ssi-poms-si,us/manual/ssa/poms/si/01320.000/block-1,yes,inherited from federal
us-id,SSI-F-POMS-SI-01320,federal,manual,PRESENT,2026-09-10-ssi-poms-si,us/manual/ssa/poms/si/01320.000/block-1,yes,inherited from federal
us-il,SSI-F-POMS-SI-01320,federal,manual,PRESENT,2026-09-10-ssi-poms-si,us/manual/ssa/poms/si/01320.000/block-1,yes,inherited from federal
us-in,SSI-F-POMS-SI-01320,federal,manual,PRESENT,2026-09-10-ssi-poms-si,us/manual/ssa/poms/si/01320.000/block-1,yes,inherited from federal
us-ks,SSI-F-POMS-SI-01320,federal,manual,PRESENT,2026-09-10-ssi-poms-si,us/manual/ssa/poms/si/01320.000/block-1,yes,inherited from federal
us-ky,SSI-F-POMS-SI-01320,federal,manual,PRESENT,2026-09-10-ssi-poms-si,us/manual/ssa/poms/si/01320.000/block-1,yes,inherited from federal
us-la,SSI-F-POMS-SI-01320,federal,manual,PRESENT,2026-09-10-ssi-poms-si,us/manual/ssa/poms/si/01320.000/block-1,yes,inherited from federal
us-ma,SSI-F-POMS-SI-01320,federal,manual,PRESENT,2026-09-10-ssi-poms-si,us/manual/ssa/poms/si/01320.000/block-1,yes,inherited from federal
us-md,SSI-F-POMS-SI-01320,federal,manual,PRESENT,2026-09-10-ssi-poms-si,us/manual/ssa/poms/si/01320.000/block-1,yes,inherited from federal
us-me,SSI-F-POMS-SI-01320,federal,manual,PRESENT,2026-09-10-ssi-poms-si,us/manual/ssa/poms/si/01320.000/block-1,yes,inherited from federal
us-mi,SSI-F-POMS-SI-01320,federal,manual,PRESENT,2026-09-10-ssi-poms-si,us/manual/ssa/poms/si/01320.000/block-1,yes,inherited from federal
us-mn,SSI-F-POMS-SI-01320,federal,manual,PRESENT,2026-09-10-ssi-poms-si,us/manual/ssa/poms/si/01320.000/block-1,yes,inherited from federal
us-mo,SSI-F-POMS-SI-01320,federal,manual,PRESENT,2026-09-10-ssi-poms-si,us/manual/ssa/poms/si/01320.000/block-1,yes,inherited from federal
us-ms,SSI-F-POMS-SI-01320,federal,manual,PRESENT,2026-09-10-ssi-poms-si,us/manual/ssa/poms/si/01320.000/block-1,yes,inherited from federal
us-mt,SSI-F-POMS-SI-01320,federal,manual,PRESENT,2026-09-10-ssi-poms-si,us/manual/ssa/poms/si/01320.000/block-1,yes,inherited from federal
us-nc,SSI-F-POMS-SI-01320,federal,manual,PRESENT,2026-09-10-ssi-poms-si,us/manual/ssa/poms/si/01320.000/block-1,yes,inherited from federal
us-nd,SSI-F-POMS-SI-01320,federal,manual,PRESENT,2026-09-10-ssi-poms-si,us/manual/ssa/poms/si/01320.000/block-1,yes,inherited from federal
us-ne,SSI-F-POMS-SI-01320,federal,manual,PRESENT,2026-09-10-ssi-poms-si,us/manual/ssa/poms/si/01320.000/block-1,yes,inherited from federal
us-nh,SSI-F-POMS-SI-01320,federal,manual,PRESENT,2026-09-10-ssi-poms-si,us/manual/ssa/poms/si/01320.000/block-1,yes,inherited from federal
us-nj,SSI-F-POMS-SI-01320,federal,manual,PRESENT,2026-09-10-ssi-poms-si,us/manual/ssa/poms/si/01320.000/block-1,yes,inherited from federal
us-nm,SSI-F-POMS-SI-01320,federal,manual,PRESENT,2026-09-10-ssi-poms-si,us/manual/ssa/poms/si/01320.000/block-1,yes,inherited from federal
us-nv,SSI-F-POMS-SI-01320,federal,manual,PRESENT,2026-09-10-ssi-poms-si,us/manual/ssa/poms/si/01320.000/block-1,yes,inherited from federal
us-ny,SSI-F-POMS-SI-01320,federal,manual,PRESENT,2026-09-10-ssi-poms-si,us/manual/ssa/poms/si/01320.000/block-1,yes,inherited from federal
us-oh,SSI-F-POMS-SI-01320,federal,manual,PRESENT,2026-09-10-ssi-poms-si,us/manual/ssa/poms/si/01320.000/block-1,yes,inherited from federal
us-ok,SSI-F-POMS-SI-01320,federal,manual,PRESENT,2026-09-10-ssi-poms-si,us/manual/ssa/poms/si/01320.000/block-1,yes,inherited from federal
us-or,SSI-F-POMS-SI-01320,federal,manual,PRESENT,2026-09-10-ssi-poms-si,us/manual/ssa/poms/si/01320.000/block-1,yes,inherited from federal
us-pa,SSI-F-POMS-SI-01320,federal,manual,PRESENT,2026-09-10-ssi-poms-si,us/manual/ssa/poms/si/01320.000/block-1,yes,inherited from federal
us-ri,SSI-F-POMS-SI-01320,federal,manual,PRESENT,2026-09-10-ssi-poms-si,us/manual/ssa/poms/si/01320.000/block-1,yes,inherited from federal
us-sc,SSI-F-POMS-SI-01320,federal,manual,PRESENT,2026-09-10-ssi-poms-si,us/manual/ssa/poms/si/01320.000/block-1,yes,inherited from federal
us-sd,SSI-F-POMS-SI-01320,federal,manual,PRESENT,2026-09-10-ssi-poms-si,us/manual/ssa/poms/si/01320.000/block-1,yes,inherited from federal
us-tn,SSI-F-POMS-SI-01320,federal,manual,PRESENT,2026-09-10-ssi-poms-si,us/manual/ssa/poms/si/01320.000/block-1,yes,inherited from federal
us-tx,SSI-F-POMS-SI-01320,federal,manual,PRESENT,2026-09-10-ssi-poms-si,us/manual/ssa/poms/si/01320.000/block-1,yes,inherited from federal
us-ut,SSI-F-POMS-SI-01320,federal,manual,PRESENT,2026-09-10-ssi-poms-si,us/manual/ssa/poms/si/01320.000/block-1,yes,inherited from federal
us-va,SSI-F-POMS-SI-01320,federal,manual,PRESENT,2026-09-10-ssi-poms-si,us/manual/ssa/poms/si/01320.000/block-1,yes,inherited from federal
us-vt,SSI-F-POMS-SI-01320,federal,manual,PRESENT,2026-09-10-ssi-poms-si,us/manual/ssa/poms/si/01320.000/block-1,yes,inherited from federal
us-wa,SSI-F-POMS-SI-01320,federal,manual,PRESENT,2026-09-10-ssi-poms-si,us/manual/ssa/poms/si/01320.000/block-1,yes,inherited from federal
us-wi,SSI-F-POMS-SI-01320,federal,manual,PRESENT,2026-09-10-ssi-poms-si,us/manual/ssa/poms/si/01320.000/block-1,yes,inherited from federal
us-wv,SSI-F-POMS-SI-01320,federal,manual,PRESENT,2026-09-10-ssi-poms-si,us/manual/ssa/poms/si/01320.000/block-1,yes,inherited from federal
us-wy,SSI-F-POMS-SI-01320,federal,manual,PRESENT,2026-09-10-ssi-poms-si,us/manual/ssa/poms/si/01320.000/block-1,yes,inherited from federal
us,SSI-F-POMS-SI-01330,federal,manual,PRESENT,2026-09-10-ssi-poms-si,us/manual/ssa/poms/si/01330.000/block-1,partial,22/22 sections taken incl. regional; block bodies opened
us-ak,SSI-F-POMS-SI-01330,federal,manual,PRESENT,2026-09-10-ssi-poms-si,us/manual/ssa/poms/si/01330.000/block-1,partial,inherited from federal
us-al,SSI-F-POMS-SI-01330,federal,manual,PRESENT,2026-09-10-ssi-poms-si,us/manual/ssa/poms/si/01330.000/block-1,partial,inherited from federal
us-ar,SSI-F-POMS-SI-01330,federal,manual,PRESENT,2026-09-10-ssi-poms-si,us/manual/ssa/poms/si/01330.000/block-1,partial,inherited from federal
us-az,SSI-F-POMS-SI-01330,federal,manual,PRESENT,2026-09-10-ssi-poms-si,us/manual/ssa/poms/si/01330.000/block-1,partial,inherited from federal
us-ca,SSI-F-POMS-SI-01330,federal,manual,PRESENT,2026-09-10-ssi-poms-si,us/manual/ssa/poms/si/01330.000/block-1,partial,inherited from federal
us-co,SSI-F-POMS-SI-01330,federal,manual,PRESENT,2026-09-10-ssi-poms-si,us/manual/ssa/poms/si/01330.000/block-1,partial,inherited from federal
us-ct,SSI-F-POMS-SI-01330,federal,manual,PRESENT,2026-09-10-ssi-poms-si,us/manual/ssa/poms/si/01330.000/block-1,partial,inherited from federal
us-dc,SSI-F-POMS-SI-01330,federal,manual,PRESENT,2026-09-10-ssi-poms-si,us/manual/ssa/poms/si/01330.000/block-1,partial,inherited from federal
us-de,SSI-F-POMS-SI-01330,federal,manual,PRESENT,2026-09-10-ssi-poms-si,us/manual/ssa/poms/si/01330.000/block-1,partial,inherited from federal
us-fl,SSI-F-POMS-SI-01330,federal,manual,PRESENT,2026-09-10-ssi-poms-si,us/manual/ssa/poms/si/01330.000/block-1,partial,inherited from federal
us-ga,SSI-F-POMS-SI-01330,federal,manual,PRESENT,2026-09-10-ssi-poms-si,us/manual/ssa/poms/si/01330.000/block-1,partial,inherited from federal
us-hi,SSI-F-POMS-SI-01330,federal,manual,PRESENT,2026-09-10-ssi-poms-si,us/manual/ssa/poms/si/01330.000/block-1,partial,inherited from federal
us-ia,SSI-F-POMS-SI-01330,federal,manual,PRESENT,2026-09-10-ssi-poms-si,us/manual/ssa/poms/si/01330.000/block-1,partial,inherited from federal
us-id,SSI-F-POMS-SI-01330,federal,manual,PRESENT,2026-09-10-ssi-poms-si,us/manual/ssa/poms/si/01330.000/block-1,partial,inherited from federal
us-il,SSI-F-POMS-SI-01330,federal,manual,PRESENT,2026-09-10-ssi-poms-si,us/manual/ssa/poms/si/01330.000/block-1,partial,inherited from federal
us-in,SSI-F-POMS-SI-01330,federal,manual,PRESENT,2026-09-10-ssi-poms-si,us/manual/ssa/poms/si/01330.000/block-1,partial,inherited from federal
us-ks,SSI-F-POMS-SI-01330,federal,manual,PRESENT,2026-09-10-ssi-poms-si,us/manual/ssa/poms/si/01330.000/block-1,partial,inherited from federal
us-ky,SSI-F-POMS-SI-01330,federal,manual,PRESENT,2026-09-10-ssi-poms-si,us/manual/ssa/poms/si/01330.000/block-1,partial,inherited from federal
us-la,SSI-F-POMS-SI-01330,federal,manual,PRESENT,2026-09-10-ssi-poms-si,us/manual/ssa/poms/si/01330.000/block-1,partial,inherited from federal
us-ma,SSI-F-POMS-SI-01330,federal,manual,PRESENT,2026-09-10-ssi-poms-si,us/manual/ssa/poms/si/01330.000/block-1,partial,inherited from federal
us-md,SSI-F-POMS-SI-01330,federal,manual,PRESENT,2026-09-10-ssi-poms-si,us/manual/ssa/poms/si/01330.000/block-1,partial,inherited from federal
us-me,SSI-F-POMS-SI-01330,federal,manual,PRESENT,2026-09-10-ssi-poms-si,us/manual/ssa/poms/si/01330.000/block-1,partial,inherited from federal
us-mi,SSI-F-POMS-SI-01330,federal,manual,PRESENT,2026-09-10-ssi-poms-si,us/manual/ssa/poms/si/01330.000/block-1,partial,inherited from federal
us-mn,SSI-F-POMS-SI-01330,federal,manual,PRESENT,2026-09-10-ssi-poms-si,us/manual/ssa/poms/si/01330.000/block-1,partial,inherited from federal
us-mo,SSI-F-POMS-SI-01330,federal,manual,PRESENT,2026-09-10-ssi-poms-si,us/manual/ssa/poms/si/01330.000/block-1,partial,inherited from federal
us-ms,SSI-F-POMS-SI-01330,federal,manual,PRESENT,2026-09-10-ssi-poms-si,us/manual/ssa/poms/si/01330.000/block-1,partial,inherited from federal
us-mt,SSI-F-POMS-SI-01330,federal,manual,PRESENT,2026-09-10-ssi-poms-si,us/manual/ssa/poms/si/01330.000/block-1,partial,inherited from federal
us-nc,SSI-F-POMS-SI-01330,federal,manual,PRESENT,2026-09-10-ssi-poms-si,us/manual/ssa/poms/si/01330.000/block-1,partial,inherited from federal
us-nd,SSI-F-POMS-SI-01330,federal,manual,PRESENT,2026-09-10-ssi-poms-si,us/manual/ssa/poms/si/01330.000/block-1,partial,inherited from federal
us-ne,SSI-F-POMS-SI-01330,federal,manual,PRESENT,2026-09-10-ssi-poms-si,us/manual/ssa/poms/si/01330.000/block-1,partial,inherited from federal
us-nh,SSI-F-POMS-SI-01330,federal,manual,PRESENT,2026-09-10-ssi-poms-si,us/manual/ssa/poms/si/01330.000/block-1,partial,inherited from federal
us-nj,SSI-F-POMS-SI-01330,federal,manual,PRESENT,2026-09-10-ssi-poms-si,us/manual/ssa/poms/si/01330.000/block-1,partial,inherited from federal
us-nm,SSI-F-POMS-SI-01330,federal,manual,PRESENT,2026-09-10-ssi-poms-si,us/manual/ssa/poms/si/01330.000/block-1,partial,inherited from federal
us-nv,SSI-F-POMS-SI-01330,federal,manual,PRESENT,2026-09-10-ssi-poms-si,us/manual/ssa/poms/si/01330.000/block-1,partial,inherited from federal
us-ny,SSI-F-POMS-SI-01330,federal,manual,PRESENT,2026-09-10-ssi-poms-si,us/manual/ssa/poms/si/01330.000/block-1,partial,inherited from federal
us-oh,SSI-F-POMS-SI-01330,federal,manual,PRESENT,2026-09-10-ssi-poms-si,us/manual/ssa/poms/si/01330.000/block-1,partial,inherited from federal
us-ok,SSI-F-POMS-SI-01330,federal,manual,PRESENT,2026-09-10-ssi-poms-si,us/manual/ssa/poms/si/01330.000/block-1,partial,inherited from federal
us-or,SSI-F-POMS-SI-01330,federal,manual,PRESENT,2026-09-10-ssi-poms-si,us/manual/ssa/poms/si/01330.000/block-1,partial,inherited from federal
us-pa,SSI-F-POMS-SI-01330,federal,manual,PRESENT,2026-09-10-ssi-poms-si,us/manual/ssa/poms/si/01330.000/block-1,partial,inherited from federal
us-ri,SSI-F-POMS-SI-01330,federal,manual,PRESENT,2026-09-10-ssi-poms-si,us/manual/ssa/poms/si/01330.000/block-1,partial,inherited from federal
us-sc,SSI-F-POMS-SI-01330,federal,manual,PRESENT,2026-09-10-ssi-poms-si,us/manual/ssa/poms/si/01330.000/block-1,partial,inherited from federal
us-sd,SSI-F-POMS-SI-01330,federal,manual,PRESENT,2026-09-10-ssi-poms-si,us/manual/ssa/poms/si/01330.000/block-1,partial,inherited from federal
us-tn,SSI-F-POMS-SI-01330,federal,manual,PRESENT,2026-09-10-ssi-poms-si,us/manual/ssa/poms/si/01330.000/block-1,partial,inherited from federal
us-tx,SSI-F-POMS-SI-01330,federal,manual,PRESENT,2026-09-10-ssi-poms-si,us/manual/ssa/poms/si/01330.000/block-1,partial,inherited from federal
us-ut,SSI-F-POMS-SI-01330,federal,manual,PRESENT,2026-09-10-ssi-poms-si,us/manual/ssa/poms/si/01330.000/block-1,partial,inherited from federal
us-va,SSI-F-POMS-SI-01330,federal,manual,PRESENT,2026-09-10-ssi-poms-si,us/manual/ssa/poms/si/01330.000/block-1,partial,inherited from federal
us-vt,SSI-F-POMS-SI-01330,federal,manual,PRESENT,2026-09-10-ssi-poms-si,us/manual/ssa/poms/si/01330.000/block-1,partial,inherited from federal
us-wa,SSI-F-POMS-SI-01330,federal,manual,PRESENT,2026-09-10-ssi-poms-si,us/manual/ssa/poms/si/01330.000/block-1,partial,inherited from federal
us-wi,SSI-F-POMS-SI-01330,federal,manual,PRESENT,2026-09-10-ssi-poms-si,us/manual/ssa/poms/si/01330.000/block-1,partial,inherited from federal
us-wv,SSI-F-POMS-SI-01330,federal,manual,PRESENT,2026-09-10-ssi-poms-si,us/manual/ssa/poms/si/01330.000/block-1,partial,inherited from federal
us-wy,SSI-F-POMS-SI-01330,federal,manual,PRESENT,2026-09-10-ssi-poms-si,us/manual/ssa/poms/si/01330.000/block-1,partial,inherited from federal
us,SSI-F-POMS-SI-01400,federal,manual,PRESENT,2026-09-10-ssi-poms-si,us/manual/ssa/poms/si/01400.000/block-1,no,1/1 sections taken incl. regional; block bodies opened
us-ak,SSI-F-POMS-SI-01400,federal,manual,PRESENT,2026-09-10-ssi-poms-si,us/manual/ssa/poms/si/01400.000/block-1,no,inherited from federal
us-al,SSI-F-POMS-SI-01400,federal,manual,PRESENT,2026-09-10-ssi-poms-si,us/manual/ssa/poms/si/01400.000/block-1,no,inherited from federal
us-ar,SSI-F-POMS-SI-01400,federal,manual,PRESENT,2026-09-10-ssi-poms-si,us/manual/ssa/poms/si/01400.000/block-1,no,inherited from federal
us-az,SSI-F-POMS-SI-01400,federal,manual,PRESENT,2026-09-10-ssi-poms-si,us/manual/ssa/poms/si/01400.000/block-1,no,inherited from federal
us-ca,SSI-F-POMS-SI-01400,federal,manual,PRESENT,2026-09-10-ssi-poms-si,us/manual/ssa/poms/si/01400.000/block-1,no,inherited from federal
us-co,SSI-F-POMS-SI-01400,federal,manual,PRESENT,2026-09-10-ssi-poms-si,us/manual/ssa/poms/si/01400.000/block-1,no,inherited from federal
us-ct,SSI-F-POMS-SI-01400,federal,manual,PRESENT,2026-09-10-ssi-poms-si,us/manual/ssa/poms/si/01400.000/block-1,no,inherited from federal
us-dc,SSI-F-POMS-SI-01400,federal,manual,PRESENT,2026-09-10-ssi-poms-si,us/manual/ssa/poms/si/01400.000/block-1,no,inherited from federal
us-de,SSI-F-POMS-SI-01400,federal,manual,PRESENT,2026-09-10-ssi-poms-si,us/manual/ssa/poms/si/01400.000/block-1,no,inherited from federal
us-fl,SSI-F-POMS-SI-01400,federal,manual,PRESENT,2026-09-10-ssi-poms-si,us/manual/ssa/poms/si/01400.000/block-1,no,inherited from federal
us-ga,SSI-F-POMS-SI-01400,federal,manual,PRESENT,2026-09-10-ssi-poms-si,us/manual/ssa/poms/si/01400.000/block-1,no,inherited from federal
us-hi,SSI-F-POMS-SI-01400,federal,manual,PRESENT,2026-09-10-ssi-poms-si,us/manual/ssa/poms/si/01400.000/block-1,no,inherited from federal
us-ia,SSI-F-POMS-SI-01400,federal,manual,PRESENT,2026-09-10-ssi-poms-si,us/manual/ssa/poms/si/01400.000/block-1,no,inherited from federal
us-id,SSI-F-POMS-SI-01400,federal,manual,PRESENT,2026-09-10-ssi-poms-si,us/manual/ssa/poms/si/01400.000/block-1,no,inherited from federal
us-il,SSI-F-POMS-SI-01400,federal,manual,PRESENT,2026-09-10-ssi-poms-si,us/manual/ssa/poms/si/01400.000/block-1,no,inherited from federal
us-in,SSI-F-POMS-SI-01400,federal,manual,PRESENT,2026-09-10-ssi-poms-si,us/manual/ssa/poms/si/01400.000/block-1,no,inherited from federal
us-ks,SSI-F-POMS-SI-01400,federal,manual,PRESENT,2026-09-10-ssi-poms-si,us/manual/ssa/poms/si/01400.000/block-1,no,inherited from federal
us-ky,SSI-F-POMS-SI-01400,federal,manual,PRESENT,2026-09-10-ssi-poms-si,us/manual/ssa/poms/si/01400.000/block-1,no,inherited from federal
us-la,SSI-F-POMS-SI-01400,federal,manual,PRESENT,2026-09-10-ssi-poms-si,us/manual/ssa/poms/si/01400.000/block-1,no,inherited from federal
us-ma,SSI-F-POMS-SI-01400,federal,manual,PRESENT,2026-09-10-ssi-poms-si,us/manual/ssa/poms/si/01400.000/block-1,no,inherited from federal
us-md,SSI-F-POMS-SI-01400,federal,manual,PRESENT,2026-09-10-ssi-poms-si,us/manual/ssa/poms/si/01400.000/block-1,no,inherited from federal
us-me,SSI-F-POMS-SI-01400,federal,manual,PRESENT,2026-09-10-ssi-poms-si,us/manual/ssa/poms/si/01400.000/block-1,no,inherited from federal
us-mi,SSI-F-POMS-SI-01400,federal,manual,PRESENT,2026-09-10-ssi-poms-si,us/manual/ssa/poms/si/01400.000/block-1,no,inherited from federal
us-mn,SSI-F-POMS-SI-01400,federal,manual,PRESENT,2026-09-10-ssi-poms-si,us/manual/ssa/poms/si/01400.000/block-1,no,inherited from federal
us-mo,SSI-F-POMS-SI-01400,federal,manual,PRESENT,2026-09-10-ssi-poms-si,us/manual/ssa/poms/si/01400.000/block-1,no,inherited from federal
us-ms,SSI-F-POMS-SI-01400,federal,manual,PRESENT,2026-09-10-ssi-poms-si,us/manual/ssa/poms/si/01400.000/block-1,no,inherited from federal
us-mt,SSI-F-POMS-SI-01400,federal,manual,PRESENT,2026-09-10-ssi-poms-si,us/manual/ssa/poms/si/01400.000/block-1,no,inherited from federal
us-nc,SSI-F-POMS-SI-01400,federal,manual,PRESENT,2026-09-10-ssi-poms-si,us/manual/ssa/poms/si/01400.000/block-1,no,inherited from federal
us-nd,SSI-F-POMS-SI-01400,federal,manual,PRESENT,2026-09-10-ssi-poms-si,us/manual/ssa/poms/si/01400.000/block-1,no,inherited from federal
us-ne,SSI-F-POMS-SI-01400,federal,manual,PRESENT,2026-09-10-ssi-poms-si,us/manual/ssa/poms/si/01400.000/block-1,no,inherited from federal
us-nh,SSI-F-POMS-SI-01400,federal,manual,PRESENT,2026-09-10-ssi-poms-si,us/manual/ssa/poms/si/01400.000/block-1,no,inherited from federal
us-nj,SSI-F-POMS-SI-01400,federal,manual,PRESENT,2026-09-10-ssi-poms-si,us/manual/ssa/poms/si/01400.000/block-1,no,inherited from federal
us-nm,SSI-F-POMS-SI-01400,federal,manual,PRESENT,2026-09-10-ssi-poms-si,us/manual/ssa/poms/si/01400.000/block-1,no,inherited from federal
us-nv,SSI-F-POMS-SI-01400,federal,manual,PRESENT,2026-09-10-ssi-poms-si,us/manual/ssa/poms/si/01400.000/block-1,no,inherited from federal
us-ny,SSI-F-POMS-SI-01400,federal,manual,PRESENT,2026-09-10-ssi-poms-si,us/manual/ssa/poms/si/01400.000/block-1,no,inherited from federal
us-oh,SSI-F-POMS-SI-01400,federal,manual,PRESENT,2026-09-10-ssi-poms-si,us/manual/ssa/poms/si/01400.000/block-1,no,inherited from federal
us-ok,SSI-F-POMS-SI-01400,federal,manual,PRESENT,2026-09-10-ssi-poms-si,us/manual/ssa/poms/si/01400.000/block-1,no,inherited from federal
us-or,SSI-F-POMS-SI-01400,federal,manual,PRESENT,2026-09-10-ssi-poms-si,us/manual/ssa/poms/si/01400.000/block-1,no,inherited from federal
us-pa,SSI-F-POMS-SI-01400,federal,manual,PRESENT,2026-09-10-ssi-poms-si,us/manual/ssa/poms/si/01400.000/block-1,no,inherited from federal
us-ri,SSI-F-POMS-SI-01400,federal,manual,PRESENT,2026-09-10-ssi-poms-si,us/manual/ssa/poms/si/01400.000/block-1,no,inherited from federal
us-sc,SSI-F-POMS-SI-01400,federal,manual,PRESENT,2026-09-10-ssi-poms-si,us/manual/ssa/poms/si/01400.000/block-1,no,inherited from federal
us-sd,SSI-F-POMS-SI-01400,federal,manual,PRESENT,2026-09-10-ssi-poms-si,us/manual/ssa/poms/si/01400.000/block-1,no,inherited from federal
us-tn,SSI-F-POMS-SI-01400,federal,manual,PRESENT,2026-09-10-ssi-poms-si,us/manual/ssa/poms/si/01400.000/block-1,no,inherited from federal
us-tx,SSI-F-POMS-SI-01400,federal,manual,PRESENT,2026-09-10-ssi-poms-si,us/manual/ssa/poms/si/01400.000/block-1,no,inherited from federal
us-ut,SSI-F-POMS-SI-01400,federal,manual,PRESENT,2026-09-10-ssi-poms-si,us/manual/ssa/poms/si/01400.000/block-1,no,inherited from federal
us-va,SSI-F-POMS-SI-01400,federal,manual,PRESENT,2026-09-10-ssi-poms-si,us/manual/ssa/poms/si/01400.000/block-1,no,inherited from federal
us-vt,SSI-F-POMS-SI-01400,federal,manual,PRESENT,2026-09-10-ssi-poms-si,us/manual/ssa/poms/si/01400.000/block-1,no,inherited from federal
us-wa,SSI-F-POMS-SI-01400,federal,manual,PRESENT,2026-09-10-ssi-poms-si,us/manual/ssa/poms/si/01400.000/block-1,no,inherited from federal
us-wi,SSI-F-POMS-SI-01400,federal,manual,PRESENT,2026-09-10-ssi-poms-si,us/manual/ssa/poms/si/01400.000/block-1,no,inherited from federal
us-wv,SSI-F-POMS-SI-01400,federal,manual,PRESENT,2026-09-10-ssi-poms-si,us/manual/ssa/poms/si/01400.000/block-1,no,inherited from federal
us-wy,SSI-F-POMS-SI-01400,federal,manual,PRESENT,2026-09-10-ssi-poms-si,us/manual/ssa/poms/si/01400.000/block-1,no,inherited from federal
us,SSI-F-POMS-SI-01401,federal,manual,PRESENT,2026-09-10-ssi-poms-si,us/manual/ssa/poms/si/01401.000/block-1,no,4/4 sections taken incl. regional; block bodies opened
us-ak,SSI-F-POMS-SI-01401,federal,manual,PRESENT,2026-09-10-ssi-poms-si,us/manual/ssa/poms/si/01401.000/block-1,no,inherited from federal
us-al,SSI-F-POMS-SI-01401,federal,manual,PRESENT,2026-09-10-ssi-poms-si,us/manual/ssa/poms/si/01401.000/block-1,no,inherited from federal
us-ar,SSI-F-POMS-SI-01401,federal,manual,PRESENT,2026-09-10-ssi-poms-si,us/manual/ssa/poms/si/01401.000/block-1,no,inherited from federal
us-az,SSI-F-POMS-SI-01401,federal,manual,PRESENT,2026-09-10-ssi-poms-si,us/manual/ssa/poms/si/01401.000/block-1,no,inherited from federal
us-ca,SSI-F-POMS-SI-01401,federal,manual,PRESENT,2026-09-10-ssi-poms-si,us/manual/ssa/poms/si/01401.000/block-1,no,inherited from federal
us-co,SSI-F-POMS-SI-01401,federal,manual,PRESENT,2026-09-10-ssi-poms-si,us/manual/ssa/poms/si/01401.000/block-1,no,inherited from federal
us-ct,SSI-F-POMS-SI-01401,federal,manual,PRESENT,2026-09-10-ssi-poms-si,us/manual/ssa/poms/si/01401.000/block-1,no,inherited from federal
us-dc,SSI-F-POMS-SI-01401,federal,manual,PRESENT,2026-09-10-ssi-poms-si,us/manual/ssa/poms/si/01401.000/block-1,no,inherited from federal
us-de,SSI-F-POMS-SI-01401,federal,manual,PRESENT,2026-09-10-ssi-poms-si,us/manual/ssa/poms/si/01401.000/block-1,no,inherited from federal
us-fl,SSI-F-POMS-SI-01401,federal,manual,PRESENT,2026-09-10-ssi-poms-si,us/manual/ssa/poms/si/01401.000/block-1,no,inherited from federal
us-ga,SSI-F-POMS-SI-01401,federal,manual,PRESENT,2026-09-10-ssi-poms-si,us/manual/ssa/poms/si/01401.000/block-1,no,inherited from federal
us-hi,SSI-F-POMS-SI-01401,federal,manual,PRESENT,2026-09-10-ssi-poms-si,us/manual/ssa/poms/si/01401.000/block-1,no,inherited from federal
us-ia,SSI-F-POMS-SI-01401,federal,manual,PRESENT,2026-09-10-ssi-poms-si,us/manual/ssa/poms/si/01401.000/block-1,no,inherited from federal
us-id,SSI-F-POMS-SI-01401,federal,manual,PRESENT,2026-09-10-ssi-poms-si,us/manual/ssa/poms/si/01401.000/block-1,no,inherited from federal
us-il,SSI-F-POMS-SI-01401,federal,manual,PRESENT,2026-09-10-ssi-poms-si,us/manual/ssa/poms/si/01401.000/block-1,no,inherited from federal
us-in,SSI-F-POMS-SI-01401,federal,manual,PRESENT,2026-09-10-ssi-poms-si,us/manual/ssa/poms/si/01401.000/block-1,no,inherited from federal
us-ks,SSI-F-POMS-SI-01401,federal,manual,PRESENT,2026-09-10-ssi-poms-si,us/manual/ssa/poms/si/01401.000/block-1,no,inherited from federal
us-ky,SSI-F-POMS-SI-01401,federal,manual,PRESENT,2026-09-10-ssi-poms-si,us/manual/ssa/poms/si/01401.000/block-1,no,inherited from federal
us-la,SSI-F-POMS-SI-01401,federal,manual,PRESENT,2026-09-10-ssi-poms-si,us/manual/ssa/poms/si/01401.000/block-1,no,inherited from federal
us-ma,SSI-F-POMS-SI-01401,federal,manual,PRESENT,2026-09-10-ssi-poms-si,us/manual/ssa/poms/si/01401.000/block-1,no,inherited from federal
us-md,SSI-F-POMS-SI-01401,federal,manual,PRESENT,2026-09-10-ssi-poms-si,us/manual/ssa/poms/si/01401.000/block-1,no,inherited from federal
us-me,SSI-F-POMS-SI-01401,federal,manual,PRESENT,2026-09-10-ssi-poms-si,us/manual/ssa/poms/si/01401.000/block-1,no,inherited from federal
us-mi,SSI-F-POMS-SI-01401,federal,manual,PRESENT,2026-09-10-ssi-poms-si,us/manual/ssa/poms/si/01401.000/block-1,no,inherited from federal
us-mn,SSI-F-POMS-SI-01401,federal,manual,PRESENT,2026-09-10-ssi-poms-si,us/manual/ssa/poms/si/01401.000/block-1,no,inherited from federal
us-mo,SSI-F-POMS-SI-01401,federal,manual,PRESENT,2026-09-10-ssi-poms-si,us/manual/ssa/poms/si/01401.000/block-1,no,inherited from federal
us-ms,SSI-F-POMS-SI-01401,federal,manual,PRESENT,2026-09-10-ssi-poms-si,us/manual/ssa/poms/si/01401.000/block-1,no,inherited from federal
us-mt,SSI-F-POMS-SI-01401,federal,manual,PRESENT,2026-09-10-ssi-poms-si,us/manual/ssa/poms/si/01401.000/block-1,no,inherited from federal
us-nc,SSI-F-POMS-SI-01401,federal,manual,PRESENT,2026-09-10-ssi-poms-si,us/manual/ssa/poms/si/01401.000/block-1,no,inherited from federal
us-nd,SSI-F-POMS-SI-01401,federal,manual,PRESENT,2026-09-10-ssi-poms-si,us/manual/ssa/poms/si/01401.000/block-1,no,inherited from federal
us-ne,SSI-F-POMS-SI-01401,federal,manual,PRESENT,2026-09-10-ssi-poms-si,us/manual/ssa/poms/si/01401.000/block-1,no,inherited from federal
us-nh,SSI-F-POMS-SI-01401,federal,manual,PRESENT,2026-09-10-ssi-poms-si,us/manual/ssa/poms/si/01401.000/block-1,no,inherited from federal
us-nj,SSI-F-POMS-SI-01401,federal,manual,PRESENT,2026-09-10-ssi-poms-si,us/manual/ssa/poms/si/01401.000/block-1,no,inherited from federal
us-nm,SSI-F-POMS-SI-01401,federal,manual,PRESENT,2026-09-10-ssi-poms-si,us/manual/ssa/poms/si/01401.000/block-1,no,inherited from federal
us-nv,SSI-F-POMS-SI-01401,federal,manual,PRESENT,2026-09-10-ssi-poms-si,us/manual/ssa/poms/si/01401.000/block-1,no,inherited from federal
us-ny,SSI-F-POMS-SI-01401,federal,manual,PRESENT,2026-09-10-ssi-poms-si,us/manual/ssa/poms/si/01401.000/block-1,no,inherited from federal
us-oh,SSI-F-POMS-SI-01401,federal,manual,PRESENT,2026-09-10-ssi-poms-si,us/manual/ssa/poms/si/01401.000/block-1,no,inherited from federal
us-ok,SSI-F-POMS-SI-01401,federal,manual,PRESENT,2026-09-10-ssi-poms-si,us/manual/ssa/poms/si/01401.000/block-1,no,inherited from federal
us-or,SSI-F-POMS-SI-01401,federal,manual,PRESENT,2026-09-10-ssi-poms-si,us/manual/ssa/poms/si/01401.000/block-1,no,inherited from federal
us-pa,SSI-F-POMS-SI-01401,federal,manual,PRESENT,2026-09-10-ssi-poms-si,us/manual/ssa/poms/si/01401.000/block-1,no,inherited from federal
us-ri,SSI-F-POMS-SI-01401,federal,manual,PRESENT,2026-09-10-ssi-poms-si,us/manual/ssa/poms/si/01401.000/block-1,no,inherited from federal
us-sc,SSI-F-POMS-SI-01401,federal,manual,PRESENT,2026-09-10-ssi-poms-si,us/manual/ssa/poms/si/01401.000/block-1,no,inherited from federal
us-sd,SSI-F-POMS-SI-01401,federal,manual,PRESENT,2026-09-10-ssi-poms-si,us/manual/ssa/poms/si/01401.000/block-1,no,inherited from federal
us-tn,SSI-F-POMS-SI-01401,federal,manual,PRESENT,2026-09-10-ssi-poms-si,us/manual/ssa/poms/si/01401.000/block-1,no,inherited from federal
us-tx,SSI-F-POMS-SI-01401,federal,manual,PRESENT,2026-09-10-ssi-poms-si,us/manual/ssa/poms/si/01401.000/block-1,no,inherited from federal
us-ut,SSI-F-POMS-SI-01401,federal,manual,PRESENT,2026-09-10-ssi-poms-si,us/manual/ssa/poms/si/01401.000/block-1,no,inherited from federal
us-va,SSI-F-POMS-SI-01401,federal,manual,PRESENT,2026-09-10-ssi-poms-si,us/manual/ssa/poms/si/01401.000/block-1,no,inherited from federal
us-vt,SSI-F-POMS-SI-01401,federal,manual,PRESENT,2026-09-10-ssi-poms-si,us/manual/ssa/poms/si/01401.000/block-1,no,inherited from federal
us-wa,SSI-F-POMS-SI-01401,federal,manual,PRESENT,2026-09-10-ssi-poms-si,us/manual/ssa/poms/si/01401.000/block-1,no,inherited from federal
us-wi,SSI-F-POMS-SI-01401,federal,manual,PRESENT,2026-09-10-ssi-poms-si,us/manual/ssa/poms/si/01401.000/block-1,no,inherited from federal
us-wv,SSI-F-POMS-SI-01401,federal,manual,PRESENT,2026-09-10-ssi-poms-si,us/manual/ssa/poms/si/01401.000/block-1,no,inherited from federal
us-wy,SSI-F-POMS-SI-01401,federal,manual,PRESENT,2026-09-10-ssi-poms-si,us/manual/ssa/poms/si/01401.000/block-1,no,inherited from federal
us,SSI-F-POMS-SI-01403,federal,manual,PRESENT,2026-09-10-ssi-poms-si,us/manual/ssa/poms/si/01403.000/block-1,no,3/3 sections taken incl. regional; block bodies opened
us-ak,SSI-F-POMS-SI-01403,federal,manual,PRESENT,2026-09-10-ssi-poms-si,us/manual/ssa/poms/si/01403.000/block-1,no,inherited from federal
us-al,SSI-F-POMS-SI-01403,federal,manual,PRESENT,2026-09-10-ssi-poms-si,us/manual/ssa/poms/si/01403.000/block-1,no,inherited from federal
us-ar,SSI-F-POMS-SI-01403,federal,manual,PRESENT,2026-09-10-ssi-poms-si,us/manual/ssa/poms/si/01403.000/block-1,no,inherited from federal
us-az,SSI-F-POMS-SI-01403,federal,manual,PRESENT,2026-09-10-ssi-poms-si,us/manual/ssa/poms/si/01403.000/block-1,no,inherited from federal
us-ca,SSI-F-POMS-SI-01403,federal,manual,PRESENT,2026-09-10-ssi-poms-si,us/manual/ssa/poms/si/01403.000/block-1,no,inherited from federal
us-co,SSI-F-POMS-SI-01403,federal,manual,PRESENT,2026-09-10-ssi-poms-si,us/manual/ssa/poms/si/01403.000/block-1,no,inherited from federal
us-ct,SSI-F-POMS-SI-01403,federal,manual,PRESENT,2026-09-10-ssi-poms-si,us/manual/ssa/poms/si/01403.000/block-1,no,inherited from federal
us-dc,SSI-F-POMS-SI-01403,federal,manual,PRESENT,2026-09-10-ssi-poms-si,us/manual/ssa/poms/si/01403.000/block-1,no,inherited from federal
us-de,SSI-F-POMS-SI-01403,federal,manual,PRESENT,2026-09-10-ssi-poms-si,us/manual/ssa/poms/si/01403.000/block-1,no,inherited from federal
us-fl,SSI-F-POMS-SI-01403,federal,manual,PRESENT,2026-09-10-ssi-poms-si,us/manual/ssa/poms/si/01403.000/block-1,no,inherited from federal
us-ga,SSI-F-POMS-SI-01403,federal,manual,PRESENT,2026-09-10-ssi-poms-si,us/manual/ssa/poms/si/01403.000/block-1,no,inherited from federal
us-hi,SSI-F-POMS-SI-01403,federal,manual,PRESENT,2026-09-10-ssi-poms-si,us/manual/ssa/poms/si/01403.000/block-1,no,inherited from federal
us-ia,SSI-F-POMS-SI-01403,federal,manual,PRESENT,2026-09-10-ssi-poms-si,us/manual/ssa/poms/si/01403.000/block-1,no,inherited from federal
us-id,SSI-F-POMS-SI-01403,federal,manual,PRESENT,2026-09-10-ssi-poms-si,us/manual/ssa/poms/si/01403.000/block-1,no,inherited from federal
us-il,SSI-F-POMS-SI-01403,federal,manual,PRESENT,2026-09-10-ssi-poms-si,us/manual/ssa/poms/si/01403.000/block-1,no,inherited from federal
us-in,SSI-F-POMS-SI-01403,federal,manual,PRESENT,2026-09-10-ssi-poms-si,us/manual/ssa/poms/si/01403.000/block-1,no,inherited from federal
us-ks,SSI-F-POMS-SI-01403,federal,manual,PRESENT,2026-09-10-ssi-poms-si,us/manual/ssa/poms/si/01403.000/block-1,no,inherited from federal
us-ky,SSI-F-POMS-SI-01403,federal,manual,PRESENT,2026-09-10-ssi-poms-si,us/manual/ssa/poms/si/01403.000/block-1,no,inherited from federal
us-la,SSI-F-POMS-SI-01403,federal,manual,PRESENT,2026-09-10-ssi-poms-si,us/manual/ssa/poms/si/01403.000/block-1,no,inherited from federal
us-ma,SSI-F-POMS-SI-01403,federal,manual,PRESENT,2026-09-10-ssi-poms-si,us/manual/ssa/poms/si/01403.000/block-1,no,inherited from federal
us-md,SSI-F-POMS-SI-01403,federal,manual,PRESENT,2026-09-10-ssi-poms-si,us/manual/ssa/poms/si/01403.000/block-1,no,inherited from federal
us-me,SSI-F-POMS-SI-01403,federal,manual,PRESENT,2026-09-10-ssi-poms-si,us/manual/ssa/poms/si/01403.000/block-1,no,inherited from federal
us-mi,SSI-F-POMS-SI-01403,federal,manual,PRESENT,2026-09-10-ssi-poms-si,us/manual/ssa/poms/si/01403.000/block-1,no,inherited from federal
us-mn,SSI-F-POMS-SI-01403,federal,manual,PRESENT,2026-09-10-ssi-poms-si,us/manual/ssa/poms/si/01403.000/block-1,no,inherited from federal
us-mo,SSI-F-POMS-SI-01403,federal,manual,PRESENT,2026-09-10-ssi-poms-si,us/manual/ssa/poms/si/01403.000/block-1,no,inherited from federal
us-ms,SSI-F-POMS-SI-01403,federal,manual,PRESENT,2026-09-10-ssi-poms-si,us/manual/ssa/poms/si/01403.000/block-1,no,inherited from federal
us-mt,SSI-F-POMS-SI-01403,federal,manual,PRESENT,2026-09-10-ssi-poms-si,us/manual/ssa/poms/si/01403.000/block-1,no,inherited from federal
us-nc,SSI-F-POMS-SI-01403,federal,manual,PRESENT,2026-09-10-ssi-poms-si,us/manual/ssa/poms/si/01403.000/block-1,no,inherited from federal
us-nd,SSI-F-POMS-SI-01403,federal,manual,PRESENT,2026-09-10-ssi-poms-si,us/manual/ssa/poms/si/01403.000/block-1,no,inherited from federal
us-ne,SSI-F-POMS-SI-01403,federal,manual,PRESENT,2026-09-10-ssi-poms-si,us/manual/ssa/poms/si/01403.000/block-1,no,inherited from federal
us-nh,SSI-F-POMS-SI-01403,federal,manual,PRESENT,2026-09-10-ssi-poms-si,us/manual/ssa/poms/si/01403.000/block-1,no,inherited from federal
us-nj,SSI-F-POMS-SI-01403,federal,manual,PRESENT,2026-09-10-ssi-poms-si,us/manual/ssa/poms/si/01403.000/block-1,no,inherited from federal
us-nm,SSI-F-POMS-SI-01403,federal,manual,PRESENT,2026-09-10-ssi-poms-si,us/manual/ssa/poms/si/01403.000/block-1,no,inherited from federal
us-nv,SSI-F-POMS-SI-01403,federal,manual,PRESENT,2026-09-10-ssi-poms-si,us/manual/ssa/poms/si/01403.000/block-1,no,inherited from federal
us-ny,SSI-F-POMS-SI-01403,federal,manual,PRESENT,2026-09-10-ssi-poms-si,us/manual/ssa/poms/si/01403.000/block-1,no,inherited from federal
us-oh,SSI-F-POMS-SI-01403,federal,manual,PRESENT,2026-09-10-ssi-poms-si,us/manual/ssa/poms/si/01403.000/block-1,no,inherited from federal
us-ok,SSI-F-POMS-SI-01403,federal,manual,PRESENT,2026-09-10-ssi-poms-si,us/manual/ssa/poms/si/01403.000/block-1,no,inherited from federal
us-or,SSI-F-POMS-SI-01403,federal,manual,PRESENT,2026-09-10-ssi-poms-si,us/manual/ssa/poms/si/01403.000/block-1,no,inherited from federal
us-pa,SSI-F-POMS-SI-01403,federal,manual,PRESENT,2026-09-10-ssi-poms-si,us/manual/ssa/poms/si/01403.000/block-1,no,inherited from federal
us-ri,SSI-F-POMS-SI-01403,federal,manual,PRESENT,2026-09-10-ssi-poms-si,us/manual/ssa/poms/si/01403.000/block-1,no,inherited from federal
us-sc,SSI-F-POMS-SI-01403,federal,manual,PRESENT,2026-09-10-ssi-poms-si,us/manual/ssa/poms/si/01403.000/block-1,no,inherited from federal
us-sd,SSI-F-POMS-SI-01403,federal,manual,PRESENT,2026-09-10-ssi-poms-si,us/manual/ssa/poms/si/01403.000/block-1,no,inherited from federal
us-tn,SSI-F-POMS-SI-01403,federal,manual,PRESENT,2026-09-10-ssi-poms-si,us/manual/ssa/poms/si/01403.000/block-1,no,inherited from federal
us-tx,SSI-F-POMS-SI-01403,federal,manual,PRESENT,2026-09-10-ssi-poms-si,us/manual/ssa/poms/si/01403.000/block-1,no,inherited from federal
us-ut,SSI-F-POMS-SI-01403,federal,manual,PRESENT,2026-09-10-ssi-poms-si,us/manual/ssa/poms/si/01403.000/block-1,no,inherited from federal
us-va,SSI-F-POMS-SI-01403,federal,manual,PRESENT,2026-09-10-ssi-poms-si,us/manual/ssa/poms/si/01403.000/block-1,no,inherited from federal
us-vt,SSI-F-POMS-SI-01403,federal,manual,PRESENT,2026-09-10-ssi-poms-si,us/manual/ssa/poms/si/01403.000/block-1,no,inherited from federal
us-wa,SSI-F-POMS-SI-01403,federal,manual,PRESENT,2026-09-10-ssi-poms-si,us/manual/ssa/poms/si/01403.000/block-1,no,inherited from federal
us-wi,SSI-F-POMS-SI-01403,federal,manual,PRESENT,2026-09-10-ssi-poms-si,us/manual/ssa/poms/si/01403.000/block-1,no,inherited from federal
us-wv,SSI-F-POMS-SI-01403,federal,manual,PRESENT,2026-09-10-ssi-poms-si,us/manual/ssa/poms/si/01403.000/block-1,no,inherited from federal
us-wy,SSI-F-POMS-SI-01403,federal,manual,PRESENT,2026-09-10-ssi-poms-si,us/manual/ssa/poms/si/01403.000/block-1,no,inherited from federal
us,SSI-F-POMS-SI-01405,federal,manual,PRESENT,2026-09-10-ssi-poms-si,us/manual/ssa/poms/si/01405.001/block-1,no,2/2 sections taken incl. regional; block bodies opened
us-ak,SSI-F-POMS-SI-01405,federal,manual,PRESENT,2026-09-10-ssi-poms-si,us/manual/ssa/poms/si/01405.001/block-1,no,inherited from federal
us-al,SSI-F-POMS-SI-01405,federal,manual,PRESENT,2026-09-10-ssi-poms-si,us/manual/ssa/poms/si/01405.001/block-1,no,inherited from federal
us-ar,SSI-F-POMS-SI-01405,federal,manual,PRESENT,2026-09-10-ssi-poms-si,us/manual/ssa/poms/si/01405.001/block-1,no,inherited from federal
us-az,SSI-F-POMS-SI-01405,federal,manual,PRESENT,2026-09-10-ssi-poms-si,us/manual/ssa/poms/si/01405.001/block-1,no,inherited from federal
us-ca,SSI-F-POMS-SI-01405,federal,manual,PRESENT,2026-09-10-ssi-poms-si,us/manual/ssa/poms/si/01405.001/block-1,no,inherited from federal
us-co,SSI-F-POMS-SI-01405,federal,manual,PRESENT,2026-09-10-ssi-poms-si,us/manual/ssa/poms/si/01405.001/block-1,no,inherited from federal
us-ct,SSI-F-POMS-SI-01405,federal,manual,PRESENT,2026-09-10-ssi-poms-si,us/manual/ssa/poms/si/01405.001/block-1,no,inherited from federal
us-dc,SSI-F-POMS-SI-01405,federal,manual,PRESENT,2026-09-10-ssi-poms-si,us/manual/ssa/poms/si/01405.001/block-1,no,inherited from federal
us-de,SSI-F-POMS-SI-01405,federal,manual,PRESENT,2026-09-10-ssi-poms-si,us/manual/ssa/poms/si/01405.001/block-1,no,inherited from federal
us-fl,SSI-F-POMS-SI-01405,federal,manual,PRESENT,2026-09-10-ssi-poms-si,us/manual/ssa/poms/si/01405.001/block-1,no,inherited from federal
us-ga,SSI-F-POMS-SI-01405,federal,manual,PRESENT,2026-09-10-ssi-poms-si,us/manual/ssa/poms/si/01405.001/block-1,no,inherited from federal
us-hi,SSI-F-POMS-SI-01405,federal,manual,PRESENT,2026-09-10-ssi-poms-si,us/manual/ssa/poms/si/01405.001/block-1,no,inherited from federal
us-ia,SSI-F-POMS-SI-01405,federal,manual,PRESENT,2026-09-10-ssi-poms-si,us/manual/ssa/poms/si/01405.001/block-1,no,inherited from federal
us-id,SSI-F-POMS-SI-01405,federal,manual,PRESENT,2026-09-10-ssi-poms-si,us/manual/ssa/poms/si/01405.001/block-1,no,inherited from federal
us-il,SSI-F-POMS-SI-01405,federal,manual,PRESENT,2026-09-10-ssi-poms-si,us/manual/ssa/poms/si/01405.001/block-1,no,inherited from federal
us-in,SSI-F-POMS-SI-01405,federal,manual,PRESENT,2026-09-10-ssi-poms-si,us/manual/ssa/poms/si/01405.001/block-1,no,inherited from federal
us-ks,SSI-F-POMS-SI-01405,federal,manual,PRESENT,2026-09-10-ssi-poms-si,us/manual/ssa/poms/si/01405.001/block-1,no,inherited from federal
us-ky,SSI-F-POMS-SI-01405,federal,manual,PRESENT,2026-09-10-ssi-poms-si,us/manual/ssa/poms/si/01405.001/block-1,no,inherited from federal
us-la,SSI-F-POMS-SI-01405,federal,manual,PRESENT,2026-09-10-ssi-poms-si,us/manual/ssa/poms/si/01405.001/block-1,no,inherited from federal
us-ma,SSI-F-POMS-SI-01405,federal,manual,PRESENT,2026-09-10-ssi-poms-si,us/manual/ssa/poms/si/01405.001/block-1,no,inherited from federal
us-md,SSI-F-POMS-SI-01405,federal,manual,PRESENT,2026-09-10-ssi-poms-si,us/manual/ssa/poms/si/01405.001/block-1,no,inherited from federal
us-me,SSI-F-POMS-SI-01405,federal,manual,PRESENT,2026-09-10-ssi-poms-si,us/manual/ssa/poms/si/01405.001/block-1,no,inherited from federal
us-mi,SSI-F-POMS-SI-01405,federal,manual,PRESENT,2026-09-10-ssi-poms-si,us/manual/ssa/poms/si/01405.001/block-1,no,inherited from federal
us-mn,SSI-F-POMS-SI-01405,federal,manual,PRESENT,2026-09-10-ssi-poms-si,us/manual/ssa/poms/si/01405.001/block-1,no,inherited from federal
us-mo,SSI-F-POMS-SI-01405,federal,manual,PRESENT,2026-09-10-ssi-poms-si,us/manual/ssa/poms/si/01405.001/block-1,no,inherited from federal
us-ms,SSI-F-POMS-SI-01405,federal,manual,PRESENT,2026-09-10-ssi-poms-si,us/manual/ssa/poms/si/01405.001/block-1,no,inherited from federal
us-mt,SSI-F-POMS-SI-01405,federal,manual,PRESENT,2026-09-10-ssi-poms-si,us/manual/ssa/poms/si/01405.001/block-1,no,inherited from federal
us-nc,SSI-F-POMS-SI-01405,federal,manual,PRESENT,2026-09-10-ssi-poms-si,us/manual/ssa/poms/si/01405.001/block-1,no,inherited from federal
us-nd,SSI-F-POMS-SI-01405,federal,manual,PRESENT,2026-09-10-ssi-poms-si,us/manual/ssa/poms/si/01405.001/block-1,no,inherited from federal
us-ne,SSI-F-POMS-SI-01405,federal,manual,PRESENT,2026-09-10-ssi-poms-si,us/manual/ssa/poms/si/01405.001/block-1,no,inherited from federal
us-nh,SSI-F-POMS-SI-01405,federal,manual,PRESENT,2026-09-10-ssi-poms-si,us/manual/ssa/poms/si/01405.001/block-1,no,inherited from federal
us-nj,SSI-F-POMS-SI-01405,federal,manual,PRESENT,2026-09-10-ssi-poms-si,us/manual/ssa/poms/si/01405.001/block-1,no,inherited from federal
us-nm,SSI-F-POMS-SI-01405,federal,manual,PRESENT,2026-09-10-ssi-poms-si,us/manual/ssa/poms/si/01405.001/block-1,no,inherited from federal
us-nv,SSI-F-POMS-SI-01405,federal,manual,PRESENT,2026-09-10-ssi-poms-si,us/manual/ssa/poms/si/01405.001/block-1,no,inherited from federal
us-ny,SSI-F-POMS-SI-01405,federal,manual,PRESENT,2026-09-10-ssi-poms-si,us/manual/ssa/poms/si/01405.001/block-1,no,inherited from federal
us-oh,SSI-F-POMS-SI-01405,federal,manual,PRESENT,2026-09-10-ssi-poms-si,us/manual/ssa/poms/si/01405.001/block-1,no,inherited from federal
us-ok,SSI-F-POMS-SI-01405,federal,manual,PRESENT,2026-09-10-ssi-poms-si,us/manual/ssa/poms/si/01405.001/block-1,no,inherited from federal
us-or,SSI-F-POMS-SI-01405,federal,manual,PRESENT,2026-09-10-ssi-poms-si,us/manual/ssa/poms/si/01405.001/block-1,no,inherited from federal
us-pa,SSI-F-POMS-SI-01405,federal,manual,PRESENT,2026-09-10-ssi-poms-si,us/manual/ssa/poms/si/01405.001/block-1,no,inherited from federal
us-ri,SSI-F-POMS-SI-01405,federal,manual,PRESENT,2026-09-10-ssi-poms-si,us/manual/ssa/poms/si/01405.001/block-1,no,inherited from federal
us-sc,SSI-F-POMS-SI-01405,federal,manual,PRESENT,2026-09-10-ssi-poms-si,us/manual/ssa/poms/si/01405.001/block-1,no,inherited from federal
us-sd,SSI-F-POMS-SI-01405,federal,manual,PRESENT,2026-09-10-ssi-poms-si,us/manual/ssa/poms/si/01405.001/block-1,no,inherited from federal
us-tn,SSI-F-POMS-SI-01405,federal,manual,PRESENT,2026-09-10-ssi-poms-si,us/manual/ssa/poms/si/01405.001/block-1,no,inherited from federal
us-tx,SSI-F-POMS-SI-01405,federal,manual,PRESENT,2026-09-10-ssi-poms-si,us/manual/ssa/poms/si/01405.001/block-1,no,inherited from federal
us-ut,SSI-F-POMS-SI-01405,federal,manual,PRESENT,2026-09-10-ssi-poms-si,us/manual/ssa/poms/si/01405.001/block-1,no,inherited from federal
us-va,SSI-F-POMS-SI-01405,federal,manual,PRESENT,2026-09-10-ssi-poms-si,us/manual/ssa/poms/si/01405.001/block-1,no,inherited from federal
us-vt,SSI-F-POMS-SI-01405,federal,manual,PRESENT,2026-09-10-ssi-poms-si,us/manual/ssa/poms/si/01405.001/block-1,no,inherited from federal
us-wa,SSI-F-POMS-SI-01405,federal,manual,PRESENT,2026-09-10-ssi-poms-si,us/manual/ssa/poms/si/01405.001/block-1,no,inherited from federal
us-wi,SSI-F-POMS-SI-01405,federal,manual,PRESENT,2026-09-10-ssi-poms-si,us/manual/ssa/poms/si/01405.001/block-1,no,inherited from federal
us-wv,SSI-F-POMS-SI-01405,federal,manual,PRESENT,2026-09-10-ssi-poms-si,us/manual/ssa/poms/si/01405.001/block-1,no,inherited from federal
us-wy,SSI-F-POMS-SI-01405,federal,manual,PRESENT,2026-09-10-ssi-poms-si,us/manual/ssa/poms/si/01405.001/block-1,no,inherited from federal
us,SSI-F-POMS-SI-01410,federal,manual,PRESENT,2026-09-10-ssi-poms-si,us/manual/ssa/poms/si/01410.000/block-1,no,9/9 sections taken incl. regional; block bodies opened
us-ak,SSI-F-POMS-SI-01410,federal,manual,PRESENT,2026-09-10-ssi-poms-si,us/manual/ssa/poms/si/01410.000/block-1,no,inherited from federal
us-al,SSI-F-POMS-SI-01410,federal,manual,PRESENT,2026-09-10-ssi-poms-si,us/manual/ssa/poms/si/01410.000/block-1,no,inherited from federal
us-ar,SSI-F-POMS-SI-01410,federal,manual,PRESENT,2026-09-10-ssi-poms-si,us/manual/ssa/poms/si/01410.000/block-1,no,inherited from federal
us-az,SSI-F-POMS-SI-01410,federal,manual,PRESENT,2026-09-10-ssi-poms-si,us/manual/ssa/poms/si/01410.000/block-1,no,inherited from federal
us-ca,SSI-F-POMS-SI-01410,federal,manual,PRESENT,2026-09-10-ssi-poms-si,us/manual/ssa/poms/si/01410.000/block-1,no,inherited from federal
us-co,SSI-F-POMS-SI-01410,federal,manual,PRESENT,2026-09-10-ssi-poms-si,us/manual/ssa/poms/si/01410.000/block-1,no,inherited from federal
us-ct,SSI-F-POMS-SI-01410,federal,manual,PRESENT,2026-09-10-ssi-poms-si,us/manual/ssa/poms/si/01410.000/block-1,no,inherited from federal
us-dc,SSI-F-POMS-SI-01410,federal,manual,PRESENT,2026-09-10-ssi-poms-si,us/manual/ssa/poms/si/01410.000/block-1,no,inherited from federal
us-de,SSI-F-POMS-SI-01410,federal,manual,PRESENT,2026-09-10-ssi-poms-si,us/manual/ssa/poms/si/01410.000/block-1,no,inherited from federal
us-fl,SSI-F-POMS-SI-01410,federal,manual,PRESENT,2026-09-10-ssi-poms-si,us/manual/ssa/poms/si/01410.000/block-1,no,inherited from federal
us-ga,SSI-F-POMS-SI-01410,federal,manual,PRESENT,2026-09-10-ssi-poms-si,us/manual/ssa/poms/si/01410.000/block-1,no,inherited from federal
us-hi,SSI-F-POMS-SI-01410,federal,manual,PRESENT,2026-09-10-ssi-poms-si,us/manual/ssa/poms/si/01410.000/block-1,no,inherited from federal
us-ia,SSI-F-POMS-SI-01410,federal,manual,PRESENT,2026-09-10-ssi-poms-si,us/manual/ssa/poms/si/01410.000/block-1,no,inherited from federal
us-id,SSI-F-POMS-SI-01410,federal,manual,PRESENT,2026-09-10-ssi-poms-si,us/manual/ssa/poms/si/01410.000/block-1,no,inherited from federal
us-il,SSI-F-POMS-SI-01410,federal,manual,PRESENT,2026-09-10-ssi-poms-si,us/manual/ssa/poms/si/01410.000/block-1,no,inherited from federal
us-in,SSI-F-POMS-SI-01410,federal,manual,PRESENT,2026-09-10-ssi-poms-si,us/manual/ssa/poms/si/01410.000/block-1,no,inherited from federal
us-ks,SSI-F-POMS-SI-01410,federal,manual,PRESENT,2026-09-10-ssi-poms-si,us/manual/ssa/poms/si/01410.000/block-1,no,inherited from federal
us-ky,SSI-F-POMS-SI-01410,federal,manual,PRESENT,2026-09-10-ssi-poms-si,us/manual/ssa/poms/si/01410.000/block-1,no,inherited from federal
us-la,SSI-F-POMS-SI-01410,federal,manual,PRESENT,2026-09-10-ssi-poms-si,us/manual/ssa/poms/si/01410.000/block-1,no,inherited from federal
us-ma,SSI-F-POMS-SI-01410,federal,manual,PRESENT,2026-09-10-ssi-poms-si,us/manual/ssa/poms/si/01410.000/block-1,no,inherited from federal
us-md,SSI-F-POMS-SI-01410,federal,manual,PRESENT,2026-09-10-ssi-poms-si,us/manual/ssa/poms/si/01410.000/block-1,no,inherited from federal
us-me,SSI-F-POMS-SI-01410,federal,manual,PRESENT,2026-09-10-ssi-poms-si,us/manual/ssa/poms/si/01410.000/block-1,no,inherited from federal
us-mi,SSI-F-POMS-SI-01410,federal,manual,PRESENT,2026-09-10-ssi-poms-si,us/manual/ssa/poms/si/01410.000/block-1,no,inherited from federal
us-mn,SSI-F-POMS-SI-01410,federal,manual,PRESENT,2026-09-10-ssi-poms-si,us/manual/ssa/poms/si/01410.000/block-1,no,inherited from federal
us-mo,SSI-F-POMS-SI-01410,federal,manual,PRESENT,2026-09-10-ssi-poms-si,us/manual/ssa/poms/si/01410.000/block-1,no,inherited from federal
us-ms,SSI-F-POMS-SI-01410,federal,manual,PRESENT,2026-09-10-ssi-poms-si,us/manual/ssa/poms/si/01410.000/block-1,no,inherited from federal
us-mt,SSI-F-POMS-SI-01410,federal,manual,PRESENT,2026-09-10-ssi-poms-si,us/manual/ssa/poms/si/01410.000/block-1,no,inherited from federal
us-nc,SSI-F-POMS-SI-01410,federal,manual,PRESENT,2026-09-10-ssi-poms-si,us/manual/ssa/poms/si/01410.000/block-1,no,inherited from federal
us-nd,SSI-F-POMS-SI-01410,federal,manual,PRESENT,2026-09-10-ssi-poms-si,us/manual/ssa/poms/si/01410.000/block-1,no,inherited from federal
us-ne,SSI-F-POMS-SI-01410,federal,manual,PRESENT,2026-09-10-ssi-poms-si,us/manual/ssa/poms/si/01410.000/block-1,no,inherited from federal
us-nh,SSI-F-POMS-SI-01410,federal,manual,PRESENT,2026-09-10-ssi-poms-si,us/manual/ssa/poms/si/01410.000/block-1,no,inherited from federal
us-nj,SSI-F-POMS-SI-01410,federal,manual,PRESENT,2026-09-10-ssi-poms-si,us/manual/ssa/poms/si/01410.000/block-1,no,inherited from federal
us-nm,SSI-F-POMS-SI-01410,federal,manual,PRESENT,2026-09-10-ssi-poms-si,us/manual/ssa/poms/si/01410.000/block-1,no,inherited from federal
us-nv,SSI-F-POMS-SI-01410,federal,manual,PRESENT,2026-09-10-ssi-poms-si,us/manual/ssa/poms/si/01410.000/block-1,no,inherited from federal
us-ny,SSI-F-POMS-SI-01410,federal,manual,PRESENT,2026-09-10-ssi-poms-si,us/manual/ssa/poms/si/01410.000/block-1,no,inherited from federal
us-oh,SSI-F-POMS-SI-01410,federal,manual,PRESENT,2026-09-10-ssi-poms-si,us/manual/ssa/poms/si/01410.000/block-1,no,inherited from federal
us-ok,SSI-F-POMS-SI-01410,federal,manual,PRESENT,2026-09-10-ssi-poms-si,us/manual/ssa/poms/si/01410.000/block-1,no,inherited from federal
us-or,SSI-F-POMS-SI-01410,federal,manual,PRESENT,2026-09-10-ssi-poms-si,us/manual/ssa/poms/si/01410.000/block-1,no,inherited from federal
us-pa,SSI-F-POMS-SI-01410,federal,manual,PRESENT,2026-09-10-ssi-poms-si,us/manual/ssa/poms/si/01410.000/block-1,no,inherited from federal
us-ri,SSI-F-POMS-SI-01410,federal,manual,PRESENT,2026-09-10-ssi-poms-si,us/manual/ssa/poms/si/01410.000/block-1,no,inherited from federal
us-sc,SSI-F-POMS-SI-01410,federal,manual,PRESENT,2026-09-10-ssi-poms-si,us/manual/ssa/poms/si/01410.000/block-1,no,inherited from federal
us-sd,SSI-F-POMS-SI-01410,federal,manual,PRESENT,2026-09-10-ssi-poms-si,us/manual/ssa/poms/si/01410.000/block-1,no,inherited from federal
us-tn,SSI-F-POMS-SI-01410,federal,manual,PRESENT,2026-09-10-ssi-poms-si,us/manual/ssa/poms/si/01410.000/block-1,no,inherited from federal
us-tx,SSI-F-POMS-SI-01410,federal,manual,PRESENT,2026-09-10-ssi-poms-si,us/manual/ssa/poms/si/01410.000/block-1,no,inherited from federal
us-ut,SSI-F-POMS-SI-01410,federal,manual,PRESENT,2026-09-10-ssi-poms-si,us/manual/ssa/poms/si/01410.000/block-1,no,inherited from federal
us-va,SSI-F-POMS-SI-01410,federal,manual,PRESENT,2026-09-10-ssi-poms-si,us/manual/ssa/poms/si/01410.000/block-1,no,inherited from federal
us-vt,SSI-F-POMS-SI-01410,federal,manual,PRESENT,2026-09-10-ssi-poms-si,us/manual/ssa/poms/si/01410.000/block-1,no,inherited from federal
us-wa,SSI-F-POMS-SI-01410,federal,manual,PRESENT,2026-09-10-ssi-poms-si,us/manual/ssa/poms/si/01410.000/block-1,no,inherited from federal
us-wi,SSI-F-POMS-SI-01410,federal,manual,PRESENT,2026-09-10-ssi-poms-si,us/manual/ssa/poms/si/01410.000/block-1,no,inherited from federal
us-wv,SSI-F-POMS-SI-01410,federal,manual,PRESENT,2026-09-10-ssi-poms-si,us/manual/ssa/poms/si/01410.000/block-1,no,inherited from federal
us-wy,SSI-F-POMS-SI-01410,federal,manual,PRESENT,2026-09-10-ssi-poms-si,us/manual/ssa/poms/si/01410.000/block-1,no,inherited from federal
us,SSI-F-POMS-SI-01415,federal,manual,PRESENT,2026-09-10-ssi-poms-si,us/manual/ssa/poms/si/01415.000/block-1,partial,65/65 sections taken incl. regional; block bodies opened
us-ak,SSI-F-POMS-SI-01415,federal,manual,PRESENT,2026-09-10-ssi-poms-si,us/manual/ssa/poms/si/01415.000/block-1,partial,inherited from federal
us-al,SSI-F-POMS-SI-01415,federal,manual,PRESENT,2026-09-10-ssi-poms-si,us/manual/ssa/poms/si/01415.000/block-1,partial,inherited from federal
us-ar,SSI-F-POMS-SI-01415,federal,manual,PRESENT,2026-09-10-ssi-poms-si,us/manual/ssa/poms/si/01415.000/block-1,partial,inherited from federal
us-az,SSI-F-POMS-SI-01415,federal,manual,PRESENT,2026-09-10-ssi-poms-si,us/manual/ssa/poms/si/01415.000/block-1,partial,inherited from federal
us-ca,SSI-F-POMS-SI-01415,federal,manual,PRESENT,2026-09-10-ssi-poms-si,us/manual/ssa/poms/si/01415.000/block-1,partial,inherited from federal
us-co,SSI-F-POMS-SI-01415,federal,manual,PRESENT,2026-09-10-ssi-poms-si,us/manual/ssa/poms/si/01415.000/block-1,partial,inherited from federal
us-ct,SSI-F-POMS-SI-01415,federal,manual,PRESENT,2026-09-10-ssi-poms-si,us/manual/ssa/poms/si/01415.000/block-1,partial,inherited from federal
us-dc,SSI-F-POMS-SI-01415,federal,manual,PRESENT,2026-09-10-ssi-poms-si,us/manual/ssa/poms/si/01415.000/block-1,partial,inherited from federal
us-de,SSI-F-POMS-SI-01415,federal,manual,PRESENT,2026-09-10-ssi-poms-si,us/manual/ssa/poms/si/01415.000/block-1,partial,inherited from federal
us-fl,SSI-F-POMS-SI-01415,federal,manual,PRESENT,2026-09-10-ssi-poms-si,us/manual/ssa/poms/si/01415.000/block-1,partial,inherited from federal
us-ga,SSI-F-POMS-SI-01415,federal,manual,PRESENT,2026-09-10-ssi-poms-si,us/manual/ssa/poms/si/01415.000/block-1,partial,inherited from federal
us-hi,SSI-F-POMS-SI-01415,federal,manual,PRESENT,2026-09-10-ssi-poms-si,us/manual/ssa/poms/si/01415.000/block-1,partial,inherited from federal
us-ia,SSI-F-POMS-SI-01415,federal,manual,PRESENT,2026-09-10-ssi-poms-si,us/manual/ssa/poms/si/01415.000/block-1,partial,inherited from federal
us-id,SSI-F-POMS-SI-01415,federal,manual,PRESENT,2026-09-10-ssi-poms-si,us/manual/ssa/poms/si/01415.000/block-1,partial,inherited from federal
us-il,SSI-F-POMS-SI-01415,federal,manual,PRESENT,2026-09-10-ssi-poms-si,us/manual/ssa/poms/si/01415.000/block-1,partial,inherited from federal
us-in,SSI-F-POMS-SI-01415,federal,manual,PRESENT,2026-09-10-ssi-poms-si,us/manual/ssa/poms/si/01415.000/block-1,partial,inherited from federal
us-ks,SSI-F-POMS-SI-01415,federal,manual,PRESENT,2026-09-10-ssi-poms-si,us/manual/ssa/poms/si/01415.000/block-1,partial,inherited from federal
us-ky,SSI-F-POMS-SI-01415,federal,manual,PRESENT,2026-09-10-ssi-poms-si,us/manual/ssa/poms/si/01415.000/block-1,partial,inherited from federal
us-la,SSI-F-POMS-SI-01415,federal,manual,PRESENT,2026-09-10-ssi-poms-si,us/manual/ssa/poms/si/01415.000/block-1,partial,inherited from federal
us-ma,SSI-F-POMS-SI-01415,federal,manual,PRESENT,2026-09-10-ssi-poms-si,us/manual/ssa/poms/si/01415.000/block-1,partial,inherited from federal
us-md,SSI-F-POMS-SI-01415,federal,manual,PRESENT,2026-09-10-ssi-poms-si,us/manual/ssa/poms/si/01415.000/block-1,partial,inherited from federal
us-me,SSI-F-POMS-SI-01415,federal,manual,PRESENT,2026-09-10-ssi-poms-si,us/manual/ssa/poms/si/01415.000/block-1,partial,inherited from federal
us-mi,SSI-F-POMS-SI-01415,federal,manual,PRESENT,2026-09-10-ssi-poms-si,us/manual/ssa/poms/si/01415.000/block-1,partial,inherited from federal
us-mn,SSI-F-POMS-SI-01415,federal,manual,PRESENT,2026-09-10-ssi-poms-si,us/manual/ssa/poms/si/01415.000/block-1,partial,inherited from federal
us-mo,SSI-F-POMS-SI-01415,federal,manual,PRESENT,2026-09-10-ssi-poms-si,us/manual/ssa/poms/si/01415.000/block-1,partial,inherited from federal
us-ms,SSI-F-POMS-SI-01415,federal,manual,PRESENT,2026-09-10-ssi-poms-si,us/manual/ssa/poms/si/01415.000/block-1,partial,inherited from federal
us-mt,SSI-F-POMS-SI-01415,federal,manual,PRESENT,2026-09-10-ssi-poms-si,us/manual/ssa/poms/si/01415.000/block-1,partial,inherited from federal
us-nc,SSI-F-POMS-SI-01415,federal,manual,PRESENT,2026-09-10-ssi-poms-si,us/manual/ssa/poms/si/01415.000/block-1,partial,inherited from federal
us-nd,SSI-F-POMS-SI-01415,federal,manual,PRESENT,2026-09-10-ssi-poms-si,us/manual/ssa/poms/si/01415.000/block-1,partial,inherited from federal
us-ne,SSI-F-POMS-SI-01415,federal,manual,PRESENT,2026-09-10-ssi-poms-si,us/manual/ssa/poms/si/01415.000/block-1,partial,inherited from federal
us-nh,SSI-F-POMS-SI-01415,federal,manual,PRESENT,2026-09-10-ssi-poms-si,us/manual/ssa/poms/si/01415.000/block-1,partial,inherited from federal
us-nj,SSI-F-POMS-SI-01415,federal,manual,PRESENT,2026-09-10-ssi-poms-si,us/manual/ssa/poms/si/01415.000/block-1,partial,inherited from federal
us-nm,SSI-F-POMS-SI-01415,federal,manual,PRESENT,2026-09-10-ssi-poms-si,us/manual/ssa/poms/si/01415.000/block-1,partial,inherited from federal
us-nv,SSI-F-POMS-SI-01415,federal,manual,PRESENT,2026-09-10-ssi-poms-si,us/manual/ssa/poms/si/01415.000/block-1,partial,inherited from federal
us-ny,SSI-F-POMS-SI-01415,federal,manual,PRESENT,2026-09-10-ssi-poms-si,us/manual/ssa/poms/si/01415.000/block-1,partial,inherited from federal
us-oh,SSI-F-POMS-SI-01415,federal,manual,PRESENT,2026-09-10-ssi-poms-si,us/manual/ssa/poms/si/01415.000/block-1,partial,inherited from federal
us-ok,SSI-F-POMS-SI-01415,federal,manual,PRESENT,2026-09-10-ssi-poms-si,us/manual/ssa/poms/si/01415.000/block-1,partial,inherited from federal
us-or,SSI-F-POMS-SI-01415,federal,manual,PRESENT,2026-09-10-ssi-poms-si,us/manual/ssa/poms/si/01415.000/block-1,partial,inherited from federal
us-pa,SSI-F-POMS-SI-01415,federal,manual,PRESENT,2026-09-10-ssi-poms-si,us/manual/ssa/poms/si/01415.000/block-1,partial,inherited from federal
us-ri,SSI-F-POMS-SI-01415,federal,manual,PRESENT,2026-09-10-ssi-poms-si,us/manual/ssa/poms/si/01415.000/block-1,partial,inherited from federal
us-sc,SSI-F-POMS-SI-01415,federal,manual,PRESENT,2026-09-10-ssi-poms-si,us/manual/ssa/poms/si/01415.000/block-1,partial,inherited from federal
us-sd,SSI-F-POMS-SI-01415,federal,manual,PRESENT,2026-09-10-ssi-poms-si,us/manual/ssa/poms/si/01415.000/block-1,partial,inherited from federal
us-tn,SSI-F-POMS-SI-01415,federal,manual,PRESENT,2026-09-10-ssi-poms-si,us/manual/ssa/poms/si/01415.000/block-1,partial,inherited from federal
us-tx,SSI-F-POMS-SI-01415,federal,manual,PRESENT,2026-09-10-ssi-poms-si,us/manual/ssa/poms/si/01415.000/block-1,partial,inherited from federal
us-ut,SSI-F-POMS-SI-01415,federal,manual,PRESENT,2026-09-10-ssi-poms-si,us/manual/ssa/poms/si/01415.000/block-1,partial,inherited from federal
us-va,SSI-F-POMS-SI-01415,federal,manual,PRESENT,2026-09-10-ssi-poms-si,us/manual/ssa/poms/si/01415.000/block-1,partial,inherited from federal
us-vt,SSI-F-POMS-SI-01415,federal,manual,PRESENT,2026-09-10-ssi-poms-si,us/manual/ssa/poms/si/01415.000/block-1,partial,inherited from federal
us-wa,SSI-F-POMS-SI-01415,federal,manual,PRESENT,2026-09-10-ssi-poms-si,us/manual/ssa/poms/si/01415.000/block-1,partial,inherited from federal
us-wi,SSI-F-POMS-SI-01415,federal,manual,PRESENT,2026-09-10-ssi-poms-si,us/manual/ssa/poms/si/01415.000/block-1,partial,inherited from federal
us-wv,SSI-F-POMS-SI-01415,federal,manual,PRESENT,2026-09-10-ssi-poms-si,us/manual/ssa/poms/si/01415.000/block-1,partial,inherited from federal
us-wy,SSI-F-POMS-SI-01415,federal,manual,PRESENT,2026-09-10-ssi-poms-si,us/manual/ssa/poms/si/01415.000/block-1,partial,inherited from federal
us,SSI-F-POMS-SI-01700,federal,manual,EXTRACTABLE,,,no,"listed on https://secure.ssa.gov/apps10/poms.nsf/subchapterlist!openview&restricttocategory=05017 (1 sections); not taken (run note 2026-09-10-ssi-poms-si, judgment 1)"
us-ak,SSI-F-POMS-SI-01700,federal,manual,EXTRACTABLE,,,no,inherited from federal
us-al,SSI-F-POMS-SI-01700,federal,manual,EXTRACTABLE,,,no,inherited from federal
us-ar,SSI-F-POMS-SI-01700,federal,manual,EXTRACTABLE,,,no,inherited from federal
us-az,SSI-F-POMS-SI-01700,federal,manual,EXTRACTABLE,,,no,inherited from federal
us-ca,SSI-F-POMS-SI-01700,federal,manual,EXTRACTABLE,,,no,inherited from federal
us-co,SSI-F-POMS-SI-01700,federal,manual,EXTRACTABLE,,,no,inherited from federal
us-ct,SSI-F-POMS-SI-01700,federal,manual,EXTRACTABLE,,,no,inherited from federal
us-dc,SSI-F-POMS-SI-01700,federal,manual,EXTRACTABLE,,,no,inherited from federal
us-de,SSI-F-POMS-SI-01700,federal,manual,EXTRACTABLE,,,no,inherited from federal
us-fl,SSI-F-POMS-SI-01700,federal,manual,EXTRACTABLE,,,no,inherited from federal
us-ga,SSI-F-POMS-SI-01700,federal,manual,EXTRACTABLE,,,no,inherited from federal
us-hi,SSI-F-POMS-SI-01700,federal,manual,EXTRACTABLE,,,no,inherited from federal
us-ia,SSI-F-POMS-SI-01700,federal,manual,EXTRACTABLE,,,no,inherited from federal
us-id,SSI-F-POMS-SI-01700,federal,manual,EXTRACTABLE,,,no,inherited from federal
us-il,SSI-F-POMS-SI-01700,federal,manual,EXTRACTABLE,,,no,inherited from federal
us-in,SSI-F-POMS-SI-01700,federal,manual,EXTRACTABLE,,,no,inherited from federal
us-ks,SSI-F-POMS-SI-01700,federal,manual,EXTRACTABLE,,,no,inherited from federal
us-ky,SSI-F-POMS-SI-01700,federal,manual,EXTRACTABLE,,,no,inherited from federal
us-la,SSI-F-POMS-SI-01700,federal,manual,EXTRACTABLE,,,no,inherited from federal
us-ma,SSI-F-POMS-SI-01700,federal,manual,EXTRACTABLE,,,no,inherited from federal
us-md,SSI-F-POMS-SI-01700,federal,manual,EXTRACTABLE,,,no,inherited from federal
us-me,SSI-F-POMS-SI-01700,federal,manual,EXTRACTABLE,,,no,inherited from federal
us-mi,SSI-F-POMS-SI-01700,federal,manual,EXTRACTABLE,,,no,inherited from federal
us-mn,SSI-F-POMS-SI-01700,federal,manual,EXTRACTABLE,,,no,inherited from federal
us-mo,SSI-F-POMS-SI-01700,federal,manual,EXTRACTABLE,,,no,inherited from federal
us-ms,SSI-F-POMS-SI-01700,federal,manual,EXTRACTABLE,,,no,inherited from federal
us-mt,SSI-F-POMS-SI-01700,federal,manual,EXTRACTABLE,,,no,inherited from federal
us-nc,SSI-F-POMS-SI-01700,federal,manual,EXTRACTABLE,,,no,inherited from federal
us-nd,SSI-F-POMS-SI-01700,federal,manual,EXTRACTABLE,,,no,inherited from federal
us-ne,SSI-F-POMS-SI-01700,federal,manual,EXTRACTABLE,,,no,inherited from federal
us-nh,SSI-F-POMS-SI-01700,federal,manual,EXTRACTABLE,,,no,inherited from federal
us-nj,SSI-F-POMS-SI-01700,federal,manual,EXTRACTABLE,,,no,inherited from federal
us-nm,SSI-F-POMS-SI-01700,federal,manual,EXTRACTABLE,,,no,inherited from federal
us-nv,SSI-F-POMS-SI-01700,federal,manual,EXTRACTABLE,,,no,inherited from federal
us-ny,SSI-F-POMS-SI-01700,federal,manual,EXTRACTABLE,,,no,inherited from federal
us-oh,SSI-F-POMS-SI-01700,federal,manual,EXTRACTABLE,,,no,inherited from federal
us-ok,SSI-F-POMS-SI-01700,federal,manual,EXTRACTABLE,,,no,inherited from federal
us-or,SSI-F-POMS-SI-01700,federal,manual,EXTRACTABLE,,,no,inherited from federal
us-pa,SSI-F-POMS-SI-01700,federal,manual,EXTRACTABLE,,,no,inherited from federal
us-ri,SSI-F-POMS-SI-01700,federal,manual,EXTRACTABLE,,,no,inherited from federal
us-sc,SSI-F-POMS-SI-01700,federal,manual,EXTRACTABLE,,,no,inherited from federal
us-sd,SSI-F-POMS-SI-01700,federal,manual,EXTRACTABLE,,,no,inherited from federal
us-tn,SSI-F-POMS-SI-01700,federal,manual,EXTRACTABLE,,,no,inherited from federal
us-tx,SSI-F-POMS-SI-01700,federal,manual,EXTRACTABLE,,,no,inherited from federal
us-ut,SSI-F-POMS-SI-01700,federal,manual,EXTRACTABLE,,,no,inherited from federal
us-va,SSI-F-POMS-SI-01700,federal,manual,EXTRACTABLE,,,no,inherited from federal
us-vt,SSI-F-POMS-SI-01700,federal,manual,EXTRACTABLE,,,no,inherited from federal
us-wa,SSI-F-POMS-SI-01700,federal,manual,EXTRACTABLE,,,no,inherited from federal
us-wi,SSI-F-POMS-SI-01700,federal,manual,EXTRACTABLE,,,no,inherited from federal
us-wv,SSI-F-POMS-SI-01700,federal,manual,EXTRACTABLE,,,no,inherited from federal
us-wy,SSI-F-POMS-SI-01700,federal,manual,EXTRACTABLE,,,no,inherited from federal
us,SSI-F-POMS-SI-01715,federal,manual,EXTRACTABLE,,,no,"listed on https://secure.ssa.gov/apps10/poms.nsf/subchapterlist!openview&restricttocategory=05017 (6 sections); not taken (run note 2026-09-10-ssi-poms-si, judgment 1)"
us-ak,SSI-F-POMS-SI-01715,federal,manual,EXTRACTABLE,,,no,inherited from federal
us-al,SSI-F-POMS-SI-01715,federal,manual,EXTRACTABLE,,,no,inherited from federal
us-ar,SSI-F-POMS-SI-01715,federal,manual,EXTRACTABLE,,,no,inherited from federal
us-az,SSI-F-POMS-SI-01715,federal,manual,EXTRACTABLE,,,no,inherited from federal
us-ca,SSI-F-POMS-SI-01715,federal,manual,EXTRACTABLE,,,no,inherited from federal
us-co,SSI-F-POMS-SI-01715,federal,manual,EXTRACTABLE,,,no,inherited from federal
us-ct,SSI-F-POMS-SI-01715,federal,manual,EXTRACTABLE,,,no,inherited from federal
us-dc,SSI-F-POMS-SI-01715,federal,manual,EXTRACTABLE,,,no,inherited from federal
us-de,SSI-F-POMS-SI-01715,federal,manual,EXTRACTABLE,,,no,inherited from federal
us-fl,SSI-F-POMS-SI-01715,federal,manual,EXTRACTABLE,,,no,inherited from federal
us-ga,SSI-F-POMS-SI-01715,federal,manual,EXTRACTABLE,,,no,inherited from federal
us-hi,SSI-F-POMS-SI-01715,federal,manual,EXTRACTABLE,,,no,inherited from federal
us-ia,SSI-F-POMS-SI-01715,federal,manual,EXTRACTABLE,,,no,inherited from federal
us-id,SSI-F-POMS-SI-01715,federal,manual,EXTRACTABLE,,,no,inherited from federal
us-il,SSI-F-POMS-SI-01715,federal,manual,EXTRACTABLE,,,no,inherited from federal
us-in,SSI-F-POMS-SI-01715,federal,manual,EXTRACTABLE,,,no,inherited from federal
us-ks,SSI-F-POMS-SI-01715,federal,manual,EXTRACTABLE,,,no,inherited from federal
us-ky,SSI-F-POMS-SI-01715,federal,manual,EXTRACTABLE,,,no,inherited from federal
us-la,SSI-F-POMS-SI-01715,federal,manual,EXTRACTABLE,,,no,inherited from federal
us-ma,SSI-F-POMS-SI-01715,federal,manual,EXTRACTABLE,,,no,inherited from federal
us-md,SSI-F-POMS-SI-01715,federal,manual,EXTRACTABLE,,,no,inherited from federal
us-me,SSI-F-POMS-SI-01715,federal,manual,EXTRACTABLE,,,no,inherited from federal
us-mi,SSI-F-POMS-SI-01715,federal,manual,EXTRACTABLE,,,no,inherited from federal
us-mn,SSI-F-POMS-SI-01715,federal,manual,EXTRACTABLE,,,no,inherited from federal
us-mo,SSI-F-POMS-SI-01715,federal,manual,EXTRACTABLE,,,no,inherited from federal
us-ms,SSI-F-POMS-SI-01715,federal,manual,EXTRACTABLE,,,no,inherited from federal
us-mt,SSI-F-POMS-SI-01715,federal,manual,EXTRACTABLE,,,no,inherited from federal
us-nc,SSI-F-POMS-SI-01715,federal,manual,EXTRACTABLE,,,no,inherited from federal
us-nd,SSI-F-POMS-SI-01715,federal,manual,EXTRACTABLE,,,no,inherited from federal
us-ne,SSI-F-POMS-SI-01715,federal,manual,EXTRACTABLE,,,no,inherited from federal
us-nh,SSI-F-POMS-SI-01715,federal,manual,EXTRACTABLE,,,no,inherited from federal
us-nj,SSI-F-POMS-SI-01715,federal,manual,EXTRACTABLE,,,no,inherited from federal
us-nm,SSI-F-POMS-SI-01715,federal,manual,EXTRACTABLE,,,no,inherited from federal
us-nv,SSI-F-POMS-SI-01715,federal,manual,EXTRACTABLE,,,no,inherited from federal
us-ny,SSI-F-POMS-SI-01715,federal,manual,EXTRACTABLE,,,no,inherited from federal
us-oh,SSI-F-POMS-SI-01715,federal,manual,EXTRACTABLE,,,no,inherited from federal
us-ok,SSI-F-POMS-SI-01715,federal,manual,EXTRACTABLE,,,no,inherited from federal
us-or,SSI-F-POMS-SI-01715,federal,manual,EXTRACTABLE,,,no,inherited from federal
us-pa,SSI-F-POMS-SI-01715,federal,manual,EXTRACTABLE,,,no,inherited from federal
us-ri,SSI-F-POMS-SI-01715,federal,manual,EXTRACTABLE,,,no,inherited from federal
us-sc,SSI-F-POMS-SI-01715,federal,manual,EXTRACTABLE,,,no,inherited from federal
us-sd,SSI-F-POMS-SI-01715,federal,manual,EXTRACTABLE,,,no,inherited from federal
us-tn,SSI-F-POMS-SI-01715,federal,manual,EXTRACTABLE,,,no,inherited from federal
us-tx,SSI-F-POMS-SI-01715,federal,manual,EXTRACTABLE,,,no,inherited from federal
us-ut,SSI-F-POMS-SI-01715,federal,manual,EXTRACTABLE,,,no,inherited from federal
us-va,SSI-F-POMS-SI-01715,federal,manual,EXTRACTABLE,,,no,inherited from federal
us-vt,SSI-F-POMS-SI-01715,federal,manual,EXTRACTABLE,,,no,inherited from federal
us-wa,SSI-F-POMS-SI-01715,federal,manual,EXTRACTABLE,,,no,inherited from federal
us-wi,SSI-F-POMS-SI-01715,federal,manual,EXTRACTABLE,,,no,inherited from federal
us-wv,SSI-F-POMS-SI-01715,federal,manual,EXTRACTABLE,,,no,inherited from federal
us-wy,SSI-F-POMS-SI-01715,federal,manual,EXTRACTABLE,,,no,inherited from federal
us,SSI-F-POMS-SI-01730,federal,manual,EXTRACTABLE,,,no,"listed on https://secure.ssa.gov/apps10/poms.nsf/subchapterlist!openview&restricttocategory=05017 (38 sections); not taken (run note 2026-09-10-ssi-poms-si, judgment 1)"
us-ak,SSI-F-POMS-SI-01730,federal,manual,EXTRACTABLE,,,no,inherited from federal
us-al,SSI-F-POMS-SI-01730,federal,manual,EXTRACTABLE,,,no,inherited from federal
us-ar,SSI-F-POMS-SI-01730,federal,manual,EXTRACTABLE,,,no,inherited from federal
us-az,SSI-F-POMS-SI-01730,federal,manual,EXTRACTABLE,,,no,inherited from federal
us-ca,SSI-F-POMS-SI-01730,federal,manual,EXTRACTABLE,,,no,inherited from federal
us-co,SSI-F-POMS-SI-01730,federal,manual,EXTRACTABLE,,,no,inherited from federal
us-ct,SSI-F-POMS-SI-01730,federal,manual,EXTRACTABLE,,,no,inherited from federal
us-dc,SSI-F-POMS-SI-01730,federal,manual,EXTRACTABLE,,,no,inherited from federal
us-de,SSI-F-POMS-SI-01730,federal,manual,EXTRACTABLE,,,no,inherited from federal
us-fl,SSI-F-POMS-SI-01730,federal,manual,EXTRACTABLE,,,no,inherited from federal
us-ga,SSI-F-POMS-SI-01730,federal,manual,EXTRACTABLE,,,no,inherited from federal
us-hi,SSI-F-POMS-SI-01730,federal,manual,EXTRACTABLE,,,no,inherited from federal
us-ia,SSI-F-POMS-SI-01730,federal,manual,EXTRACTABLE,,,no,inherited from federal
us-id,SSI-F-POMS-SI-01730,federal,manual,EXTRACTABLE,,,no,inherited from federal
us-il,SSI-F-POMS-SI-01730,federal,manual,EXTRACTABLE,,,no,inherited from federal
us-in,SSI-F-POMS-SI-01730,federal,manual,EXTRACTABLE,,,no,inherited from federal
us-ks,SSI-F-POMS-SI-01730,federal,manual,EXTRACTABLE,,,no,inherited from federal
us-ky,SSI-F-POMS-SI-01730,federal,manual,EXTRACTABLE,,,no,inherited from federal
us-la,SSI-F-POMS-SI-01730,federal,manual,EXTRACTABLE,,,no,inherited from federal
us-ma,SSI-F-POMS-SI-01730,federal,manual,EXTRACTABLE,,,no,inherited from federal
us-md,SSI-F-POMS-SI-01730,federal,manual,EXTRACTABLE,,,no,inherited from federal
us-me,SSI-F-POMS-SI-01730,federal,manual,EXTRACTABLE,,,no,inherited from federal
us-mi,SSI-F-POMS-SI-01730,federal,manual,EXTRACTABLE,,,no,inherited from federal
us-mn,SSI-F-POMS-SI-01730,federal,manual,EXTRACTABLE,,,no,inherited from federal
us-mo,SSI-F-POMS-SI-01730,federal,manual,EXTRACTABLE,,,no,inherited from federal
us-ms,SSI-F-POMS-SI-01730,federal,manual,EXTRACTABLE,,,no,inherited from federal
us-mt,SSI-F-POMS-SI-01730,federal,manual,EXTRACTABLE,,,no,inherited from federal
us-nc,SSI-F-POMS-SI-01730,federal,manual,EXTRACTABLE,,,no,inherited from federal
us-nd,SSI-F-POMS-SI-01730,federal,manual,EXTRACTABLE,,,no,inherited from federal
us-ne,SSI-F-POMS-SI-01730,federal,manual,EXTRACTABLE,,,no,inherited from federal
us-nh,SSI-F-POMS-SI-01730,federal,manual,EXTRACTABLE,,,no,inherited from federal
us-nj,SSI-F-POMS-SI-01730,federal,manual,EXTRACTABLE,,,no,inherited from federal
us-nm,SSI-F-POMS-SI-01730,federal,manual,EXTRACTABLE,,,no,inherited from federal
us-nv,SSI-F-POMS-SI-01730,federal,manual,EXTRACTABLE,,,no,inherited from federal
us-ny,SSI-F-POMS-SI-01730,federal,manual,EXTRACTABLE,,,no,inherited from federal
us-oh,SSI-F-POMS-SI-01730,federal,manual,EXTRACTABLE,,,no,inherited from federal
us-ok,SSI-F-POMS-SI-01730,federal,manual,EXTRACTABLE,,,no,inherited from federal
us-or,SSI-F-POMS-SI-01730,federal,manual,EXTRACTABLE,,,no,inherited from federal
us-pa,SSI-F-POMS-SI-01730,federal,manual,EXTRACTABLE,,,no,inherited from federal
us-ri,SSI-F-POMS-SI-01730,federal,manual,EXTRACTABLE,,,no,inherited from federal
us-sc,SSI-F-POMS-SI-01730,federal,manual,EXTRACTABLE,,,no,inherited from federal
us-sd,SSI-F-POMS-SI-01730,federal,manual,EXTRACTABLE,,,no,inherited from federal
us-tn,SSI-F-POMS-SI-01730,federal,manual,EXTRACTABLE,,,no,inherited from federal
us-tx,SSI-F-POMS-SI-01730,federal,manual,EXTRACTABLE,,,no,inherited from federal
us-ut,SSI-F-POMS-SI-01730,federal,manual,EXTRACTABLE,,,no,inherited from federal
us-va,SSI-F-POMS-SI-01730,federal,manual,EXTRACTABLE,,,no,inherited from federal
us-vt,SSI-F-POMS-SI-01730,federal,manual,EXTRACTABLE,,,no,inherited from federal
us-wa,SSI-F-POMS-SI-01730,federal,manual,EXTRACTABLE,,,no,inherited from federal
us-wi,SSI-F-POMS-SI-01730,federal,manual,EXTRACTABLE,,,no,inherited from federal
us-wv,SSI-F-POMS-SI-01730,federal,manual,EXTRACTABLE,,,no,inherited from federal
us-wy,SSI-F-POMS-SI-01730,federal,manual,EXTRACTABLE,,,no,inherited from federal
us,SSI-F-POMS-SI-01800,federal,manual,EXTRACTABLE,,,no,"listed on https://secure.ssa.gov/apps10/poms.nsf/subchapterlist!openview&restricttocategory=05018 (1 sections); not taken (run note 2026-09-10-ssi-poms-si, judgment 1)"
us-ak,SSI-F-POMS-SI-01800,federal,manual,EXTRACTABLE,,,no,inherited from federal
us-al,SSI-F-POMS-SI-01800,federal,manual,EXTRACTABLE,,,no,inherited from federal
us-ar,SSI-F-POMS-SI-01800,federal,manual,EXTRACTABLE,,,no,inherited from federal
us-az,SSI-F-POMS-SI-01800,federal,manual,EXTRACTABLE,,,no,inherited from federal
us-ca,SSI-F-POMS-SI-01800,federal,manual,EXTRACTABLE,,,no,inherited from federal
us-co,SSI-F-POMS-SI-01800,federal,manual,EXTRACTABLE,,,no,inherited from federal
us-ct,SSI-F-POMS-SI-01800,federal,manual,EXTRACTABLE,,,no,inherited from federal
us-dc,SSI-F-POMS-SI-01800,federal,manual,EXTRACTABLE,,,no,inherited from federal
us-de,SSI-F-POMS-SI-01800,federal,manual,EXTRACTABLE,,,no,inherited from federal
us-fl,SSI-F-POMS-SI-01800,federal,manual,EXTRACTABLE,,,no,inherited from federal
us-ga,SSI-F-POMS-SI-01800,federal,manual,EXTRACTABLE,,,no,inherited from federal
us-hi,SSI-F-POMS-SI-01800,federal,manual,EXTRACTABLE,,,no,inherited from federal
us-ia,SSI-F-POMS-SI-01800,federal,manual,EXTRACTABLE,,,no,inherited from federal
us-id,SSI-F-POMS-SI-01800,federal,manual,EXTRACTABLE,,,no,inherited from federal
us-il,SSI-F-POMS-SI-01800,federal,manual,EXTRACTABLE,,,no,inherited from federal
us-in,SSI-F-POMS-SI-01800,federal,manual,EXTRACTABLE,,,no,inherited from federal
us-ks,SSI-F-POMS-SI-01800,federal,manual,EXTRACTABLE,,,no,inherited from federal
us-ky,SSI-F-POMS-SI-01800,federal,manual,EXTRACTABLE,,,no,inherited from federal
us-la,SSI-F-POMS-SI-01800,federal,manual,EXTRACTABLE,,,no,inherited from federal
us-ma,SSI-F-POMS-SI-01800,federal,manual,EXTRACTABLE,,,no,inherited from federal
us-md,SSI-F-POMS-SI-01800,federal,manual,EXTRACTABLE,,,no,inherited from federal
us-me,SSI-F-POMS-SI-01800,federal,manual,EXTRACTABLE,,,no,inherited from federal
us-mi,SSI-F-POMS-SI-01800,federal,manual,EXTRACTABLE,,,no,inherited from federal
us-mn,SSI-F-POMS-SI-01800,federal,manual,EXTRACTABLE,,,no,inherited from federal
us-mo,SSI-F-POMS-SI-01800,federal,manual,EXTRACTABLE,,,no,inherited from federal
us-ms,SSI-F-POMS-SI-01800,federal,manual,EXTRACTABLE,,,no,inherited from federal
us-mt,SSI-F-POMS-SI-01800,federal,manual,EXTRACTABLE,,,no,inherited from federal
us-nc,SSI-F-POMS-SI-01800,federal,manual,EXTRACTABLE,,,no,inherited from federal
us-nd,SSI-F-POMS-SI-01800,federal,manual,EXTRACTABLE,,,no,inherited from federal
us-ne,SSI-F-POMS-SI-01800,federal,manual,EXTRACTABLE,,,no,inherited from federal
us-nh,SSI-F-POMS-SI-01800,federal,manual,EXTRACTABLE,,,no,inherited from federal
us-nj,SSI-F-POMS-SI-01800,federal,manual,EXTRACTABLE,,,no,inherited from federal
us-nm,SSI-F-POMS-SI-01800,federal,manual,EXTRACTABLE,,,no,inherited from federal
us-nv,SSI-F-POMS-SI-01800,federal,manual,EXTRACTABLE,,,no,inherited from federal
us-ny,SSI-F-POMS-SI-01800,federal,manual,EXTRACTABLE,,,no,inherited from federal
us-oh,SSI-F-POMS-SI-01800,federal,manual,EXTRACTABLE,,,no,inherited from federal
us-ok,SSI-F-POMS-SI-01800,federal,manual,EXTRACTABLE,,,no,inherited from federal
us-or,SSI-F-POMS-SI-01800,federal,manual,EXTRACTABLE,,,no,inherited from federal
us-pa,SSI-F-POMS-SI-01800,federal,manual,EXTRACTABLE,,,no,inherited from federal
us-ri,SSI-F-POMS-SI-01800,federal,manual,EXTRACTABLE,,,no,inherited from federal
us-sc,SSI-F-POMS-SI-01800,federal,manual,EXTRACTABLE,,,no,inherited from federal
us-sd,SSI-F-POMS-SI-01800,federal,manual,EXTRACTABLE,,,no,inherited from federal
us-tn,SSI-F-POMS-SI-01800,federal,manual,EXTRACTABLE,,,no,inherited from federal
us-tx,SSI-F-POMS-SI-01800,federal,manual,EXTRACTABLE,,,no,inherited from federal
us-ut,SSI-F-POMS-SI-01800,federal,manual,EXTRACTABLE,,,no,inherited from federal
us-va,SSI-F-POMS-SI-01800,federal,manual,EXTRACTABLE,,,no,inherited from federal
us-vt,SSI-F-POMS-SI-01800,federal,manual,EXTRACTABLE,,,no,inherited from federal
us-wa,SSI-F-POMS-SI-01800,federal,manual,EXTRACTABLE,,,no,inherited from federal
us-wi,SSI-F-POMS-SI-01800,federal,manual,EXTRACTABLE,,,no,inherited from federal
us-wv,SSI-F-POMS-SI-01800,federal,manual,EXTRACTABLE,,,no,inherited from federal
us-wy,SSI-F-POMS-SI-01800,federal,manual,EXTRACTABLE,,,no,inherited from federal
us,SSI-F-POMS-SI-01801,federal,manual,EXTRACTABLE,,,no,"listed on https://secure.ssa.gov/apps10/poms.nsf/subchapterlist!openview&restricttocategory=05018 (34 sections); not taken (run note 2026-09-10-ssi-poms-si, judgment 1)"
us-ak,SSI-F-POMS-SI-01801,federal,manual,EXTRACTABLE,,,no,inherited from federal
us-al,SSI-F-POMS-SI-01801,federal,manual,EXTRACTABLE,,,no,inherited from federal
us-ar,SSI-F-POMS-SI-01801,federal,manual,EXTRACTABLE,,,no,inherited from federal
us-az,SSI-F-POMS-SI-01801,federal,manual,EXTRACTABLE,,,no,inherited from federal
us-ca,SSI-F-POMS-SI-01801,federal,manual,EXTRACTABLE,,,no,inherited from federal
us-co,SSI-F-POMS-SI-01801,federal,manual,EXTRACTABLE,,,no,inherited from federal
us-ct,SSI-F-POMS-SI-01801,federal,manual,EXTRACTABLE,,,no,inherited from federal
us-dc,SSI-F-POMS-SI-01801,federal,manual,EXTRACTABLE,,,no,inherited from federal
us-de,SSI-F-POMS-SI-01801,federal,manual,EXTRACTABLE,,,no,inherited from federal
us-fl,SSI-F-POMS-SI-01801,federal,manual,EXTRACTABLE,,,no,inherited from federal
us-ga,SSI-F-POMS-SI-01801,federal,manual,EXTRACTABLE,,,no,inherited from federal
us-hi,SSI-F-POMS-SI-01801,federal,manual,EXTRACTABLE,,,no,inherited from federal
us-ia,SSI-F-POMS-SI-01801,federal,manual,EXTRACTABLE,,,no,inherited from federal
us-id,SSI-F-POMS-SI-01801,federal,manual,EXTRACTABLE,,,no,inherited from federal
us-il,SSI-F-POMS-SI-01801,federal,manual,EXTRACTABLE,,,no,inherited from federal
us-in,SSI-F-POMS-SI-01801,federal,manual,EXTRACTABLE,,,no,inherited from federal
us-ks,SSI-F-POMS-SI-01801,federal,manual,EXTRACTABLE,,,no,inherited from federal
us-ky,SSI-F-POMS-SI-01801,federal,manual,EXTRACTABLE,,,no,inherited from federal
us-la,SSI-F-POMS-SI-01801,federal,manual,EXTRACTABLE,,,no,inherited from federal
us-ma,SSI-F-POMS-SI-01801,federal,manual,EXTRACTABLE,,,no,inherited from federal
us-md,SSI-F-POMS-SI-01801,federal,manual,EXTRACTABLE,,,no,inherited from federal
us-me,SSI-F-POMS-SI-01801,federal,manual,EXTRACTABLE,,,no,inherited from federal
us-mi,SSI-F-POMS-SI-01801,federal,manual,EXTRACTABLE,,,no,inherited from federal
us-mn,SSI-F-POMS-SI-01801,federal,manual,EXTRACTABLE,,,no,inherited from federal
us-mo,SSI-F-POMS-SI-01801,federal,manual,EXTRACTABLE,,,no,inherited from federal
us-ms,SSI-F-POMS-SI-01801,federal,manual,EXTRACTABLE,,,no,inherited from federal
us-mt,SSI-F-POMS-SI-01801,federal,manual,EXTRACTABLE,,,no,inherited from federal
us-nc,SSI-F-POMS-SI-01801,federal,manual,EXTRACTABLE,,,no,inherited from federal
us-nd,SSI-F-POMS-SI-01801,federal,manual,EXTRACTABLE,,,no,inherited from federal
us-ne,SSI-F-POMS-SI-01801,federal,manual,EXTRACTABLE,,,no,inherited from federal
us-nh,SSI-F-POMS-SI-01801,federal,manual,EXTRACTABLE,,,no,inherited from federal
us-nj,SSI-F-POMS-SI-01801,federal,manual,EXTRACTABLE,,,no,inherited from federal
us-nm,SSI-F-POMS-SI-01801,federal,manual,EXTRACTABLE,,,no,inherited from federal
us-nv,SSI-F-POMS-SI-01801,federal,manual,EXTRACTABLE,,,no,inherited from federal
us-ny,SSI-F-POMS-SI-01801,federal,manual,EXTRACTABLE,,,no,inherited from federal
us-oh,SSI-F-POMS-SI-01801,federal,manual,EXTRACTABLE,,,no,inherited from federal
us-ok,SSI-F-POMS-SI-01801,federal,manual,EXTRACTABLE,,,no,inherited from federal
us-or,SSI-F-POMS-SI-01801,federal,manual,EXTRACTABLE,,,no,inherited from federal
us-pa,SSI-F-POMS-SI-01801,federal,manual,EXTRACTABLE,,,no,inherited from federal
us-ri,SSI-F-POMS-SI-01801,federal,manual,EXTRACTABLE,,,no,inherited from federal
us-sc,SSI-F-POMS-SI-01801,federal,manual,EXTRACTABLE,,,no,inherited from federal
us-sd,SSI-F-POMS-SI-01801,federal,manual,EXTRACTABLE,,,no,inherited from federal
us-tn,SSI-F-POMS-SI-01801,federal,manual,EXTRACTABLE,,,no,inherited from federal
us-tx,SSI-F-POMS-SI-01801,federal,manual,EXTRACTABLE,,,no,inherited from federal
us-ut,SSI-F-POMS-SI-01801,federal,manual,EXTRACTABLE,,,no,inherited from federal
us-va,SSI-F-POMS-SI-01801,federal,manual,EXTRACTABLE,,,no,inherited from federal
us-vt,SSI-F-POMS-SI-01801,federal,manual,EXTRACTABLE,,,no,inherited from federal
us-wa,SSI-F-POMS-SI-01801,federal,manual,EXTRACTABLE,,,no,inherited from federal
us-wi,SSI-F-POMS-SI-01801,federal,manual,EXTRACTABLE,,,no,inherited from federal
us-wv,SSI-F-POMS-SI-01801,federal,manual,EXTRACTABLE,,,no,inherited from federal
us-wy,SSI-F-POMS-SI-01801,federal,manual,EXTRACTABLE,,,no,inherited from federal
us,SSI-F-POMS-SI-02000,federal,manual,EXTRACTABLE,,,no,"listed on https://secure.ssa.gov/apps10/poms.nsf/subchapterlist!openview&restricttocategory=05020 (1 sections); not taken (run note 2026-09-10-ssi-poms-si, judgment 1)"
us-ak,SSI-F-POMS-SI-02000,federal,manual,EXTRACTABLE,,,no,inherited from federal
us-al,SSI-F-POMS-SI-02000,federal,manual,EXTRACTABLE,,,no,inherited from federal
us-ar,SSI-F-POMS-SI-02000,federal,manual,EXTRACTABLE,,,no,inherited from federal
us-az,SSI-F-POMS-SI-02000,federal,manual,EXTRACTABLE,,,no,inherited from federal
us-ca,SSI-F-POMS-SI-02000,federal,manual,EXTRACTABLE,,,no,inherited from federal
us-co,SSI-F-POMS-SI-02000,federal,manual,EXTRACTABLE,,,no,inherited from federal
us-ct,SSI-F-POMS-SI-02000,federal,manual,EXTRACTABLE,,,no,inherited from federal
us-dc,SSI-F-POMS-SI-02000,federal,manual,EXTRACTABLE,,,no,inherited from federal
us-de,SSI-F-POMS-SI-02000,federal,manual,EXTRACTABLE,,,no,inherited from federal
us-fl,SSI-F-POMS-SI-02000,federal,manual,EXTRACTABLE,,,no,inherited from federal
us-ga,SSI-F-POMS-SI-02000,federal,manual,EXTRACTABLE,,,no,inherited from federal
us-hi,SSI-F-POMS-SI-02000,federal,manual,EXTRACTABLE,,,no,inherited from federal
us-ia,SSI-F-POMS-SI-02000,federal,manual,EXTRACTABLE,,,no,inherited from federal
us-id,SSI-F-POMS-SI-02000,federal,manual,EXTRACTABLE,,,no,inherited from federal
us-il,SSI-F-POMS-SI-02000,federal,manual,EXTRACTABLE,,,no,inherited from federal
us-in,SSI-F-POMS-SI-02000,federal,manual,EXTRACTABLE,,,no,inherited from federal
us-ks,SSI-F-POMS-SI-02000,federal,manual,EXTRACTABLE,,,no,inherited from federal
us-ky,SSI-F-POMS-SI-02000,federal,manual,EXTRACTABLE,,,no,inherited from federal
us-la,SSI-F-POMS-SI-02000,federal,manual,EXTRACTABLE,,,no,inherited from federal
us-ma,SSI-F-POMS-SI-02000,federal,manual,EXTRACTABLE,,,no,inherited from federal
us-md,SSI-F-POMS-SI-02000,federal,manual,EXTRACTABLE,,,no,inherited from federal
us-me,SSI-F-POMS-SI-02000,federal,manual,EXTRACTABLE,,,no,inherited from federal
us-mi,SSI-F-POMS-SI-02000,federal,manual,EXTRACTABLE,,,no,inherited from federal
us-mn,SSI-F-POMS-SI-02000,federal,manual,EXTRACTABLE,,,no,inherited from federal
us-mo,SSI-F-POMS-SI-02000,federal,manual,EXTRACTABLE,,,no,inherited from federal
us-ms,SSI-F-POMS-SI-02000,federal,manual,EXTRACTABLE,,,no,inherited from federal
us-mt,SSI-F-POMS-SI-02000,federal,manual,EXTRACTABLE,,,no,inherited from federal
us-nc,SSI-F-POMS-SI-02000,federal,manual,EXTRACTABLE,,,no,inherited from federal
us-nd,SSI-F-POMS-SI-02000,federal,manual,EXTRACTABLE,,,no,inherited from federal
us-ne,SSI-F-POMS-SI-02000,federal,manual,EXTRACTABLE,,,no,inherited from federal
us-nh,SSI-F-POMS-SI-02000,federal,manual,EXTRACTABLE,,,no,inherited from federal
us-nj,SSI-F-POMS-SI-02000,federal,manual,EXTRACTABLE,,,no,inherited from federal
us-nm,SSI-F-POMS-SI-02000,federal,manual,EXTRACTABLE,,,no,inherited from federal
us-nv,SSI-F-POMS-SI-02000,federal,manual,EXTRACTABLE,,,no,inherited from federal
us-ny,SSI-F-POMS-SI-02000,federal,manual,EXTRACTABLE,,,no,inherited from federal
us-oh,SSI-F-POMS-SI-02000,federal,manual,EXTRACTABLE,,,no,inherited from federal
us-ok,SSI-F-POMS-SI-02000,federal,manual,EXTRACTABLE,,,no,inherited from federal
us-or,SSI-F-POMS-SI-02000,federal,manual,EXTRACTABLE,,,no,inherited from federal
us-pa,SSI-F-POMS-SI-02000,federal,manual,EXTRACTABLE,,,no,inherited from federal
us-ri,SSI-F-POMS-SI-02000,federal,manual,EXTRACTABLE,,,no,inherited from federal
us-sc,SSI-F-POMS-SI-02000,federal,manual,EXTRACTABLE,,,no,inherited from federal
us-sd,SSI-F-POMS-SI-02000,federal,manual,EXTRACTABLE,,,no,inherited from federal
us-tn,SSI-F-POMS-SI-02000,federal,manual,EXTRACTABLE,,,no,inherited from federal
us-tx,SSI-F-POMS-SI-02000,federal,manual,EXTRACTABLE,,,no,inherited from federal
us-ut,SSI-F-POMS-SI-02000,federal,manual,EXTRACTABLE,,,no,inherited from federal
us-va,SSI-F-POMS-SI-02000,federal,manual,EXTRACTABLE,,,no,inherited from federal
us-vt,SSI-F-POMS-SI-02000,federal,manual,EXTRACTABLE,,,no,inherited from federal
us-wa,SSI-F-POMS-SI-02000,federal,manual,EXTRACTABLE,,,no,inherited from federal
us-wi,SSI-F-POMS-SI-02000,federal,manual,EXTRACTABLE,,,no,inherited from federal
us-wv,SSI-F-POMS-SI-02000,federal,manual,EXTRACTABLE,,,no,inherited from federal
us-wy,SSI-F-POMS-SI-02000,federal,manual,EXTRACTABLE,,,no,inherited from federal
us,SSI-F-POMS-SI-02001,federal,manual,PRESENT,2026-09-10-ssi-poms-si,us/manual/ssa/poms/si/02001.000/block-1,no,5/5 sections taken incl. regional; block bodies opened
us-ak,SSI-F-POMS-SI-02001,federal,manual,PRESENT,2026-09-10-ssi-poms-si,us/manual/ssa/poms/si/02001.000/block-1,no,inherited from federal
us-al,SSI-F-POMS-SI-02001,federal,manual,PRESENT,2026-09-10-ssi-poms-si,us/manual/ssa/poms/si/02001.000/block-1,no,inherited from federal
us-ar,SSI-F-POMS-SI-02001,federal,manual,PRESENT,2026-09-10-ssi-poms-si,us/manual/ssa/poms/si/02001.000/block-1,no,inherited from federal
us-az,SSI-F-POMS-SI-02001,federal,manual,PRESENT,2026-09-10-ssi-poms-si,us/manual/ssa/poms/si/02001.000/block-1,no,inherited from federal
us-ca,SSI-F-POMS-SI-02001,federal,manual,PRESENT,2026-09-10-ssi-poms-si,us/manual/ssa/poms/si/02001.000/block-1,no,inherited from federal
us-co,SSI-F-POMS-SI-02001,federal,manual,PRESENT,2026-09-10-ssi-poms-si,us/manual/ssa/poms/si/02001.000/block-1,no,inherited from federal
us-ct,SSI-F-POMS-SI-02001,federal,manual,PRESENT,2026-09-10-ssi-poms-si,us/manual/ssa/poms/si/02001.000/block-1,no,inherited from federal
us-dc,SSI-F-POMS-SI-02001,federal,manual,PRESENT,2026-09-10-ssi-poms-si,us/manual/ssa/poms/si/02001.000/block-1,no,inherited from federal
us-de,SSI-F-POMS-SI-02001,federal,manual,PRESENT,2026-09-10-ssi-poms-si,us/manual/ssa/poms/si/02001.000/block-1,no,inherited from federal
us-fl,SSI-F-POMS-SI-02001,federal,manual,PRESENT,2026-09-10-ssi-poms-si,us/manual/ssa/poms/si/02001.000/block-1,no,inherited from federal
us-ga,SSI-F-POMS-SI-02001,federal,manual,PRESENT,2026-09-10-ssi-poms-si,us/manual/ssa/poms/si/02001.000/block-1,no,inherited from federal
us-hi,SSI-F-POMS-SI-02001,federal,manual,PRESENT,2026-09-10-ssi-poms-si,us/manual/ssa/poms/si/02001.000/block-1,no,inherited from federal
us-ia,SSI-F-POMS-SI-02001,federal,manual,PRESENT,2026-09-10-ssi-poms-si,us/manual/ssa/poms/si/02001.000/block-1,no,inherited from federal
us-id,SSI-F-POMS-SI-02001,federal,manual,PRESENT,2026-09-10-ssi-poms-si,us/manual/ssa/poms/si/02001.000/block-1,no,inherited from federal
us-il,SSI-F-POMS-SI-02001,federal,manual,PRESENT,2026-09-10-ssi-poms-si,us/manual/ssa/poms/si/02001.000/block-1,no,inherited from federal
us-in,SSI-F-POMS-SI-02001,federal,manual,PRESENT,2026-09-10-ssi-poms-si,us/manual/ssa/poms/si/02001.000/block-1,no,inherited from federal
us-ks,SSI-F-POMS-SI-02001,federal,manual,PRESENT,2026-09-10-ssi-poms-si,us/manual/ssa/poms/si/02001.000/block-1,no,inherited from federal
us-ky,SSI-F-POMS-SI-02001,federal,manual,PRESENT,2026-09-10-ssi-poms-si,us/manual/ssa/poms/si/02001.000/block-1,no,inherited from federal
us-la,SSI-F-POMS-SI-02001,federal,manual,PRESENT,2026-09-10-ssi-poms-si,us/manual/ssa/poms/si/02001.000/block-1,no,inherited from federal
us-ma,SSI-F-POMS-SI-02001,federal,manual,PRESENT,2026-09-10-ssi-poms-si,us/manual/ssa/poms/si/02001.000/block-1,no,inherited from federal
us-md,SSI-F-POMS-SI-02001,federal,manual,PRESENT,2026-09-10-ssi-poms-si,us/manual/ssa/poms/si/02001.000/block-1,no,inherited from federal
us-me,SSI-F-POMS-SI-02001,federal,manual,PRESENT,2026-09-10-ssi-poms-si,us/manual/ssa/poms/si/02001.000/block-1,no,inherited from federal
us-mi,SSI-F-POMS-SI-02001,federal,manual,PRESENT,2026-09-10-ssi-poms-si,us/manual/ssa/poms/si/02001.000/block-1,no,inherited from federal
us-mn,SSI-F-POMS-SI-02001,federal,manual,PRESENT,2026-09-10-ssi-poms-si,us/manual/ssa/poms/si/02001.000/block-1,no,inherited from federal
us-mo,SSI-F-POMS-SI-02001,federal,manual,PRESENT,2026-09-10-ssi-poms-si,us/manual/ssa/poms/si/02001.000/block-1,no,inherited from federal
us-ms,SSI-F-POMS-SI-02001,federal,manual,PRESENT,2026-09-10-ssi-poms-si,us/manual/ssa/poms/si/02001.000/block-1,no,inherited from federal
us-mt,SSI-F-POMS-SI-02001,federal,manual,PRESENT,2026-09-10-ssi-poms-si,us/manual/ssa/poms/si/02001.000/block-1,no,inherited from federal
us-nc,SSI-F-POMS-SI-02001,federal,manual,PRESENT,2026-09-10-ssi-poms-si,us/manual/ssa/poms/si/02001.000/block-1,no,inherited from federal
us-nd,SSI-F-POMS-SI-02001,federal,manual,PRESENT,2026-09-10-ssi-poms-si,us/manual/ssa/poms/si/02001.000/block-1,no,inherited from federal
us-ne,SSI-F-POMS-SI-02001,federal,manual,PRESENT,2026-09-10-ssi-poms-si,us/manual/ssa/poms/si/02001.000/block-1,no,inherited from federal
us-nh,SSI-F-POMS-SI-02001,federal,manual,PRESENT,2026-09-10-ssi-poms-si,us/manual/ssa/poms/si/02001.000/block-1,no,inherited from federal
us-nj,SSI-F-POMS-SI-02001,federal,manual,PRESENT,2026-09-10-ssi-poms-si,us/manual/ssa/poms/si/02001.000/block-1,no,inherited from federal
us-nm,SSI-F-POMS-SI-02001,federal,manual,PRESENT,2026-09-10-ssi-poms-si,us/manual/ssa/poms/si/02001.000/block-1,no,inherited from federal
us-nv,SSI-F-POMS-SI-02001,federal,manual,PRESENT,2026-09-10-ssi-poms-si,us/manual/ssa/poms/si/02001.000/block-1,no,inherited from federal
us-ny,SSI-F-POMS-SI-02001,federal,manual,PRESENT,2026-09-10-ssi-poms-si,us/manual/ssa/poms/si/02001.000/block-1,no,inherited from federal
us-oh,SSI-F-POMS-SI-02001,federal,manual,PRESENT,2026-09-10-ssi-poms-si,us/manual/ssa/poms/si/02001.000/block-1,no,inherited from federal
us-ok,SSI-F-POMS-SI-02001,federal,manual,PRESENT,2026-09-10-ssi-poms-si,us/manual/ssa/poms/si/02001.000/block-1,no,inherited from federal
us-or,SSI-F-POMS-SI-02001,federal,manual,PRESENT,2026-09-10-ssi-poms-si,us/manual/ssa/poms/si/02001.000/block-1,no,inherited from federal
us-pa,SSI-F-POMS-SI-02001,federal,manual,PRESENT,2026-09-10-ssi-poms-si,us/manual/ssa/poms/si/02001.000/block-1,no,inherited from federal
us-ri,SSI-F-POMS-SI-02001,federal,manual,PRESENT,2026-09-10-ssi-poms-si,us/manual/ssa/poms/si/02001.000/block-1,no,inherited from federal
us-sc,SSI-F-POMS-SI-02001,federal,manual,PRESENT,2026-09-10-ssi-poms-si,us/manual/ssa/poms/si/02001.000/block-1,no,inherited from federal
us-sd,SSI-F-POMS-SI-02001,federal,manual,PRESENT,2026-09-10-ssi-poms-si,us/manual/ssa/poms/si/02001.000/block-1,no,inherited from federal
us-tn,SSI-F-POMS-SI-02001,federal,manual,PRESENT,2026-09-10-ssi-poms-si,us/manual/ssa/poms/si/02001.000/block-1,no,inherited from federal
us-tx,SSI-F-POMS-SI-02001,federal,manual,PRESENT,2026-09-10-ssi-poms-si,us/manual/ssa/poms/si/02001.000/block-1,no,inherited from federal
us-ut,SSI-F-POMS-SI-02001,federal,manual,PRESENT,2026-09-10-ssi-poms-si,us/manual/ssa/poms/si/02001.000/block-1,no,inherited from federal
us-va,SSI-F-POMS-SI-02001,federal,manual,PRESENT,2026-09-10-ssi-poms-si,us/manual/ssa/poms/si/02001.000/block-1,no,inherited from federal
us-vt,SSI-F-POMS-SI-02001,federal,manual,PRESENT,2026-09-10-ssi-poms-si,us/manual/ssa/poms/si/02001.000/block-1,no,inherited from federal
us-wa,SSI-F-POMS-SI-02001,federal,manual,PRESENT,2026-09-10-ssi-poms-si,us/manual/ssa/poms/si/02001.000/block-1,no,inherited from federal
us-wi,SSI-F-POMS-SI-02001,federal,manual,PRESENT,2026-09-10-ssi-poms-si,us/manual/ssa/poms/si/02001.000/block-1,no,inherited from federal
us-wv,SSI-F-POMS-SI-02001,federal,manual,PRESENT,2026-09-10-ssi-poms-si,us/manual/ssa/poms/si/02001.000/block-1,no,inherited from federal
us-wy,SSI-F-POMS-SI-02001,federal,manual,PRESENT,2026-09-10-ssi-poms-si,us/manual/ssa/poms/si/02001.000/block-1,no,inherited from federal
us,SSI-F-POMS-SI-02002,federal,manual,EXTRACTABLE,,,no,"listed on https://secure.ssa.gov/apps10/poms.nsf/subchapterlist!openview&restricttocategory=05020 (6 sections); not taken (run note 2026-09-10-ssi-poms-si, judgment 1)"
us-ak,SSI-F-POMS-SI-02002,federal,manual,EXTRACTABLE,,,no,inherited from federal
us-al,SSI-F-POMS-SI-02002,federal,manual,EXTRACTABLE,,,no,inherited from federal
us-ar,SSI-F-POMS-SI-02002,federal,manual,EXTRACTABLE,,,no,inherited from federal
us-az,SSI-F-POMS-SI-02002,federal,manual,EXTRACTABLE,,,no,inherited from federal
us-ca,SSI-F-POMS-SI-02002,federal,manual,EXTRACTABLE,,,no,inherited from federal
us-co,SSI-F-POMS-SI-02002,federal,manual,EXTRACTABLE,,,no,inherited from federal
us-ct,SSI-F-POMS-SI-02002,federal,manual,EXTRACTABLE,,,no,inherited from federal
us-dc,SSI-F-POMS-SI-02002,federal,manual,EXTRACTABLE,,,no,inherited from federal
us-de,SSI-F-POMS-SI-02002,federal,manual,EXTRACTABLE,,,no,inherited from federal
us-fl,SSI-F-POMS-SI-02002,federal,manual,EXTRACTABLE,,,no,inherited from federal
us-ga,SSI-F-POMS-SI-02002,federal,manual,EXTRACTABLE,,,no,inherited from federal
us-hi,SSI-F-POMS-SI-02002,federal,manual,EXTRACTABLE,,,no,inherited from federal
us-ia,SSI-F-POMS-SI-02002,federal,manual,EXTRACTABLE,,,no,inherited from federal
us-id,SSI-F-POMS-SI-02002,federal,manual,EXTRACTABLE,,,no,inherited from federal
us-il,SSI-F-POMS-SI-02002,federal,manual,EXTRACTABLE,,,no,inherited from federal
us-in,SSI-F-POMS-SI-02002,federal,manual,EXTRACTABLE,,,no,inherited from federal
us-ks,SSI-F-POMS-SI-02002,federal,manual,EXTRACTABLE,,,no,inherited from federal
us-ky,SSI-F-POMS-SI-02002,federal,manual,EXTRACTABLE,,,no,inherited from federal
us-la,SSI-F-POMS-SI-02002,federal,manual,EXTRACTABLE,,,no,inherited from federal
us-ma,SSI-F-POMS-SI-02002,federal,manual,EXTRACTABLE,,,no,inherited from federal
us-md,SSI-F-POMS-SI-02002,federal,manual,EXTRACTABLE,,,no,inherited from federal
us-me,SSI-F-POMS-SI-02002,federal,manual,EXTRACTABLE,,,no,inherited from federal
us-mi,SSI-F-POMS-SI-02002,federal,manual,EXTRACTABLE,,,no,inherited from federal
us-mn,SSI-F-POMS-SI-02002,federal,manual,EXTRACTABLE,,,no,inherited from federal
us-mo,SSI-F-POMS-SI-02002,federal,manual,EXTRACTABLE,,,no,inherited from federal
us-ms,SSI-F-POMS-SI-02002,federal,manual,EXTRACTABLE,,,no,inherited from federal
us-mt,SSI-F-POMS-SI-02002,federal,manual,EXTRACTABLE,,,no,inherited from federal
us-nc,SSI-F-POMS-SI-02002,federal,manual,EXTRACTABLE,,,no,inherited from federal
us-nd,SSI-F-POMS-SI-02002,federal,manual,EXTRACTABLE,,,no,inherited from federal
us-ne,SSI-F-POMS-SI-02002,federal,manual,EXTRACTABLE,,,no,inherited from federal
us-nh,SSI-F-POMS-SI-02002,federal,manual,EXTRACTABLE,,,no,inherited from federal
us-nj,SSI-F-POMS-SI-02002,federal,manual,EXTRACTABLE,,,no,inherited from federal
us-nm,SSI-F-POMS-SI-02002,federal,manual,EXTRACTABLE,,,no,inherited from federal
us-nv,SSI-F-POMS-SI-02002,federal,manual,EXTRACTABLE,,,no,inherited from federal
us-ny,SSI-F-POMS-SI-02002,federal,manual,EXTRACTABLE,,,no,inherited from federal
us-oh,SSI-F-POMS-SI-02002,federal,manual,EXTRACTABLE,,,no,inherited from federal
us-ok,SSI-F-POMS-SI-02002,federal,manual,EXTRACTABLE,,,no,inherited from federal
us-or,SSI-F-POMS-SI-02002,federal,manual,EXTRACTABLE,,,no,inherited from federal
us-pa,SSI-F-POMS-SI-02002,federal,manual,EXTRACTABLE,,,no,inherited from federal
us-ri,SSI-F-POMS-SI-02002,federal,manual,EXTRACTABLE,,,no,inherited from federal
us-sc,SSI-F-POMS-SI-02002,federal,manual,EXTRACTABLE,,,no,inherited from federal
us-sd,SSI-F-POMS-SI-02002,federal,manual,EXTRACTABLE,,,no,inherited from federal
us-tn,SSI-F-POMS-SI-02002,federal,manual,EXTRACTABLE,,,no,inherited from federal
us-tx,SSI-F-POMS-SI-02002,federal,manual,EXTRACTABLE,,,no,inherited from federal
us-ut,SSI-F-POMS-SI-02002,federal,manual,EXTRACTABLE,,,no,inherited from federal
us-va,SSI-F-POMS-SI-02002,federal,manual,EXTRACTABLE,,,no,inherited from federal
us-vt,SSI-F-POMS-SI-02002,federal,manual,EXTRACTABLE,,,no,inherited from federal
us-wa,SSI-F-POMS-SI-02002,federal,manual,EXTRACTABLE,,,no,inherited from federal
us-wi,SSI-F-POMS-SI-02002,federal,manual,EXTRACTABLE,,,no,inherited from federal
us-wv,SSI-F-POMS-SI-02002,federal,manual,EXTRACTABLE,,,no,inherited from federal
us-wy,SSI-F-POMS-SI-02002,federal,manual,EXTRACTABLE,,,no,inherited from federal
us,SSI-F-POMS-SI-02003,federal,manual,EXTRACTABLE,,,no,"listed on https://secure.ssa.gov/apps10/poms.nsf/subchapterlist!openview&restricttocategory=05020 (45 sections); not taken (run note 2026-09-10-ssi-poms-si, judgment 1)"
us-ak,SSI-F-POMS-SI-02003,federal,manual,EXTRACTABLE,,,no,inherited from federal
us-al,SSI-F-POMS-SI-02003,federal,manual,EXTRACTABLE,,,no,inherited from federal
us-ar,SSI-F-POMS-SI-02003,federal,manual,EXTRACTABLE,,,no,inherited from federal
us-az,SSI-F-POMS-SI-02003,federal,manual,EXTRACTABLE,,,no,inherited from federal
us-ca,SSI-F-POMS-SI-02003,federal,manual,EXTRACTABLE,,,no,inherited from federal
us-co,SSI-F-POMS-SI-02003,federal,manual,EXTRACTABLE,,,no,inherited from federal
us-ct,SSI-F-POMS-SI-02003,federal,manual,EXTRACTABLE,,,no,inherited from federal
us-dc,SSI-F-POMS-SI-02003,federal,manual,EXTRACTABLE,,,no,inherited from federal
us-de,SSI-F-POMS-SI-02003,federal,manual,EXTRACTABLE,,,no,inherited from federal
us-fl,SSI-F-POMS-SI-02003,federal,manual,EXTRACTABLE,,,no,inherited from federal
us-ga,SSI-F-POMS-SI-02003,federal,manual,EXTRACTABLE,,,no,inherited from federal
us-hi,SSI-F-POMS-SI-02003,federal,manual,EXTRACTABLE,,,no,inherited from federal
us-ia,SSI-F-POMS-SI-02003,federal,manual,EXTRACTABLE,,,no,inherited from federal
us-id,SSI-F-POMS-SI-02003,federal,manual,EXTRACTABLE,,,no,inherited from federal
us-il,SSI-F-POMS-SI-02003,federal,manual,EXTRACTABLE,,,no,inherited from federal
us-in,SSI-F-POMS-SI-02003,federal,manual,EXTRACTABLE,,,no,inherited from federal
us-ks,SSI-F-POMS-SI-02003,federal,manual,EXTRACTABLE,,,no,inherited from federal
us-ky,SSI-F-POMS-SI-02003,federal,manual,EXTRACTABLE,,,no,inherited from federal
us-la,SSI-F-POMS-SI-02003,federal,manual,EXTRACTABLE,,,no,inherited from federal
us-ma,SSI-F-POMS-SI-02003,federal,manual,EXTRACTABLE,,,no,inherited from federal
us-md,SSI-F-POMS-SI-02003,federal,manual,EXTRACTABLE,,,no,inherited from federal
us-me,SSI-F-POMS-SI-02003,federal,manual,EXTRACTABLE,,,no,inherited from federal
us-mi,SSI-F-POMS-SI-02003,federal,manual,EXTRACTABLE,,,no,inherited from federal
us-mn,SSI-F-POMS-SI-02003,federal,manual,EXTRACTABLE,,,no,inherited from federal
us-mo,SSI-F-POMS-SI-02003,federal,manual,EXTRACTABLE,,,no,inherited from federal
us-ms,SSI-F-POMS-SI-02003,federal,manual,EXTRACTABLE,,,no,inherited from federal
us-mt,SSI-F-POMS-SI-02003,federal,manual,EXTRACTABLE,,,no,inherited from federal
us-nc,SSI-F-POMS-SI-02003,federal,manual,EXTRACTABLE,,,no,inherited from federal
us-nd,SSI-F-POMS-SI-02003,federal,manual,EXTRACTABLE,,,no,inherited from federal
us-ne,SSI-F-POMS-SI-02003,federal,manual,EXTRACTABLE,,,no,inherited from federal
us-nh,SSI-F-POMS-SI-02003,federal,manual,EXTRACTABLE,,,no,inherited from federal
us-nj,SSI-F-POMS-SI-02003,federal,manual,EXTRACTABLE,,,no,inherited from federal
us-nm,SSI-F-POMS-SI-02003,federal,manual,EXTRACTABLE,,,no,inherited from federal
us-nv,SSI-F-POMS-SI-02003,federal,manual,EXTRACTABLE,,,no,inherited from federal
us-ny,SSI-F-POMS-SI-02003,federal,manual,EXTRACTABLE,,,no,inherited from federal
us-oh,SSI-F-POMS-SI-02003,federal,manual,EXTRACTABLE,,,no,inherited from federal
us-ok,SSI-F-POMS-SI-02003,federal,manual,EXTRACTABLE,,,no,inherited from federal
us-or,SSI-F-POMS-SI-02003,federal,manual,EXTRACTABLE,,,no,inherited from federal
us-pa,SSI-F-POMS-SI-02003,federal,manual,EXTRACTABLE,,,no,inherited from federal
us-ri,SSI-F-POMS-SI-02003,federal,manual,EXTRACTABLE,,,no,inherited from federal
us-sc,SSI-F-POMS-SI-02003,federal,manual,EXTRACTABLE,,,no,inherited from federal
us-sd,SSI-F-POMS-SI-02003,federal,manual,EXTRACTABLE,,,no,inherited from federal
us-tn,SSI-F-POMS-SI-02003,federal,manual,EXTRACTABLE,,,no,inherited from federal
us-tx,SSI-F-POMS-SI-02003,federal,manual,EXTRACTABLE,,,no,inherited from federal
us-ut,SSI-F-POMS-SI-02003,federal,manual,EXTRACTABLE,,,no,inherited from federal
us-va,SSI-F-POMS-SI-02003,federal,manual,EXTRACTABLE,,,no,inherited from federal
us-vt,SSI-F-POMS-SI-02003,federal,manual,EXTRACTABLE,,,no,inherited from federal
us-wa,SSI-F-POMS-SI-02003,federal,manual,EXTRACTABLE,,,no,inherited from federal
us-wi,SSI-F-POMS-SI-02003,federal,manual,EXTRACTABLE,,,no,inherited from federal
us-wv,SSI-F-POMS-SI-02003,federal,manual,EXTRACTABLE,,,no,inherited from federal
us-wy,SSI-F-POMS-SI-02003,federal,manual,EXTRACTABLE,,,no,inherited from federal
us,SSI-F-POMS-SI-02004,federal,manual,EXTRACTABLE,,,no,"listed on https://secure.ssa.gov/apps10/poms.nsf/subchapterlist!openview&restricttocategory=05020 (8 sections); not taken (run note 2026-09-10-ssi-poms-si, judgment 1)"
us-ak,SSI-F-POMS-SI-02004,federal,manual,EXTRACTABLE,,,no,inherited from federal
us-al,SSI-F-POMS-SI-02004,federal,manual,EXTRACTABLE,,,no,inherited from federal
us-ar,SSI-F-POMS-SI-02004,federal,manual,EXTRACTABLE,,,no,inherited from federal
us-az,SSI-F-POMS-SI-02004,federal,manual,EXTRACTABLE,,,no,inherited from federal
us-ca,SSI-F-POMS-SI-02004,federal,manual,EXTRACTABLE,,,no,inherited from federal
us-co,SSI-F-POMS-SI-02004,federal,manual,EXTRACTABLE,,,no,inherited from federal
us-ct,SSI-F-POMS-SI-02004,federal,manual,EXTRACTABLE,,,no,inherited from federal
us-dc,SSI-F-POMS-SI-02004,federal,manual,EXTRACTABLE,,,no,inherited from federal
us-de,SSI-F-POMS-SI-02004,federal,manual,EXTRACTABLE,,,no,inherited from federal
us-fl,SSI-F-POMS-SI-02004,federal,manual,EXTRACTABLE,,,no,inherited from federal
us-ga,SSI-F-POMS-SI-02004,federal,manual,EXTRACTABLE,,,no,inherited from federal
us-hi,SSI-F-POMS-SI-02004,federal,manual,EXTRACTABLE,,,no,inherited from federal
us-ia,SSI-F-POMS-SI-02004,federal,manual,EXTRACTABLE,,,no,inherited from federal
us-id,SSI-F-POMS-SI-02004,federal,manual,EXTRACTABLE,,,no,inherited from federal
us-il,SSI-F-POMS-SI-02004,federal,manual,EXTRACTABLE,,,no,inherited from federal
us-in,SSI-F-POMS-SI-02004,federal,manual,EXTRACTABLE,,,no,inherited from federal
us-ks,SSI-F-POMS-SI-02004,federal,manual,EXTRACTABLE,,,no,inherited from federal
us-ky,SSI-F-POMS-SI-02004,federal,manual,EXTRACTABLE,,,no,inherited from federal
us-la,SSI-F-POMS-SI-02004,federal,manual,EXTRACTABLE,,,no,inherited from federal
us-ma,SSI-F-POMS-SI-02004,federal,manual,EXTRACTABLE,,,no,inherited from federal
us-md,SSI-F-POMS-SI-02004,federal,manual,EXTRACTABLE,,,no,inherited from federal
us-me,SSI-F-POMS-SI-02004,federal,manual,EXTRACTABLE,,,no,inherited from federal
us-mi,SSI-F-POMS-SI-02004,federal,manual,EXTRACTABLE,,,no,inherited from federal
us-mn,SSI-F-POMS-SI-02004,federal,manual,EXTRACTABLE,,,no,inherited from federal
us-mo,SSI-F-POMS-SI-02004,federal,manual,EXTRACTABLE,,,no,inherited from federal
us-ms,SSI-F-POMS-SI-02004,federal,manual,EXTRACTABLE,,,no,inherited from federal
us-mt,SSI-F-POMS-SI-02004,federal,manual,EXTRACTABLE,,,no,inherited from federal
us-nc,SSI-F-POMS-SI-02004,federal,manual,EXTRACTABLE,,,no,inherited from federal
us-nd,SSI-F-POMS-SI-02004,federal,manual,EXTRACTABLE,,,no,inherited from federal
us-ne,SSI-F-POMS-SI-02004,federal,manual,EXTRACTABLE,,,no,inherited from federal
us-nh,SSI-F-POMS-SI-02004,federal,manual,EXTRACTABLE,,,no,inherited from federal
us-nj,SSI-F-POMS-SI-02004,federal,manual,EXTRACTABLE,,,no,inherited from federal
us-nm,SSI-F-POMS-SI-02004,federal,manual,EXTRACTABLE,,,no,inherited from federal
us-nv,SSI-F-POMS-SI-02004,federal,manual,EXTRACTABLE,,,no,inherited from federal
us-ny,SSI-F-POMS-SI-02004,federal,manual,EXTRACTABLE,,,no,inherited from federal
us-oh,SSI-F-POMS-SI-02004,federal,manual,EXTRACTABLE,,,no,inherited from federal
us-ok,SSI-F-POMS-SI-02004,federal,manual,EXTRACTABLE,,,no,inherited from federal
us-or,SSI-F-POMS-SI-02004,federal,manual,EXTRACTABLE,,,no,inherited from federal
us-pa,SSI-F-POMS-SI-02004,federal,manual,EXTRACTABLE,,,no,inherited from federal
us-ri,SSI-F-POMS-SI-02004,federal,manual,EXTRACTABLE,,,no,inherited from federal
us-sc,SSI-F-POMS-SI-02004,federal,manual,EXTRACTABLE,,,no,inherited from federal
us-sd,SSI-F-POMS-SI-02004,federal,manual,EXTRACTABLE,,,no,inherited from federal
us-tn,SSI-F-POMS-SI-02004,federal,manual,EXTRACTABLE,,,no,inherited from federal
us-tx,SSI-F-POMS-SI-02004,federal,manual,EXTRACTABLE,,,no,inherited from federal
us-ut,SSI-F-POMS-SI-02004,federal,manual,EXTRACTABLE,,,no,inherited from federal
us-va,SSI-F-POMS-SI-02004,federal,manual,EXTRACTABLE,,,no,inherited from federal
us-vt,SSI-F-POMS-SI-02004,federal,manual,EXTRACTABLE,,,no,inherited from federal
us-wa,SSI-F-POMS-SI-02004,federal,manual,EXTRACTABLE,,,no,inherited from federal
us-wi,SSI-F-POMS-SI-02004,federal,manual,EXTRACTABLE,,,no,inherited from federal
us-wv,SSI-F-POMS-SI-02004,federal,manual,EXTRACTABLE,,,no,inherited from federal
us-wy,SSI-F-POMS-SI-02004,federal,manual,EXTRACTABLE,,,no,inherited from federal
us,SSI-F-POMS-SI-02005,federal,manual,PRESENT,2026-09-10-ssi-poms-si,us/manual/ssa/poms/si/02005.000/block-1,partial,21/21 sections taken incl. regional; block bodies opened
us-ak,SSI-F-POMS-SI-02005,federal,manual,PRESENT,2026-09-10-ssi-poms-si,us/manual/ssa/poms/si/02005.000/block-1,partial,inherited from federal
us-al,SSI-F-POMS-SI-02005,federal,manual,PRESENT,2026-09-10-ssi-poms-si,us/manual/ssa/poms/si/02005.000/block-1,partial,inherited from federal
us-ar,SSI-F-POMS-SI-02005,federal,manual,PRESENT,2026-09-10-ssi-poms-si,us/manual/ssa/poms/si/02005.000/block-1,partial,inherited from federal
us-az,SSI-F-POMS-SI-02005,federal,manual,PRESENT,2026-09-10-ssi-poms-si,us/manual/ssa/poms/si/02005.000/block-1,partial,inherited from federal
us-ca,SSI-F-POMS-SI-02005,federal,manual,PRESENT,2026-09-10-ssi-poms-si,us/manual/ssa/poms/si/02005.000/block-1,partial,inherited from federal
us-co,SSI-F-POMS-SI-02005,federal,manual,PRESENT,2026-09-10-ssi-poms-si,us/manual/ssa/poms/si/02005.000/block-1,partial,inherited from federal
us-ct,SSI-F-POMS-SI-02005,federal,manual,PRESENT,2026-09-10-ssi-poms-si,us/manual/ssa/poms/si/02005.000/block-1,partial,inherited from federal
us-dc,SSI-F-POMS-SI-02005,federal,manual,PRESENT,2026-09-10-ssi-poms-si,us/manual/ssa/poms/si/02005.000/block-1,partial,inherited from federal
us-de,SSI-F-POMS-SI-02005,federal,manual,PRESENT,2026-09-10-ssi-poms-si,us/manual/ssa/poms/si/02005.000/block-1,partial,inherited from federal
us-fl,SSI-F-POMS-SI-02005,federal,manual,PRESENT,2026-09-10-ssi-poms-si,us/manual/ssa/poms/si/02005.000/block-1,partial,inherited from federal
us-ga,SSI-F-POMS-SI-02005,federal,manual,PRESENT,2026-09-10-ssi-poms-si,us/manual/ssa/poms/si/02005.000/block-1,partial,inherited from federal
us-hi,SSI-F-POMS-SI-02005,federal,manual,PRESENT,2026-09-10-ssi-poms-si,us/manual/ssa/poms/si/02005.000/block-1,partial,inherited from federal
us-ia,SSI-F-POMS-SI-02005,federal,manual,PRESENT,2026-09-10-ssi-poms-si,us/manual/ssa/poms/si/02005.000/block-1,partial,inherited from federal
us-id,SSI-F-POMS-SI-02005,federal,manual,PRESENT,2026-09-10-ssi-poms-si,us/manual/ssa/poms/si/02005.000/block-1,partial,inherited from federal
us-il,SSI-F-POMS-SI-02005,federal,manual,PRESENT,2026-09-10-ssi-poms-si,us/manual/ssa/poms/si/02005.000/block-1,partial,inherited from federal
us-in,SSI-F-POMS-SI-02005,federal,manual,PRESENT,2026-09-10-ssi-poms-si,us/manual/ssa/poms/si/02005.000/block-1,partial,inherited from federal
us-ks,SSI-F-POMS-SI-02005,federal,manual,PRESENT,2026-09-10-ssi-poms-si,us/manual/ssa/poms/si/02005.000/block-1,partial,inherited from federal
us-ky,SSI-F-POMS-SI-02005,federal,manual,PRESENT,2026-09-10-ssi-poms-si,us/manual/ssa/poms/si/02005.000/block-1,partial,inherited from federal
us-la,SSI-F-POMS-SI-02005,federal,manual,PRESENT,2026-09-10-ssi-poms-si,us/manual/ssa/poms/si/02005.000/block-1,partial,inherited from federal
us-ma,SSI-F-POMS-SI-02005,federal,manual,PRESENT,2026-09-10-ssi-poms-si,us/manual/ssa/poms/si/02005.000/block-1,partial,inherited from federal
us-md,SSI-F-POMS-SI-02005,federal,manual,PRESENT,2026-09-10-ssi-poms-si,us/manual/ssa/poms/si/02005.000/block-1,partial,inherited from federal
us-me,SSI-F-POMS-SI-02005,federal,manual,PRESENT,2026-09-10-ssi-poms-si,us/manual/ssa/poms/si/02005.000/block-1,partial,inherited from federal
us-mi,SSI-F-POMS-SI-02005,federal,manual,PRESENT,2026-09-10-ssi-poms-si,us/manual/ssa/poms/si/02005.000/block-1,partial,inherited from federal
us-mn,SSI-F-POMS-SI-02005,federal,manual,PRESENT,2026-09-10-ssi-poms-si,us/manual/ssa/poms/si/02005.000/block-1,partial,inherited from federal
us-mo,SSI-F-POMS-SI-02005,federal,manual,PRESENT,2026-09-10-ssi-poms-si,us/manual/ssa/poms/si/02005.000/block-1,partial,inherited from federal
us-ms,SSI-F-POMS-SI-02005,federal,manual,PRESENT,2026-09-10-ssi-poms-si,us/manual/ssa/poms/si/02005.000/block-1,partial,inherited from federal
us-mt,SSI-F-POMS-SI-02005,federal,manual,PRESENT,2026-09-10-ssi-poms-si,us/manual/ssa/poms/si/02005.000/block-1,partial,inherited from federal
us-nc,SSI-F-POMS-SI-02005,federal,manual,PRESENT,2026-09-10-ssi-poms-si,us/manual/ssa/poms/si/02005.000/block-1,partial,inherited from federal
us-nd,SSI-F-POMS-SI-02005,federal,manual,PRESENT,2026-09-10-ssi-poms-si,us/manual/ssa/poms/si/02005.000/block-1,partial,inherited from federal
us-ne,SSI-F-POMS-SI-02005,federal,manual,PRESENT,2026-09-10-ssi-poms-si,us/manual/ssa/poms/si/02005.000/block-1,partial,inherited from federal
us-nh,SSI-F-POMS-SI-02005,federal,manual,PRESENT,2026-09-10-ssi-poms-si,us/manual/ssa/poms/si/02005.000/block-1,partial,inherited from federal
us-nj,SSI-F-POMS-SI-02005,federal,manual,PRESENT,2026-09-10-ssi-poms-si,us/manual/ssa/poms/si/02005.000/block-1,partial,inherited from federal
us-nm,SSI-F-POMS-SI-02005,federal,manual,PRESENT,2026-09-10-ssi-poms-si,us/manual/ssa/poms/si/02005.000/block-1,partial,inherited from federal
us-nv,SSI-F-POMS-SI-02005,federal,manual,PRESENT,2026-09-10-ssi-poms-si,us/manual/ssa/poms/si/02005.000/block-1,partial,inherited from federal
us-ny,SSI-F-POMS-SI-02005,federal,manual,PRESENT,2026-09-10-ssi-poms-si,us/manual/ssa/poms/si/02005.000/block-1,partial,inherited from federal
us-oh,SSI-F-POMS-SI-02005,federal,manual,PRESENT,2026-09-10-ssi-poms-si,us/manual/ssa/poms/si/02005.000/block-1,partial,inherited from federal
us-ok,SSI-F-POMS-SI-02005,federal,manual,PRESENT,2026-09-10-ssi-poms-si,us/manual/ssa/poms/si/02005.000/block-1,partial,inherited from federal
us-or,SSI-F-POMS-SI-02005,federal,manual,PRESENT,2026-09-10-ssi-poms-si,us/manual/ssa/poms/si/02005.000/block-1,partial,inherited from federal
us-pa,SSI-F-POMS-SI-02005,federal,manual,PRESENT,2026-09-10-ssi-poms-si,us/manual/ssa/poms/si/02005.000/block-1,partial,inherited from federal
us-ri,SSI-F-POMS-SI-02005,federal,manual,PRESENT,2026-09-10-ssi-poms-si,us/manual/ssa/poms/si/02005.000/block-1,partial,inherited from federal
us-sc,SSI-F-POMS-SI-02005,federal,manual,PRESENT,2026-09-10-ssi-poms-si,us/manual/ssa/poms/si/02005.000/block-1,partial,inherited from federal
us-sd,SSI-F-POMS-SI-02005,federal,manual,PRESENT,2026-09-10-ssi-poms-si,us/manual/ssa/poms/si/02005.000/block-1,partial,inherited from federal
us-tn,SSI-F-POMS-SI-02005,federal,manual,PRESENT,2026-09-10-ssi-poms-si,us/manual/ssa/poms/si/02005.000/block-1,partial,inherited from federal
us-tx,SSI-F-POMS-SI-02005,federal,manual,PRESENT,2026-09-10-ssi-poms-si,us/manual/ssa/poms/si/02005.000/block-1,partial,inherited from federal
us-ut,SSI-F-POMS-SI-02005,federal,manual,PRESENT,2026-09-10-ssi-poms-si,us/manual/ssa/poms/si/02005.000/block-1,partial,inherited from federal
us-va,SSI-F-POMS-SI-02005,federal,manual,PRESENT,2026-09-10-ssi-poms-si,us/manual/ssa/poms/si/02005.000/block-1,partial,inherited from federal
us-vt,SSI-F-POMS-SI-02005,federal,manual,PRESENT,2026-09-10-ssi-poms-si,us/manual/ssa/poms/si/02005.000/block-1,partial,inherited from federal
us-wa,SSI-F-POMS-SI-02005,federal,manual,PRESENT,2026-09-10-ssi-poms-si,us/manual/ssa/poms/si/02005.000/block-1,partial,inherited from federal
us-wi,SSI-F-POMS-SI-02005,federal,manual,PRESENT,2026-09-10-ssi-poms-si,us/manual/ssa/poms/si/02005.000/block-1,partial,inherited from federal
us-wv,SSI-F-POMS-SI-02005,federal,manual,PRESENT,2026-09-10-ssi-poms-si,us/manual/ssa/poms/si/02005.000/block-1,partial,inherited from federal
us-wy,SSI-F-POMS-SI-02005,federal,manual,PRESENT,2026-09-10-ssi-poms-si,us/manual/ssa/poms/si/02005.000/block-1,partial,inherited from federal
us,SSI-F-POMS-SI-02006,federal,manual,EXTRACTABLE,,,no,"listed on https://secure.ssa.gov/apps10/poms.nsf/subchapterlist!openview&restricttocategory=05020 (15 sections); not taken (run note 2026-09-10-ssi-poms-si, judgment 1)"
us-ak,SSI-F-POMS-SI-02006,federal,manual,EXTRACTABLE,,,no,inherited from federal
us-al,SSI-F-POMS-SI-02006,federal,manual,EXTRACTABLE,,,no,inherited from federal
us-ar,SSI-F-POMS-SI-02006,federal,manual,EXTRACTABLE,,,no,inherited from federal
us-az,SSI-F-POMS-SI-02006,federal,manual,EXTRACTABLE,,,no,inherited from federal
us-ca,SSI-F-POMS-SI-02006,federal,manual,EXTRACTABLE,,,no,inherited from federal
us-co,SSI-F-POMS-SI-02006,federal,manual,EXTRACTABLE,,,no,inherited from federal
us-ct,SSI-F-POMS-SI-02006,federal,manual,EXTRACTABLE,,,no,inherited from federal
us-dc,SSI-F-POMS-SI-02006,federal,manual,EXTRACTABLE,,,no,inherited from federal
us-de,SSI-F-POMS-SI-02006,federal,manual,EXTRACTABLE,,,no,inherited from federal
us-fl,SSI-F-POMS-SI-02006,federal,manual,EXTRACTABLE,,,no,inherited from federal
us-ga,SSI-F-POMS-SI-02006,federal,manual,EXTRACTABLE,,,no,inherited from federal
us-hi,SSI-F-POMS-SI-02006,federal,manual,EXTRACTABLE,,,no,inherited from federal
us-ia,SSI-F-POMS-SI-02006,federal,manual,EXTRACTABLE,,,no,inherited from federal
us-id,SSI-F-POMS-SI-02006,federal,manual,EXTRACTABLE,,,no,inherited from federal
us-il,SSI-F-POMS-SI-02006,federal,manual,EXTRACTABLE,,,no,inherited from federal
us-in,SSI-F-POMS-SI-02006,federal,manual,EXTRACTABLE,,,no,inherited from federal
us-ks,SSI-F-POMS-SI-02006,federal,manual,EXTRACTABLE,,,no,inherited from federal
us-ky,SSI-F-POMS-SI-02006,federal,manual,EXTRACTABLE,,,no,inherited from federal
us-la,SSI-F-POMS-SI-02006,federal,manual,EXTRACTABLE,,,no,inherited from federal
us-ma,SSI-F-POMS-SI-02006,federal,manual,EXTRACTABLE,,,no,inherited from federal
us-md,SSI-F-POMS-SI-02006,federal,manual,EXTRACTABLE,,,no,inherited from federal
us-me,SSI-F-POMS-SI-02006,federal,manual,EXTRACTABLE,,,no,inherited from federal
us-mi,SSI-F-POMS-SI-02006,federal,manual,EXTRACTABLE,,,no,inherited from federal
us-mn,SSI-F-POMS-SI-02006,federal,manual,EXTRACTABLE,,,no,inherited from federal
us-mo,SSI-F-POMS-SI-02006,federal,manual,EXTRACTABLE,,,no,inherited from federal
us-ms,SSI-F-POMS-SI-02006,federal,manual,EXTRACTABLE,,,no,inherited from federal
us-mt,SSI-F-POMS-SI-02006,federal,manual,EXTRACTABLE,,,no,inherited from federal
us-nc,SSI-F-POMS-SI-02006,federal,manual,EXTRACTABLE,,,no,inherited from federal
us-nd,SSI-F-POMS-SI-02006,federal,manual,EXTRACTABLE,,,no,inherited from federal
us-ne,SSI-F-POMS-SI-02006,federal,manual,EXTRACTABLE,,,no,inherited from federal
us-nh,SSI-F-POMS-SI-02006,federal,manual,EXTRACTABLE,,,no,inherited from federal
us-nj,SSI-F-POMS-SI-02006,federal,manual,EXTRACTABLE,,,no,inherited from federal
us-nm,SSI-F-POMS-SI-02006,federal,manual,EXTRACTABLE,,,no,inherited from federal
us-nv,SSI-F-POMS-SI-02006,federal,manual,EXTRACTABLE,,,no,inherited from federal
us-ny,SSI-F-POMS-SI-02006,federal,manual,EXTRACTABLE,,,no,inherited from federal
us-oh,SSI-F-POMS-SI-02006,federal,manual,EXTRACTABLE,,,no,inherited from federal
us-ok,SSI-F-POMS-SI-02006,federal,manual,EXTRACTABLE,,,no,inherited from federal
us-or,SSI-F-POMS-SI-02006,federal,manual,EXTRACTABLE,,,no,inherited from federal
us-pa,SSI-F-POMS-SI-02006,federal,manual,EXTRACTABLE,,,no,inherited from federal
us-ri,SSI-F-POMS-SI-02006,federal,manual,EXTRACTABLE,,,no,inherited from federal
us-sc,SSI-F-POMS-SI-02006,federal,manual,EXTRACTABLE,,,no,inherited from federal
us-sd,SSI-F-POMS-SI-02006,federal,manual,EXTRACTABLE,,,no,inherited from federal
us-tn,SSI-F-POMS-SI-02006,federal,manual,EXTRACTABLE,,,no,inherited from federal
us-tx,SSI-F-POMS-SI-02006,federal,manual,EXTRACTABLE,,,no,inherited from federal
us-ut,SSI-F-POMS-SI-02006,federal,manual,EXTRACTABLE,,,no,inherited from federal
us-va,SSI-F-POMS-SI-02006,federal,manual,EXTRACTABLE,,,no,inherited from federal
us-vt,SSI-F-POMS-SI-02006,federal,manual,EXTRACTABLE,,,no,inherited from federal
us-wa,SSI-F-POMS-SI-02006,federal,manual,EXTRACTABLE,,,no,inherited from federal
us-wi,SSI-F-POMS-SI-02006,federal,manual,EXTRACTABLE,,,no,inherited from federal
us-wv,SSI-F-POMS-SI-02006,federal,manual,EXTRACTABLE,,,no,inherited from federal
us-wy,SSI-F-POMS-SI-02006,federal,manual,EXTRACTABLE,,,no,inherited from federal
us,SSI-F-POMS-SI-02007,federal,manual,EXTRACTABLE,,,no,"listed on https://secure.ssa.gov/apps10/poms.nsf/subchapterlist!openview&restricttocategory=05020 (5 sections); not taken (run note 2026-09-10-ssi-poms-si, judgment 1)"
us-ak,SSI-F-POMS-SI-02007,federal,manual,EXTRACTABLE,,,no,inherited from federal
us-al,SSI-F-POMS-SI-02007,federal,manual,EXTRACTABLE,,,no,inherited from federal
us-ar,SSI-F-POMS-SI-02007,federal,manual,EXTRACTABLE,,,no,inherited from federal
us-az,SSI-F-POMS-SI-02007,federal,manual,EXTRACTABLE,,,no,inherited from federal
us-ca,SSI-F-POMS-SI-02007,federal,manual,EXTRACTABLE,,,no,inherited from federal
us-co,SSI-F-POMS-SI-02007,federal,manual,EXTRACTABLE,,,no,inherited from federal
us-ct,SSI-F-POMS-SI-02007,federal,manual,EXTRACTABLE,,,no,inherited from federal
us-dc,SSI-F-POMS-SI-02007,federal,manual,EXTRACTABLE,,,no,inherited from federal
us-de,SSI-F-POMS-SI-02007,federal,manual,EXTRACTABLE,,,no,inherited from federal
us-fl,SSI-F-POMS-SI-02007,federal,manual,EXTRACTABLE,,,no,inherited from federal
us-ga,SSI-F-POMS-SI-02007,federal,manual,EXTRACTABLE,,,no,inherited from federal
us-hi,SSI-F-POMS-SI-02007,federal,manual,EXTRACTABLE,,,no,inherited from federal
us-ia,SSI-F-POMS-SI-02007,federal,manual,EXTRACTABLE,,,no,inherited from federal
us-id,SSI-F-POMS-SI-02007,federal,manual,EXTRACTABLE,,,no,inherited from federal
us-il,SSI-F-POMS-SI-02007,federal,manual,EXTRACTABLE,,,no,inherited from federal
us-in,SSI-F-POMS-SI-02007,federal,manual,EXTRACTABLE,,,no,inherited from federal
us-ks,SSI-F-POMS-SI-02007,federal,manual,EXTRACTABLE,,,no,inherited from federal
us-ky,SSI-F-POMS-SI-02007,federal,manual,EXTRACTABLE,,,no,inherited from federal
us-la,SSI-F-POMS-SI-02007,federal,manual,EXTRACTABLE,,,no,inherited from federal
us-ma,SSI-F-POMS-SI-02007,federal,manual,EXTRACTABLE,,,no,inherited from federal
us-md,SSI-F-POMS-SI-02007,federal,manual,EXTRACTABLE,,,no,inherited from federal
us-me,SSI-F-POMS-SI-02007,federal,manual,EXTRACTABLE,,,no,inherited from federal
us-mi,SSI-F-POMS-SI-02007,federal,manual,EXTRACTABLE,,,no,inherited from federal
us-mn,SSI-F-POMS-SI-02007,federal,manual,EXTRACTABLE,,,no,inherited from federal
us-mo,SSI-F-POMS-SI-02007,federal,manual,EXTRACTABLE,,,no,inherited from federal
us-ms,SSI-F-POMS-SI-02007,federal,manual,EXTRACTABLE,,,no,inherited from federal
us-mt,SSI-F-POMS-SI-02007,federal,manual,EXTRACTABLE,,,no,inherited from federal
us-nc,SSI-F-POMS-SI-02007,federal,manual,EXTRACTABLE,,,no,inherited from federal
us-nd,SSI-F-POMS-SI-02007,federal,manual,EXTRACTABLE,,,no,inherited from federal
us-ne,SSI-F-POMS-SI-02007,federal,manual,EXTRACTABLE,,,no,inherited from federal
us-nh,SSI-F-POMS-SI-02007,federal,manual,EXTRACTABLE,,,no,inherited from federal
us-nj,SSI-F-POMS-SI-02007,federal,manual,EXTRACTABLE,,,no,inherited from federal
us-nm,SSI-F-POMS-SI-02007,federal,manual,EXTRACTABLE,,,no,inherited from federal
us-nv,SSI-F-POMS-SI-02007,federal,manual,EXTRACTABLE,,,no,inherited from federal
us-ny,SSI-F-POMS-SI-02007,federal,manual,EXTRACTABLE,,,no,inherited from federal
us-oh,SSI-F-POMS-SI-02007,federal,manual,EXTRACTABLE,,,no,inherited from federal
us-ok,SSI-F-POMS-SI-02007,federal,manual,EXTRACTABLE,,,no,inherited from federal
us-or,SSI-F-POMS-SI-02007,federal,manual,EXTRACTABLE,,,no,inherited from federal
us-pa,SSI-F-POMS-SI-02007,federal,manual,EXTRACTABLE,,,no,inherited from federal
us-ri,SSI-F-POMS-SI-02007,federal,manual,EXTRACTABLE,,,no,inherited from federal
us-sc,SSI-F-POMS-SI-02007,federal,manual,EXTRACTABLE,,,no,inherited from federal
us-sd,SSI-F-POMS-SI-02007,federal,manual,EXTRACTABLE,,,no,inherited from federal
us-tn,SSI-F-POMS-SI-02007,federal,manual,EXTRACTABLE,,,no,inherited from federal
us-tx,SSI-F-POMS-SI-02007,federal,manual,EXTRACTABLE,,,no,inherited from federal
us-ut,SSI-F-POMS-SI-02007,federal,manual,EXTRACTABLE,,,no,inherited from federal
us-va,SSI-F-POMS-SI-02007,federal,manual,EXTRACTABLE,,,no,inherited from federal
us-vt,SSI-F-POMS-SI-02007,federal,manual,EXTRACTABLE,,,no,inherited from federal
us-wa,SSI-F-POMS-SI-02007,federal,manual,EXTRACTABLE,,,no,inherited from federal
us-wi,SSI-F-POMS-SI-02007,federal,manual,EXTRACTABLE,,,no,inherited from federal
us-wv,SSI-F-POMS-SI-02007,federal,manual,EXTRACTABLE,,,no,inherited from federal
us-wy,SSI-F-POMS-SI-02007,federal,manual,EXTRACTABLE,,,no,inherited from federal
us,SSI-F-POMS-SI-02009,federal,manual,EXTRACTABLE,,,no,"listed on https://secure.ssa.gov/apps10/poms.nsf/subchapterlist!openview&restricttocategory=05020 (16 sections); not taken (run note 2026-09-10-ssi-poms-si, judgment 1)"
us-ak,SSI-F-POMS-SI-02009,federal,manual,EXTRACTABLE,,,no,inherited from federal
us-al,SSI-F-POMS-SI-02009,federal,manual,EXTRACTABLE,,,no,inherited from federal
us-ar,SSI-F-POMS-SI-02009,federal,manual,EXTRACTABLE,,,no,inherited from federal
us-az,SSI-F-POMS-SI-02009,federal,manual,EXTRACTABLE,,,no,inherited from federal
us-ca,SSI-F-POMS-SI-02009,federal,manual,EXTRACTABLE,,,no,inherited from federal
us-co,SSI-F-POMS-SI-02009,federal,manual,EXTRACTABLE,,,no,inherited from federal
us-ct,SSI-F-POMS-SI-02009,federal,manual,EXTRACTABLE,,,no,inherited from federal
us-dc,SSI-F-POMS-SI-02009,federal,manual,EXTRACTABLE,,,no,inherited from federal
us-de,SSI-F-POMS-SI-02009,federal,manual,EXTRACTABLE,,,no,inherited from federal
us-fl,SSI-F-POMS-SI-02009,federal,manual,EXTRACTABLE,,,no,inherited from federal
us-ga,SSI-F-POMS-SI-02009,federal,manual,EXTRACTABLE,,,no,inherited from federal
us-hi,SSI-F-POMS-SI-02009,federal,manual,EXTRACTABLE,,,no,inherited from federal
us-ia,SSI-F-POMS-SI-02009,federal,manual,EXTRACTABLE,,,no,inherited from federal
us-id,SSI-F-POMS-SI-02009,federal,manual,EXTRACTABLE,,,no,inherited from federal
us-il,SSI-F-POMS-SI-02009,federal,manual,EXTRACTABLE,,,no,inherited from federal
us-in,SSI-F-POMS-SI-02009,federal,manual,EXTRACTABLE,,,no,inherited from federal
us-ks,SSI-F-POMS-SI-02009,federal,manual,EXTRACTABLE,,,no,inherited from federal
us-ky,SSI-F-POMS-SI-02009,federal,manual,EXTRACTABLE,,,no,inherited from federal
us-la,SSI-F-POMS-SI-02009,federal,manual,EXTRACTABLE,,,no,inherited from federal
us-ma,SSI-F-POMS-SI-02009,federal,manual,EXTRACTABLE,,,no,inherited from federal
us-md,SSI-F-POMS-SI-02009,federal,manual,EXTRACTABLE,,,no,inherited from federal
us-me,SSI-F-POMS-SI-02009,federal,manual,EXTRACTABLE,,,no,inherited from federal
us-mi,SSI-F-POMS-SI-02009,federal,manual,EXTRACTABLE,,,no,inherited from federal
us-mn,SSI-F-POMS-SI-02009,federal,manual,EXTRACTABLE,,,no,inherited from federal
us-mo,SSI-F-POMS-SI-02009,federal,manual,EXTRACTABLE,,,no,inherited from federal
us-ms,SSI-F-POMS-SI-02009,federal,manual,EXTRACTABLE,,,no,inherited from federal
us-mt,SSI-F-POMS-SI-02009,federal,manual,EXTRACTABLE,,,no,inherited from federal
us-nc,SSI-F-POMS-SI-02009,federal,manual,EXTRACTABLE,,,no,inherited from federal
us-nd,SSI-F-POMS-SI-02009,federal,manual,EXTRACTABLE,,,no,inherited from federal
us-ne,SSI-F-POMS-SI-02009,federal,manual,EXTRACTABLE,,,no,inherited from federal
us-nh,SSI-F-POMS-SI-02009,federal,manual,EXTRACTABLE,,,no,inherited from federal
us-nj,SSI-F-POMS-SI-02009,federal,manual,EXTRACTABLE,,,no,inherited from federal
us-nm,SSI-F-POMS-SI-02009,federal,manual,EXTRACTABLE,,,no,inherited from federal
us-nv,SSI-F-POMS-SI-02009,federal,manual,EXTRACTABLE,,,no,inherited from federal
us-ny,SSI-F-POMS-SI-02009,federal,manual,EXTRACTABLE,,,no,inherited from federal
us-oh,SSI-F-POMS-SI-02009,federal,manual,EXTRACTABLE,,,no,inherited from federal
us-ok,SSI-F-POMS-SI-02009,federal,manual,EXTRACTABLE,,,no,inherited from federal
us-or,SSI-F-POMS-SI-02009,federal,manual,EXTRACTABLE,,,no,inherited from federal
us-pa,SSI-F-POMS-SI-02009,federal,manual,EXTRACTABLE,,,no,inherited from federal
us-ri,SSI-F-POMS-SI-02009,federal,manual,EXTRACTABLE,,,no,inherited from federal
us-sc,SSI-F-POMS-SI-02009,federal,manual,EXTRACTABLE,,,no,inherited from federal
us-sd,SSI-F-POMS-SI-02009,federal,manual,EXTRACTABLE,,,no,inherited from federal
us-tn,SSI-F-POMS-SI-02009,federal,manual,EXTRACTABLE,,,no,inherited from federal
us-tx,SSI-F-POMS-SI-02009,federal,manual,EXTRACTABLE,,,no,inherited from federal
us-ut,SSI-F-POMS-SI-02009,federal,manual,EXTRACTABLE,,,no,inherited from federal
us-va,SSI-F-POMS-SI-02009,federal,manual,EXTRACTABLE,,,no,inherited from federal
us-vt,SSI-F-POMS-SI-02009,federal,manual,EXTRACTABLE,,,no,inherited from federal
us-wa,SSI-F-POMS-SI-02009,federal,manual,EXTRACTABLE,,,no,inherited from federal
us-wi,SSI-F-POMS-SI-02009,federal,manual,EXTRACTABLE,,,no,inherited from federal
us-wv,SSI-F-POMS-SI-02009,federal,manual,EXTRACTABLE,,,no,inherited from federal
us-wy,SSI-F-POMS-SI-02009,federal,manual,EXTRACTABLE,,,no,inherited from federal
us,SSI-F-POMS-SI-02100,federal,manual,EXTRACTABLE,,,no,"listed on https://secure.ssa.gov/apps10/poms.nsf/subchapterlist!openview&restricttocategory=05021 (1 sections); not taken (run note 2026-09-10-ssi-poms-si, judgment 1)"
us-ak,SSI-F-POMS-SI-02100,federal,manual,EXTRACTABLE,,,no,inherited from federal
us-al,SSI-F-POMS-SI-02100,federal,manual,EXTRACTABLE,,,no,inherited from federal
us-ar,SSI-F-POMS-SI-02100,federal,manual,EXTRACTABLE,,,no,inherited from federal
us-az,SSI-F-POMS-SI-02100,federal,manual,EXTRACTABLE,,,no,inherited from federal
us-ca,SSI-F-POMS-SI-02100,federal,manual,EXTRACTABLE,,,no,inherited from federal
us-co,SSI-F-POMS-SI-02100,federal,manual,EXTRACTABLE,,,no,inherited from federal
us-ct,SSI-F-POMS-SI-02100,federal,manual,EXTRACTABLE,,,no,inherited from federal
us-dc,SSI-F-POMS-SI-02100,federal,manual,EXTRACTABLE,,,no,inherited from federal
us-de,SSI-F-POMS-SI-02100,federal,manual,EXTRACTABLE,,,no,inherited from federal
us-fl,SSI-F-POMS-SI-02100,federal,manual,EXTRACTABLE,,,no,inherited from federal
us-ga,SSI-F-POMS-SI-02100,federal,manual,EXTRACTABLE,,,no,inherited from federal
us-hi,SSI-F-POMS-SI-02100,federal,manual,EXTRACTABLE,,,no,inherited from federal
us-ia,SSI-F-POMS-SI-02100,federal,manual,EXTRACTABLE,,,no,inherited from federal
us-id,SSI-F-POMS-SI-02100,federal,manual,EXTRACTABLE,,,no,inherited from federal
us-il,SSI-F-POMS-SI-02100,federal,manual,EXTRACTABLE,,,no,inherited from federal
us-in,SSI-F-POMS-SI-02100,federal,manual,EXTRACTABLE,,,no,inherited from federal
us-ks,SSI-F-POMS-SI-02100,federal,manual,EXTRACTABLE,,,no,inherited from federal
us-ky,SSI-F-POMS-SI-02100,federal,manual,EXTRACTABLE,,,no,inherited from federal
us-la,SSI-F-POMS-SI-02100,federal,manual,EXTRACTABLE,,,no,inherited from federal
us-ma,SSI-F-POMS-SI-02100,federal,manual,EXTRACTABLE,,,no,inherited from federal
us-md,SSI-F-POMS-SI-02100,federal,manual,EXTRACTABLE,,,no,inherited from federal
us-me,SSI-F-POMS-SI-02100,federal,manual,EXTRACTABLE,,,no,inherited from federal
us-mi,SSI-F-POMS-SI-02100,federal,manual,EXTRACTABLE,,,no,inherited from federal
us-mn,SSI-F-POMS-SI-02100,federal,manual,EXTRACTABLE,,,no,inherited from federal
us-mo,SSI-F-POMS-SI-02100,federal,manual,EXTRACTABLE,,,no,inherited from federal
us-ms,SSI-F-POMS-SI-02100,federal,manual,EXTRACTABLE,,,no,inherited from federal
us-mt,SSI-F-POMS-SI-02100,federal,manual,EXTRACTABLE,,,no,inherited from federal
us-nc,SSI-F-POMS-SI-02100,federal,manual,EXTRACTABLE,,,no,inherited from federal
us-nd,SSI-F-POMS-SI-02100,federal,manual,EXTRACTABLE,,,no,inherited from federal
us-ne,SSI-F-POMS-SI-02100,federal,manual,EXTRACTABLE,,,no,inherited from federal
us-nh,SSI-F-POMS-SI-02100,federal,manual,EXTRACTABLE,,,no,inherited from federal
us-nj,SSI-F-POMS-SI-02100,federal,manual,EXTRACTABLE,,,no,inherited from federal
us-nm,SSI-F-POMS-SI-02100,federal,manual,EXTRACTABLE,,,no,inherited from federal
us-nv,SSI-F-POMS-SI-02100,federal,manual,EXTRACTABLE,,,no,inherited from federal
us-ny,SSI-F-POMS-SI-02100,federal,manual,EXTRACTABLE,,,no,inherited from federal
us-oh,SSI-F-POMS-SI-02100,federal,manual,EXTRACTABLE,,,no,inherited from federal
us-ok,SSI-F-POMS-SI-02100,federal,manual,EXTRACTABLE,,,no,inherited from federal
us-or,SSI-F-POMS-SI-02100,federal,manual,EXTRACTABLE,,,no,inherited from federal
us-pa,SSI-F-POMS-SI-02100,federal,manual,EXTRACTABLE,,,no,inherited from federal
us-ri,SSI-F-POMS-SI-02100,federal,manual,EXTRACTABLE,,,no,inherited from federal
us-sc,SSI-F-POMS-SI-02100,federal,manual,EXTRACTABLE,,,no,inherited from federal
us-sd,SSI-F-POMS-SI-02100,federal,manual,EXTRACTABLE,,,no,inherited from federal
us-tn,SSI-F-POMS-SI-02100,federal,manual,EXTRACTABLE,,,no,inherited from federal
us-tx,SSI-F-POMS-SI-02100,federal,manual,EXTRACTABLE,,,no,inherited from federal
us-ut,SSI-F-POMS-SI-02100,federal,manual,EXTRACTABLE,,,no,inherited from federal
us-va,SSI-F-POMS-SI-02100,federal,manual,EXTRACTABLE,,,no,inherited from federal
us-vt,SSI-F-POMS-SI-02100,federal,manual,EXTRACTABLE,,,no,inherited from federal
us-wa,SSI-F-POMS-SI-02100,federal,manual,EXTRACTABLE,,,no,inherited from federal
us-wi,SSI-F-POMS-SI-02100,federal,manual,EXTRACTABLE,,,no,inherited from federal
us-wv,SSI-F-POMS-SI-02100,federal,manual,EXTRACTABLE,,,no,inherited from federal
us-wy,SSI-F-POMS-SI-02100,federal,manual,EXTRACTABLE,,,no,inherited from federal
us,SSI-F-POMS-SI-02101,federal,manual,EXTRACTABLE,,,no,"listed on https://secure.ssa.gov/apps10/poms.nsf/subchapterlist!openview&restricttocategory=05021 (14 sections); not taken (run note 2026-09-10-ssi-poms-si, judgment 1)"
us-ak,SSI-F-POMS-SI-02101,federal,manual,EXTRACTABLE,,,no,inherited from federal
us-al,SSI-F-POMS-SI-02101,federal,manual,EXTRACTABLE,,,no,inherited from federal
us-ar,SSI-F-POMS-SI-02101,federal,manual,EXTRACTABLE,,,no,inherited from federal
us-az,SSI-F-POMS-SI-02101,federal,manual,EXTRACTABLE,,,no,inherited from federal
us-ca,SSI-F-POMS-SI-02101,federal,manual,EXTRACTABLE,,,no,inherited from federal
us-co,SSI-F-POMS-SI-02101,federal,manual,EXTRACTABLE,,,no,inherited from federal
us-ct,SSI-F-POMS-SI-02101,federal,manual,EXTRACTABLE,,,no,inherited from federal
us-dc,SSI-F-POMS-SI-02101,federal,manual,EXTRACTABLE,,,no,inherited from federal
us-de,SSI-F-POMS-SI-02101,federal,manual,EXTRACTABLE,,,no,inherited from federal
us-fl,SSI-F-POMS-SI-02101,federal,manual,EXTRACTABLE,,,no,inherited from federal
us-ga,SSI-F-POMS-SI-02101,federal,manual,EXTRACTABLE,,,no,inherited from federal
us-hi,SSI-F-POMS-SI-02101,federal,manual,EXTRACTABLE,,,no,inherited from federal
us-ia,SSI-F-POMS-SI-02101,federal,manual,EXTRACTABLE,,,no,inherited from federal
us-id,SSI-F-POMS-SI-02101,federal,manual,EXTRACTABLE,,,no,inherited from federal
us-il,SSI-F-POMS-SI-02101,federal,manual,EXTRACTABLE,,,no,inherited from federal
us-in,SSI-F-POMS-SI-02101,federal,manual,EXTRACTABLE,,,no,inherited from federal
us-ks,SSI-F-POMS-SI-02101,federal,manual,EXTRACTABLE,,,no,inherited from federal
us-ky,SSI-F-POMS-SI-02101,federal,manual,EXTRACTABLE,,,no,inherited from federal
us-la,SSI-F-POMS-SI-02101,federal,manual,EXTRACTABLE,,,no,inherited from federal
us-ma,SSI-F-POMS-SI-02101,federal,manual,EXTRACTABLE,,,no,inherited from federal
us-md,SSI-F-POMS-SI-02101,federal,manual,EXTRACTABLE,,,no,inherited from federal
us-me,SSI-F-POMS-SI-02101,federal,manual,EXTRACTABLE,,,no,inherited from federal
us-mi,SSI-F-POMS-SI-02101,federal,manual,EXTRACTABLE,,,no,inherited from federal
us-mn,SSI-F-POMS-SI-02101,federal,manual,EXTRACTABLE,,,no,inherited from federal
us-mo,SSI-F-POMS-SI-02101,federal,manual,EXTRACTABLE,,,no,inherited from federal
us-ms,SSI-F-POMS-SI-02101,federal,manual,EXTRACTABLE,,,no,inherited from federal
us-mt,SSI-F-POMS-SI-02101,federal,manual,EXTRACTABLE,,,no,inherited from federal
us-nc,SSI-F-POMS-SI-02101,federal,manual,EXTRACTABLE,,,no,inherited from federal
us-nd,SSI-F-POMS-SI-02101,federal,manual,EXTRACTABLE,,,no,inherited from federal
us-ne,SSI-F-POMS-SI-02101,federal,manual,EXTRACTABLE,,,no,inherited from federal
us-nh,SSI-F-POMS-SI-02101,federal,manual,EXTRACTABLE,,,no,inherited from federal
us-nj,SSI-F-POMS-SI-02101,federal,manual,EXTRACTABLE,,,no,inherited from federal
us-nm,SSI-F-POMS-SI-02101,federal,manual,EXTRACTABLE,,,no,inherited from federal
us-nv,SSI-F-POMS-SI-02101,federal,manual,EXTRACTABLE,,,no,inherited from federal
us-ny,SSI-F-POMS-SI-02101,federal,manual,EXTRACTABLE,,,no,inherited from federal
us-oh,SSI-F-POMS-SI-02101,federal,manual,EXTRACTABLE,,,no,inherited from federal
us-ok,SSI-F-POMS-SI-02101,federal,manual,EXTRACTABLE,,,no,inherited from federal
us-or,SSI-F-POMS-SI-02101,federal,manual,EXTRACTABLE,,,no,inherited from federal
us-pa,SSI-F-POMS-SI-02101,federal,manual,EXTRACTABLE,,,no,inherited from federal
us-ri,SSI-F-POMS-SI-02101,federal,manual,EXTRACTABLE,,,no,inherited from federal
us-sc,SSI-F-POMS-SI-02101,federal,manual,EXTRACTABLE,,,no,inherited from federal
us-sd,SSI-F-POMS-SI-02101,federal,manual,EXTRACTABLE,,,no,inherited from federal
us-tn,SSI-F-POMS-SI-02101,federal,manual,EXTRACTABLE,,,no,inherited from federal
us-tx,SSI-F-POMS-SI-02101,federal,manual,EXTRACTABLE,,,no,inherited from federal
us-ut,SSI-F-POMS-SI-02101,federal,manual,EXTRACTABLE,,,no,inherited from federal
us-va,SSI-F-POMS-SI-02101,federal,manual,EXTRACTABLE,,,no,inherited from federal
us-vt,SSI-F-POMS-SI-02101,federal,manual,EXTRACTABLE,,,no,inherited from federal
us-wa,SSI-F-POMS-SI-02101,federal,manual,EXTRACTABLE,,,no,inherited from federal
us-wi,SSI-F-POMS-SI-02101,federal,manual,EXTRACTABLE,,,no,inherited from federal
us-wv,SSI-F-POMS-SI-02101,federal,manual,EXTRACTABLE,,,no,inherited from federal
us-wy,SSI-F-POMS-SI-02101,federal,manual,EXTRACTABLE,,,no,inherited from federal
us,SSI-F-POMS-SI-02200,federal,manual,EXTRACTABLE,,,no,"listed on https://secure.ssa.gov/apps10/poms.nsf/subchapterlist!openview&restricttocategory=05022 (1 sections); not taken (run note 2026-09-10-ssi-poms-si, judgment 1)"
us-ak,SSI-F-POMS-SI-02200,federal,manual,EXTRACTABLE,,,no,inherited from federal
us-al,SSI-F-POMS-SI-02200,federal,manual,EXTRACTABLE,,,no,inherited from federal
us-ar,SSI-F-POMS-SI-02200,federal,manual,EXTRACTABLE,,,no,inherited from federal
us-az,SSI-F-POMS-SI-02200,federal,manual,EXTRACTABLE,,,no,inherited from federal
us-ca,SSI-F-POMS-SI-02200,federal,manual,EXTRACTABLE,,,no,inherited from federal
us-co,SSI-F-POMS-SI-02200,federal,manual,EXTRACTABLE,,,no,inherited from federal
us-ct,SSI-F-POMS-SI-02200,federal,manual,EXTRACTABLE,,,no,inherited from federal
us-dc,SSI-F-POMS-SI-02200,federal,manual,EXTRACTABLE,,,no,inherited from federal
us-de,SSI-F-POMS-SI-02200,federal,manual,EXTRACTABLE,,,no,inherited from federal
us-fl,SSI-F-POMS-SI-02200,federal,manual,EXTRACTABLE,,,no,inherited from federal
us-ga,SSI-F-POMS-SI-02200,federal,manual,EXTRACTABLE,,,no,inherited from federal
us-hi,SSI-F-POMS-SI-02200,federal,manual,EXTRACTABLE,,,no,inherited from federal
us-ia,SSI-F-POMS-SI-02200,federal,manual,EXTRACTABLE,,,no,inherited from federal
us-id,SSI-F-POMS-SI-02200,federal,manual,EXTRACTABLE,,,no,inherited from federal
us-il,SSI-F-POMS-SI-02200,federal,manual,EXTRACTABLE,,,no,inherited from federal
us-in,SSI-F-POMS-SI-02200,federal,manual,EXTRACTABLE,,,no,inherited from federal
us-ks,SSI-F-POMS-SI-02200,federal,manual,EXTRACTABLE,,,no,inherited from federal
us-ky,SSI-F-POMS-SI-02200,federal,manual,EXTRACTABLE,,,no,inherited from federal
us-la,SSI-F-POMS-SI-02200,federal,manual,EXTRACTABLE,,,no,inherited from federal
us-ma,SSI-F-POMS-SI-02200,federal,manual,EXTRACTABLE,,,no,inherited from federal
us-md,SSI-F-POMS-SI-02200,federal,manual,EXTRACTABLE,,,no,inherited from federal
us-me,SSI-F-POMS-SI-02200,federal,manual,EXTRACTABLE,,,no,inherited from federal
us-mi,SSI-F-POMS-SI-02200,federal,manual,EXTRACTABLE,,,no,inherited from federal
us-mn,SSI-F-POMS-SI-02200,federal,manual,EXTRACTABLE,,,no,inherited from federal
us-mo,SSI-F-POMS-SI-02200,federal,manual,EXTRACTABLE,,,no,inherited from federal
us-ms,SSI-F-POMS-SI-02200,federal,manual,EXTRACTABLE,,,no,inherited from federal
us-mt,SSI-F-POMS-SI-02200,federal,manual,EXTRACTABLE,,,no,inherited from federal
us-nc,SSI-F-POMS-SI-02200,federal,manual,EXTRACTABLE,,,no,inherited from federal
us-nd,SSI-F-POMS-SI-02200,federal,manual,EXTRACTABLE,,,no,inherited from federal
us-ne,SSI-F-POMS-SI-02200,federal,manual,EXTRACTABLE,,,no,inherited from federal
us-nh,SSI-F-POMS-SI-02200,federal,manual,EXTRACTABLE,,,no,inherited from federal
us-nj,SSI-F-POMS-SI-02200,federal,manual,EXTRACTABLE,,,no,inherited from federal
us-nm,SSI-F-POMS-SI-02200,federal,manual,EXTRACTABLE,,,no,inherited from federal
us-nv,SSI-F-POMS-SI-02200,federal,manual,EXTRACTABLE,,,no,inherited from federal
us-ny,SSI-F-POMS-SI-02200,federal,manual,EXTRACTABLE,,,no,inherited from federal
us-oh,SSI-F-POMS-SI-02200,federal,manual,EXTRACTABLE,,,no,inherited from federal
us-ok,SSI-F-POMS-SI-02200,federal,manual,EXTRACTABLE,,,no,inherited from federal
us-or,SSI-F-POMS-SI-02200,federal,manual,EXTRACTABLE,,,no,inherited from federal
us-pa,SSI-F-POMS-SI-02200,federal,manual,EXTRACTABLE,,,no,inherited from federal
us-ri,SSI-F-POMS-SI-02200,federal,manual,EXTRACTABLE,,,no,inherited from federal
us-sc,SSI-F-POMS-SI-02200,federal,manual,EXTRACTABLE,,,no,inherited from federal
us-sd,SSI-F-POMS-SI-02200,federal,manual,EXTRACTABLE,,,no,inherited from federal
us-tn,SSI-F-POMS-SI-02200,federal,manual,EXTRACTABLE,,,no,inherited from federal
us-tx,SSI-F-POMS-SI-02200,federal,manual,EXTRACTABLE,,,no,inherited from federal
us-ut,SSI-F-POMS-SI-02200,federal,manual,EXTRACTABLE,,,no,inherited from federal
us-va,SSI-F-POMS-SI-02200,federal,manual,EXTRACTABLE,,,no,inherited from federal
us-vt,SSI-F-POMS-SI-02200,federal,manual,EXTRACTABLE,,,no,inherited from federal
us-wa,SSI-F-POMS-SI-02200,federal,manual,EXTRACTABLE,,,no,inherited from federal
us-wi,SSI-F-POMS-SI-02200,federal,manual,EXTRACTABLE,,,no,inherited from federal
us-wv,SSI-F-POMS-SI-02200,federal,manual,EXTRACTABLE,,,no,inherited from federal
us-wy,SSI-F-POMS-SI-02200,federal,manual,EXTRACTABLE,,,no,inherited from federal
us,SSI-F-POMS-SI-02201,federal,manual,EXTRACTABLE,,,no,"listed on https://secure.ssa.gov/apps10/poms.nsf/subchapterlist!openview&restricttocategory=05022 (10 sections); not taken (run note 2026-09-10-ssi-poms-si, judgment 1)"
us-ak,SSI-F-POMS-SI-02201,federal,manual,EXTRACTABLE,,,no,inherited from federal
us-al,SSI-F-POMS-SI-02201,federal,manual,EXTRACTABLE,,,no,inherited from federal
us-ar,SSI-F-POMS-SI-02201,federal,manual,EXTRACTABLE,,,no,inherited from federal
us-az,SSI-F-POMS-SI-02201,federal,manual,EXTRACTABLE,,,no,inherited from federal
us-ca,SSI-F-POMS-SI-02201,federal,manual,EXTRACTABLE,,,no,inherited from federal
us-co,SSI-F-POMS-SI-02201,federal,manual,EXTRACTABLE,,,no,inherited from federal
us-ct,SSI-F-POMS-SI-02201,federal,manual,EXTRACTABLE,,,no,inherited from federal
us-dc,SSI-F-POMS-SI-02201,federal,manual,EXTRACTABLE,,,no,inherited from federal
us-de,SSI-F-POMS-SI-02201,federal,manual,EXTRACTABLE,,,no,inherited from federal
us-fl,SSI-F-POMS-SI-02201,federal,manual,EXTRACTABLE,,,no,inherited from federal
us-ga,SSI-F-POMS-SI-02201,federal,manual,EXTRACTABLE,,,no,inherited from federal
us-hi,SSI-F-POMS-SI-02201,federal,manual,EXTRACTABLE,,,no,inherited from federal
us-ia,SSI-F-POMS-SI-02201,federal,manual,EXTRACTABLE,,,no,inherited from federal
us-id,SSI-F-POMS-SI-02201,federal,manual,EXTRACTABLE,,,no,inherited from federal
us-il,SSI-F-POMS-SI-02201,federal,manual,EXTRACTABLE,,,no,inherited from federal
us-in,SSI-F-POMS-SI-02201,federal,manual,EXTRACTABLE,,,no,inherited from federal
us-ks,SSI-F-POMS-SI-02201,federal,manual,EXTRACTABLE,,,no,inherited from federal
us-ky,SSI-F-POMS-SI-02201,federal,manual,EXTRACTABLE,,,no,inherited from federal
us-la,SSI-F-POMS-SI-02201,federal,manual,EXTRACTABLE,,,no,inherited from federal
us-ma,SSI-F-POMS-SI-02201,federal,manual,EXTRACTABLE,,,no,inherited from federal
us-md,SSI-F-POMS-SI-02201,federal,manual,EXTRACTABLE,,,no,inherited from federal
us-me,SSI-F-POMS-SI-02201,federal,manual,EXTRACTABLE,,,no,inherited from federal
us-mi,SSI-F-POMS-SI-02201,federal,manual,EXTRACTABLE,,,no,inherited from federal
us-mn,SSI-F-POMS-SI-02201,federal,manual,EXTRACTABLE,,,no,inherited from federal
us-mo,SSI-F-POMS-SI-02201,federal,manual,EXTRACTABLE,,,no,inherited from federal
us-ms,SSI-F-POMS-SI-02201,federal,manual,EXTRACTABLE,,,no,inherited from federal
us-mt,SSI-F-POMS-SI-02201,federal,manual,EXTRACTABLE,,,no,inherited from federal
us-nc,SSI-F-POMS-SI-02201,federal,manual,EXTRACTABLE,,,no,inherited from federal
us-nd,SSI-F-POMS-SI-02201,federal,manual,EXTRACTABLE,,,no,inherited from federal
us-ne,SSI-F-POMS-SI-02201,federal,manual,EXTRACTABLE,,,no,inherited from federal
us-nh,SSI-F-POMS-SI-02201,federal,manual,EXTRACTABLE,,,no,inherited from federal
us-nj,SSI-F-POMS-SI-02201,federal,manual,EXTRACTABLE,,,no,inherited from federal
us-nm,SSI-F-POMS-SI-02201,federal,manual,EXTRACTABLE,,,no,inherited from federal
us-nv,SSI-F-POMS-SI-02201,federal,manual,EXTRACTABLE,,,no,inherited from federal
us-ny,SSI-F-POMS-SI-02201,federal,manual,EXTRACTABLE,,,no,inherited from federal
us-oh,SSI-F-POMS-SI-02201,federal,manual,EXTRACTABLE,,,no,inherited from federal
us-ok,SSI-F-POMS-SI-02201,federal,manual,EXTRACTABLE,,,no,inherited from federal
us-or,SSI-F-POMS-SI-02201,federal,manual,EXTRACTABLE,,,no,inherited from federal
us-pa,SSI-F-POMS-SI-02201,federal,manual,EXTRACTABLE,,,no,inherited from federal
us-ri,SSI-F-POMS-SI-02201,federal,manual,EXTRACTABLE,,,no,inherited from federal
us-sc,SSI-F-POMS-SI-02201,federal,manual,EXTRACTABLE,,,no,inherited from federal
us-sd,SSI-F-POMS-SI-02201,federal,manual,EXTRACTABLE,,,no,inherited from federal
us-tn,SSI-F-POMS-SI-02201,federal,manual,EXTRACTABLE,,,no,inherited from federal
us-tx,SSI-F-POMS-SI-02201,federal,manual,EXTRACTABLE,,,no,inherited from federal
us-ut,SSI-F-POMS-SI-02201,federal,manual,EXTRACTABLE,,,no,inherited from federal
us-va,SSI-F-POMS-SI-02201,federal,manual,EXTRACTABLE,,,no,inherited from federal
us-vt,SSI-F-POMS-SI-02201,federal,manual,EXTRACTABLE,,,no,inherited from federal
us-wa,SSI-F-POMS-SI-02201,federal,manual,EXTRACTABLE,,,no,inherited from federal
us-wi,SSI-F-POMS-SI-02201,federal,manual,EXTRACTABLE,,,no,inherited from federal
us-wv,SSI-F-POMS-SI-02201,federal,manual,EXTRACTABLE,,,no,inherited from federal
us-wy,SSI-F-POMS-SI-02201,federal,manual,EXTRACTABLE,,,no,inherited from federal
us,SSI-F-POMS-SI-02205,federal,manual,EXTRACTABLE,,,no,"listed on https://secure.ssa.gov/apps10/poms.nsf/subchapterlist!openview&restricttocategory=05022 (3 sections); not taken (run note 2026-09-10-ssi-poms-si, judgment 1)"
us-ak,SSI-F-POMS-SI-02205,federal,manual,EXTRACTABLE,,,no,inherited from federal
us-al,SSI-F-POMS-SI-02205,federal,manual,EXTRACTABLE,,,no,inherited from federal
us-ar,SSI-F-POMS-SI-02205,federal,manual,EXTRACTABLE,,,no,inherited from federal
us-az,SSI-F-POMS-SI-02205,federal,manual,EXTRACTABLE,,,no,inherited from federal
us-ca,SSI-F-POMS-SI-02205,federal,manual,EXTRACTABLE,,,no,inherited from federal
us-co,SSI-F-POMS-SI-02205,federal,manual,EXTRACTABLE,,,no,inherited from federal
us-ct,SSI-F-POMS-SI-02205,federal,manual,EXTRACTABLE,,,no,inherited from federal
us-dc,SSI-F-POMS-SI-02205,federal,manual,EXTRACTABLE,,,no,inherited from federal
us-de,SSI-F-POMS-SI-02205,federal,manual,EXTRACTABLE,,,no,inherited from federal
us-fl,SSI-F-POMS-SI-02205,federal,manual,EXTRACTABLE,,,no,inherited from federal
us-ga,SSI-F-POMS-SI-02205,federal,manual,EXTRACTABLE,,,no,inherited from federal
us-hi,SSI-F-POMS-SI-02205,federal,manual,EXTRACTABLE,,,no,inherited from federal
us-ia,SSI-F-POMS-SI-02205,federal,manual,EXTRACTABLE,,,no,inherited from federal
us-id,SSI-F-POMS-SI-02205,federal,manual,EXTRACTABLE,,,no,inherited from federal
us-il,SSI-F-POMS-SI-02205,federal,manual,EXTRACTABLE,,,no,inherited from federal
us-in,SSI-F-POMS-SI-02205,federal,manual,EXTRACTABLE,,,no,inherited from federal
us-ks,SSI-F-POMS-SI-02205,federal,manual,EXTRACTABLE,,,no,inherited from federal
us-ky,SSI-F-POMS-SI-02205,federal,manual,EXTRACTABLE,,,no,inherited from federal
us-la,SSI-F-POMS-SI-02205,federal,manual,EXTRACTABLE,,,no,inherited from federal
us-ma,SSI-F-POMS-SI-02205,federal,manual,EXTRACTABLE,,,no,inherited from federal
us-md,SSI-F-POMS-SI-02205,federal,manual,EXTRACTABLE,,,no,inherited from federal
us-me,SSI-F-POMS-SI-02205,federal,manual,EXTRACTABLE,,,no,inherited from federal
us-mi,SSI-F-POMS-SI-02205,federal,manual,EXTRACTABLE,,,no,inherited from federal
us-mn,SSI-F-POMS-SI-02205,federal,manual,EXTRACTABLE,,,no,inherited from federal
us-mo,SSI-F-POMS-SI-02205,federal,manual,EXTRACTABLE,,,no,inherited from federal
us-ms,SSI-F-POMS-SI-02205,federal,manual,EXTRACTABLE,,,no,inherited from federal
us-mt,SSI-F-POMS-SI-02205,federal,manual,EXTRACTABLE,,,no,inherited from federal
us-nc,SSI-F-POMS-SI-02205,federal,manual,EXTRACTABLE,,,no,inherited from federal
us-nd,SSI-F-POMS-SI-02205,federal,manual,EXTRACTABLE,,,no,inherited from federal
us-ne,SSI-F-POMS-SI-02205,federal,manual,EXTRACTABLE,,,no,inherited from federal
us-nh,SSI-F-POMS-SI-02205,federal,manual,EXTRACTABLE,,,no,inherited from federal
us-nj,SSI-F-POMS-SI-02205,federal,manual,EXTRACTABLE,,,no,inherited from federal
us-nm,SSI-F-POMS-SI-02205,federal,manual,EXTRACTABLE,,,no,inherited from federal
us-nv,SSI-F-POMS-SI-02205,federal,manual,EXTRACTABLE,,,no,inherited from federal
us-ny,SSI-F-POMS-SI-02205,federal,manual,EXTRACTABLE,,,no,inherited from federal
us-oh,SSI-F-POMS-SI-02205,federal,manual,EXTRACTABLE,,,no,inherited from federal
us-ok,SSI-F-POMS-SI-02205,federal,manual,EXTRACTABLE,,,no,inherited from federal
us-or,SSI-F-POMS-SI-02205,federal,manual,EXTRACTABLE,,,no,inherited from federal
us-pa,SSI-F-POMS-SI-02205,federal,manual,EXTRACTABLE,,,no,inherited from federal
us-ri,SSI-F-POMS-SI-02205,federal,manual,EXTRACTABLE,,,no,inherited from federal
us-sc,SSI-F-POMS-SI-02205,federal,manual,EXTRACTABLE,,,no,inherited from federal
us-sd,SSI-F-POMS-SI-02205,federal,manual,EXTRACTABLE,,,no,inherited from federal
us-tn,SSI-F-POMS-SI-02205,federal,manual,EXTRACTABLE,,,no,inherited from federal
us-tx,SSI-F-POMS-SI-02205,federal,manual,EXTRACTABLE,,,no,inherited from federal
us-ut,SSI-F-POMS-SI-02205,federal,manual,EXTRACTABLE,,,no,inherited from federal
us-va,SSI-F-POMS-SI-02205,federal,manual,EXTRACTABLE,,,no,inherited from federal
us-vt,SSI-F-POMS-SI-02205,federal,manual,EXTRACTABLE,,,no,inherited from federal
us-wa,SSI-F-POMS-SI-02205,federal,manual,EXTRACTABLE,,,no,inherited from federal
us-wi,SSI-F-POMS-SI-02205,federal,manual,EXTRACTABLE,,,no,inherited from federal
us-wv,SSI-F-POMS-SI-02205,federal,manual,EXTRACTABLE,,,no,inherited from federal
us-wy,SSI-F-POMS-SI-02205,federal,manual,EXTRACTABLE,,,no,inherited from federal
us,SSI-F-POMS-SI-02220,federal,manual,EXTRACTABLE,,,no,"listed on https://secure.ssa.gov/apps10/poms.nsf/subchapterlist!openview&restricttocategory=05022 (40 sections); not taken (run note 2026-09-10-ssi-poms-si, judgment 1)"
us-ak,SSI-F-POMS-SI-02220,federal,manual,EXTRACTABLE,,,no,inherited from federal
us-al,SSI-F-POMS-SI-02220,federal,manual,EXTRACTABLE,,,no,inherited from federal
us-ar,SSI-F-POMS-SI-02220,federal,manual,EXTRACTABLE,,,no,inherited from federal
us-az,SSI-F-POMS-SI-02220,federal,manual,EXTRACTABLE,,,no,inherited from federal
us-ca,SSI-F-POMS-SI-02220,federal,manual,EXTRACTABLE,,,no,inherited from federal
us-co,SSI-F-POMS-SI-02220,federal,manual,EXTRACTABLE,,,no,inherited from federal
us-ct,SSI-F-POMS-SI-02220,federal,manual,EXTRACTABLE,,,no,inherited from federal
us-dc,SSI-F-POMS-SI-02220,federal,manual,EXTRACTABLE,,,no,inherited from federal
us-de,SSI-F-POMS-SI-02220,federal,manual,EXTRACTABLE,,,no,inherited from federal
us-fl,SSI-F-POMS-SI-02220,federal,manual,EXTRACTABLE,,,no,inherited from federal
us-ga,SSI-F-POMS-SI-02220,federal,manual,EXTRACTABLE,,,no,inherited from federal
us-hi,SSI-F-POMS-SI-02220,federal,manual,EXTRACTABLE,,,no,inherited from federal
us-ia,SSI-F-POMS-SI-02220,federal,manual,EXTRACTABLE,,,no,inherited from federal
us-id,SSI-F-POMS-SI-02220,federal,manual,EXTRACTABLE,,,no,inherited from federal
us-il,SSI-F-POMS-SI-02220,federal,manual,EXTRACTABLE,,,no,inherited from federal
us-in,SSI-F-POMS-SI-02220,federal,manual,EXTRACTABLE,,,no,inherited from federal
us-ks,SSI-F-POMS-SI-02220,federal,manual,EXTRACTABLE,,,no,inherited from federal
us-ky,SSI-F-POMS-SI-02220,federal,manual,EXTRACTABLE,,,no,inherited from federal
us-la,SSI-F-POMS-SI-02220,federal,manual,EXTRACTABLE,,,no,inherited from federal
us-ma,SSI-F-POMS-SI-02220,federal,manual,EXTRACTABLE,,,no,inherited from federal
us-md,SSI-F-POMS-SI-02220,federal,manual,EXTRACTABLE,,,no,inherited from federal
us-me,SSI-F-POMS-SI-02220,federal,manual,EXTRACTABLE,,,no,inherited from federal
us-mi,SSI-F-POMS-SI-02220,federal,manual,EXTRACTABLE,,,no,inherited from federal
us-mn,SSI-F-POMS-SI-02220,federal,manual,EXTRACTABLE,,,no,inherited from federal
us-mo,SSI-F-POMS-SI-02220,federal,manual,EXTRACTABLE,,,no,inherited from federal
us-ms,SSI-F-POMS-SI-02220,federal,manual,EXTRACTABLE,,,no,inherited from federal
us-mt,SSI-F-POMS-SI-02220,federal,manual,EXTRACTABLE,,,no,inherited from federal
us-nc,SSI-F-POMS-SI-02220,federal,manual,EXTRACTABLE,,,no,inherited from federal
us-nd,SSI-F-POMS-SI-02220,federal,manual,EXTRACTABLE,,,no,inherited from federal
us-ne,SSI-F-POMS-SI-02220,federal,manual,EXTRACTABLE,,,no,inherited from federal
us-nh,SSI-F-POMS-SI-02220,federal,manual,EXTRACTABLE,,,no,inherited from federal
us-nj,SSI-F-POMS-SI-02220,federal,manual,EXTRACTABLE,,,no,inherited from federal
us-nm,SSI-F-POMS-SI-02220,federal,manual,EXTRACTABLE,,,no,inherited from federal
us-nv,SSI-F-POMS-SI-02220,federal,manual,EXTRACTABLE,,,no,inherited from federal
us-ny,SSI-F-POMS-SI-02220,federal,manual,EXTRACTABLE,,,no,inherited from federal
us-oh,SSI-F-POMS-SI-02220,federal,manual,EXTRACTABLE,,,no,inherited from federal
us-ok,SSI-F-POMS-SI-02220,federal,manual,EXTRACTABLE,,,no,inherited from federal
us-or,SSI-F-POMS-SI-02220,federal,manual,EXTRACTABLE,,,no,inherited from federal
us-pa,SSI-F-POMS-SI-02220,federal,manual,EXTRACTABLE,,,no,inherited from federal
us-ri,SSI-F-POMS-SI-02220,federal,manual,EXTRACTABLE,,,no,inherited from federal
us-sc,SSI-F-POMS-SI-02220,federal,manual,EXTRACTABLE,,,no,inherited from federal
us-sd,SSI-F-POMS-SI-02220,federal,manual,EXTRACTABLE,,,no,inherited from federal
us-tn,SSI-F-POMS-SI-02220,federal,manual,EXTRACTABLE,,,no,inherited from federal
us-tx,SSI-F-POMS-SI-02220,federal,manual,EXTRACTABLE,,,no,inherited from federal
us-ut,SSI-F-POMS-SI-02220,federal,manual,EXTRACTABLE,,,no,inherited from federal
us-va,SSI-F-POMS-SI-02220,federal,manual,EXTRACTABLE,,,no,inherited from federal
us-vt,SSI-F-POMS-SI-02220,federal,manual,EXTRACTABLE,,,no,inherited from federal
us-wa,SSI-F-POMS-SI-02220,federal,manual,EXTRACTABLE,,,no,inherited from federal
us-wi,SSI-F-POMS-SI-02220,federal,manual,EXTRACTABLE,,,no,inherited from federal
us-wv,SSI-F-POMS-SI-02220,federal,manual,EXTRACTABLE,,,no,inherited from federal
us-wy,SSI-F-POMS-SI-02220,federal,manual,EXTRACTABLE,,,no,inherited from federal
us,SSI-F-POMS-SI-02300,federal,manual,EXTRACTABLE,,,no,"listed on https://secure.ssa.gov/apps10/poms.nsf/subchapterlist!openview&restricttocategory=05023 (1 sections); not taken (run note 2026-09-10-ssi-poms-si, judgment 1)"
us-ak,SSI-F-POMS-SI-02300,federal,manual,EXTRACTABLE,,,no,inherited from federal
us-al,SSI-F-POMS-SI-02300,federal,manual,EXTRACTABLE,,,no,inherited from federal
us-ar,SSI-F-POMS-SI-02300,federal,manual,EXTRACTABLE,,,no,inherited from federal
us-az,SSI-F-POMS-SI-02300,federal,manual,EXTRACTABLE,,,no,inherited from federal
us-ca,SSI-F-POMS-SI-02300,federal,manual,EXTRACTABLE,,,no,inherited from federal
us-co,SSI-F-POMS-SI-02300,federal,manual,EXTRACTABLE,,,no,inherited from federal
us-ct,SSI-F-POMS-SI-02300,federal,manual,EXTRACTABLE,,,no,inherited from federal
us-dc,SSI-F-POMS-SI-02300,federal,manual,EXTRACTABLE,,,no,inherited from federal
us-de,SSI-F-POMS-SI-02300,federal,manual,EXTRACTABLE,,,no,inherited from federal
us-fl,SSI-F-POMS-SI-02300,federal,manual,EXTRACTABLE,,,no,inherited from federal
us-ga,SSI-F-POMS-SI-02300,federal,manual,EXTRACTABLE,,,no,inherited from federal
us-hi,SSI-F-POMS-SI-02300,federal,manual,EXTRACTABLE,,,no,inherited from federal
us-ia,SSI-F-POMS-SI-02300,federal,manual,EXTRACTABLE,,,no,inherited from federal
us-id,SSI-F-POMS-SI-02300,federal,manual,EXTRACTABLE,,,no,inherited from federal
us-il,SSI-F-POMS-SI-02300,federal,manual,EXTRACTABLE,,,no,inherited from federal
us-in,SSI-F-POMS-SI-02300,federal,manual,EXTRACTABLE,,,no,inherited from federal
us-ks,SSI-F-POMS-SI-02300,federal,manual,EXTRACTABLE,,,no,inherited from federal
us-ky,SSI-F-POMS-SI-02300,federal,manual,EXTRACTABLE,,,no,inherited from federal
us-la,SSI-F-POMS-SI-02300,federal,manual,EXTRACTABLE,,,no,inherited from federal
us-ma,SSI-F-POMS-SI-02300,federal,manual,EXTRACTABLE,,,no,inherited from federal
us-md,SSI-F-POMS-SI-02300,federal,manual,EXTRACTABLE,,,no,inherited from federal
us-me,SSI-F-POMS-SI-02300,federal,manual,EXTRACTABLE,,,no,inherited from federal
us-mi,SSI-F-POMS-SI-02300,federal,manual,EXTRACTABLE,,,no,inherited from federal
us-mn,SSI-F-POMS-SI-02300,federal,manual,EXTRACTABLE,,,no,inherited from federal
us-mo,SSI-F-POMS-SI-02300,federal,manual,EXTRACTABLE,,,no,inherited from federal
us-ms,SSI-F-POMS-SI-02300,federal,manual,EXTRACTABLE,,,no,inherited from federal
us-mt,SSI-F-POMS-SI-02300,federal,manual,EXTRACTABLE,,,no,inherited from federal
us-nc,SSI-F-POMS-SI-02300,federal,manual,EXTRACTABLE,,,no,inherited from federal
us-nd,SSI-F-POMS-SI-02300,federal,manual,EXTRACTABLE,,,no,inherited from federal
us-ne,SSI-F-POMS-SI-02300,federal,manual,EXTRACTABLE,,,no,inherited from federal
us-nh,SSI-F-POMS-SI-02300,federal,manual,EXTRACTABLE,,,no,inherited from federal
us-nj,SSI-F-POMS-SI-02300,federal,manual,EXTRACTABLE,,,no,inherited from federal
us-nm,SSI-F-POMS-SI-02300,federal,manual,EXTRACTABLE,,,no,inherited from federal
us-nv,SSI-F-POMS-SI-02300,federal,manual,EXTRACTABLE,,,no,inherited from federal
us-ny,SSI-F-POMS-SI-02300,federal,manual,EXTRACTABLE,,,no,inherited from federal
us-oh,SSI-F-POMS-SI-02300,federal,manual,EXTRACTABLE,,,no,inherited from federal
us-ok,SSI-F-POMS-SI-02300,federal,manual,EXTRACTABLE,,,no,inherited from federal
us-or,SSI-F-POMS-SI-02300,federal,manual,EXTRACTABLE,,,no,inherited from federal
us-pa,SSI-F-POMS-SI-02300,federal,manual,EXTRACTABLE,,,no,inherited from federal
us-ri,SSI-F-POMS-SI-02300,federal,manual,EXTRACTABLE,,,no,inherited from federal
us-sc,SSI-F-POMS-SI-02300,federal,manual,EXTRACTABLE,,,no,inherited from federal
us-sd,SSI-F-POMS-SI-02300,federal,manual,EXTRACTABLE,,,no,inherited from federal
us-tn,SSI-F-POMS-SI-02300,federal,manual,EXTRACTABLE,,,no,inherited from federal
us-tx,SSI-F-POMS-SI-02300,federal,manual,EXTRACTABLE,,,no,inherited from federal
us-ut,SSI-F-POMS-SI-02300,federal,manual,EXTRACTABLE,,,no,inherited from federal
us-va,SSI-F-POMS-SI-02300,federal,manual,EXTRACTABLE,,,no,inherited from federal
us-vt,SSI-F-POMS-SI-02300,federal,manual,EXTRACTABLE,,,no,inherited from federal
us-wa,SSI-F-POMS-SI-02300,federal,manual,EXTRACTABLE,,,no,inherited from federal
us-wi,SSI-F-POMS-SI-02300,federal,manual,EXTRACTABLE,,,no,inherited from federal
us-wv,SSI-F-POMS-SI-02300,federal,manual,EXTRACTABLE,,,no,inherited from federal
us-wy,SSI-F-POMS-SI-02300,federal,manual,EXTRACTABLE,,,no,inherited from federal
us,SSI-F-POMS-SI-02301,federal,manual,EXTRACTABLE,,,no,"listed on https://secure.ssa.gov/apps10/poms.nsf/subchapterlist!openview&restricttocategory=05023 (30 sections); not taken (run note 2026-09-10-ssi-poms-si, judgment 1)"
us-ak,SSI-F-POMS-SI-02301,federal,manual,EXTRACTABLE,,,no,inherited from federal
us-al,SSI-F-POMS-SI-02301,federal,manual,EXTRACTABLE,,,no,inherited from federal
us-ar,SSI-F-POMS-SI-02301,federal,manual,EXTRACTABLE,,,no,inherited from federal
us-az,SSI-F-POMS-SI-02301,federal,manual,EXTRACTABLE,,,no,inherited from federal
us-ca,SSI-F-POMS-SI-02301,federal,manual,EXTRACTABLE,,,no,inherited from federal
us-co,SSI-F-POMS-SI-02301,federal,manual,EXTRACTABLE,,,no,inherited from federal
us-ct,SSI-F-POMS-SI-02301,federal,manual,EXTRACTABLE,,,no,inherited from federal
us-dc,SSI-F-POMS-SI-02301,federal,manual,EXTRACTABLE,,,no,inherited from federal
us-de,SSI-F-POMS-SI-02301,federal,manual,EXTRACTABLE,,,no,inherited from federal
us-fl,SSI-F-POMS-SI-02301,federal,manual,EXTRACTABLE,,,no,inherited from federal
us-ga,SSI-F-POMS-SI-02301,federal,manual,EXTRACTABLE,,,no,inherited from federal
us-hi,SSI-F-POMS-SI-02301,federal,manual,EXTRACTABLE,,,no,inherited from federal
us-ia,SSI-F-POMS-SI-02301,federal,manual,EXTRACTABLE,,,no,inherited from federal
us-id,SSI-F-POMS-SI-02301,federal,manual,EXTRACTABLE,,,no,inherited from federal
us-il,SSI-F-POMS-SI-02301,federal,manual,EXTRACTABLE,,,no,inherited from federal
us-in,SSI-F-POMS-SI-02301,federal,manual,EXTRACTABLE,,,no,inherited from federal
us-ks,SSI-F-POMS-SI-02301,federal,manual,EXTRACTABLE,,,no,inherited from federal
us-ky,SSI-F-POMS-SI-02301,federal,manual,EXTRACTABLE,,,no,inherited from federal
us-la,SSI-F-POMS-SI-02301,federal,manual,EXTRACTABLE,,,no,inherited from federal
us-ma,SSI-F-POMS-SI-02301,federal,manual,EXTRACTABLE,,,no,inherited from federal
us-md,SSI-F-POMS-SI-02301,federal,manual,EXTRACTABLE,,,no,inherited from federal
us-me,SSI-F-POMS-SI-02301,federal,manual,EXTRACTABLE,,,no,inherited from federal
us-mi,SSI-F-POMS-SI-02301,federal,manual,EXTRACTABLE,,,no,inherited from federal
us-mn,SSI-F-POMS-SI-02301,federal,manual,EXTRACTABLE,,,no,inherited from federal
us-mo,SSI-F-POMS-SI-02301,federal,manual,EXTRACTABLE,,,no,inherited from federal
us-ms,SSI-F-POMS-SI-02301,federal,manual,EXTRACTABLE,,,no,inherited from federal
us-mt,SSI-F-POMS-SI-02301,federal,manual,EXTRACTABLE,,,no,inherited from federal
us-nc,SSI-F-POMS-SI-02301,federal,manual,EXTRACTABLE,,,no,inherited from federal
us-nd,SSI-F-POMS-SI-02301,federal,manual,EXTRACTABLE,,,no,inherited from federal
us-ne,SSI-F-POMS-SI-02301,federal,manual,EXTRACTABLE,,,no,inherited from federal
us-nh,SSI-F-POMS-SI-02301,federal,manual,EXTRACTABLE,,,no,inherited from federal
us-nj,SSI-F-POMS-SI-02301,federal,manual,EXTRACTABLE,,,no,inherited from federal
us-nm,SSI-F-POMS-SI-02301,federal,manual,EXTRACTABLE,,,no,inherited from federal
us-nv,SSI-F-POMS-SI-02301,federal,manual,EXTRACTABLE,,,no,inherited from federal
us-ny,SSI-F-POMS-SI-02301,federal,manual,EXTRACTABLE,,,no,inherited from federal
us-oh,SSI-F-POMS-SI-02301,federal,manual,EXTRACTABLE,,,no,inherited from federal
us-ok,SSI-F-POMS-SI-02301,federal,manual,EXTRACTABLE,,,no,inherited from federal
us-or,SSI-F-POMS-SI-02301,federal,manual,EXTRACTABLE,,,no,inherited from federal
us-pa,SSI-F-POMS-SI-02301,federal,manual,EXTRACTABLE,,,no,inherited from federal
us-ri,SSI-F-POMS-SI-02301,federal,manual,EXTRACTABLE,,,no,inherited from federal
us-sc,SSI-F-POMS-SI-02301,federal,manual,EXTRACTABLE,,,no,inherited from federal
us-sd,SSI-F-POMS-SI-02301,federal,manual,EXTRACTABLE,,,no,inherited from federal
us-tn,SSI-F-POMS-SI-02301,federal,manual,EXTRACTABLE,,,no,inherited from federal
us-tx,SSI-F-POMS-SI-02301,federal,manual,EXTRACTABLE,,,no,inherited from federal
us-ut,SSI-F-POMS-SI-02301,federal,manual,EXTRACTABLE,,,no,inherited from federal
us-va,SSI-F-POMS-SI-02301,federal,manual,EXTRACTABLE,,,no,inherited from federal
us-vt,SSI-F-POMS-SI-02301,federal,manual,EXTRACTABLE,,,no,inherited from federal
us-wa,SSI-F-POMS-SI-02301,federal,manual,EXTRACTABLE,,,no,inherited from federal
us-wi,SSI-F-POMS-SI-02301,federal,manual,EXTRACTABLE,,,no,inherited from federal
us-wv,SSI-F-POMS-SI-02301,federal,manual,EXTRACTABLE,,,no,inherited from federal
us-wy,SSI-F-POMS-SI-02301,federal,manual,EXTRACTABLE,,,no,inherited from federal
us,SSI-F-POMS-SI-02302,federal,manual,EXTRACTABLE,,,no,"listed on https://secure.ssa.gov/apps10/poms.nsf/subchapterlist!openview&restricttocategory=05023 (17 sections); not taken (run note 2026-09-10-ssi-poms-si, judgment 1)"
us-ak,SSI-F-POMS-SI-02302,federal,manual,EXTRACTABLE,,,no,inherited from federal
us-al,SSI-F-POMS-SI-02302,federal,manual,EXTRACTABLE,,,no,inherited from federal
us-ar,SSI-F-POMS-SI-02302,federal,manual,EXTRACTABLE,,,no,inherited from federal
us-az,SSI-F-POMS-SI-02302,federal,manual,EXTRACTABLE,,,no,inherited from federal
us-ca,SSI-F-POMS-SI-02302,federal,manual,EXTRACTABLE,,,no,inherited from federal
us-co,SSI-F-POMS-SI-02302,federal,manual,EXTRACTABLE,,,no,inherited from federal
us-ct,SSI-F-POMS-SI-02302,federal,manual,EXTRACTABLE,,,no,inherited from federal
us-dc,SSI-F-POMS-SI-02302,federal,manual,EXTRACTABLE,,,no,inherited from federal
us-de,SSI-F-POMS-SI-02302,federal,manual,EXTRACTABLE,,,no,inherited from federal
us-fl,SSI-F-POMS-SI-02302,federal,manual,EXTRACTABLE,,,no,inherited from federal
us-ga,SSI-F-POMS-SI-02302,federal,manual,EXTRACTABLE,,,no,inherited from federal
us-hi,SSI-F-POMS-SI-02302,federal,manual,EXTRACTABLE,,,no,inherited from federal
us-ia,SSI-F-POMS-SI-02302,federal,manual,EXTRACTABLE,,,no,inherited from federal
us-id,SSI-F-POMS-SI-02302,federal,manual,EXTRACTABLE,,,no,inherited from federal
us-il,SSI-F-POMS-SI-02302,federal,manual,EXTRACTABLE,,,no,inherited from federal
us-in,SSI-F-POMS-SI-02302,federal,manual,EXTRACTABLE,,,no,inherited from federal
us-ks,SSI-F-POMS-SI-02302,federal,manual,EXTRACTABLE,,,no,inherited from federal
us-ky,SSI-F-POMS-SI-02302,federal,manual,EXTRACTABLE,,,no,inherited from federal
us-la,SSI-F-POMS-SI-02302,federal,manual,EXTRACTABLE,,,no,inherited from federal
us-ma,SSI-F-POMS-SI-02302,federal,manual,EXTRACTABLE,,,no,inherited from federal
us-md,SSI-F-POMS-SI-02302,federal,manual,EXTRACTABLE,,,no,inherited from federal
us-me,SSI-F-POMS-SI-02302,federal,manual,EXTRACTABLE,,,no,inherited from federal
us-mi,SSI-F-POMS-SI-02302,federal,manual,EXTRACTABLE,,,no,inherited from federal
us-mn,SSI-F-POMS-SI-02302,federal,manual,EXTRACTABLE,,,no,inherited from federal
us-mo,SSI-F-POMS-SI-02302,federal,manual,EXTRACTABLE,,,no,inherited from federal
us-ms,SSI-F-POMS-SI-02302,federal,manual,EXTRACTABLE,,,no,inherited from federal
us-mt,SSI-F-POMS-SI-02302,federal,manual,EXTRACTABLE,,,no,inherited from federal
us-nc,SSI-F-POMS-SI-02302,federal,manual,EXTRACTABLE,,,no,inherited from federal
us-nd,SSI-F-POMS-SI-02302,federal,manual,EXTRACTABLE,,,no,inherited from federal
us-ne,SSI-F-POMS-SI-02302,federal,manual,EXTRACTABLE,,,no,inherited from federal
us-nh,SSI-F-POMS-SI-02302,federal,manual,EXTRACTABLE,,,no,inherited from federal
us-nj,SSI-F-POMS-SI-02302,federal,manual,EXTRACTABLE,,,no,inherited from federal
us-nm,SSI-F-POMS-SI-02302,federal,manual,EXTRACTABLE,,,no,inherited from federal
us-nv,SSI-F-POMS-SI-02302,federal,manual,EXTRACTABLE,,,no,inherited from federal
us-ny,SSI-F-POMS-SI-02302,federal,manual,EXTRACTABLE,,,no,inherited from federal
us-oh,SSI-F-POMS-SI-02302,federal,manual,EXTRACTABLE,,,no,inherited from federal
us-ok,SSI-F-POMS-SI-02302,federal,manual,EXTRACTABLE,,,no,inherited from federal
us-or,SSI-F-POMS-SI-02302,federal,manual,EXTRACTABLE,,,no,inherited from federal
us-pa,SSI-F-POMS-SI-02302,federal,manual,EXTRACTABLE,,,no,inherited from federal
us-ri,SSI-F-POMS-SI-02302,federal,manual,EXTRACTABLE,,,no,inherited from federal
us-sc,SSI-F-POMS-SI-02302,federal,manual,EXTRACTABLE,,,no,inherited from federal
us-sd,SSI-F-POMS-SI-02302,federal,manual,EXTRACTABLE,,,no,inherited from federal
us-tn,SSI-F-POMS-SI-02302,federal,manual,EXTRACTABLE,,,no,inherited from federal
us-tx,SSI-F-POMS-SI-02302,federal,manual,EXTRACTABLE,,,no,inherited from federal
us-ut,SSI-F-POMS-SI-02302,federal,manual,EXTRACTABLE,,,no,inherited from federal
us-va,SSI-F-POMS-SI-02302,federal,manual,EXTRACTABLE,,,no,inherited from federal
us-vt,SSI-F-POMS-SI-02302,federal,manual,EXTRACTABLE,,,no,inherited from federal
us-wa,SSI-F-POMS-SI-02302,federal,manual,EXTRACTABLE,,,no,inherited from federal
us-wi,SSI-F-POMS-SI-02302,federal,manual,EXTRACTABLE,,,no,inherited from federal
us-wv,SSI-F-POMS-SI-02302,federal,manual,EXTRACTABLE,,,no,inherited from federal
us-wy,SSI-F-POMS-SI-02302,federal,manual,EXTRACTABLE,,,no,inherited from federal
us,SSI-F-POMS-SI-02305,federal,manual,EXTRACTABLE,,,no,"listed on https://secure.ssa.gov/apps10/poms.nsf/subchapterlist!openview&restricttocategory=05023 (73 sections); not taken (run note 2026-09-10-ssi-poms-si, judgment 1)"
us-ak,SSI-F-POMS-SI-02305,federal,manual,EXTRACTABLE,,,no,inherited from federal
us-al,SSI-F-POMS-SI-02305,federal,manual,EXTRACTABLE,,,no,inherited from federal
us-ar,SSI-F-POMS-SI-02305,federal,manual,EXTRACTABLE,,,no,inherited from federal
us-az,SSI-F-POMS-SI-02305,federal,manual,EXTRACTABLE,,,no,inherited from federal
us-ca,SSI-F-POMS-SI-02305,federal,manual,EXTRACTABLE,,,no,inherited from federal
us-co,SSI-F-POMS-SI-02305,federal,manual,EXTRACTABLE,,,no,inherited from federal
us-ct,SSI-F-POMS-SI-02305,federal,manual,EXTRACTABLE,,,no,inherited from federal
us-dc,SSI-F-POMS-SI-02305,federal,manual,EXTRACTABLE,,,no,inherited from federal
us-de,SSI-F-POMS-SI-02305,federal,manual,EXTRACTABLE,,,no,inherited from federal
us-fl,SSI-F-POMS-SI-02305,federal,manual,EXTRACTABLE,,,no,inherited from federal
us-ga,SSI-F-POMS-SI-02305,federal,manual,EXTRACTABLE,,,no,inherited from federal
us-hi,SSI-F-POMS-SI-02305,federal,manual,EXTRACTABLE,,,no,inherited from federal
us-ia,SSI-F-POMS-SI-02305,federal,manual,EXTRACTABLE,,,no,inherited from federal
us-id,SSI-F-POMS-SI-02305,federal,manual,EXTRACTABLE,,,no,inherited from federal
us-il,SSI-F-POMS-SI-02305,federal,manual,EXTRACTABLE,,,no,inherited from federal
us-in,SSI-F-POMS-SI-02305,federal,manual,EXTRACTABLE,,,no,inherited from federal
us-ks,SSI-F-POMS-SI-02305,federal,manual,EXTRACTABLE,,,no,inherited from federal
us-ky,SSI-F-POMS-SI-02305,federal,manual,EXTRACTABLE,,,no,inherited from federal
us-la,SSI-F-POMS-SI-02305,federal,manual,EXTRACTABLE,,,no,inherited from federal
us-ma,SSI-F-POMS-SI-02305,federal,manual,EXTRACTABLE,,,no,inherited from federal
us-md,SSI-F-POMS-SI-02305,federal,manual,EXTRACTABLE,,,no,inherited from federal
us-me,SSI-F-POMS-SI-02305,federal,manual,EXTRACTABLE,,,no,inherited from federal
us-mi,SSI-F-POMS-SI-02305,federal,manual,EXTRACTABLE,,,no,inherited from federal
us-mn,SSI-F-POMS-SI-02305,federal,manual,EXTRACTABLE,,,no,inherited from federal
us-mo,SSI-F-POMS-SI-02305,federal,manual,EXTRACTABLE,,,no,inherited from federal
us-ms,SSI-F-POMS-SI-02305,federal,manual,EXTRACTABLE,,,no,inherited from federal
us-mt,SSI-F-POMS-SI-02305,federal,manual,EXTRACTABLE,,,no,inherited from federal
us-nc,SSI-F-POMS-SI-02305,federal,manual,EXTRACTABLE,,,no,inherited from federal
us-nd,SSI-F-POMS-SI-02305,federal,manual,EXTRACTABLE,,,no,inherited from federal
us-ne,SSI-F-POMS-SI-02305,federal,manual,EXTRACTABLE,,,no,inherited from federal
us-nh,SSI-F-POMS-SI-02305,federal,manual,EXTRACTABLE,,,no,inherited from federal
us-nj,SSI-F-POMS-SI-02305,federal,manual,EXTRACTABLE,,,no,inherited from federal
us-nm,SSI-F-POMS-SI-02305,federal,manual,EXTRACTABLE,,,no,inherited from federal
us-nv,SSI-F-POMS-SI-02305,federal,manual,EXTRACTABLE,,,no,inherited from federal
us-ny,SSI-F-POMS-SI-02305,federal,manual,EXTRACTABLE,,,no,inherited from federal
us-oh,SSI-F-POMS-SI-02305,federal,manual,EXTRACTABLE,,,no,inherited from federal
us-ok,SSI-F-POMS-SI-02305,federal,manual,EXTRACTABLE,,,no,inherited from federal
us-or,SSI-F-POMS-SI-02305,federal,manual,EXTRACTABLE,,,no,inherited from federal
us-pa,SSI-F-POMS-SI-02305,federal,manual,EXTRACTABLE,,,no,inherited from federal
us-ri,SSI-F-POMS-SI-02305,federal,manual,EXTRACTABLE,,,no,inherited from federal
us-sc,SSI-F-POMS-SI-02305,federal,manual,EXTRACTABLE,,,no,inherited from federal
us-sd,SSI-F-POMS-SI-02305,federal,manual,EXTRACTABLE,,,no,inherited from federal
us-tn,SSI-F-POMS-SI-02305,federal,manual,EXTRACTABLE,,,no,inherited from federal
us-tx,SSI-F-POMS-SI-02305,federal,manual,EXTRACTABLE,,,no,inherited from federal
us-ut,SSI-F-POMS-SI-02305,federal,manual,EXTRACTABLE,,,no,inherited from federal
us-va,SSI-F-POMS-SI-02305,federal,manual,EXTRACTABLE,,,no,inherited from federal
us-vt,SSI-F-POMS-SI-02305,federal,manual,EXTRACTABLE,,,no,inherited from federal
us-wa,SSI-F-POMS-SI-02305,federal,manual,EXTRACTABLE,,,no,inherited from federal
us-wi,SSI-F-POMS-SI-02305,federal,manual,EXTRACTABLE,,,no,inherited from federal
us-wv,SSI-F-POMS-SI-02305,federal,manual,EXTRACTABLE,,,no,inherited from federal
us-wy,SSI-F-POMS-SI-02305,federal,manual,EXTRACTABLE,,,no,inherited from federal
us,SSI-F-POMS-SI-02306,federal,manual,EXTRACTABLE,,,no,"listed on https://secure.ssa.gov/apps10/poms.nsf/subchapterlist!openview&restricttocategory=05023 (5 sections); not taken (run note 2026-09-10-ssi-poms-si, judgment 1)"
us-ak,SSI-F-POMS-SI-02306,federal,manual,EXTRACTABLE,,,no,inherited from federal
us-al,SSI-F-POMS-SI-02306,federal,manual,EXTRACTABLE,,,no,inherited from federal
us-ar,SSI-F-POMS-SI-02306,federal,manual,EXTRACTABLE,,,no,inherited from federal
us-az,SSI-F-POMS-SI-02306,federal,manual,EXTRACTABLE,,,no,inherited from federal
us-ca,SSI-F-POMS-SI-02306,federal,manual,EXTRACTABLE,,,no,inherited from federal
us-co,SSI-F-POMS-SI-02306,federal,manual,EXTRACTABLE,,,no,inherited from federal
us-ct,SSI-F-POMS-SI-02306,federal,manual,EXTRACTABLE,,,no,inherited from federal
us-dc,SSI-F-POMS-SI-02306,federal,manual,EXTRACTABLE,,,no,inherited from federal
us-de,SSI-F-POMS-SI-02306,federal,manual,EXTRACTABLE,,,no,inherited from federal
us-fl,SSI-F-POMS-SI-02306,federal,manual,EXTRACTABLE,,,no,inherited from federal
us-ga,SSI-F-POMS-SI-02306,federal,manual,EXTRACTABLE,,,no,inherited from federal
us-hi,SSI-F-POMS-SI-02306,federal,manual,EXTRACTABLE,,,no,inherited from federal
us-ia,SSI-F-POMS-SI-02306,federal,manual,EXTRACTABLE,,,no,inherited from federal
us-id,SSI-F-POMS-SI-02306,federal,manual,EXTRACTABLE,,,no,inherited from federal
us-il,SSI-F-POMS-SI-02306,federal,manual,EXTRACTABLE,,,no,inherited from federal
us-in,SSI-F-POMS-SI-02306,federal,manual,EXTRACTABLE,,,no,inherited from federal
us-ks,SSI-F-POMS-SI-02306,federal,manual,EXTRACTABLE,,,no,inherited from federal
us-ky,SSI-F-POMS-SI-02306,federal,manual,EXTRACTABLE,,,no,inherited from federal
us-la,SSI-F-POMS-SI-02306,federal,manual,EXTRACTABLE,,,no,inherited from federal
us-ma,SSI-F-POMS-SI-02306,federal,manual,EXTRACTABLE,,,no,inherited from federal
us-md,SSI-F-POMS-SI-02306,federal,manual,EXTRACTABLE,,,no,inherited from federal
us-me,SSI-F-POMS-SI-02306,federal,manual,EXTRACTABLE,,,no,inherited from federal
us-mi,SSI-F-POMS-SI-02306,federal,manual,EXTRACTABLE,,,no,inherited from federal
us-mn,SSI-F-POMS-SI-02306,federal,manual,EXTRACTABLE,,,no,inherited from federal
us-mo,SSI-F-POMS-SI-02306,federal,manual,EXTRACTABLE,,,no,inherited from federal
us-ms,SSI-F-POMS-SI-02306,federal,manual,EXTRACTABLE,,,no,inherited from federal
us-mt,SSI-F-POMS-SI-02306,federal,manual,EXTRACTABLE,,,no,inherited from federal
us-nc,SSI-F-POMS-SI-02306,federal,manual,EXTRACTABLE,,,no,inherited from federal
us-nd,SSI-F-POMS-SI-02306,federal,manual,EXTRACTABLE,,,no,inherited from federal
us-ne,SSI-F-POMS-SI-02306,federal,manual,EXTRACTABLE,,,no,inherited from federal
us-nh,SSI-F-POMS-SI-02306,federal,manual,EXTRACTABLE,,,no,inherited from federal
us-nj,SSI-F-POMS-SI-02306,federal,manual,EXTRACTABLE,,,no,inherited from federal
us-nm,SSI-F-POMS-SI-02306,federal,manual,EXTRACTABLE,,,no,inherited from federal
us-nv,SSI-F-POMS-SI-02306,federal,manual,EXTRACTABLE,,,no,inherited from federal
us-ny,SSI-F-POMS-SI-02306,federal,manual,EXTRACTABLE,,,no,inherited from federal
us-oh,SSI-F-POMS-SI-02306,federal,manual,EXTRACTABLE,,,no,inherited from federal
us-ok,SSI-F-POMS-SI-02306,federal,manual,EXTRACTABLE,,,no,inherited from federal
us-or,SSI-F-POMS-SI-02306,federal,manual,EXTRACTABLE,,,no,inherited from federal
us-pa,SSI-F-POMS-SI-02306,federal,manual,EXTRACTABLE,,,no,inherited from federal
us-ri,SSI-F-POMS-SI-02306,federal,manual,EXTRACTABLE,,,no,inherited from federal
us-sc,SSI-F-POMS-SI-02306,federal,manual,EXTRACTABLE,,,no,inherited from federal
us-sd,SSI-F-POMS-SI-02306,federal,manual,EXTRACTABLE,,,no,inherited from federal
us-tn,SSI-F-POMS-SI-02306,federal,manual,EXTRACTABLE,,,no,inherited from federal
us-tx,SSI-F-POMS-SI-02306,federal,manual,EXTRACTABLE,,,no,inherited from federal
us-ut,SSI-F-POMS-SI-02306,federal,manual,EXTRACTABLE,,,no,inherited from federal
us-va,SSI-F-POMS-SI-02306,federal,manual,EXTRACTABLE,,,no,inherited from federal
us-vt,SSI-F-POMS-SI-02306,federal,manual,EXTRACTABLE,,,no,inherited from federal
us-wa,SSI-F-POMS-SI-02306,federal,manual,EXTRACTABLE,,,no,inherited from federal
us-wi,SSI-F-POMS-SI-02306,federal,manual,EXTRACTABLE,,,no,inherited from federal
us-wv,SSI-F-POMS-SI-02306,federal,manual,EXTRACTABLE,,,no,inherited from federal
us-wy,SSI-F-POMS-SI-02306,federal,manual,EXTRACTABLE,,,no,inherited from federal
us,SSI-F-POMS-SI-02309,federal,manual,EXTRACTABLE,,,no,"listed on https://secure.ssa.gov/apps10/poms.nsf/subchapterlist!openview&restricttocategory=05023 (8 sections); not taken (run note 2026-09-10-ssi-poms-si, judgment 1)"
us-ak,SSI-F-POMS-SI-02309,federal,manual,EXTRACTABLE,,,no,inherited from federal
us-al,SSI-F-POMS-SI-02309,federal,manual,EXTRACTABLE,,,no,inherited from federal
us-ar,SSI-F-POMS-SI-02309,federal,manual,EXTRACTABLE,,,no,inherited from federal
us-az,SSI-F-POMS-SI-02309,federal,manual,EXTRACTABLE,,,no,inherited from federal
us-ca,SSI-F-POMS-SI-02309,federal,manual,EXTRACTABLE,,,no,inherited from federal
us-co,SSI-F-POMS-SI-02309,federal,manual,EXTRACTABLE,,,no,inherited from federal
us-ct,SSI-F-POMS-SI-02309,federal,manual,EXTRACTABLE,,,no,inherited from federal
us-dc,SSI-F-POMS-SI-02309,federal,manual,EXTRACTABLE,,,no,inherited from federal
us-de,SSI-F-POMS-SI-02309,federal,manual,EXTRACTABLE,,,no,inherited from federal
us-fl,SSI-F-POMS-SI-02309,federal,manual,EXTRACTABLE,,,no,inherited from federal
us-ga,SSI-F-POMS-SI-02309,federal,manual,EXTRACTABLE,,,no,inherited from federal
us-hi,SSI-F-POMS-SI-02309,federal,manual,EXTRACTABLE,,,no,inherited from federal
us-ia,SSI-F-POMS-SI-02309,federal,manual,EXTRACTABLE,,,no,inherited from federal
us-id,SSI-F-POMS-SI-02309,federal,manual,EXTRACTABLE,,,no,inherited from federal
us-il,SSI-F-POMS-SI-02309,federal,manual,EXTRACTABLE,,,no,inherited from federal
us-in,SSI-F-POMS-SI-02309,federal,manual,EXTRACTABLE,,,no,inherited from federal
us-ks,SSI-F-POMS-SI-02309,federal,manual,EXTRACTABLE,,,no,inherited from federal
us-ky,SSI-F-POMS-SI-02309,federal,manual,EXTRACTABLE,,,no,inherited from federal
us-la,SSI-F-POMS-SI-02309,federal,manual,EXTRACTABLE,,,no,inherited from federal
us-ma,SSI-F-POMS-SI-02309,federal,manual,EXTRACTABLE,,,no,inherited from federal
us-md,SSI-F-POMS-SI-02309,federal,manual,EXTRACTABLE,,,no,inherited from federal
us-me,SSI-F-POMS-SI-02309,federal,manual,EXTRACTABLE,,,no,inherited from federal
us-mi,SSI-F-POMS-SI-02309,federal,manual,EXTRACTABLE,,,no,inherited from federal
us-mn,SSI-F-POMS-SI-02309,federal,manual,EXTRACTABLE,,,no,inherited from federal
us-mo,SSI-F-POMS-SI-02309,federal,manual,EXTRACTABLE,,,no,inherited from federal
us-ms,SSI-F-POMS-SI-02309,federal,manual,EXTRACTABLE,,,no,inherited from federal
us-mt,SSI-F-POMS-SI-02309,federal,manual,EXTRACTABLE,,,no,inherited from federal
us-nc,SSI-F-POMS-SI-02309,federal,manual,EXTRACTABLE,,,no,inherited from federal
us-nd,SSI-F-POMS-SI-02309,federal,manual,EXTRACTABLE,,,no,inherited from federal
us-ne,SSI-F-POMS-SI-02309,federal,manual,EXTRACTABLE,,,no,inherited from federal
us-nh,SSI-F-POMS-SI-02309,federal,manual,EXTRACTABLE,,,no,inherited from federal
us-nj,SSI-F-POMS-SI-02309,federal,manual,EXTRACTABLE,,,no,inherited from federal
us-nm,SSI-F-POMS-SI-02309,federal,manual,EXTRACTABLE,,,no,inherited from federal
us-nv,SSI-F-POMS-SI-02309,federal,manual,EXTRACTABLE,,,no,inherited from federal
us-ny,SSI-F-POMS-SI-02309,federal,manual,EXTRACTABLE,,,no,inherited from federal
us-oh,SSI-F-POMS-SI-02309,federal,manual,EXTRACTABLE,,,no,inherited from federal
us-ok,SSI-F-POMS-SI-02309,federal,manual,EXTRACTABLE,,,no,inherited from federal
us-or,SSI-F-POMS-SI-02309,federal,manual,EXTRACTABLE,,,no,inherited from federal
us-pa,SSI-F-POMS-SI-02309,federal,manual,EXTRACTABLE,,,no,inherited from federal
us-ri,SSI-F-POMS-SI-02309,federal,manual,EXTRACTABLE,,,no,inherited from federal
us-sc,SSI-F-POMS-SI-02309,federal,manual,EXTRACTABLE,,,no,inherited from federal
us-sd,SSI-F-POMS-SI-02309,federal,manual,EXTRACTABLE,,,no,inherited from federal
us-tn,SSI-F-POMS-SI-02309,federal,manual,EXTRACTABLE,,,no,inherited from federal
us-tx,SSI-F-POMS-SI-02309,federal,manual,EXTRACTABLE,,,no,inherited from federal
us-ut,SSI-F-POMS-SI-02309,federal,manual,EXTRACTABLE,,,no,inherited from federal
us-va,SSI-F-POMS-SI-02309,federal,manual,EXTRACTABLE,,,no,inherited from federal
us-vt,SSI-F-POMS-SI-02309,federal,manual,EXTRACTABLE,,,no,inherited from federal
us-wa,SSI-F-POMS-SI-02309,federal,manual,EXTRACTABLE,,,no,inherited from federal
us-wi,SSI-F-POMS-SI-02309,federal,manual,EXTRACTABLE,,,no,inherited from federal
us-wv,SSI-F-POMS-SI-02309,federal,manual,EXTRACTABLE,,,no,inherited from federal
us-wy,SSI-F-POMS-SI-02309,federal,manual,EXTRACTABLE,,,no,inherited from federal
us,SSI-F-POMS-SI-02310,federal,manual,EXTRACTABLE,,,no,"listed on https://secure.ssa.gov/apps10/poms.nsf/subchapterlist!openview&restricttocategory=05023 (31 sections); not taken (run note 2026-09-10-ssi-poms-si, judgment 1)"
us-ak,SSI-F-POMS-SI-02310,federal,manual,EXTRACTABLE,,,no,inherited from federal
us-al,SSI-F-POMS-SI-02310,federal,manual,EXTRACTABLE,,,no,inherited from federal
us-ar,SSI-F-POMS-SI-02310,federal,manual,EXTRACTABLE,,,no,inherited from federal
us-az,SSI-F-POMS-SI-02310,federal,manual,EXTRACTABLE,,,no,inherited from federal
us-ca,SSI-F-POMS-SI-02310,federal,manual,EXTRACTABLE,,,no,inherited from federal
us-co,SSI-F-POMS-SI-02310,federal,manual,EXTRACTABLE,,,no,inherited from federal
us-ct,SSI-F-POMS-SI-02310,federal,manual,EXTRACTABLE,,,no,inherited from federal
us-dc,SSI-F-POMS-SI-02310,federal,manual,EXTRACTABLE,,,no,inherited from federal
us-de,SSI-F-POMS-SI-02310,federal,manual,EXTRACTABLE,,,no,inherited from federal
us-fl,SSI-F-POMS-SI-02310,federal,manual,EXTRACTABLE,,,no,inherited from federal
us-ga,SSI-F-POMS-SI-02310,federal,manual,EXTRACTABLE,,,no,inherited from federal
us-hi,SSI-F-POMS-SI-02310,federal,manual,EXTRACTABLE,,,no,inherited from federal
us-ia,SSI-F-POMS-SI-02310,federal,manual,EXTRACTABLE,,,no,inherited from federal
us-id,SSI-F-POMS-SI-02310,federal,manual,EXTRACTABLE,,,no,inherited from federal
us-il,SSI-F-POMS-SI-02310,federal,manual,EXTRACTABLE,,,no,inherited from federal
us-in,SSI-F-POMS-SI-02310,federal,manual,EXTRACTABLE,,,no,inherited from federal
us-ks,SSI-F-POMS-SI-02310,federal,manual,EXTRACTABLE,,,no,inherited from federal
us-ky,SSI-F-POMS-SI-02310,federal,manual,EXTRACTABLE,,,no,inherited from federal
us-la,SSI-F-POMS-SI-02310,federal,manual,EXTRACTABLE,,,no,inherited from federal
us-ma,SSI-F-POMS-SI-02310,federal,manual,EXTRACTABLE,,,no,inherited from federal
us-md,SSI-F-POMS-SI-02310,federal,manual,EXTRACTABLE,,,no,inherited from federal
us-me,SSI-F-POMS-SI-02310,federal,manual,EXTRACTABLE,,,no,inherited from federal
us-mi,SSI-F-POMS-SI-02310,federal,manual,EXTRACTABLE,,,no,inherited from federal
us-mn,SSI-F-POMS-SI-02310,federal,manual,EXTRACTABLE,,,no,inherited from federal
us-mo,SSI-F-POMS-SI-02310,federal,manual,EXTRACTABLE,,,no,inherited from federal
us-ms,SSI-F-POMS-SI-02310,federal,manual,EXTRACTABLE,,,no,inherited from federal
us-mt,SSI-F-POMS-SI-02310,federal,manual,EXTRACTABLE,,,no,inherited from federal
us-nc,SSI-F-POMS-SI-02310,federal,manual,EXTRACTABLE,,,no,inherited from federal
us-nd,SSI-F-POMS-SI-02310,federal,manual,EXTRACTABLE,,,no,inherited from federal
us-ne,SSI-F-POMS-SI-02310,federal,manual,EXTRACTABLE,,,no,inherited from federal
us-nh,SSI-F-POMS-SI-02310,federal,manual,EXTRACTABLE,,,no,inherited from federal
us-nj,SSI-F-POMS-SI-02310,federal,manual,EXTRACTABLE,,,no,inherited from federal
us-nm,SSI-F-POMS-SI-02310,federal,manual,EXTRACTABLE,,,no,inherited from federal
us-nv,SSI-F-POMS-SI-02310,federal,manual,EXTRACTABLE,,,no,inherited from federal
us-ny,SSI-F-POMS-SI-02310,federal,manual,EXTRACTABLE,,,no,inherited from federal
us-oh,SSI-F-POMS-SI-02310,federal,manual,EXTRACTABLE,,,no,inherited from federal
us-ok,SSI-F-POMS-SI-02310,federal,manual,EXTRACTABLE,,,no,inherited from federal
us-or,SSI-F-POMS-SI-02310,federal,manual,EXTRACTABLE,,,no,inherited from federal
us-pa,SSI-F-POMS-SI-02310,federal,manual,EXTRACTABLE,,,no,inherited from federal
us-ri,SSI-F-POMS-SI-02310,federal,manual,EXTRACTABLE,,,no,inherited from federal
us-sc,SSI-F-POMS-SI-02310,federal,manual,EXTRACTABLE,,,no,inherited from federal
us-sd,SSI-F-POMS-SI-02310,federal,manual,EXTRACTABLE,,,no,inherited from federal
us-tn,SSI-F-POMS-SI-02310,federal,manual,EXTRACTABLE,,,no,inherited from federal
us-tx,SSI-F-POMS-SI-02310,federal,manual,EXTRACTABLE,,,no,inherited from federal
us-ut,SSI-F-POMS-SI-02310,federal,manual,EXTRACTABLE,,,no,inherited from federal
us-va,SSI-F-POMS-SI-02310,federal,manual,EXTRACTABLE,,,no,inherited from federal
us-vt,SSI-F-POMS-SI-02310,federal,manual,EXTRACTABLE,,,no,inherited from federal
us-wa,SSI-F-POMS-SI-02310,federal,manual,EXTRACTABLE,,,no,inherited from federal
us-wi,SSI-F-POMS-SI-02310,federal,manual,EXTRACTABLE,,,no,inherited from federal
us-wv,SSI-F-POMS-SI-02310,federal,manual,EXTRACTABLE,,,no,inherited from federal
us-wy,SSI-F-POMS-SI-02310,federal,manual,EXTRACTABLE,,,no,inherited from federal
us,SSI-F-POMS-SI-02900,federal,manual,EXTRACTABLE,,,no,"listed on https://secure.ssa.gov/apps10/poms.nsf/subchapterlist!openview&restricttocategory=05029 (1 sections); not taken (run note 2026-09-10-ssi-poms-si, judgment 1)"
us-ak,SSI-F-POMS-SI-02900,federal,manual,EXTRACTABLE,,,no,inherited from federal
us-al,SSI-F-POMS-SI-02900,federal,manual,EXTRACTABLE,,,no,inherited from federal
us-ar,SSI-F-POMS-SI-02900,federal,manual,EXTRACTABLE,,,no,inherited from federal
us-az,SSI-F-POMS-SI-02900,federal,manual,EXTRACTABLE,,,no,inherited from federal
us-ca,SSI-F-POMS-SI-02900,federal,manual,EXTRACTABLE,,,no,inherited from federal
us-co,SSI-F-POMS-SI-02900,federal,manual,EXTRACTABLE,,,no,inherited from federal
us-ct,SSI-F-POMS-SI-02900,federal,manual,EXTRACTABLE,,,no,inherited from federal
us-dc,SSI-F-POMS-SI-02900,federal,manual,EXTRACTABLE,,,no,inherited from federal
us-de,SSI-F-POMS-SI-02900,federal,manual,EXTRACTABLE,,,no,inherited from federal
us-fl,SSI-F-POMS-SI-02900,federal,manual,EXTRACTABLE,,,no,inherited from federal
us-ga,SSI-F-POMS-SI-02900,federal,manual,EXTRACTABLE,,,no,inherited from federal
us-hi,SSI-F-POMS-SI-02900,federal,manual,EXTRACTABLE,,,no,inherited from federal
us-ia,SSI-F-POMS-SI-02900,federal,manual,EXTRACTABLE,,,no,inherited from federal
us-id,SSI-F-POMS-SI-02900,federal,manual,EXTRACTABLE,,,no,inherited from federal
us-il,SSI-F-POMS-SI-02900,federal,manual,EXTRACTABLE,,,no,inherited from federal
us-in,SSI-F-POMS-SI-02900,federal,manual,EXTRACTABLE,,,no,inherited from federal
us-ks,SSI-F-POMS-SI-02900,federal,manual,EXTRACTABLE,,,no,inherited from federal
us-ky,SSI-F-POMS-SI-02900,federal,manual,EXTRACTABLE,,,no,inherited from federal
us-la,SSI-F-POMS-SI-02900,federal,manual,EXTRACTABLE,,,no,inherited from federal
us-ma,SSI-F-POMS-SI-02900,federal,manual,EXTRACTABLE,,,no,inherited from federal
us-md,SSI-F-POMS-SI-02900,federal,manual,EXTRACTABLE,,,no,inherited from federal
us-me,SSI-F-POMS-SI-02900,federal,manual,EXTRACTABLE,,,no,inherited from federal
us-mi,SSI-F-POMS-SI-02900,federal,manual,EXTRACTABLE,,,no,inherited from federal
us-mn,SSI-F-POMS-SI-02900,federal,manual,EXTRACTABLE,,,no,inherited from federal
us-mo,SSI-F-POMS-SI-02900,federal,manual,EXTRACTABLE,,,no,inherited from federal
us-ms,SSI-F-POMS-SI-02900,federal,manual,EXTRACTABLE,,,no,inherited from federal
us-mt,SSI-F-POMS-SI-02900,federal,manual,EXTRACTABLE,,,no,inherited from federal
us-nc,SSI-F-POMS-SI-02900,federal,manual,EXTRACTABLE,,,no,inherited from federal
us-nd,SSI-F-POMS-SI-02900,federal,manual,EXTRACTABLE,,,no,inherited from federal
us-ne,SSI-F-POMS-SI-02900,federal,manual,EXTRACTABLE,,,no,inherited from federal
us-nh,SSI-F-POMS-SI-02900,federal,manual,EXTRACTABLE,,,no,inherited from federal
us-nj,SSI-F-POMS-SI-02900,federal,manual,EXTRACTABLE,,,no,inherited from federal
us-nm,SSI-F-POMS-SI-02900,federal,manual,EXTRACTABLE,,,no,inherited from federal
us-nv,SSI-F-POMS-SI-02900,federal,manual,EXTRACTABLE,,,no,inherited from federal
us-ny,SSI-F-POMS-SI-02900,federal,manual,EXTRACTABLE,,,no,inherited from federal
us-oh,SSI-F-POMS-SI-02900,federal,manual,EXTRACTABLE,,,no,inherited from federal
us-ok,SSI-F-POMS-SI-02900,federal,manual,EXTRACTABLE,,,no,inherited from federal
us-or,SSI-F-POMS-SI-02900,federal,manual,EXTRACTABLE,,,no,inherited from federal
us-pa,SSI-F-POMS-SI-02900,federal,manual,EXTRACTABLE,,,no,inherited from federal
us-ri,SSI-F-POMS-SI-02900,federal,manual,EXTRACTABLE,,,no,inherited from federal
us-sc,SSI-F-POMS-SI-02900,federal,manual,EXTRACTABLE,,,no,inherited from federal
us-sd,SSI-F-POMS-SI-02900,federal,manual,EXTRACTABLE,,,no,inherited from federal
us-tn,SSI-F-POMS-SI-02900,federal,manual,EXTRACTABLE,,,no,inherited from federal
us-tx,SSI-F-POMS-SI-02900,federal,manual,EXTRACTABLE,,,no,inherited from federal
us-ut,SSI-F-POMS-SI-02900,federal,manual,EXTRACTABLE,,,no,inherited from federal
us-va,SSI-F-POMS-SI-02900,federal,manual,EXTRACTABLE,,,no,inherited from federal
us-vt,SSI-F-POMS-SI-02900,federal,manual,EXTRACTABLE,,,no,inherited from federal
us-wa,SSI-F-POMS-SI-02900,federal,manual,EXTRACTABLE,,,no,inherited from federal
us-wi,SSI-F-POMS-SI-02900,federal,manual,EXTRACTABLE,,,no,inherited from federal
us-wv,SSI-F-POMS-SI-02900,federal,manual,EXTRACTABLE,,,no,inherited from federal
us-wy,SSI-F-POMS-SI-02900,federal,manual,EXTRACTABLE,,,no,inherited from federal
us,SSI-F-POMS-SI-02901,federal,manual,EXTRACTABLE,,,no,"listed on https://secure.ssa.gov/apps10/poms.nsf/subchapterlist!openview&restricttocategory=05029 (5 sections); not taken (run note 2026-09-10-ssi-poms-si, judgment 1)"
us-ak,SSI-F-POMS-SI-02901,federal,manual,EXTRACTABLE,,,no,inherited from federal
us-al,SSI-F-POMS-SI-02901,federal,manual,EXTRACTABLE,,,no,inherited from federal
us-ar,SSI-F-POMS-SI-02901,federal,manual,EXTRACTABLE,,,no,inherited from federal
us-az,SSI-F-POMS-SI-02901,federal,manual,EXTRACTABLE,,,no,inherited from federal
us-ca,SSI-F-POMS-SI-02901,federal,manual,EXTRACTABLE,,,no,inherited from federal
us-co,SSI-F-POMS-SI-02901,federal,manual,EXTRACTABLE,,,no,inherited from federal
us-ct,SSI-F-POMS-SI-02901,federal,manual,EXTRACTABLE,,,no,inherited from federal
us-dc,SSI-F-POMS-SI-02901,federal,manual,EXTRACTABLE,,,no,inherited from federal
us-de,SSI-F-POMS-SI-02901,federal,manual,EXTRACTABLE,,,no,inherited from federal
us-fl,SSI-F-POMS-SI-02901,federal,manual,EXTRACTABLE,,,no,inherited from federal
us-ga,SSI-F-POMS-SI-02901,federal,manual,EXTRACTABLE,,,no,inherited from federal
us-hi,SSI-F-POMS-SI-02901,federal,manual,EXTRACTABLE,,,no,inherited from federal
us-ia,SSI-F-POMS-SI-02901,federal,manual,EXTRACTABLE,,,no,inherited from federal
us-id,SSI-F-POMS-SI-02901,federal,manual,EXTRACTABLE,,,no,inherited from federal
us-il,SSI-F-POMS-SI-02901,federal,manual,EXTRACTABLE,,,no,inherited from federal
us-in,SSI-F-POMS-SI-02901,federal,manual,EXTRACTABLE,,,no,inherited from federal
us-ks,SSI-F-POMS-SI-02901,federal,manual,EXTRACTABLE,,,no,inherited from federal
us-ky,SSI-F-POMS-SI-02901,federal,manual,EXTRACTABLE,,,no,inherited from federal
us-la,SSI-F-POMS-SI-02901,federal,manual,EXTRACTABLE,,,no,inherited from federal
us-ma,SSI-F-POMS-SI-02901,federal,manual,EXTRACTABLE,,,no,inherited from federal
us-md,SSI-F-POMS-SI-02901,federal,manual,EXTRACTABLE,,,no,inherited from federal
us-me,SSI-F-POMS-SI-02901,federal,manual,EXTRACTABLE,,,no,inherited from federal
us-mi,SSI-F-POMS-SI-02901,federal,manual,EXTRACTABLE,,,no,inherited from federal
us-mn,SSI-F-POMS-SI-02901,federal,manual,EXTRACTABLE,,,no,inherited from federal
us-mo,SSI-F-POMS-SI-02901,federal,manual,EXTRACTABLE,,,no,inherited from federal
us-ms,SSI-F-POMS-SI-02901,federal,manual,EXTRACTABLE,,,no,inherited from federal
us-mt,SSI-F-POMS-SI-02901,federal,manual,EXTRACTABLE,,,no,inherited from federal
us-nc,SSI-F-POMS-SI-02901,federal,manual,EXTRACTABLE,,,no,inherited from federal
us-nd,SSI-F-POMS-SI-02901,federal,manual,EXTRACTABLE,,,no,inherited from federal
us-ne,SSI-F-POMS-SI-02901,federal,manual,EXTRACTABLE,,,no,inherited from federal
us-nh,SSI-F-POMS-SI-02901,federal,manual,EXTRACTABLE,,,no,inherited from federal
us-nj,SSI-F-POMS-SI-02901,federal,manual,EXTRACTABLE,,,no,inherited from federal
us-nm,SSI-F-POMS-SI-02901,federal,manual,EXTRACTABLE,,,no,inherited from federal
us-nv,SSI-F-POMS-SI-02901,federal,manual,EXTRACTABLE,,,no,inherited from federal
us-ny,SSI-F-POMS-SI-02901,federal,manual,EXTRACTABLE,,,no,inherited from federal
us-oh,SSI-F-POMS-SI-02901,federal,manual,EXTRACTABLE,,,no,inherited from federal
us-ok,SSI-F-POMS-SI-02901,federal,manual,EXTRACTABLE,,,no,inherited from federal
us-or,SSI-F-POMS-SI-02901,federal,manual,EXTRACTABLE,,,no,inherited from federal
us-pa,SSI-F-POMS-SI-02901,federal,manual,EXTRACTABLE,,,no,inherited from federal
us-ri,SSI-F-POMS-SI-02901,federal,manual,EXTRACTABLE,,,no,inherited from federal
us-sc,SSI-F-POMS-SI-02901,federal,manual,EXTRACTABLE,,,no,inherited from federal
us-sd,SSI-F-POMS-SI-02901,federal,manual,EXTRACTABLE,,,no,inherited from federal
us-tn,SSI-F-POMS-SI-02901,federal,manual,EXTRACTABLE,,,no,inherited from federal
us-tx,SSI-F-POMS-SI-02901,federal,manual,EXTRACTABLE,,,no,inherited from federal
us-ut,SSI-F-POMS-SI-02901,federal,manual,EXTRACTABLE,,,no,inherited from federal
us-va,SSI-F-POMS-SI-02901,federal,manual,EXTRACTABLE,,,no,inherited from federal
us-vt,SSI-F-POMS-SI-02901,federal,manual,EXTRACTABLE,,,no,inherited from federal
us-wa,SSI-F-POMS-SI-02901,federal,manual,EXTRACTABLE,,,no,inherited from federal
us-wi,SSI-F-POMS-SI-02901,federal,manual,EXTRACTABLE,,,no,inherited from federal
us-wv,SSI-F-POMS-SI-02901,federal,manual,EXTRACTABLE,,,no,inherited from federal
us-wy,SSI-F-POMS-SI-02901,federal,manual,EXTRACTABLE,,,no,inherited from federal
us,SSI-F-POMS-SI-04000,federal,manual,EXTRACTABLE,,,no,"listed on https://secure.ssa.gov/apps10/poms.nsf/subchapterlist!openview&restricttocategory=05040 (1 sections); not taken (run note 2026-09-10-ssi-poms-si, judgment 1)"
us-ak,SSI-F-POMS-SI-04000,federal,manual,EXTRACTABLE,,,no,inherited from federal
us-al,SSI-F-POMS-SI-04000,federal,manual,EXTRACTABLE,,,no,inherited from federal
us-ar,SSI-F-POMS-SI-04000,federal,manual,EXTRACTABLE,,,no,inherited from federal
us-az,SSI-F-POMS-SI-04000,federal,manual,EXTRACTABLE,,,no,inherited from federal
us-ca,SSI-F-POMS-SI-04000,federal,manual,EXTRACTABLE,,,no,inherited from federal
us-co,SSI-F-POMS-SI-04000,federal,manual,EXTRACTABLE,,,no,inherited from federal
us-ct,SSI-F-POMS-SI-04000,federal,manual,EXTRACTABLE,,,no,inherited from federal
us-dc,SSI-F-POMS-SI-04000,federal,manual,EXTRACTABLE,,,no,inherited from federal
us-de,SSI-F-POMS-SI-04000,federal,manual,EXTRACTABLE,,,no,inherited from federal
us-fl,SSI-F-POMS-SI-04000,federal,manual,EXTRACTABLE,,,no,inherited from federal
us-ga,SSI-F-POMS-SI-04000,federal,manual,EXTRACTABLE,,,no,inherited from federal
us-hi,SSI-F-POMS-SI-04000,federal,manual,EXTRACTABLE,,,no,inherited from federal
us-ia,SSI-F-POMS-SI-04000,federal,manual,EXTRACTABLE,,,no,inherited from federal
us-id,SSI-F-POMS-SI-04000,federal,manual,EXTRACTABLE,,,no,inherited from federal
us-il,SSI-F-POMS-SI-04000,federal,manual,EXTRACTABLE,,,no,inherited from federal
us-in,SSI-F-POMS-SI-04000,federal,manual,EXTRACTABLE,,,no,inherited from federal
us-ks,SSI-F-POMS-SI-04000,federal,manual,EXTRACTABLE,,,no,inherited from federal
us-ky,SSI-F-POMS-SI-04000,federal,manual,EXTRACTABLE,,,no,inherited from federal
us-la,SSI-F-POMS-SI-04000,federal,manual,EXTRACTABLE,,,no,inherited from federal
us-ma,SSI-F-POMS-SI-04000,federal,manual,EXTRACTABLE,,,no,inherited from federal
us-md,SSI-F-POMS-SI-04000,federal,manual,EXTRACTABLE,,,no,inherited from federal
us-me,SSI-F-POMS-SI-04000,federal,manual,EXTRACTABLE,,,no,inherited from federal
us-mi,SSI-F-POMS-SI-04000,federal,manual,EXTRACTABLE,,,no,inherited from federal
us-mn,SSI-F-POMS-SI-04000,federal,manual,EXTRACTABLE,,,no,inherited from federal
us-mo,SSI-F-POMS-SI-04000,federal,manual,EXTRACTABLE,,,no,inherited from federal
us-ms,SSI-F-POMS-SI-04000,federal,manual,EXTRACTABLE,,,no,inherited from federal
us-mt,SSI-F-POMS-SI-04000,federal,manual,EXTRACTABLE,,,no,inherited from federal
us-nc,SSI-F-POMS-SI-04000,federal,manual,EXTRACTABLE,,,no,inherited from federal
us-nd,SSI-F-POMS-SI-04000,federal,manual,EXTRACTABLE,,,no,inherited from federal
us-ne,SSI-F-POMS-SI-04000,federal,manual,EXTRACTABLE,,,no,inherited from federal
us-nh,SSI-F-POMS-SI-04000,federal,manual,EXTRACTABLE,,,no,inherited from federal
us-nj,SSI-F-POMS-SI-04000,federal,manual,EXTRACTABLE,,,no,inherited from federal
us-nm,SSI-F-POMS-SI-04000,federal,manual,EXTRACTABLE,,,no,inherited from federal
us-nv,SSI-F-POMS-SI-04000,federal,manual,EXTRACTABLE,,,no,inherited from federal
us-ny,SSI-F-POMS-SI-04000,federal,manual,EXTRACTABLE,,,no,inherited from federal
us-oh,SSI-F-POMS-SI-04000,federal,manual,EXTRACTABLE,,,no,inherited from federal
us-ok,SSI-F-POMS-SI-04000,federal,manual,EXTRACTABLE,,,no,inherited from federal
us-or,SSI-F-POMS-SI-04000,federal,manual,EXTRACTABLE,,,no,inherited from federal
us-pa,SSI-F-POMS-SI-04000,federal,manual,EXTRACTABLE,,,no,inherited from federal
us-ri,SSI-F-POMS-SI-04000,federal,manual,EXTRACTABLE,,,no,inherited from federal
us-sc,SSI-F-POMS-SI-04000,federal,manual,EXTRACTABLE,,,no,inherited from federal
us-sd,SSI-F-POMS-SI-04000,federal,manual,EXTRACTABLE,,,no,inherited from federal
us-tn,SSI-F-POMS-SI-04000,federal,manual,EXTRACTABLE,,,no,inherited from federal
us-tx,SSI-F-POMS-SI-04000,federal,manual,EXTRACTABLE,,,no,inherited from federal
us-ut,SSI-F-POMS-SI-04000,federal,manual,EXTRACTABLE,,,no,inherited from federal
us-va,SSI-F-POMS-SI-04000,federal,manual,EXTRACTABLE,,,no,inherited from federal
us-vt,SSI-F-POMS-SI-04000,federal,manual,EXTRACTABLE,,,no,inherited from federal
us-wa,SSI-F-POMS-SI-04000,federal,manual,EXTRACTABLE,,,no,inherited from federal
us-wi,SSI-F-POMS-SI-04000,federal,manual,EXTRACTABLE,,,no,inherited from federal
us-wv,SSI-F-POMS-SI-04000,federal,manual,EXTRACTABLE,,,no,inherited from federal
us-wy,SSI-F-POMS-SI-04000,federal,manual,EXTRACTABLE,,,no,inherited from federal
us,SSI-F-POMS-SI-04005,federal,manual,EXTRACTABLE,,,no,"listed on https://secure.ssa.gov/apps10/poms.nsf/subchapterlist!openview&restricttocategory=05040 (7 sections); not taken (run note 2026-09-10-ssi-poms-si, judgment 1)"
us-ak,SSI-F-POMS-SI-04005,federal,manual,EXTRACTABLE,,,no,inherited from federal
us-al,SSI-F-POMS-SI-04005,federal,manual,EXTRACTABLE,,,no,inherited from federal
us-ar,SSI-F-POMS-SI-04005,federal,manual,EXTRACTABLE,,,no,inherited from federal
us-az,SSI-F-POMS-SI-04005,federal,manual,EXTRACTABLE,,,no,inherited from federal
us-ca,SSI-F-POMS-SI-04005,federal,manual,EXTRACTABLE,,,no,inherited from federal
us-co,SSI-F-POMS-SI-04005,federal,manual,EXTRACTABLE,,,no,inherited from federal
us-ct,SSI-F-POMS-SI-04005,federal,manual,EXTRACTABLE,,,no,inherited from federal
us-dc,SSI-F-POMS-SI-04005,federal,manual,EXTRACTABLE,,,no,inherited from federal
us-de,SSI-F-POMS-SI-04005,federal,manual,EXTRACTABLE,,,no,inherited from federal
us-fl,SSI-F-POMS-SI-04005,federal,manual,EXTRACTABLE,,,no,inherited from federal
us-ga,SSI-F-POMS-SI-04005,federal,manual,EXTRACTABLE,,,no,inherited from federal
us-hi,SSI-F-POMS-SI-04005,federal,manual,EXTRACTABLE,,,no,inherited from federal
us-ia,SSI-F-POMS-SI-04005,federal,manual,EXTRACTABLE,,,no,inherited from federal
us-id,SSI-F-POMS-SI-04005,federal,manual,EXTRACTABLE,,,no,inherited from federal
us-il,SSI-F-POMS-SI-04005,federal,manual,EXTRACTABLE,,,no,inherited from federal
us-in,SSI-F-POMS-SI-04005,federal,manual,EXTRACTABLE,,,no,inherited from federal
us-ks,SSI-F-POMS-SI-04005,federal,manual,EXTRACTABLE,,,no,inherited from federal
us-ky,SSI-F-POMS-SI-04005,federal,manual,EXTRACTABLE,,,no,inherited from federal
us-la,SSI-F-POMS-SI-04005,federal,manual,EXTRACTABLE,,,no,inherited from federal
us-ma,SSI-F-POMS-SI-04005,federal,manual,EXTRACTABLE,,,no,inherited from federal
us-md,SSI-F-POMS-SI-04005,federal,manual,EXTRACTABLE,,,no,inherited from federal
us-me,SSI-F-POMS-SI-04005,federal,manual,EXTRACTABLE,,,no,inherited from federal
us-mi,SSI-F-POMS-SI-04005,federal,manual,EXTRACTABLE,,,no,inherited from federal
us-mn,SSI-F-POMS-SI-04005,federal,manual,EXTRACTABLE,,,no,inherited from federal
us-mo,SSI-F-POMS-SI-04005,federal,manual,EXTRACTABLE,,,no,inherited from federal
us-ms,SSI-F-POMS-SI-04005,federal,manual,EXTRACTABLE,,,no,inherited from federal
us-mt,SSI-F-POMS-SI-04005,federal,manual,EXTRACTABLE,,,no,inherited from federal
us-nc,SSI-F-POMS-SI-04005,federal,manual,EXTRACTABLE,,,no,inherited from federal
us-nd,SSI-F-POMS-SI-04005,federal,manual,EXTRACTABLE,,,no,inherited from federal
us-ne,SSI-F-POMS-SI-04005,federal,manual,EXTRACTABLE,,,no,inherited from federal
us-nh,SSI-F-POMS-SI-04005,federal,manual,EXTRACTABLE,,,no,inherited from federal
us-nj,SSI-F-POMS-SI-04005,federal,manual,EXTRACTABLE,,,no,inherited from federal
us-nm,SSI-F-POMS-SI-04005,federal,manual,EXTRACTABLE,,,no,inherited from federal
us-nv,SSI-F-POMS-SI-04005,federal,manual,EXTRACTABLE,,,no,inherited from federal
us-ny,SSI-F-POMS-SI-04005,federal,manual,EXTRACTABLE,,,no,inherited from federal
us-oh,SSI-F-POMS-SI-04005,federal,manual,EXTRACTABLE,,,no,inherited from federal
us-ok,SSI-F-POMS-SI-04005,federal,manual,EXTRACTABLE,,,no,inherited from federal
us-or,SSI-F-POMS-SI-04005,federal,manual,EXTRACTABLE,,,no,inherited from federal
us-pa,SSI-F-POMS-SI-04005,federal,manual,EXTRACTABLE,,,no,inherited from federal
us-ri,SSI-F-POMS-SI-04005,federal,manual,EXTRACTABLE,,,no,inherited from federal
us-sc,SSI-F-POMS-SI-04005,federal,manual,EXTRACTABLE,,,no,inherited from federal
us-sd,SSI-F-POMS-SI-04005,federal,manual,EXTRACTABLE,,,no,inherited from federal
us-tn,SSI-F-POMS-SI-04005,federal,manual,EXTRACTABLE,,,no,inherited from federal
us-tx,SSI-F-POMS-SI-04005,federal,manual,EXTRACTABLE,,,no,inherited from federal
us-ut,SSI-F-POMS-SI-04005,federal,manual,EXTRACTABLE,,,no,inherited from federal
us-va,SSI-F-POMS-SI-04005,federal,manual,EXTRACTABLE,,,no,inherited from federal
us-vt,SSI-F-POMS-SI-04005,federal,manual,EXTRACTABLE,,,no,inherited from federal
us-wa,SSI-F-POMS-SI-04005,federal,manual,EXTRACTABLE,,,no,inherited from federal
us-wi,SSI-F-POMS-SI-04005,federal,manual,EXTRACTABLE,,,no,inherited from federal
us-wv,SSI-F-POMS-SI-04005,federal,manual,EXTRACTABLE,,,no,inherited from federal
us-wy,SSI-F-POMS-SI-04005,federal,manual,EXTRACTABLE,,,no,inherited from federal
us,SSI-F-POMS-SI-04010,federal,manual,EXTRACTABLE,,,no,"listed on https://secure.ssa.gov/apps10/poms.nsf/subchapterlist!openview&restricttocategory=05040 (3 sections); not taken (run note 2026-09-10-ssi-poms-si, judgment 1)"
us-ak,SSI-F-POMS-SI-04010,federal,manual,EXTRACTABLE,,,no,inherited from federal
us-al,SSI-F-POMS-SI-04010,federal,manual,EXTRACTABLE,,,no,inherited from federal
us-ar,SSI-F-POMS-SI-04010,federal,manual,EXTRACTABLE,,,no,inherited from federal
us-az,SSI-F-POMS-SI-04010,federal,manual,EXTRACTABLE,,,no,inherited from federal
us-ca,SSI-F-POMS-SI-04010,federal,manual,EXTRACTABLE,,,no,inherited from federal
us-co,SSI-F-POMS-SI-04010,federal,manual,EXTRACTABLE,,,no,inherited from federal
us-ct,SSI-F-POMS-SI-04010,federal,manual,EXTRACTABLE,,,no,inherited from federal
us-dc,SSI-F-POMS-SI-04010,federal,manual,EXTRACTABLE,,,no,inherited from federal
us-de,SSI-F-POMS-SI-04010,federal,manual,EXTRACTABLE,,,no,inherited from federal
us-fl,SSI-F-POMS-SI-04010,federal,manual,EXTRACTABLE,,,no,inherited from federal
us-ga,SSI-F-POMS-SI-04010,federal,manual,EXTRACTABLE,,,no,inherited from federal
us-hi,SSI-F-POMS-SI-04010,federal,manual,EXTRACTABLE,,,no,inherited from federal
us-ia,SSI-F-POMS-SI-04010,federal,manual,EXTRACTABLE,,,no,inherited from federal
us-id,SSI-F-POMS-SI-04010,federal,manual,EXTRACTABLE,,,no,inherited from federal
us-il,SSI-F-POMS-SI-04010,federal,manual,EXTRACTABLE,,,no,inherited from federal
us-in,SSI-F-POMS-SI-04010,federal,manual,EXTRACTABLE,,,no,inherited from federal
us-ks,SSI-F-POMS-SI-04010,federal,manual,EXTRACTABLE,,,no,inherited from federal
us-ky,SSI-F-POMS-SI-04010,federal,manual,EXTRACTABLE,,,no,inherited from federal
us-la,SSI-F-POMS-SI-04010,federal,manual,EXTRACTABLE,,,no,inherited from federal
us-ma,SSI-F-POMS-SI-04010,federal,manual,EXTRACTABLE,,,no,inherited from federal
us-md,SSI-F-POMS-SI-04010,federal,manual,EXTRACTABLE,,,no,inherited from federal
us-me,SSI-F-POMS-SI-04010,federal,manual,EXTRACTABLE,,,no,inherited from federal
us-mi,SSI-F-POMS-SI-04010,federal,manual,EXTRACTABLE,,,no,inherited from federal
us-mn,SSI-F-POMS-SI-04010,federal,manual,EXTRACTABLE,,,no,inherited from federal
us-mo,SSI-F-POMS-SI-04010,federal,manual,EXTRACTABLE,,,no,inherited from federal
us-ms,SSI-F-POMS-SI-04010,federal,manual,EXTRACTABLE,,,no,inherited from federal
us-mt,SSI-F-POMS-SI-04010,federal,manual,EXTRACTABLE,,,no,inherited from federal
us-nc,SSI-F-POMS-SI-04010,federal,manual,EXTRACTABLE,,,no,inherited from federal
us-nd,SSI-F-POMS-SI-04010,federal,manual,EXTRACTABLE,,,no,inherited from federal
us-ne,SSI-F-POMS-SI-04010,federal,manual,EXTRACTABLE,,,no,inherited from federal
us-nh,SSI-F-POMS-SI-04010,federal,manual,EXTRACTABLE,,,no,inherited from federal
us-nj,SSI-F-POMS-SI-04010,federal,manual,EXTRACTABLE,,,no,inherited from federal
us-nm,SSI-F-POMS-SI-04010,federal,manual,EXTRACTABLE,,,no,inherited from federal
us-nv,SSI-F-POMS-SI-04010,federal,manual,EXTRACTABLE,,,no,inherited from federal
us-ny,SSI-F-POMS-SI-04010,federal,manual,EXTRACTABLE,,,no,inherited from federal
us-oh,SSI-F-POMS-SI-04010,federal,manual,EXTRACTABLE,,,no,inherited from federal
us-ok,SSI-F-POMS-SI-04010,federal,manual,EXTRACTABLE,,,no,inherited from federal
us-or,SSI-F-POMS-SI-04010,federal,manual,EXTRACTABLE,,,no,inherited from federal
us-pa,SSI-F-POMS-SI-04010,federal,manual,EXTRACTABLE,,,no,inherited from federal
us-ri,SSI-F-POMS-SI-04010,federal,manual,EXTRACTABLE,,,no,inherited from federal
us-sc,SSI-F-POMS-SI-04010,federal,manual,EXTRACTABLE,,,no,inherited from federal
us-sd,SSI-F-POMS-SI-04010,federal,manual,EXTRACTABLE,,,no,inherited from federal
us-tn,SSI-F-POMS-SI-04010,federal,manual,EXTRACTABLE,,,no,inherited from federal
us-tx,SSI-F-POMS-SI-04010,federal,manual,EXTRACTABLE,,,no,inherited from federal
us-ut,SSI-F-POMS-SI-04010,federal,manual,EXTRACTABLE,,,no,inherited from federal
us-va,SSI-F-POMS-SI-04010,federal,manual,EXTRACTABLE,,,no,inherited from federal
us-vt,SSI-F-POMS-SI-04010,federal,manual,EXTRACTABLE,,,no,inherited from federal
us-wa,SSI-F-POMS-SI-04010,federal,manual,EXTRACTABLE,,,no,inherited from federal
us-wi,SSI-F-POMS-SI-04010,federal,manual,EXTRACTABLE,,,no,inherited from federal
us-wv,SSI-F-POMS-SI-04010,federal,manual,EXTRACTABLE,,,no,inherited from federal
us-wy,SSI-F-POMS-SI-04010,federal,manual,EXTRACTABLE,,,no,inherited from federal
us,SSI-F-POMS-SI-04020,federal,manual,EXTRACTABLE,,,no,"listed on https://secure.ssa.gov/apps10/poms.nsf/subchapterlist!openview&restricttocategory=05040 (7 sections); not taken (run note 2026-09-10-ssi-poms-si, judgment 1)"
us-ak,SSI-F-POMS-SI-04020,federal,manual,EXTRACTABLE,,,no,inherited from federal
us-al,SSI-F-POMS-SI-04020,federal,manual,EXTRACTABLE,,,no,inherited from federal
us-ar,SSI-F-POMS-SI-04020,federal,manual,EXTRACTABLE,,,no,inherited from federal
us-az,SSI-F-POMS-SI-04020,federal,manual,EXTRACTABLE,,,no,inherited from federal
us-ca,SSI-F-POMS-SI-04020,federal,manual,EXTRACTABLE,,,no,inherited from federal
us-co,SSI-F-POMS-SI-04020,federal,manual,EXTRACTABLE,,,no,inherited from federal
us-ct,SSI-F-POMS-SI-04020,federal,manual,EXTRACTABLE,,,no,inherited from federal
us-dc,SSI-F-POMS-SI-04020,federal,manual,EXTRACTABLE,,,no,inherited from federal
us-de,SSI-F-POMS-SI-04020,federal,manual,EXTRACTABLE,,,no,inherited from federal
us-fl,SSI-F-POMS-SI-04020,federal,manual,EXTRACTABLE,,,no,inherited from federal
us-ga,SSI-F-POMS-SI-04020,federal,manual,EXTRACTABLE,,,no,inherited from federal
us-hi,SSI-F-POMS-SI-04020,federal,manual,EXTRACTABLE,,,no,inherited from federal
us-ia,SSI-F-POMS-SI-04020,federal,manual,EXTRACTABLE,,,no,inherited from federal
us-id,SSI-F-POMS-SI-04020,federal,manual,EXTRACTABLE,,,no,inherited from federal
us-il,SSI-F-POMS-SI-04020,federal,manual,EXTRACTABLE,,,no,inherited from federal
us-in,SSI-F-POMS-SI-04020,federal,manual,EXTRACTABLE,,,no,inherited from federal
us-ks,SSI-F-POMS-SI-04020,federal,manual,EXTRACTABLE,,,no,inherited from federal
us-ky,SSI-F-POMS-SI-04020,federal,manual,EXTRACTABLE,,,no,inherited from federal
us-la,SSI-F-POMS-SI-04020,federal,manual,EXTRACTABLE,,,no,inherited from federal
us-ma,SSI-F-POMS-SI-04020,federal,manual,EXTRACTABLE,,,no,inherited from federal
us-md,SSI-F-POMS-SI-04020,federal,manual,EXTRACTABLE,,,no,inherited from federal
us-me,SSI-F-POMS-SI-04020,federal,manual,EXTRACTABLE,,,no,inherited from federal
us-mi,SSI-F-POMS-SI-04020,federal,manual,EXTRACTABLE,,,no,inherited from federal
us-mn,SSI-F-POMS-SI-04020,federal,manual,EXTRACTABLE,,,no,inherited from federal
us-mo,SSI-F-POMS-SI-04020,federal,manual,EXTRACTABLE,,,no,inherited from federal
us-ms,SSI-F-POMS-SI-04020,federal,manual,EXTRACTABLE,,,no,inherited from federal
us-mt,SSI-F-POMS-SI-04020,federal,manual,EXTRACTABLE,,,no,inherited from federal
us-nc,SSI-F-POMS-SI-04020,federal,manual,EXTRACTABLE,,,no,inherited from federal
us-nd,SSI-F-POMS-SI-04020,federal,manual,EXTRACTABLE,,,no,inherited from federal
us-ne,SSI-F-POMS-SI-04020,federal,manual,EXTRACTABLE,,,no,inherited from federal
us-nh,SSI-F-POMS-SI-04020,federal,manual,EXTRACTABLE,,,no,inherited from federal
us-nj,SSI-F-POMS-SI-04020,federal,manual,EXTRACTABLE,,,no,inherited from federal
us-nm,SSI-F-POMS-SI-04020,federal,manual,EXTRACTABLE,,,no,inherited from federal
us-nv,SSI-F-POMS-SI-04020,federal,manual,EXTRACTABLE,,,no,inherited from federal
us-ny,SSI-F-POMS-SI-04020,federal,manual,EXTRACTABLE,,,no,inherited from federal
us-oh,SSI-F-POMS-SI-04020,federal,manual,EXTRACTABLE,,,no,inherited from federal
us-ok,SSI-F-POMS-SI-04020,federal,manual,EXTRACTABLE,,,no,inherited from federal
us-or,SSI-F-POMS-SI-04020,federal,manual,EXTRACTABLE,,,no,inherited from federal
us-pa,SSI-F-POMS-SI-04020,federal,manual,EXTRACTABLE,,,no,inherited from federal
us-ri,SSI-F-POMS-SI-04020,federal,manual,EXTRACTABLE,,,no,inherited from federal
us-sc,SSI-F-POMS-SI-04020,federal,manual,EXTRACTABLE,,,no,inherited from federal
us-sd,SSI-F-POMS-SI-04020,federal,manual,EXTRACTABLE,,,no,inherited from federal
us-tn,SSI-F-POMS-SI-04020,federal,manual,EXTRACTABLE,,,no,inherited from federal
us-tx,SSI-F-POMS-SI-04020,federal,manual,EXTRACTABLE,,,no,inherited from federal
us-ut,SSI-F-POMS-SI-04020,federal,manual,EXTRACTABLE,,,no,inherited from federal
us-va,SSI-F-POMS-SI-04020,federal,manual,EXTRACTABLE,,,no,inherited from federal
us-vt,SSI-F-POMS-SI-04020,federal,manual,EXTRACTABLE,,,no,inherited from federal
us-wa,SSI-F-POMS-SI-04020,federal,manual,EXTRACTABLE,,,no,inherited from federal
us-wi,SSI-F-POMS-SI-04020,federal,manual,EXTRACTABLE,,,no,inherited from federal
us-wv,SSI-F-POMS-SI-04020,federal,manual,EXTRACTABLE,,,no,inherited from federal
us-wy,SSI-F-POMS-SI-04020,federal,manual,EXTRACTABLE,,,no,inherited from federal
us,SSI-F-POMS-SI-04030,federal,manual,EXTRACTABLE,,,no,"listed on https://secure.ssa.gov/apps10/poms.nsf/subchapterlist!openview&restricttocategory=05040 (9 sections); not taken (run note 2026-09-10-ssi-poms-si, judgment 1)"
us-ak,SSI-F-POMS-SI-04030,federal,manual,EXTRACTABLE,,,no,inherited from federal
us-al,SSI-F-POMS-SI-04030,federal,manual,EXTRACTABLE,,,no,inherited from federal
us-ar,SSI-F-POMS-SI-04030,federal,manual,EXTRACTABLE,,,no,inherited from federal
us-az,SSI-F-POMS-SI-04030,federal,manual,EXTRACTABLE,,,no,inherited from federal
us-ca,SSI-F-POMS-SI-04030,federal,manual,EXTRACTABLE,,,no,inherited from federal
us-co,SSI-F-POMS-SI-04030,federal,manual,EXTRACTABLE,,,no,inherited from federal
us-ct,SSI-F-POMS-SI-04030,federal,manual,EXTRACTABLE,,,no,inherited from federal
us-dc,SSI-F-POMS-SI-04030,federal,manual,EXTRACTABLE,,,no,inherited from federal
us-de,SSI-F-POMS-SI-04030,federal,manual,EXTRACTABLE,,,no,inherited from federal
us-fl,SSI-F-POMS-SI-04030,federal,manual,EXTRACTABLE,,,no,inherited from federal
us-ga,SSI-F-POMS-SI-04030,federal,manual,EXTRACTABLE,,,no,inherited from federal
us-hi,SSI-F-POMS-SI-04030,federal,manual,EXTRACTABLE,,,no,inherited from federal
us-ia,SSI-F-POMS-SI-04030,federal,manual,EXTRACTABLE,,,no,inherited from federal
us-id,SSI-F-POMS-SI-04030,federal,manual,EXTRACTABLE,,,no,inherited from federal
us-il,SSI-F-POMS-SI-04030,federal,manual,EXTRACTABLE,,,no,inherited from federal
us-in,SSI-F-POMS-SI-04030,federal,manual,EXTRACTABLE,,,no,inherited from federal
us-ks,SSI-F-POMS-SI-04030,federal,manual,EXTRACTABLE,,,no,inherited from federal
us-ky,SSI-F-POMS-SI-04030,federal,manual,EXTRACTABLE,,,no,inherited from federal
us-la,SSI-F-POMS-SI-04030,federal,manual,EXTRACTABLE,,,no,inherited from federal
us-ma,SSI-F-POMS-SI-04030,federal,manual,EXTRACTABLE,,,no,inherited from federal
us-md,SSI-F-POMS-SI-04030,federal,manual,EXTRACTABLE,,,no,inherited from federal
us-me,SSI-F-POMS-SI-04030,federal,manual,EXTRACTABLE,,,no,inherited from federal
us-mi,SSI-F-POMS-SI-04030,federal,manual,EXTRACTABLE,,,no,inherited from federal
us-mn,SSI-F-POMS-SI-04030,federal,manual,EXTRACTABLE,,,no,inherited from federal
us-mo,SSI-F-POMS-SI-04030,federal,manual,EXTRACTABLE,,,no,inherited from federal
us-ms,SSI-F-POMS-SI-04030,federal,manual,EXTRACTABLE,,,no,inherited from federal
us-mt,SSI-F-POMS-SI-04030,federal,manual,EXTRACTABLE,,,no,inherited from federal
us-nc,SSI-F-POMS-SI-04030,federal,manual,EXTRACTABLE,,,no,inherited from federal
us-nd,SSI-F-POMS-SI-04030,federal,manual,EXTRACTABLE,,,no,inherited from federal
us-ne,SSI-F-POMS-SI-04030,federal,manual,EXTRACTABLE,,,no,inherited from federal
us-nh,SSI-F-POMS-SI-04030,federal,manual,EXTRACTABLE,,,no,inherited from federal
us-nj,SSI-F-POMS-SI-04030,federal,manual,EXTRACTABLE,,,no,inherited from federal
us-nm,SSI-F-POMS-SI-04030,federal,manual,EXTRACTABLE,,,no,inherited from federal
us-nv,SSI-F-POMS-SI-04030,federal,manual,EXTRACTABLE,,,no,inherited from federal
us-ny,SSI-F-POMS-SI-04030,federal,manual,EXTRACTABLE,,,no,inherited from federal
us-oh,SSI-F-POMS-SI-04030,federal,manual,EXTRACTABLE,,,no,inherited from federal
us-ok,SSI-F-POMS-SI-04030,federal,manual,EXTRACTABLE,,,no,inherited from federal
us-or,SSI-F-POMS-SI-04030,federal,manual,EXTRACTABLE,,,no,inherited from federal
us-pa,SSI-F-POMS-SI-04030,federal,manual,EXTRACTABLE,,,no,inherited from federal
us-ri,SSI-F-POMS-SI-04030,federal,manual,EXTRACTABLE,,,no,inherited from federal
us-sc,SSI-F-POMS-SI-04030,federal,manual,EXTRACTABLE,,,no,inherited from federal
us-sd,SSI-F-POMS-SI-04030,federal,manual,EXTRACTABLE,,,no,inherited from federal
us-tn,SSI-F-POMS-SI-04030,federal,manual,EXTRACTABLE,,,no,inherited from federal
us-tx,SSI-F-POMS-SI-04030,federal,manual,EXTRACTABLE,,,no,inherited from federal
us-ut,SSI-F-POMS-SI-04030,federal,manual,EXTRACTABLE,,,no,inherited from federal
us-va,SSI-F-POMS-SI-04030,federal,manual,EXTRACTABLE,,,no,inherited from federal
us-vt,SSI-F-POMS-SI-04030,federal,manual,EXTRACTABLE,,,no,inherited from federal
us-wa,SSI-F-POMS-SI-04030,federal,manual,EXTRACTABLE,,,no,inherited from federal
us-wi,SSI-F-POMS-SI-04030,federal,manual,EXTRACTABLE,,,no,inherited from federal
us-wv,SSI-F-POMS-SI-04030,federal,manual,EXTRACTABLE,,,no,inherited from federal
us-wy,SSI-F-POMS-SI-04030,federal,manual,EXTRACTABLE,,,no,inherited from federal
us,SSI-F-POMS-SI-04040,federal,manual,EXTRACTABLE,,,no,"listed on https://secure.ssa.gov/apps10/poms.nsf/subchapterlist!openview&restricttocategory=05040 (7 sections); not taken (run note 2026-09-10-ssi-poms-si, judgment 1)"
us-ak,SSI-F-POMS-SI-04040,federal,manual,EXTRACTABLE,,,no,inherited from federal
us-al,SSI-F-POMS-SI-04040,federal,manual,EXTRACTABLE,,,no,inherited from federal
us-ar,SSI-F-POMS-SI-04040,federal,manual,EXTRACTABLE,,,no,inherited from federal
us-az,SSI-F-POMS-SI-04040,federal,manual,EXTRACTABLE,,,no,inherited from federal
us-ca,SSI-F-POMS-SI-04040,federal,manual,EXTRACTABLE,,,no,inherited from federal
us-co,SSI-F-POMS-SI-04040,federal,manual,EXTRACTABLE,,,no,inherited from federal
us-ct,SSI-F-POMS-SI-04040,federal,manual,EXTRACTABLE,,,no,inherited from federal
us-dc,SSI-F-POMS-SI-04040,federal,manual,EXTRACTABLE,,,no,inherited from federal
us-de,SSI-F-POMS-SI-04040,federal,manual,EXTRACTABLE,,,no,inherited from federal
us-fl,SSI-F-POMS-SI-04040,federal,manual,EXTRACTABLE,,,no,inherited from federal
us-ga,SSI-F-POMS-SI-04040,federal,manual,EXTRACTABLE,,,no,inherited from federal
us-hi,SSI-F-POMS-SI-04040,federal,manual,EXTRACTABLE,,,no,inherited from federal
us-ia,SSI-F-POMS-SI-04040,federal,manual,EXTRACTABLE,,,no,inherited from federal
us-id,SSI-F-POMS-SI-04040,federal,manual,EXTRACTABLE,,,no,inherited from federal
us-il,SSI-F-POMS-SI-04040,federal,manual,EXTRACTABLE,,,no,inherited from federal
us-in,SSI-F-POMS-SI-04040,federal,manual,EXTRACTABLE,,,no,inherited from federal
us-ks,SSI-F-POMS-SI-04040,federal,manual,EXTRACTABLE,,,no,inherited from federal
us-ky,SSI-F-POMS-SI-04040,federal,manual,EXTRACTABLE,,,no,inherited from federal
us-la,SSI-F-POMS-SI-04040,federal,manual,EXTRACTABLE,,,no,inherited from federal
us-ma,SSI-F-POMS-SI-04040,federal,manual,EXTRACTABLE,,,no,inherited from federal
us-md,SSI-F-POMS-SI-04040,federal,manual,EXTRACTABLE,,,no,inherited from federal
us-me,SSI-F-POMS-SI-04040,federal,manual,EXTRACTABLE,,,no,inherited from federal
us-mi,SSI-F-POMS-SI-04040,federal,manual,EXTRACTABLE,,,no,inherited from federal
us-mn,SSI-F-POMS-SI-04040,federal,manual,EXTRACTABLE,,,no,inherited from federal
us-mo,SSI-F-POMS-SI-04040,federal,manual,EXTRACTABLE,,,no,inherited from federal
us-ms,SSI-F-POMS-SI-04040,federal,manual,EXTRACTABLE,,,no,inherited from federal
us-mt,SSI-F-POMS-SI-04040,federal,manual,EXTRACTABLE,,,no,inherited from federal
us-nc,SSI-F-POMS-SI-04040,federal,manual,EXTRACTABLE,,,no,inherited from federal
us-nd,SSI-F-POMS-SI-04040,federal,manual,EXTRACTABLE,,,no,inherited from federal
us-ne,SSI-F-POMS-SI-04040,federal,manual,EXTRACTABLE,,,no,inherited from federal
us-nh,SSI-F-POMS-SI-04040,federal,manual,EXTRACTABLE,,,no,inherited from federal
us-nj,SSI-F-POMS-SI-04040,federal,manual,EXTRACTABLE,,,no,inherited from federal
us-nm,SSI-F-POMS-SI-04040,federal,manual,EXTRACTABLE,,,no,inherited from federal
us-nv,SSI-F-POMS-SI-04040,federal,manual,EXTRACTABLE,,,no,inherited from federal
us-ny,SSI-F-POMS-SI-04040,federal,manual,EXTRACTABLE,,,no,inherited from federal
us-oh,SSI-F-POMS-SI-04040,federal,manual,EXTRACTABLE,,,no,inherited from federal
us-ok,SSI-F-POMS-SI-04040,federal,manual,EXTRACTABLE,,,no,inherited from federal
us-or,SSI-F-POMS-SI-04040,federal,manual,EXTRACTABLE,,,no,inherited from federal
us-pa,SSI-F-POMS-SI-04040,federal,manual,EXTRACTABLE,,,no,inherited from federal
us-ri,SSI-F-POMS-SI-04040,federal,manual,EXTRACTABLE,,,no,inherited from federal
us-sc,SSI-F-POMS-SI-04040,federal,manual,EXTRACTABLE,,,no,inherited from federal
us-sd,SSI-F-POMS-SI-04040,federal,manual,EXTRACTABLE,,,no,inherited from federal
us-tn,SSI-F-POMS-SI-04040,federal,manual,EXTRACTABLE,,,no,inherited from federal
us-tx,SSI-F-POMS-SI-04040,federal,manual,EXTRACTABLE,,,no,inherited from federal
us-ut,SSI-F-POMS-SI-04040,federal,manual,EXTRACTABLE,,,no,inherited from federal
us-va,SSI-F-POMS-SI-04040,federal,manual,EXTRACTABLE,,,no,inherited from federal
us-vt,SSI-F-POMS-SI-04040,federal,manual,EXTRACTABLE,,,no,inherited from federal
us-wa,SSI-F-POMS-SI-04040,federal,manual,EXTRACTABLE,,,no,inherited from federal
us-wi,SSI-F-POMS-SI-04040,federal,manual,EXTRACTABLE,,,no,inherited from federal
us-wv,SSI-F-POMS-SI-04040,federal,manual,EXTRACTABLE,,,no,inherited from federal
us-wy,SSI-F-POMS-SI-04040,federal,manual,EXTRACTABLE,,,no,inherited from federal
us,SSI-F-POMS-SI-04050,federal,manual,EXTRACTABLE,,,no,"listed on https://secure.ssa.gov/apps10/poms.nsf/subchapterlist!openview&restricttocategory=05040 (6 sections); not taken (run note 2026-09-10-ssi-poms-si, judgment 1)"
us-ak,SSI-F-POMS-SI-04050,federal,manual,EXTRACTABLE,,,no,inherited from federal
us-al,SSI-F-POMS-SI-04050,federal,manual,EXTRACTABLE,,,no,inherited from federal
us-ar,SSI-F-POMS-SI-04050,federal,manual,EXTRACTABLE,,,no,inherited from federal
us-az,SSI-F-POMS-SI-04050,federal,manual,EXTRACTABLE,,,no,inherited from federal
us-ca,SSI-F-POMS-SI-04050,federal,manual,EXTRACTABLE,,,no,inherited from federal
us-co,SSI-F-POMS-SI-04050,federal,manual,EXTRACTABLE,,,no,inherited from federal
us-ct,SSI-F-POMS-SI-04050,federal,manual,EXTRACTABLE,,,no,inherited from federal
us-dc,SSI-F-POMS-SI-04050,federal,manual,EXTRACTABLE,,,no,inherited from federal
us-de,SSI-F-POMS-SI-04050,federal,manual,EXTRACTABLE,,,no,inherited from federal
us-fl,SSI-F-POMS-SI-04050,federal,manual,EXTRACTABLE,,,no,inherited from federal
us-ga,SSI-F-POMS-SI-04050,federal,manual,EXTRACTABLE,,,no,inherited from federal
us-hi,SSI-F-POMS-SI-04050,federal,manual,EXTRACTABLE,,,no,inherited from federal
us-ia,SSI-F-POMS-SI-04050,federal,manual,EXTRACTABLE,,,no,inherited from federal
us-id,SSI-F-POMS-SI-04050,federal,manual,EXTRACTABLE,,,no,inherited from federal
us-il,SSI-F-POMS-SI-04050,federal,manual,EXTRACTABLE,,,no,inherited from federal
us-in,SSI-F-POMS-SI-04050,federal,manual,EXTRACTABLE,,,no,inherited from federal
us-ks,SSI-F-POMS-SI-04050,federal,manual,EXTRACTABLE,,,no,inherited from federal
us-ky,SSI-F-POMS-SI-04050,federal,manual,EXTRACTABLE,,,no,inherited from federal
us-la,SSI-F-POMS-SI-04050,federal,manual,EXTRACTABLE,,,no,inherited from federal
us-ma,SSI-F-POMS-SI-04050,federal,manual,EXTRACTABLE,,,no,inherited from federal
us-md,SSI-F-POMS-SI-04050,federal,manual,EXTRACTABLE,,,no,inherited from federal
us-me,SSI-F-POMS-SI-04050,federal,manual,EXTRACTABLE,,,no,inherited from federal
us-mi,SSI-F-POMS-SI-04050,federal,manual,EXTRACTABLE,,,no,inherited from federal
us-mn,SSI-F-POMS-SI-04050,federal,manual,EXTRACTABLE,,,no,inherited from federal
us-mo,SSI-F-POMS-SI-04050,federal,manual,EXTRACTABLE,,,no,inherited from federal
us-ms,SSI-F-POMS-SI-04050,federal,manual,EXTRACTABLE,,,no,inherited from federal
us-mt,SSI-F-POMS-SI-04050,federal,manual,EXTRACTABLE,,,no,inherited from federal
us-nc,SSI-F-POMS-SI-04050,federal,manual,EXTRACTABLE,,,no,inherited from federal
us-nd,SSI-F-POMS-SI-04050,federal,manual,EXTRACTABLE,,,no,inherited from federal
us-ne,SSI-F-POMS-SI-04050,federal,manual,EXTRACTABLE,,,no,inherited from federal
us-nh,SSI-F-POMS-SI-04050,federal,manual,EXTRACTABLE,,,no,inherited from federal
us-nj,SSI-F-POMS-SI-04050,federal,manual,EXTRACTABLE,,,no,inherited from federal
us-nm,SSI-F-POMS-SI-04050,federal,manual,EXTRACTABLE,,,no,inherited from federal
us-nv,SSI-F-POMS-SI-04050,federal,manual,EXTRACTABLE,,,no,inherited from federal
us-ny,SSI-F-POMS-SI-04050,federal,manual,EXTRACTABLE,,,no,inherited from federal
us-oh,SSI-F-POMS-SI-04050,federal,manual,EXTRACTABLE,,,no,inherited from federal
us-ok,SSI-F-POMS-SI-04050,federal,manual,EXTRACTABLE,,,no,inherited from federal
us-or,SSI-F-POMS-SI-04050,federal,manual,EXTRACTABLE,,,no,inherited from federal
us-pa,SSI-F-POMS-SI-04050,federal,manual,EXTRACTABLE,,,no,inherited from federal
us-ri,SSI-F-POMS-SI-04050,federal,manual,EXTRACTABLE,,,no,inherited from federal
us-sc,SSI-F-POMS-SI-04050,federal,manual,EXTRACTABLE,,,no,inherited from federal
us-sd,SSI-F-POMS-SI-04050,federal,manual,EXTRACTABLE,,,no,inherited from federal
us-tn,SSI-F-POMS-SI-04050,federal,manual,EXTRACTABLE,,,no,inherited from federal
us-tx,SSI-F-POMS-SI-04050,federal,manual,EXTRACTABLE,,,no,inherited from federal
us-ut,SSI-F-POMS-SI-04050,federal,manual,EXTRACTABLE,,,no,inherited from federal
us-va,SSI-F-POMS-SI-04050,federal,manual,EXTRACTABLE,,,no,inherited from federal
us-vt,SSI-F-POMS-SI-04050,federal,manual,EXTRACTABLE,,,no,inherited from federal
us-wa,SSI-F-POMS-SI-04050,federal,manual,EXTRACTABLE,,,no,inherited from federal
us-wi,SSI-F-POMS-SI-04050,federal,manual,EXTRACTABLE,,,no,inherited from federal
us-wv,SSI-F-POMS-SI-04050,federal,manual,EXTRACTABLE,,,no,inherited from federal
us-wy,SSI-F-POMS-SI-04050,federal,manual,EXTRACTABLE,,,no,inherited from federal
us,SSI-F-POMS-SI-04060,federal,manual,EXTRACTABLE,,,no,"listed on https://secure.ssa.gov/apps10/poms.nsf/subchapterlist!openview&restricttocategory=05040 (2 sections); not taken (run note 2026-09-10-ssi-poms-si, judgment 1)"
us-ak,SSI-F-POMS-SI-04060,federal,manual,EXTRACTABLE,,,no,inherited from federal
us-al,SSI-F-POMS-SI-04060,federal,manual,EXTRACTABLE,,,no,inherited from federal
us-ar,SSI-F-POMS-SI-04060,federal,manual,EXTRACTABLE,,,no,inherited from federal
us-az,SSI-F-POMS-SI-04060,federal,manual,EXTRACTABLE,,,no,inherited from federal
us-ca,SSI-F-POMS-SI-04060,federal,manual,EXTRACTABLE,,,no,inherited from federal
us-co,SSI-F-POMS-SI-04060,federal,manual,EXTRACTABLE,,,no,inherited from federal
us-ct,SSI-F-POMS-SI-04060,federal,manual,EXTRACTABLE,,,no,inherited from federal
us-dc,SSI-F-POMS-SI-04060,federal,manual,EXTRACTABLE,,,no,inherited from federal
us-de,SSI-F-POMS-SI-04060,federal,manual,EXTRACTABLE,,,no,inherited from federal
us-fl,SSI-F-POMS-SI-04060,federal,manual,EXTRACTABLE,,,no,inherited from federal
us-ga,SSI-F-POMS-SI-04060,federal,manual,EXTRACTABLE,,,no,inherited from federal
us-hi,SSI-F-POMS-SI-04060,federal,manual,EXTRACTABLE,,,no,inherited from federal
us-ia,SSI-F-POMS-SI-04060,federal,manual,EXTRACTABLE,,,no,inherited from federal
us-id,SSI-F-POMS-SI-04060,federal,manual,EXTRACTABLE,,,no,inherited from federal
us-il,SSI-F-POMS-SI-04060,federal,manual,EXTRACTABLE,,,no,inherited from federal
us-in,SSI-F-POMS-SI-04060,federal,manual,EXTRACTABLE,,,no,inherited from federal
us-ks,SSI-F-POMS-SI-04060,federal,manual,EXTRACTABLE,,,no,inherited from federal
us-ky,SSI-F-POMS-SI-04060,federal,manual,EXTRACTABLE,,,no,inherited from federal
us-la,SSI-F-POMS-SI-04060,federal,manual,EXTRACTABLE,,,no,inherited from federal
us-ma,SSI-F-POMS-SI-04060,federal,manual,EXTRACTABLE,,,no,inherited from federal
us-md,SSI-F-POMS-SI-04060,federal,manual,EXTRACTABLE,,,no,inherited from federal
us-me,SSI-F-POMS-SI-04060,federal,manual,EXTRACTABLE,,,no,inherited from federal
us-mi,SSI-F-POMS-SI-04060,federal,manual,EXTRACTABLE,,,no,inherited from federal
us-mn,SSI-F-POMS-SI-04060,federal,manual,EXTRACTABLE,,,no,inherited from federal
us-mo,SSI-F-POMS-SI-04060,federal,manual,EXTRACTABLE,,,no,inherited from federal
us-ms,SSI-F-POMS-SI-04060,federal,manual,EXTRACTABLE,,,no,inherited from federal
us-mt,SSI-F-POMS-SI-04060,federal,manual,EXTRACTABLE,,,no,inherited from federal
us-nc,SSI-F-POMS-SI-04060,federal,manual,EXTRACTABLE,,,no,inherited from federal
us-nd,SSI-F-POMS-SI-04060,federal,manual,EXTRACTABLE,,,no,inherited from federal
us-ne,SSI-F-POMS-SI-04060,federal,manual,EXTRACTABLE,,,no,inherited from federal
us-nh,SSI-F-POMS-SI-04060,federal,manual,EXTRACTABLE,,,no,inherited from federal
us-nj,SSI-F-POMS-SI-04060,federal,manual,EXTRACTABLE,,,no,inherited from federal
us-nm,SSI-F-POMS-SI-04060,federal,manual,EXTRACTABLE,,,no,inherited from federal
us-nv,SSI-F-POMS-SI-04060,federal,manual,EXTRACTABLE,,,no,inherited from federal
us-ny,SSI-F-POMS-SI-04060,federal,manual,EXTRACTABLE,,,no,inherited from federal
us-oh,SSI-F-POMS-SI-04060,federal,manual,EXTRACTABLE,,,no,inherited from federal
us-ok,SSI-F-POMS-SI-04060,federal,manual,EXTRACTABLE,,,no,inherited from federal
us-or,SSI-F-POMS-SI-04060,federal,manual,EXTRACTABLE,,,no,inherited from federal
us-pa,SSI-F-POMS-SI-04060,federal,manual,EXTRACTABLE,,,no,inherited from federal
us-ri,SSI-F-POMS-SI-04060,federal,manual,EXTRACTABLE,,,no,inherited from federal
us-sc,SSI-F-POMS-SI-04060,federal,manual,EXTRACTABLE,,,no,inherited from federal
us-sd,SSI-F-POMS-SI-04060,federal,manual,EXTRACTABLE,,,no,inherited from federal
us-tn,SSI-F-POMS-SI-04060,federal,manual,EXTRACTABLE,,,no,inherited from federal
us-tx,SSI-F-POMS-SI-04060,federal,manual,EXTRACTABLE,,,no,inherited from federal
us-ut,SSI-F-POMS-SI-04060,federal,manual,EXTRACTABLE,,,no,inherited from federal
us-va,SSI-F-POMS-SI-04060,federal,manual,EXTRACTABLE,,,no,inherited from federal
us-vt,SSI-F-POMS-SI-04060,federal,manual,EXTRACTABLE,,,no,inherited from federal
us-wa,SSI-F-POMS-SI-04060,federal,manual,EXTRACTABLE,,,no,inherited from federal
us-wi,SSI-F-POMS-SI-04060,federal,manual,EXTRACTABLE,,,no,inherited from federal
us-wv,SSI-F-POMS-SI-04060,federal,manual,EXTRACTABLE,,,no,inherited from federal
us-wy,SSI-F-POMS-SI-04060,federal,manual,EXTRACTABLE,,,no,inherited from federal
us,SSI-F-POMS-SI-04070,federal,manual,EXTRACTABLE,,,no,"listed on https://secure.ssa.gov/apps10/poms.nsf/subchapterlist!openview&restricttocategory=05040 (11 sections); not taken (run note 2026-09-10-ssi-poms-si, judgment 1)"
us-ak,SSI-F-POMS-SI-04070,federal,manual,EXTRACTABLE,,,no,inherited from federal
us-al,SSI-F-POMS-SI-04070,federal,manual,EXTRACTABLE,,,no,inherited from federal
us-ar,SSI-F-POMS-SI-04070,federal,manual,EXTRACTABLE,,,no,inherited from federal
us-az,SSI-F-POMS-SI-04070,federal,manual,EXTRACTABLE,,,no,inherited from federal
us-ca,SSI-F-POMS-SI-04070,federal,manual,EXTRACTABLE,,,no,inherited from federal
us-co,SSI-F-POMS-SI-04070,federal,manual,EXTRACTABLE,,,no,inherited from federal
us-ct,SSI-F-POMS-SI-04070,federal,manual,EXTRACTABLE,,,no,inherited from federal
us-dc,SSI-F-POMS-SI-04070,federal,manual,EXTRACTABLE,,,no,inherited from federal
us-de,SSI-F-POMS-SI-04070,federal,manual,EXTRACTABLE,,,no,inherited from federal
us-fl,SSI-F-POMS-SI-04070,federal,manual,EXTRACTABLE,,,no,inherited from federal
us-ga,SSI-F-POMS-SI-04070,federal,manual,EXTRACTABLE,,,no,inherited from federal
us-hi,SSI-F-POMS-SI-04070,federal,manual,EXTRACTABLE,,,no,inherited from federal
us-ia,SSI-F-POMS-SI-04070,federal,manual,EXTRACTABLE,,,no,inherited from federal
us-id,SSI-F-POMS-SI-04070,federal,manual,EXTRACTABLE,,,no,inherited from federal
us-il,SSI-F-POMS-SI-04070,federal,manual,EXTRACTABLE,,,no,inherited from federal
us-in,SSI-F-POMS-SI-04070,federal,manual,EXTRACTABLE,,,no,inherited from federal
us-ks,SSI-F-POMS-SI-04070,federal,manual,EXTRACTABLE,,,no,inherited from federal
us-ky,SSI-F-POMS-SI-04070,federal,manual,EXTRACTABLE,,,no,inherited from federal
us-la,SSI-F-POMS-SI-04070,federal,manual,EXTRACTABLE,,,no,inherited from federal
us-ma,SSI-F-POMS-SI-04070,federal,manual,EXTRACTABLE,,,no,inherited from federal
us-md,SSI-F-POMS-SI-04070,federal,manual,EXTRACTABLE,,,no,inherited from federal
us-me,SSI-F-POMS-SI-04070,federal,manual,EXTRACTABLE,,,no,inherited from federal
us-mi,SSI-F-POMS-SI-04070,federal,manual,EXTRACTABLE,,,no,inherited from federal
us-mn,SSI-F-POMS-SI-04070,federal,manual,EXTRACTABLE,,,no,inherited from federal
us-mo,SSI-F-POMS-SI-04070,federal,manual,EXTRACTABLE,,,no,inherited from federal
us-ms,SSI-F-POMS-SI-04070,federal,manual,EXTRACTABLE,,,no,inherited from federal
us-mt,SSI-F-POMS-SI-04070,federal,manual,EXTRACTABLE,,,no,inherited from federal
us-nc,SSI-F-POMS-SI-04070,federal,manual,EXTRACTABLE,,,no,inherited from federal
us-nd,SSI-F-POMS-SI-04070,federal,manual,EXTRACTABLE,,,no,inherited from federal
us-ne,SSI-F-POMS-SI-04070,federal,manual,EXTRACTABLE,,,no,inherited from federal
us-nh,SSI-F-POMS-SI-04070,federal,manual,EXTRACTABLE,,,no,inherited from federal
us-nj,SSI-F-POMS-SI-04070,federal,manual,EXTRACTABLE,,,no,inherited from federal
us-nm,SSI-F-POMS-SI-04070,federal,manual,EXTRACTABLE,,,no,inherited from federal
us-nv,SSI-F-POMS-SI-04070,federal,manual,EXTRACTABLE,,,no,inherited from federal
us-ny,SSI-F-POMS-SI-04070,federal,manual,EXTRACTABLE,,,no,inherited from federal
us-oh,SSI-F-POMS-SI-04070,federal,manual,EXTRACTABLE,,,no,inherited from federal
us-ok,SSI-F-POMS-SI-04070,federal,manual,EXTRACTABLE,,,no,inherited from federal
us-or,SSI-F-POMS-SI-04070,federal,manual,EXTRACTABLE,,,no,inherited from federal
us-pa,SSI-F-POMS-SI-04070,federal,manual,EXTRACTABLE,,,no,inherited from federal
us-ri,SSI-F-POMS-SI-04070,federal,manual,EXTRACTABLE,,,no,inherited from federal
us-sc,SSI-F-POMS-SI-04070,federal,manual,EXTRACTABLE,,,no,inherited from federal
us-sd,SSI-F-POMS-SI-04070,federal,manual,EXTRACTABLE,,,no,inherited from federal
us-tn,SSI-F-POMS-SI-04070,federal,manual,EXTRACTABLE,,,no,inherited from federal
us-tx,SSI-F-POMS-SI-04070,federal,manual,EXTRACTABLE,,,no,inherited from federal
us-ut,SSI-F-POMS-SI-04070,federal,manual,EXTRACTABLE,,,no,inherited from federal
us-va,SSI-F-POMS-SI-04070,federal,manual,EXTRACTABLE,,,no,inherited from federal
us-vt,SSI-F-POMS-SI-04070,federal,manual,EXTRACTABLE,,,no,inherited from federal
us-wa,SSI-F-POMS-SI-04070,federal,manual,EXTRACTABLE,,,no,inherited from federal
us-wi,SSI-F-POMS-SI-04070,federal,manual,EXTRACTABLE,,,no,inherited from federal
us-wv,SSI-F-POMS-SI-04070,federal,manual,EXTRACTABLE,,,no,inherited from federal
us-wy,SSI-F-POMS-SI-04070,federal,manual,EXTRACTABLE,,,no,inherited from federal
us,SSI-F-ANN-FBR,federal,annual notice,PRESENT,2026-07-05-ssa-cola-2026,us/guidance/ssa/cola/2026/federal-register/block-1,yes,"$994 individual / $1,491 couple / $498 essential person for 2026 in 90 FR 49047"
us-ak,SSI-F-ANN-FBR,federal,annual notice,PRESENT,2026-07-05-ssa-cola-2026,us/guidance/ssa/cola/2026/federal-register/block-1,yes,inherited from federal
us-al,SSI-F-ANN-FBR,federal,annual notice,PRESENT,2026-07-05-ssa-cola-2026,us/guidance/ssa/cola/2026/federal-register/block-1,yes,inherited from federal
us-ar,SSI-F-ANN-FBR,federal,annual notice,PRESENT,2026-07-05-ssa-cola-2026,us/guidance/ssa/cola/2026/federal-register/block-1,yes,inherited from federal
us-az,SSI-F-ANN-FBR,federal,annual notice,PRESENT,2026-07-05-ssa-cola-2026,us/guidance/ssa/cola/2026/federal-register/block-1,yes,inherited from federal
us-ca,SSI-F-ANN-FBR,federal,annual notice,PRESENT,2026-07-05-ssa-cola-2026,us/guidance/ssa/cola/2026/federal-register/block-1,yes,inherited from federal
us-co,SSI-F-ANN-FBR,federal,annual notice,PRESENT,2026-07-05-ssa-cola-2026,us/guidance/ssa/cola/2026/federal-register/block-1,yes,inherited from federal
us-ct,SSI-F-ANN-FBR,federal,annual notice,PRESENT,2026-07-05-ssa-cola-2026,us/guidance/ssa/cola/2026/federal-register/block-1,yes,inherited from federal
us-dc,SSI-F-ANN-FBR,federal,annual notice,PRESENT,2026-07-05-ssa-cola-2026,us/guidance/ssa/cola/2026/federal-register/block-1,yes,inherited from federal
us-de,SSI-F-ANN-FBR,federal,annual notice,PRESENT,2026-07-05-ssa-cola-2026,us/guidance/ssa/cola/2026/federal-register/block-1,yes,inherited from federal
us-fl,SSI-F-ANN-FBR,federal,annual notice,PRESENT,2026-07-05-ssa-cola-2026,us/guidance/ssa/cola/2026/federal-register/block-1,yes,inherited from federal
us-ga,SSI-F-ANN-FBR,federal,annual notice,PRESENT,2026-07-05-ssa-cola-2026,us/guidance/ssa/cola/2026/federal-register/block-1,yes,inherited from federal
us-hi,SSI-F-ANN-FBR,federal,annual notice,PRESENT,2026-07-05-ssa-cola-2026,us/guidance/ssa/cola/2026/federal-register/block-1,yes,inherited from federal
us-ia,SSI-F-ANN-FBR,federal,annual notice,PRESENT,2026-07-05-ssa-cola-2026,us/guidance/ssa/cola/2026/federal-register/block-1,yes,inherited from federal
us-id,SSI-F-ANN-FBR,federal,annual notice,PRESENT,2026-07-05-ssa-cola-2026,us/guidance/ssa/cola/2026/federal-register/block-1,yes,inherited from federal
us-il,SSI-F-ANN-FBR,federal,annual notice,PRESENT,2026-07-05-ssa-cola-2026,us/guidance/ssa/cola/2026/federal-register/block-1,yes,inherited from federal
us-in,SSI-F-ANN-FBR,federal,annual notice,PRESENT,2026-07-05-ssa-cola-2026,us/guidance/ssa/cola/2026/federal-register/block-1,yes,inherited from federal
us-ks,SSI-F-ANN-FBR,federal,annual notice,PRESENT,2026-07-05-ssa-cola-2026,us/guidance/ssa/cola/2026/federal-register/block-1,yes,inherited from federal
us-ky,SSI-F-ANN-FBR,federal,annual notice,PRESENT,2026-07-05-ssa-cola-2026,us/guidance/ssa/cola/2026/federal-register/block-1,yes,inherited from federal
us-la,SSI-F-ANN-FBR,federal,annual notice,PRESENT,2026-07-05-ssa-cola-2026,us/guidance/ssa/cola/2026/federal-register/block-1,yes,inherited from federal
us-ma,SSI-F-ANN-FBR,federal,annual notice,PRESENT,2026-07-05-ssa-cola-2026,us/guidance/ssa/cola/2026/federal-register/block-1,yes,inherited from federal
us-md,SSI-F-ANN-FBR,federal,annual notice,PRESENT,2026-07-05-ssa-cola-2026,us/guidance/ssa/cola/2026/federal-register/block-1,yes,inherited from federal
us-me,SSI-F-ANN-FBR,federal,annual notice,PRESENT,2026-07-05-ssa-cola-2026,us/guidance/ssa/cola/2026/federal-register/block-1,yes,inherited from federal
us-mi,SSI-F-ANN-FBR,federal,annual notice,PRESENT,2026-07-05-ssa-cola-2026,us/guidance/ssa/cola/2026/federal-register/block-1,yes,inherited from federal
us-mn,SSI-F-ANN-FBR,federal,annual notice,PRESENT,2026-07-05-ssa-cola-2026,us/guidance/ssa/cola/2026/federal-register/block-1,yes,inherited from federal
us-mo,SSI-F-ANN-FBR,federal,annual notice,PRESENT,2026-07-05-ssa-cola-2026,us/guidance/ssa/cola/2026/federal-register/block-1,yes,inherited from federal
us-ms,SSI-F-ANN-FBR,federal,annual notice,PRESENT,2026-07-05-ssa-cola-2026,us/guidance/ssa/cola/2026/federal-register/block-1,yes,inherited from federal
us-mt,SSI-F-ANN-FBR,federal,annual notice,PRESENT,2026-07-05-ssa-cola-2026,us/guidance/ssa/cola/2026/federal-register/block-1,yes,inherited from federal
us-nc,SSI-F-ANN-FBR,federal,annual notice,PRESENT,2026-07-05-ssa-cola-2026,us/guidance/ssa/cola/2026/federal-register/block-1,yes,inherited from federal
us-nd,SSI-F-ANN-FBR,federal,annual notice,PRESENT,2026-07-05-ssa-cola-2026,us/guidance/ssa/cola/2026/federal-register/block-1,yes,inherited from federal
us-ne,SSI-F-ANN-FBR,federal,annual notice,PRESENT,2026-07-05-ssa-cola-2026,us/guidance/ssa/cola/2026/federal-register/block-1,yes,inherited from federal
us-nh,SSI-F-ANN-FBR,federal,annual notice,PRESENT,2026-07-05-ssa-cola-2026,us/guidance/ssa/cola/2026/federal-register/block-1,yes,inherited from federal
us-nj,SSI-F-ANN-FBR,federal,annual notice,PRESENT,2026-07-05-ssa-cola-2026,us/guidance/ssa/cola/2026/federal-register/block-1,yes,inherited from federal
us-nm,SSI-F-ANN-FBR,federal,annual notice,PRESENT,2026-07-05-ssa-cola-2026,us/guidance/ssa/cola/2026/federal-register/block-1,yes,inherited from federal
us-nv,SSI-F-ANN-FBR,federal,annual notice,PRESENT,2026-07-05-ssa-cola-2026,us/guidance/ssa/cola/2026/federal-register/block-1,yes,inherited from federal
us-ny,SSI-F-ANN-FBR,federal,annual notice,PRESENT,2026-07-05-ssa-cola-2026,us/guidance/ssa/cola/2026/federal-register/block-1,yes,inherited from federal
us-oh,SSI-F-ANN-FBR,federal,annual notice,PRESENT,2026-07-05-ssa-cola-2026,us/guidance/ssa/cola/2026/federal-register/block-1,yes,inherited from federal
us-ok,SSI-F-ANN-FBR,federal,annual notice,PRESENT,2026-07-05-ssa-cola-2026,us/guidance/ssa/cola/2026/federal-register/block-1,yes,inherited from federal
us-or,SSI-F-ANN-FBR,federal,annual notice,PRESENT,2026-07-05-ssa-cola-2026,us/guidance/ssa/cola/2026/federal-register/block-1,yes,inherited from federal
us-pa,SSI-F-ANN-FBR,federal,annual notice,PRESENT,2026-07-05-ssa-cola-2026,us/guidance/ssa/cola/2026/federal-register/block-1,yes,inherited from federal
us-ri,SSI-F-ANN-FBR,federal,annual notice,PRESENT,2026-07-05-ssa-cola-2026,us/guidance/ssa/cola/2026/federal-register/block-1,yes,inherited from federal
us-sc,SSI-F-ANN-FBR,federal,annual notice,PRESENT,2026-07-05-ssa-cola-2026,us/guidance/ssa/cola/2026/federal-register/block-1,yes,inherited from federal
us-sd,SSI-F-ANN-FBR,federal,annual notice,PRESENT,2026-07-05-ssa-cola-2026,us/guidance/ssa/cola/2026/federal-register/block-1,yes,inherited from federal
us-tn,SSI-F-ANN-FBR,federal,annual notice,PRESENT,2026-07-05-ssa-cola-2026,us/guidance/ssa/cola/2026/federal-register/block-1,yes,inherited from federal
us-tx,SSI-F-ANN-FBR,federal,annual notice,PRESENT,2026-07-05-ssa-cola-2026,us/guidance/ssa/cola/2026/federal-register/block-1,yes,inherited from federal
us-ut,SSI-F-ANN-FBR,federal,annual notice,PRESENT,2026-07-05-ssa-cola-2026,us/guidance/ssa/cola/2026/federal-register/block-1,yes,inherited from federal
us-va,SSI-F-ANN-FBR,federal,annual notice,PRESENT,2026-07-05-ssa-cola-2026,us/guidance/ssa/cola/2026/federal-register/block-1,yes,inherited from federal
us-vt,SSI-F-ANN-FBR,federal,annual notice,PRESENT,2026-07-05-ssa-cola-2026,us/guidance/ssa/cola/2026/federal-register/block-1,yes,inherited from federal
us-wa,SSI-F-ANN-FBR,federal,annual notice,PRESENT,2026-07-05-ssa-cola-2026,us/guidance/ssa/cola/2026/federal-register/block-1,yes,inherited from federal
us-wi,SSI-F-ANN-FBR,federal,annual notice,PRESENT,2026-07-05-ssa-cola-2026,us/guidance/ssa/cola/2026/federal-register/block-1,yes,inherited from federal
us-wv,SSI-F-ANN-FBR,federal,annual notice,PRESENT,2026-07-05-ssa-cola-2026,us/guidance/ssa/cola/2026/federal-register/block-1,yes,inherited from federal
us-wy,SSI-F-ANN-FBR,federal,annual notice,PRESENT,2026-07-05-ssa-cola-2026,us/guidance/ssa/cola/2026/federal-register/block-1,yes,inherited from federal
us,SSI-F-ANN-SEIE,federal,annual notice,PRESENT,2026-07-05-ssa-cola-2026,us/guidance/ssa/cola/2026/federal-register/block-1,yes,"$2,410/month, $9,730/year for 2026"
us-ak,SSI-F-ANN-SEIE,federal,annual notice,PRESENT,2026-07-05-ssa-cola-2026,us/guidance/ssa/cola/2026/federal-register/block-1,yes,inherited from federal
us-al,SSI-F-ANN-SEIE,federal,annual notice,PRESENT,2026-07-05-ssa-cola-2026,us/guidance/ssa/cola/2026/federal-register/block-1,yes,inherited from federal
us-ar,SSI-F-ANN-SEIE,federal,annual notice,PRESENT,2026-07-05-ssa-cola-2026,us/guidance/ssa/cola/2026/federal-register/block-1,yes,inherited from federal
us-az,SSI-F-ANN-SEIE,federal,annual notice,PRESENT,2026-07-05-ssa-cola-2026,us/guidance/ssa/cola/2026/federal-register/block-1,yes,inherited from federal
us-ca,SSI-F-ANN-SEIE,federal,annual notice,PRESENT,2026-07-05-ssa-cola-2026,us/guidance/ssa/cola/2026/federal-register/block-1,yes,inherited from federal
us-co,SSI-F-ANN-SEIE,federal,annual notice,PRESENT,2026-07-05-ssa-cola-2026,us/guidance/ssa/cola/2026/federal-register/block-1,yes,inherited from federal
us-ct,SSI-F-ANN-SEIE,federal,annual notice,PRESENT,2026-07-05-ssa-cola-2026,us/guidance/ssa/cola/2026/federal-register/block-1,yes,inherited from federal
us-dc,SSI-F-ANN-SEIE,federal,annual notice,PRESENT,2026-07-05-ssa-cola-2026,us/guidance/ssa/cola/2026/federal-register/block-1,yes,inherited from federal
us-de,SSI-F-ANN-SEIE,federal,annual notice,PRESENT,2026-07-05-ssa-cola-2026,us/guidance/ssa/cola/2026/federal-register/block-1,yes,inherited from federal
us-fl,SSI-F-ANN-SEIE,federal,annual notice,PRESENT,2026-07-05-ssa-cola-2026,us/guidance/ssa/cola/2026/federal-register/block-1,yes,inherited from federal
us-ga,SSI-F-ANN-SEIE,federal,annual notice,PRESENT,2026-07-05-ssa-cola-2026,us/guidance/ssa/cola/2026/federal-register/block-1,yes,inherited from federal
us-hi,SSI-F-ANN-SEIE,federal,annual notice,PRESENT,2026-07-05-ssa-cola-2026,us/guidance/ssa/cola/2026/federal-register/block-1,yes,inherited from federal
us-ia,SSI-F-ANN-SEIE,federal,annual notice,PRESENT,2026-07-05-ssa-cola-2026,us/guidance/ssa/cola/2026/federal-register/block-1,yes,inherited from federal
us-id,SSI-F-ANN-SEIE,federal,annual notice,PRESENT,2026-07-05-ssa-cola-2026,us/guidance/ssa/cola/2026/federal-register/block-1,yes,inherited from federal
us-il,SSI-F-ANN-SEIE,federal,annual notice,PRESENT,2026-07-05-ssa-cola-2026,us/guidance/ssa/cola/2026/federal-register/block-1,yes,inherited from federal
us-in,SSI-F-ANN-SEIE,federal,annual notice,PRESENT,2026-07-05-ssa-cola-2026,us/guidance/ssa/cola/2026/federal-register/block-1,yes,inherited from federal
us-ks,SSI-F-ANN-SEIE,federal,annual notice,PRESENT,2026-07-05-ssa-cola-2026,us/guidance/ssa/cola/2026/federal-register/block-1,yes,inherited from federal
us-ky,SSI-F-ANN-SEIE,federal,annual notice,PRESENT,2026-07-05-ssa-cola-2026,us/guidance/ssa/cola/2026/federal-register/block-1,yes,inherited from federal
us-la,SSI-F-ANN-SEIE,federal,annual notice,PRESENT,2026-07-05-ssa-cola-2026,us/guidance/ssa/cola/2026/federal-register/block-1,yes,inherited from federal
us-ma,SSI-F-ANN-SEIE,federal,annual notice,PRESENT,2026-07-05-ssa-cola-2026,us/guidance/ssa/cola/2026/federal-register/block-1,yes,inherited from federal
us-md,SSI-F-ANN-SEIE,federal,annual notice,PRESENT,2026-07-05-ssa-cola-2026,us/guidance/ssa/cola/2026/federal-register/block-1,yes,inherited from federal
us-me,SSI-F-ANN-SEIE,federal,annual notice,PRESENT,2026-07-05-ssa-cola-2026,us/guidance/ssa/cola/2026/federal-register/block-1,yes,inherited from federal
us-mi,SSI-F-ANN-SEIE,federal,annual notice,PRESENT,2026-07-05-ssa-cola-2026,us/guidance/ssa/cola/2026/federal-register/block-1,yes,inherited from federal
us-mn,SSI-F-ANN-SEIE,federal,annual notice,PRESENT,2026-07-05-ssa-cola-2026,us/guidance/ssa/cola/2026/federal-register/block-1,yes,inherited from federal
us-mo,SSI-F-ANN-SEIE,federal,annual notice,PRESENT,2026-07-05-ssa-cola-2026,us/guidance/ssa/cola/2026/federal-register/block-1,yes,inherited from federal
us-ms,SSI-F-ANN-SEIE,federal,annual notice,PRESENT,2026-07-05-ssa-cola-2026,us/guidance/ssa/cola/2026/federal-register/block-1,yes,inherited from federal
us-mt,SSI-F-ANN-SEIE,federal,annual notice,PRESENT,2026-07-05-ssa-cola-2026,us/guidance/ssa/cola/2026/federal-register/block-1,yes,inherited from federal
us-nc,SSI-F-ANN-SEIE,federal,annual notice,PRESENT,2026-07-05-ssa-cola-2026,us/guidance/ssa/cola/2026/federal-register/block-1,yes,inherited from federal
us-nd,SSI-F-ANN-SEIE,federal,annual notice,PRESENT,2026-07-05-ssa-cola-2026,us/guidance/ssa/cola/2026/federal-register/block-1,yes,inherited from federal
us-ne,SSI-F-ANN-SEIE,federal,annual notice,PRESENT,2026-07-05-ssa-cola-2026,us/guidance/ssa/cola/2026/federal-register/block-1,yes,inherited from federal
us-nh,SSI-F-ANN-SEIE,federal,annual notice,PRESENT,2026-07-05-ssa-cola-2026,us/guidance/ssa/cola/2026/federal-register/block-1,yes,inherited from federal
us-nj,SSI-F-ANN-SEIE,federal,annual notice,PRESENT,2026-07-05-ssa-cola-2026,us/guidance/ssa/cola/2026/federal-register/block-1,yes,inherited from federal
us-nm,SSI-F-ANN-SEIE,federal,annual notice,PRESENT,2026-07-05-ssa-cola-2026,us/guidance/ssa/cola/2026/federal-register/block-1,yes,inherited from federal
us-nv,SSI-F-ANN-SEIE,federal,annual notice,PRESENT,2026-07-05-ssa-cola-2026,us/guidance/ssa/cola/2026/federal-register/block-1,yes,inherited from federal
us-ny,SSI-F-ANN-SEIE,federal,annual notice,PRESENT,2026-07-05-ssa-cola-2026,us/guidance/ssa/cola/2026/federal-register/block-1,yes,inherited from federal
us-oh,SSI-F-ANN-SEIE,federal,annual notice,PRESENT,2026-07-05-ssa-cola-2026,us/guidance/ssa/cola/2026/federal-register/block-1,yes,inherited from federal
us-ok,SSI-F-ANN-SEIE,federal,annual notice,PRESENT,2026-07-05-ssa-cola-2026,us/guidance/ssa/cola/2026/federal-register/block-1,yes,inherited from federal
us-or,SSI-F-ANN-SEIE,federal,annual notice,PRESENT,2026-07-05-ssa-cola-2026,us/guidance/ssa/cola/2026/federal-register/block-1,yes,inherited from federal
us-pa,SSI-F-ANN-SEIE,federal,annual notice,PRESENT,2026-07-05-ssa-cola-2026,us/guidance/ssa/cola/2026/federal-register/block-1,yes,inherited from federal
us-ri,SSI-F-ANN-SEIE,federal,annual notice,PRESENT,2026-07-05-ssa-cola-2026,us/guidance/ssa/cola/2026/federal-register/block-1,yes,inherited from federal
us-sc,SSI-F-ANN-SEIE,federal,annual notice,PRESENT,2026-07-05-ssa-cola-2026,us/guidance/ssa/cola/2026/federal-register/block-1,yes,inherited from federal
us-sd,SSI-F-ANN-SEIE,federal,annual notice,PRESENT,2026-07-05-ssa-cola-2026,us/guidance/ssa/cola/2026/federal-register/block-1,yes,inherited from federal
us-tn,SSI-F-ANN-SEIE,federal,annual notice,PRESENT,2026-07-05-ssa-cola-2026,us/guidance/ssa/cola/2026/federal-register/block-1,yes,inherited from federal
us-tx,SSI-F-ANN-SEIE,federal,annual notice,PRESENT,2026-07-05-ssa-cola-2026,us/guidance/ssa/cola/2026/federal-register/block-1,yes,inherited from federal
us-ut,SSI-F-ANN-SEIE,federal,annual notice,PRESENT,2026-07-05-ssa-cola-2026,us/guidance/ssa/cola/2026/federal-register/block-1,yes,inherited from federal
us-va,SSI-F-ANN-SEIE,federal,annual notice,PRESENT,2026-07-05-ssa-cola-2026,us/guidance/ssa/cola/2026/federal-register/block-1,yes,inherited from federal
us-vt,SSI-F-ANN-SEIE,federal,annual notice,PRESENT,2026-07-05-ssa-cola-2026,us/guidance/ssa/cola/2026/federal-register/block-1,yes,inherited from federal
us-wa,SSI-F-ANN-SEIE,federal,annual notice,PRESENT,2026-07-05-ssa-cola-2026,us/guidance/ssa/cola/2026/federal-register/block-1,yes,inherited from federal
us-wi,SSI-F-ANN-SEIE,federal,annual notice,PRESENT,2026-07-05-ssa-cola-2026,us/guidance/ssa/cola/2026/federal-register/block-1,yes,inherited from federal
us-wv,SSI-F-ANN-SEIE,federal,annual notice,PRESENT,2026-07-05-ssa-cola-2026,us/guidance/ssa/cola/2026/federal-register/block-1,yes,inherited from federal
us-wy,SSI-F-ANN-SEIE,federal,annual notice,PRESENT,2026-07-05-ssa-cola-2026,us/guidance/ssa/cola/2026/federal-register/block-1,yes,inherited from federal
us,SSI-F-ANN-SGA,federal,annual notice,PRESENT,2026-05-17-ssa-automatic-determinations-2026,us/guidance/ssa/substantial-gainful-activity/2026/block-1,partial,SSA automatic determinations 2026
us-ak,SSI-F-ANN-SGA,federal,annual notice,PRESENT,2026-05-17-ssa-automatic-determinations-2026,us/guidance/ssa/substantial-gainful-activity/2026/block-1,partial,inherited from federal
us-al,SSI-F-ANN-SGA,federal,annual notice,PRESENT,2026-05-17-ssa-automatic-determinations-2026,us/guidance/ssa/substantial-gainful-activity/2026/block-1,partial,inherited from federal
us-ar,SSI-F-ANN-SGA,federal,annual notice,PRESENT,2026-05-17-ssa-automatic-determinations-2026,us/guidance/ssa/substantial-gainful-activity/2026/block-1,partial,inherited from federal
us-az,SSI-F-ANN-SGA,federal,annual notice,PRESENT,2026-05-17-ssa-automatic-determinations-2026,us/guidance/ssa/substantial-gainful-activity/2026/block-1,partial,inherited from federal
us-ca,SSI-F-ANN-SGA,federal,annual notice,PRESENT,2026-05-17-ssa-automatic-determinations-2026,us/guidance/ssa/substantial-gainful-activity/2026/block-1,partial,inherited from federal
us-co,SSI-F-ANN-SGA,federal,annual notice,PRESENT,2026-05-17-ssa-automatic-determinations-2026,us/guidance/ssa/substantial-gainful-activity/2026/block-1,partial,inherited from federal
us-ct,SSI-F-ANN-SGA,federal,annual notice,PRESENT,2026-05-17-ssa-automatic-determinations-2026,us/guidance/ssa/substantial-gainful-activity/2026/block-1,partial,inherited from federal
us-dc,SSI-F-ANN-SGA,federal,annual notice,PRESENT,2026-05-17-ssa-automatic-determinations-2026,us/guidance/ssa/substantial-gainful-activity/2026/block-1,partial,inherited from federal
us-de,SSI-F-ANN-SGA,federal,annual notice,PRESENT,2026-05-17-ssa-automatic-determinations-2026,us/guidance/ssa/substantial-gainful-activity/2026/block-1,partial,inherited from federal
us-fl,SSI-F-ANN-SGA,federal,annual notice,PRESENT,2026-05-17-ssa-automatic-determinations-2026,us/guidance/ssa/substantial-gainful-activity/2026/block-1,partial,inherited from federal
us-ga,SSI-F-ANN-SGA,federal,annual notice,PRESENT,2026-05-17-ssa-automatic-determinations-2026,us/guidance/ssa/substantial-gainful-activity/2026/block-1,partial,inherited from federal
us-hi,SSI-F-ANN-SGA,federal,annual notice,PRESENT,2026-05-17-ssa-automatic-determinations-2026,us/guidance/ssa/substantial-gainful-activity/2026/block-1,partial,inherited from federal
us-ia,SSI-F-ANN-SGA,federal,annual notice,PRESENT,2026-05-17-ssa-automatic-determinations-2026,us/guidance/ssa/substantial-gainful-activity/2026/block-1,partial,inherited from federal
us-id,SSI-F-ANN-SGA,federal,annual notice,PRESENT,2026-05-17-ssa-automatic-determinations-2026,us/guidance/ssa/substantial-gainful-activity/2026/block-1,partial,inherited from federal
us-il,SSI-F-ANN-SGA,federal,annual notice,PRESENT,2026-05-17-ssa-automatic-determinations-2026,us/guidance/ssa/substantial-gainful-activity/2026/block-1,partial,inherited from federal
us-in,SSI-F-ANN-SGA,federal,annual notice,PRESENT,2026-05-17-ssa-automatic-determinations-2026,us/guidance/ssa/substantial-gainful-activity/2026/block-1,partial,inherited from federal
us-ks,SSI-F-ANN-SGA,federal,annual notice,PRESENT,2026-05-17-ssa-automatic-determinations-2026,us/guidance/ssa/substantial-gainful-activity/2026/block-1,partial,inherited from federal
us-ky,SSI-F-ANN-SGA,federal,annual notice,PRESENT,2026-05-17-ssa-automatic-determinations-2026,us/guidance/ssa/substantial-gainful-activity/2026/block-1,partial,inherited from federal
us-la,SSI-F-ANN-SGA,federal,annual notice,PRESENT,2026-05-17-ssa-automatic-determinations-2026,us/guidance/ssa/substantial-gainful-activity/2026/block-1,partial,inherited from federal
us-ma,SSI-F-ANN-SGA,federal,annual notice,PRESENT,2026-05-17-ssa-automatic-determinations-2026,us/guidance/ssa/substantial-gainful-activity/2026/block-1,partial,inherited from federal
us-md,SSI-F-ANN-SGA,federal,annual notice,PRESENT,2026-05-17-ssa-automatic-determinations-2026,us/guidance/ssa/substantial-gainful-activity/2026/block-1,partial,inherited from federal
us-me,SSI-F-ANN-SGA,federal,annual notice,PRESENT,2026-05-17-ssa-automatic-determinations-2026,us/guidance/ssa/substantial-gainful-activity/2026/block-1,partial,inherited from federal
us-mi,SSI-F-ANN-SGA,federal,annual notice,PRESENT,2026-05-17-ssa-automatic-determinations-2026,us/guidance/ssa/substantial-gainful-activity/2026/block-1,partial,inherited from federal
us-mn,SSI-F-ANN-SGA,federal,annual notice,PRESENT,2026-05-17-ssa-automatic-determinations-2026,us/guidance/ssa/substantial-gainful-activity/2026/block-1,partial,inherited from federal
us-mo,SSI-F-ANN-SGA,federal,annual notice,PRESENT,2026-05-17-ssa-automatic-determinations-2026,us/guidance/ssa/substantial-gainful-activity/2026/block-1,partial,inherited from federal
us-ms,SSI-F-ANN-SGA,federal,annual notice,PRESENT,2026-05-17-ssa-automatic-determinations-2026,us/guidance/ssa/substantial-gainful-activity/2026/block-1,partial,inherited from federal
us-mt,SSI-F-ANN-SGA,federal,annual notice,PRESENT,2026-05-17-ssa-automatic-determinations-2026,us/guidance/ssa/substantial-gainful-activity/2026/block-1,partial,inherited from federal
us-nc,SSI-F-ANN-SGA,federal,annual notice,PRESENT,2026-05-17-ssa-automatic-determinations-2026,us/guidance/ssa/substantial-gainful-activity/2026/block-1,partial,inherited from federal
us-nd,SSI-F-ANN-SGA,federal,annual notice,PRESENT,2026-05-17-ssa-automatic-determinations-2026,us/guidance/ssa/substantial-gainful-activity/2026/block-1,partial,inherited from federal
us-ne,SSI-F-ANN-SGA,federal,annual notice,PRESENT,2026-05-17-ssa-automatic-determinations-2026,us/guidance/ssa/substantial-gainful-activity/2026/block-1,partial,inherited from federal
us-nh,SSI-F-ANN-SGA,federal,annual notice,PRESENT,2026-05-17-ssa-automatic-determinations-2026,us/guidance/ssa/substantial-gainful-activity/2026/block-1,partial,inherited from federal
us-nj,SSI-F-ANN-SGA,federal,annual notice,PRESENT,2026-05-17-ssa-automatic-determinations-2026,us/guidance/ssa/substantial-gainful-activity/2026/block-1,partial,inherited from federal
us-nm,SSI-F-ANN-SGA,federal,annual notice,PRESENT,2026-05-17-ssa-automatic-determinations-2026,us/guidance/ssa/substantial-gainful-activity/2026/block-1,partial,inherited from federal
us-nv,SSI-F-ANN-SGA,federal,annual notice,PRESENT,2026-05-17-ssa-automatic-determinations-2026,us/guidance/ssa/substantial-gainful-activity/2026/block-1,partial,inherited from federal
us-ny,SSI-F-ANN-SGA,federal,annual notice,PRESENT,2026-05-17-ssa-automatic-determinations-2026,us/guidance/ssa/substantial-gainful-activity/2026/block-1,partial,inherited from federal
us-oh,SSI-F-ANN-SGA,federal,annual notice,PRESENT,2026-05-17-ssa-automatic-determinations-2026,us/guidance/ssa/substantial-gainful-activity/2026/block-1,partial,inherited from federal
us-ok,SSI-F-ANN-SGA,federal,annual notice,PRESENT,2026-05-17-ssa-automatic-determinations-2026,us/guidance/ssa/substantial-gainful-activity/2026/block-1,partial,inherited from federal
us-or,SSI-F-ANN-SGA,federal,annual notice,PRESENT,2026-05-17-ssa-automatic-determinations-2026,us/guidance/ssa/substantial-gainful-activity/2026/block-1,partial,inherited from federal
us-pa,SSI-F-ANN-SGA,federal,annual notice,PRESENT,2026-05-17-ssa-automatic-determinations-2026,us/guidance/ssa/substantial-gainful-activity/2026/block-1,partial,inherited from federal
us-ri,SSI-F-ANN-SGA,federal,annual notice,PRESENT,2026-05-17-ssa-automatic-determinations-2026,us/guidance/ssa/substantial-gainful-activity/2026/block-1,partial,inherited from federal
us-sc,SSI-F-ANN-SGA,federal,annual notice,PRESENT,2026-05-17-ssa-automatic-determinations-2026,us/guidance/ssa/substantial-gainful-activity/2026/block-1,partial,inherited from federal
us-sd,SSI-F-ANN-SGA,federal,annual notice,PRESENT,2026-05-17-ssa-automatic-determinations-2026,us/guidance/ssa/substantial-gainful-activity/2026/block-1,partial,inherited from federal
us-tn,SSI-F-ANN-SGA,federal,annual notice,PRESENT,2026-05-17-ssa-automatic-determinations-2026,us/guidance/ssa/substantial-gainful-activity/2026/block-1,partial,inherited from federal
us-tx,SSI-F-ANN-SGA,federal,annual notice,PRESENT,2026-05-17-ssa-automatic-determinations-2026,us/guidance/ssa/substantial-gainful-activity/2026/block-1,partial,inherited from federal
us-ut,SSI-F-ANN-SGA,federal,annual notice,PRESENT,2026-05-17-ssa-automatic-determinations-2026,us/guidance/ssa/substantial-gainful-activity/2026/block-1,partial,inherited from federal
us-va,SSI-F-ANN-SGA,federal,annual notice,PRESENT,2026-05-17-ssa-automatic-determinations-2026,us/guidance/ssa/substantial-gainful-activity/2026/block-1,partial,inherited from federal
us-vt,SSI-F-ANN-SGA,federal,annual notice,PRESENT,2026-05-17-ssa-automatic-determinations-2026,us/guidance/ssa/substantial-gainful-activity/2026/block-1,partial,inherited from federal
us-wa,SSI-F-ANN-SGA,federal,annual notice,PRESENT,2026-05-17-ssa-automatic-determinations-2026,us/guidance/ssa/substantial-gainful-activity/2026/block-1,partial,inherited from federal
us-wi,SSI-F-ANN-SGA,federal,annual notice,PRESENT,2026-05-17-ssa-automatic-determinations-2026,us/guidance/ssa/substantial-gainful-activity/2026/block-1,partial,inherited from federal
us-wv,SSI-F-ANN-SGA,federal,annual notice,PRESENT,2026-05-17-ssa-automatic-determinations-2026,us/guidance/ssa/substantial-gainful-activity/2026/block-1,partial,inherited from federal
us-wy,SSI-F-ANN-SGA,federal,annual notice,PRESENT,2026-05-17-ssa-automatic-determinations-2026,us/guidance/ssa/substantial-gainful-activity/2026/block-1,partial,inherited from federal
us-ak,SSI-ST-1,state,manual (POMS),PRESENT,2026-09-10-ssi-poms-si,us/manual/ssa/poms/si/01415.010/block-1,partial,SI 01415.010 state table row: Optional = S; table body opened
us-ak,SSI-ST-2,state,state statute/regulation,REVIEW,,,partial,AS 47.25.430-.615 (APA statute) not inventoried; the queue took the DPA APA Manual only
us-ak,SSI-ST-3,state,state regulation/manual,PRESENT,2026-09-10-ssi-state-supplement,us-ak/manual/dpa/apa/400-400-1-an-overview-of-the-adult-public-assistance-program/block-1,partial,"DPA Adult Public Assistance Manual 400-1 overview (4,942 chars; 660 rows, sections 400-482); eligibility categories and living arrangements in the 400s-470s topics"
us-ak,SSI-ST-4,state,state regulation/manual,PRESENT,2026-06-30-ak-apa-standards-ak-dpa-apa-standards-2026,us-ak/guidance/dpa/apa/standards/2026/page-1,partial,APA payment standards 2026 ($977 need standard on page 1); manual section 470s carry the standards text
us-ak,SSI-ST-5,state,state regulation/manual,PRESENT,2026-09-10-ssi-state-supplement,us-ak/manual/dpa/apa/440-440-4-determining-the-household-s-monthly-income/block-1,partial,"APA 440-4 Determining eligibility and benefit level (28,534 chars); income 440-443, resources 430-433 (430-2 resource limits)"
us-ak,SSI-ST-6,state,n/a,ABSENT,,,no,n/a: state-administered program (not in SI 01415.058A)
us-al,SSI-ST-1,state,manual (POMS),PRESENT,2026-09-10-ssi-poms-si,us/manual/ssa/poms/si/01415.010/block-1,partial,SI 01415.010 state table row: Optional = S; table body opened
us-al,SSI-ST-2,state,state statute/regulation,PRESENT,2026-06-30-al-admin-code-660-2-4,us-al/regulation/alabama-administrative-code/660/2/4,partial,Alabama Administrative Code chapter 660-2-4 Optional Supplementation (62 page rows)
us-al,SSI-ST-3,state,state regulation/manual,PRESENT,2026-06-30-al-admin-code-660-2-4,us-al/regulation/alabama-administrative-code/660/2/4/page-2,partial,page 2 (660-2-4-.01 General): optional supplementation is paid to SSI recipients not on assistance in December 1973; page 4: ineligibility for SSI means ineligibility for supplementation
us-al,SSI-ST-4,state,state regulation/manual,PRESENT,2026-06-30-al-admin-code-660-2-4,us-al/regulation/alabama-administrative-code/660/2/4/page-24,partial,"page 24 payment table (nursing care supplement $60, personal care supplements); page granularity, supplement dated 3/31/95"
us-al,SSI-ST-5,state,state regulation/manual,REVIEW,2026-06-30-al-admin-code-660-2-4,us-al/regulation/alabama-administrative-code/660/2/4/page-10,partial,"chapter present at page granularity (62 pages, supplement dated 3/31/95) but the budgeting page was not individually located; open pages 10-24"
us-al,SSI-ST-6,state,n/a,ABSENT,,,no,n/a: state-administered program (not in SI 01415.058A)
us-ar,SSI-ST-1,state,manual (POMS),PRESENT,2026-09-10-ssi-poms-si,us/manual/ssa/poms/si/01415.010/block-1,no,SI 01415.010 state table row: Optional = N; table body opened
us-ar,SSI-ST-2,state,n/a,ABSENT,,,no,"n/a: no optional state supplement (POMS SI 01415.010 Optional = N); mandatory supplement, if any, is federally computed"
us-ar,SSI-ST-3,state,n/a,ABSENT,,,no,"n/a: no optional state supplement (POMS SI 01415.010 Optional = N); mandatory supplement, if any, is federally computed"
us-ar,SSI-ST-4,state,n/a,ABSENT,,,no,"n/a: no optional state supplement (POMS SI 01415.010 Optional = N); mandatory supplement, if any, is federally computed"
us-ar,SSI-ST-5,state,n/a,ABSENT,,,no,"n/a: no optional state supplement (POMS SI 01415.010 Optional = N); mandatory supplement, if any, is federally computed"
us-ar,SSI-ST-6,state,n/a,ABSENT,,,no,"n/a: no optional state supplement (POMS SI 01415.010 Optional = N); mandatory supplement, if any, is federally computed"
us-az,SSI-ST-1,state,manual (POMS),PRESENT,2026-09-10-ssi-poms-si,us/manual/ssa/poms/si/01415.010/block-1,no,SI 01415.010 state table row: Optional = N; table body opened
us-az,SSI-ST-2,state,n/a,ABSENT,,,no,"n/a: no optional state supplement (POMS SI 01415.010 Optional = N); mandatory supplement, if any, is federally computed"
us-az,SSI-ST-3,state,n/a,ABSENT,,,no,"n/a: no optional state supplement (POMS SI 01415.010 Optional = N); mandatory supplement, if any, is federally computed"
us-az,SSI-ST-4,state,n/a,ABSENT,,,no,"n/a: no optional state supplement (POMS SI 01415.010 Optional = N); mandatory supplement, if any, is federally computed"
us-az,SSI-ST-5,state,n/a,ABSENT,,,no,"n/a: no optional state supplement (POMS SI 01415.010 Optional = N); mandatory supplement, if any, is federally computed"
us-az,SSI-ST-6,state,n/a,ABSENT,,,no,"n/a: no optional state supplement (POMS SI 01415.010 Optional = N); mandatory supplement, if any, is federally computed"
us-ca,SSI-ST-1,state,manual (POMS),PRESENT,2026-09-10-ssi-poms-si,us/manual/ssa/poms/si/01415.010/block-1,partial,SI 01415.010 state table row: Optional = F; table body opened
us-ca,SSI-ST-2,state,state statute/regulation,PRESENT,2026-06-27-ca-ssi-ssp-wic-12200-us-ca-sections-wic-12200,us-ca/statute/wic/12200,partial,"Welf. & Inst. Code 12200 (SSP payment standards statute, 2,917 chars)"
us-ca,SSI-ST-3,state,manual (POMS),PRESENT,2026-09-10-ssi-poms-si,us/manual/ssa/poms/si/01415.058/block-2,partial,California living-arrangement definitions (block-2) and payment levels (blocks 4-5); regional SI SF01415.100-.190
us-ca,SSI-ST-4,state,manual (POMS),PRESENT,2026-09-10-ssi-poms-si,us/manual/ssa/poms/si/01415.058/block-4,partial,"January 2026 recipient payment levels by living-arrangement code (SI 01415.058, TN 95; couple levels in the next block); SSA-administered"
us-ca,SSI-ST-5,state,n/a,ABSENT,,,no,n/a: federally administered; SSI income/resource rules apply (20 CFR 416 subparts K-L)
us-ca,SSI-ST-6,state,manual (POMS),PRESENT,2026-09-10-ssi-poms-si,us/manual/ssa/poms/si/01415.058/block-2,partial,California living-arrangement definitions (block-2) and payment levels (blocks 4-5); regional SI SF01415.100-.190
us-co,SSI-ST-1,state,manual (POMS),PRESENT,2026-09-10-ssi-poms-si,us/manual/ssa/poms/si/01415.010/block-1,partial,SI 01415.010 state table row: Optional = S; table body opened
us-co,SSI-ST-2,state,state statute/regulation,PRESENT,2026-06-19-co-oap-9-ccr-2503-5-r2026-07-15-self-contained,us-co/regulation/9-ccr-2503-5/3.530,partial,"9 CCR 2503-5 Adult Financial: 3.530 OAP, 3.540 AND-SO"
us-co,SSI-ST-3,state,state regulation/manual,PRESENT,2026-06-19-co-oap-9-ccr-2503-5-r2026-07-15-self-contained,us-co/regulation/9-ccr-2503-5/3.540.1,partial,"OAP and AND-SO definitions and eligibility (3.530.1, 3.540.1)"
us-co,SSI-ST-4,state,state regulation/manual,PRESENT,2026-06-19-co-oap-9-ccr-2503-5-r2026-07-15-self-contained,us-co/regulation/9-ccr-2503-5/3.530,partial,"OAP grant standard $1,032 effective 2026-01-01; PNA $79 in 3.532"
us-co,SSI-ST-5,state,state regulation/manual,PRESENT,2026-06-19-co-oap-9-ccr-2503-5-r2026-07-15-self-contained,us-co/regulation/9-ccr-2503-5/3.533,partial,3.533 income disregards ($65 + half)
us-co,SSI-ST-6,state,n/a,ABSENT,,,no,n/a: state-administered program (not in SI 01415.058A)
us-ct,SSI-ST-1,state,manual (POMS),PRESENT,2026-09-10-ssi-poms-si,us/manual/ssa/poms/si/01415.010/block-1,partial,SI 01415.010 state table row: Optional = S; table body opened
us-ct,SSI-ST-2,state,state statute/regulation,REVIEW,,,partial,Conn. Gen. Stat. 17b-600 et seq. not inventoried; DSS UPM sections are the operating rule
us-ct,SSI-ST-3,state,state regulation/manual,PRESENT,2026-07-02-ct-ssp-upm-and-standards,us-ct/policy/dss/upm/4005.05/block-1,partial,"UPM 4005.05 general principles, 4520.10 rated housing, 4520.20 LTC facilities"
us-ct,SSI-ST-4,state,state regulation/manual,PRESENT,2026-07-02-ct-ssp-upm-and-standards,us-ct/policy/dss/program-standards/2026-01-01/page-1,partial,"DSS program standards chart effective 2026-01-01 (page 1: SSP standards, $1,600 asset limit, disregards); UPM 4520.10 rated housing rates ($130.40 New Horizons)"
us-ct,SSI-ST-5,state,state regulation/manual,PRESENT,2026-07-02-ct-ssp-upm-and-standards,us-ct/policy/dss/upm/5030.10/block-1,partial,"UPM 5030.10 earned income disregard, 5030.15 unearned income disregard, 4005.10 asset limits"
us-ct,SSI-ST-6,state,n/a,ABSENT,,,no,n/a: state-administered program (not in SI 01415.058A)
us-dc,SSI-ST-1,state,manual (POMS),PRESENT,2026-09-10-ssi-poms-si,us/manual/ssa/poms/si/01415.010/block-1,partial,SI 01415.010 state table row: Optional = F/S; table body opened
us-dc,SSI-ST-2,state,state statute/regulation,REVIEW,,,partial,DC Code 4-205.05 et seq. / DCMR not inventoried for the state-administered part
us-dc,SSI-ST-3,state,manual (POMS),PRESENT,2026-09-10-ssi-poms-si,us/manual/ssa/poms/si/01415.058/block-10,partial,"DC living-arrangement definitions (block-10) and payment levels (blocks 12-13); SI PHI01415.009; also us/guidance/ssa/poms/si-01415-058/2026 (dc-ossp scope); F/S: the state-administered part (DHCF OSSP for adult foster care, DC Code 4-205.05) is not covered by the queue"
us-dc,SSI-ST-4,state,manual (POMS),PRESENT,2026-09-10-ssi-poms-si,us/manual/ssa/poms/si/01415.058/block-12,partial,"January 2026 recipient payment levels by living-arrangement code (SI 01415.058, TN 95; couple levels in the next block); F/S: the state-administered part (DHCF OSSP for adult foster care, DC Code 4-205.05) is not covered by the queue"
us-dc,SSI-ST-5,state,state regulation/manual,REVIEW,,,partial,"F/S: the state-administered part (DHCF OSSP for adult foster care, DC Code 4-205.05) is not covered by the queue; SSA rules apply to the federally administered part"
us-dc,SSI-ST-6,state,manual (POMS),PRESENT,2026-09-10-ssi-poms-si,us/manual/ssa/poms/si/01415.058/block-10,partial,DC living-arrangement definitions (block-10) and payment levels (blocks 12-13); SI PHI01415.009; also us/guidance/ssa/poms/si-01415-058/2026 (dc-ossp scope)
us-de,SSI-ST-1,state,manual (POMS),PRESENT,2026-09-10-ssi-poms-si,us/manual/ssa/poms/si/01415.010/block-1,partial,SI 01415.010 state table row: Optional = F/S; table body opened
us-de,SSI-ST-2,state,state statute/regulation,REVIEW,,,partial,"us-de/regulation/2026-07-03-de-dssm-13000 (DSSM 13000, 25 page rows) is on disk but not in the draft selector; Del. Code title 31 not inventoried"
us-de,SSI-ST-3,state,manual (POMS),PRESENT,2026-09-10-ssi-poms-si,us/manual/ssa/poms/si/01415.058/block-6,partial,Delaware living-arrangement definitions (block-6) and payment levels (blocks 8-9); SI PHI01415.008; also us-de/guidance/2026-07-03-de-ssi-state-supplement-poms; F/S: the state-administered part is not covered by the queue
us-de,SSI-ST-4,state,manual (POMS),PRESENT,2026-09-10-ssi-poms-si,us/manual/ssa/poms/si/01415.058/block-8,partial,"January 2026 recipient payment levels by living-arrangement code (SI 01415.058, TN 95; couple levels in the next block); F/S: the state-administered part is not covered by the queue"
us-de,SSI-ST-5,state,state regulation/manual,REVIEW,,,partial,F/S: the state-administered part is not covered by the queue; SSA rules apply to the federally administered part
us-de,SSI-ST-6,state,manual (POMS),PRESENT,2026-09-10-ssi-poms-si,us/manual/ssa/poms/si/01415.058/block-6,partial,Delaware living-arrangement definitions (block-6) and payment levels (blocks 8-9); SI PHI01415.008; also us-de/guidance/2026-07-03-de-ssi-state-supplement-poms
us-fl,SSI-ST-1,state,manual (POMS),PRESENT,2026-09-10-ssi-poms-si,us/manual/ssa/poms/si/01415.010/block-1,no,SI 01415.010 state table row: Optional = S; table body opened
us-fl,SSI-ST-2,state,state statute/regulation,PRESENT,2026-09-10-ssi-state-supplement,us-fl/regulation/fac/65a-2/033,no,FAC chapter 65A-2 Optional State Supplementation (8 rules)
us-fl,SSI-ST-3,state,state regulation/manual,PRESENT,2026-09-10-ssi-state-supplement,us-fl/regulation/fac/65a-2/033,no,"65A-2.033 OSS eligibility and living arrangements (ALF, AFCH, MHRTF)"
us-fl,SSI-ST-4,state,state regulation/manual,PRESENT,2026-09-10-ssi-state-supplement,us-fl/regulation/fac/65a-2/036/block-1,no,"65A-2.036 OSS base provider rates ($1,152.00) and personal needs allowance ($160.00); 65A-2.033 OSS income standard $609.40"
us-fl,SSI-ST-5,state,state regulation/manual,PRESENT,2026-09-10-ssi-state-supplement,us-fl/regulation/fac/65a-2/033/block-1,no,income/PNA budgeting in 65A-2.033
us-fl,SSI-ST-6,state,n/a,ABSENT,,,no,n/a: state-administered program (not in SI 01415.058A)
us-ga,SSI-ST-1,state,manual (POMS),PRESENT,2026-09-10-ssi-poms-si,us/manual/ssa/poms/si/01415.010/block-1,partial,SI 01415.010 state table row: Optional = S; table body opened
us-ga,SSI-ST-2,state,state statute/regulation,REVIEW,,,partial,O.C.G.A. 49-4-3 not inventoried; DFCS manual sections are the operating text
us-ga,SSI-ST-3,state,state regulation/manual,PRESENT,2026-07-13-recovery-r2026-07-17-dedup,us-ga/manual/dfcs/medicaid/2578/block-3,partial,Medicaid Policy Manual 2578 SSI Recipients (nursing-home supplement) and 2136 institutionalized hospice (medicaid scope)
us-ga,SSI-ST-4,state,state regulation/manual,PRESENT,2026-07-13-recovery-r2026-07-17-dedup,us-ga/manual/dfcs/medicaid/2578/block-3,partial,2578 Basic Considerations: SSI reduced to $30 in NH plus state supplement table by effective date
us-ga,SSI-ST-5,state,n/a,ABSENT,,,partial,n/a: Georgia's supplement is a flat institutional add-on for SSI recipients; SSI income rules apply
us-ga,SSI-ST-6,state,n/a,ABSENT,,,no,n/a: state-administered program (not in SI 01415.058A)
us-hi,SSI-ST-1,state,manual (POMS),PRESENT,2026-09-10-ssi-poms-si,us/manual/ssa/poms/si/01415.010/block-1,no,SI 01415.010 state table row: Optional = F; table body opened
us-hi,SSI-ST-2,state,state statute/regulation,REVIEW,,,no,HRS 346-53 not inventoried
us-hi,SSI-ST-3,state,manual (POMS),PRESENT,2026-09-10-ssi-poms-si,us/manual/ssa/poms/si/01415.058/block-14,no,Hawaii living-arrangement definitions (block-14) and payment levels (blocks 16-17); SI SF01415.200-.220
us-hi,SSI-ST-4,state,manual (POMS),PRESENT,2026-09-10-ssi-poms-si,us/manual/ssa/poms/si/01415.058/block-16,no,"January 2026 recipient payment levels by living-arrangement code (SI 01415.058, TN 95; couple levels in the next block); SSA-administered"
us-hi,SSI-ST-5,state,n/a,ABSENT,,,no,n/a: federally administered; SSI income/resource rules apply (20 CFR 416 subparts K-L)
us-hi,SSI-ST-6,state,manual (POMS),PRESENT,2026-09-10-ssi-poms-si,us/manual/ssa/poms/si/01415.058/block-14,no,Hawaii living-arrangement definitions (block-14) and payment levels (blocks 16-17); SI SF01415.200-.220
us-ia,SSI-ST-1,state,manual (POMS),PRESENT,2026-09-10-ssi-poms-si,us/manual/ssa/poms/si/01415.010/block-1,no,SI 01415.010 state table row: Optional = F/S; table body opened
us-ia,SSI-ST-2,state,state statute/regulation,REVIEW,,,no,Iowa Code 249 / 441 IAC 51-52 not inventoried
us-ia,SSI-ST-3,state,manual (POMS),PRESENT,2026-09-10-ssi-poms-si,us/manual/ssa/poms/si/01415.058/block-18,no,"Iowa living-arrangement definitions (block-18) and payment levels (blocks 20-21); F/S: the state-administered part (441 IAC chapter 52, in-home health related care) is not covered by the queue"
us-ia,SSI-ST-4,state,manual (POMS),PRESENT,2026-09-10-ssi-poms-si,us/manual/ssa/poms/si/01415.058/block-20,no,"January 2026 recipient payment levels by living-arrangement code (SI 01415.058, TN 95; couple levels in the next block); F/S: the state-administered part (441 IAC chapter 52, in-home health related care) is not covered by the queue"
us-ia,SSI-ST-5,state,state regulation/manual,REVIEW,,,no,"F/S: the state-administered part (441 IAC chapter 52, in-home health related care) is not covered by the queue; SSA rules apply to the federally administered part"
us-ia,SSI-ST-6,state,manual (POMS),PRESENT,2026-09-10-ssi-poms-si,us/manual/ssa/poms/si/01415.058/block-18,no,Iowa living-arrangement definitions (block-18) and payment levels (blocks 20-21)
us-id,SSI-ST-1,state,manual (POMS),PRESENT,2026-09-10-ssi-poms-si,us/manual/ssa/poms/si/01415.010/block-1,partial,SI 01415.010 state table row: Optional = S; table body opened
us-id,SSI-ST-2,state,state statute/regulation,PRESENT,2026-07-04-id-aabd-rules,us-id/regulation/idapa/16/03/05,partial,IDAPA 16.03.05 Eligibility for AABD (286 section rows)
us-id,SSI-ST-3,state,state regulation/manual,PRESENT,2026-07-04-id-aabd-rules,us-id/regulation/idapa/16/03/05/156,partial,156 AABD for the blind or disabled; 107-109 institutional status; 513 RALF/CFH living arrangements (286 section rows)
us-id,SSI-ST-4,state,state regulation/manual,PRESENT,2026-07-04-id-aabd-rules,us-id/regulation/idapa/16/03/05/514,partial,514 AABD cash payments (maximum payments by living arrangement; $18 essential-person case); 501 basic allowance $545/month; 502 special needs allowances
us-id,SSI-ST-5,state,state regulation/manual,PRESENT,2026-07-04-id-aabd-rules,us-id/regulation/idapa/16/03/05/201,partial,"201 resource limit $2,000/$3,000; income sections 300s"
us-id,SSI-ST-6,state,n/a,ABSENT,,,no,n/a: state-administered program (not in SI 01415.058A)
us-il,SSI-ST-1,state,manual (POMS),PRESENT,2026-09-10-ssi-poms-si,us/manual/ssa/poms/si/01415.010/block-1,partial,SI 01415.010 state table row: Optional = S; table body opened
us-il,SSI-ST-2,state,state statute/regulation,REVIEW,,,partial,305 ILCS 5/3 (AABD article) not inventoried; the IDHS manual is the operating text
us-il,SSI-ST-3,state,state regulation/manual,PRESENT,2026-05-27-il-cash-snap-medical-manual-r2026-07-15-self-contained,us-il/manual/dhs/csmm/15910,partial,PM 11-01-00 AABD Cash Assistance Standard; PM I-03-03 Adult Programs
us-il,SSI-ST-4,state,state regulation/manual,PRESENT,2026-05-27-il-cash-snap-medical-manual-r2026-07-15-self-contained,us-il/manual/dhs/csmm/15911/block-1,partial,WAG 11-01-00 AABD standard; WAG 25 attachments (12661) carry the area/allowance tables
us-il,SSI-ST-5,state,state regulation/manual,PRESENT,2026-05-27-il-cash-snap-medical-manual-r2026-07-15-self-contained,us-il/manual/dhs/csmm/15967/block-1,partial,PM/WAG 11-02-03 using the standard; income disregards in PM 08
us-il,SSI-ST-6,state,n/a,ABSENT,,,no,n/a: state-administered program (not in SI 01415.058A)
us-in,SSI-ST-1,state,manual (POMS),PRESENT,2026-09-10-ssi-poms-si,us/manual/ssa/poms/si/01415.010/block-1,partial,SI 01415.010 state table row: Optional = S; table body opened
us-in,SSI-ST-2,state,state statute/regulation,REVIEW,,,partial,IC 12-10-6 not inventoried
us-in,SSI-ST-3,state,state regulation/manual,PRESENT,2026-07-04-in-ssp-sapn,us-in/manual/fssa/medicaid-policy-manual/chapter-5000/5005.00.00,partial,IHCPPM chapter 5000 SAPN eligibility
us-in,SSI-ST-4,state,state regulation/manual,PRESENT,2026-07-04-in-ssp-sapn,us-in/manual/fssa/medicaid-policy-manual/chapter-5000/5005.05.00,partial,5005.05.00 benefit calculation
us-in,SSI-ST-5,state,n/a,ABSENT,,,partial,n/a: SAPN is a personal-needs add-on for RCAP residents; SSI income rules apply
us-in,SSI-ST-6,state,n/a,ABSENT,,,no,n/a: state-administered program (not in SI 01415.058A)
us-ks,SSI-ST-1,state,manual (POMS),PRESENT,2026-09-10-ssi-poms-si,us/manual/ssa/poms/si/01415.010/block-1,partial,SI 01415.010 state table row: Optional = S; table body opened
us-ks,SSI-ST-2,state,state statute/regulation,REVIEW,,,partial,us-ks/statute/2026-07-04-ks-sspp-statute (K.S.A. 39-972) is on disk but not in the draft selector
us-ks,SSI-ST-3,state,state regulation/manual,PRESENT,2026-07-04-ks-sspp-guidance,us-ks/guidance/khpa/policy-memo/2007-05-01/state-supplemental-payment-program/page-2,partial,page 2: SSPP eligibility follows SSI receipt and the institutional living arrangement (KHPA policy memo 2007-05-01; currency not confirmed)
us-ks,SSI-ST-4,state,state regulation/manual,REVIEW,2026-07-04-ks-sspp-guidance,us-ks/guidance/khpa/policy-memo/2007-05-01/state-supplemental-payment-program/page-2,partial,"the 2007 memo describes the SSPP design and payment; no current-year amount is in the corpus (K.S.A. 39-972 scope is on disk, unselected)"
us-ks,SSI-ST-5,state,n/a,ABSENT,,,partial,n/a: flat institutional/personal-needs supplement; SSI rules apply
us-ks,SSI-ST-6,state,n/a,ABSENT,,,no,n/a: state-administered program (not in SI 01415.058A)
us-ky,SSI-ST-1,state,manual (POMS),PRESENT,2026-09-10-ssi-poms-si,us/manual/ssa/poms/si/01415.010/block-1,partial,SI 01415.010 state table row: Optional = S; table body opened
us-ky,SSI-ST-2,state,state statute/regulation,PRESENT,2026-09-10-ssi-state-supplement,us-ky/regulation/kar/921/002/015,partial,"921 KAR 2:015 Supplemental programs for persons who are aged, blind, or have a disability"
us-ky,SSI-ST-3,state,state regulation/manual,PRESENT,2026-09-10-ssi-state-supplement,us-ky/regulation/kar/921/002/015/block-1,partial,PCH/FCH/caretaker categories in 921 KAR 2:015
us-ky,SSI-ST-4,state,state regulation/manual,PRESENT,2026-09-10-ssi-state-supplement,us-ky/regulation/kar/921/002/015/block-1,partial,payment standard amounts ($965 etc.) in the regulation text
us-ky,SSI-ST-5,state,state regulation/manual,PRESENT,2026-09-10-ssi-state-supplement,us-ky/regulation/kar/921/002/015/block-1,partial,income and resource rules in the same regulation
us-ky,SSI-ST-6,state,n/a,ABSENT,,,no,n/a: state-administered program (not in SI 01415.058A)
us-la,SSI-ST-1,state,manual (POMS),PRESENT,2026-09-10-ssi-poms-si,us/manual/ssa/poms/si/01415.010/block-1,no,SI 01415.010 state table row: Optional = S; table body opened
us-la,SSI-ST-2,state,state statute/regulation,REVIEW,,,no,La. R.S. 46:1 et seq. not inventoried; LDH manual J-0000 is the operating text
us-la,SSI-ST-3,state,state regulation/manual,PRESENT,2026-09-10-ssi-state-supplement,us-la/manual/ldh/medicaid-eligibility/j-0000/page-2,no,J-300 Optional State Supplement payment: state-funded payment of up to $15.00 to certain LTC beneficiaries (page granularity)
us-la,SSI-ST-4,state,state regulation/manual,PRESENT,2026-09-10-ssi-state-supplement,us-la/manual/ldh/medicaid-eligibility/j-0000/page-2,no,"J-300: OSS is up to $15.00 per month (Reissued July 21, 2025)"
us-la,SSI-ST-5,state,n/a,ABSENT,,,no,n/a: flat $15 institutional supplement to SSI-eligible LTC beneficiaries; SSI rules apply
us-la,SSI-ST-6,state,n/a,ABSENT,,,no,n/a: state-administered program (not in SI 01415.058A)
us-ma,SSI-ST-1,state,manual (POMS),PRESENT,2026-09-10-ssi-poms-si,us/manual/ssa/poms/si/01415.010/block-1,partial,SI 01415.010 state table row: Optional = S; table body opened
us-ma,SSI-ST-2,state,state statute/regulation,PRESENT,2026-09-10-ssi-state-supplement,us-ma/regulation/106-cmr/327/327.100,partial,106 CMR 327.000 Eligibility Requirements for SSP (24 sections)
us-ma,SSI-ST-3,state,state regulation/manual,PRESENT,2026-09-10-ssi-state-supplement,us-ma/regulation/106-cmr/327/327.220,partial,327.220 State Living Arrangements A-G
us-ma,SSI-ST-4,state,state regulation/manual,REVIEW,2026-09-10-ssi-state-supplement,us-ma/regulation/106-cmr/327/327.330,partial,327.330 Payment Standards names the method but the dollar table is in a DTA standards chart not taken; POMS SI BOS01415.930 (federal scope) carries older optional-payment text
us-ma,SSI-ST-5,state,state regulation/manual,PRESENT,2026-09-10-ssi-state-supplement,us-ma/regulation/106-cmr/327/327.100,partial,income and asset rules in 106 CMR 327
us-ma,SSI-ST-6,state,n/a,ABSENT,,,no,n/a: state-administered program (not in SI 01415.058A)
us-md,SSI-ST-1,state,manual (POMS),PRESENT,2026-09-10-ssi-poms-si,us/manual/ssa/poms/si/01415.010/block-1,no,SI 01415.010 state table row: Optional = S; table body opened
us-md,SSI-ST-2,state,state statute/regulation,PRESENT,2026-09-10-ssi-state-supplement-publication-2026-09-09-title-07-subtitle-03-chapters-06-07,us-md/regulation/title-07/subtitle-03/chapter-07,no,COMAR 07.03.06 Mandatory State Supplement and 07.03.07 Public Assistance to Adults
us-md,SSI-ST-3,state,state regulation/manual,PRESENT,2026-09-10-ssi-state-supplement-publication-2026-09-09-title-07-subtitle-03-chapters-06-07,us-md/regulation/title-07/subtitle-03/chapter-07/regulation-04,no,"PAA eligibility (assisted living, group homes)"
us-md,SSI-ST-4,state,state regulation/manual,PRESENT,2026-09-10-ssi-state-supplement-publication-2026-09-09-title-07-subtitle-03-chapters-06-07,us-md/regulation/title-07/subtitle-03/chapter-07/regulation-04,no,PAA grant computation with dollar figures ($82 PNA)
us-md,SSI-ST-5,state,state regulation/manual,PRESENT,2026-09-10-ssi-state-supplement-publication-2026-09-09-title-07-subtitle-03-chapters-06-07,us-md/regulation/title-07/subtitle-03/chapter-07/regulation-04,no,income/resource treatment in 07.03.07
us-md,SSI-ST-6,state,n/a,ABSENT,,,no,n/a: state-administered program (not in SI 01415.058A)
us-me,SSI-ST-1,state,manual (POMS),PRESENT,2026-09-10-ssi-poms-si,us/manual/ssa/poms/si/01415.010/block-1,partial,SI 01415.010 state table row: Optional = S; table body opened
us-me,SSI-ST-2,state,state statute/regulation,PRESENT,2026-09-10-ssi-state-supplement,us-me/regulation/dhhs/ofi/chapter-332/part-11/section-1,partial,10-144 CMR ch. 332 Part 11 State Supplement
us-me,SSI-ST-3,state,state regulation/manual,PRESENT,2026-09-10-ssi-state-supplement,us-me/regulation/dhhs/ofi/chapter-332/part-11/section-5,partial,"Part 11 section 5 Types of living arrangements (living alone/with others, flat-rate boarding home, adult foster home, cost-reimbursed boarding home)"
us-me,SSI-ST-4,state,state regulation/manual,PRESENT,2026-09-10-ssi-state-supplement,us-me/regulation/dhhs/ofi/chapter-332/part-11/section-5,partial,section 5: $10.00 individual / $7.50 per member of a couple living alone or with others; boarding-home amounts by arrangement; POMS SI BOS01415.010/.910 in the federal scope
us-me,SSI-ST-5,state,state regulation/manual,PRESENT,2026-09-10-ssi-state-supplement,us-me/regulation/dhhs/ofi/chapter-332/part-11/section-2,partial,section 2: countable income per Part 7 section 2; payment = SSI maximum plus supplement minus countable income
us-me,SSI-ST-6,state,n/a,ABSENT,,,no,n/a: state-administered program (not in SI 01415.058A)
us-mi,SSI-ST-1,state,manual (POMS),PRESENT,2026-09-10-ssi-poms-si,us/manual/ssa/poms/si/01415.010/block-1,partial,SI 01415.010 state table row: Optional = F/S; table body opened
us-mi,SSI-ST-2,state,state statute/regulation,REVIEW,,,partial,MCL 400.1 et seq. not inventoried
us-mi,SSI-ST-3,state,manual (POMS),PRESENT,2026-09-10-ssi-poms-si,us/manual/ssa/poms/si/01415.058/block-22,partial,Michigan living-arrangement definitions (block-22) and payment levels (blocks 24-25); SI CHI01415.001; F/S: the state-administered part is not covered by the queue
us-mi,SSI-ST-4,state,manual (POMS),PRESENT,2026-09-10-ssi-poms-si,us/manual/ssa/poms/si/01415.058/block-24,partial,"January 2026 recipient payment levels by living-arrangement code (SI 01415.058, TN 95; couple levels in the next block); F/S: the state-administered part is not covered by the queue"
us-mi,SSI-ST-5,state,state regulation/manual,REVIEW,,,partial,F/S: the state-administered part is not covered by the queue; SSA rules apply to the federally administered part
us-mi,SSI-ST-6,state,manual (POMS),PRESENT,2026-09-10-ssi-poms-si,us/manual/ssa/poms/si/01415.058/block-22,partial,Michigan living-arrangement definitions (block-22) and payment levels (blocks 24-25); SI CHI01415.001
us-mn,SSI-ST-1,state,manual (POMS),PRESENT,2026-09-10-ssi-poms-si,us/manual/ssa/poms/si/01415.010/block-1,partial,SI 01415.010 state table row: Optional = S; table body opened
us-mn,SSI-ST-2,state,state statute/regulation,REVIEW,,,partial,Minn. Stat. 256D.33-.54 (MSA) not inventoried; DHS Combined Manual is the operating text
us-mn,SSI-ST-3,state,state regulation/manual,PRESENT,2026-05-27-mn-combined-manual-r2026-07-15-self-contained,us-mn/manual/dhs/combined-manual/current/page-913,partial,0020.21 MSA Assistance Standards: living-arrangement rules (page 914 of the PDF; issue 09/2020)
us-mn,SSI-ST-4,state,state regulation/manual,REVIEW,2026-05-27-mn-combined-manual-r2026-07-15-self-contained,us-mn/manual/dhs/combined-manual/current/page-914,partial,page 915 of the PDF prints the $614.66 living-with-others MSA standard from the 09/2020 issue (stale); the 01/2026 revised MSA sections (us-mn/manual/2026-06-27-mn-dhs-msa-revised-sections-2026-01) are on disk but not selected
us-mn,SSI-ST-5,state,state regulation/manual,PRESENT,2026-05-27-mn-combined-manual-r2026-07-15-self-contained,us-mn/manual/dhs/combined-manual/current/page-949,partial,MSA budgeting steps (page 950): subtract countable income from the 0020.21 standard plus special needs (0023)
us-mn,SSI-ST-6,state,n/a,ABSENT,,,no,n/a: state-administered program (not in SI 01415.058A)
us-mo,SSI-ST-1,state,manual (POMS),PRESENT,2026-09-10-ssi-poms-si,us/manual/ssa/poms/si/01415.010/block-1,partial,SI 01415.010 state table row: Optional = S; table body opened
us-mo,SSI-ST-2,state,state statute/regulation,REVIEW,,,partial,RSMo 208.030 (SAB) / 208.030-.040 (SNC) not inventoried; 13 CSR 40-2 has no SNC/SAB rule (queue)
us-mo,SSI-ST-3,state,state regulation/manual,PRESENT,2026-09-10-ssi-state-supplement,us-mo/manual/dss/snc/0605-000-00/block-1,partial,SNC 0605.000.00 Eligibility: persons 21+ in a licensed RCF/ALF/ICF/SNF; SAB Manual 0400-0440 in the same scope
us-mo,SSI-ST-4,state,state regulation/manual,PRESENT,2026-09-10-ssi-state-supplement,us-mo/manual/dss/snc/0615-000-00/0615-005-00/block-1,partial,SNC 0615.005.00 Maximum Grants by licensed facility type
us-mo,SSI-ST-5,state,state regulation/manual,PRESENT,2026-09-10-ssi-state-supplement,us-mo/manual/dss/snc/0610-000-00/0610-005-00/block-1,partial,SNC/SAB income and resource limits in the manuals
us-mo,SSI-ST-6,state,n/a,ABSENT,,,no,n/a: state-administered program (not in SI 01415.058A)
us-ms,SSI-ST-1,state,manual (POMS),PRESENT,2026-09-10-ssi-poms-si,us/manual/ssa/poms/si/01415.010/block-1,no,SI 01415.010 state table row: Optional = N; table body opened
us-ms,SSI-ST-2,state,n/a,ABSENT,,,no,"n/a: no optional state supplement (POMS SI 01415.010 Optional = N); mandatory supplement, if any, is federally computed"
us-ms,SSI-ST-3,state,n/a,ABSENT,,,no,"n/a: no optional state supplement (POMS SI 01415.010 Optional = N); mandatory supplement, if any, is federally computed"
us-ms,SSI-ST-4,state,n/a,ABSENT,,,no,"n/a: no optional state supplement (POMS SI 01415.010 Optional = N); mandatory supplement, if any, is federally computed"
us-ms,SSI-ST-5,state,n/a,ABSENT,,,no,"n/a: no optional state supplement (POMS SI 01415.010 Optional = N); mandatory supplement, if any, is federally computed"
us-ms,SSI-ST-6,state,n/a,ABSENT,,,no,"n/a: no optional state supplement (POMS SI 01415.010 Optional = N); mandatory supplement, if any, is federally computed"
us-mt,SSI-ST-1,state,manual (POMS),PRESENT,2026-09-10-ssi-poms-si,us/manual/ssa/poms/si/01415.010/block-1,no,SI 01415.010 state table row: Optional = F; table body opened
us-mt,SSI-ST-2,state,state statute/regulation,REVIEW,,,no,MCA 53-2 not inventoried
us-mt,SSI-ST-3,state,manual (POMS),PRESENT,2026-09-10-ssi-poms-si,us/manual/ssa/poms/si/01415.058/block-26,no,Montana living-arrangement definitions (block-26) and payment levels (blocks 28-29); SI DEN01415.010
us-mt,SSI-ST-4,state,manual (POMS),PRESENT,2026-09-10-ssi-poms-si,us/manual/ssa/poms/si/01415.058/block-28,no,"January 2026 recipient payment levels by living-arrangement code (SI 01415.058, TN 95; couple levels in the next block); SSA-administered"
us-mt,SSI-ST-5,state,n/a,ABSENT,,,no,n/a: federally administered; SSI income/resource rules apply (20 CFR 416 subparts K-L)
us-mt,SSI-ST-6,state,manual (POMS),PRESENT,2026-09-10-ssi-poms-si,us/manual/ssa/poms/si/01415.058/block-26,no,Montana living-arrangement definitions (block-26) and payment levels (blocks 28-29); SI DEN01415.010
us-nc,SSI-ST-1,state,manual (POMS),PRESENT,2026-09-10-ssi-poms-si,us/manual/ssa/poms/si/01415.010/block-1,no,SI 01415.010 state table row: Optional = S; table body opened
us-nc,SSI-ST-2,state,state statute/regulation,REVIEW,,,no,G.S. 108A-40 et seq. not inventoried; NCDHHS SA manuals are the operating text
us-nc,SSI-ST-3,state,state regulation/manual,PRESENT,2026-09-10-ssi-state-supplement,us-nc/manual/dss/special-assistance/manual/page-6,no,State/County Special Assistance manual (368 pages) and SA In-Home manual
us-nc,SSI-ST-4,state,state regulation/manual,PRESENT,2026-09-10-ssi-state-supplement,us-nc/manual/dss/special-assistance/manual/page-219,no,"SA rate and FBR chart: 2026 basic rate $1,397, basic maintenance $1,467, enhanced $1,792, enhanced maintenance $1,862; FBR $994"
us-nc,SSI-ST-5,state,state regulation/manual,PRESENT,2026-09-10-ssi-state-supplement,us-nc/manual/dss/special-assistance/manual/page-165,no,"countable income rules (pages 165-166); resource exclusions pages 113-116 ($1,500 burial exclusion)"
us-nc,SSI-ST-6,state,n/a,ABSENT,,,no,n/a: state-administered program (not in SI 01415.058A)
us-nd,SSI-ST-1,state,manual (POMS),PRESENT,2026-09-10-ssi-poms-si,us/manual/ssa/poms/si/01415.010/block-1,no,SI 01415.010 state table row: Optional = N; table body opened
us-nd,SSI-ST-2,state,n/a,ABSENT,,,no,"n/a: no optional state supplement (POMS SI 01415.010 Optional = N); mandatory supplement, if any, is federally computed"
us-nd,SSI-ST-3,state,n/a,ABSENT,,,no,"n/a: no optional state supplement (POMS SI 01415.010 Optional = N); mandatory supplement, if any, is federally computed"
us-nd,SSI-ST-4,state,n/a,ABSENT,,,no,"n/a: no optional state supplement (POMS SI 01415.010 Optional = N); mandatory supplement, if any, is federally computed"
us-nd,SSI-ST-5,state,n/a,ABSENT,,,no,"n/a: no optional state supplement (POMS SI 01415.010 Optional = N); mandatory supplement, if any, is federally computed"
us-nd,SSI-ST-6,state,n/a,ABSENT,,,no,"n/a: no optional state supplement (POMS SI 01415.010 Optional = N); mandatory supplement, if any, is federally computed"
us-ne,SSI-ST-1,state,manual (POMS),PRESENT,2026-09-10-ssi-poms-si,us/manual/ssa/poms/si/01415.010/block-1,partial,SI 01415.010 state table row: Optional = S; table body opened
us-ne,SSI-ST-2,state,state statute/regulation,PRESENT,2026-09-10-ssi-state-supplement,us-ne/regulation/title-469/chapter-2/001,partial,469 NAC chapters 1-4 (AABD payment program); 2-001 Eligibility
us-ne,SSI-ST-3,state,state regulation/manual,PRESENT,2026-09-10-ssi-state-supplement,us-ne/regulation/title-469/chapter-2/001,partial,"469 NAC 2-001 Eligibility (application, citizenship, ... ); 2-010.01(B)(vi)(3)(a) SSI referral"
us-ne,SSI-ST-4,state,state regulation/manual,REVIEW,2026-09-10-ssi-state-supplement,us-ne/regulation/title-469/chapter-3/003.01.b,partial,469 NAC 3-003.01(B) defines the AABD/SDP standard of need by living arrangement; the dollar table was not found in the chapter text
us-ne,SSI-ST-5,state,state regulation/manual,PRESENT,2026-09-10-ssi-state-supplement,us-ne/regulation/title-469/chapter-2/010.01.b.xi,partial,2-010.01(B)(xi) computation of income and disregards ($20 general disregard; (xi)(2) earned income disregards)
us-ne,SSI-ST-6,state,n/a,ABSENT,,,no,n/a: state-administered program (not in SI 01415.058A)
us-nh,SSI-ST-1,state,manual (POMS),PRESENT,2026-09-10-ssi-poms-si,us/manual/ssa/poms/si/01415.010/block-1,no,SI 01415.010 state table row: Optional = S; table body opened
us-nh,SSI-ST-2,state,state statute/regulation,REVIEW,,,no,RSA 167 / He-W 600 rules not inventoried; DHHS Adult Assistance Manual is the operating text
us-nh,SSI-ST-3,state,state regulation/manual,PRESENT,2026-09-10-ssi-state-supplement,us-nh/manual/dhhs/aam/203-categorical-requirements-aam/block-1,no,"AAM 203 Categorical requirements (OAA, ANB, APTD); 227 assistance group composition; 515 topic pages"
us-nh,SSI-ST-4,state,state regulation/manual,REVIEW,2026-09-10-ssi-state-supplement,us-nh/manual/dhhs/aam/601-table-a-income-limits-aam/block-1,no,AAM 601 Table A Income Limits (standards of need) extracted as a 60-character stub (table not captured); 617 Grant Determination gives the method only
us-nh,SSI-ST-5,state,state regulation/manual,PRESENT,2026-09-10-ssi-state-supplement,us-nh/manual/dhhs/aam/603-01-earned-income-disregard-aam/block-1,no,"AAM 603.01 earned income disregard ($65 rule), 603.05 adult standard disregard, 613 computing eligibility"
us-nh,SSI-ST-6,state,n/a,ABSENT,,,no,n/a: state-administered program (not in SI 01415.058A)
us-nj,SSI-ST-1,state,manual (POMS),PRESENT,2026-09-10-ssi-poms-si,us/manual/ssa/poms/si/01415.010/block-1,no,SI 01415.010 state table row: Optional = F; table body opened
us-nj,SSI-ST-2,state,state statute/regulation,REVIEW,,,no,N.J.S.A. 44:7-85 et seq. not inventoried
us-nj,SSI-ST-3,state,manual (POMS),PRESENT,2026-09-10-ssi-poms-si,us/manual/ssa/poms/si/01415.058/block-34,no,New Jersey living-arrangement definitions (block-34) and payment levels (blocks 36-37); SI NY01415.025
us-nj,SSI-ST-4,state,manual (POMS),PRESENT,2026-09-10-ssi-poms-si,us/manual/ssa/poms/si/01415.058/block-36,no,"January 2026 recipient payment levels by living-arrangement code (SI 01415.058, TN 95; couple levels in the next block); SSA-administered"
us-nj,SSI-ST-5,state,n/a,ABSENT,,,no,n/a: federally administered; SSI income/resource rules apply (20 CFR 416 subparts K-L)
us-nj,SSI-ST-6,state,manual (POMS),PRESENT,2026-09-10-ssi-poms-si,us/manual/ssa/poms/si/01415.058/block-34,no,New Jersey living-arrangement definitions (block-34) and payment levels (blocks 36-37); SI NY01415.025
us-nm,SSI-ST-1,state,manual (POMS),PRESENT,2026-09-10-ssi-poms-si,us/manual/ssa/poms/si/01415.010/block-1,partial,SI 01415.010 state table row: Optional = S; table body opened
us-nm,SSI-ST-2,state,state statute/regulation,PRESENT,2026-09-10-ssi-state-supplement,us-nm/regulation/nmac/8/106/100/8.106.100.7,partial,8.106 NMAC State Funded Assistance Programs (17 parts)
us-nm,SSI-ST-3,state,state regulation/manual,PRESENT,2026-09-10-ssi-state-supplement,us-nm/regulation/nmac/8/106/400/8.106.400.11,partial,8.106.400.11 Living arrangement: the ARSCH supplement requires residence in a licensed adult residential shelter care facility; 8.106.400.10 benefit group
us-nm,SSI-ST-4,state,state regulation/manual,PRESENT,2026-09-10-ssi-state-supplement,us-nm/regulation/nmac/8/106/500/8.106.500.10,partial,8.106.500.10 Payments to adults in residential care: $100 per month to an SSI recipient in a licensed shelter care home (Rp 3/1/2025)
us-nm,SSI-ST-5,state,state regulation/manual,PRESENT,2026-09-10-ssi-state-supplement,us-nm/regulation/nmac/8/106/520/8.106.520.12,partial,"8.106.520 income rules (520.9 exempt income, 520.12 earned income deductions) govern GA; the ARSCH supplement is a flat $100 to SSI recipients"
us-nm,SSI-ST-6,state,n/a,ABSENT,,,no,n/a: state-administered program (not in SI 01415.058A)
us-nv,SSI-ST-1,state,manual (POMS),PRESENT,2026-09-10-ssi-poms-si,us/manual/ssa/poms/si/01415.010/block-1,no,SI 01415.010 state table row: Optional = F; table body opened
us-nv,SSI-ST-2,state,state statute/regulation,REVIEW,,,no,NRS 422 not inventoried
us-nv,SSI-ST-3,state,manual (POMS),PRESENT,2026-09-10-ssi-poms-si,us/manual/ssa/poms/si/01415.058/block-30,no,Nevada living-arrangement definitions (block-30) and payment levels (blocks 32-33); SI SF01415.300
us-nv,SSI-ST-4,state,manual (POMS),PRESENT,2026-09-10-ssi-poms-si,us/manual/ssa/poms/si/01415.058/block-32,no,"January 2026 recipient payment levels by living-arrangement code (SI 01415.058, TN 95; couple levels in the next block); SSA-administered"
us-nv,SSI-ST-5,state,n/a,ABSENT,,,no,n/a: federally administered; SSI income/resource rules apply (20 CFR 416 subparts K-L)
us-nv,SSI-ST-6,state,manual (POMS),PRESENT,2026-09-10-ssi-poms-si,us/manual/ssa/poms/si/01415.058/block-30,no,Nevada living-arrangement definitions (block-30) and payment levels (blocks 32-33); SI SF01415.300
us-ny,SSI-ST-1,state,manual (POMS),PRESENT,2026-09-10-ssi-poms-si,us/manual/ssa/poms/si/01415.010/block-1,no,SI 01415.010 state table row: Optional = S; table body opened
us-ny,SSI-ST-2,state,state statute/regulation,OUTREACH,,,no,otda.ny.gov JavaScript challenge (plain client connection reset; chrome120 impersonation returns a challenge page); retried from a US network 2026-09-10
us-ny,SSI-ST-3,state,state manual,OUTREACH,,,no,"otda.ny.gov JavaScript challenge (plain client connection reset; chrome120 impersonation returns a challenge page); retried from a US network 2026-09-10; discovery material only: SI NY01415.026 New York Payments (regional description, 06/2006)"
us-ny,SSI-ST-4,state,state manual,OUTREACH,,,no,"otda.ny.gov JavaScript challenge (plain client connection reset; chrome120 impersonation returns a challenge page); retried from a US network 2026-09-10; SI NY01415.026 New York Payments (regional description, 06/2006) (us/manual/ssa/poms/si/ny01415.026) is a dated regional description, not the state's current table"
us-ny,SSI-ST-5,state,state manual,OUTREACH,,,no,otda.ny.gov JavaScript challenge (plain client connection reset; chrome120 impersonation returns a challenge page); retried from a US network 2026-09-10
us-ny,SSI-ST-6,state,n/a,ABSENT,,,no,n/a: state-administered program
us-oh,SSI-ST-1,state,manual (POMS),PRESENT,2026-09-10-ssi-poms-si,us/manual/ssa/poms/si/01415.010/block-1,no,SI 01415.010 state table row: Optional = S; table body opened
us-oh,SSI-ST-2,state,state statute/regulation,PRESENT,2026-07-16-agency-5101-4-r2026-09-11-5101-1-5122-36-consolidated,us-oh/regulation/agency-5122/chapter-5122-36/rule-5122-36-01,no,OAC chapter 5122-36 Residential State Supplement (5 rules)
us-oh,SSI-ST-3,state,state regulation/manual,PRESENT,2026-07-16-agency-5101-4-r2026-09-11-5101-1-5122-36-consolidated,us-oh/regulation/agency-5122/chapter-5122-36/rule-5122-36-02,no,5122-36-02 RSS non-financial eligibility; -04 living arrangements
us-oh,SSI-ST-4,state,state regulation/manual,REVIEW,2026-07-16-agency-5101-4-r2026-09-11-5101-1-5122-36-consolidated,us-oh/regulation/agency-5122/chapter-5122-36/rule-5122-36-05,no,"5122-36-05 sets the payment determination; the RSS payment level itself is set by OhioMHAS notice, not in the rule text"
us-oh,SSI-ST-5,state,state regulation/manual,PRESENT,2026-07-16-agency-5101-4-r2026-09-11-5101-1-5122-36-consolidated,us-oh/regulation/agency-5122/chapter-5122-36/rule-5122-36-05,no,financial determination by CDJFS under 5122-36-05 / 5160:1-3
us-oh,SSI-ST-6,state,n/a,ABSENT,,,no,n/a: state-administered program (not in SI 01415.058A)
us-ok,SSI-ST-1,state,manual (POMS),PRESENT,2026-09-10-ssi-poms-si,us/manual/ssa/poms/si/01415.010/block-1,no,SI 01415.010 state table row: Optional = S; table body opened
us-ok,SSI-ST-2,state,state statute/regulation,PRESENT,2026-09-10-ssi-state-supplement,us-ok/regulation/oac/340/15/340-15-1-1,no,OAC 340:15 State Supplemental Payment
us-ok,SSI-ST-3,state,state regulation/manual,PRESENT,2026-09-10-ssi-state-supplement,us-ok/regulation/oac/340/15/340-15-1-1,no,340:15-1-1 purpose; -1-2 definitions
us-ok,SSI-ST-4,state,state regulation/manual,REVIEW,2026-09-10-ssi-state-supplement,us-ok/regulation/oac/340/15/340-15-1-5,no,340:15-1-5: payment based on the SSP need standard in OKDHS Appendix C-1 Schedule VIII.A; Appendix C-1 not taken
us-ok,SSI-ST-5,state,state regulation/manual,PRESENT,2026-09-10-ssi-state-supplement,us-ok/regulation/oac/340/15/340-15-1-2,no,"340:15-1-2 income exclusions ($20, $65 + half)"
us-ok,SSI-ST-6,state,n/a,ABSENT,,,no,n/a: state-administered program (not in SI 01415.058A)
us-or,SSI-ST-1,state,manual (POMS),PRESENT,2026-09-10-ssi-poms-si,us/manual/ssa/poms/si/01415.010/block-1,no,SI 01415.010 state table row: Optional = S; table body opened
us-or,SSI-ST-2,state,state statute/regulation,EXTRACTABLE,,,no,"OAR chapter 461 (OSIP, secure.sos.state.or.us, HTTP 200 on 2026-09-10) is the adopted-rule family, not taken"
us-or,SSI-ST-3,state,state regulation/manual,REVIEW,2026-07-16-or-programs-eligibility-notebook,us-or/manual/odhs/open/page-33,no,OPEN page 33: OSIPM-eligible individuals can receive OSIP cash special-needs payments; the OSIP eligibility rules (OAR 461-135) are cited by number only and not taken
us-or,SSI-ST-4,state,state regulation/manual,EXTRACTABLE,,,no,OAR 461-155-0250 Income and Payment Standard (cited on OPEN page 510) is on the Secretary of State OARD (HTTP 200 on 2026-09-10) and not taken
us-or,SSI-ST-5,state,state regulation/manual,EXTRACTABLE,,,no,OAR 461-160-0550 income deductions and 461-160-0780 adjusted income (cited on OPEN pages 269 and 510) not taken
us-or,SSI-ST-6,state,n/a,ABSENT,,,no,n/a: state-administered program (not in SI 01415.058A)
us-pa,SSI-ST-1,state,manual (POMS),PRESENT,2026-09-10-ssi-poms-si,us/manual/ssa/poms/si/01415.010/block-1,no,SI 01415.010 state table row: Optional = F/S; table body opened
us-pa,SSI-ST-2,state,state statute/regulation,REVIEW,,,no,62 P.S. 432.4 / 55 Pa. Code 297 not inventoried
us-pa,SSI-ST-3,state,manual (POMS),PRESENT,2026-09-10-ssi-poms-si,us/manual/ssa/poms/si/01415.058/block-38,no,"Pennsylvania living-arrangement definitions (block-38) and payment levels (blocks 40-41); SI PHI01415.010; F/S: the state-administered part (domiciliary care, 55 Pa. Code 297) is not covered by the queue"
us-pa,SSI-ST-4,state,manual (POMS),PRESENT,2026-09-10-ssi-poms-si,us/manual/ssa/poms/si/01415.058/block-40,no,"January 2026 recipient payment levels by living-arrangement code (SI 01415.058, TN 95; couple levels in the next block); F/S: the state-administered part (domiciliary care, 55 Pa. Code 297) is not covered by the queue"
us-pa,SSI-ST-5,state,state regulation/manual,REVIEW,,,no,"F/S: the state-administered part (domiciliary care, 55 Pa. Code 297) is not covered by the queue; SSA rules apply to the federally administered part"
us-pa,SSI-ST-6,state,manual (POMS),PRESENT,2026-09-10-ssi-poms-si,us/manual/ssa/poms/si/01415.058/block-38,no,Pennsylvania living-arrangement definitions (block-38) and payment levels (blocks 40-41); SI PHI01415.010
us-ri,SSI-ST-1,state,manual (POMS),PRESENT,2026-09-10-ssi-poms-si,us/manual/ssa/poms/si/01415.010/block-1,no,SI 01415.010 state table row: Optional = F/S; table body opened
us-ri,SSI-ST-2,state,state statute/regulation,REVIEW,,,no,R.I. Gen. Laws 40-6-27 not inventoried
us-ri,SSI-ST-3,state,manual (POMS),PRESENT,2026-09-10-ssi-poms-si,us/manual/ssa/poms/si/01415.058/block-42,no,Rhode Island living-arrangement definitions (block-42) and coding/levels (block-43); SI BOS01415.012 and .950; F/S: the state-administered part is not covered by the queue
us-ri,SSI-ST-4,state,manual (POMS),PRESENT,2026-09-10-ssi-poms-si,us/manual/ssa/poms/si/01415.058/block-43,no,"January 2026 recipient payment levels by living-arrangement code (SI 01415.058, TN 95; couple levels in the next block); F/S: the state-administered part is not covered by the queue"
us-ri,SSI-ST-5,state,state regulation/manual,REVIEW,,,no,F/S: the state-administered part is not covered by the queue; SSA rules apply to the federally administered part
us-ri,SSI-ST-6,state,manual (POMS),PRESENT,2026-09-10-ssi-poms-si,us/manual/ssa/poms/si/01415.058/block-42,no,Rhode Island living-arrangement definitions (block-42) and coding/levels (block-43); SI BOS01415.012 and .950
us-sc,SSI-ST-1,state,manual (POMS),PRESENT,2026-09-10-ssi-poms-si,us/manual/ssa/poms/si/01415.010/block-1,partial,SI 01415.010 state table row: Optional = S; table body opened
us-sc,SSI-ST-2,state,state statute/regulation,REVIEW,,,partial,S.C. Code 43-5-10 et seq. not inventoried; SCDHHS MPPM chapter 403 is the operating text
us-sc,SSI-ST-3,state,state regulation/manual,PRESENT,2026-09-10-ssi-state-supplement,us-sc/manual/scdhhs/mppm/chapter-403/403.02,partial,"403.02 Categorical eligibility (aged 65+, blind, disabled per SSI); 403.01 introduction (CRCF residents); sections 403.01-403.12"
us-sc,SSI-ST-4,state,state regulation/manual,REVIEW,2026-09-10-ssi-state-supplement,us-sc/manual/scdhhs/mppm/chapter-403/403.05.03B,partial,"403.05.03B: payment = net income limit (NIL) minus countable income; the NIL dollar figure sits in the MPPM 103 standards, not in chapter 403"
us-sc,SSI-ST-5,state,state regulation/manual,PRESENT,2026-09-10-ssi-state-supplement,us-sc/manual/scdhhs/mppm/chapter-403/403.05.02,partial,"403.05.02 OSS income considerations (ISM not counted); 403.06 resource criteria ($2,000)"
us-sc,SSI-ST-6,state,n/a,ABSENT,,,no,n/a: state-administered program (not in SI 01415.058A)
us-sd,SSI-ST-1,state,manual (POMS),PRESENT,2026-09-10-ssi-poms-si,us/manual/ssa/poms/si/01415.010/block-1,no,SI 01415.010 state table row: Optional = S; table body opened
us-sd,SSI-ST-2,state,state statute/regulation,PRESENT,2026-09-10-ssi-state-supplement,us-sd/regulation/arsd/67/12/14/01,no,ARSD 67:12:14 Optional State Supplemental Program (11 sections)
us-sd,SSI-ST-3,state,state regulation/manual,PRESENT,2026-09-10-ssi-state-supplement,us-sd/regulation/arsd/67/12/14/02,no,"67:12:14:02 eligibility requirements (SSI recipient, adult 18+, resident, independent living arrangement)"
us-sd,SSI-ST-4,state,state regulation/manual,REVIEW,2026-09-10-ssi-state-supplement,us-sd/regulation/arsd/67/12/14/04,no,67:12:14:04 pays 'at a rate approved by the department'; no dollar figure in the rule; POMS SI DEN01415.011 (federal scope) describes the program
us-sd,SSI-ST-5,state,state regulation/manual,REVIEW,2026-09-10-ssi-state-supplement,us-sd/regulation/arsd/67/12/14/01,no,no income/resource text found in the chapter beyond definitions
us-sd,SSI-ST-6,state,n/a,ABSENT,,,no,n/a: state-administered program (not in SI 01415.058A)
us-tn,SSI-ST-1,state,manual (POMS),PRESENT,2026-09-10-ssi-poms-si,us/manual/ssa/poms/si/01415.010/block-1,no,SI 01415.010 state table row: Optional = N; table body opened
us-tn,SSI-ST-2,state,n/a,ABSENT,,,no,"n/a: no optional state supplement (POMS SI 01415.010 Optional = N); mandatory supplement, if any, is federally computed"
us-tn,SSI-ST-3,state,n/a,ABSENT,,,no,"n/a: no optional state supplement (POMS SI 01415.010 Optional = N); mandatory supplement, if any, is federally computed"
us-tn,SSI-ST-4,state,n/a,ABSENT,,,no,"n/a: no optional state supplement (POMS SI 01415.010 Optional = N); mandatory supplement, if any, is federally computed"
us-tn,SSI-ST-5,state,n/a,ABSENT,,,no,"n/a: no optional state supplement (POMS SI 01415.010 Optional = N); mandatory supplement, if any, is federally computed"
us-tn,SSI-ST-6,state,n/a,ABSENT,,,no,"n/a: no optional state supplement (POMS SI 01415.010 Optional = N); mandatory supplement, if any, is federally computed"
us-tx,SSI-ST-1,state,manual (POMS),PRESENT,2026-09-10-ssi-poms-si,us/manual/ssa/poms/si/01415.010/block-1,partial,SI 01415.010 state table row: Optional = S; table body opened
us-tx,SSI-ST-2,state,state statute/regulation,REVIEW,,,partial,Tex. Hum. Res. Code 32 not inventoried; HHSC MEPD H-6000 is the operating text
us-tx,SSI-ST-3,state,state regulation/manual,PRESENT,2026-09-10-medicaid-state-eligibility-manual,us-tx/manual/hhsc/medicaid/mepd-h-6000/block-1,partial,H-6000 Co-Payment for SSI Cases (institutionalized SSI recipients)
us-tx,SSI-ST-4,state,state regulation/manual,PRESENT,2026-09-10-medicaid-state-eligibility-manual,us-tx/manual/hhsc/medicaid/mepd-h-6000/block-1,partial,$30 reduced SSI standard supplemented to a $75 PNA (H-6000); Appendix XXXI budget chart
us-tx,SSI-ST-5,state,n/a,ABSENT,,,partial,n/a: institutional-only supplement; SSI rules apply
us-tx,SSI-ST-6,state,n/a,ABSENT,,,no,n/a: state-administered program (not in SI 01415.058A)
us-ut,SSI-ST-1,state,manual (POMS),PRESENT,2026-09-10-ssi-poms-si,us/manual/ssa/poms/si/01415.010/block-1,no,SI 01415.010 state table row: Optional = S; table body opened
us-ut,SSI-ST-2,state,state statute/regulation,EXTRACTABLE,,,no,Utah Admin. Code R414-306-6 (adminrules.utah.gov) named in the queue and not taken
us-ut,SSI-ST-3,state,state regulation/manual,PRESENT,2026-05-27-ut-manuals-r2026-07-15-self-contained,us-ut/manual/dws/eligibility-manual/200-program-eligibility-requirements-205-10-state-supplemental-payments-to-ssi-recipients-general-in/block-2,no,DWS Eligibility Manual 205-10
us-ut,SSI-ST-4,state,state regulation/manual,PRESENT,2026-05-27-ut-manuals-r2026-07-15-self-contained,us-ut/manual/dws/eligibility-manual/200-program-eligibility-requirements-205-10-state-supplemental-payments-to-ssi-recipients-general-in/block-2,no,"rates effective 2026-01-01 ($3.91 single, $12.19/$5.75 couples)"
us-ut,SSI-ST-5,state,n/a,ABSENT,,,no,n/a: flat supplement to SSI recipients; SSI rules apply
us-ut,SSI-ST-6,state,n/a,ABSENT,,,no,n/a: state-administered program (not in SI 01415.058A)
us-va,SSI-ST-1,state,manual (POMS),PRESENT,2026-09-10-ssi-poms-si,us/manual/ssa/poms/si/01415.010/block-1,no,SI 01415.010 state table row: Optional = S; table body opened
us-va,SSI-ST-2,state,state statute/regulation,EXTRACTABLE,,,no,"22VAC30-80 Auxiliary Grants Program (law.lis.virginia.gov, 12 sections) inventoried and not taken"
us-va,SSI-ST-3,state,state regulation/manual,PRESENT,2026-09-10-ssi-state-supplement,us-va/manual/dars/auxiliary-grant/chapter-c/page-9,no,"chapter C page 9: AG covered groups (aged, blind, disabled); chapter D SSI recipients' eligibility"
us-va,SSI-ST-4,state,state regulation/manual,REVIEW,2026-09-10-ssi-state-supplement,us-va/manual/dars/auxiliary-grant/chapter-k/page-13,no,"chapter K page 13: the AG rate is set by an annual DARS rate broadcast (Fusion), not printed in the manual; chapter J page 6 shows the $82 personal needs allowance"
us-va,SSI-ST-5,state,state regulation/manual,REVIEW,2026-09-10-ssi-state-supplement,us-va/manual/dars/auxiliary-grant/chapter-g/page-13,no,"chapters A-L present at page granularity; the income and resource rule pages were not individually verified (chapter G resource transfers, chapter E resources)"
us-va,SSI-ST-6,state,n/a,ABSENT,,,no,n/a: state-administered program (not in SI 01415.058A)
us-vt,SSI-ST-1,state,manual (POMS),PRESENT,2026-09-10-ssi-poms-si,us/manual/ssa/poms/si/01415.010/block-1,no,SI 01415.010 state table row: Optional = F; table body opened
us-vt,SSI-ST-2,state,state statute/regulation,REVIEW,,,no,33 V.S.A. 1301 et seq. not inventoried
us-vt,SSI-ST-3,state,manual (POMS),PRESENT,2026-09-10-ssi-poms-si,us/manual/ssa/poms/si/01415.058/block-44,no,Vermont living-arrangement definitions (block-44) and payment levels (blocks 46-47); SI BOS01415.013 and .970
us-vt,SSI-ST-4,state,manual (POMS),PRESENT,2026-09-10-ssi-poms-si,us/manual/ssa/poms/si/01415.058/block-46,no,"January 2026 recipient payment levels by living-arrangement code (SI 01415.058, TN 95; couple levels in the next block); SSA-administered"
us-vt,SSI-ST-5,state,n/a,ABSENT,,,no,n/a: federally administered; SSI income/resource rules apply (20 CFR 416 subparts K-L)
us-vt,SSI-ST-6,state,manual (POMS),PRESENT,2026-09-10-ssi-poms-si,us/manual/ssa/poms/si/01415.058/block-44,no,Vermont living-arrangement definitions (block-44) and payment levels (blocks 46-47); SI BOS01415.013 and .970
us-wa,SSI-ST-1,state,manual (POMS),PRESENT,2026-09-10-ssi-poms-si,us/manual/ssa/poms/si/01415.010/block-1,partial,SI 01415.010 state table row: Optional = S; table body opened
us-wa,SSI-ST-2,state,state statute/regulation,PRESENT,2026-07-01-388-474-r2026-07-15-self-contained-r2026-07-17-dedup,us-wa/regulation/388/388-474/388-474-0012,partial,WAC 388-474 (SSI state supplemental payment)
us-wa,SSI-ST-3,state,state regulation/manual,PRESENT,2026-07-01-388-474-r2026-07-15-self-contained-r2026-07-17-dedup,us-wa/regulation/388/388-474/388-474-0012,partial,388-474-0012 who can get SSP
us-wa,SSI-ST-4,state,state regulation/manual,PRESENT,2026-06-25-388-478-r2026-07-15-self-contained-r2026-07-17-dedup,us-wa/regulation/388/388-478/388-478-0055,partial,WAC 388-478-0055 how much SSP; -0057 adjustments
us-wa,SSI-ST-5,state,n/a,ABSENT,,,partial,n/a: SSP paid to SSI recipients in named categories; SSI rules apply
us-wa,SSI-ST-6,state,n/a,ABSENT,,,no,n/a: state-administered program (not in SI 01415.058A)
us-wi,SSI-ST-1,state,manual (POMS),PRESENT,2026-09-10-ssi-poms-si,us/manual/ssa/poms/si/01415.010/block-1,no,SI 01415.010 state table row: Optional = S; table body opened
us-wi,SSI-ST-2,state,state statute/regulation,EXTRACTABLE,,,no,Wis. Stat. 49.77 (docs.legis.wisconsin.gov) is the authority; no admin-rule chapter exists (queue); statute not taken
us-wi,SSI-ST-3,state,state regulation/manual,PRESENT,2026-09-10-ssi-state-supplement,us-wi/manual/dhs/ssi/ssi-admin/4-1/block-8,no,SSI Administration Handbook (P-23129) and SSI-E Handbook (P-20679)
us-wi,SSI-ST-4,state,state regulation/manual,PRESENT,2026-09-10-ssi-state-supplement,us-wi/manual/dhs/ssi/ssi-admin/4-1/block-8,no,state supplement and SSI-E amounts in the handbooks (Release 26-01)
us-wi,SSI-ST-5,state,n/a,ABSENT,,,no,n/a: supplement follows SSI eligibility; SSI rules apply
us-wi,SSI-ST-6,state,n/a,ABSENT,,,no,n/a: state-administered program (not in SI 01415.058A)
us-wv,SSI-ST-1,state,manual (POMS),PRESENT,2026-09-10-ssi-poms-si,us/manual/ssa/poms/si/01415.010/block-1,no,SI 01415.010 state table row: Optional = N; table body opened
us-wv,SSI-ST-2,state,n/a,ABSENT,,,no,"n/a: no optional state supplement (POMS SI 01415.010 Optional = N); mandatory supplement, if any, is federally computed"
us-wv,SSI-ST-3,state,n/a,ABSENT,,,no,"n/a: no optional state supplement (POMS SI 01415.010 Optional = N); mandatory supplement, if any, is federally computed"
us-wv,SSI-ST-4,state,n/a,ABSENT,,,no,"n/a: no optional state supplement (POMS SI 01415.010 Optional = N); mandatory supplement, if any, is federally computed"
us-wv,SSI-ST-5,state,n/a,ABSENT,,,no,"n/a: no optional state supplement (POMS SI 01415.010 Optional = N); mandatory supplement, if any, is federally computed"
us-wv,SSI-ST-6,state,n/a,ABSENT,,,no,"n/a: no optional state supplement (POMS SI 01415.010 Optional = N); mandatory supplement, if any, is federally computed"
us-wy,SSI-ST-1,state,manual (POMS),PRESENT,2026-09-10-ssi-poms-si,us/manual/ssa/poms/si/01415.010/block-1,no,SI 01415.010 state table row: Optional = S; table body opened
us-wy,SSI-ST-2,state,state statute/regulation,OUTREACH,,,no,ecom.wyo.gov EOM M1804 is a script-rendered Google Drive embed with no addressable document URL (batch 3)
us-wy,SSI-ST-3,state,state manual,OUTREACH,,,no,ecom.wyo.gov EOM M1804 is a script-rendered Google Drive embed with no addressable document URL (batch 3); discovery material only: SI DEN01415.013 Supplementary Payments In Wyoming (regional description)
us-wy,SSI-ST-4,state,state manual,OUTREACH,,,no,"ecom.wyo.gov EOM M1804 is a script-rendered Google Drive embed with no addressable document URL (batch 3); SI DEN01415.013 Supplementary Payments In Wyoming (regional description) (us/manual/ssa/poms/si/den01415.013) is a dated regional description, not the state's current table"
us-wy,SSI-ST-5,state,state manual,OUTREACH,,,no,ecom.wyo.gov EOM M1804 is a script-rendered Google Drive embed with no addressable document URL (batch 3)
us-wy,SSI-ST-6,state,n/a,ABSENT,,,no,n/a: state-administered program
us,SSI-ST-1,state,n/a,ABSENT,,,partial,n/a: state-set element; no federal carrier
us,SSI-ST-2,state,n/a,ABSENT,,,no,n/a: state-set element; no federal carrier
us,SSI-ST-3,state,n/a,ABSENT,,,partial,n/a: state-set element; no federal carrier
us,SSI-ST-4,state,n/a,ABSENT,,,partial,n/a: state-set element; no federal carrier
us,SSI-ST-5,state,n/a,ABSENT,,,partial,n/a: state-set element; no federal carrier
us,SSI-ST-6,state,n/a,ABSENT,,,partial,n/a: state-set element; no federal carrier
