jurisdiction,element,level,family,status,scope_version,citation_path,pe_modeled,evidence_note,element_label,rulespec_encoded
us,F001,federal,federal statute,PRESENT,2026-07-13-recovery-r2026-07-15-self-contained-r2026-07-17-dedup,us/statute/26/1,yes (irs/income/bracket),"section body (36062 chars, heading 'Tax imposed', expression_date 2026-07-13) carries the fact: 'he excess over $400,000. | | Over $600,000 | $161,379, plus 37% of the excess over $600,000. | (B) Heads of households The'; inherited by all states","1(a)-(d),(i),(j): ordinary income rate schedule structure (10/12/22/24/32/35/37, OBBBA permanent)",yes
us,F002,federal,federal statute,PRESENT,2026-07-13-recovery-r2026-07-15-self-contained-r2026-07-17-dedup,us/statute/26/1,yes (irs/income/bracket),"section body (36062 chars, heading 'Tax imposed', expression_date 2026-07-13) carries the fact: 'calendar year is the percentage (if any) by which— (i) the C-CPI-U for the preceding calendar year, exceeds (ii) the CPI for c'; inherited by all states","1(f): inflation adjustment method (C-CPI-U, base years, rounding)",yes
us,F003,federal,federal statute,PRESENT,2026-07-13-recovery-r2026-07-15-self-contained-r2026-07-17-dedup,us/statute/26/1,no,"section body (36062 chars, heading 'Tax imposed', expression_date 2026-07-13) carries the fact: 'the amounts determined under subparagraph (A). (g) Certain unearned income of children taxed as if parent’s income (1) In general In t'; inherited by all states",1(g): kiddie tax (net unearned income of a child taxed at parents' rate),yes
us,F004,federal,federal statute,PRESENT,2026-07-13-recovery-r2026-07-15-self-contained-r2026-07-17-dedup,us/statute/26/1,yes (irs/capital_gains),"section body (36062 chars, heading 'Tax imposed', expression_date 2026-07-13) carries the fact: 'lus the net capital gain, over (II) taxable income; and (F) 28 percent of the amount of taxable income in excess of the sum of the'; inherited by all states","1(h): capital gains and qualified dividend rates (0/15/20, 25 unrecaptured 1250, 28 collectibles) and breakpoints",yes
us,F005,federal,IRS forms and instructions,PRESENT,2026-09-10-tax-irs-forms-ty2025,us/form/irs/ty2025/i1040gi/block-152,yes (irs/income/bracket),"37% single threshold $626,350: '$197,300 but not over $250,525 $ × 32% (0.32) $ $ 22,937.00 $ Over $250,525 but not over $626,350 $ × 35% (0.35) $ $ 30,452.75 $ Over $626,3' at us/form/irs/ty2025/i1040gi/block-152 (2026-09-10-tax-irs-forms-ty2025)",TY2025 bracket dollar thresholds (as printed in the 2025 Form 1040 instructions tax rate schedules),no
us,F006,federal,revenue procedure,PRESENT,2026-05-02-irs-rev-proc-2025-32-r2026-07-15-self-contained,us/guidance/irs/rev-proc-2025-32/page-11,yes (irs/income/bracket),"37% single threshold $640,600: 'over $256,200 $39,207 plus 32% of the excess over $201,750 Over $256,200 but not over $640,600 $56,631 plus 35% of the excess over $256,200 ' at us/guidance/irs/rev-proc-2025-32/page-11 (2026-05-02-irs-rev-proc-2025-32-r2026-07-15-self-contained)",TY2026 bracket dollar thresholds (Rev. Proc. 2025-32 sec. 3.01),yes (rev-proc-2025-32 policy)
us,F007,federal,federal statute,EXTRACTABLE,,,no,26 U.S.C. 3 not in any selected us/statute scope; carrying family: 26 U.S.C. USLM XML release points at https://uscode.house.gov/download/releasepoints/ (the 2026-08-03 title-26 union scope was built from one) list every section,3: tax table for individuals (statute) and the TY2025 tax table as printed,no
us,F008,federal,IRS forms and instructions,PRESENT,2026-09-10-tax-irs-forms-ty2025,us/form/irs/ty2025/i1040gi/block-99,yes (irs/capital_gains),"0% breakpoint $48,350: '3 4. _____ 5. Subtract line 4 from line 1. If zero or less, enter -0- 5. _____ 6. Enter: $48,350 if single or married filing separately, $96' at us/form/irs/ty2025/i1040gi/block-99 (2026-09-10-tax-irs-forms-ty2025)","TY2025 capital-gain rate breakpoints ($48,350 single 0% ceiling) as printed",no
us,F009,federal,federal statute,PRESENT,2026-07-13-recovery-r2026-07-15-self-contained-r2026-07-17-dedup,us/statute/26/2,yes (irs/income/bracket),"section body (5066 chars, heading 'Definitions and special rules', expression_date 2026-07-13) carries the fact: '(a) Definition of surviving spouse (1) In general For purposes of section 1, the term “survivi'; inherited by all states",2: surviving spouse and head of household definitions,yes
us,F010,federal,federal statute,PRESENT,2026-07-13-recovery-r2026-07-15-self-contained-r2026-07-17-dedup,us/statute/26/21,yes (irs/credits/cdcc),"section body (12744 chars, heading 'Expenses for household and dependent care services', expression_date 2026-07-13) carries the fact: 'en into account under subsection (a) shall not exceed— (1) $3,000 if there is 1 qualifying individual with respect to the tax'; inherited by all states","21: child and dependent care credit (35%->20% rate, $3,000/$6,000 expense limits, earned income limit)",yes
us,F011,federal,federal statute,PRESENT,2026-07-13-recovery-r2026-07-15-self-contained-r2026-07-17-dedup,us/statute/26/22,yes (irs/credits/elderly_or_disabled),"section body (4976 chars, heading 'Credit for the elderly and the permanently and tot', expression_date 2026-07-13) carries the fact: 'ided in subparagraph (B), the initial amount shall be— (i) $5,000 in the case of a single individual, or a joint return where'; inherited by all states","22: credit for the elderly and disabled ($5,000/$7,500 base amounts, 15% rate)",yes
us,F012,federal,federal statute,EXTRACTABLE,,,no,26 U.S.C. 23 not in any selected us/statute scope; carrying family: 26 U.S.C. USLM XML release points at https://uscode.house.gov/download/releasepoints/ (the 2026-08-03 title-26 union scope was built from one) list every section,"23: adoption expense credit (dollar limit, phase-out, OBBBA refundable portion)",no
us,F013,federal,federal statute,PRESENT,2026-07-13-recovery-r2026-07-15-self-contained-r2026-07-17-dedup,us/statute/26/24,yes (irs/credits/ctc),"section body (16265 chars, heading 'Child tax credit', expression_date 2026-07-13) carries the fact: 'it amount Subsection (a) shall be applied by substituting “$2,200” for “$1,000”. (3) Limitation In lieu of the amount determi'; inherited by all states","24: child tax credit amount ($2,200 OBBBA), other-dependent credit $500, SSN requirement",yes
us,F014,federal,federal statute,PRESENT,2026-07-13-recovery-r2026-07-15-self-contained-r2026-07-17-dedup,us/statute/26/24,yes (irs/credits/ctc/refundable),"section body (16265 chars, heading 'Child tax credit', expression_date 2026-07-13) carries the fact: 'Subsection (d)(1)(B)(i) shall be applied by substituting “$2,500” for “$3,000”. (7) Social security number required (A) In g'; inherited by all states","24(d): additional child tax credit refundable cap, 15% earned income formula, $2,500 threshold",yes
us,F015,federal,federal statute,PRESENT,2026-07-13-recovery-r2026-07-15-self-contained-r2026-07-17-dedup,us/statute/26/24,yes (irs/credits/ctc/phase_out),"section body (16265 chars, heading 'Child tax credit', expression_date 2026-07-13) carries the fact: 'ned under subsection (b)(2), the threshold amount shall be $400,000 in the case of a joint return ($200,000 in any other case).'; inherited by all states","24(b): CTC phase-out thresholds ($200,000/$400,000) and $50 per $1,000 rate",yes
us,F016,federal,IRS forms and instructions,PRESENT,2026-09-10-tax-irs-forms-ty2025,us/form/irs/ty2025/i1040gi/block-3,yes (irs/credits/ctc/refundable),"refundable cap $1,700: 'amount. For 2025, the maximum CTC has increased to $2,200 per qualifying child, of which $1,700 can be claimed for the ACTC. In addition, be' at us/form/irs/ty2025/i1040gi/block-3 (2026-09-10-tax-irs-forms-ty2025)","TY2025 refundable CTC cap ($1,700) as printed in Schedule 8812 instructions",no
us,F017,federal,revenue procedure,PRESENT,2026-05-02-irs-rev-proc-2025-32-r2026-07-15-self-contained,us/guidance/irs/rev-proc-2025-32/page-12,yes (irs/credits/ctc/refundable),"refundable cap $1,700: 'e Is: The Tax Is: Not over $3,300 10% of the taxable income Over $3,300 but not over $11,700 $330 plus 24% of the excess over $3,300 Over $1' at us/guidance/irs/rev-proc-2025-32/page-12 (2026-05-02-irs-rev-proc-2025-32-r2026-07-15-self-contained)",TY2026 refundable CTC cap (Rev. Proc. 2025-32 sec. 3.05),yes (rev-proc-2025-32 policy)
us,F018,federal,federal statute,PRESENT,2026-07-13-recovery-r2026-07-15-self-contained-r2026-07-17-dedup,us/statute/26/25A,yes (irs/credits/education),"section body (12866 chars, heading 'American Opportunity and Lifetime Learning credits', expression_date 2026-07-13) carries the fact: 'ied adjusted gross income for such taxable year, over (ii) $80,000 ($160,000 in the case of a joint return), bears to (B) $10,'; inherited by all states","25A: American Opportunity credit (100%/25%, $2,500, 40% refundable, MAGI $80k-$90k) and Lifetime Learning credit (20%, $10,000)",yes
us,F019,federal,federal statute,PRESENT,2026-07-13-recovery-r2026-07-15-self-contained-r2026-07-17-dedup,us/statute/26/25B,yes (irs/credits/retirement_saving),"section body (5608 chars, heading 'Elective deferrals and IRA contributions by certai', expression_date 2026-07-13) carries the fact: 'adjusted gross income of the taxpayer is not over $30,000, 50 percent, (B) if the adjusted gross income of the taxpayer is over $'; inherited by all states",25B: saver's credit rates (50/20/10) and AGI thresholds,yes
us,F020,federal,IRS notices,PRESENT,2026-07-23-irs-notice-2025-67,us/guidance/irs/notice-2025-67/page-3,yes (irs/credits/retirement_saving),"Notice 2025-67 saver's credit item: ', the amounts for 2026 are as follows: The adjusted gross income limitation under section 25B(b)(1)(A) for determining the retirement saving' at us/guidance/irs/notice-2025-67/page-3 (2026-07-23-irs-notice-2025-67)",2026 saver's credit AGI thresholds (Notice 2025-67),yes (notice-2025-67 policy)
us,F021,federal,federal statute,PRESENT,2026-07-13-recovery-r2026-07-15-self-contained-r2026-07-17-dedup,us/statute/26/25C,yes (irs/credits/energy_efficient_home_improvement),"section body (10715 chars, heading 'Energy efficient home improvement credit', expression_date 2026-07-13) carries the fact: 'pect to any taxpayer for any taxable year shall not exceed $1,200. (2) Energy property The credit allowed under this section'; inherited by all states","25C: energy efficient home improvement credit (30%, $1,200/$2,000 caps, termination)",yes
us,F022,federal,federal statute,PRESENT,2026-07-13-recovery-r2026-07-15-self-contained-r2026-07-17-dedup,us/statute/26/25D,yes (irs/credits/residential_clean_energy),"section body (9192 chars, heading 'Residential clean energy credit', expression_date 2026-07-13) carries the fact: 'vice after December 31, 2016 , and before January 1, 2020 , 30 percent, (2) in the case of property placed in service after Decemb'; inherited by all states","25D: residential clean energy credit (30%, phase-down, termination)",yes
us,F023,federal,federal statute,PRESENT,2026-07-13-recovery-r2026-07-15-self-contained-r2026-07-17-dedup,us/statute/26/25E,yes (irs/credits/clean_vehicle),"section body (3670 chars, heading 'Previously-owned clean vehicles', expression_date 2026-07-13) carries the fact: 'for the taxable year an amount equal to the lesser of— (1) $4,000, or (2) the amount equal to 30 percent of the sale price wi'; inherited by all states","25E/30D: clean vehicle credits ($4,000/$7,500, MAGI limits, termination)",yes
us,F024,federal,federal statute,EXTRACTABLE,,,no,26 U.S.C. 25 not in any selected us/statute scope; carrying family: 26 U.S.C. USLM XML release points at https://uscode.house.gov/download/releasepoints/ (the 2026-08-03 title-26 union scope was built from one) list every section,25: mortgage credit certificate credit,no
us,F025,federal,federal statute,PRESENT,2026-07-13-recovery-r2026-07-15-self-contained-r2026-07-17-dedup,us/statute/26/26,no,"section body present (3454 chars, heading 'Limitation based on tax liability; definition of t', expression_date 2026-07-13); inherited by all states",26: nonrefundable personal credit limitation and ordering,yes
us,F026,federal,federal statute,PRESENT,2026-08-03-rulespec-title-26-current-union,us/statute/26/27,no,"section body present (253 chars, heading 'Taxes of foreign countries and possessions of the ', expression_date 2026-07-12); inherited by all states",27/901/904: foreign tax credit and limitation,no
us,F027,federal,federal statute,PRESENT,2026-07-13-recovery-r2026-07-15-self-contained-r2026-07-17-dedup,us/statute/26/32,yes (irs/credits/eitc),"section body (16971 chars, heading 'Earned income', expression_date 2026-07-13) carries the fact: 'alifying children | 45 | 21.06 | | No qualifying children | 7.65 | 7.65 | (2) Amounts (A) In general Subject to subparagraph'; inherited by all states",32(a)-(b): EITC credit and phase-out percentages by number of children,yes
us,F028,federal,federal statute,PRESENT,2026-07-13-recovery-r2026-07-15-self-contained-r2026-07-17-dedup,us/statute/26/32,yes (irs/credits/eitc/eligibility),"section body (16971 chars, heading 'Earned income', expression_date 2026-07-13) carries the fact: 'her the individual or the individual’s spouse) has attained age 25 but not attained age 65 before the close of the taxable yea'; inherited by all states","32(c): EITC eligibility (qualifying child, age 25-64 childless, SSN, investment income limit, MFS)",yes
us,F029,federal,IRS forms and instructions,PRESENT,2026-09-10-tax-irs-forms-ty2025,us/form/irs/ty2025/i1040gi/block-116,yes (irs/credits/eitc),"max credit 3+ children $8,046: '999 17,800 17,850 98 4,328 7,130 8,021 642 4,328 7,130 8,021 17,850 17,900 94 4,328 7,152 8,046 638 4,328 7,152 8,046 17,900 17,950 90 4,328' at us/form/irs/ty2025/i1040gi/block-116 (2026-09-10-tax-irs-forms-ty2025)","TY2025 EITC earned income amounts, maximum credits, phase-out thresholds and the EIC table as printed",no
us,F030,federal,revenue procedure,PRESENT,2026-05-02-irs-rev-proc-2025-32-r2026-07-15-self-contained,us/guidance/irs/rev-proc-2025-32/page-15,yes (irs/credits/eitc),"max credit 3+ children $8,231: 'rned Income Amount $13,020 $18,290 $18,290 $8,680 Maximum Amount of Credit $4,427 $7,316 $8,231 $664 Threshold Phaseout Amount (Married Fili' at us/guidance/irs/rev-proc-2025-32/page-15 (2026-05-02-irs-rev-proc-2025-32-r2026-07-15-self-contained)",TY2026 EITC amounts (Rev. Proc. 2025-32 sec. 3.07),yes (rev-proc-2025-32 policy)
us,F031,federal,IRS forms and instructions,PRESENT,2026-09-10-tax-irs-forms-ty2025,us/form/irs/ty2025/i1040gi/block-108,yes (irs/credits/eitc),"TY2025 $11,950: 'tment Income = *If line 7a is a loss, enter -0-. 2. Is your investment income more than $11,950? [ ] Yes. [ ] No. 3. Are you filing Form 479' at us/form/irs/ty2025/i1040gi/block-108 (2026-09-10-tax-irs-forms-ty2025); TY2026 $12,200: 's not allowed under § 32(i) if the aggregate amount of certain investment income exceeds $12,200. .07 Rehabilitation Expenditures Treated as' at us/guidance/irs/rev-proc-2025-32/page-15 (2026-05-02-irs-rev-proc-2025-32-r2026-07-15-self-contained)","EITC investment income limit TY2025 ($11,950) and TY2026 ($12,200)",no
us,F032,federal,federal statute,PRESENT,2026-07-13-recovery-r2026-07-15-self-contained-r2026-07-17-dedup,us/statute/26/36B,yes (irs/credits/premium_tax_credit),"section body (23755 chars, heading 'Refundable credit for coverage under a qualified h', expression_date 2026-07-13) carries the fact: 'er, over (ii) an amount equal to 1/12 of the product of the applicable percentage and the taxpayer’s household income for the taxable year. ('; inherited by all states","36B: premium tax credit (applicable percentage schedule, household income bands, repayment caps)",yes
us,F033,federal,revenue procedure,PRESENT,2026-07-13-recovery,us/guidance/irs/rev-proc-2025-25/page-1,yes (irs/credits/premium_tax_credit),Rev. Proc. 2025-25 pages: '2025-25 SECTION 1. PURPOSE This revenue procedure provides indexing adjustments to the applicable percentage table (Applicable Percentage Ta' at us/guidance/irs/rev-proc-2025-25/page-1 (2026-07-13-recovery),2026 section 36B applicable percentage table (Rev. Proc. 2025-25),yes (rev-proc-2025-25 policy)
us,F034,federal,revenue procedure,PRESENT,2026-09-10-tax-irs-guidance,us/guidance/irs/rev-proc-2026-26/page-1,yes (irs/credits/premium_tax_credit),Rev. Proc. 2026-26 pages: '2026-26 SECTION 1. PURPOSE This revenue procedure provides indexing adjustments to the applicable percentage table (Applicable Percentage Ta' at us/guidance/irs/rev-proc-2026-26/page-1 (2026-09-10-tax-irs-guidance),2027 section 36B applicable percentage table (Rev. Proc. 2026-26),no
us,F035,federal,federal statute,EXTRACTABLE,,,no,26 U.S.C. 31 not in any selected us/statute scope; carrying family: 26 U.S.C. USLM XML release points at https://uscode.house.gov/download/releasepoints/ (the 2026-08-03 title-26 union scope was built from one) list every section,31: credit for tax withheld on wages,no
us,F036,federal,federal statute,EXTRACTABLE,,,no,26 U.S.C. 35 not in any selected us/statute scope; carrying family: 26 U.S.C. USLM XML release points at https://uscode.house.gov/download/releasepoints/ (the 2026-08-03 title-26 union scope was built from one) list every section,35: health coverage tax credit (expired),no
us,F037,federal,federal statute,EXTRACTABLE,,,no,26 U.S.C. 53 not in any selected us/statute scope; carrying family: 26 U.S.C. USLM XML release points at https://uscode.house.gov/download/releasepoints/ (the 2026-08-03 title-26 union scope was built from one) list every section,53: credit for prior-year minimum tax,no
us,F038,federal,federal statute,PRESENT,2026-07-13-recovery-r2026-07-15-self-contained-r2026-07-17-dedup,us/statute/26/55,yes (irs/income/amt),"section body (9407 chars, heading 'Alternative minimum tax imposed', expression_date 2026-07-13) carries the fact: 'ntative minimum tax for the taxable year is the sum of— (i) 26 percent of so much of the taxable excess as does not exceed $175,00'; inherited by all states","55: AMT rates (26/28), exemption amounts and phase-out (OBBBA), 55(d)",yes
us,F039,federal,federal statute,PRESENT,2026-07-13-recovery-r2026-07-15-self-contained-r2026-07-17-dedup,us/statute/26/56,yes (irs/income/amt),"section body present (13512 chars, heading 'Adjustments in computing alternative minimum taxab', expression_date 2026-07-13); inherited by all states","56/57/58/59: AMTI adjustments, preference items, other AMT rules",yes
us,F040,federal,IRS forms and instructions,PRESENT,2026-09-10-tax-irs-forms-ty2025,us/form/irs/ty2025/i1040gi/block-152,yes (irs/income/amt/exemption),"$88,100 / $137,000: '8,000 14,269 10,080 14,269 12,530 88,000 88,000 88,050 14,280 10,086 14,280 12,541 88,050 88,100 14,291 10,092 14,291 12,552 88,100 88,150 1' at us/form/irs/ty2025/i1040gi/block-152 (2026-09-10-tax-irs-forms-ty2025)","TY2025 AMT exemption amounts ($88,100/$137,000) as printed",no
us,F041,federal,revenue procedure,PRESENT,2026-05-02-irs-rev-proc-2025-32-r2026-07-15-self-contained,us/guidance/irs/rev-proc-2025-32/page-16,yes (irs/income/amt/exemption),"$90,100 / $140,200: 'under § 55(d)(1) are: Filing status Exemption amount Joint Returns or Surviving Spouses $140,200 Unmarried Individuals (other than Surviving' at us/guidance/irs/rev-proc-2025-32/page-16 (2026-05-02-irs-rev-proc-2025-32-r2026-07-15-self-contained)",TY2026 AMT exemption amounts (Rev. Proc. 2025-32 sec. 3.11),yes (rev-proc-2025-32 policy)
us,F042,federal,federal statute,PRESENT,2026-07-13-recovery-r2026-07-15-self-contained-r2026-07-17-dedup,us/statute/26/61,yes (irs/gross_income),"section body present (892 chars, heading 'Gross income defined', expression_date 2026-07-13); inherited by all states",61: gross income definition,yes
us,F043,federal,federal statute,PRESENT,2026-07-13-recovery-r2026-07-15-self-contained-r2026-07-17-dedup,us/statute/26/62,yes (irs/ald),"section body (14308 chars, heading 'Adjusted gross income defined', expression_date 2026-07-13) carries the fact: '(a) General rule For purposes of this subtitle, the term “adjusted gross income” means, in the case of an individual, gross income minus th'; inherited by all states","62: above-the-line deductions (AGI): educator, HSA, SE tax half, SE health, IRA, student loan, alimony, moving (Armed Forces)",yes
us,F044,federal,federal statute,PRESENT,2026-08-03-rulespec-title-26-current-union,us/statute/26/63,yes (irs/deductions/standard),"section body (8017 chars, heading 'Taxable income defined', expression_date 2026-07-12) carries the fact: 'ction Paragraph (2) shall be applied— (i) by substituting “$23,625” for “$4,400” in subparagraph (B), and (ii) by substituting'; inherited by all states","63(c): basic standard deduction amounts ($15,750/$31,500/$23,625 OBBBA 2025) and indexing",yes
us,F045,federal,federal statute,PRESENT,2026-08-03-rulespec-title-26-current-union,us/statute/26/63,yes (irs/deductions/standard/aged_or_blind),"section body (8017 chars, heading 'Taxable income defined', expression_date 2026-07-12) carries the fact: '00 in any other case. (3) Additional standard deduction for aged and blind For purposes of paragraph (1), the additional sta'; inherited by all states","63(c)(3),(f): additional standard deduction for aged or blind",yes
us,F046,federal,federal statute,PRESENT,2026-08-03-rulespec-title-26-current-union,us/statute/26/63,yes (irs/deductions/standard/dependent),"section body (8017 chars, heading 'Taxable income defined', expression_date 2026-07-12) carries the fact: 'mitation on basic standard deduction in the case of certain dependents In the case of an individual with respect to whom a deduct'; inherited by all states",63(c)(5): standard deduction limitation for dependents,yes
us,F047,federal,IRS forms and instructions,PRESENT,2026-09-10-tax-irs-forms-ty2025,us/form/irs/ty2025/f1040/document-1,yes (irs/deductions/standard),"$15,750: 'January 2, 1961 Is blind Standard deduction for— • Single or Married filing separately, $15,750 • Married filing jointly or Qualifying survi' at us/form/irs/ty2025/f1040/document-1 (2026-09-10-tax-irs-forms-ty2025)",TY2025 standard deduction amounts as printed (2025 Form 1040 instructions),no
us,F048,federal,revenue procedure,PRESENT,2026-05-02-irs-rev-proc-2025-32-r2026-07-15-self-contained,us/guidance/irs/rev-proc-2025-32/page-18,yes (irs/deductions/standard),"$16,100: 'arried Individuals (other than Surviving Spouses and Heads of Households) (§ 1(j)(2)(C)) $16,100 Married Individuals Filing Separate Returns' at us/guidance/irs/rev-proc-2025-32/page-18 (2026-05-02-irs-rev-proc-2025-32-r2026-07-15-self-contained)","TY2026 standard deduction amounts (Rev. Proc. 2025-32 sec. 3.16: $16,100/$32,200/$24,150)",yes (rev-proc-2025-32 policy)
us,F049,federal,revenue procedure,PRESENT,2026-05-02-irs-rev-proc-2025-32-r2026-07-15-self-contained,us/guidance/irs/rev-proc-2025-32/page-18,yes (irs/deductions/standard/aged_or_blind),"$1,650 / $2,050: '026, the additional standard deduction amount under § 63(f) for the aged or the blind is $1,650. The additional standard deduction amount is' at us/guidance/irs/rev-proc-2025-32/page-18 (2026-05-02-irs-rev-proc-2025-32-r2026-07-15-self-contained)","TY2026 aged/blind additional amounts ($1,650/$2,050) (Rev. Proc. 2025-32)",yes (rev-proc-2025-32 policy)
us,F050,federal,federal statute,PRESENT,2026-07-13-recovery-r2026-07-15-self-contained-r2026-07-17-dedup,us/statute/26/67,yes (irs/deductions/itemized/misc),"section body present (5647 chars, heading '2-percent floor on miscellaneous itemized deductio', expression_date 2026-07-13); inherited by all states","67: 2-percent floor on miscellaneous itemized deductions (suspended, OBBBA permanent)",yes
us,F051,federal,federal statute,PRESENT,2026-07-13-recovery-r2026-07-15-self-contained-r2026-07-17-dedup,us/statute/26/68,yes (irs/deductions/itemized/limitation),"section body present (702 chars, heading 'Overall limitation on itemized deductions', expression_date 2026-07-13); inherited by all states",68: overall limitation on itemized deductions (OBBBA 2/37 reduction from 2026),yes
us,F052,federal,federal statute,EXTRACTABLE,,,yes (irs/ald/alimony_expense),"26 U.S.C. 71, 215 not in any selected us/statute scope; carrying family: 26 U.S.C. USLM XML release points at https://uscode.house.gov/download/releasepoints/ (the 2026-08-03 title-26 union scope was built from one) list every section",71/215: alimony inclusion and deduction (pre-2019 instruments),no
us,F053,federal,federal statute,EXTRACTABLE,,,no,26 U.S.C. 72 not in any selected us/statute scope; carrying family: 26 U.S.C. USLM XML release points at https://uscode.house.gov/download/releasepoints/ (the 2026-08-03 title-26 union scope was built from one) list every section,72: annuities and 72(t) 10% early distribution penalty,no
us,F054,federal,federal statute,PRESENT,2026-07-03-us-usc-26-85-r2026-07-15-self-contained-r2026-07-17-dedup,us/statute/26/85,yes (irs/unemployment_compensation),"section body present (969 chars, heading '26 U.S.C. § 85 - Unemployment compensation', expression_date 2025-01-06); inherited by all states",85: unemployment compensation includible,yes
us,F055,federal,federal statute,PRESENT,2026-07-13-recovery-r2026-07-15-self-contained-r2026-07-17-dedup,us/statute/26/86,yes (irs/social_security/taxability),"section body (6415 chars, heading 'Social security and tier 1 railroad retirement ben', expression_date 2026-07-13) carries the fact: 'means— (A) except as otherwise provided in this paragraph, $25,000, (B) $32,000 in the case of a joint return, and (C) zero in'; inherited by all states","86: taxation of Social Security benefits (50%/85%, $25,000/$32,000 and $34,000/$44,000 thresholds)",yes
us,F056,federal,federal statute,EXTRACTABLE,,,no,26 U.S.C. 101 not in any selected us/statute scope; carrying family: 26 U.S.C. USLM XML release points at https://uscode.house.gov/download/releasepoints/ (the 2026-08-03 title-26 union scope was built from one) list every section,101: life insurance death benefits excluded,no
us,F057,federal,federal statute,PRESENT,2026-07-13-recovery-r2026-07-15-self-contained-r2026-07-17-dedup,us/statute/26/102,no,"section body present (1291 chars, heading 'Gifts and inheritances', expression_date 2026-07-13); inherited by all states",102: gifts and inheritances excluded,yes
us,F058,federal,federal statute,EXTRACTABLE,,,yes (irs/gross_income),26 U.S.C. 103 not in any selected us/statute scope; carrying family: 26 U.S.C. USLM XML release points at https://uscode.house.gov/download/releasepoints/ (the 2026-08-03 title-26 union scope was built from one) list every section,103: interest on state and local bonds excluded,no
us,F059,federal,federal statute,PRESENT,2026-07-13-recovery-r2026-07-15-self-contained-r2026-07-17-dedup,us/statute/26/104,no,"section body present (5936 chars, heading 'Compensation for injuries or sickness', expression_date 2026-07-13); sections ['105', '106'] not in any selected scope; inherited by all states","104/105/106: injury compensation, accident and health plan exclusions",yes
us,F060,federal,federal statute,EXTRACTABLE,,,no,26 U.S.C. 108 not in any selected us/statute scope; carrying family: 26 U.S.C. USLM XML release points at https://uscode.house.gov/download/releasepoints/ (the 2026-08-03 title-26 union scope was built from one) list every section,108: discharge of indebtedness exclusions,no
us,F061,federal,federal statute,PRESENT,2026-07-13-recovery-r2026-07-15-self-contained-r2026-07-17-dedup,us/statute/26/112,no,"section body present (4230 chars, heading 'Certain combat zone compensation of members of the', expression_date 2026-07-13); inherited by all states",112: combat zone compensation exclusion,yes
us,F062,federal,federal statute,EXTRACTABLE,,,no,26 U.S.C. 117 not in any selected us/statute scope; carrying family: 26 U.S.C. USLM XML release points at https://uscode.house.gov/download/releasepoints/ (the 2026-08-03 title-26 union scope was built from one) list every section,117: qualified scholarships exclusion,no
us,F063,federal,federal statute,EXTRACTABLE,,,no,26 U.S.C. 121 not in any selected us/statute scope; carrying family: 26 U.S.C. USLM XML release points at https://uscode.house.gov/download/releasepoints/ (the 2026-08-03 title-26 union scope was built from one) list every section,"121: exclusion of gain on sale of principal residence ($250,000/$500,000)",no
us,F064,federal,federal statute,EXTRACTABLE,,,no,26 U.S.C. 125 not in any selected us/statute scope; carrying family: 26 U.S.C. USLM XML release points at https://uscode.house.gov/download/releasepoints/ (the 2026-08-03 title-26 union scope was built from one) list every section,125: cafeteria plans,no
us,F065,federal,federal statute,EXTRACTABLE,,,yes (irs/gross_income/dependent_care_assistance_programs),26 U.S.C. 129 not in any selected us/statute scope; carrying family: 26 U.S.C. USLM XML release points at https://uscode.house.gov/download/releasepoints/ (the 2026-08-03 title-26 union scope was built from one) list every section,"129: dependent care assistance exclusion ($5,000; $7,500 from 2026 OBBBA)",no
us,F066,federal,federal statute,EXTRACTABLE,,,no,26 U.S.C. 132 not in any selected us/statute scope; carrying family: 26 U.S.C. USLM XML release points at https://uscode.house.gov/download/releasepoints/ (the 2026-08-03 title-26 union scope was built from one) list every section,132: fringe benefits exclusion,no
us,F067,federal,federal statute,EXTRACTABLE,,,no,26 U.S.C. 135 not in any selected us/statute scope; carrying family: 26 U.S.C. USLM XML release points at https://uscode.house.gov/download/releasepoints/ (the 2026-08-03 title-26 union scope was built from one) list every section,135: US savings bond interest used for education,no
us,F068,federal,federal statute,EXTRACTABLE,,,no,26 U.S.C. 137 not in any selected us/statute scope; carrying family: 26 U.S.C. USLM XML release points at https://uscode.house.gov/download/releasepoints/ (the 2026-08-03 title-26 union scope was built from one) list every section,137: adoption assistance exclusion,no
us,F069,federal,federal statute,EXTRACTABLE,,,no,26 U.S.C. 139 not in any selected us/statute scope; carrying family: 26 U.S.C. USLM XML release points at https://uscode.house.gov/download/releasepoints/ (the 2026-08-03 title-26 union scope was built from one) list every section,139: disaster relief payments excluded,no
us,F070,federal,federal statute,PRESENT,2026-07-13-recovery-r2026-07-15-self-contained-r2026-07-17-dedup,us/statute/26/151,"yes (irs/deductions/senior_deduction, irs/income/exemption)","section body (5165 chars, heading 'Allowance of deductions for personal exemptions', expression_date 2026-07-13) carries the fact: ', there shall be allowed a deduction in an amount equal to $6,000 for each qualified individual with respect to the taxpayer.'; inherited by all states","151: personal exemption amount (zero, OBBBA permanent) and 151(d)(5) senior deduction $6,000 (2025-2028)",yes
us,F071,federal,federal statute,PRESENT,2026-07-13-recovery-r2026-07-15-self-contained-r2026-07-17-dedup,us/statute/26/152,yes (irs/dependent),"section body (16798 chars, heading 'Dependent defined', expression_date 2026-07-13) carries the fact: 'urposes of this subtitle, the term “dependent” means— (1) a qualifying child, or (2) a qualifying relative. (b) Exceptions For purposes'; inherited by all states","152: dependent definition (qualifying child, qualifying relative, tie-breaker, support)",yes
us,F072,federal,federal statute,EXTRACTABLE,,,yes (irs/ald),26 U.S.C. 162 not in any selected us/statute scope; carrying family: 26 U.S.C. USLM XML release points at https://uscode.house.gov/download/releasepoints/ (the 2026-08-03 title-26 union scope was built from one) list every section,162: trade or business expenses (individual-facing: SE health insurance 162(l)),no
us,F073,federal,federal statute,PRESENT,2026-07-13-recovery-r2026-07-15-self-contained-r2026-07-17-dedup,us/statute/26/163,yes (irs/deductions/itemized/interest),"section body (52598 chars, heading 'Interest', expression_date 2026-07-13) carries the fact: 'ess Subparagraph (B)(ii) shall be applied by substituting “$750,000 ($375,000” for “$1,000,000 ($500,000”. (III) Mortgage insur'; inherited by all states","163(h): qualified residence interest ($750,000 limit) and mortgage insurance premiums",yes
us,F074,federal,federal statute,PRESENT,2026-07-13-recovery-r2026-07-15-self-contained-r2026-07-17-dedup,us/statute/26/163,yes (irs/deductions/auto_loan_interest),"section body (52598 chars, heading 'Interest', expression_date 2026-07-13) carries the fact: 's for taxable years 2025 through 2028 relating to qualified passenger vehicle loan interest (A) In general In the case of taxable years b'; inherited by all states","163(h)(4): qualified passenger vehicle loan interest deduction (OBBBA, $10,000, MAGI phase-out)",yes
us,F075,federal,federal statute,PRESENT,2026-07-13-recovery-r2026-07-15-self-contained-r2026-07-17-dedup,us/statute/26/164,yes (irs/deductions/itemized/salt_and_real_estate),"section body (12597 chars, heading 'Taxes', expression_date 2026-07-13) carries the fact: 'case of any taxable year beginning in calendar year 2025, $40,000, (ii) in the case of any taxable year beginning in calendar'; inherited by all states","164(b)(6): SALT deduction cap ($40,000 2025, $40,400 2026, MAGI phase-down to $10,000)",yes
us,F076,federal,federal statute,PRESENT,2026-08-03-rulespec-title-26-current-union,us/statute/26/165,yes (irs/deductions/itemized/casualty),"section body (16690 chars, heading 'Losses', expression_date 2026-07-12) carries the fact: 'Wagering losses (1) In general For purposes of losses from wagering transactions, the amount allowed as a deduction for any tax'; inherited by all states",165: casualty (federally declared disaster) and wagering loss limits (90% OBBBA),no
us,F077,federal,federal statute,PRESENT,2026-07-13-recovery-r2026-07-15-self-contained-r2026-07-17-dedup,us/statute/26/170,yes (irs/deductions/itemized/charity),"section body (94489 chars, heading 'Charitable, etc., contributions and gifts', expression_date 2026-07-13) carries the fact: 'te of such contributions does not exceed the excess of— (I) 60 percent of the taxpayer’s contribution base for the taxable year, o'; inherited by all states","170: charitable contribution percentage limits, 0.5% floor (2026), non-itemizer deduction $1,000/$2,000 (2026)",yes
us,F078,federal,federal statute,PRESENT,2026-07-13-recovery-r2026-07-15-self-contained-r2026-07-17-dedup,us/statute/26/172,no,"section body present (12469 chars, heading 'Net operating loss deduction', expression_date 2026-07-13); inherited by all states","172: net operating loss deduction (80% limit, carryforward)",yes
us,F079,federal,federal statute,PRESENT,2026-07-13-recovery-r2026-07-15-self-contained-r2026-07-17-dedup,us/statute/26/199A,yes (irs/deductions/qbi),"section body (29125 chars, heading 'Qualified business income', expression_date 2026-07-13) carries the fact: 'ss income amount of the taxpayer, or (2) an amount equal to 20 percent of the excess (if any) of— (A) the taxable income of the ta'; inherited by all states","199A: qualified business income deduction (20%, thresholds, phase-in, $400 minimum OBBBA)",yes
us,F080,federal,revenue procedure,PRESENT,2026-05-02-irs-rev-proc-2025-32-r2026-07-15-self-contained,us/guidance/irs/rev-proc-2025-32/page-1,yes (irs/deductions/qbi/phase_out),"199A item: '3, 24, 32, 42, 45R, 55, 59, 62, 63, 125, 132(f), 135, 137, 146, 147, 148, 152, 179, 179D, 199A, 213, 220, 221, 448, 461, 512, 513, 529A, 642' at us/guidance/irs/rev-proc-2025-32/page-1 (2026-05-02-irs-rev-proc-2025-32-r2026-07-15-self-contained)",TY2026 199A threshold amounts (Rev. Proc. 2025-32 sec. 3.27),yes (rev-proc-2025-32 policy)
us,F081,federal,federal statute,PRESENT,2026-07-13-recovery-r2026-07-15-self-contained-r2026-07-17-dedup,us/statute/26/212,no,"section body present (379 chars, heading 'Expenses for production of income', expression_date 2026-07-13); inherited by all states",212: expenses for production of income,yes
us,F082,federal,federal statute,PRESENT,2026-07-13-recovery-r2026-07-15-self-contained-r2026-07-17-dedup,us/statute/26/213,yes (irs/deductions/itemized/medical),"section body (8989 chars, heading 'Medical, dental, etc., expenses', expression_date 2026-07-13) carries the fact: '(d)(1)(B) thereof), to the extent that such expenses exceed 7.5 percent of adjusted gross income. (b) Limitation with respect to m'; inherited by all states",213: medical expense deduction 7.5% AGI floor,yes
us,F083,federal,federal statute,EXTRACTABLE,,,no,26 U.S.C. 217 not in any selected us/statute scope; carrying family: 26 U.S.C. USLM XML release points at https://uscode.house.gov/download/releasepoints/ (the 2026-08-03 title-26 union scope was built from one) list every section,217: moving expenses (Armed Forces only),no
us,F084,federal,federal statute,PRESENT,2026-07-13-recovery-r2026-07-15-self-contained-r2026-07-17-dedup,us/statute/26/219,yes (irs/gross_income/retirement_contributions),"section body (14355 chars, heading 'Retirement savings', expression_date 2026-07-13) carries the fact: 'ection 408( o )(2)(B)(ii). (g) Limitation on deduction for active participants in certain pension plans (1) In general If (for any part o'; inherited by all states",219: IRA deduction limit and active-participant phase-out,yes
us,F085,federal,IRS notices,PRESENT,2026-07-23-irs-notice-2025-67,us/guidance/irs/notice-2025-67/page-1,yes (irs/gross_income/retirement_contributions/limit),"401(k) $24,500 / IRA $7,500: 'ncludes elective deferrals made to the Thrift Savings Plan, is increased from $23,500 to $24,500. The limitation on deferrals under section ' at us/guidance/irs/notice-2025-67/page-1 (2026-07-23-irs-notice-2025-67)","2026 IRA, 401(k), catch-up and phase-out amounts (Notice 2025-67)",yes (notice-2025-67 policy)
us,F086,federal,federal statute,PRESENT,2026-07-13-recovery-r2026-07-15-self-contained-r2026-07-17-dedup,us/statute/26/221,yes (irs/ald/student_loan_interest),"section body (5680 chars, heading 'Interest on education loans', expression_date 2026-07-13) carries the fact: 'ed by subsection (a) for the taxable year shall not exceed $2,500. (2) Limitation based on modified adjusted gross income (A)'; inherited by all states","221: student loan interest deduction ($2,500, MAGI phase-out)",yes
us,F087,federal,federal statute,PRESENT,2026-07-13-recovery-r2026-07-15-self-contained-r2026-07-17-dedup,us/statute/26/223,no,"section body present (26357 chars, heading 'Health savings accounts', expression_date 2026-07-13); inherited by all states",223: HSA contribution limits and eligibility,yes
us,F088,federal,revenue procedure,EXTRACTABLE,,,no,Rev. Proc. 2025-19 (IRB 2025-23) not taken; the batch-1 run note scanned only 2026 IRB issues; irs.gov/irb posts the Internal Revenue Bulletin issue,2026 HSA inflation-adjusted amounts (Rev. Proc. 2025-19),no
us,F089,federal,revenue procedure,PRESENT,2026-09-10-tax-irs-guidance,us/guidance/irs/rev-proc-2026-24/page-1,no,Rev. Proc. 2026-24: 'ECTION 1. PURPOSE This revenue procedure provides the 2027 inflation adjusted amounts for Health Savings Accounts (HSAs) as determined under' at us/guidance/irs/rev-proc-2026-24/page-1 (2026-09-10-tax-irs-guidance),2027 HSA inflation-adjusted amounts (Rev. Proc. 2026-24),no
us,F090,federal,federal statute,PRESENT,2026-07-13-recovery-r2026-07-15-self-contained-r2026-07-17-dedup,us/statute/26/224,yes (irs/deductions/tip_income),"section body (4050 chars, heading 'Qualified tips', expression_date 2026-07-13) carries the fact: 'n under this section for any taxable year shall not exceed $25,000. (2) Limitation based on adjusted gross income (A) In gener'; inherited by all states","224: qualified tips deduction (OBBBA, $25,000 cap, MAGI phase-out)",yes
us,F091,federal,federal statute,PRESENT,2026-07-13-recovery-r2026-07-15-self-contained-r2026-07-17-dedup,us/statute/26/225,yes (irs/deductions/overtime_income),"section body (2409 chars, heading 'Qualified overtime compensation', expression_date 2026-07-13) carries the fact: 'n under this section for any taxable year shall not exceed $12,500 ($25,000 in the case of a joint return). (2) Limitation bas'; inherited by all states","225: qualified overtime deduction (OBBBA, $12,500/$25,000 cap, MAGI phase-out)",yes
us,F092,federal,federal statute,EXTRACTABLE,,,yes (irs/gross_income/retirement_contributions),"26 U.S.C. 401, 402, 403, 457 not in any selected us/statute scope; carrying family: 26 U.S.C. USLM XML release points at https://uscode.house.gov/download/releasepoints/ (the 2026-08-03 title-26 union scope was built from one) list every section",401(k)/402/403(b)/457: qualified plan deferrals and taxation of distributions,no
us,F093,federal,federal statute,PRESENT,2026-07-13-recovery-r2026-07-15-self-contained-r2026-07-17-dedup,us/statute/26/408,no,"section body present (70387 chars, heading 'Individual retirement accounts', expression_date 2026-07-13); sections ['408A'] not in any selected scope; inherited by all states",408: traditional IRA rules; 408A Roth IRA contribution limits and MAGI phase-out,yes
us,F094,federal,federal statute,EXTRACTABLE,,,no,26 U.S.C. 415 not in any selected us/statute scope; carrying family: 26 U.S.C. USLM XML release points at https://uscode.house.gov/download/releasepoints/ (the 2026-08-03 title-26 union scope was built from one) list every section,415: qualified plan contribution and benefit limits (indexed),no
us,F095,federal,federal statute,EXTRACTABLE,,,no,26 U.S.C. 461 not in any selected us/statute scope; carrying family: 26 U.S.C. USLM XML release points at https://uscode.house.gov/download/releasepoints/ (the 2026-08-03 title-26 union scope was built from one) list every section,461(l): excess business loss limitation (indexed thresholds),no
us,F096,federal,federal statute,EXTRACTABLE,,,no,26 U.S.C. 469 not in any selected us/statute scope; carrying family: 26 U.S.C. USLM XML release points at https://uscode.house.gov/download/releasepoints/ (the 2026-08-03 title-26 union scope was built from one) list every section,"469: passive activity loss rules ($25,000 rental allowance)",no
us,F097,federal,federal statute,EXTRACTABLE,,,no,"26 U.S.C. 529, 529A, 530 not in any selected us/statute scope; carrying family: 26 U.S.C. USLM XML release points at https://uscode.house.gov/download/releasepoints/ (the 2026-08-03 title-26 union scope was built from one) list every section","529/529A/530: qualified tuition programs, ABLE, Coverdell",no
us,F098,federal,federal statute,EXTRACTABLE,,,no,"26 U.S.C. 1001, 1012, 1014, 1015, 1016 not in any selected us/statute scope; carrying family: 26 U.S.C. USLM XML release points at https://uscode.house.gov/download/releasepoints/ (the 2026-08-03 title-26 union scope was built from one) list every section",1001/1011-1016: amount realized and basis rules,no
us,F099,federal,federal statute,PRESENT,2026-07-13-recovery-r2026-07-15-self-contained-r2026-07-17-dedup,us/statute/26/1211,yes (irs/ald/loss/capital),"section body (557 chars, heading 'Limitation on capital losses', expression_date 2026-07-13) carries the fact: 'plus (if such losses exceed such gains) the lower of— (1) $3,000 ($1,500 in the case of a married individual filing a separa'; inherited by all states","1211/1212: capital loss limitation ($3,000) and carryover",yes
us,F100,federal,federal statute,PRESENT,2026-07-13-recovery-r2026-07-15-self-contained-r2026-07-17-dedup,us/statute/26/1222,yes (irs/capital_gains),"section body present (2400 chars, heading 'Other terms relating to capital gains and losses', expression_date 2026-07-13); sections ['1221', '1223'] not in any selected scope; inherited by all states","1221/1222/1223: capital asset, short/long-term definitions, holding period",yes
us,F101,federal,federal statute,EXTRACTABLE,,,no,26 U.S.C. 1250 not in any selected us/statute scope; carrying family: 26 U.S.C. USLM XML release points at https://uscode.house.gov/download/releasepoints/ (the 2026-08-03 title-26 union scope was built from one) list every section,1250/1(h)(6): unrecaptured section 1250 gain,no
us,F102,federal,federal statute,EXTRACTABLE,,,no,26 U.S.C. 66 not in any selected us/statute scope; carrying family: 26 U.S.C. USLM XML release points at https://uscode.house.gov/download/releasepoints/ (the 2026-08-03 title-26 union scope was built from one) list every section,66: community income treatment,no
us,F103,federal,federal statute,PRESENT,2026-07-13-recovery-r2026-07-15-self-contained-r2026-07-17-dedup,us/statute/26/1402,yes (irs/self_employment),"section body (29265 chars, heading 'Definitions', expression_date 2026-07-13) carries the fact: 't, if such net earnings for the taxable year are less than $400. For purposes of paragraph (1), the term “wages” (A) includ'; inherited by all states","1401/1402: self-employment tax rates (12.4 + 2.9), 92.35% net earnings, $400 threshold",yes
us,F104,federal,federal statute,PRESENT,2026-07-13-recovery-r2026-07-15-self-contained-r2026-07-17-dedup,us/statute/26/1411,yes (irs/investment/net_investment_income_tax),"section body (4214 chars, heading 'Imposition of tax', expression_date 2026-07-13) carries the fact: 'osed by this subtitle) for each taxable year a tax equal to 3.8 percent of the lesser of— (A) net investment income for suc'; inherited by all states","1411: net investment income tax 3.8% and $200,000/$250,000 thresholds",yes
us,F105,federal,federal statute,PRESENT,2026-08-03-rulespec-title-26-current-union,us/statute/26/3101,yes (irs/payroll),"section body (1694 chars, heading 'Rate of tax', expression_date 2025-12-03) carries the fact: 'by imposed on the income of every individual a tax equal to 6.2 percent of the wages (as defined in section 3121(a)) receiv'; inherited by all states","3101/3111/3121: FICA employee and employer rates (6.2/1.45), Additional Medicare Tax 0.9%, wages definition",yes
us,F106,federal,SSA automatic determinations,PRESENT,2026-05-17-ssa-automatic-determinations-2026,us/guidance/ssa/contribution-and-benefit-base/2026/block-1,yes (irs/payroll/social_security),"$184,500: 'utation $60,600 times 69,846.57 divided by 22,935.42 equals $184,548.71, which rounds to $184,500. Higher amount $184,500 exceeds the base f' at us/guidance/ssa/contribution-and-benefit-base/2026/block-1 (2026-05-17-ssa-automatic-determinations-2026)","Social Security contribution and benefit base 2026 ($184,500)",no
us,F164,federal,SSA automatic determinations,PRESENT,2026-05-17-ssa-automatic-determinations-2026,us/guidance/ssa/contribution-and-benefit-base/2026/block-1,yes (irs/payroll/social_security),"$176,100: 'e national average wage index for 2024 to that for 1992, or, if larger, the 2025 base of $176,100. If the amount so determined is not a mult' at us/guidance/ssa/contribution-and-benefit-base/2026/block-1 (2026-05-17-ssa-automatic-determinations-2026)","Social Security contribution and benefit base 2025 ($176,100) (SSA determination for 2025; only the 2024 and 2026 pages are selected)",no
us,F107,federal,federal statute,PRESENT,2026-07-13-recovery-r2026-07-15-self-contained-r2026-07-17-dedup,us/statute/26/3401,no,"section body present (11072 chars, heading 'Definitions', expression_date 2026-07-13); inherited by all states","3401/3402: wages for withholding, withholding at source, W-4",yes
us,F108,federal,IRS forms and instructions,EXTRACTABLE,,,n/a (document carrier; see the rule elements it carries),Publication 15-T not in any selected scope; irs.gov/forms-pubs/about-publication-15-t posts it,"Publication 15-T withholding tables and percentage method (2025, 2026)",no
us,F109,federal,federal statute,PRESENT,2026-07-13-recovery-r2026-07-15-self-contained-r2026-07-17-dedup,us/statute/26/3405,no,"section body present (9277 chars, heading 'Special rules for pensions, annuities, and certain', expression_date 2026-07-13); inherited by all states",3405/3406: pension withholding and backup withholding,yes
us,F110,federal,federal statute,PRESENT,2026-07-13-recovery-r2026-07-15-self-contained-r2026-07-17-dedup,us/statute/26/6012,yes (irs/income/filing_requirement),"section body present (8924 chars, heading 'Persons required to make returns of income', expression_date 2026-07-13); inherited by all states",6012: filing thresholds (gross income >= standard deduction; dependents),yes
us,F111,federal,federal statute,PRESENT,2026-07-13-recovery-r2026-07-15-self-contained-r2026-07-17-dedup,us/statute/26/6013,no,"section body present (14939 chars, heading 'Joint returns of income tax by husband and wife', expression_date 2026-07-13); inherited by all states","6013: joint returns (election, MFS switch, deceased spouse)",yes
us,F112,federal,federal statute,PRESENT,2026-07-13-recovery-r2026-07-15-self-contained-r2026-07-17-dedup,us/statute/26/6401,no,"section body present (1323 chars, heading 'Amounts treated as overpayments', expression_date 2026-07-13); inherited by all states",6401: refundable credits treated as overpayments,yes
us,F113,federal,federal statute,EXTRACTABLE,,,no,26 U.S.C. 6654 not in any selected us/statute scope; carrying family: 26 U.S.C. USLM XML release points at https://uscode.house.gov/download/releasepoints/ (the 2026-08-03 title-26 union scope was built from one) list every section,6654: estimated tax underpayment penalty and safe harbors (90%/100%/110%),no
us,F114,federal,federal statute,EXTRACTABLE,,,no,"26 U.S.C. 6072, 6081 not in any selected us/statute scope; carrying family: 26 U.S.C. USLM XML release points at https://uscode.house.gov/download/releasepoints/ (the 2026-08-03 title-26 union scope was built from one) list every section",6072/6081: return due date and extensions,no
us,F115,federal,federal statute,PRESENT,2026-07-17-hr6644-dependency-closure-title-26-title-26-r2026-07-18-dedup,us/statute/26/7701,no,"section body present (89016 chars, heading 'Definitions', expression_date 2026-07-16); inherited by all states",7703: marital status determination; 7701(b) resident alien; 7701(a)(17) husband and wife,yes
us,F116,federal,IRS regulation,EXTRACTABLE,,,n/a (document carrier; see the rule elements it carries),eCFR title 26 chapter I (https://www.ecfr.gov/current/title-26) posts every part-1 and part-31 section; no selected us/regulation scope carries them,"26 CFR 1.1-1, 1.2-2: income tax on individuals; head of household and surviving spouse rules",no
us,F117,federal,IRS regulation,EXTRACTABLE,,,yes (irs/credits/cdcc),eCFR title 26 chapter I (https://www.ecfr.gov/current/title-26) posts every part-1 and part-31 section; no selected us/regulation scope carries them,26 CFR 1.21-1 to 1.21-4: dependent care credit regulations,no
us,F118,federal,IRS regulation,EXTRACTABLE,,,yes (irs/credits/eitc),eCFR title 26 chapter I (https://www.ecfr.gov/current/title-26) posts every part-1 and part-31 section; no selected us/regulation scope carries them,"26 CFR 1.32-2, 1.32-3: EITC regulations",no
us,F119,federal,IRS regulation,EXTRACTABLE,,,yes (irs/credits/premium_tax_credit),eCFR title 26 chapter I (https://www.ecfr.gov/current/title-26) posts every part-1 and part-31 section; no selected us/regulation scope carries them,"26 CFR 1.36B-1 to 1.36B-6: premium tax credit regulations (family glitch, affordability)",no
us,F120,federal,IRS regulation,EXTRACTABLE,,,n/a (document carrier; see the rule elements it carries),eCFR title 26 chapter I (https://www.ecfr.gov/current/title-26) posts every part-1 and part-31 section; no selected us/regulation scope carries them,"26 CFR 1.61-1 to 1.63-2: gross income, AGI, taxable income, standard deduction election",no
us,F121,federal,IRS regulation,EXTRACTABLE,,,yes (irs/dependent),eCFR title 26 chapter I (https://www.ecfr.gov/current/title-26) posts every part-1 and part-31 section; no selected us/regulation scope carries them,"26 CFR 1.151-1 to 1.152-4: exemptions and dependents (support, tie-breaker)",no
us,F122,federal,IRS regulation,EXTRACTABLE,,,n/a (document carrier; see the rule elements it carries),eCFR title 26 chapter I (https://www.ecfr.gov/current/title-26) posts every part-1 and part-31 section; no selected us/regulation scope carries them,"26 CFR 1.162-1 to 1.165-12: business expenses, interest tracing, taxes, losses",no
us,F123,federal,IRS regulation,EXTRACTABLE,,,n/a (document carrier; see the rule elements it carries),eCFR title 26 chapter I (https://www.ecfr.gov/current/title-26) posts every part-1 and part-31 section; no selected us/regulation scope carries them,26 CFR 1.170A-1 to 1.170A-18: charitable contributions,no
us,F124,federal,IRS regulation,EXTRACTABLE,,,n/a (document carrier; see the rule elements it carries),eCFR title 26 chapter I (https://www.ecfr.gov/current/title-26) posts every part-1 and part-31 section; no selected us/regulation scope carries them,26 CFR 1.199A-1 to 1.199A-12: QBI deduction,no
us,F125,federal,IRS regulation,EXTRACTABLE,,,n/a (document carrier; see the rule elements it carries),eCFR title 26 chapter I (https://www.ecfr.gov/current/title-26) posts every part-1 and part-31 section; no selected us/regulation scope carries them,"26 CFR 1.213-1, 1.219-1, 1.221-1: medical, IRA, student loan interest",no
us,F126,federal,IRS regulation,EXTRACTABLE,,,n/a (document carrier; see the rule elements it carries),eCFR title 26 chapter I (https://www.ecfr.gov/current/title-26) posts every part-1 and part-31 section; no selected us/regulation scope carries them,"26 CFR 1.401(k)-1 to 1.408A-10: qualified plans, IRAs, Roth IRAs",no
us,F127,federal,IRS regulation,EXTRACTABLE,,,n/a (document carrier; see the rule elements it carries),eCFR title 26 chapter I (https://www.ecfr.gov/current/title-26) posts every part-1 and part-31 section; no selected us/regulation scope carries them,"26 CFR 1.1001-1 to 1.1016-10, 1.1211-1, 1.1212-1: basis and capital losses",no
us,F128,federal,IRS regulation,PRESENT,2026-07-24-1401-coordination-repair-title-26-part-1,us/regulation/26/1/1401-1,yes (irs/self_employment),"regulation body present: '(a) There is imposed, in addition to other taxes, a tax upon the self-employment income of every individual at the rates prescribed in secti'; the other sections of the family are not selected (eCFR title 26 chapter I (https://www.ecfr.gov/current/title-26) posts every part-1 and part-31 section; no selected us/regulation scope carries them)","26 CFR 1.1401-1, 1.1402(a)-1 to 1.1402(h)-1: self-employment tax",no
us,F129,federal,IRS regulation,EXTRACTABLE,,,n/a (document carrier; see the rule elements it carries),eCFR title 26 chapter I (https://www.ecfr.gov/current/title-26) posts every part-1 and part-31 section; no selected us/regulation scope carries them,26 CFR 1.1411-1 to 1.1411-10: net investment income tax,no
us,F130,federal,IRS regulation,EXTRACTABLE,,,n/a (document carrier; see the rule elements it carries),eCFR title 26 chapter I (https://www.ecfr.gov/current/title-26) posts every part-1 and part-31 section; no selected us/regulation scope carries them,"26 CFR 1.6012-1, 1.6013-1 to 1.6013-7, 1.6654-1: filing, joint returns, estimated tax",no
us,F131,federal,IRS regulation,EXTRACTABLE,,,n/a (document carrier; see the rule elements it carries),eCFR title 26 chapter I (https://www.ecfr.gov/current/title-26) posts every part-1 and part-31 section; no selected us/regulation scope carries them,26 CFR 31.3101-1 to 31.3402(r)-1: FICA and income tax withholding,no
us,F132,federal,IRS regulation,EXTRACTABLE,,,n/a (document carrier; see the rule elements it carries),eCFR title 26 chapter I (https://www.ecfr.gov/current/title-26) posts every part-1 and part-31 section; no selected us/regulation scope carries them,"26 CFR 301.7701-18, 1.7703-1: marital status",no
us,F133,federal,revenue procedure,EXTRACTABLE,,,no,"Rev. Proc. 2024-40 (IRB 2024-45) not in any selected scope; irs.gov/irb posts the Internal Revenue Bulletin issue; the TY2025 amounts it set that OBBBA did not amend (e.g. EITC, AMT, 199A, kiddie tax) are otherwise only readable from the 2025 form instructions",Rev. Proc. 2024-40: tax year 2025 inflation adjustments (pre-OBBBA base amounts still governing non-amended items),no
us,F134,federal,revenue procedure,PRESENT,2026-05-02-irs-rev-proc-2025-32-r2026-07-15-self-contained,us/guidance/irs/rev-proc-2025-32/page-1,yes (irs/income/bracket),"document present: '6601, 6651, 6652, 6695, 6698, 6699, 6721, 6722, 6726, 7345, 7430, 7702B, 9831; 1.148-5.) Rev. Proc. 2025-32 Table of Contents SECTION 1. PUR' at us/guidance/irs/rev-proc-2025-32/page-1 (2026-05-02-irs-rev-proc-2025-32-r2026-07-15-self-contained)",Rev. Proc. 2025-32: tax year 2026 inflation adjustments (all sec. 3 items),yes (rev-proc-2025-32 policy)
us,F135,federal,IRS notices,PRESENT,2026-07-23-irs-notice-2025-67,us/guidance/irs/notice-2025-67/page-1,yes (irs/gross_income/retirement_contributions),"document present: 'Relating to Retirement Plans and IRAs, as Adjusted for Changes in Cost-of-Living Notice 2025-67 Section 415 of the Internal Revenue Code (“C' at us/guidance/irs/notice-2025-67/page-1 (2026-07-23-irs-notice-2025-67)",Notice 2025-67: 2026 retirement plan and IRA limits,yes (notice-2025-67 policy)
us,F136,federal,IRS notices,PRESENT,2026-09-10-tax-irs-guidance,us/guidance/irs/notice-2026-10/page-1,no,document present: '2026 Standard Mileage Rates Notice 2026-10 SECTION 1. PURPOSE This notice provides the optional 2026 standar' at us/guidance/irs/notice-2026-10/page-1 (2026-09-10-tax-irs-guidance),Notice 2026-10: 2026 standard mileage rates,no
us,F137,federal,revenue procedure,ABSENT,,,no,not yet published: the batch-1 run note scanned IRB 2026-01..2026-37 and found no TY2027 revenue procedure (normally issued in October/November),Revenue procedure setting tax year 2027 items (not issued as of 2026-09-10),no
us,F138,federal,IRS forms and instructions,PRESENT,2026-09-10-tax-irs-forms-ty2025,us/form/irs/ty2025/i1040gi/block-97,n/a (document carrier; see the rule elements it carries),"$2,700: 'm 8615. Form 8615 must generally be used to figure the tax on your unearned income over $2,700 if you are under age 18, and in certain situa' at us/form/irs/ty2025/i1040gi/block-97 (2026-09-10-tax-irs-forms-ty2025); sec. 3.02: 1(g)(4)(A)(ii)(I) amount $1,350 (threshold $2,700): 't unearned income reported on the child's return that is subject to the ""kiddie tax,"" is $1,350. This $1,350 amount is the same as the amoun' at us/guidance/irs/rev-proc-2025-32/page-12 (2026-05-02-irs-rev-proc-2025-32-r2026-07-15-self-contained)","TY2025 kiddie-tax unearned income threshold ($2,700) and TY2026 (Rev. Proc. 2025-32 sec. 3.02)",no
us,F139,federal,IRS forms and instructions,PRESENT,2026-09-10-tax-irs-forms-ty2025,us/form/irs/ty2025/f1040,n/a (document carrier; see the rule elements it carries),"product(s) ['f1040', 'i1040gi'] present with body text under us/form/irs/ty2025/","Form 1040 and the 2025 Instructions for Form 1040 (line-by-line rules, worksheets)",no
us,F140,federal,IRS forms and instructions,PRESENT,2026-09-10-tax-irs-forms-ty2025,us/form/irs/ty2025/f1040s1,n/a (document carrier; see the rule elements it carries),"product(s) ['f1040s1', 'f1040s2', 'f1040s3'] present with body text under us/form/irs/ty2025/","Schedules 1, 2, 3 (2025)",no
us,F141,federal,IRS forms and instructions,EXTRACTABLE,,,n/a (document carrier; see the rule elements it carries),product(s) ['f1040s1a'] not in the selected us/form scope; irs.gov/forms-instructions and /forms-pubs list the product (queue row us index_document_count 35; 19 taken),"Schedule 1-A (2025): OBBBA additional deductions (tips, overtime, car loan interest, seniors) worksheet",no
us,F142,federal,IRS forms and instructions,PRESENT,2026-09-10-tax-irs-forms-ty2025,us/form/irs/ty2025/f1040sa,n/a (document carrier; see the rule elements it carries),"product(s) ['f1040sa', 'i1040sca'] present with body text under us/form/irs/ty2025/",Schedule A and instructions (2025),no
us,F143,federal,IRS forms and instructions,PRESENT,2026-09-10-tax-irs-forms-ty2025,us/form/irs/ty2025/f1040sb,n/a (document carrier; see the rule elements it carries),"product(s) ['f1040sb', 'i1040sb'] present with body text under us/form/irs/ty2025/",Schedule B and instructions (2025),no
us,F144,federal,IRS forms and instructions,EXTRACTABLE,,,n/a (document carrier; see the rule elements it carries),"product(s) ['f1040sc', 'i1040sc'] not in the selected us/form scope; irs.gov/forms-instructions and /forms-pubs list the product (queue row us index_document_count 35; 19 taken)",Schedule C and instructions (2025),no
us,F145,federal,IRS forms and instructions,PRESENT,2026-09-10-tax-irs-forms-ty2025,us/form/irs/ty2025/f1040sd,n/a (document carrier; see the rule elements it carries),"product(s) ['f1040sd', 'i1040sd'] present with body text under us/form/irs/ty2025/","Schedule D and instructions (2025), incl. Qualified Dividends and Capital Gain Tax Worksheet",no
us,F146,federal,IRS forms and instructions,EXTRACTABLE,,,n/a (document carrier; see the rule elements it carries),"product(s) ['f1040se', 'i1040se'] not in the selected us/form scope; irs.gov/forms-instructions and /forms-pubs list the product (queue row us index_document_count 35; 19 taken)",Schedule E and instructions (2025),no
us,F147,federal,IRS forms and instructions,PRESENT,2026-09-10-tax-irs-forms-ty2025,us/form/irs/ty2025/f1040sei,n/a (document carrier; see the rule elements it carries),product(s) ['f1040sei'] present with body text under us/form/irs/ty2025/,Schedule EIC (2025) and the EIC instructions/worksheets in i1040gi,no
us,F148,federal,IRS forms and instructions,PRESENT,2026-09-10-tax-irs-forms-ty2025,us/form/irs/ty2025/f1040sse,n/a (document carrier; see the rule elements it carries),"product(s) ['f1040sse', 'i1040sse'] present with body text under us/form/irs/ty2025/",Schedule SE and instructions (2025),no
us,F149,federal,IRS forms and instructions,PRESENT,2026-09-10-tax-irs-forms-ty2025,us/form/irs/ty2025/f1040s8,n/a (document carrier; see the rule elements it carries),"product(s) ['f1040s8', 'i1040s8'] present with body text under us/form/irs/ty2025/",Schedule 8812 and instructions (2025),no
us,F150,federal,IRS forms and instructions,PRESENT,2026-09-10-tax-irs-forms-ty2025,us/form/irs/ty2025/f8962,n/a (document carrier; see the rule elements it carries),"product(s) ['f8962', 'i8962'] present with body text under us/form/irs/ty2025/",Form 8962 and instructions (2025),no
us,F151,federal,IRS forms and instructions,EXTRACTABLE,,,n/a (document carrier; see the rule elements it carries),"product(s) ['f2441', 'i2441'] not in the selected us/form scope; irs.gov/forms-instructions and /forms-pubs list the product (queue row us index_document_count 35; 19 taken)",Form 2441 and instructions (2025),no
us,F152,federal,IRS forms and instructions,EXTRACTABLE,,,n/a (document carrier; see the rule elements it carries),"product(s) ['f8863', 'i8863'] not in the selected us/form scope; irs.gov/forms-instructions and /forms-pubs list the product (queue row us index_document_count 35; 19 taken)",Form 8863 and instructions (2025),no
us,F153,federal,IRS forms and instructions,EXTRACTABLE,,,n/a (document carrier; see the rule elements it carries),"product(s) ['f6251', 'i6251'] not in the selected us/form scope; irs.gov/forms-instructions and /forms-pubs list the product (queue row us index_document_count 35; 19 taken)",Form 6251 and instructions (2025),no
us,F154,federal,IRS forms and instructions,EXTRACTABLE,,,n/a (document carrier; see the rule elements it carries),"product(s) ['f8959', 'f8960', 'i8959', 'i8960'] not in the selected us/form scope; irs.gov/forms-instructions and /forms-pubs list the product (queue row us index_document_count 35; 19 taken)",Forms 8959 and 8960 and instructions (2025),no
us,F155,federal,IRS forms and instructions,EXTRACTABLE,,,n/a (document carrier; see the rule elements it carries),"product(s) ['f8995', 'i8995'] not in the selected us/form scope; irs.gov/forms-instructions and /forms-pubs list the product (queue row us index_document_count 35; 19 taken)",Form 8995/8995-A and instructions (2025),no
us,F156,federal,IRS forms and instructions,EXTRACTABLE,,,n/a (document carrier; see the rule elements it carries),product(s) ['f8880'] not in the selected us/form scope; irs.gov/forms-instructions and /forms-pubs list the product (queue row us index_document_count 35; 19 taken),Form 8880 saver's credit (2025),no
us,F157,federal,IRS forms and instructions,EXTRACTABLE,,,n/a (document carrier; see the rule elements it carries),product(s) ['f1040es'] not in the selected us/form scope; irs.gov/forms-instructions and /forms-pubs list the product (queue row us index_document_count 35; 19 taken),Form 1040-ES (2026) estimated tax worksheet and 2026 rate schedules,no
us,F158,federal,IRS forms and instructions,EXTRACTABLE,,,n/a (document carrier; see the rule elements it carries),product(s) ['fw4'] not in the selected us/form scope; irs.gov/forms-instructions and /forms-pubs list the product (queue row us index_document_count 35; 19 taken),Form W-4 (2026),no
us,F159,federal,IRS forms and instructions,PRESENT,2026-09-10-tax-irs-forms-ty2025,us/form/irs/ty2025/p17,n/a (document carrier; see the rule elements it carries),product(s) ['p17'] present with body text under us/form/irs/ty2025/,Publication 17 (2025),no
us,F160,federal,IRS forms and instructions,EXTRACTABLE,,,n/a (document carrier; see the rule elements it carries),product(s) ['p501'] not in the selected us/form scope; irs.gov/forms-instructions and /forms-pubs list the product (queue row us index_document_count 35; 19 taken),"Publication 501 (dependents, standard deduction, filing information) (2025)",no
us,F161,federal,IRS forms and instructions,EXTRACTABLE,,,n/a (document carrier; see the rule elements it carries),product(s) ['p596'] not in the selected us/form scope; irs.gov/forms-instructions and /forms-pubs list the product (queue row us index_document_count 35; 19 taken),Publication 596 (EITC) (2025),no
us,F162,federal,IRS forms and instructions,EXTRACTABLE,,,n/a (document carrier; see the rule elements it carries),product(s) ['p970'] not in the selected us/form scope; irs.gov/forms-instructions and /forms-pubs list the product (queue row us index_document_count 35; 19 taken),Publication 970 (education benefits) (2025),no
us,F163,federal,IRS forms and instructions,EXTRACTABLE,,,n/a (document carrier; see the rule elements it carries),product(s) ['f1040sr'] not in the selected us/form scope; irs.gov/forms-instructions and /forms-pubs list the product (queue row us index_document_count 35; 19 taken),Form 1040-SR (2025),no
us-ak,S01,state,state statute,PRESENT,2026-07-24-ak-individual-income-tax,us-ak/statute/43/20/12,no,"statute body ('12 Limitation on application of chapter; credits.', 716 chars): 'file a return under this chapter in order to receive a tax credit under AS 43.20.013. (c) [Repealed, § 5 ch 55 SLA 2023.] (d) [Repealed, § 5 ch 55 SLA 2023.]'",Imposition of the individual income tax (or the constitutional/statutory bar for the nine no-tax states),yes (1 income-tax files)
us-ak,S02,state conformity,state statute,N/A,,,no,N/A: no broad-based individual income tax; the rule does not exist in this jurisdiction,Internal Revenue Code conformity date (static or rolling) as defined in the chapter,yes (1 income-tax files)
us-ak,S03,state,state statute,N/A,,,no,N/A: no broad-based individual income tax; the rule does not exist in this jurisdiction,"Resident, nonresident and part-year resident definitions (domicile, statutory residence day count)",yes (1 income-tax files)
us-ak,S04,state conformity,state statute,N/A,,,no,N/A: no broad-based individual income tax; the rule does not exist in this jurisdiction,"Filing statuses and joint/separate return rules (married joint, separate, head of household, surviving spouse)",yes (1 income-tax files)
us-ak,S05,state conformity,state statute,N/A,,,no,N/A: no broad-based individual income tax; the rule does not exist in this jurisdiction,"Starting point: state gross/adjusted gross/taxable income defined from federal AGI, federal taxable income, or own gross income",yes (1 income-tax files)
us-ak,S06,state,state statute,N/A,,,no,N/A: no broad-based individual income tax; the rule does not exist in this jurisdiction,"Rate schedule: bracket thresholds and marginal rates, or the flat rate (statute)",yes (1 income-tax files)
us-ak,S07,state,state statute,N/A,,,no,N/A: no broad-based individual income tax; the rule does not exist in this jurisdiction,"Bracket / deduction / exemption indexing rule (inflation adjustment method, base year, rounding)",yes (1 income-tax files)
us-ak,S08,state,state statute,N/A,,,no,N/A: no broad-based individual income tax; the rule does not exist in this jurisdiction,Standard deduction amount(s) by filing status (statute),yes (1 income-tax files)
us-ak,S09,state conformity,state statute,N/A,,,no,N/A: no broad-based individual income tax; the rule does not exist in this jurisdiction,"Itemized deductions: state treatment (federal itemized with modifications, SALT/mortgage limits, own list, or none)",yes (1 income-tax files)
us-ak,S10,state,state statute,N/A,,,no,N/A: no broad-based individual income tax; the rule does not exist in this jurisdiction,Personal exemption amount or personal exemption credit (taxpayer and spouse),yes (1 income-tax files)
us-ak,S11,state,state statute,N/A,,,no,N/A: no broad-based individual income tax; the rule does not exist in this jurisdiction,Dependent exemption or dependent credit amount,yes (1 income-tax files)
us-ak,S12,state,state statute,N/A,,,no,N/A: no broad-based individual income tax; the rule does not exist in this jurisdiction,Additional deduction/exemption/credit for age 65 or over and for blindness,yes (1 income-tax files)
us-ak,S13,state,state statute,N/A,,,no,N/A: no broad-based individual income tax; the rule does not exist in this jurisdiction,Addition: interest on obligations of other states and their subdivisions,yes (1 income-tax files)
us-ak,S14,state,state statute,N/A,,,no,N/A: no broad-based individual income tax; the rule does not exist in this jurisdiction,Subtraction: interest on United States obligations,yes (1 income-tax files)
us-ak,S15,state,state statute,N/A,,,no,N/A: no broad-based individual income tax; the rule does not exist in this jurisdiction,Social Security benefits: full exclusion or the partial-taxation rule and its thresholds,yes (1 income-tax files)
us-ak,S16,state,state statute,N/A,,,no,N/A: no broad-based individual income tax; the rule does not exist in this jurisdiction,"Pension and retirement income exclusion (amounts, age conditions, public vs private)",yes (1 income-tax files)
us-ak,S17,state,state statute,N/A,,,no,N/A: no broad-based individual income tax; the rule does not exist in this jurisdiction,Military pay and military retirement subtraction,yes (1 income-tax files)
us-ak,S18,state,state statute,N/A,,,no,"N/A: capital gains taxed as ordinary income with no state exclusion (analyst knowledge, verify)","Capital gains: exclusion, deduction, or separate rate (where the state departs from ordinary treatment)",yes (1 income-tax files)
us-ak,S19,state,state statute,N/A,,,no,"N/A: no state EITC in TY2025 law (analyst knowledge, verify)","State EITC: percentage of the federal credit or own schedule, and refundability",yes (1 income-tax files)
us-ak,S20,state,state statute,N/A,,,no,"N/A: no state EITC in TY2025 law (analyst knowledge, verify)","State EITC deviations from federal eligibility (ITIN filers, age 18-24, childless amount, non-custodial), read from the EITC section",yes (1 income-tax files)
us-ak,S21,state,state statute,N/A,,,no,N/A: no broad-based individual income tax; the rule does not exist in this jurisdiction,State child tax credit / dependent credit / young child credit amount,yes (1 income-tax files)
us-ak,S22,state,state statute,N/A,,,no,N/A: no broad-based individual income tax; the rule does not exist in this jurisdiction,State child credit phase-out / income limit and refundability,yes (1 income-tax files)
us-ak,S23,state,state statute,N/A,,,no,N/A: no broad-based individual income tax; the rule does not exist in this jurisdiction,Child and dependent care credit: percentage of the federal credit or own schedule,yes (1 income-tax files)
us-ak,S24,state,state statute,N/A,,,no,N/A: no broad-based individual income tax; the rule does not exist in this jurisdiction,"Credit for income taxes paid to other states (resident credit, limitation)",yes (1 income-tax files)
us-ak,S25,state,state statute,N/A,,,no,N/A: no broad-based individual income tax; the rule does not exist in this jurisdiction,"Low-income credit, no-tax floor, or low-income exclusion (poverty-level relief)",yes (1 income-tax files)
us-ak,S26,state,state statute,N/A,,,no,N/A: no broad-based individual income tax; the rule does not exist in this jurisdiction,"Property tax circuit breaker, renter or homestead credit claimed on the income tax return",yes (1 income-tax files)
us-ak,S27,state,state statute,N/A,,,no,N/A: no broad-based individual income tax; the rule does not exist in this jurisdiction,"Other personal credits enumerated in the credits article (education, adoption, charitable, long-term care, elderly, volunteer, etc.)",yes (1 income-tax files)
us-ak,S28,state,state statute,N/A,,,no,N/A: no broad-based individual income tax; the rule does not exist in this jurisdiction,"State alternative minimum tax (rate, exemption, AMTI base) where enacted",yes (1 income-tax files)
us-ak,S29,state,state statute or bulletin,N/A,,,no,"N/A: no surtax or special individual income tax (analyst knowledge, verify)","Surtax or special individual tax (millionaire surtax, mental health tax, capital gains excise, interest and dividends tax, high-earner tax) where enacted, incl. the year's threshold",yes (1 income-tax files)
us-ak,S30,state,state statute,N/A,,,no,N/A: no broad-based individual income tax; the rule does not exist in this jurisdiction,"Nonresident and part-year resident sourcing and apportionment (income from sources within the state, proration)",yes (1 income-tax files)
us-ak,S31,state,state statute,N/A,,,no,N/A: no broad-based individual income tax; the rule does not exist in this jurisdiction,Employer withholding requirement and withholding tables/formula,yes (1 income-tax files)
us-ak,S32,state,state statute,N/A,,,no,N/A: no broad-based individual income tax; the rule does not exist in this jurisdiction,"Individual estimated tax requirement, safe harbor and underpayment interest",yes (1 income-tax files)
us-ak,S33,state,state statute,N/A,,,no,N/A: no broad-based individual income tax; the rule does not exist in this jurisdiction,"Filing threshold: who must file a return (income floor, exemption-based, gross income test)",yes (1 income-tax files)
us-ak,S34,state,state statute,N/A,,,no,N/A: no broad-based individual income tax; the rule does not exist in this jurisdiction,"Return due date, extensions, joint return liability and innocent spouse",yes (1 income-tax files)
us-ak,S35,state,state statute,N/A,,,no,N/A: no broad-based individual income tax; the rule does not exist in this jurisdiction,"Local income taxes (county, municipal, school district, city) authorized or imposed by the state code, where they exist",yes (1 income-tax files)
us-ak,R01,state,state regulation,N/A,,,n/a (document carrier; see the rule elements it carries),N/A: no broad-based individual income tax; the rule does not exist in this jurisdiction,State income tax regulations: the revenue department's administrative code chapter on the individual income tax,yes (1 income-tax files)
us-ak,F01,state,state form instructions and rate schedules,N/A,,,n/a (document carrier; see the rule elements it carries),N/A: no resident individual income tax return exists (no broad-based income tax),Tax year 2025 resident individual income tax return form,yes (1 income-tax files)
us-ak,F02,state,state form instructions and rate schedules,N/A,,,n/a (document carrier; see the rule elements it carries),N/A: no resident individual income tax return exists (no broad-based income tax),"Tax year 2025 resident return instruction booklet (line-by-line rules, worksheets)",yes (1 income-tax files)
us-ak,F03,state,state form instructions and rate schedules,N/A,,,no,N/A: no broad-based individual income tax; the rule does not exist in this jurisdiction,"Tax year 2025 rate schedule, tax table or flat rate with the year's dollar thresholds (as printed)",yes (1 income-tax files)
us-ak,F04,state,state form instructions and rate schedules,N/A,,,no,N/A: no broad-based individual income tax; the rule does not exist in this jurisdiction,Tax year 2025 standard deduction and exemption dollar amounts as printed in the instructions,yes (1 income-tax files)
us-ak,F05,state,state form instructions and rate schedules,N/A,,,no,"N/A: no state EITC or child credit in TY2025 law (analyst knowledge, verify)","Tax year 2025 state EITC / child credit parameters as printed in the instructions (percentage of federal, amounts, worksheets)",yes (1 income-tax files)
us-ak,F06,state,state department bulletins,N/A,,,no,N/A: no broad-based individual income tax; the rule does not exist in this jurisdiction,"Tax year 2026 indexed amounts (rate schedule, standard deduction, exemptions) as published for the year (estimated-tax instructions or department bulletin)",yes (1 income-tax files)
us-al,S01,state,state statute,PRESENT,2026-07-13-recovery,us-al/statute/40-18-15,"yes (income/rates, rates)","statute body ('40-18-15', 20461 chars): '§§ 163, 264, and 265. (3) The following taxes paid or accrued within the taxable year: a. Income taxes, Federal Insurance Contribution Act taxes, taxes on self-employment income an'",Imposition of the individual income tax (or the constitutional/statutory bar for the nine no-tax states),yes (2 income-tax files)
us-al,S02,state conformity,state statute,EXTRACTABLE,,,no,no selected statute body for this state carries it (selected statute scopes: 2026-07-13-recovery; income-tax chapter rows: 3); the state code is posted by the state code publisher (legislature/revisor site; see queue candidate_sources),Internal Revenue Code conformity date (static or rolling) as defined in the chapter,yes (2 income-tax files)
us-al,S03,state,state statute,EXTRACTABLE,,,no,no selected statute body for this state carries it (selected statute scopes: 2026-07-13-recovery; income-tax chapter rows: 3); the state code is posted by the state code publisher (legislature/revisor site; see queue candidate_sources),"Resident, nonresident and part-year resident definitions (domicile, statutory residence day count)",yes (2 income-tax files)
us-al,S04,state conformity,state statute,PRESENT,2026-07-13-recovery,us-al/statute/40-18-15,"yes (income/rates, rates)","statute body ('40-18-15', 20461 chars): 'optional standard deduction shall be determined as follows: a. The standard deduction for married taxpayers filing jointly with adjusted gross income of $20,000 or less shall be $7'","Filing statuses and joint/separate return rules (married joint, separate, head of household, surviving spouse)",yes (2 income-tax files)
us-al,S05,state conformity,state statute,EXTRACTABLE,,,"yes (agi, income/agi)",no selected statute body for this state carries it (selected statute scopes: 2026-07-13-recovery; income-tax chapter rows: 3); the state code is posted by the state code publisher (legislature/revisor site; see queue candidate_sources),"Starting point: state gross/adjusted gross/taxable income defined from federal AGI, federal taxable income, or own gross income",yes (2 income-tax files)
us-al,S06,state,state statute,PRESENT,2026-07-13-recovery,us-al/statute/40-18-5,"yes (income/rates, rates)","statute body ('40-18-5', 1038 chars): ': (1) For a single person, head of family, or married persons filing separate returns: a. Two percent of taxable income not in excess of five hundred dollars ($500). b. Four percen'","Rate schedule: bracket thresholds and marginal rates, or the flat rate (statute)",yes (2 income-tax files)
us-al,S07,state,state statute,N/A,,,"yes (income/rates, rates)","N/A: brackets/deductions are not indexed by statute (analyst knowledge, verify)","Bracket / deduction / exemption indexing rule (inflation adjustment method, base year, rounding)",yes (2 income-tax files)
us-al,S08,state,state statute,PRESENT,2026-07-13-recovery,us-al/statute/40-18-15,"yes (deductions, income/deductions, income/deductions/standard)","statute body ('40-18-15', 20461 chars): '(16), (19), (22), and (26) of subsection (a), the taxpayer may elect to take the optional standard deduction of 20 percent of the adjusted gross income or $2,000, whichever is the '",Standard deduction amount(s) by filing status (statute),yes (2 income-tax files)
us-al,S09,state conformity,state statute,PRESENT,2026-07-13-recovery,us-al/statute/40-18-15,"yes (deductions, deductions/itemized, income/deductions)","statute body ('40-18-15', 20461 chars): 'ntire year. In this case, each spouse may claim either the optional standard deduction or itemized deductions. Neither spouse may claim a deduction for expenses paid by the other s'","Itemized deductions: state treatment (federal itemized with modifications, SALT/mortgage limits, own list, or none)",yes (2 income-tax files)
us-al,S10,state,state statute,PRESENT,2026-07-13-recovery,us-al/statute/40-18-19,"yes (exemptions, income/exemptions)","statute body ('40-18-19', 10359 chars): 'or, in the case of a head of a family or a married person living with husband or wife, a personal exemption of three thousand dollars ($3,000), but a husband and wife living togeth'",Personal exemption amount or personal exemption credit (taxpayer and spouse),yes (2 income-tax files)
us-al,S11,state,state statute,EXTRACTABLE,,,"yes (exemptions, income/exemptions)",no selected statute body for this state carries it (selected statute scopes: 2026-07-13-recovery; income-tax chapter rows: 3); the state code is posted by the state code publisher (legislature/revisor site; see queue candidate_sources),Dependent exemption or dependent credit amount,yes (2 income-tax files)
us-al,S12,state,state statute,EXTRACTABLE,,,"yes (exemptions, income/exemptions)",no selected statute body for this state carries it (selected statute scopes: 2026-07-13-recovery; income-tax chapter rows: 3); the state code is posted by the state code publisher (legislature/revisor site; see queue candidate_sources),Additional deduction/exemption/credit for age 65 or over and for blindness,yes (2 income-tax files)
us-al,S13,state,state statute,EXTRACTABLE,,,no,no selected statute body for this state carries it (selected statute scopes: 2026-07-13-recovery; income-tax chapter rows: 3); the state code is posted by the state code publisher (legislature/revisor site; see queue candidate_sources),Addition: interest on obligations of other states and their subdivisions,yes (2 income-tax files)
us-al,S14,state,state statute,EXTRACTABLE,,,yes (income/deductions),no selected statute body for this state carries it (selected statute scopes: 2026-07-13-recovery; income-tax chapter rows: 3); the state code is posted by the state code publisher (legislature/revisor site; see queue candidate_sources),Subtraction: interest on United States obligations,yes (2 income-tax files)
us-al,S15,state,state statute,EXTRACTABLE,,,"yes (exemptions/retirement, income/exemptions/retirement, retirement)",no selected statute body for this state carries it (selected statute scopes: 2026-07-13-recovery; income-tax chapter rows: 3); the state code is posted by the state code publisher (legislature/revisor site; see queue candidate_sources),Social Security benefits: full exclusion or the partial-taxation rule and its thresholds,yes (2 income-tax files)
us-al,S16,state,state statute,PRESENT,2026-07-13-recovery,us-al/statute/40-18-19,"yes (exemptions/retirement, income/exemptions/retirement, retirement)","statute body ('40-18-19', 10359 chars): 'ACT 2026-603, EFFECTIVE OCTOBER 1, 2026. SEE ACT FOR REVISED LANGUAGE. (a) The following exemptions from income taxation shall be allowed to every individual resident taxpayer: (1)'","Pension and retirement income exclusion (amounts, age conditions, public vs private)",yes (2 income-tax files)
us-al,S17,state,state statute,EXTRACTABLE,,,no,no selected statute body for this state carries it (selected statute scopes: 2026-07-13-recovery; income-tax chapter rows: 3); the state code is posted by the state code publisher (legislature/revisor site; see queue candidate_sources),Military pay and military retirement subtraction,yes (2 income-tax files)
us-al,S18,state,state statute,N/A,,,no,"N/A: capital gains taxed as ordinary income with no state exclusion (analyst knowledge, verify)","Capital gains: exclusion, deduction, or separate rate (where the state departs from ordinary treatment)",yes (2 income-tax files)
us-al,S19,state,state statute,N/A,,,no,"N/A: no state EITC in TY2025 law (analyst knowledge, verify)","State EITC: percentage of the federal credit or own schedule, and refundability",yes (2 income-tax files)
us-al,S20,state,state statute,N/A,,,no,"N/A: no state EITC in TY2025 law (analyst knowledge, verify)","State EITC deviations from federal eligibility (ITIN filers, age 18-24, childless amount, non-custodial), read from the EITC section",yes (2 income-tax files)
us-al,S21,state,state statute,N/A,,,no,"N/A: no state child credit/child deduction in TY2025 law (analyst knowledge, verify)",State child tax credit / dependent credit / young child credit amount,yes (2 income-tax files)
us-al,S22,state,state statute,N/A,,,no,"N/A: no state child credit/child deduction in TY2025 law (analyst knowledge, verify)",State child credit phase-out / income limit and refundability,yes (2 income-tax files)
us-al,S23,state,state statute,N/A,,,no,"N/A: no state child and dependent care credit in TY2025 law (analyst knowledge, verify)",Child and dependent care credit: percentage of the federal credit or own schedule,yes (2 income-tax files)
us-al,S24,state,state statute,EXTRACTABLE,,,no,no selected statute body for this state carries it (selected statute scopes: 2026-07-13-recovery; income-tax chapter rows: 3); the state code is posted by the state code publisher (legislature/revisor site; see queue candidate_sources),"Credit for income taxes paid to other states (resident credit, limitation)",yes (2 income-tax files)
us-al,S25,state,state statute,N/A,,,yes (credits),"N/A: no low-income credit/no-tax floor (analyst knowledge, verify)","Low-income credit, no-tax floor, or low-income exclusion (poverty-level relief)",yes (2 income-tax files)
us-al,S26,state,state statute,N/A,,,no,"N/A: no property-tax circuit breaker or renter credit on the income tax return (analyst knowledge, verify)","Property tax circuit breaker, renter or homestead credit claimed on the income tax return",yes (2 income-tax files)
us-al,S27,state,state statute,EXTRACTABLE,,,yes (credits),no selected statute body for this state carries it (selected statute scopes: 2026-07-13-recovery; income-tax chapter rows: 3); the state code is posted by the state code publisher (legislature/revisor site; see queue candidate_sources),"Other personal credits enumerated in the credits article (education, adoption, charitable, long-term care, elderly, volunteer, etc.)",yes (2 income-tax files)
us-al,S28,state,state statute,N/A,,,no,"N/A: no state AMT (analyst knowledge, verify)","State alternative minimum tax (rate, exemption, AMTI base) where enacted",yes (2 income-tax files)
us-al,S29,state,state statute or bulletin,N/A,,,no,"N/A: no surtax or special individual income tax (analyst knowledge, verify)","Surtax or special individual tax (millionaire surtax, mental health tax, capital gains excise, interest and dividends tax, high-earner tax) where enacted, incl. the year's threshold",yes (2 income-tax files)
us-al,S30,state,state statute,PRESENT,2026-07-13-recovery,us-al/statute/40-18-15,no,"statute body ('40-18-15', 20461 chars): 'he amount of federal income tax paid or accrued within the taxable year. In the case of a nonresident taxpayer, the amount of federal income tax deductible to Alabama shall be dete'","Nonresident and part-year resident sourcing and apportionment (income from sources within the state, proration)",yes (2 income-tax files)
us-al,S31,state,state statute,EXTRACTABLE,,,no,no selected statute body for this state carries it (selected statute scopes: 2026-07-13-recovery; income-tax chapter rows: 3); the state code is posted by the state code publisher (legislature/revisor site; see queue candidate_sources),Employer withholding requirement and withholding tables/formula,yes (2 income-tax files)
us-al,S32,state,state statute,EXTRACTABLE,2026-09-10-tax-state-forms-ty2025,us-al/form/ador/ty2025/form-40-instructions/document-1,no,"only a form body carries it; the enabling statute section is not in any selected statute scope (2026-07-13-recovery); form body ('Form 40 Booklet, Alabama Individual Income Tax Return Instru', 217359 chars): 'return must be for a 12-month period.) Use Form 2210AL to calculate the penalty. Also see Payment of Estimated Tax on the next page. NOTE: If you included interest, a failure to ti'; NOTE: whole-chapter dump, the fact is inside a >200k-char body (weak provenance, needs sectioning); posted by the state code publisher (legislature/revisor site; see queue candidate_sources)","Individual estimated tax requirement, safe harbor and underpayment interest",yes (2 income-tax files)
us-al,S33,state,state statute,EXTRACTABLE,2026-09-10-tax-state-forms-ty2025,us-al/form/ador/ty2025/form-40-instructions/document-1,no,"only a form body carries it; the enabling statute section is not in any selected statute scope (2026-07-13-recovery); form body ('Form 40 Booklet, Alabama Individual Income Tax Return Instru', 217359 chars): '75, as amended, provides for a more severe penalty for not filing tax returns. Any person required to file a return under this title who willfully fails to make such return shall b'; NOTE: whole-chapter dump, the fact is inside a >200k-char body (weak provenance, needs sectioning); posted by the state code publisher (legislature/revisor site; see queue candidate_sources)","Filing threshold: who must file a return (income floor, exemption-based, gross income test)",yes (2 income-tax files)
us-al,S34,state,state statute,EXTRACTABLE,2026-09-10-tax-state-forms-ty2025,us-al/form/ador/ty2025/form-40-instructions/document-1,no,"only a form body carries it; the enabling statute section is not in any selected statute scope (2026-07-13-recovery); form body ('Form 40 Booklet, Alabama Individual Income Tax Return Instru', 217359 chars): 'n (SSA) office. File it with your local SSA office early enough to get your number before April 15. IMPORTANT: Please notify the Social Security Admin­ istration (SSA) immediately '; NOTE: whole-chapter dump, the fact is inside a >200k-char body (weak provenance, needs sectioning); posted by the state code publisher (legislature/revisor site; see queue candidate_sources)","Return due date, extensions, joint return liability and innocent spouse",yes (2 income-tax files)
us-al,S35,state,state statute,EXTRACTABLE,,,no,no selected statute body for this state carries it (selected statute scopes: 2026-07-13-recovery; income-tax chapter rows: 3); the state code is posted by the state code publisher (legislature/revisor site; see queue candidate_sources),"Local income taxes (county, municipal, school district, city) authorized or imposed by the state code, where they exist",yes (2 income-tax files)
us-al,R01,state,state regulation,EXTRACTABLE,,,n/a (document carrier; see the rule elements it carries),no selected regulation scope for this state is a revenue-department income tax regulation (the selected regulation scopes are benefit-program rules); the administrative code chapter is posted by the state's code publisher,State income tax regulations: the revenue department's administrative code chapter on the individual income tax,yes (2 income-tax files)
us-al,F01,state,state form instructions and rate schedules,PRESENT,2026-09-10-tax-state-forms-ty2025,us-al/form/ador/ty2025/form-40/document-1,n/a (document carrier; see the rule elements it carries),"form body ('Form 40, Alabama Individual Income Tax Return (2025) 1', 13529 chars): 's deceased • Primary’s deceased date • Spouse’s deceased date (mm/dd/yyyy) (mm/dd/yyyy) • Your first name • Initial • Last name • Spouse’s first name • Initial • Last name • Presen'",Tax year 2025 resident individual income tax return form,yes (2 income-tax files)
us-al,F02,state,state form instructions and rate schedules,PRESENT,2026-09-10-tax-state-forms-ty2025,us-al/form/ador/ty2025/form-40-instructions/document-1,n/a (document carrier; see the rule elements it carries),"form body ('Form 40 Booklet, Alabama Individual Income Tax Return Instru', 217359 chars): 'r Preparing 2 Your Return By following these four useful steps, and reading the specific instructions, you should be able to prepare your return quickly and accurately. Step 1 Coll'; NOTE: whole-chapter dump, the fact is inside a >200k-char body (weak provenance, needs sectioning)","Tax year 2025 resident return instruction booklet (line-by-line rules, worksheets)",yes (2 income-tax files)
us-al,F03,state,state form instructions and rate schedules,PRESENT,2026-09-10-tax-state-forms-ty2025,us-al/form/ador/ty2025/form-40-tax-table/document-1,"yes (income/rates, rates)","form body ('Form 40 Tax Table (2025) 1', 31099 chars): '800 99,900 4,953 4,913 99,900 100,000 4,958 4,918 Tax Table – Continued Over $100,000.00 If taxable income is over $100,000, use the following worksheet to figure your tax. • Singl'","Tax year 2025 rate schedule, tax table or flat rate with the year's dollar thresholds (as printed)",yes (2 income-tax files)
us-al,F04,state,state form instructions and rate schedules,PRESENT,2026-09-10-tax-state-forms-ty2025,us-al/form/ador/ty2025/form-40-standard-deduction-chart/document-1,"yes (deductions, income/deductions, income/deductions/standard)","form body ('Standard Deduction Chart, Form 40 (2025) 1', 2513 chars): '4,255 $4,120 $3,985 $3,850 $3,715 $3,580 $3,445 $3,310 $3,175 $3,040 $2,905 $2,770 $2,635 $2,500 $3,000 $2,975 $2,950 $2,925 $2,900 $2,875 $2,850 $2,825 $2,800 $2,775 $2,750 $2,725'",Tax year 2025 standard deduction and exemption dollar amounts as printed in the instructions,yes (2 income-tax files)
us-al,F05,state,state form instructions and rate schedules,N/A,,,no,"N/A: no state EITC or child credit in TY2025 law (analyst knowledge, verify)","Tax year 2025 state EITC / child credit parameters as printed in the instructions (percentage of federal, amounts, worksheets)",yes (2 income-tax files)
us-al,F06,state,state department bulletins,REVIEW,2026-09-10-tax-state-forms-ty2025,us-al/form/ador/ty2025/form-40-instructions/document-1,"yes (income/rates, rates)","no 2026-labelled document; a TY2025/undated body mentions a 2026 figure: form body ('Form 40 Booklet, Alabama Individual Income Tax Return Instru', 217359 chars): 'ou can file a joint return for 2025. You can also file a joint return if your spouse died in 2026 before filing a 2025 return. For details on how to file a joint return, see Death '; NOTE: whole-chapter dump, the fact is inside a >200k-char body (weak provenance, needs sectioning); verify it is a TY2026 parameter and not an estimated-tax reference","Tax year 2026 indexed amounts (rate schedule, standard deduction, exemptions) as published for the year (estimated-tax instructions or department bulletin)",yes (2 income-tax files)
us-ar,S01,state,state statute,PRESENT,2026-07-16-pit-east-us-ar-act-2,us-ar/statute/act-2-2026,"yes (income/rates, main)","statute body ('Arkansas Act 2 of 2026 — income tax rates', 5526 chars): 'RKANSAS: 22 23 SECTION 1. Arkansas Code § 26-51-201(a)(4), concerning the income tax 24 imposed on individuals, trusts, and estates, is amended to read as follows: 25 (4) For tax y'",Imposition of the individual income tax (or the constitutional/statutory bar for the nine no-tax states),yes (2 income-tax files)
us-ar,S02,state conformity,state statute,EXTRACTABLE,,,no,no selected statute body for this state carries it (selected statute scopes: 2026-07-16-pit-east-us-ar-act-2; income-tax chapter rows: 4); the state code is posted by the state code publisher (legislature/revisor site; see queue candidate_sources),Internal Revenue Code conformity date (static or rolling) as defined in the chapter,yes (2 income-tax files)
us-ar,S03,state,state statute,EXTRACTABLE,,,no,no selected statute body for this state carries it (selected statute scopes: 2026-07-16-pit-east-us-ar-act-2; income-tax chapter rows: 4); the state code is posted by the state code publisher (legislature/revisor site; see queue candidate_sources),"Resident, nonresident and part-year resident definitions (domicile, statutory residence day count)",yes (2 income-tax files)
us-ar,S04,state conformity,state statute,EXTRACTABLE,,,"yes (income/rates, main)",no selected statute body for this state carries it (selected statute scopes: 2026-07-16-pit-east-us-ar-act-2; income-tax chapter rows: 4); the state code is posted by the state code publisher (legislature/revisor site; see queue candidate_sources),"Filing statuses and joint/separate return rules (married joint, separate, head of household, surviving spouse)",yes (2 income-tax files)
us-ar,S05,state conformity,state statute,EXTRACTABLE,,,yes (income/gross_income),no selected statute body for this state carries it (selected statute scopes: 2026-07-16-pit-east-us-ar-act-2; income-tax chapter rows: 4); the state code is posted by the state code publisher (legislature/revisor site; see queue candidate_sources),"Starting point: state gross/adjusted gross/taxable income defined from federal AGI, federal taxable income, or own gross income",yes (2 income-tax files)
us-ar,S06,state,state statute,PRESENT,2026-07-16-pit-east-us-ar-act-2,us-ar/statute/act-2-2026,"yes (income/rates, main)","statute body ('Arkansas Act 2 of 2026 — income tax rates', 5526 chars): '600 $11,199 2% 33 $11,200 $15,999 3% 34 $16,000 $26,399 3.4% 35 $26,400 $94,700 3.7% 36 SB1 2 04/30/2026 11:37:28 AM JLL442 (B) Every resident, individual, trust, or estate having '","Rate schedule: bracket thresholds and marginal rates, or the flat rate (statute)",yes (2 income-tax files)
us-ar,S07,state,state statute,EXTRACTABLE,,,"yes (income/rates, main)",no selected statute body for this state carries it (selected statute scopes: 2026-07-16-pit-east-us-ar-act-2; income-tax chapter rows: 4); the state code is posted by the state code publisher (legislature/revisor site; see queue candidate_sources),"Bracket / deduction / exemption indexing rule (inflation adjustment method, base year, rounding)",yes (2 income-tax files)
us-ar,S08,state,state statute,EXTRACTABLE,,,"yes (deductions, deductions/standard, income/deductions)",no selected statute body for this state carries it (selected statute scopes: 2026-07-16-pit-east-us-ar-act-2; income-tax chapter rows: 4); the state code is posted by the state code publisher (legislature/revisor site; see queue candidate_sources),Standard deduction amount(s) by filing status (statute),yes (2 income-tax files)
us-ar,S09,state conformity,state statute,EXTRACTABLE,,,"yes (deductions, income/deductions, income/deductions/itemized)",no selected statute body for this state carries it (selected statute scopes: 2026-07-16-pit-east-us-ar-act-2; income-tax chapter rows: 4); the state code is posted by the state code publisher (legislature/revisor site; see queue candidate_sources),"Itemized deductions: state treatment (federal itemized with modifications, SALT/mortgage limits, own list, or none)",yes (2 income-tax files)
us-ar,S10,state,state statute,EXTRACTABLE,,,"yes (credits/personal, exemptions, income/credits/personal)",no selected statute body for this state carries it (selected statute scopes: 2026-07-16-pit-east-us-ar-act-2; income-tax chapter rows: 4); the state code is posted by the state code publisher (legislature/revisor site; see queue candidate_sources),Personal exemption amount or personal exemption credit (taxpayer and spouse),yes (2 income-tax files)
us-ar,S11,state,state statute,EXTRACTABLE,,,"yes (credits/personal, exemptions, income/credits/personal)",no selected statute body for this state carries it (selected statute scopes: 2026-07-16-pit-east-us-ar-act-2; income-tax chapter rows: 4); the state code is posted by the state code publisher (legislature/revisor site; see queue candidate_sources),Dependent exemption or dependent credit amount,yes (2 income-tax files)
us-ar,S12,state,state statute,EXTRACTABLE,,,"yes (credits/personal, exemptions, income/credits/personal)",no selected statute body for this state carries it (selected statute scopes: 2026-07-16-pit-east-us-ar-act-2; income-tax chapter rows: 4); the state code is posted by the state code publisher (legislature/revisor site; see queue candidate_sources),Additional deduction/exemption/credit for age 65 or over and for blindness,yes (2 income-tax files)
us-ar,S13,state,state statute,EXTRACTABLE,,,no,no selected statute body for this state carries it (selected statute scopes: 2026-07-16-pit-east-us-ar-act-2; income-tax chapter rows: 4); the state code is posted by the state code publisher (legislature/revisor site; see queue candidate_sources),Addition: interest on obligations of other states and their subdivisions,yes (2 income-tax files)
us-ar,S14,state,state statute,EXTRACTABLE,,,yes (income/deductions),no selected statute body for this state carries it (selected statute scopes: 2026-07-16-pit-east-us-ar-act-2; income-tax chapter rows: 4); the state code is posted by the state code publisher (legislature/revisor site; see queue candidate_sources),Subtraction: interest on United States obligations,yes (2 income-tax files)
us-ar,S15,state,state statute,EXTRACTABLE,,,no,no selected statute body for this state carries it (selected statute scopes: 2026-07-16-pit-east-us-ar-act-2; income-tax chapter rows: 4); the state code is posted by the state code publisher (legislature/revisor site; see queue candidate_sources),Social Security benefits: full exclusion or the partial-taxation rule and its thresholds,yes (2 income-tax files)
us-ar,S16,state,state statute,EXTRACTABLE,,,no,no selected statute body for this state carries it (selected statute scopes: 2026-07-16-pit-east-us-ar-act-2; income-tax chapter rows: 4); the state code is posted by the state code publisher (legislature/revisor site; see queue candidate_sources),"Pension and retirement income exclusion (amounts, age conditions, public vs private)",yes (2 income-tax files)
us-ar,S17,state,state statute,EXTRACTABLE,,,no,no selected statute body for this state carries it (selected statute scopes: 2026-07-16-pit-east-us-ar-act-2; income-tax chapter rows: 4); the state code is posted by the state code publisher (legislature/revisor site; see queue candidate_sources),Military pay and military retirement subtraction,yes (2 income-tax files)
us-ar,S18,state,state statute,EXTRACTABLE,,,"yes (capital_gains, gross_income/capital_gains, income/gross_income/capital_gains)",no selected statute body for this state carries it (selected statute scopes: 2026-07-16-pit-east-us-ar-act-2; income-tax chapter rows: 4); the state code is posted by the state code publisher (legislature/revisor site; see queue candidate_sources),"Capital gains: exclusion, deduction, or separate rate (where the state departs from ordinary treatment)",yes (2 income-tax files)
us-ar,S19,state,state statute,N/A,,,no,"N/A: no state EITC in TY2025 law (analyst knowledge, verify)","State EITC: percentage of the federal credit or own schedule, and refundability",yes (2 income-tax files)
us-ar,S20,state,state statute,N/A,,,no,"N/A: no state EITC in TY2025 law (analyst knowledge, verify)","State EITC deviations from federal eligibility (ITIN filers, age 18-24, childless amount, non-custodial), read from the EITC section",yes (2 income-tax files)
us-ar,S21,state,state statute,N/A,,,no,"N/A: no state child credit/child deduction in TY2025 law (analyst knowledge, verify)",State child tax credit / dependent credit / young child credit amount,yes (2 income-tax files)
us-ar,S22,state,state statute,N/A,,,no,"N/A: no state child credit/child deduction in TY2025 law (analyst knowledge, verify)",State child credit phase-out / income limit and refundability,yes (2 income-tax files)
us-ar,S23,state,state statute,EXTRACTABLE,,,"yes (credits/cdcc, income/credits/cdcc)",no selected statute body for this state carries it (selected statute scopes: 2026-07-16-pit-east-us-ar-act-2; income-tax chapter rows: 4); the state code is posted by the state code publisher (legislature/revisor site; see queue candidate_sources),Child and dependent care credit: percentage of the federal credit or own schedule,yes (2 income-tax files)
us-ar,S24,state,state statute,EXTRACTABLE,,,no,no selected statute body for this state carries it (selected statute scopes: 2026-07-16-pit-east-us-ar-act-2; income-tax chapter rows: 4); the state code is posted by the state code publisher (legislature/revisor site; see queue candidate_sources),"Credit for income taxes paid to other states (resident credit, limitation)",yes (2 income-tax files)
us-ar,S25,state,state statute,EXTRACTABLE,,,"yes (credits, income/credits)",no selected statute body for this state carries it (selected statute scopes: 2026-07-16-pit-east-us-ar-act-2; income-tax chapter rows: 4); the state code is posted by the state code publisher (legislature/revisor site; see queue candidate_sources),"Low-income credit, no-tax floor, or low-income exclusion (poverty-level relief)",yes (2 income-tax files)
us-ar,S26,state,state statute,N/A,,,no,"N/A: no property-tax circuit breaker or renter credit on the income tax return (analyst knowledge, verify)","Property tax circuit breaker, renter or homestead credit claimed on the income tax return",yes (2 income-tax files)
us-ar,S27,state,state statute,EXTRACTABLE,,,"yes (credits, income/credits)",no selected statute body for this state carries it (selected statute scopes: 2026-07-16-pit-east-us-ar-act-2; income-tax chapter rows: 4); the state code is posted by the state code publisher (legislature/revisor site; see queue candidate_sources),"Other personal credits enumerated in the credits article (education, adoption, charitable, long-term care, elderly, volunteer, etc.)",yes (2 income-tax files)
us-ar,S28,state,state statute,N/A,,,no,"N/A: no state AMT (analyst knowledge, verify)","State alternative minimum tax (rate, exemption, AMTI base) where enacted",yes (2 income-tax files)
us-ar,S29,state,state statute or bulletin,N/A,,,yes (capital_gains),"N/A: no surtax or special individual income tax (analyst knowledge, verify)","Surtax or special individual tax (millionaire surtax, mental health tax, capital gains excise, interest and dividends tax, high-earner tax) where enacted, incl. the year's threshold",yes (2 income-tax files)
us-ar,S30,state,state statute,EXTRACTABLE,,,no,no selected statute body for this state carries it (selected statute scopes: 2026-07-16-pit-east-us-ar-act-2; income-tax chapter rows: 4); the state code is posted by the state code publisher (legislature/revisor site; see queue candidate_sources),"Nonresident and part-year resident sourcing and apportionment (income from sources within the state, proration)",yes (2 income-tax files)
us-ar,S31,state,state statute,EXTRACTABLE,,,no,no selected statute body for this state carries it (selected statute scopes: 2026-07-16-pit-east-us-ar-act-2; income-tax chapter rows: 4); the state code is posted by the state code publisher (legislature/revisor site; see queue candidate_sources),Employer withholding requirement and withholding tables/formula,yes (2 income-tax files)
us-ar,S32,state,state statute,EXTRACTABLE,2026-09-10-tax-state-forms-ty2025,us-ar/form/dfa/ty2025/ar1000f-instructions/document-1,no,"only a form body carries it; the enabling statute section is not in any selected statute scope (2026-07-16-pit-east-us-ar-act-2); form body ('AR1000F and AR1000NR Instructions, Arkansas Individual Incom', 149592 chars): 'undable. NOTE: If your net tax is $1,000 or more, and you failed to make a declaration of Estimated Tax (Form AR1000ES, Voucher 1), or pay withholding equal to ninety (90%) of your'; posted by the state code publisher (legislature/revisor site; see queue candidate_sources)","Individual estimated tax requirement, safe harbor and underpayment interest",yes (2 income-tax files)
us-ar,S33,state,state statute,EXTRACTABLE,2026-09-10-tax-state-forms-ty2025,us-ar/form/dfa/ty2025/ar1000f-instructions/document-1,no,"only a form body carries it; the enabling statute section is not in any selected statute scope (2026-07-16-pit-east-us-ar-act-2); form body ('AR1000F and AR1000NR Instructions, Arkansas Individual Incom', 149592 chars): '58. Military servicemembers who are Arkansas residents are subject to the same income tax filing requirements as other Arkansas residents, even if they are serving in another state'; posted by the state code publisher (legislature/revisor site; see queue candidate_sources)","Filing threshold: who must file a return (income floor, exemption-based, gross income test)",yes (2 income-tax files)
us-ar,S34,state,state statute,EXTRACTABLE,2026-09-10-tax-state-forms-ty2025,us-ar/form/dfa/ty2025/ar1000f-instructions/document-1,no,"only a form body carries it; the enabling statute section is not in any selected statute scope (2026-07-16-pit-east-us-ar-act-2); form body ('AR1000F and AR1000NR Instructions, Arkansas Individual Incom', 149592 chars): 'e your return, but does not extend the amount of time to pay. Any tax due must be paid by April 15, 2026 to avoid failure to pay penalty and interest. Payments made on extension sh'; posted by the state code publisher (legislature/revisor site; see queue candidate_sources)","Return due date, extensions, joint return liability and innocent spouse",yes (2 income-tax files)
us-ar,S35,state,state statute,N/A,,,no,"N/A: no local income tax authorized by the state code (analyst knowledge, verify)","Local income taxes (county, municipal, school district, city) authorized or imposed by the state code, where they exist",yes (2 income-tax files)
us-ar,R01,state,state regulation,EXTRACTABLE,,,n/a (document carrier; see the rule elements it carries),no selected regulation scope for this state is a revenue-department income tax regulation (the selected regulation scopes are benefit-program rules); the administrative code chapter is posted by the state's code publisher,State income tax regulations: the revenue department's administrative code chapter on the individual income tax,yes (2 income-tax files)
us-ar,F01,state,state form instructions and rate schedules,PRESENT,2026-09-10-tax-state-forms-ty2025,us-ar/form/dfa/ty2025/ar1000f/document-1,n/a (document carrier; see the rule elements it carries),"form body ('Form AR1000F, Arkansas Full Year Resident Individual Income ', 9848 chars): '5 or over 6SHFLDO 6SHFLDO %OLQG %OLQG 'HDI 'HDI +HDGRIKRXVHKROGVXUYLYLQJVSRXVH (Filing status 3 only) (Filing status 6 only) Dependents (Do not list yourself or spouse) '",Tax year 2025 resident individual income tax return form,yes (2 income-tax files)
us-ar,F02,state,state form instructions and rate schedules,PRESENT,2026-09-10-tax-state-forms-ty2025,us-ar/form/dfa/ty2025/ar1000f-instructions/document-1,n/a (document carrier; see the rule elements it carries),"form body ('AR1000F and AR1000NR Instructions, Arkansas Individual Incom', 149592 chars): '2025 Changes to AR1000F and AR1000NR Withholding will now be reported on separate lines. Line 39A will be where W-2 withholding is reported. Line 39B will be where 1099/K-1 withhol'","Tax year 2025 resident return instruction booklet (line-by-line rules, worksheets)",yes (2 income-tax files)
us-ar,F03,state,state form instructions and rate schedules,PRESENT,2026-09-10-tax-state-forms-ty2025,us-ar/form/dfa/ty2025/tax-brackets/document-1,"yes (income/rates, main)","form body ('Arkansas Individual Income Tax Brackets (2025) 1', 2201 chars): 'f Arkansas Indexed Tax Brackets Tax Year 2025 2025 Indexed Tax Brackets The new indexed tax tables are based on the following brackets: Tax Bracket From Less Than or Equal To Perce'","Tax year 2025 rate schedule, tax table or flat rate with the year's dollar thresholds (as printed)",yes (2 income-tax files)
us-ar,F04,state,state form instructions and rate schedules,PRESENT,2026-09-10-tax-state-forms-ty2025,us-ar/form/dfa/ty2025/ar1000f-instructions/document-1,"yes (deductions, deductions/standard, income/deductions)","form body ('AR1000F and AR1000NR Instructions, Arkansas Individual Incom', 149592 chars): 'uctions based on both spouse’s incomes. Include a copy of the AR3 to support deductions.) Standard Deduction: The Standard Deduction for your filing status is shown below. (If the '",Tax year 2025 standard deduction and exemption dollar amounts as printed in the instructions,yes (2 income-tax files)
us-ar,F05,state,state form instructions and rate schedules,N/A,,,no,"N/A: no state EITC or child credit in TY2025 law (analyst knowledge, verify)","Tax year 2025 state EITC / child credit parameters as printed in the instructions (percentage of federal, amounts, worksheets)",yes (2 income-tax files)
us-ar,F06,state,state department bulletins,REVIEW,,,"yes (income/rates, main)",no 2026-labelled body with amounts in any selected scope and the queue row records no 2026 product; whether the department has posted TY2026 figures (most publish them in the 2026 estimated-tax or withholding instructions) was not verified,"Tax year 2026 indexed amounts (rate schedule, standard deduction, exemptions) as published for the year (estimated-tax instructions or department bulletin)",yes (2 income-tax files)
us-az,S01,state,state statute,PRESENT,2026-07-13-recovery,us-az/statute/43-1011/block-1,"yes (income/main, main)","statute body ('43-1011 - Taxes and tax rates', 8362 chars): '43-1011 . Taxes and tax rates (L21, Ch. 411, sec. 4) A. There shall be levied, collected and paid for each taxable year on the entire taxable income of every resident of this state'",Imposition of the individual income tax (or the constitutional/statutory bar for the nine no-tax states),yes (3 income-tax files)
us-az,S02,state conformity,state statute,EXTRACTABLE,,,no,no selected statute body for this state carries it (selected statute scopes: 2026-07-13-recovery; income-tax chapter rows: 14); the state code is posted by the state code publisher (legislature/revisor site; see queue candidate_sources),Internal Revenue Code conformity date (static or rolling) as defined in the chapter,yes (3 income-tax files)
us-az,S03,state,state statute,PRESENT,2026-07-13-recovery,us-az/statute/43-1073.01/block-1,no,"statute body ('43-1073.01 - Dependent tax credit', 1661 chars): 'eventeen years of age at the end of the taxable year. D. In the case of a nonresident or part-year resident taxpayer, the credit allowed under this section is allowed in the percen'","Resident, nonresident and part-year resident definitions (domicile, statutory residence day count)",yes (3 income-tax files)
us-az,S04,state conformity,state statute,PRESENT,2026-07-13-recovery,us-az/statute/43-1041/block-1,"yes (income/main, main)","statute body ('43-1041 - Optional standard deduction', 4038 chars): '200, subject to subsection H of this section. 2. In the case of a single person who is a head of a household, the standard deduction is $18,350, subject to subsection H of this sec'","Filing statuses and joint/separate return rules (married joint, separate, head of household, surviving spouse)",yes (3 income-tax files)
us-az,S05,state conformity,state statute,PRESENT,2026-07-13-recovery,us-az/statute/43-1072/block-1,yes (income/main),"statute body ('43-1072 - Earned credit for property taxes; residents sixty-', 8136 chars): 'le year while members of the household. 6. ""Income"" means the sum of the following: (a) Adjusted gross income as defined by the department. (b) The amount of capital gains excluded'","Starting point: state gross/adjusted gross/taxable income defined from federal AGI, federal taxable income, or own gross income",yes (3 income-tax files)
us-az,S06,state,state statute,PRESENT,2026-07-13-recovery,us-az/statute/43-1011/block-1,"yes (income/main, main)","statute body ('43-1011 - Taxes and tax rates', 8362 chars): 'n or a married person filing separately: If taxable income is: The tax is: $0 — $10,000 2.90% of taxable income $10,001 — $25,000 $290, plus 3.30% of the excess over $10,000 $25,00'","Rate schedule: bracket thresholds and marginal rates, or the flat rate (statute)",yes (3 income-tax files)
us-az,S07,state,state statute,N/A,,,"yes (income/main, main)","N/A: brackets/deductions are not indexed by statute (analyst knowledge, verify)","Bracket / deduction / exemption indexing rule (inflation adjustment method, base year, rounding)",yes (3 income-tax files)
us-az,S08,state,state statute,PRESENT,2026-07-13-recovery,us-az/statute/43-1041/block-1,"yes (deductions/standard, income/deductions, income/deductions/standard)","statute body ('43-1041 - Optional standard deduction', 4038 chars): 'as follows: 1. In the case of a single person or a married person filing separately, the standard deduction is $12,200, subject to subsection H of this section. 2. In the case of a'",Standard deduction amount(s) by filing status (statute),yes (3 income-tax files)
us-az,S09,state conformity,state statute,PRESENT,2026-07-13-recovery,us-az/statute/43-1041/block-1,"yes (deductions/itemized, income/deductions, income/deductions/itemized)","statute body ('43-1041 - Optional standard deduction', 4038 chars): 'B. The standard deduction provided for in subsection A of this section is in lieu of all itemized deductions allowed by section 43-1042, which are to be subtracted from Arizona adj'","Itemized deductions: state treatment (federal itemized with modifications, SALT/mortgage limits, own list, or none)",yes (3 income-tax files)
us-az,S10,state,state statute,PRESENT,2026-07-13-recovery,us-az/statute/43-1023/block-1,"yes (exemptions, income/exemptions)","statute body ('43-1023 - Exemptions for blind persons and persons sixty-fiv', 3222 chars): 'xable years beginning from and after December 31, 1998, a resident taxpayer is allowed an exemption of $10,000 for each parent or ancestor of a parent of the taxpayer, who is sixty'",Personal exemption amount or personal exemption credit (taxpayer and spouse),yes (3 income-tax files)
us-az,S11,state,state statute,PRESENT,2026-07-13-recovery,us-az/statute/43-1073.01/block-1,"yes (exemptions, income/exemptions)","statute body ('43-1073.01 - Dependent tax credit', 1661 chars): 'han $400,000 for a married couple filing a joint return, the amount of the credit is: 1. $100 for each dependent who is under seventeen years of age at the end of the taxable year.'",Dependent exemption or dependent credit amount,yes (3 income-tax files)
us-az,S12,state,state statute,EXTRACTABLE,,,"yes (exemptions, income/exemptions)",no selected statute body for this state carries it (selected statute scopes: 2026-07-13-recovery; income-tax chapter rows: 14); the state code is posted by the state code publisher (legislature/revisor site; see queue candidate_sources),Additional deduction/exemption/credit for age 65 or over and for blindness,yes (3 income-tax files)
us-az,S13,state,state statute,EXTRACTABLE,,,no,no selected statute body for this state carries it (selected statute scopes: 2026-07-13-recovery; income-tax chapter rows: 14); the state code is posted by the state code publisher (legislature/revisor site; see queue candidate_sources),Addition: interest on obligations of other states and their subdivisions,yes (3 income-tax files)
us-az,S14,state,state statute,EXTRACTABLE,,,"yes (income/deductions, income/subtractions, subtractions)",no selected statute body for this state carries it (selected statute scopes: 2026-07-13-recovery; income-tax chapter rows: 14); the state code is posted by the state code publisher (legislature/revisor site; see queue candidate_sources),Subtraction: interest on United States obligations,yes (3 income-tax files)
us-az,S15,state,state statute,EXTRACTABLE,,,"yes (income/subtractions/pension, subtractions/military_retirement, subtractions/pension)",no selected statute body for this state carries it (selected statute scopes: 2026-07-13-recovery; income-tax chapter rows: 14); the state code is posted by the state code publisher (legislature/revisor site; see queue candidate_sources),Social Security benefits: full exclusion or the partial-taxation rule and its thresholds,yes (3 income-tax files)
us-az,S16,state,state statute,EXTRACTABLE,,,"yes (income/subtractions/pension, subtractions/military_retirement, subtractions/pension)",no selected statute body for this state carries it (selected statute scopes: 2026-07-13-recovery; income-tax chapter rows: 14); the state code is posted by the state code publisher (legislature/revisor site; see queue candidate_sources),"Pension and retirement income exclusion (amounts, age conditions, public vs private)",yes (3 income-tax files)
us-az,S17,state,state statute,EXTRACTABLE,,,"yes (income/subtractions/military_retirement, subtractions/military_retirement)",no selected statute body for this state carries it (selected statute scopes: 2026-07-13-recovery; income-tax chapter rows: 14); the state code is posted by the state code publisher (legislature/revisor site; see queue candidate_sources),Military pay and military retirement subtraction,yes (3 income-tax files)
us-az,S18,state,state statute,EXTRACTABLE,,,"yes (capital_gains, income/subtractions/capital_gains, subtractions/capital_gains)",no selected statute body for this state carries it (selected statute scopes: 2026-07-13-recovery; income-tax chapter rows: 14); the state code is posted by the state code publisher (legislature/revisor site; see queue candidate_sources),"Capital gains: exclusion, deduction, or separate rate (where the state departs from ordinary treatment)",yes (3 income-tax files)
us-az,S19,state,state statute,N/A,,,no,"N/A: no state EITC in TY2025 law (analyst knowledge, verify)","State EITC: percentage of the federal credit or own schedule, and refundability",yes (3 income-tax files)
us-az,S20,state,state statute,N/A,,,no,"N/A: no state EITC in TY2025 law (analyst knowledge, verify)","State EITC deviations from federal eligibility (ITIN filers, age 18-24, childless amount, non-custodial), read from the EITC section",yes (3 income-tax files)
us-az,S21,state,state statute,EXTRACTABLE,,,yes (credits/dependent_credit),no selected statute body for this state carries it (selected statute scopes: 2026-07-13-recovery; income-tax chapter rows: 14); the state code is posted by the state code publisher (legislature/revisor site; see queue candidate_sources),State child tax credit / dependent credit / young child credit amount,yes (3 income-tax files)
us-az,S22,state,state statute,EXTRACTABLE,,,yes (credits/dependent_credit),no selected statute body for this state carries it (selected statute scopes: 2026-07-13-recovery; income-tax chapter rows: 14); the state code is posted by the state code publisher (legislature/revisor site; see queue candidate_sources),State child credit phase-out / income limit and refundability,yes (3 income-tax files)
us-az,S23,state,state statute,N/A,,,no,"N/A: no state child and dependent care credit in TY2025 law (analyst knowledge, verify)",Child and dependent care credit: percentage of the federal credit or own schedule,yes (3 income-tax files)
us-az,S24,state,state statute,EXTRACTABLE,,,no,no selected statute body for this state carries it (selected statute scopes: 2026-07-13-recovery; income-tax chapter rows: 14); the state code is posted by the state code publisher (legislature/revisor site; see queue candidate_sources),"Credit for income taxes paid to other states (resident credit, limitation)",yes (3 income-tax files)
us-az,S25,state,state statute,PRESENT,2026-07-13-recovery,us-az/statute/43-1073/block-1,"yes (credits, income/credits)","statute body ('43-1073 - Family income tax credit', 1873 chars): '43-1073 . Family income tax credit A. Subject to the conditions prescribed by this section, a credit is allowed against the'","Low-income credit, no-tax floor, or low-income exclusion (poverty-level relief)",yes (3 income-tax files)
us-az,S26,state,state statute,PRESENT,2026-07-13-recovery,us-az/statute/43-1072/block-1,"yes (credits/property_tax, income/credits/property_tax)","statute body ('43-1072 - Earned credit for property taxes; residents sixty-', 8136 chars): 'xty-five years of age or older; definitions A. There shall be allowed to each resident a credit against the taxes imposed by this title for a taxable year for property taxes accrue'","Property tax circuit breaker, renter or homestead credit claimed on the income tax return",yes (3 income-tax files)
us-az,S27,state,state statute,EXTRACTABLE,,,"yes (credits, income/credits)",no selected statute body for this state carries it (selected statute scopes: 2026-07-13-recovery; income-tax chapter rows: 14); the state code is posted by the state code publisher (legislature/revisor site; see queue candidate_sources),"Other personal credits enumerated in the credits article (education, adoption, charitable, long-term care, elderly, volunteer, etc.)",yes (3 income-tax files)
us-az,S28,state,state statute,N/A,,,no,"N/A: no state AMT (analyst knowledge, verify)","State alternative minimum tax (rate, exemption, AMTI base) where enacted",yes (3 income-tax files)
us-az,S29,state,state statute or bulletin,N/A,,,yes (capital_gains),"N/A: no surtax or special individual income tax (analyst knowledge, verify)","Surtax or special individual tax (millionaire surtax, mental health tax, capital gains excise, interest and dividends tax, high-earner tax) where enacted, incl. the year's threshold",yes (3 income-tax files)
us-az,S30,state,state statute,PRESENT,2026-07-13-recovery,us-az/statute/43-1011/block-1,no,"statute body ('43-1011 - Taxes and tax rates', 8362 chars): 'taxable income of every resident of this state and on the entire taxable income of every nonresident that is derived from sources within this state taxes determined in the followin'","Nonresident and part-year resident sourcing and apportionment (income from sources within the state, proration)",yes (3 income-tax files)
us-az,S31,state,state statute,EXTRACTABLE,,,no,no selected statute body for this state carries it (selected statute scopes: 2026-07-13-recovery; income-tax chapter rows: 14); the state code is posted by the state code publisher (legislature/revisor site; see queue candidate_sources),Employer withholding requirement and withholding tables/formula,yes (3 income-tax files)
us-az,S32,state,state statute,EXTRACTABLE,2026-07-21-az-140es-2026,us-az/form/individual-income-tax/2026/140es-booklet/document-1,no,"only a form body carries it; the enabling statute section is not in any selected statute scope (2026-07-13-recovery); form body ('Arizona Form 140ES 2026 Individual Estimated Income Tax Book', 23915 chars): 'a penalty if you fail to make any required estimated payment. Use Arizona Form 221, Underpayment of Estimated Tax by Individuals, to figure the amount of this penalty. The penalty '; posted by the state code publisher (legislature/revisor site; see queue candidate_sources)","Individual estimated tax requirement, safe harbor and underpayment interest",yes (3 income-tax files)
us-az,S33,state,state statute,PRESENT,2026-07-13-recovery,us-az/statute/43-1072.01/block-1,no,"statute body ('43-1072.01 - Credit for increased excise taxes paid', 2665 chars): 'form that they have no income tax liability for the taxable year and who do not meet the filing requirements of section 43-301 are not required to file an individual income tax ret'","Filing threshold: who must file a return (income floor, exemption-based, gross income test)",yes (3 income-tax files)
us-az,S34,state,state statute,EXTRACTABLE,2026-07-21-az-140es-2026,us-az/form/individual-income-tax/2026/140es-booklet/document-1,no,"only a form body carries it; the enabling statute section is not in any selected statute scope (2026-07-13-recovery); form body ('Arizona Form 140ES 2026 Individual Estimated Income Tax Book', 23915 chars): 'n the federal Form 1040-ES. Calendar year filers - estimated payment due dates: Payment 1 April 15, 2026. Payment 2 June 15, 2026 Payment 3 September 15, 2026 Payment 4 January 15,'; posted by the state code publisher (legislature/revisor site; see queue candidate_sources)","Return due date, extensions, joint return liability and innocent spouse",yes (3 income-tax files)
us-az,S35,state,state statute,N/A,,,no,"N/A: no local income tax authorized by the state code (analyst knowledge, verify)","Local income taxes (county, municipal, school district, city) authorized or imposed by the state code, where they exist",yes (3 income-tax files)
us-az,R01,state,state regulation,EXTRACTABLE,,,n/a (document carrier; see the rule elements it carries),no selected regulation scope for this state is a revenue-department income tax regulation (the selected regulation scopes are benefit-program rules); the administrative code chapter is posted by the state's code publisher,State income tax regulations: the revenue department's administrative code chapter on the individual income tax,yes (3 income-tax files)
us-az,F01,state,state form instructions and rate schedules,EXTRACTABLE,,,n/a (document carrier; see the rule elements it carries),no TY2025 resident return form in any selected form scope (form documents present: Arizona Form 140ES 2026 Individual Estimated Incom); queue row 'done' points at form/2026-07-21-az-140es-2026; publisher forms index: state revenue department forms page,Tax year 2025 resident individual income tax return form,yes (3 income-tax files)
us-az,F02,state,state form instructions and rate schedules,EXTRACTABLE,,,n/a (document carrier; see the rule elements it carries),no TY2025 resident instruction booklet in any selected form scope (form documents present: Arizona Form 140ES 2026 Individual Estimated Incom); queue row 'done' points at form/2026-07-21-az-140es-2026; publisher forms index: state revenue department forms page,"Tax year 2025 resident return instruction booklet (line-by-line rules, worksheets)",yes (3 income-tax files)
us-az,F03,state,state form instructions and rate schedules,EXTRACTABLE,,,"yes (income/main, main)",no TY2025 rate schedule/tax table/flat-rate body in the selection (form bodies: 2); publisher forms index revenue department forms page,"Tax year 2025 rate schedule, tax table or flat rate with the year's dollar thresholds (as printed)",yes (3 income-tax files)
us-az,F04,state,state form instructions and rate schedules,EXTRACTABLE,,,"yes (deductions/standard, income/deductions, income/deductions/standard)",no TY2025 instruction body carrying the printed standard deduction/exemption amounts in the selection; publisher forms index revenue department forms page,Tax year 2025 standard deduction and exemption dollar amounts as printed in the instructions,yes (3 income-tax files)
us-az,F05,state,state form instructions and rate schedules,EXTRACTABLE,,,no,no TY2025 instruction body carrying the state EITC/child credit parameters in the selection; publisher forms index revenue department forms page,"Tax year 2025 state EITC / child credit parameters as printed in the instructions (percentage of federal, amounts, worksheets)",yes (3 income-tax files)
us-az,F06,state,state department bulletins,PRESENT,2026-07-21-az-140es-2026,us-az/form/individual-income-tax/2026/140es-booklet/document-1,"yes (income/main, main)","form body ('Arizona Form 140ES 2026 Individual Estimated Income Tax Book', 23915 chars): 'each quarter for which a payment is made. • For tax year 2026 estimated tax payments, the tax rate for estimating your tax liability is 2.5%. See the form’s page 2, Worksheet for C'","Tax year 2026 indexed amounts (rate schedule, standard deduction, exemptions) as published for the year (estimated-tax instructions or department bulletin)",yes (3 income-tax files)
us-ca,S01,state,state statute,PRESENT,2026-07-06-ca-rtc-pit-core-us-ca-sections-rtc-17041-rtc-17043-rtc-17045-rtc-17052-rtc-17054-rtc-17073.5,us-ca/statute/rtc/17041,"yes (income/rates, main, rates)","statute body ('Cal. RTC Code § 17041', 7649 chars): '(a) (1) There shall be imposed for each taxable year upon the entire taxable income of every resident of this state who is not a part-year resident, except the head of a household '",Imposition of the individual income tax (or the constitutional/statutory bar for the nine no-tax states),yes (2 income-tax files)
us-ca,S02,state conformity,state statute,PRESENT,2026-07-13-recovery,us-ca/statute/rtc/17062.1/block-2,no,"statute body ('17062.1.', 225 chars): 'r the purposes of this chapter, Part VI of Subchapter A of Chapter 1 of Subtitle A of the Internal Revenue Code, relating to alternative minimum tax, as it read on January 1, 2015,'",Internal Revenue Code conformity date (static or rolling) as defined in the chapter,yes (2 income-tax files)
us-ca,S03,state,state statute,PRESENT,2026-07-06-ca-rtc-pit-core-us-ca-sections-rtc-17041-rtc-17043-rtc-17045-rtc-17052-rtc-17054-rtc-17073.5,us-ca/statute/rtc/17041,no,"statute body ('Cal. RTC Code § 17041', 7649 chars): 'rest one dollar ($1). (i) (1) For purposes of this part, the term “taxable income of a nonresident or part-year resident” includes each of the following: (A) For any part of the ta'","Resident, nonresident and part-year resident definitions (domicile, statutory residence day count)",yes (2 income-tax files)
us-ca,S04,state conformity,state statute,PRESENT,2026-07-06-ca-rtc-pit-core-us-ca-sections-rtc-17041-rtc-17043-rtc-17045-rtc-17052-rtc-17054-rtc-17073.5,us-ca/statute/rtc/17045,"yes (income/rates, main, rates)","statute body ('Cal. RTC Code § 17045', 402 chars): 'In the case of a joint return of spouses under Section 18521, the tax imposed by Section 17041 shall be twice the tax w'","Filing statuses and joint/separate return rules (married joint, separate, head of household, surviving spouse)",yes (2 income-tax files)
us-ca,S05,state conformity,state statute,EXTRACTABLE,,,"yes (agi, income/agi)","no selected statute body for this state carries it (selected statute scopes: 2026-06-25-ca-wic-calworks-us-ca-sections-wic-11450-wic-11450.12-wic-11451.5-wic-11452-wic-11452.018, 2026-06-27-ca-ssi-ssp-wic-12200-us-ca-sections-wic-12200, 2026-07-06-ca-rtc-pit-core-us-ca-sections-rtc-17041-rtc-17043-rtc-17045-rtc-17052-rtc-17054-rtc-17073.5, 2026-07-13-recovery, 2026-07-28-ca-cdss-calfresh-bbce-authority-us-ca-sections-wic-18901.3-wic-18901.5; income-tax chapter rows: 36); the state code is posted by the state code publisher (legislature/revisor site; see queue candidate_sources)","Starting point: state gross/adjusted gross/taxable income defined from federal AGI, federal taxable income, or own gross income",yes (2 income-tax files)
us-ca,S06,state,state statute,PRESENT,2026-07-06-ca-rtc-pit-core-us-ca-sections-rtc-17041-rtc-17043-rtc-17045-rtc-17052-rtc-17054-rtc-17073.5,us-ca/statute/rtc/17041,"yes (income/rates, main, rates)","statute body ('Cal. RTC Code § 17041', 7649 chars): 'eductions: If the taxable income is: The tax is: Not over $3,650 ........................ 1% of the taxable income Over $3,650 but not over $8,650 ........................ $36.50 p'","Rate schedule: bracket thresholds and marginal rates, or the flat rate (statute)",yes (2 income-tax files)
us-ca,S07,state,state statute,PRESENT,2026-07-06-ca-rtc-pit-core-us-ca-sections-rtc-17041-rtc-17043-rtc-17045-rtc-17052-rtc-17054-rtc-17073.5,us-ca/statute/rtc/17041,"yes (income/rates, main, rates)","statute body ('Cal. RTC Code § 17041', 7649 chars): 'to paragraph (1) and dividing the result by 100. (B) Multiply the preceding taxable year income tax brackets by the inflation adjustment factor determined in subparagraph (A) and r'","Bracket / deduction / exemption indexing rule (inflation adjustment method, base year, rounding)",yes (2 income-tax files)
us-ca,S08,state,state statute,PRESENT,2026-07-06-ca-rtc-pit-core-us-ca-sections-rtc-17041-rtc-17043-rtc-17045-rtc-17052-rtc-17054-rtc-17073.5,us-ca/statute/rtc/17073.5,"yes (deductions/standard, income/deductions, income/deductions/standard)","statute body ('Cal. RTC Code § 17073.5', 2703 chars): '(a) A taxpayer may elect to take a standard deduction as follows: (1) In the case of a taxpayer, other than a head of a household or a surviving spouse (as defined in Section 17046'",Standard deduction amount(s) by filing status (statute),yes (2 income-tax files)
us-ca,S09,state conformity,state statute,EXTRACTABLE,,,"yes (income/deductions, income/deductions/itemized)","no selected statute body for this state carries it (selected statute scopes: 2026-06-25-ca-wic-calworks-us-ca-sections-wic-11450-wic-11450.12-wic-11451.5-wic-11452-wic-11452.018, 2026-06-27-ca-ssi-ssp-wic-12200-us-ca-sections-wic-12200, 2026-07-06-ca-rtc-pit-core-us-ca-sections-rtc-17041-rtc-17043-rtc-17045-rtc-17052-rtc-17054-rtc-17073.5, 2026-07-13-recovery, 2026-07-28-ca-cdss-calfresh-bbce-authority-us-ca-sections-wic-18901.3-wic-18901.5; income-tax chapter rows: 36); the state code is posted by the state code publisher (legislature/revisor site; see queue candidate_sources)","Itemized deductions: state treatment (federal itemized with modifications, SALT/mortgage limits, own list, or none)",yes (2 income-tax files)
us-ca,S10,state,state statute,EXTRACTABLE,,,"yes (exemptions, income/exemptions)","no selected statute body for this state carries it (selected statute scopes: 2026-06-25-ca-wic-calworks-us-ca-sections-wic-11450-wic-11450.12-wic-11451.5-wic-11452-wic-11452.018, 2026-06-27-ca-ssi-ssp-wic-12200-us-ca-sections-wic-12200, 2026-07-06-ca-rtc-pit-core-us-ca-sections-rtc-17041-rtc-17043-rtc-17045-rtc-17052-rtc-17054-rtc-17073.5, 2026-07-13-recovery, 2026-07-28-ca-cdss-calfresh-bbce-authority-us-ca-sections-wic-18901.3-wic-18901.5; income-tax chapter rows: 36); the state code is posted by the state code publisher (legislature/revisor site; see queue candidate_sources)",Personal exemption amount or personal exemption credit (taxpayer and spouse),yes (2 income-tax files)
us-ca,S11,state,state statute,PRESENT,2026-07-06-ca-rtc-pit-core-us-ca-sections-rtc-17041-rtc-17043-rtc-17045-rtc-17052-rtc-17054-rtc-17073.5,us-ca/statute/rtc/17054,"yes (exemptions, income/exemptions)","statute body ('Cal. RTC Code § 17054', 5785 chars): 'credit of fifty-two dollars ($52). (d) (1) A credit of two hundred twenty-seven dollars ($227) for each dependent (as defined in Section 17056) for whom an exemption is allowable u'",Dependent exemption or dependent credit amount,yes (2 income-tax files)
us-ca,S12,state,state statute,PRESENT,2026-07-06-ca-rtc-pit-core-us-ca-sections-rtc-17041-rtc-17043-rtc-17045-rtc-17052-rtc-17054-rtc-17073.5,us-ca/statute/rtc/17054,"yes (exemptions, income/exemptions)","statute body ('Cal. RTC Code § 17054', 5785 chars): 'would be allowed if subparagraph (A) had never been operative. (e) A credit for personal exemption of fifty-two dollars ($52) for the taxpayer if the taxpayer is blind at the end o'",Additional deduction/exemption/credit for age 65 or over and for blindness,yes (2 income-tax files)
us-ca,S13,state,state statute,EXTRACTABLE,,,no,"no selected statute body for this state carries it (selected statute scopes: 2026-06-25-ca-wic-calworks-us-ca-sections-wic-11450-wic-11450.12-wic-11451.5-wic-11452-wic-11452.018, 2026-06-27-ca-ssi-ssp-wic-12200-us-ca-sections-wic-12200, 2026-07-06-ca-rtc-pit-core-us-ca-sections-rtc-17041-rtc-17043-rtc-17045-rtc-17052-rtc-17054-rtc-17073.5, 2026-07-13-recovery, 2026-07-28-ca-cdss-calfresh-bbce-authority-us-ca-sections-wic-18901.3-wic-18901.5; income-tax chapter rows: 36); the state code is posted by the state code publisher (legislature/revisor site; see queue candidate_sources)",Addition: interest on obligations of other states and their subdivisions,yes (2 income-tax files)
us-ca,S14,state,state statute,EXTRACTABLE,,,"yes (income/agi/subtractions, income/deductions, subtractions)","no selected statute body for this state carries it (selected statute scopes: 2026-06-25-ca-wic-calworks-us-ca-sections-wic-11450-wic-11450.12-wic-11451.5-wic-11452-wic-11452.018, 2026-06-27-ca-ssi-ssp-wic-12200-us-ca-sections-wic-12200, 2026-07-06-ca-rtc-pit-core-us-ca-sections-rtc-17041-rtc-17043-rtc-17045-rtc-17052-rtc-17054-rtc-17073.5, 2026-07-13-recovery, 2026-07-28-ca-cdss-calfresh-bbce-authority-us-ca-sections-wic-18901.3-wic-18901.5; income-tax chapter rows: 36); the state code is posted by the state code publisher (legislature/revisor site; see queue candidate_sources)",Subtraction: interest on United States obligations,yes (2 income-tax files)
us-ca,S15,state,state statute,EXTRACTABLE,,,no,"no selected statute body for this state carries it (selected statute scopes: 2026-06-25-ca-wic-calworks-us-ca-sections-wic-11450-wic-11450.12-wic-11451.5-wic-11452-wic-11452.018, 2026-06-27-ca-ssi-ssp-wic-12200-us-ca-sections-wic-12200, 2026-07-06-ca-rtc-pit-core-us-ca-sections-rtc-17041-rtc-17043-rtc-17045-rtc-17052-rtc-17054-rtc-17073.5, 2026-07-13-recovery, 2026-07-28-ca-cdss-calfresh-bbce-authority-us-ca-sections-wic-18901.3-wic-18901.5; income-tax chapter rows: 36); the state code is posted by the state code publisher (legislature/revisor site; see queue candidate_sources)",Social Security benefits: full exclusion or the partial-taxation rule and its thresholds,yes (2 income-tax files)
us-ca,S16,state,state statute,EXTRACTABLE,,,no,"no selected statute body for this state carries it (selected statute scopes: 2026-06-25-ca-wic-calworks-us-ca-sections-wic-11450-wic-11450.12-wic-11451.5-wic-11452-wic-11452.018, 2026-06-27-ca-ssi-ssp-wic-12200-us-ca-sections-wic-12200, 2026-07-06-ca-rtc-pit-core-us-ca-sections-rtc-17041-rtc-17043-rtc-17045-rtc-17052-rtc-17054-rtc-17073.5, 2026-07-13-recovery, 2026-07-28-ca-cdss-calfresh-bbce-authority-us-ca-sections-wic-18901.3-wic-18901.5; income-tax chapter rows: 36); the state code is posted by the state code publisher (legislature/revisor site; see queue candidate_sources)","Pension and retirement income exclusion (amounts, age conditions, public vs private)",yes (2 income-tax files)
us-ca,S17,state,state statute,EXTRACTABLE,,,no,"no selected statute body for this state carries it (selected statute scopes: 2026-06-25-ca-wic-calworks-us-ca-sections-wic-11450-wic-11450.12-wic-11451.5-wic-11452-wic-11452.018, 2026-06-27-ca-ssi-ssp-wic-12200-us-ca-sections-wic-12200, 2026-07-06-ca-rtc-pit-core-us-ca-sections-rtc-17041-rtc-17043-rtc-17045-rtc-17052-rtc-17054-rtc-17073.5, 2026-07-13-recovery, 2026-07-28-ca-cdss-calfresh-bbce-authority-us-ca-sections-wic-18901.3-wic-18901.5; income-tax chapter rows: 36); the state code is posted by the state code publisher (legislature/revisor site; see queue candidate_sources)",Military pay and military retirement subtraction,yes (2 income-tax files)
us-ca,S18,state,state statute,N/A,,,no,"N/A: capital gains taxed as ordinary income with no state exclusion (analyst knowledge, verify)","Capital gains: exclusion, deduction, or separate rate (where the state departs from ordinary treatment)",yes (2 income-tax files)
us-ca,S19,state,state statute,PRESENT,2026-07-06-ca-rtc-pit-core-us-ca-sections-rtc-17041-rtc-17043-rtc-17045-rtc-17052-rtc-17054-rtc-17073.5,us-ca/statute/rtc/17052,"yes (credits/earned_income, income/credits/earned_income)","statute body ('Cal. RTC Code § 17052', 19054 chars): 'Code, relating to earned income, as modified by this section, shall be multiplied by the earned income tax credit adjustment factor for the taxable year. (B) Unless otherwise speci'","State EITC: percentage of the federal credit or own schedule, and refundability",yes (2 income-tax files)
us-ca,S20,state,state statute,PRESENT,2026-07-06-ca-rtc-pit-core-us-ca-sections-rtc-17041-rtc-17043-rtc-17045-rtc-17052-rtc-17054-rtc-17073.5,us-ca/statute/rtc/17052,"yes (credits/earned_income, income/credits/earned_income)","eligibility read from the EITC section; no deviation text (ITIN/age/childless) matched, so the state appears to follow federal eligibility (verify)","State EITC deviations from federal eligibility (ITIN filers, age 18-24, childless amount, non-custodial), read from the EITC section",yes (2 income-tax files)
us-ca,S21,state,state statute,EXTRACTABLE,,,yes (credits/young_child),"no selected statute body for this state carries it (selected statute scopes: 2026-06-25-ca-wic-calworks-us-ca-sections-wic-11450-wic-11450.12-wic-11451.5-wic-11452-wic-11452.018, 2026-06-27-ca-ssi-ssp-wic-12200-us-ca-sections-wic-12200, 2026-07-06-ca-rtc-pit-core-us-ca-sections-rtc-17041-rtc-17043-rtc-17045-rtc-17052-rtc-17054-rtc-17073.5, 2026-07-13-recovery, 2026-07-28-ca-cdss-calfresh-bbce-authority-us-ca-sections-wic-18901.3-wic-18901.5; income-tax chapter rows: 36); the state code is posted by the state code publisher (legislature/revisor site; see queue candidate_sources)",State child tax credit / dependent credit / young child credit amount,yes (2 income-tax files)
us-ca,S22,state,state statute,EXTRACTABLE,,,yes (credits/young_child),"no selected statute body for this state carries it (selected statute scopes: 2026-06-25-ca-wic-calworks-us-ca-sections-wic-11450-wic-11450.12-wic-11451.5-wic-11452-wic-11452.018, 2026-06-27-ca-ssi-ssp-wic-12200-us-ca-sections-wic-12200, 2026-07-06-ca-rtc-pit-core-us-ca-sections-rtc-17041-rtc-17043-rtc-17045-rtc-17052-rtc-17054-rtc-17073.5, 2026-07-13-recovery, 2026-07-28-ca-cdss-calfresh-bbce-authority-us-ca-sections-wic-18901.3-wic-18901.5; income-tax chapter rows: 36); the state code is posted by the state code publisher (legislature/revisor site; see queue candidate_sources)",State child credit phase-out / income limit and refundability,yes (2 income-tax files)
us-ca,S23,state,state statute,EXTRACTABLE,,,yes (credits/child_dependent_care),"no selected statute body for this state carries it (selected statute scopes: 2026-06-25-ca-wic-calworks-us-ca-sections-wic-11450-wic-11450.12-wic-11451.5-wic-11452-wic-11452.018, 2026-06-27-ca-ssi-ssp-wic-12200-us-ca-sections-wic-12200, 2026-07-06-ca-rtc-pit-core-us-ca-sections-rtc-17041-rtc-17043-rtc-17045-rtc-17052-rtc-17054-rtc-17073.5, 2026-07-13-recovery, 2026-07-28-ca-cdss-calfresh-bbce-authority-us-ca-sections-wic-18901.3-wic-18901.5; income-tax chapter rows: 36); the state code is posted by the state code publisher (legislature/revisor site; see queue candidate_sources)",Child and dependent care credit: percentage of the federal credit or own schedule,yes (2 income-tax files)
us-ca,S24,state,state statute,EXTRACTABLE,,,no,"no selected statute body for this state carries it (selected statute scopes: 2026-06-25-ca-wic-calworks-us-ca-sections-wic-11450-wic-11450.12-wic-11451.5-wic-11452-wic-11452.018, 2026-06-27-ca-ssi-ssp-wic-12200-us-ca-sections-wic-12200, 2026-07-06-ca-rtc-pit-core-us-ca-sections-rtc-17041-rtc-17043-rtc-17045-rtc-17052-rtc-17054-rtc-17073.5, 2026-07-13-recovery, 2026-07-28-ca-cdss-calfresh-bbce-authority-us-ca-sections-wic-18901.3-wic-18901.5; income-tax chapter rows: 36); the state code is posted by the state code publisher (legislature/revisor site; see queue candidate_sources)","Credit for income taxes paid to other states (resident credit, limitation)",yes (2 income-tax files)
us-ca,S25,state,state statute,N/A,,,"yes (credits, income/credits)","N/A: no low-income credit/no-tax floor (analyst knowledge, verify)","Low-income credit, no-tax floor, or low-income exclusion (poverty-level relief)",yes (2 income-tax files)
us-ca,S26,state,state statute,EXTRACTABLE,,,"yes (credits/renter, income/credits/renter)","no selected statute body for this state carries it (selected statute scopes: 2026-06-25-ca-wic-calworks-us-ca-sections-wic-11450-wic-11450.12-wic-11451.5-wic-11452-wic-11452.018, 2026-06-27-ca-ssi-ssp-wic-12200-us-ca-sections-wic-12200, 2026-07-06-ca-rtc-pit-core-us-ca-sections-rtc-17041-rtc-17043-rtc-17045-rtc-17052-rtc-17054-rtc-17073.5, 2026-07-13-recovery, 2026-07-28-ca-cdss-calfresh-bbce-authority-us-ca-sections-wic-18901.3-wic-18901.5; income-tax chapter rows: 36); the state code is posted by the state code publisher (legislature/revisor site; see queue candidate_sources)","Property tax circuit breaker, renter or homestead credit claimed on the income tax return",yes (2 income-tax files)
us-ca,S27,state,state statute,PRESENT,2026-07-13-recovery,us-ca/statute/rtc/17054.7/block-2,"yes (credits, income/credits)","statute body ('17054.7.', 1847 chars): '(a) There shall be allowed as a credit against the “net tax” (as defined in Section 17039) for a “qualified senior head of household” (as defined in subdivision (c)) an amount equa'","Other personal credits enumerated in the credits article (education, adoption, charitable, long-term care, elderly, volunteer, etc.)",yes (2 income-tax files)
us-ca,S28,state,state statute,EXTRACTABLE,,,"yes (amt, income/amt)","no selected statute body for this state carries it (selected statute scopes: 2026-06-25-ca-wic-calworks-us-ca-sections-wic-11450-wic-11450.12-wic-11451.5-wic-11452-wic-11452.018, 2026-06-27-ca-ssi-ssp-wic-12200-us-ca-sections-wic-12200, 2026-07-06-ca-rtc-pit-core-us-ca-sections-rtc-17041-rtc-17043-rtc-17045-rtc-17052-rtc-17054-rtc-17073.5, 2026-07-13-recovery, 2026-07-28-ca-cdss-calfresh-bbce-authority-us-ca-sections-wic-18901.3-wic-18901.5; income-tax chapter rows: 36); the state code is posted by the state code publisher (legislature/revisor site; see queue candidate_sources)","State alternative minimum tax (rate, exemption, AMTI base) where enacted",yes (2 income-tax files)
us-ca,S29,state,state statute or bulletin,PRESENT,2026-07-06-ca-rtc-pit-core-us-ca-sections-rtc-17041-rtc-17043-rtc-17045-rtc-17052-rtc-17054-rtc-17073.5,us-ca/statute/rtc/17043,no,"statute body ('Cal. RTC Code § 17043', 887 chars): 'ning on or after January 1, 2005, in addition to any other taxes imposed by this part, an additional tax shall be imposed at the rate of 1 percent on that portion of a taxpayer’s t'","Surtax or special individual tax (millionaire surtax, mental health tax, capital gains excise, interest and dividends tax, high-earner tax) where enacted, incl. the year's threshold",yes (2 income-tax files)
us-ca,S30,state,state statute,PRESENT,2026-07-06-ca-rtc-pit-core-us-ca-sections-rtc-17041-rtc-17043-rtc-17045-rtc-17052-rtc-17054-rtc-17073.5,us-ca/statute/rtc/17041,no,"statute body ('Cal. RTC Code § 17041', 7649 chars): 'er 11 (commencing with Section 17951). (2) For purposes of computing “taxable income of a nonresident or part-year resident” under paragraph (1), the amount of any net operating lo'","Nonresident and part-year resident sourcing and apportionment (income from sources within the state, proration)",yes (2 income-tax files)
us-ca,S31,state,state statute,EXTRACTABLE,,,no,"no selected statute body for this state carries it (selected statute scopes: 2026-06-25-ca-wic-calworks-us-ca-sections-wic-11450-wic-11450.12-wic-11451.5-wic-11452-wic-11452.018, 2026-06-27-ca-ssi-ssp-wic-12200-us-ca-sections-wic-12200, 2026-07-06-ca-rtc-pit-core-us-ca-sections-rtc-17041-rtc-17043-rtc-17045-rtc-17052-rtc-17054-rtc-17073.5, 2026-07-13-recovery, 2026-07-28-ca-cdss-calfresh-bbce-authority-us-ca-sections-wic-18901.3-wic-18901.5; income-tax chapter rows: 36); the state code is posted by the state code publisher (legislature/revisor site; see queue candidate_sources)",Employer withholding requirement and withholding tables/formula,yes (2 income-tax files)
us-ca,S32,state,state statute,EXTRACTABLE,2026-07-23-ca-2026-form-540-es,us-ca/form/individual-income-tax/2026/540-es-instructions/document-1,no,"only a form body carries it; the enabling statute section is not in any selected statute scope (2026-06-25-ca-wic-calworks-us-ca-sections-wic-11450-wic-11450.12-wic-11451.5-wic-11452-wic-11452.018, 2026-06-27-ca-ssi-ssp-wic-12200-us-ca-sections-wic-12200, 2026-07-06-ca-rtc-pit-core-us-ca-sections-rtc-17041-rtc-17043-rtc-17045-rtc-17052-rtc-17054-rtc-17073.5, 2026-07-13-recovery, 2026-07-28-ca-cdss-calfresh-bbce-authority-us-ca-sections-wic-18901.3-wic-18901.5); form body ('2026 Instructions for Form 540-ES — Estimated Tax for Indivi', 18977 chars): 'nformation, go to ftb.ca.gov/e-pay. $75,000 if married/RDP filing separately) must figure estimated tax based A Purpose on the lesser of 90% of their tax for 2026 or 110% of their '; posted by the state code publisher (legislature/revisor site; see queue candidate_sources)","Individual estimated tax requirement, safe harbor and underpayment interest",yes (2 income-tax files)
us-ca,S33,state,state statute,EXTRACTABLE,,,no,"no selected statute body for this state carries it (selected statute scopes: 2026-06-25-ca-wic-calworks-us-ca-sections-wic-11450-wic-11450.12-wic-11451.5-wic-11452-wic-11452.018, 2026-06-27-ca-ssi-ssp-wic-12200-us-ca-sections-wic-12200, 2026-07-06-ca-rtc-pit-core-us-ca-sections-rtc-17041-rtc-17043-rtc-17045-rtc-17052-rtc-17054-rtc-17073.5, 2026-07-13-recovery, 2026-07-28-ca-cdss-calfresh-bbce-authority-us-ca-sections-wic-18901.3-wic-18901.5; income-tax chapter rows: 36); the state code is posted by the state code publisher (legislature/revisor site; see queue candidate_sources)","Filing threshold: who must file a return (income floor, exemption-based, gross income test)",yes (2 income-tax files)
us-ca,S34,state,state statute,EXTRACTABLE,2026-07-23-ca-2026-form-540-es,us-ca/form/individual-income-tax/2026/540-es-instructions/document-1,no,"only a form body carries it; the enabling statute section is not in any selected statute scope (2026-06-25-ca-wic-calworks-us-ca-sections-wic-11450-wic-11450.12-wic-11451.5-wic-11452-wic-11452.018, 2026-06-27-ca-ssi-ssp-wic-12200-us-ca-sections-wic-12200, 2026-07-06-ca-rtc-pit-core-us-ca-sections-rtc-17041-rtc-17043-rtc-17045-rtc-17052-rtc-17054-rtc-17073.5, 2026-07-13-recovery, 2026-07-28-ca-cdss-calfresh-bbce-authority-us-ca-sections-wic-18901.3-wic-18901.5); form body ('2026 Instructions for Form 540-ES — Estimated Tax for Indivi', 18977 chars): ', use 1st payment . . . . . . . . . . . . . . . . . . . . . . . . . . . . . . . . . . . . April 15, 2026form FTB 3519, Payment for Automatic Extension for Individuals. 2nd payment '; posted by the state code publisher (legislature/revisor site; see queue candidate_sources)","Return due date, extensions, joint return liability and innocent spouse",yes (2 income-tax files)
us-ca,S35,state,state statute,N/A,,,no,"N/A: no local income tax authorized by the state code (analyst knowledge, verify)","Local income taxes (county, municipal, school district, city) authorized or imposed by the state code, where they exist",yes (2 income-tax files)
us-ca,R01,state,state regulation,EXTRACTABLE,,,n/a (document carrier; see the rule elements it carries),no selected regulation scope for this state is a revenue-department income tax regulation (the selected regulation scopes are benefit-program rules); the administrative code chapter is posted by the state's code publisher,State income tax regulations: the revenue department's administrative code chapter on the individual income tax,yes (2 income-tax files)
us-ca,F01,state,state form instructions and rate schedules,EXTRACTABLE,,,n/a (document carrier; see the rule elements it carries),"no TY2025 resident return form in any selected form scope (form documents present: 2025 California Tax Rate Schedules, 2025 California Tax Table, 2026 Instructions for Form 540-ES — Estimated Tax ); queue row 'done' points at form/2026-07-23-ca-2026-form-540-es; publisher forms index: state revenue department forms page",Tax year 2025 resident individual income tax return form,yes (2 income-tax files)
us-ca,F02,state,state form instructions and rate schedules,EXTRACTABLE,,,n/a (document carrier; see the rule elements it carries),"no TY2025 resident instruction booklet in any selected form scope (form documents present: 2025 California Tax Rate Schedules, 2025 California Tax Table, 2026 Instructions for Form 540-ES — Estimated Tax ); queue row 'done' points at form/2026-07-23-ca-2026-form-540-es; publisher forms index: state revenue department forms page","Tax year 2025 resident return instruction booklet (line-by-line rules, worksheets)",yes (2 income-tax files)
us-ca,F03,state,state form instructions and rate schedules,PRESENT,2026-07-23-ca-2025-tax-materials-for-2026-estimates,us-ca/form/individual-income-tax/2025/540-tax-rate-schedules/document-1,"yes (income/rates, main, rates)","form body ('2025 California Tax Rate Schedules 1', 2885 chars): '2025 California Tax Rate Schedules To e-file and eliminate the math, go to ftb.ca.gov. To figure your tax online, go to ftb.ca.gov/tax-rates. Use only if your taxable income on For'","Tax year 2025 rate schedule, tax table or flat rate with the year's dollar thresholds (as printed)",yes (2 income-tax files)
us-ca,F04,state,state form instructions and rate schedules,EXTRACTABLE,,,"yes (deductions/standard, income/deductions, income/deductions/standard)",no TY2025 instruction body carrying the printed standard deduction/exemption amounts in the selection; publisher forms index revenue department forms page,Tax year 2025 standard deduction and exemption dollar amounts as printed in the instructions,yes (2 income-tax files)
us-ca,F05,state,state form instructions and rate schedules,EXTRACTABLE,,,"yes (credits/earned_income, income/credits/earned_income)",no TY2025 instruction body carrying the state EITC/child credit parameters in the selection; publisher forms index revenue department forms page,"Tax year 2025 state EITC / child credit parameters as printed in the instructions (percentage of federal, amounts, worksheets)",yes (2 income-tax files)
us-ca,F06,state,state department bulletins,PRESENT,2026-07-23-ca-2026-form-540-es,us-ca/form/individual-income-tax/2026/540-es-instructions/document-1,"yes (income/rates, main, rates)","form body ('2026 Instructions for Form 540-ES — Estimated Tax for Indivi', 18977 chars): '. . . . . . . 2a _________________ b If you do not plan to itemize deductions, enter the standard deduction for your filing status: $5,706 single or married/RDP filing separately $'","Tax year 2026 indexed amounts (rate schedule, standard deduction, exemptions) as published for the year (estimated-tax instructions or department bulletin)",yes (2 income-tax files)
us-co,S01,state,state statute,PRESENT,2026-07-19-rulespec-us-co-title-39-consolidated,us-co/statute/39/39-22-104,yes (income/rate),"statute body ('Income tax imposed on individuals, estates, and trusts - sin', 63493 chars): 'ncing on or after January 1, 1987, but prior to January 1, 1999, a tax of five percent is imposed on the federal taxable income, as determined pursuant to section 63 of the interna'",Imposition of the individual income tax (or the constitutional/statutory bar for the nine no-tax states),yes (3 income-tax files)
us-co,S02,state conformity,state statute,PRESENT,2026-07-19-rulespec-us-co-title-39-consolidated,us-co/statute/39/39-22-103,no,"statute body ('Definitions - construction of terms', 4488 chars): 'from the context, shall have the same meaning as when used in a comparable context in the internal revenue code, as amended, in effect for the taxable period. Due consideration sha'",Internal Revenue Code conformity date (static or rolling) as defined in the chapter,yes (3 income-tax files)
us-co,S03,state,state statute,PRESENT,2026-07-19-rulespec-us-co-title-39-consolidated,us-co/statute/39/39-22-103,no,"statute body ('Definitions - construction of terms', 4488 chars): 'ible health plan has the same meaning as that set forth in section 39-22-504.6 (3.5). (6) Resident beneficiary means a beneficiary of an estate or trust, which beneficiary is a res'","Resident, nonresident and part-year resident definitions (domicile, statutory residence day count)",yes (3 income-tax files)
us-co,S04,state conformity,state statute,PRESENT,2026-07-19-rulespec-us-co-title-39-consolidated,us-co/statute/39/39-22-104,yes (income/rate),"statute body ('Income tax imposed on individuals, estates, and trusts - sin', 63493 chars): 'revenue code in the case of an individual federal return for an individual who is not the head of a household plus any additional standard deduction allowable under section 63 (c)('","Filing statuses and joint/separate return rules (married joint, separate, head of household, surviving spouse)",yes (3 income-tax files)
us-co,S05,state conformity,state statute,PRESENT,2026-07-19-rulespec-us-co-title-39-consolidated,us-co/statute/39/39-22-104,no,"statute body ('Income tax imposed on individuals, estates, and trusts - sin', 63493 chars): 'temized deductions as defined in section 63 (d) of the internal revenue code and who have federal adjusted gross income in the income tax year equal to or exceeding four hundred th'","Starting point: state gross/adjusted gross/taxable income defined from federal AGI, federal taxable income, or own gross income",yes (3 income-tax files)
us-co,S06,state,state statute,PRESENT,2026-07-19-rulespec-us-co-title-39-consolidated,us-co/statute/39/39-22-104,yes (income/rate),"statute body ('Income tax imposed on individuals, estates, and trusts - sin', 63493 chars): 'able years commencing on or after January 1, 1987, but prior to January 1, 1999, a tax of five percent is imposed on the federal taxable income, as determined pursuant to section 6'","Rate schedule: bracket thresholds and marginal rates, or the flat rate (statute)",yes (3 income-tax files)
us-co,S07,state,state statute,N/A,,,yes (income/rate),"N/A: brackets/deductions are not indexed by statute (analyst knowledge, verify)","Bracket / deduction / exemption indexing rule (inflation adjustment method, base year, rounding)",yes (3 income-tax files)
us-co,S08,state,state statute,N/A,,,no,"N/A: the state has no standard deduction of its own (federal taxable income start or exemption-only design) (analyst knowledge, verify)",Standard deduction amount(s) by filing status (statute),yes (3 income-tax files)
us-co,S09,state conformity,state statute,PRESENT,2026-07-19-rulespec-us-co-title-39-consolidated,us-co/statute/39/39-22-104,no,"statute body ('Income tax imposed on individuals, estates, and trusts - sin', 63493 chars): 'ion, for income tax years commencing on or after January 1, 2022, for taxpayers who claim itemized deductions as defined in section 63 (d) of the internal revenue code and who have'","Itemized deductions: state treatment (federal itemized with modifications, SALT/mortgage limits, own list, or none)",yes (3 income-tax files)
us-co,S10,state,state statute,N/A,,,no,"N/A: no separate personal/dependent exemption or exemption credit (federal taxable income start) (analyst knowledge, verify)",Personal exemption amount or personal exemption credit (taxpayer and spouse),yes (3 income-tax files)
us-co,S11,state,state statute,N/A,,,no,"N/A: no separate personal/dependent exemption or exemption credit (federal taxable income start) (analyst knowledge, verify)",Dependent exemption or dependent credit amount,yes (3 income-tax files)
us-co,S12,state,state statute,EXTRACTABLE,,,no,"no selected statute body for this state carries it (selected statute scopes: 2026-07-13-us-co-tax-credit-session-laws-r2026-07-19-expression-date, 2026-07-19-rulespec-us-co-title-39-consolidated; income-tax chapter rows: 336); the state code is posted by the state code publisher (legislature/revisor site; see queue candidate_sources)",Additional deduction/exemption/credit for age 65 or over and for blindness,yes (3 income-tax files)
us-co,S13,state,state statute,PRESENT,2026-07-19-rulespec-us-co-title-39-consolidated,us-co/statute/39/39-22-104,"yes (additions, income/additions)","statute body ('Income tax imposed on individuals, estates, and trusts - sin', 63493 chars): 'b) An amount equal to the interest income which is excluded from gross income for federal income tax purposes pursuant to section 103 (a) of the internal revenue code less amortiza'",Addition: interest on obligations of other states and their subdivisions,yes (3 income-tax files)
us-co,S14,state,state statute,PRESENT,2026-07-19-rulespec-us-co-title-39-consolidated,us-co/statute/39/39-22-304,"yes (income/subtractions, subtractions)","statute body ('Net income of corporation - legislative declaration - defini', 21708 chars): 'tion 250 of the internal revenue code. (3) There shall be subtracted from federal taxable income: (a) Interest income on obligations of the United States and its possessions to the'",Subtraction: interest on United States obligations,yes (3 income-tax files)
us-co,S15,state,state statute,PRESENT,2026-07-19-rulespec-us-co-title-39-consolidated,us-co/statute/39/39-22-104,"yes (income/subtractions/pension, subtractions/military_retirement, subtractions/pension)","statute body ('Income tax imposed on individuals, estates, and trusts - sin', 63493 chars): 'in this subsection (4)(f)(III)(B) is calculated by first considering the total amount of social security benefits a taxpayer received that were included in federal taxable income a'",Social Security benefits: full exclusion or the partial-taxation rule and its thresholds,yes (3 income-tax files)
us-co,S16,state,state statute,PRESENT,2026-07-19-rulespec-us-co-title-39-consolidated,us-co/statute/39/39-22-104,"yes (income/subtractions/pension, subtractions/military_retirement, subtractions/pension)","statute body ('Income tax imposed on individuals, estates, and trusts - sin', 63493 chars): 'authorized in this subsection (4)(e) is measured by the number of taxpayers claiming the subtraction and the total amount of state refunds claimed as subtractions from Colorado tax'","Pension and retirement income exclusion (amounts, age conditions, public vs private)",yes (3 income-tax files)
us-co,S17,state,state statute,EXTRACTABLE,,,"yes (income/subtractions/military_retirement, subtractions/military_retirement)","no selected statute body for this state carries it (selected statute scopes: 2026-07-13-us-co-tax-credit-session-laws-r2026-07-19-expression-date, 2026-07-19-rulespec-us-co-title-39-consolidated; income-tax chapter rows: 336); the state code is posted by the state code publisher (legislature/revisor site; see queue candidate_sources)",Military pay and military retirement subtraction,yes (3 income-tax files)
us-co,S18,state,state statute,PRESENT,2026-07-19-rulespec-us-co-title-39-consolidated,us-co/statute/39/39-22-104,no,"statute body ('Income tax imposed on individuals, estates, and trusts - sin', 63493 chars): 'ore June 30, 2026, the office shall establish and post on its website the total amount of capital gains that may be subtracted from an owner's federal taxable income pursuant to th'","Capital gains: exclusion, deduction, or separate rate (where the state departs from ordinary treatment)",yes (3 income-tax files)
us-co,S19,state,state statute,PRESENT,2026-07-19-rulespec-us-co-title-39-consolidated,us-co/statute/39/39-22-123,"yes (credits/eitc, income/credits/eitc)","statute body ('Earned income tax credit - refund of state excess revenues f', 7779 chars): 'or that fiscal year, a resident individual or part-year resident individual who claims an earned income tax credit on the individual's federal tax return shall be allowed an earned'","State EITC: percentage of the federal credit or own schedule, and refundability",yes (3 income-tax files)
us-co,S20,state,state statute,PRESENT,2026-07-19-rulespec-us-co-title-39-consolidated,us-co/statute/39/39-22-123,"yes (credits/eitc, income/credits/eitc)","eligibility read from the EITC section; no deviation text (ITIN/age/childless) matched, so the state appears to follow federal eligibility (verify)","State EITC deviations from federal eligibility (ITIN filers, age 18-24, childless amount, non-custodial), read from the EITC section",yes (3 income-tax files)
us-co,S21,state,state statute,PRESENT,2026-07-19-rulespec-us-co-title-39-consolidated,us-co/statute/39/39-22-129,"yes (credits/ctc, income/credits/ctc)","statute body ('Child tax credit - legislative declaration - definitions - r', 13240 chars): 'a single return, the amount of the credit is equal to: (A) Thirty percent of the federal child tax credit that the resident individual claimed on his or her federal tax return for '",State child tax credit / dependent credit / young child credit amount,yes (3 income-tax files)
us-co,S22,state,state statute,PRESENT,2026-07-19-rulespec-us-co-title-39-consolidated,us-co/statute/39/39-22-129,"yes (credits/ctc, income/credits/ctc)","statute body ('Child tax credit - legislative declaration - definitions - r', 13240 chars): '(1) (a) The general assembly hereby finds and declares that: (I) The federal child tax credit, which includes the refundable portion of the credit commonly known as the additional '",State child credit phase-out / income limit and refundability,yes (3 income-tax files)
us-co,S23,state,state statute,PRESENT,2026-07-19-rulespec-us-co-title-39-consolidated,us-co/statute/39/39-22-121,"yes (credits/cdcc, income/credits/cdcc)","statute body ('Credit for child care facilities - legislative declaration -', 9874 chars): 'ncing prior to January 1, 2028, any taxpayer who makes a monetary contribution to promote child care in the state is allowed a credit against the income tax imposed by this article'",Child and dependent care credit: percentage of the federal credit or own schedule,yes (3 income-tax files)
us-co,S24,state,state statute,PRESENT,2026-07-19-rulespec-us-co-title-39-consolidated,us-co/statute/39/39-22-108.5,no,"statute body ('Dual resident trusts - income tax calculation', 1361 chars): 'the income tax rates of Colorado and the other state for the income tax year. (3) If the credit amount in subsection (2) of this section is computed using more than one other state'","Credit for income taxes paid to other states (resident credit, limitation)",yes (3 income-tax files)
us-co,S25,state,state statute,N/A,,,"yes (credits, income/credits)","N/A: no low-income credit/no-tax floor (analyst knowledge, verify)","Low-income credit, no-tax floor, or low-income exclusion (poverty-level relief)",yes (3 income-tax files)
us-co,S26,state,state statute,EXTRACTABLE,,,no,"no selected statute body for this state carries it (selected statute scopes: 2026-07-13-us-co-tax-credit-session-laws-r2026-07-19-expression-date, 2026-07-19-rulespec-us-co-title-39-consolidated; income-tax chapter rows: 336); the state code is posted by the state code publisher (legislature/revisor site; see queue candidate_sources)","Property tax circuit breaker, renter or homestead credit claimed on the income tax return",yes (3 income-tax files)
us-co,S27,state,state statute,PRESENT,2026-07-19-rulespec-us-co-title-39-consolidated,us-co/statute/39/39-22-121,"yes (credits, income/credits)","statute body ('Credit for child care facilities - legislative declaration -', 9874 chars): 'ral services to assist a parent or parents in obtaining child care. (3) In no event shall credits be allowed pursuant to this section for contributions that are not directly relate'","Other personal credits enumerated in the credits article (education, adoption, charitable, long-term care, elderly, volunteer, etc.)",yes (3 income-tax files)
us-co,S28,state,state statute,PRESENT,2026-07-19-rulespec-us-co-title-39-consolidated,us-co/statute/39/39-22-105,"yes (amt, income/amt)","statute body ('Alternative minimum tax', 2991 chars): '(2) of this section; over (b) The tax imposed in section 39-22-104. (2) (a) The Colorado alternative minimum taxable income shall be the federal alternative minimum taxable income,'","State alternative minimum tax (rate, exemption, AMTI base) where enacted",yes (3 income-tax files)
us-co,S29,state,state statute or bulletin,N/A,,,no,"N/A: no surtax or special individual income tax (analyst knowledge, verify)","Surtax or special individual tax (millionaire surtax, mental health tax, capital gains excise, interest and dividends tax, high-earner tax) where enacted, incl. the year's threshold",yes (3 income-tax files)
us-co,S30,state,state statute,PRESENT,2026-07-19-rulespec-us-co-title-39-consolidated,us-co/statute/39/39-22-109,no,"statute body ('Income of a nonresident individual for purposes of Colorado ', 2762 chars): '(1) In the case of a nonresident individual, the tax imposed by section 39-22-104 shall be apportioned in the ratio of Colorado nonresident federal adjusted gross income to total f'","Nonresident and part-year resident sourcing and apportionment (income from sources within the state, proration)",yes (3 income-tax files)
us-co,S31,state,state statute,PRESENT,2026-07-19-rulespec-us-co-title-39-consolidated,us-co/statute/39/39-22-604,no,"statute body ('Withholding tax - requirement to withhold - tax lien - exemp', 27356 chars): 'nternal revenue code. (3) (a) (I) Every employer making payment of wages shall deduct and withhold from wages an amount measured by a percentage or percentages of the total amount '",Employer withholding requirement and withholding tables/formula,yes (3 income-tax files)
us-co,S32,state,state statute,PRESENT,2026-07-19-rulespec-us-co-title-39-consolidated,us-co/statute/39/39-22-605,no,"statute body ('Failure by individual to pay estimated income tax', 9488 chars): 'ion 39-22-2004. (3) Except as otherwise provided in this section, in the case of any underpayment of estimated tax by an individual, there shall be added to the tax under this arti'","Individual estimated tax requirement, safe harbor and underpayment interest",yes (3 income-tax files)
us-co,S33,state,state statute,PRESENT,2026-07-19-rulespec-us-co-title-39-consolidated,us-co/statute/39/39-22-601,no,"statute body ('Returns - repeal', 37573 chars): '621. (VI) (A) A composite return filed pursuant to this subsection (2.7)(d) satisfies the filing requirement imposed by this section for each nonresident shareholder included there'","Filing threshold: who must file a return (income floor, exemption-based, gross income test)",yes (3 income-tax files)
us-co,S34,state,state statute,PRESENT,2026-07-19-rulespec-us-co-title-39-consolidated,us-co/statute/39/39-22-608,no,"statute body ('Form, place, and date of filing return - extension - electro', 1577 chars): 'section 39-22-601 must be filed in the office of the executive director on or before the fifteenth day of the fourth month following the close of the taxable year. (b) For taxable '","Return due date, extensions, joint return liability and innocent spouse",yes (3 income-tax files)
us-co,S35,state,state statute,EXTRACTABLE,,,yes (gov/local/co),"no selected statute body for this state carries it (selected statute scopes: 2026-07-13-us-co-tax-credit-session-laws-r2026-07-19-expression-date, 2026-07-19-rulespec-us-co-title-39-consolidated; income-tax chapter rows: 336); the state code is posted by the state code publisher (legislature/revisor site; see queue candidate_sources)","Local income taxes (county, municipal, school district, city) authorized or imposed by the state code, where they exist",yes (3 income-tax files)
us-co,R01,state,state regulation,EXTRACTABLE,,,n/a (document carrier; see the rule elements it carries),no selected regulation scope for this state is a revenue-department income tax regulation (the selected regulation scopes are benefit-program rules); the administrative code chapter is posted by the state's code publisher,State income tax regulations: the revenue department's administrative code chapter on the individual income tax,yes (3 income-tax files)
us-co,F01,state,state form instructions and rate schedules,EXTRACTABLE,,,n/a (document carrier; see the rule elements it carries),"no TY2025 resident return form in any selected form scope (form documents present: DR 0104 Book, Colorado Individual Income Tax Filin, DR 0104, Colorado Individual Income Tax Return (20); queue row 'agent_ready' points at form/2026-09-10-tax-state-forms-ty2025; publisher forms index: https://tax.colorado.gov/2025-individual-income-tax-forms",Tax year 2025 resident individual income tax return form,yes (3 income-tax files)
us-co,F02,state,state form instructions and rate schedules,PRESENT,2026-09-10-tax-state-forms-ty2025,us-co/form/cdor/ty2025/dr-0104-book/document-1,n/a (document carrier; see the rule elements it carries),"form body ('DR 0104 Book, Colorado Individual Income Tax Filing Guide (2', 179708 chars): 'dependents will generally be the same as the dependents you claimed on IRS form 1040. The instructions for IRS form 1040 and IRS Publication 501, can help you determine whether a p'","Tax year 2025 resident return instruction booklet (line-by-line rules, worksheets)",yes (3 income-tax files)
us-co,F03,state,state form instructions and rate schedules,PRESENT,2026-09-10-tax-state-forms-ty2025,us-co/form/cdor/ty2025/dr-0104-book/document-1,yes (income/rate),"form body ('DR 0104 Book, Colorado Individual Income Tax Filing Guide (2', 179708 chars): 'd Dependent Care Expenses Tax Credit y Disclosure of Average Taxes Paid y Colorado Income Tax Table y Description of Voluntary Contribution organizations DR 0104US has been discont'","Tax year 2025 rate schedule, tax table or flat rate with the year's dollar thresholds (as printed)",yes (3 income-tax files)
us-co,F04,state,state form instructions and rate schedules,N/A,,,no,N/A: neither a standard deduction nor an exemption amount exists (federal taxable income start),Tax year 2025 standard deduction and exemption dollar amounts as printed in the instructions,yes (3 income-tax files)
us-co,F05,state,state form instructions and rate schedules,PRESENT,2026-09-10-tax-state-forms-ty2025,us-co/form/cdor/ty2025/dr-0104-book/document-1,"yes (credits/eitc, income/credits/eitc)","form body ('DR 0104 Book, Colorado Individual Income Tax Filing Guide (2', 179708 chars): 'ine 3 Earned income calculated for your federal return In order to calculate your Federal earned income tax credit, you must determine your amount of earned income. You may use the'","Tax year 2025 state EITC / child credit parameters as printed in the instructions (percentage of federal, amounts, worksheets)",yes (3 income-tax files)
us-co,F06,state,state department bulletins,REVIEW,,,yes (income/rate),no 2026-labelled body with amounts in any selected scope and the queue row records no 2026 product; whether the department has posted TY2026 figures (most publish them in the 2026 estimated-tax or withholding instructions) was not verified,"Tax year 2026 indexed amounts (rate schedule, standard deduction, exemptions) as published for the year (estimated-tax instructions or department bulletin)",yes (3 income-tax files)
us-ct,S01,state,state statute,PRESENT,2026-07-13-recovery,us-ct/statute/12-700/block-1,"yes (income/rates, rates)","statute body ('Note: Readers should refer to the 2026 Supplement, revised t', 473121 chars): '12-791 to 12-799. Reserved Sec. 12-700. Imposition of tax on income. Rates. (a) There is hereby imposed on the Connecticut taxable income of each resident of this state a tax: (1) '; NOTE: whole-chapter dump, the fact is inside a >200k-char body (weak provenance, needs sectioning)",Imposition of the individual income tax (or the constitutional/statutory bar for the nine no-tax states),yes (2 income-tax files)
us-ct,S02,state conformity,state statute,PRESENT,2026-07-13-recovery,us-ct/statute/12-700/block-1,no,"statute body ('Note: Readers should refer to the 2026 Supplement, revised t', 473121 chars): '” means any person, trust or estate subject to the tax imposed under this chapter. (16) “Internal Revenue Code” means the Internal Revenue Code of 1986, or any subsequent correspon'; NOTE: whole-chapter dump, the fact is inside a >200k-char body (weak provenance, needs sectioning)",Internal Revenue Code conformity date (static or rolling) as defined in the chapter,yes (2 income-tax files)
us-ct,S03,state,state statute,PRESENT,2026-07-13-recovery,us-ct/statute/12-700/block-1,no,"statute body ('Note: Readers should refer to the 2026 Supplement, revised t', 473121 chars): 'of Titles) Sec. 12-701. Definitions. Regulations. (a) For purposes of this chapter: (1) “Resident of this state” means any natural person (A) who is domiciled in this state, unless'; NOTE: whole-chapter dump, the fact is inside a >200k-char body (weak provenance, needs sectioning)","Resident, nonresident and part-year resident definitions (domicile, statutory residence day count)",yes (2 income-tax files)
us-ct,S04,state conformity,state statute,PRESENT,2026-07-26-ct-12-700-a-10,us-ct/statute/12-700-a-10/operative-text,"yes (income/rates, rates)","statute body ('Section 12-700(a)(10). Resident income-tax schedules for tax', 11486 chars): 'For any person who files a return under the federal income tax for such taxable year as a head of household, as defined in Section 2(b) of the Internal Revenue Code: Connecticut Ta'","Filing statuses and joint/separate return rules (married joint, separate, head of household, surviving spouse)",yes (2 income-tax files)
us-ct,S05,state conformity,state statute,PRESENT,2026-07-13-recovery,us-ct/statute/12-700/block-1,"yes (agi, income/agi)","statute body ('Note: Readers should refer to the 2026 Supplement, revised t', 473121 chars): 'mp sum distribution for the taxable year deductible from such gross income in calculating federal adjusted gross income; (v) To the extent properly includable in determining the ne'; NOTE: whole-chapter dump, the fact is inside a >200k-char body (weak provenance, needs sectioning)","Starting point: state gross/adjusted gross/taxable income defined from federal AGI, federal taxable income, or own gross income",yes (2 income-tax files)
us-ct,S06,state,state statute,PRESENT,2026-07-26-ct-12-700-a-10,us-ct/statute/12-700-a-10/operative-text,"yes (income/rates, rates)","statute body ('Section 12-700(a)(10). Resident income-tax schedules for tax', 11486 chars): 'year as an unmarried individual: Connecticut Taxable Income Rate of Tax Not over $10,000 2.0% Over $10,000 but not $200.00, plus 4.5% of the over $50,000 excess over $10,000 Over $'","Rate schedule: bracket thresholds and marginal rates, or the flat rate (statute)",yes (2 income-tax files)
us-ct,S07,state,state statute,N/A,,,"yes (income/rates, rates)","N/A: brackets/deductions are not indexed by statute (analyst knowledge, verify)","Bracket / deduction / exemption indexing rule (inflation adjustment method, base year, rounding)",yes (2 income-tax files)
us-ct,S08,state,state statute,N/A,,,no,"N/A: the state has no standard deduction of its own (federal taxable income start or exemption-only design) (analyst knowledge, verify)",Standard deduction amount(s) by filing status (statute),yes (2 income-tax files)
us-ct,S09,state conformity,state statute,N/A,,,no,"N/A: the state allows no itemized deductions (analyst knowledge, verify)","Itemized deductions: state treatment (federal itemized with modifications, SALT/mortgage limits, own list, or none)",yes (2 income-tax files)
us-ct,S10,state,state statute,EXTRACTABLE,,,yes (income/exemptions),"no selected statute body for this state carries it (selected statute scopes: 2026-07-13-recovery, 2026-07-24-ct-income-tax-supplement, 2026-07-26-ct-12-700-a-10; income-tax chapter rows: 10); the state code is posted by the state code publisher (legislature/revisor site; see queue candidate_sources)",Personal exemption amount or personal exemption credit (taxpayer and spouse),yes (2 income-tax files)
us-ct,S11,state,state statute,EXTRACTABLE,,,yes (income/exemptions),"no selected statute body for this state carries it (selected statute scopes: 2026-07-13-recovery, 2026-07-24-ct-income-tax-supplement, 2026-07-26-ct-12-700-a-10; income-tax chapter rows: 10); the state code is posted by the state code publisher (legislature/revisor site; see queue candidate_sources)",Dependent exemption or dependent credit amount,yes (2 income-tax files)
us-ct,S12,state,state statute,EXTRACTABLE,,,yes (income/exemptions),"no selected statute body for this state carries it (selected statute scopes: 2026-07-13-recovery, 2026-07-24-ct-income-tax-supplement, 2026-07-26-ct-12-700-a-10; income-tax chapter rows: 10); the state code is posted by the state code publisher (legislature/revisor site; see queue candidate_sources)",Additional deduction/exemption/credit for age 65 or over and for blindness,yes (2 income-tax files)
us-ct,S13,state,state statute,PRESENT,2026-07-13-recovery,us-ct/statute/12-700/block-1,"yes (additions, income/add_back, income/additions)","statute body ('Note: Readers should refer to the 2026 Supplement, revised t', 473121 chars): 'y adjustment” means the net positive or negative total of the following items relating to income, gain, loss or deduction of a trust or estate: (A) There shall be added together: ('; NOTE: whole-chapter dump, the fact is inside a >200k-char body (weak provenance, needs sectioning)",Addition: interest on obligations of other states and their subdivisions,yes (2 income-tax files)
us-ct,S14,state,state statute,EXTRACTABLE,,,"yes (income/subtractions, subtractions)","no selected statute body for this state carries it (selected statute scopes: 2026-07-13-recovery, 2026-07-24-ct-income-tax-supplement, 2026-07-26-ct-12-700-a-10; income-tax chapter rows: 10); the state code is posted by the state code publisher (legislature/revisor site; see queue candidate_sources)",Subtraction: interest on United States obligations,yes (2 income-tax files)
us-ct,S15,state,state statute,PRESENT,2026-07-13-recovery,us-ct/statute/12-700/block-1,"yes (income/subtractions/social_security, social_security, subtractions/social_security)","statute body ('Note: Readers should refer to the 2026 Supplement, revised t', 473121 chars): 'income for such taxable year is less than sixty thousand dollars, an amount equal to the Social Security benefits includable for federal income tax purposes; (II) For taxable years'; NOTE: whole-chapter dump, the fact is inside a >200k-char body (weak provenance, needs sectioning)",Social Security benefits: full exclusion or the partial-taxation rule and its thresholds,yes (2 income-tax files)
us-ct,S16,state,state statute,PRESENT,2026-07-13-recovery,us-ct/statute/12-700/block-1,"yes (income/subtractions/social_security, social_security, subtractions/social_security)","statute body ('Note: Readers should refer to the 2026 Supplement, revised t', 473121 chars): 'y 1, 2017” with “January 1, 2019” re implementation of 50 per cent deduction of teachers' retirement income, adding provision re percentage, if applicable, pursuant to clause (xxi)'; NOTE: whole-chapter dump, the fact is inside a >200k-char body (weak provenance, needs sectioning)","Pension and retirement income exclusion (amounts, age conditions, public vs private)",yes (2 income-tax files)
us-ct,S17,state,state statute,PRESENT,2026-07-13-recovery,us-ct/statute/12-700/block-1,no,"statute body ('Note: Readers should refer to the 2026 Supplement, revised t', 473121 chars): 'tions, for which the payer is required to deduct and withhold tax under this chapter; (D) military retired pay, where the payee is a resident individual and has requested that tax '; NOTE: whole-chapter dump, the fact is inside a >200k-char body (weak provenance, needs sectioning)",Military pay and military retirement subtraction,yes (2 income-tax files)
us-ct,S18,state,state statute,N/A,,,no,"N/A: capital gains taxed as ordinary income with no state exclusion (analyst knowledge, verify)","Capital gains: exclusion, deduction, or separate rate (where the state departs from ordinary treatment)",yes (2 income-tax files)
us-ct,S19,state,state statute,PRESENT,2026-07-24-ct-income-tax-supplement,us-ct/statute/2026-supplement/12-704e/earned-income-tax-credit,"yes (credits/eitc, income/credits/eitc)","statute body ('Section 12-704e. Earned income tax credit. Additional amount', 4919 chars): 'Sec. 12-704e. Earned income tax credit. Additional amount for certain taxpayers. (a) Any resident of this state, as defined in subdivision (1) of subsection (a) of section 12-701, '","State EITC: percentage of the federal credit or own schedule, and refundability",yes (2 income-tax files)
us-ct,S20,state,state statute,PRESENT,2026-07-24-ct-income-tax-supplement,us-ct/statute/2026-supplement/12-704e/earned-income-tax-credit,"yes (credits/eitc, income/credits/eitc)","eligibility read from the EITC section; no deviation text (ITIN/age/childless) matched, so the state appears to follow federal eligibility (verify)","State EITC deviations from federal eligibility (ITIN filers, age 18-24, childless amount, non-custodial), read from the EITC section",yes (2 income-tax files)
us-ct,S21,state,state statute,N/A,,,no,"N/A: no state child credit/child deduction in TY2025 law (analyst knowledge, verify)",State child tax credit / dependent credit / young child credit amount,yes (2 income-tax files)
us-ct,S22,state,state statute,N/A,,,no,"N/A: no state child credit/child deduction in TY2025 law (analyst knowledge, verify)",State child credit phase-out / income limit and refundability,yes (2 income-tax files)
us-ct,S23,state,state statute,N/A,,,no,"N/A: no state child and dependent care credit in TY2025 law (analyst knowledge, verify)",Child and dependent care credit: percentage of the federal credit or own schedule,yes (2 income-tax files)
us-ct,S24,state,state statute,PRESENT,2026-07-13-recovery,us-ct/statute/12-700/block-1,no,"statute body ('Note: Readers should refer to the 2026 Supplement, revised t', 473121 chars): 'y. Sec. 12-703. Credits based on adjusted gross income. Sec. 12-704. Credits for income taxes paid to other states. Secs. 12-704a and 12-704b. Tax credit for personal property taxe'; NOTE: whole-chapter dump, the fact is inside a >200k-char body (weak provenance, needs sectioning)","Credit for income taxes paid to other states (resident credit, limitation)",yes (2 income-tax files)
us-ct,S25,state,state statute,N/A,,,"yes (credits, income/credits)","N/A: no low-income credit/no-tax floor (analyst knowledge, verify)","Low-income credit, no-tax floor, or low-income exclusion (poverty-level relief)",yes (2 income-tax files)
us-ct,S26,state,state statute,PRESENT,2026-07-13-recovery,us-ct/statute/12-700/block-1,"yes (credits/property_tax, income/credits/property_tax)","statute body ('Note: Readers should refer to the 2026 Supplement, revised t', 473121 chars): 's commencing on or after January 1, 2009; P.A. 11-6 amended Subsec. (b) to reduce maximum property tax credit from $500 to $300, amended Subsec. (c) to reduce income threshold in S'; NOTE: whole-chapter dump, the fact is inside a >200k-char body (weak provenance, needs sectioning)","Property tax circuit breaker, renter or homestead credit claimed on the income tax return",yes (2 income-tax files)
us-ct,S27,state,state statute,EXTRACTABLE,,,"yes (credits, income/credits)","no selected statute body for this state carries it (selected statute scopes: 2026-07-13-recovery, 2026-07-24-ct-income-tax-supplement, 2026-07-26-ct-12-700-a-10; income-tax chapter rows: 10); the state code is posted by the state code publisher (legislature/revisor site; see queue candidate_sources)","Other personal credits enumerated in the credits article (education, adoption, charitable, long-term care, elderly, volunteer, etc.)",yes (2 income-tax files)
us-ct,S28,state,state statute,PRESENT,2026-07-13-recovery,us-ct/statute/12-700/block-1,no,"statute body ('Note: Readers should refer to the 2026 Supplement, revised t', 473121 chars): 'June 30 Sp. Sess. P.A. 03-6 amended Subsec. (a)(26) to increase applicable percentage of alternative minimum taxable income from 5% to 5.5% and to make a technical change, effectiv'; NOTE: whole-chapter dump, the fact is inside a >200k-char body (weak provenance, needs sectioning)","State alternative minimum tax (rate, exemption, AMTI base) where enacted",yes (2 income-tax files)
us-ct,S29,state,state statute or bulletin,N/A,,,no,"N/A: no surtax or special individual income tax (analyst knowledge, verify)","Surtax or special individual tax (millionaire surtax, mental health tax, capital gains excise, interest and dividends tax, high-earner tax) where enacted, incl. the year's threshold",yes (2 income-tax files)
us-ct,S30,state,state statute,PRESENT,2026-07-13-recovery,us-ct/statute/12-700/block-1,no,"statute body ('Note: Readers should refer to the 2026 Supplement, revised t', 473121 chars): 'nnecticut taxable income derived from or connected with sources within this state of each nonresident a tax which shall be the product of an amount equal to the tax computed as if '; NOTE: whole-chapter dump, the fact is inside a >200k-char body (weak provenance, needs sectioning)","Nonresident and part-year resident sourcing and apportionment (income from sources within the state, proration)",yes (2 income-tax files)
us-ct,S31,state,state statute,PRESENT,2026-07-13-recovery,us-ct/statute/12-700/block-1,no,"statute body ('Note: Readers should refer to the 2026 Supplement, revised t', 473121 chars): 'rs of such other states grant similar treatment to residents of this state. (b) (1) Each employer required to deduct and withhold tax under this chapter from the wages of an employ'; NOTE: whole-chapter dump, the fact is inside a >200k-char body (weak provenance, needs sectioning)",Employer withholding requirement and withholding tables/formula,yes (2 income-tax files)
us-ct,S32,state,state statute,PRESENT,2026-07-13-recovery,us-ct/statute/12-700/block-1,no,"statute body ('Note: Readers should refer to the 2026 Supplement, revised t', 473121 chars): '. Sec. 12-700b. Computation of tax for withholding from wages and other payments and for payment of estimated tax. Sec. 12-700c. Use tax table in personal income tax return form. S'; NOTE: whole-chapter dump, the fact is inside a >200k-char body (weak provenance, needs sectioning)","Individual estimated tax requirement, safe harbor and underpayment interest",yes (2 income-tax files)
us-ct,S33,state,state statute,EXTRACTABLE,,,no,"no selected statute body for this state carries it (selected statute scopes: 2026-07-13-recovery, 2026-07-24-ct-income-tax-supplement, 2026-07-26-ct-12-700-a-10; income-tax chapter rows: 10); the state code is posted by the state code publisher (legislature/revisor site; see queue candidate_sources)","Filing threshold: who must file a return (income floor, exemption-based, gross income test)",yes (2 income-tax files)
us-ct,S34,state,state statute,PRESENT,2026-07-13-recovery,us-ct/statute/12-700/block-1,no,"statute body ('Note: Readers should refer to the 2026 Supplement, revised t', 473121 chars): 'ms. (a) The income tax return required under this chapter shall be filed on or before the fifteenth day of the fourth month following the close of the taxpayer's taxable year. A pe'; NOTE: whole-chapter dump, the fact is inside a >200k-char body (weak provenance, needs sectioning)","Return due date, extensions, joint return liability and innocent spouse",yes (2 income-tax files)
us-ct,S35,state,state statute,N/A,,,no,"N/A: no local income tax authorized by the state code (analyst knowledge, verify)","Local income taxes (county, municipal, school district, city) authorized or imposed by the state code, where they exist",yes (2 income-tax files)
us-ct,R01,state,state regulation,EXTRACTABLE,,,n/a (document carrier; see the rule elements it carries),no selected regulation scope for this state is a revenue-department income tax regulation (the selected regulation scopes are benefit-program rules); the administrative code chapter is posted by the state's code publisher,State income tax regulations: the revenue department's administrative code chapter on the individual income tax,yes (2 income-tax files)
us-ct,F01,state,state form instructions and rate schedules,EXTRACTABLE,,,n/a (document carrier; see the rule elements it carries),no TY2025 resident return form in any selected form scope (form documents present: none); queue row 'done' points at statute/2026-07-24-ct-income-tax-supplement; publisher forms index: state revenue department forms page,Tax year 2025 resident individual income tax return form,yes (2 income-tax files)
us-ct,F02,state,state form instructions and rate schedules,EXTRACTABLE,,,n/a (document carrier; see the rule elements it carries),no TY2025 resident instruction booklet in any selected form scope (form documents present: none); queue row 'done' points at statute/2026-07-24-ct-income-tax-supplement; publisher forms index: state revenue department forms page,"Tax year 2025 resident return instruction booklet (line-by-line rules, worksheets)",yes (2 income-tax files)
us-ct,F03,state,state form instructions and rate schedules,EXTRACTABLE,,,"yes (income/rates, rates)",no TY2025 rate schedule/tax table/flat-rate body in the selection (form bodies: 0); publisher forms index revenue department forms page,"Tax year 2025 rate schedule, tax table or flat rate with the year's dollar thresholds (as printed)",yes (2 income-tax files)
us-ct,F04,state,state form instructions and rate schedules,EXTRACTABLE,,,no,no TY2025 instruction body carrying the printed standard deduction/exemption amounts in the selection; publisher forms index revenue department forms page,Tax year 2025 standard deduction and exemption dollar amounts as printed in the instructions,yes (2 income-tax files)
us-ct,F05,state,state form instructions and rate schedules,EXTRACTABLE,,,"yes (credits/eitc, income/credits/eitc)",no TY2025 instruction body carrying the state EITC/child credit parameters in the selection; publisher forms index revenue department forms page,"Tax year 2025 state EITC / child credit parameters as printed in the instructions (percentage of federal, amounts, worksheets)",yes (2 income-tax files)
us-ct,F06,state,state department bulletins,REVIEW,,,"yes (income/rates, rates)",no 2026-labelled body with amounts in any selected scope and the queue row records no 2026 product; whether the department has posted TY2026 figures (most publish them in the 2026 estimated-tax or withholding instructions) was not verified,"Tax year 2026 indexed amounts (rate schedule, standard deduction, exemptions) as published for the year (estimated-tax instructions or department bulletin)",yes (2 income-tax files)
us-dc,S01,state,state statute,PRESENT,2026-07-16-pit-east-title-47,us-dc/statute/47/47-1806.04,"yes (income/rates, rates)","statute body ('Tax on residents and nonresidents — Credits — In general.', 10212 chars): 'section 32 of the Internal Revenue Code of 1986 shall be allowed a credit against the tax imposed by this chapter for the taxable year in an amount equal to 40% of the earned incom'",Imposition of the individual income tax (or the constitutional/statutory bar for the nine no-tax states),yes (3 income-tax files)
us-dc,S02,state conformity,state statute,PRESENT,2026-07-16-pit-east-title-47,us-dc/statute/47/47-1801.04,no,"statute body ('General definitions.', 25533 chars): 'pril 6, 1954 (68A Stat. 3; 26 U.S.C. § 1 et seq.), as amended through May 24, 1985. (28) “Internal Revenue Code of 1986” means the Internal Revenue Code of 1986, approved October 2'",Internal Revenue Code conformity date (static or rolling) as defined in the chapter,yes (3 income-tax files)
us-dc,S03,state,state statute,PRESENT,2026-07-16-pit-east-title-47,us-dc/statute/47/47-1801.04,no,"statute body ('General definitions.', 25533 chars): 'ble year. (34) “Nonbusiness income” means all income other than business income. (35) “Nonresident” means every individual other than a resident. (36) “Ownership” in determining th'","Resident, nonresident and part-year resident definitions (domicile, statutory residence day count)",yes (3 income-tax files)
us-dc,S04,state conformity,state statute,PRESENT,2026-07-16-pit-east-title-47,us-dc/statute/47/47-181,"yes (income/rates, rates)","statute body ('Tax reform procedure and priority.', 3394 chars): 'ion to $2 million; (7) Raise the standard deduction from $5,200 for singles, $6,500 for Head of Household, and $8,350 for married to $5650 for singles, $7,800 for Head of Household'","Filing statuses and joint/separate return rules (married joint, separate, head of household, surviving spouse)",yes (3 income-tax files)
us-dc,S05,state conformity,state statute,PRESENT,2026-07-16-pit-east-title-47,us-dc/statute/47/47-1803.03,no,"statute body ('Gross income — Deductions.', 25798 chars): 'ot be allowed to the extent the same expenses were claimed by the individual in computing federal adjusted gross income for the same taxable year under the Internal Revenue Code 19'","Starting point: state gross/adjusted gross/taxable income defined from federal AGI, federal taxable income, or own gross income",yes (3 income-tax files)
us-dc,S06,state,state statute,PRESENT,2026-07-16-pit-east-title-47,us-dc/statute/47/47-1807.02,"yes (income/rates, rates)","statute body ('Tax on corporations — Levy and rates.', 2452 chars): 'levied: (1) For 1 taxable year beginning after December 31, 1974, a tax at the rate of 12% upon the taxable income of every corporation, whether domestic or foreign; (2) For the ta'","Rate schedule: bracket thresholds and marginal rates, or the flat rate (statute)",yes (3 income-tax files)
us-dc,S07,state,state statute,N/A,,,"yes (income/rates, rates)","N/A: brackets/deductions are not indexed by statute (analyst knowledge, verify)","Bracket / deduction / exemption indexing rule (inflation adjustment method, base year, rounding)",yes (3 income-tax files)
us-dc,S08,state,state statute,PRESENT,2026-07-16-pit-east-title-47,us-dc/statute/47/47-181,"yes (deductions/standard, income/deductions, income/deductions/standard)","statute body ('Tax reform procedure and priority.', 3394 chars): '9.0%: (6) Raise the estate tax threshold from $1 million to $2 million; (7) Raise the standard deduction from $5,200 for singles, $6,500 for Head of Household, and $8,350 for marri'",Standard deduction amount(s) by filing status (statute),yes (3 income-tax files)
us-dc,S09,state conformity,state statute,PRESENT,2026-07-16-pit-east-title-47,us-dc/statute/47/47-1803.03,"yes (income/deductions, income/deductions/itemized)","statute body ('Gross income — Deductions.', 25798 chars): 'cost of the property for the year the property is placed in service. (b-4) Limitation on itemized deductions. — (1) In the case of an individual whose District adjusted gross incom'","Itemized deductions: state treatment (federal itemized with modifications, SALT/mortgage limits, own list, or none)",yes (3 income-tax files)
us-dc,S10,state,state statute,PRESENT,2026-07-16-pit-east-title-47,us-dc/statute/47/47-1806.02,no,"statute body ('Tax on residents and nonresidents — Personal exemptions.', 4817 chars): 'to availability of funding and in accordance with § 47-181 , the amount shall be: (A) $2,200: (B) $3,200: or (C) The prescribed personal exemption amount in section 151 of the Inte'",Personal exemption amount or personal exemption credit (taxpayer and spouse),yes (3 income-tax files)
us-dc,S11,state,state statute,PRESENT,2026-07-16-pit-east-title-47,us-dc/statute/47/47-1806.02,no,"statute body ('Tax on residents and nonresidents — Personal exemptions.', 4817 chars): 'is not the dependent of another taxpayer. (f) (1) There shall be allowed an additional exemption for each dependent: (A) Whose gross income for the calendar year in which the year '",Dependent exemption or dependent credit amount,yes (3 income-tax files)
us-dc,S12,state,state statute,PRESENT,2026-07-16-pit-east-title-47,us-dc/statute/47/47-1806.02,no,"statute body ('Tax on residents and nonresidents — Personal exemptions.', 4817 chars): 'ion is $2,200 or more. (d) Until § 47-181(c)(1) is implemented, there shall be allowed an additional exemption for a taxpayer who is blind at the close of his or her taxable year, '",Additional deduction/exemption/credit for age 65 or over and for blindness,yes (3 income-tax files)
us-dc,S13,state,state statute,PRESENT,2026-07-16-pit-east-title-47,us-dc/statute/47/47-1803.02,"yes (additions, income/additions)","statute body ('Gross income — Items included and excluded; “adjusted gross ', 10286 chars): 'e following items shall also be included or excluded in the computation of District gross income: (1) (A) For taxpayers other than individuals, estates, and trusts, interest upon t'",Addition: interest on obligations of other states and their subdivisions,yes (3 income-tax files)
us-dc,S14,state,state statute,EXTRACTABLE,,,"yes (income/deductions, income/subtractions, subtractions)","no selected statute body for this state carries it (selected statute scopes: 2026-05-19-title-4, 2026-07-13-recovery, 2026-07-16-pit-east-title-47; income-tax chapter rows: 171); the state code is posted by the state code publisher (legislature/revisor site; see queue candidate_sources)",Subtraction: interest on United States obligations,yes (3 income-tax files)
us-dc,S15,state,state statute,PRESENT,2026-07-16-pit-east-title-47,us-dc/statute/47/47-1803.02,no,"statute body ('Gross income — Items included and excluded; “adjusted gross ', 10286 chars): 'der § 86 of the Internal Revenue Code of 1986. (M) Certain disability income payments excludable under § 105(d) of the Internal Revenue Code of 1986 before the enactment of the Soc'",Social Security benefits: full exclusion or the partial-taxation rule and its thresholds,yes (3 income-tax files)
us-dc,S16,state,state statute,PRESENT,2026-07-16-pit-east-title-47,us-dc/statute/47/47-1806.04,no,"statute body ('Tax on residents and nonresidents — Credits — In general.', 10212 chars): 'rest income; and (iii) Federal taxable amount of social security or tier 1 railroad retirement income; or (C) Who has elected to claim the earned income tax credit provided for in '","Pension and retirement income exclusion (amounts, age conditions, public vs private)",yes (3 income-tax files)
us-dc,S17,state,state statute,EXTRACTABLE,,,no,"no selected statute body for this state carries it (selected statute scopes: 2026-05-19-title-4, 2026-07-13-recovery, 2026-07-16-pit-east-title-47; income-tax chapter rows: 171); the state code is posted by the state code publisher (legislature/revisor site; see queue candidate_sources)",Military pay and military retirement subtraction,yes (3 income-tax files)
us-dc,S18,state,state statute,N/A,,,no,"N/A: capital gains taxed as ordinary income with no state exclusion (analyst knowledge, verify)","Capital gains: exclusion, deduction, or separate rate (where the state departs from ordinary treatment)",yes (3 income-tax files)
us-dc,S19,state,state statute,PRESENT,2026-07-16-pit-east-title-47,us-dc/statute/47/47-1806.04,yes (income/credits/eitc),"statute body ('Tax on residents and nonresidents — Credits — In general.', 10212 chars): 'alendar or fiscal year beginning after December 31, 2004, an individual who is allowed an earned income tax credit under section 32 of the Internal Revenue Code of 1986 shall be al'","State EITC: percentage of the federal credit or own schedule, and refundability",yes (3 income-tax files)
us-dc,S20,state,state statute,PRESENT,2026-07-16-pit-east-title-47,us-dc/statute/47/47-1806.04,yes (income/credits/eitc),"eligibility read from the EITC section; no deviation text (ITIN/age/childless) matched, so the state appears to follow federal eligibility (verify)","State EITC deviations from federal eligibility (ITIN filers, age 18-24, childless amount, non-custodial), read from the EITC section",yes (3 income-tax files)
us-dc,S21,state,state statute,N/A,,,"yes (credits/ctc, income/credits/ctc)","N/A: no state child credit/child deduction in TY2025 law (analyst knowledge, verify)",State child tax credit / dependent credit / young child credit amount,yes (3 income-tax files)
us-dc,S22,state,state statute,N/A,,,"yes (credits/ctc, income/credits/ctc)","N/A: no state child credit/child deduction in TY2025 law (analyst knowledge, verify)",State child credit phase-out / income limit and refundability,yes (3 income-tax files)
us-dc,S23,state,state statute,PRESENT,2026-07-16-pit-east-title-47,us-dc/statute/47/47-1806.04,"yes (credits/cdcc, income/credits/cdcc)","statute body ('Tax on residents and nonresidents — Credits — In general.', 10212 chars): 'full calendar or fiscal year beginning after December 31, 1988, an individual who incurs household and dependent care services necessary to engage in gainful employment and who is '",Child and dependent care credit: percentage of the federal credit or own schedule,yes (3 income-tax files)
us-dc,S24,state,state statute,EXTRACTABLE,,,no,"no selected statute body for this state carries it (selected statute scopes: 2026-05-19-title-4, 2026-07-13-recovery, 2026-07-16-pit-east-title-47; income-tax chapter rows: 171); the state code is posted by the state code publisher (legislature/revisor site; see queue candidate_sources)","Credit for income taxes paid to other states (resident credit, limitation)",yes (3 income-tax files)
us-dc,S25,state,state statute,PRESENT,2026-07-16-pit-east-title-47,us-dc/statute/47/47-1806.04,"yes (credits, income/credits)","statute body ('Tax on residents and nonresidents — Credits — In general.', 10212 chars): 'pter by a resident of the District with respect to the taxable year shall be reduced by a low income credit designed to make the District’s income tax threshold equal to the federa'","Low-income credit, no-tax floor, or low-income exclusion (poverty-level relief)",yes (3 income-tax files)
us-dc,S26,state,state statute,PRESENT,2026-07-16-pit-east-title-47,us-dc/statute/47/47-1806.06,no,"statute body ('Tax on residents and nonresidents — Credits — Property taxes', 16342 chars): 'ar year, and which constitutes the basis of a claim in the succeeding calendar year for a credit for property taxes paid. (9) The term “eligible senior claimant” means a claimant w'","Property tax circuit breaker, renter or homestead credit claimed on the income tax return",yes (3 income-tax files)
us-dc,S27,state,state statute,PRESENT,2026-07-16-pit-east-title-47,us-dc/statute/47/47-1806.14,"yes (credits, income/credits)","statute body ('Tax on residents and nonresidents — Credits — Tax credit for', 1637 chars): 'For tax years beginning on or after January 1, 2015, a taxpayer may claim a nonrefundable credit against taxes imposed by this subchapter for food commodity donations made during t'","Other personal credits enumerated in the credits article (education, adoption, charitable, long-term care, elderly, volunteer, etc.)",yes (3 income-tax files)
us-dc,S28,state,state statute,N/A,,,no,"N/A: no state AMT (analyst knowledge, verify)","State alternative minimum tax (rate, exemption, AMTI base) where enacted",yes (3 income-tax files)
us-dc,S29,state,state statute or bulletin,N/A,,,no,"N/A: no surtax or special individual income tax (analyst knowledge, verify)","Surtax or special individual tax (millionaire surtax, mental health tax, capital gains excise, interest and dividends tax, high-earner tax) where enacted, incl. the year's threshold",yes (3 income-tax files)
us-dc,S30,state,state statute,EXTRACTABLE,,,no,"no selected statute body for this state carries it (selected statute scopes: 2026-05-19-title-4, 2026-07-13-recovery, 2026-07-16-pit-east-title-47; income-tax chapter rows: 171); the state code is posted by the state code publisher (legislature/revisor site; see queue candidate_sources)","Nonresident and part-year resident sourcing and apportionment (income from sources within the state, proration)",yes (3 income-tax files)
us-dc,S31,state,state statute,PRESENT,2026-07-16-pit-east-title-47,us-dc/statute/47/47-1812.08,no,"statute body ('Withholding of tax.', 25214 chars): 'refund any overpayment to the taxpayer. (b) Wages; method of determination. — (1) Every employer making payment of wages on or after October 1, 1956, to any employee as defined in '",Employer withholding requirement and withholding tables/formula,yes (3 income-tax files)
us-dc,S32,state,state statute,PRESENT,2026-07-16-pit-east-title-47,us-dc/statute/47/47-1812.14,no,"statute body ('Declaration of estimated tax by corporations, financial inst', 762 chars): 'required to make and file a franchise tax return under this chapter shall make and file a declaration of estimated tax at the time and under the conditions, and shall make payments'","Individual estimated tax requirement, safe harbor and underpayment interest",yes (3 income-tax files)
us-dc,S33,state,state statute,PRESENT,2026-07-16-pit-east-title-47,us-dc/statute/47/47-1805.02,no,"statute body ('Returns — Persons required to file.', 7148 chars): 'Each of the following persons shall file a return with the Mayor stating specifically the items of his gross income and the items claimed as deductions and credits allowed under th'","Filing threshold: who must file a return (income floor, exemption-based, gross income test)",yes (3 income-tax files)
us-dc,S34,state,state statute,PRESENT,2026-07-16-pit-east-title-47,us-dc/statute/47/47-1812.07,no,"statute body ('Payment of tax.', 4971 chars): 'n this chapter shall be paid as follows: (A) If the declaration is filed on or before April 15th of the taxable year, the estimated tax shall be paid in 4 equal installments. The f'","Return due date, extensions, joint return liability and innocent spouse",yes (3 income-tax files)
us-dc,S35,state,state statute,N/A,,,no,"N/A: no local income tax authorized by the state code (analyst knowledge, verify)","Local income taxes (county, municipal, school district, city) authorized or imposed by the state code, where they exist",yes (3 income-tax files)
us-dc,R01,state,state regulation,EXTRACTABLE,,,n/a (document carrier; see the rule elements it carries),no selected regulation scope for this state is a revenue-department income tax regulation (the selected regulation scopes are benefit-program rules); the administrative code chapter is posted by the state's code publisher,State income tax regulations: the revenue department's administrative code chapter on the individual income tax,yes (3 income-tax files)
us-dc,F01,state,state form instructions and rate schedules,PRESENT,2026-09-10-tax-state-forms-ty2025,us-dc/form/otr/ty2025/d-40-booklet/document-1,n/a (document carrier; see the rule elements it carries),"form body ('2025 D-40 Booklet, District of Columbia Individual Income Ta', 300789 chars): 'your Forms W-2 and 1099 that show DC tax withheld to Form D-40 and submit with Form D-40. Filing Status More than one filing status may apply to you. Use the one that will give you'; NOTE: whole-chapter dump, the fact is inside a >200k-char body (weak provenance, needs sectioning)",Tax year 2025 resident individual income tax return form,yes (3 income-tax files)
us-dc,F02,state,state form instructions and rate schedules,PRESENT,2026-09-10-tax-state-forms-ty2025,us-dc/form/otr/ty2025/d-40-booklet/document-1,n/a (document carrier; see the rule elements it carries),"form body ('2025 D-40 Booklet, District of Columbia Individual Income Ta', 300789 chars): 's income. For tax year 2025, those items should be reported on Schedule I, Calculation A, Line 7 ""Other"" and include: o Municipal bonds - Interest on the obligations of other state'; NOTE: whole-chapter dump, the fact is inside a >200k-char body (weak provenance, needs sectioning)","Tax year 2025 resident return instruction booklet (line-by-line rules, worksheets)",yes (3 income-tax files)
us-dc,F03,state,state form instructions and rate schedules,PRESENT,2026-09-10-tax-state-forms-ty2025,us-dc/form/otr/ty2025/d-40-booklet/document-1,"yes (income/rates, rates)","form body ('2025 D-40 Booklet, District of Columbia Individual Income Ta', 300789 chars): 'ders U ncome Tax Rate TaLle - For taxable years beginning January 1, 2022, the DC income tax rate table is: Not over $10,000 Over $10,000 but not over $40,000 Over $40,000 but not'; NOTE: whole-chapter dump, the fact is inside a >200k-char body (weak provenance, needs sectioning)","Tax year 2025 rate schedule, tax table or flat rate with the year's dollar thresholds (as printed)",yes (3 income-tax files)
us-dc,F04,state,state form instructions and rate schedules,PRESENT,2026-09-10-tax-state-forms-ty2025,us-dc/form/otr/ty2025/d-40-booklet/document-1,"yes (deductions/standard, income/deductions, income/deductions/standard)","form body ('2025 D-40 Booklet, District of Columbia Individual Income Ta', 300789 chars): 'must file a D-40 return if your gross income is equal to or exceeds the District’s basic standard deduction, even if you do not have to file a federal individual income tax return.'; NOTE: whole-chapter dump, the fact is inside a >200k-char body (weak provenance, needs sectioning)",Tax year 2025 standard deduction and exemption dollar amounts as printed in the instructions,yes (3 income-tax files)
us-dc,F05,state,state form instructions and rate schedules,PRESENT,2026-09-10-tax-state-forms-ty2025,us-dc/form/otr/ty2025/d-40-booklet/document-1,yes (income/credits/eitc),"form body ('2025 D-40 Booklet, District of Columbia Individual Income Ta', 300789 chars): 'ts, several other changes to the District’s tax law are effective for tax year 2025. • DC Earned Income Tax Credit (EITC): The District EITC is now 100% of the federal EITC amount,'; NOTE: whole-chapter dump, the fact is inside a >200k-char body (weak provenance, needs sectioning)","Tax year 2025 state EITC / child credit parameters as printed in the instructions (percentage of federal, amounts, worksheets)",yes (3 income-tax files)
us-dc,F06,state,state department bulletins,REVIEW,2026-09-10-tax-state-forms-ty2025,us-dc/form/otr/ty2025/d-40-booklet/document-1,"yes (income/rates, rates)","no 2026-labelled document; a TY2025/undated body mentions a 2026 figure: form body ('2025 D-40 Booklet, District of Columbia Individual Income Ta', 300789 chars): 'on property • A small charitable deduction for people who don’t itemize (starts federally in 2026) • Excluding capital gains from the sale of small business stock Tax Year 2025 Cha'; NOTE: whole-chapter dump, the fact is inside a >200k-char body (weak provenance, needs sectioning); verify it is a TY2026 parameter and not an estimated-tax reference","Tax year 2026 indexed amounts (rate schedule, standard deduction, exemptions) as published for the year (estimated-tax instructions or department bulletin)",yes (3 income-tax files)
us-de,S01,state,state statute,PRESENT,2026-07-13-recovery,us-de/statute/30/1102,yes (income/rate),"statute body ('1102', 18046 chars): 'l separate tax for any taxable year is an amount equal to 10 times the tax which would be imposed by subsection (a) of this section if the taxable income referred to were equal to '",Imposition of the individual income tax (or the constitutional/statutory bar for the nine no-tax states),yes (2 income-tax files)
us-de,S02,state conformity,state statute,EXTRACTABLE,,,no,no selected statute body for this state carries it (selected statute scopes: 2026-07-13-recovery; income-tax chapter rows: 6); the state code is posted by the state code publisher (legislature/revisor site; see queue candidate_sources),Internal Revenue Code conformity date (static or rolling) as defined in the chapter,yes (2 income-tax files)
us-de,S03,state,state statute,PRESENT,2026-07-13-recovery,us-de/statute/30/1102,no,"statute body ('1102', 18046 chars): '. Laws, c. 74, §§ 1-3 ; 79 Del. Laws, c. 10, § 1 ; § 1103. Resident individual defined. A resident individual of this State means an individual: (1) Who is domiciled in this State '","Resident, nonresident and part-year resident definitions (domicile, statutory residence day count)",yes (2 income-tax files)
us-de,S04,state conformity,state statute,EXTRACTABLE,,,yes (income/rate),no selected statute body for this state carries it (selected statute scopes: 2026-07-13-recovery; income-tax chapter rows: 6); the state code is posted by the state code publisher (legislature/revisor site; see queue candidate_sources),"Filing statuses and joint/separate return rules (married joint, separate, head of household, surviving spouse)",yes (2 income-tax files)
us-de,S05,state conformity,state statute,EXTRACTABLE,,,no,no selected statute body for this state carries it (selected statute scopes: 2026-07-13-recovery; income-tax chapter rows: 6); the state code is posted by the state code publisher (legislature/revisor site; see queue candidate_sources),"Starting point: state gross/adjusted gross/taxable income defined from federal AGI, federal taxable income, or own gross income",yes (2 income-tax files)
us-de,S06,state,state statute,PRESENT,2026-07-13-recovery,us-de/statute/30/1102,yes (income/rate),"statute body ('1102', 18046 chars): 'years beginning before January 1, 1985, the amount of tax shall be determined as follows: 1.4% of the amount of taxable income not in excess of $1,000; 2.0% of the amount of taxabl'","Rate schedule: bracket thresholds and marginal rates, or the flat rate (statute)",yes (2 income-tax files)
us-de,S07,state,state statute,N/A,,,yes (income/rate),"N/A: brackets/deductions are not indexed by statute (analyst knowledge, verify)","Bracket / deduction / exemption indexing rule (inflation adjustment method, base year, rounding)",yes (2 income-tax files)
us-de,S08,state,state statute,EXTRACTABLE,,,"yes (deductions/standard, income/deductions, income/deductions/standard)",no selected statute body for this state carries it (selected statute scopes: 2026-07-13-recovery; income-tax chapter rows: 6); the state code is posted by the state code publisher (legislature/revisor site; see queue candidate_sources),Standard deduction amount(s) by filing status (statute),yes (2 income-tax files)
us-de,S09,state conformity,state statute,EXTRACTABLE,,,"yes (deductions/itemized, income/deductions, income/deductions/itemized)",no selected statute body for this state carries it (selected statute scopes: 2026-07-13-recovery; income-tax chapter rows: 6); the state code is posted by the state code publisher (legislature/revisor site; see queue candidate_sources),"Itemized deductions: state treatment (federal itemized with modifications, SALT/mortgage limits, own list, or none)",yes (2 income-tax files)
us-de,S10,state,state statute,EXTRACTABLE,,,no,no selected statute body for this state carries it (selected statute scopes: 2026-07-13-recovery; income-tax chapter rows: 6); the state code is posted by the state code publisher (legislature/revisor site; see queue candidate_sources),Personal exemption amount or personal exemption credit (taxpayer and spouse),yes (2 income-tax files)
us-de,S11,state,state statute,EXTRACTABLE,,,no,no selected statute body for this state carries it (selected statute scopes: 2026-07-13-recovery; income-tax chapter rows: 6); the state code is posted by the state code publisher (legislature/revisor site; see queue candidate_sources),Dependent exemption or dependent credit amount,yes (2 income-tax files)
us-de,S12,state,state statute,EXTRACTABLE,,,no,no selected statute body for this state carries it (selected statute scopes: 2026-07-13-recovery; income-tax chapter rows: 6); the state code is posted by the state code publisher (legislature/revisor site; see queue candidate_sources),Additional deduction/exemption/credit for age 65 or over and for blindness,yes (2 income-tax files)
us-de,S13,state,state statute,EXTRACTABLE,,,no,no selected statute body for this state carries it (selected statute scopes: 2026-07-13-recovery; income-tax chapter rows: 6); the state code is posted by the state code publisher (legislature/revisor site; see queue candidate_sources),Addition: interest on obligations of other states and their subdivisions,yes (2 income-tax files)
us-de,S14,state,state statute,EXTRACTABLE,,,"yes (income/deductions, income/subtractions, subtractions)",no selected statute body for this state carries it (selected statute scopes: 2026-07-13-recovery; income-tax chapter rows: 6); the state code is posted by the state code publisher (legislature/revisor site; see queue candidate_sources),Subtraction: interest on United States obligations,yes (2 income-tax files)
us-de,S15,state,state statute,EXTRACTABLE,,,no,no selected statute body for this state carries it (selected statute scopes: 2026-07-13-recovery; income-tax chapter rows: 6); the state code is posted by the state code publisher (legislature/revisor site; see queue candidate_sources),Social Security benefits: full exclusion or the partial-taxation rule and its thresholds,yes (2 income-tax files)
us-de,S16,state,state statute,EXTRACTABLE,,,no,no selected statute body for this state carries it (selected statute scopes: 2026-07-13-recovery; income-tax chapter rows: 6); the state code is posted by the state code publisher (legislature/revisor site; see queue candidate_sources),"Pension and retirement income exclusion (amounts, age conditions, public vs private)",yes (2 income-tax files)
us-de,S17,state,state statute,EXTRACTABLE,,,no,no selected statute body for this state carries it (selected statute scopes: 2026-07-13-recovery; income-tax chapter rows: 6); the state code is posted by the state code publisher (legislature/revisor site; see queue candidate_sources),Military pay and military retirement subtraction,yes (2 income-tax files)
us-de,S18,state,state statute,N/A,,,no,"N/A: capital gains taxed as ordinary income with no state exclusion (analyst knowledge, verify)","Capital gains: exclusion, deduction, or separate rate (where the state departs from ordinary treatment)",yes (2 income-tax files)
us-de,S19,state,state statute,EXTRACTABLE,,,"yes (credits/eitc, income/credits/eitc)",no selected statute body for this state carries it (selected statute scopes: 2026-07-13-recovery; income-tax chapter rows: 6); the state code is posted by the state code publisher (legislature/revisor site; see queue candidate_sources),"State EITC: percentage of the federal credit or own schedule, and refundability",yes (2 income-tax files)
us-de,S20,state,state statute,EXTRACTABLE,,,"yes (credits/eitc, income/credits/eitc)",the EITC section is not in any selected statute scope for this state (see S19); posted by the state code publisher (legislature/revisor site; see queue candidate_sources),"State EITC deviations from federal eligibility (ITIN filers, age 18-24, childless amount, non-custodial), read from the EITC section",yes (2 income-tax files)
us-de,S21,state,state statute,N/A,,,no,"N/A: no state child credit/child deduction in TY2025 law (analyst knowledge, verify)",State child tax credit / dependent credit / young child credit amount,yes (2 income-tax files)
us-de,S22,state,state statute,N/A,,,no,"N/A: no state child credit/child deduction in TY2025 law (analyst knowledge, verify)",State child credit phase-out / income limit and refundability,yes (2 income-tax files)
us-de,S23,state,state statute,EXTRACTABLE,,,"yes (credits/cdcc, income/credits/cdcc)",no selected statute body for this state carries it (selected statute scopes: 2026-07-13-recovery; income-tax chapter rows: 6); the state code is posted by the state code publisher (legislature/revisor site; see queue candidate_sources),Child and dependent care credit: percentage of the federal credit or own schedule,yes (2 income-tax files)
us-de,S24,state,state statute,EXTRACTABLE,,,no,no selected statute body for this state carries it (selected statute scopes: 2026-07-13-recovery; income-tax chapter rows: 6); the state code is posted by the state code publisher (legislature/revisor site; see queue candidate_sources),"Credit for income taxes paid to other states (resident credit, limitation)",yes (2 income-tax files)
us-de,S25,state,state statute,N/A,,,"yes (credits, income/credits)","N/A: no low-income credit/no-tax floor (analyst knowledge, verify)","Low-income credit, no-tax floor, or low-income exclusion (poverty-level relief)",yes (2 income-tax files)
us-de,S26,state,state statute,N/A,,,no,"N/A: no property-tax circuit breaker or renter credit on the income tax return (analyst knowledge, verify)","Property tax circuit breaker, renter or homestead credit claimed on the income tax return",yes (2 income-tax files)
us-de,S27,state,state statute,EXTRACTABLE,,,"yes (credits, income/credits)",no selected statute body for this state carries it (selected statute scopes: 2026-07-13-recovery; income-tax chapter rows: 6); the state code is posted by the state code publisher (legislature/revisor site; see queue candidate_sources),"Other personal credits enumerated in the credits article (education, adoption, charitable, long-term care, elderly, volunteer, etc.)",yes (2 income-tax files)
us-de,S28,state,state statute,N/A,,,no,"N/A: no state AMT (analyst knowledge, verify)","State alternative minimum tax (rate, exemption, AMTI base) where enacted",yes (2 income-tax files)
us-de,S29,state,state statute or bulletin,N/A,,,no,"N/A: no surtax or special individual income tax (analyst knowledge, verify)","Surtax or special individual tax (millionaire surtax, mental health tax, capital gains excise, interest and dividends tax, high-earner tax) where enacted, incl. the year's threshold",yes (2 income-tax files)
us-de,S30,state,state statute,EXTRACTABLE,,,no,no selected statute body for this state carries it (selected statute scopes: 2026-07-13-recovery; income-tax chapter rows: 6); the state code is posted by the state code publisher (legislature/revisor site; see queue candidate_sources),"Nonresident and part-year resident sourcing and apportionment (income from sources within the state, proration)",yes (2 income-tax files)
us-de,S31,state,state statute,EXTRACTABLE,,,no,no selected statute body for this state carries it (selected statute scopes: 2026-07-13-recovery; income-tax chapter rows: 6); the state code is posted by the state code publisher (legislature/revisor site; see queue candidate_sources),Employer withholding requirement and withholding tables/formula,yes (2 income-tax files)
us-de,S32,state,state statute,EXTRACTABLE,2026-09-10-tax-state-forms-ty2025,us-de/form/dor/ty2025/pit-res-instructions/document-1,no,"only a form body carries it; the enabling statute section is not in any selected statute scope (2026-07-13-recovery); form body ('Form PIT-RES Instructions, Delaware Individual Resident Inco', 95065 chars): 'for 2026. 2 3. Enter the balance due (Line 1 minus Line 2). 3 4. You DO NOT have to file estimated taxes if: • Line 3 is less than $800, or • Line 2 is at least 90% of Line 1, or •'; posted by the state code publisher (legislature/revisor site; see queue candidate_sources)","Individual estimated tax requirement, safe harbor and underpayment interest",yes (2 income-tax files)
us-de,S33,state,state statute,EXTRACTABLE,2026-09-10-tax-state-forms-ty2025,us-de/form/dor/ty2025/pit-res-instructions/document-1,no,"only a form body carries it; the enabling statute section is not in any selected statute scope (2026-07-13-recovery); form body ('Form PIT-RES Instructions, Delaware Individual Resident Inco', 95065 chars): 'justment to gross income. (Column A, Line 16.) Sergeant Smith should contact Ohio for his filing requirements for Ohio. Military Spouses All income of a non-military spouse is taxe'; posted by the state code publisher (legislature/revisor site; see queue candidate_sources)","Filing threshold: who must file a return (income floor, exemption-based, gross income test)",yes (2 income-tax files)
us-de,S34,state,state statute,EXTRACTABLE,2026-09-10-tax-state-forms-ty2025,us-de/form/dor/ty2025/pit-res-instructions/document-1,no,"only a form body carries it; the enabling statute section is not in any selected statute scope (2026-07-13-recovery); form body ('Form PIT-RES Instructions, Delaware Individual Resident Inco', 95065 chars): '....................................................................................... 2 Extension of Time to File a Return........................................................'; posted by the state code publisher (legislature/revisor site; see queue candidate_sources)","Return due date, extensions, joint return liability and innocent spouse",yes (2 income-tax files)
us-de,S35,state,state statute,EXTRACTABLE,,,yes (gov/local/de),no selected statute body for this state carries it (selected statute scopes: 2026-07-13-recovery; income-tax chapter rows: 6); the state code is posted by the state code publisher (legislature/revisor site; see queue candidate_sources),"Local income taxes (county, municipal, school district, city) authorized or imposed by the state code, where they exist",yes (2 income-tax files)
us-de,R01,state,state regulation,EXTRACTABLE,,,n/a (document carrier; see the rule elements it carries),no selected regulation scope for this state is a revenue-department income tax regulation (the selected regulation scopes are benefit-program rules); the administrative code chapter is posted by the state's code publisher,State income tax regulations: the revenue department's administrative code chapter on the individual income tax,yes (2 income-tax files)
us-de,F01,state,state form instructions and rate schedules,PRESENT,2026-09-10-tax-state-forms-ty2025,us-de/form/dor/ty2025/pit-res/document-1,n/a (document carrier; see the rule elements it carries),"form body ('Form PIT-RES, Delaware Individual Resident and Amended Incom', 10588 chars): '7a. 27b. 27b. 27b. 28. 28. 28. 29. 29. 29. 30. 30. 30. 31. 31. 31. 32. 32. 32. If you are Filing Status 3, see instructions. If you use Filing Status 4, enter the total for each ap'",Tax year 2025 resident individual income tax return form,yes (2 income-tax files)
us-de,F02,state,state form instructions and rate schedules,PRESENT,2026-09-10-tax-state-forms-ty2025,us-de/form/dor/ty2025/pit-res-instructions/document-1,n/a (document carrier; see the rule elements it carries),"form body ('Form PIT-RES Instructions, Delaware Individual Resident Inco', 95065 chars): 'eturn. Step 2 Fill in your name, address and filing status. Step 3 Using the line-by-line instructions, begin by completing all lines relevant to your return on the front of the fo'","Tax year 2025 resident return instruction booklet (line-by-line rules, worksheets)",yes (2 income-tax files)
us-de,F03,state,state form instructions and rate schedules,PRESENT,2026-09-10-tax-state-forms-ty2025,us-de/form/dor/ty2025/pit-res-instructions/document-1,yes (income/rate),"form body ('Form PIT-RES Instructions, Delaware Individual Resident Inco', 95065 chars): 'he following: 1. Enter the amount of your total estimated tax liability for 2026 (See the tax table or tax rate schedule). 1 2. Enter the amount of your estimated Delaware withhold'","Tax year 2025 rate schedule, tax table or flat rate with the year's dollar thresholds (as printed)",yes (2 income-tax files)
us-de,F04,state,state form instructions and rate schedules,PRESENT,2026-09-10-tax-state-forms-ty2025,us-de/form/dor/ty2025/pit-res-instructions/document-1,"yes (deductions/standard, income/deductions, income/deductions/standard)","form body ('Form PIT-RES Instructions, Delaware Individual Resident Inco', 95065 chars): 'Page 7 If you were 65 years of age or older on 12/31, you are eligible for an additional standard deduction of $2,500, if you did not itemize. Line 21, Page 8 Members of Armed Forc'",Tax year 2025 standard deduction and exemption dollar amounts as printed in the instructions,yes (2 income-tax files)
us-de,F05,state,state form instructions and rate schedules,PRESENT,2026-09-10-tax-state-forms-ty2025,us-de/form/dor/ty2025/pit-res-instructions/document-1,"yes (credits/eitc, income/credits/eitc)","form body ('Form PIT-RES Instructions, Delaware Individual Resident Inco', 95065 chars): 'for 2024 (Line 17), or 2. The total of Line 32 (Total Non-Refundable Credits) , Line 34 (Earned Income Tax Credit) and Line 40 (Total Refundable Credits) on your 2025 return equals'","Tax year 2025 state EITC / child credit parameters as printed in the instructions (percentage of federal, amounts, worksheets)",yes (2 income-tax files)
us-de,F06,state,state department bulletins,REVIEW,,,yes (income/rate),no 2026-labelled body with amounts in any selected scope and the queue row records no 2026 product; whether the department has posted TY2026 figures (most publish them in the 2026 estimated-tax or withholding instructions) was not verified,"Tax year 2026 indexed amounts (rate schedule, standard deduction, exemptions) as published for the year (estimated-tax instructions or department bulletin)",yes (2 income-tax files)
us-fl,S01,state,state statute,PRESENT,2026-07-24-fl-individual-income-tax-zero-liability,us-fl/statute/constitution/article-vii/section-5/block-1,no,"statute body ('The Florida Constitution - The Florida Senate', 1263 chars): 'ERS. No tax upon the income of residents and citizens other than natural persons shall be levied by the state, or under its authority, in excess of 5% of net income, as defined by '",Imposition of the individual income tax (or the constitutional/statutory bar for the nine no-tax states),yes (1 income-tax files)
us-fl,S02,state conformity,state statute,N/A,,,no,N/A: no broad-based individual income tax; the rule does not exist in this jurisdiction,Internal Revenue Code conformity date (static or rolling) as defined in the chapter,yes (1 income-tax files)
us-fl,S03,state,state statute,N/A,,,no,N/A: no broad-based individual income tax; the rule does not exist in this jurisdiction,"Resident, nonresident and part-year resident definitions (domicile, statutory residence day count)",yes (1 income-tax files)
us-fl,S04,state conformity,state statute,N/A,,,no,N/A: no broad-based individual income tax; the rule does not exist in this jurisdiction,"Filing statuses and joint/separate return rules (married joint, separate, head of household, surviving spouse)",yes (1 income-tax files)
us-fl,S05,state conformity,state statute,N/A,,,no,N/A: no broad-based individual income tax; the rule does not exist in this jurisdiction,"Starting point: state gross/adjusted gross/taxable income defined from federal AGI, federal taxable income, or own gross income",yes (1 income-tax files)
us-fl,S06,state,state statute,N/A,,,no,N/A: no broad-based individual income tax; the rule does not exist in this jurisdiction,"Rate schedule: bracket thresholds and marginal rates, or the flat rate (statute)",yes (1 income-tax files)
us-fl,S07,state,state statute,N/A,,,no,N/A: no broad-based individual income tax; the rule does not exist in this jurisdiction,"Bracket / deduction / exemption indexing rule (inflation adjustment method, base year, rounding)",yes (1 income-tax files)
us-fl,S08,state,state statute,N/A,,,no,N/A: no broad-based individual income tax; the rule does not exist in this jurisdiction,Standard deduction amount(s) by filing status (statute),yes (1 income-tax files)
us-fl,S09,state conformity,state statute,N/A,,,no,N/A: no broad-based individual income tax; the rule does not exist in this jurisdiction,"Itemized deductions: state treatment (federal itemized with modifications, SALT/mortgage limits, own list, or none)",yes (1 income-tax files)
us-fl,S10,state,state statute,N/A,,,no,N/A: no broad-based individual income tax; the rule does not exist in this jurisdiction,Personal exemption amount or personal exemption credit (taxpayer and spouse),yes (1 income-tax files)
us-fl,S11,state,state statute,N/A,,,no,N/A: no broad-based individual income tax; the rule does not exist in this jurisdiction,Dependent exemption or dependent credit amount,yes (1 income-tax files)
us-fl,S12,state,state statute,N/A,,,no,N/A: no broad-based individual income tax; the rule does not exist in this jurisdiction,Additional deduction/exemption/credit for age 65 or over and for blindness,yes (1 income-tax files)
us-fl,S13,state,state statute,N/A,,,no,N/A: no broad-based individual income tax; the rule does not exist in this jurisdiction,Addition: interest on obligations of other states and their subdivisions,yes (1 income-tax files)
us-fl,S14,state,state statute,N/A,,,no,N/A: no broad-based individual income tax; the rule does not exist in this jurisdiction,Subtraction: interest on United States obligations,yes (1 income-tax files)
us-fl,S15,state,state statute,N/A,,,no,N/A: no broad-based individual income tax; the rule does not exist in this jurisdiction,Social Security benefits: full exclusion or the partial-taxation rule and its thresholds,yes (1 income-tax files)
us-fl,S16,state,state statute,N/A,,,no,N/A: no broad-based individual income tax; the rule does not exist in this jurisdiction,"Pension and retirement income exclusion (amounts, age conditions, public vs private)",yes (1 income-tax files)
us-fl,S17,state,state statute,N/A,,,no,N/A: no broad-based individual income tax; the rule does not exist in this jurisdiction,Military pay and military retirement subtraction,yes (1 income-tax files)
us-fl,S18,state,state statute,N/A,,,no,"N/A: capital gains taxed as ordinary income with no state exclusion (analyst knowledge, verify)","Capital gains: exclusion, deduction, or separate rate (where the state departs from ordinary treatment)",yes (1 income-tax files)
us-fl,S19,state,state statute,N/A,,,no,"N/A: no state EITC in TY2025 law (analyst knowledge, verify)","State EITC: percentage of the federal credit or own schedule, and refundability",yes (1 income-tax files)
us-fl,S20,state,state statute,N/A,,,no,"N/A: no state EITC in TY2025 law (analyst knowledge, verify)","State EITC deviations from federal eligibility (ITIN filers, age 18-24, childless amount, non-custodial), read from the EITC section",yes (1 income-tax files)
us-fl,S21,state,state statute,N/A,,,no,N/A: no broad-based individual income tax; the rule does not exist in this jurisdiction,State child tax credit / dependent credit / young child credit amount,yes (1 income-tax files)
us-fl,S22,state,state statute,N/A,,,no,N/A: no broad-based individual income tax; the rule does not exist in this jurisdiction,State child credit phase-out / income limit and refundability,yes (1 income-tax files)
us-fl,S23,state,state statute,N/A,,,no,N/A: no broad-based individual income tax; the rule does not exist in this jurisdiction,Child and dependent care credit: percentage of the federal credit or own schedule,yes (1 income-tax files)
us-fl,S24,state,state statute,N/A,,,no,N/A: no broad-based individual income tax; the rule does not exist in this jurisdiction,"Credit for income taxes paid to other states (resident credit, limitation)",yes (1 income-tax files)
us-fl,S25,state,state statute,N/A,,,no,N/A: no broad-based individual income tax; the rule does not exist in this jurisdiction,"Low-income credit, no-tax floor, or low-income exclusion (poverty-level relief)",yes (1 income-tax files)
us-fl,S26,state,state statute,N/A,,,no,N/A: no broad-based individual income tax; the rule does not exist in this jurisdiction,"Property tax circuit breaker, renter or homestead credit claimed on the income tax return",yes (1 income-tax files)
us-fl,S27,state,state statute,N/A,,,no,N/A: no broad-based individual income tax; the rule does not exist in this jurisdiction,"Other personal credits enumerated in the credits article (education, adoption, charitable, long-term care, elderly, volunteer, etc.)",yes (1 income-tax files)
us-fl,S28,state,state statute,N/A,,,no,N/A: no broad-based individual income tax; the rule does not exist in this jurisdiction,"State alternative minimum tax (rate, exemption, AMTI base) where enacted",yes (1 income-tax files)
us-fl,S29,state,state statute or bulletin,N/A,,,no,"N/A: no surtax or special individual income tax (analyst knowledge, verify)","Surtax or special individual tax (millionaire surtax, mental health tax, capital gains excise, interest and dividends tax, high-earner tax) where enacted, incl. the year's threshold",yes (1 income-tax files)
us-fl,S30,state,state statute,N/A,,,no,N/A: no broad-based individual income tax; the rule does not exist in this jurisdiction,"Nonresident and part-year resident sourcing and apportionment (income from sources within the state, proration)",yes (1 income-tax files)
us-fl,S31,state,state statute,N/A,,,no,N/A: no broad-based individual income tax; the rule does not exist in this jurisdiction,Employer withholding requirement and withholding tables/formula,yes (1 income-tax files)
us-fl,S32,state,state statute,N/A,,,no,N/A: no broad-based individual income tax; the rule does not exist in this jurisdiction,"Individual estimated tax requirement, safe harbor and underpayment interest",yes (1 income-tax files)
us-fl,S33,state,state statute,N/A,,,no,N/A: no broad-based individual income tax; the rule does not exist in this jurisdiction,"Filing threshold: who must file a return (income floor, exemption-based, gross income test)",yes (1 income-tax files)
us-fl,S34,state,state statute,N/A,,,no,N/A: no broad-based individual income tax; the rule does not exist in this jurisdiction,"Return due date, extensions, joint return liability and innocent spouse",yes (1 income-tax files)
us-fl,S35,state,state statute,N/A,,,no,N/A: no broad-based individual income tax; the rule does not exist in this jurisdiction,"Local income taxes (county, municipal, school district, city) authorized or imposed by the state code, where they exist",yes (1 income-tax files)
us-fl,R01,state,state regulation,N/A,,,n/a (document carrier; see the rule elements it carries),N/A: no broad-based individual income tax; the rule does not exist in this jurisdiction,State income tax regulations: the revenue department's administrative code chapter on the individual income tax,yes (1 income-tax files)
us-fl,F01,state,state form instructions and rate schedules,N/A,,,n/a (document carrier; see the rule elements it carries),N/A: no resident individual income tax return exists (no broad-based income tax),Tax year 2025 resident individual income tax return form,yes (1 income-tax files)
us-fl,F02,state,state form instructions and rate schedules,N/A,,,n/a (document carrier; see the rule elements it carries),N/A: no resident individual income tax return exists (no broad-based income tax),"Tax year 2025 resident return instruction booklet (line-by-line rules, worksheets)",yes (1 income-tax files)
us-fl,F03,state,state form instructions and rate schedules,N/A,,,no,N/A: no broad-based individual income tax; the rule does not exist in this jurisdiction,"Tax year 2025 rate schedule, tax table or flat rate with the year's dollar thresholds (as printed)",yes (1 income-tax files)
us-fl,F04,state,state form instructions and rate schedules,N/A,,,no,N/A: no broad-based individual income tax; the rule does not exist in this jurisdiction,Tax year 2025 standard deduction and exemption dollar amounts as printed in the instructions,yes (1 income-tax files)
us-fl,F05,state,state form instructions and rate schedules,N/A,,,no,"N/A: no state EITC or child credit in TY2025 law (analyst knowledge, verify)","Tax year 2025 state EITC / child credit parameters as printed in the instructions (percentage of federal, amounts, worksheets)",yes (1 income-tax files)
us-fl,F06,state,state department bulletins,N/A,,,no,N/A: no broad-based individual income tax; the rule does not exist in this jurisdiction,"Tax year 2026 indexed amounts (rate schedule, standard deduction, exemptions) as published for the year (estimated-tax instructions or department bulletin)",yes (1 income-tax files)
us-ga,S01,state,state statute,PRESENT,2026-07-21-ga-ocga-title-48-release86-us-ga-title-48,us-ga/statute/48/48-7-20,"yes (income/main, main)","statute body ('[Effective until January 1, 2024. See note.] Individual tax ', 14089 chars): '(a) A tax is imposed upon every resident of this state with respect to the Georgia taxable net income of the taxpayer as defined in Code Section 48-7-27. A tax is imposed upon ever'",Imposition of the individual income tax (or the constitutional/statutory bar for the nine no-tax states),yes (1 income-tax files)
us-ga,S02,state conformity,state statute,PRESENT,2026-07-21-ga-ocga-title-48-release86-us-ga-title-48,us-ga/statute/48/48-7-26,no,"statute body ('[Effective until January 1, 2024. See note.] Personal exempt', 11882 chars): 'Assembly, also provided that provisions of the federal Tax Reform Act of 1986 and of the Internal Revenue Code of 1986 which as of January 1, 1987, were not yet effective become ef'",Internal Revenue Code conformity date (static or rolling) as defined in the chapter,yes (1 income-tax files)
us-ga,S03,state,state statute,PRESENT,2026-07-21-ga-ocga-title-48-release86-us-ga-title-48,us-ga/statute/48/48-7-1,no,"statute body ('Definitions.', 17610 chars): 'year for income tax reporting purposes, the last day of the person’s fiscal year. (6) “Nonresidents” means taxable nonresidents and nontaxable nonresidents. (7) “Nontaxable nonresi'","Resident, nonresident and part-year resident definitions (domicile, statutory residence day count)",yes (1 income-tax files)
us-ga,S04,state conformity,state statute,PRESENT,2026-07-21-ga-ocga-title-48-release86-us-ga-title-48,us-ga/statute/48/48-7-86,"yes (income/main, main)","statute body ('Penalty for failure to pay or for underpayment of taxes; rat', 6415 chars): ') Notwithstanding any other provision of this Code section to the contrary, if: (A) (i) A joint return has been made for a taxable year; (ii) On such return there is an understatem'","Filing statuses and joint/separate return rules (married joint, separate, head of household, surviving spouse)",yes (1 income-tax files)
us-ga,S05,state conformity,state statute,PRESENT,2026-07-21-ga-ocga-title-48-release86-us-ga-title-48,us-ga/statute/48/48-7-27,"yes (income/agi, income/main)","statute body ('[Effective until January 1, 2024. See note.] Computation of ', 67427 chars): '(a) Georgia taxable net income of an individual shall be the taxpayer’s federal adjusted gross income, as defined in the United States Internal Revenue Code of 1986, less: (1) Eith'","Starting point: state gross/adjusted gross/taxable income defined from federal AGI, federal taxable income, or own gross income",yes (1 income-tax files)
us-ga,S06,state,state statute,PRESENT,2026-07-21-ga-ocga-title-48-release86-us-ga-title-48,us-ga/statute/48/48-7-20,"yes (income/main, main)","statute body ('[Effective until January 1, 2024. See note.] Individual tax ', 14089 chars): 'wing tables: SINGLE PERSON If Georgia Taxable Net Income Is: The Tax Is: Not over $750.00 1% Over $750.00 but not over $2,250.00 $7.50 plus 2% of amount over $750.00 Over $2,250.00'","Rate schedule: bracket thresholds and marginal rates, or the flat rate (statute)",yes (1 income-tax files)
us-ga,S07,state,state statute,N/A,,,"yes (income/main, main)","N/A: brackets/deductions are not indexed by statute (analyst knowledge, verify)","Bracket / deduction / exemption indexing rule (inflation adjustment method, base year, rounding)",yes (1 income-tax files)
us-ga,S08,state,state statute,PRESENT,2026-07-21-ga-ocga-title-48-release86-us-ga-title-48,us-ga/statute/48/48-7-27,"yes (deductions/standard, income/deductions, income/deductions/standard)","statute body ('[Effective until January 1, 2024. See note.] Computation of ', 67427 chars): 'le income or, if the taxpayer could not or did not itemize nonbusiness deductions, then a standard deduction as provided for in the following subparagraphs: (A) In the case of a si'",Standard deduction amount(s) by filing status (statute),yes (1 income-tax files)
us-ga,S09,state conformity,state statute,PRESENT,2026-07-21-ga-ocga-title-48-release86-us-ga-title-48,us-ga/statute/48/48-7-27,yes (income/deductions),"statute body ('[Effective until January 1, 2024. See note.] Computation of ', 67427 chars): 'ted salary and wage expenses. (B) The amount of mortgage interest eliminated from federal itemized deductions for the purpose of computing mortgage interest credit on the federal r'","Itemized deductions: state treatment (federal itemized with modifications, SALT/mortgage limits, own list, or none)",yes (1 income-tax files)
us-ga,S10,state,state statute,EXTRACTABLE,,,"yes (exemptions, income/exemptions)","no selected statute body for this state carries it (selected statute scopes: 2026-07-21-ga-ocga-title-48-release86-us-ga-title-48, 2026-07-21-ga-pit-session-laws; income-tax chapter rows: 174); the state code is posted by the state code publisher (legislature/revisor site; see queue candidate_sources)",Personal exemption amount or personal exemption credit (taxpayer and spouse),yes (1 income-tax files)
us-ga,S11,state,state statute,PRESENT,2026-07-21-ga-ocga-title-48-release86-us-ga-title-48,us-ga/statute/48/48-7-26,"yes (exemptions, income/exemptions)","statute body ('[Effective until January 1, 2024. See note.] Personal exempt', 11882 chars): 'all be allowed as a deduction in computing Georgia taxable income of the taxpayer. (c) No exemption shall be allowed under this Code section for any dependent who has made a joint '",Dependent exemption or dependent credit amount,yes (1 income-tax files)
us-ga,S12,state,state statute,PRESENT,2026-07-21-ga-ocga-title-48-release86-us-ga-title-48,us-ga/statute/48/48-7-27,"yes (exemptions, income/exemptions)","statute body ('[Effective until January 1, 2024. See note.] Computation of ', 67427 chars): 'is made by the taxpayer and the taxpayer’s spouse and the spouse has attained the age of 65 before the close of the taxable year; and (E) An additional deduction of $1,300.00 for t'",Additional deduction/exemption/credit for age 65 or over and for blindness,yes (1 income-tax files)
us-ga,S13,state,state statute,PRESENT,2026-07-21-ga-ocga-title-48-release86-us-ga-title-48,us-ga/statute/48/48-7-27,"yes (additions, income/additions)","statute body ('[Effective until January 1, 2024. See note.] Computation of ', 67427 chars): 'o the taxable income: (A) Dividend or interest income, to the extent that the dividend or interest income is not included in gross income for federal income tax purposes, on obliga'",Addition: interest on obligations of other states and their subdivisions,yes (1 income-tax files)
us-ga,S14,state,state statute,PRESENT,2026-07-21-ga-ocga-title-48-release86-us-ga-title-48,us-ga/statute/48/48-7-27,"yes (income/deductions, income/subtractions, subtractions)","statute body ('[Effective until January 1, 2024. See note.] Computation of ', 67427 chars): 'this state or of political subdivisions except political subdivisions of this state; (B) Interest or dividends on obligations of the United States or of any authority, commission, '",Subtraction: interest on United States obligations,yes (1 income-tax files)
us-ga,S15,state,state statute,PRESENT,2026-07-21-ga-ocga-title-48-release86-us-ga-title-48,us-ga/statute/48/48-7-28.2,yes (retirement),"statute body ('Employer social security credits.', 1199 chars): ', as amended, the employer, in calculating Georgia taxable net income, shall be allowed a deduction equal to the employer social security credit. History. Code 1981, § 48-7-28.2, e'",Social Security benefits: full exclusion or the partial-taxation rule and its thresholds,yes (1 income-tax files)
us-ga,S16,state,state statute,PRESENT,2026-07-21-ga-ocga-title-48-release86-us-ga-title-48,us-ga/statute/48/48-7-27,yes (retirement),"statute body ('[Effective until January 1, 2024. See note.] Computation of ', 67427 chars): 'hose pension or retirement funds, programs, or systems provided for in Title 47) shall be exempt from income taxation in this state, notwithstanding any provision of Title 47 or an'","Pension and retirement income exclusion (amounts, age conditions, public vs private)",yes (1 income-tax files)
us-ga,S17,state,state statute,EXTRACTABLE,,,no,"no selected statute body for this state carries it (selected statute scopes: 2026-07-21-ga-ocga-title-48-release86-us-ga-title-48, 2026-07-21-ga-pit-session-laws; income-tax chapter rows: 174); the state code is posted by the state code publisher (legislature/revisor site; see queue candidate_sources)",Military pay and military retirement subtraction,yes (1 income-tax files)
us-ga,S18,state,state statute,N/A,,,no,"N/A: capital gains taxed as ordinary income with no state exclusion (analyst knowledge, verify)","Capital gains: exclusion, deduction, or separate rate (where the state departs from ordinary treatment)",yes (1 income-tax files)
us-ga,S19,state,state statute,N/A,,,no,"N/A: no state EITC in TY2025 law (analyst knowledge, verify)","State EITC: percentage of the federal credit or own schedule, and refundability",yes (1 income-tax files)
us-ga,S20,state,state statute,N/A,,,no,"N/A: no state EITC in TY2025 law (analyst knowledge, verify)","State EITC deviations from federal eligibility (ITIN filers, age 18-24, childless amount, non-custodial), read from the EITC section",yes (1 income-tax files)
us-ga,S21,state,state statute,EXTRACTABLE,,,"yes (credits/ctc, income/credits/ctc)","no selected statute body for this state carries it (selected statute scopes: 2026-07-21-ga-ocga-title-48-release86-us-ga-title-48, 2026-07-21-ga-pit-session-laws; income-tax chapter rows: 174); the state code is posted by the state code publisher (legislature/revisor site; see queue candidate_sources)",State child tax credit / dependent credit / young child credit amount,yes (1 income-tax files)
us-ga,S22,state,state statute,EXTRACTABLE,,,"yes (credits/ctc, income/credits/ctc)","no selected statute body for this state carries it (selected statute scopes: 2026-07-21-ga-ocga-title-48-release86-us-ga-title-48, 2026-07-21-ga-pit-session-laws; income-tax chapter rows: 174); the state code is posted by the state code publisher (legislature/revisor site; see queue candidate_sources)",State child credit phase-out / income limit and refundability,yes (1 income-tax files)
us-ga,S23,state,state statute,PRESENT,2026-07-21-ga-ocga-title-48-release86-us-ga-title-48,us-ga/statute/48/48-7-40.6,"yes (credits/cdcc, income/credits/cdcc)","statute body ('Tax credits for employers providing child care.', 10699 chars): '. The aggregate amount of the credit shall equal 100 percent of the cost of all qualified child care property purchased or acquired by the taxpayer and first placed in service duri'",Child and dependent care credit: percentage of the federal credit or own schedule,yes (1 income-tax files)
us-ga,S24,state,state statute,PRESENT,2026-07-21-ga-ocga-title-48-release86-us-ga-title-48,us-ga/statute/48/48-7-28,no,"statute body ('Reciprocity.', 3057 chars): 'onality, construction, and application of statutory provisions allowing credit for income tax paid to another state or country, 134 A.L.R. 1433; 12 A.L.R.2d 359. What constitutes d'","Credit for income taxes paid to other states (resident credit, limitation)",yes (1 income-tax files)
us-ga,S25,state,state statute,EXTRACTABLE,,,"yes (credits, income/credits)","no selected statute body for this state carries it (selected statute scopes: 2026-07-21-ga-ocga-title-48-release86-us-ga-title-48, 2026-07-21-ga-pit-session-laws; income-tax chapter rows: 174); the state code is posted by the state code publisher (legislature/revisor site; see queue candidate_sources)","Low-income credit, no-tax floor, or low-income exclusion (poverty-level relief)",yes (1 income-tax files)
us-ga,S26,state,state statute,N/A,,,no,"N/A: no property-tax circuit breaker or renter credit on the income tax return (analyst knowledge, verify)","Property tax circuit breaker, renter or homestead credit claimed on the income tax return",yes (1 income-tax files)
us-ga,S27,state,state statute,PRESENT,2026-07-21-ga-ocga-title-48-release86-us-ga-title-48,us-ga/statute/48/48-7-29.15,"yes (credits, income/credits)","statute body ('Tax credits for the adoption of foster children.', 2661 chars): 'Children Services of the Department of Human Services. (b) A taxpayer shall be allowed a credit against the tax imposed by Code Section 48-7-20 for the adoption of a qualified fost'","Other personal credits enumerated in the credits article (education, adoption, charitable, long-term care, elderly, volunteer, etc.)",yes (1 income-tax files)
us-ga,S28,state,state statute,N/A,,,no,"N/A: no state AMT (analyst knowledge, verify)","State alternative minimum tax (rate, exemption, AMTI base) where enacted",yes (1 income-tax files)
us-ga,S29,state,state statute or bulletin,N/A,,,no,"N/A: no surtax or special individual income tax (analyst knowledge, verify)","Surtax or special individual tax (millionaire surtax, mental health tax, capital gains excise, interest and dividends tax, high-earner tax) where enacted, incl. the year's threshold",yes (1 income-tax files)
us-ga,S30,state,state statute,PRESENT,2026-07-21-ga-ocga-title-48-release86-us-ga-title-48,us-ga/statute/48/48-7-30,no,"statute body ('Taxation of nonresident’s entire net income derived from act', 7987 chars): '(a) The tax imposed by this chapter shall apply to the entire net income of a taxable nonresident derived from employment, trade, business, professional, or other activity for fina'","Nonresident and part-year resident sourcing and apportionment (income from sources within the state, proration)",yes (1 income-tax files)
us-ga,S31,state,state statute,PRESENT,2026-07-21-ga-ocga-title-48-release86-us-ga-title-48,us-ga/statute/48/48-7-101,no,"statute body ('Collection of income tax at source; withholding.', 14498 chars): 'or since January 1 of the year, whichever is later. (c) Requirement of withholding. Every employer making payments of wages shall deduct and withhold from the wages a tax computed '",Employer withholding requirement and withholding tables/formula,yes (1 income-tax files)
us-ga,S32,state,state statute,PRESENT,2026-07-21-ga-ocga-title-48-release86-us-ga-title-48,us-ga/statute/48/48-7-120,no,"statute body ('Failure by taxpayer to pay estimated income tax.', 6837 chars): 'ng) of the tax for the year; (2) The amount of the installment required to be paid if the estimated tax were equal to 100 percent of the tax shown on the return for the preceding t'","Individual estimated tax requirement, safe harbor and underpayment interest",yes (1 income-tax files)
us-ga,S33,state,state statute,PRESENT,2026-07-21-ga-ocga-title-48-release86-us-ga-title-48,us-ga/statute/48/48-7-51,no,"statute body ('Corporation returns; contents; consolidated returns of two o', 3247 chars): 'Every corporation subject to taxation under this chapter shall make a return stating specifically the items of its gross income and the deductions and credits allowed by this chapt'","Filing threshold: who must file a return (income floor, exemption-based, gross income test)",yes (1 income-tax files)
us-ga,S34,state,state statute,PRESENT,2026-07-21-ga-ocga-title-48-release86-us-ga-title-48,us-ga/statute/48/48-7-56,no,"statute body ('Time and place of filing returns; extensions; tentative retu', 4680 chars): 'ther than corporations and partnerships shall be filed with the commissioner on or before April 15 in each year except that, in the case of taxpayers using a fiscal year, the retur'","Return due date, extensions, joint return liability and innocent spouse",yes (1 income-tax files)
us-ga,S35,state,state statute,N/A,,,no,"N/A: no local income tax authorized by the state code (analyst knowledge, verify)","Local income taxes (county, municipal, school district, city) authorized or imposed by the state code, where they exist",yes (1 income-tax files)
us-ga,R01,state,state regulation,EXTRACTABLE,,,n/a (document carrier; see the rule elements it carries),no selected regulation scope for this state is a revenue-department income tax regulation (the selected regulation scopes are benefit-program rules); the administrative code chapter is posted by the state's code publisher,State income tax regulations: the revenue department's administrative code chapter on the individual income tax,yes (1 income-tax files)
us-ga,F01,state,state form instructions and rate schedules,PRESENT,2026-07-21-ga-it-511-2025,us-ga/form/it-511/2025/document-1,n/a (document carrier; see the rule elements it carries),"form body ('2025 IT-511 Individual Income Tax Booklet 1', 168916 chars): 'eturn on behalf of a taxpayer who dies during the taxable year. When filing, use the same filing status that was used on the Federal income tax return. The due date for filing is t'",Tax year 2025 resident individual income tax return form,yes (1 income-tax files)
us-ga,F02,state,state form instructions and rate schedules,PRESENT,2026-07-21-ga-it-511-2025,us-ga/form/it-511/2025/document-1,n/a (document carrier; see the rule elements it carries),"form body ('2025 IT-511 Individual Income Tax Booklet 1', 168916 chars): 'r return by certified mail delays the processing of your return and refund 8 2025 IT-511 Instructions Booklet 2025 Income Tax Changes: Effective January 1, 2025, the income tax rat'","Tax year 2025 resident return instruction booklet (line-by-line rules, worksheets)",yes (1 income-tax files)
us-ga,F03,state,state form instructions and rate schedules,PRESENT,2026-07-21-ga-it-511-2025,us-ga/form/it-511/2025/document-1,"yes (income/main, main)","form body ('2025 IT-511 Individual Income Tax Booklet 1', 168916 chars): '2025 IT-511 Instructions Booklet 2025 Income Tax Changes: Effective January 1, 2025, the income tax rate is 5.19%. Form 500EZ has been discontinued and is no longer accepted for ta'","Tax year 2025 rate schedule, tax table or flat rate with the year's dollar thresholds (as printed)",yes (1 income-tax files)
us-ga,F04,state,state form instructions and rate schedules,PRESENT,2026-07-21-ga-it-511-2025,us-ga/form/it-511/2025/document-1,"yes (deductions/standard, income/deductions, income/deductions/standard)","form body ('2025 IT-511 Individual Income Tax Booklet 1', 168916 chars): 'e and cannot exceed 100%)....escseeeseeeeee 9. 71 8].1918] % (See IT-511 Tax Booklet) 10. Standard Deduction [X] itemized] oiececccccccecccccccsescccsssssssssssessesessesessssseese'",Tax year 2025 standard deduction and exemption dollar amounts as printed in the instructions,yes (1 income-tax files)
us-ga,F05,state,state form instructions and rate schedules,PRESENT,2026-07-21-ga-it-511-2025,us-ga/form/it-511/2025/document-1,no,"form body ('2025 IT-511 Individual Income Tax Booklet 1', 168916 chars): '— Include with Form 500 or 500X, if this schedule is applicable. — Adoption of a Foster Child Credit for Adoptions Occurring in Taxable Years Beginning on or After January 1, 2008 '","Tax year 2025 state EITC / child credit parameters as printed in the instructions (percentage of federal, amounts, worksheets)",yes (1 income-tax files)
us-ga,F06,state,state department bulletins,REVIEW,,,"yes (income/main, main)",no 2026-labelled body with amounts in any selected scope and the queue row records no 2026 product; whether the department has posted TY2026 figures (most publish them in the 2026 estimated-tax or withholding instructions) was not verified,"Tax year 2026 indexed amounts (rate schedule, standard deduction, exemptions) as published for the year (estimated-tax instructions or department bulletin)",yes (1 income-tax files)
us-hi,S01,state,state statute,PRESENT,2026-07-16-pit-east-us-hi-volume-04-chapter-235,us-hi/statute/235-4,"yes (income/rates, rates)","statute body ('Income taxes by the State; residents, nonresidents, corporat', 4564 chars): 'g the taxable year from resident to nonresident, or from nonresident to resident, the tax imposed by this chapter applies to the entire income earned during the period of residence'",Imposition of the individual income tax (or the constitutional/statutory bar for the nine no-tax states),yes (2 income-tax files)
us-hi,S02,state conformity,state statute,PRESENT,2026-07-16-pit-east-us-hi-volume-04-chapter-235,us-hi/statute/235-2.3,no,"statute body ('Conformance to the federal Internal Revenue Code; general ap', 9910 chars): 'is chapter, except as provided in this section and sections 235-2.35, 235-2.4, 235-2.45, ""Internal Revenue Code"" means subtitle A, chapter 1, of the federal Internal Revenue Code o'",Internal Revenue Code conformity date (static or rolling) as defined in the chapter,yes (2 income-tax files)
us-hi,S03,state,state statute,PRESENT,2026-07-16-pit-east-us-hi-volume-04-chapter-235,us-hi/statute/235-1,no,"statute body ('Definitions', 9839 chars): 'ember or members. No plan shall otherwise discriminate on the basis of the selection. ""Nonresident"" means every individual other than a resident. ""Nonresident estate"" or ""nonreside'","Resident, nonresident and part-year resident definitions (domicile, statutory residence day count)",yes (2 income-tax files)
us-hi,S04,state conformity,state statute,PRESENT,2026-07-16-pit-east-us-hi-volume-04-chapter-235,us-hi/statute/235-51,"yes (income/rates, rates)","statute body ('Tax imposed on individuals; rates', 14751 chars): '1.00% of excess over $950,000. (b) There is hereby imposed on the taxable income of every head of a household a tax determined in accordance with the following table: In the case o'","Filing statuses and joint/separate return rules (married joint, separate, head of household, surviving spouse)",yes (2 income-tax files)
us-hi,S05,state conformity,state statute,PRESENT,2026-07-16-pit-east-us-hi-volume-04-chapter-235,us-hi/statute/235-2.4,no,"statute body ('Operation of certain Internal Revenue Code provisions; secti', 20189 chars): 'ayers: (A) A taxpayer filing a single return or a married person filing separately with a federal adjusted gross income of less than $100,000; (B) A taxpayer filing as a head of ho'","Starting point: state gross/adjusted gross/taxable income defined from federal AGI, federal taxable income, or own gross income",yes (2 income-tax files)
us-hi,S06,state,state statute,PRESENT,2026-07-16-pit-east-us-hi-volume-04-chapter-235,us-hi/statute/235-7.5,"yes (income/rates, rates)","statute body ('Certain unearned income of minor children taxed as if parent', 5023 chars): 'the application of subparagraph (A), plus (ii) For each such child, the lesser of $10 or two per cent of the excess of the gross income of such child over $500. (3) The director sh'","Rate schedule: bracket thresholds and marginal rates, or the flat rate (statute)",yes (2 income-tax files)
us-hi,S07,state,state statute,N/A,,,"yes (income/rates, rates)","N/A: brackets/deductions are not indexed by statute (analyst knowledge, verify)","Bracket / deduction / exemption indexing rule (inflation adjustment method, base year, rounding)",yes (2 income-tax files)
us-hi,S08,state,state statute,PRESENT,2026-07-16-pit-east-us-hi-volume-04-chapter-235,us-hi/statute/235-2.4,"yes (deductions, deductions/standard, income/deductions)","statute body ('Operation of certain Internal Revenue Code provisions; secti', 20189 chars): 'ot be operative for purposes of this chapter; (2) Section 63(c)(2) (relating to the basic standard deduction) of the Internal Revenue Code shall be operative, except that the stand'",Standard deduction amount(s) by filing status (statute),yes (2 income-tax files)
us-hi,S09,state conformity,state statute,PRESENT,2026-07-16-pit-east-us-hi-volume-04-chapter-235,us-hi/statute/235-2.4,"yes (deductions, deductions/itemized, income/deductions)","statute body ('Operation of certain Internal Revenue Code provisions; secti', 20189 chars): 'nt to section 235-5. (b) Section 67 (with respect to the 2-percent floor on miscellaneous itemized deductions) of the Internal Revenue Code shall be operative for purposes of this '","Itemized deductions: state treatment (federal itemized with modifications, SALT/mortgage limits, own list, or none)",yes (2 income-tax files)
us-hi,S10,state,state statute,PRESENT,2026-07-13-recovery,us-hi/statute/235-54,"yes (exemptions, income/exemptions)","statute body ('235-54', 2343 chars): 'le year beginning in the calendar year in which the individual's taxable year begins, the personal exemption amount applicable to such individual under this subsection for such ind'",Personal exemption amount or personal exemption credit (taxpayer and spouse),yes (2 income-tax files)
us-hi,S11,state,state statute,PRESENT,2026-07-13-recovery,us-hi/statute/235-55.6,"yes (exemptions, income/exemptions)","statute body ('235-55.6', 11140 chars): '1(c) of the Internal Revenue Code of 1986, as amended (relating to deduction for personal exemptions for dependents) is allowable either to the taxpayer or the taxpayer's spouse, o'",Dependent exemption or dependent credit amount,yes (2 income-tax files)
us-hi,S12,state,state statute,PRESENT,2026-07-13-recovery,us-hi/statute/235-54,"yes (exemptions, income/exemptions)","statute body ('235-54', 2343 chars): 'xemptions which the individual can lawfully claim under the Internal Revenue Code, add an additional exemption for the taxpayer or the taxpayer's spouse who is sixty-five years of '",Additional deduction/exemption/credit for age 65 or over and for blindness,yes (2 income-tax files)
us-hi,S13,state,state statute,PRESENT,2026-07-16-pit-east-us-hi-volume-04-chapter-235,us-hi/statute/235-7,"yes (additions, income/additions)","statute body ('Other provisions as to gross income, adjusted gross income, ', 7591 chars): 'll apply; and (2) Unless expressly exempted or excluded as provided by subsection (a)(6), interest on the obligations of a State or a political subdivision thereof. (c) The deducti'",Addition: interest on obligations of other states and their subdivisions,yes (2 income-tax files)
us-hi,S14,state,state statute,EXTRACTABLE,,,"yes (income/deductions, income/subtractions, subtractions)","no selected statute body for this state carries it (selected statute scopes: 2026-07-13-recovery, 2026-07-16-pit-east-us-hi-volume-04-chapter-235; income-tax chapter rows: 158); the state code is posted by the state code publisher (legislature/revisor site; see queue candidate_sources)",Subtraction: interest on United States obligations,yes (2 income-tax files)
us-hi,S15,state,state statute,PRESENT,2026-07-16-pit-east-us-hi-volume-04-chapter-235,us-hi/statute/235-128,no,"statute body ('Returns; shareholder agreements; mandatory payments', 4063 chars): 'return for each taxable year, stating specifically the items of its gross income and the deductions allowable by this chapter, the name, address, and social security or federal ide'",Social Security benefits: full exclusion or the partial-taxation rule and its thresholds,yes (2 income-tax files)
us-hi,S16,state,state statute,PRESENT,2026-07-16-pit-east-us-hi-volume-04-chapter-235,us-hi/statute/235-2.4,no,"statute body ('Operation of certain Internal Revenue Code provisions; secti', 20189 chars): 'tion 235-5. (b) Section 67 (with respect to the 2-percent floor on miscellaneous itemized deductions) of the Internal Revenue Code shall be operative for purposes of this chapter, '","Pension and retirement income exclusion (amounts, age conditions, public vs private)",yes (2 income-tax files)
us-hi,S17,state,state statute,PRESENT,2026-07-16-pit-east-us-hi-volume-04-chapter-235,us-hi/statute/235-7,no,"statute body ('Other provisions as to gross income, adjusted gross income, ', 7591 chars): 'ted gross income, and taxable income: (1) Unless excluded by this chapter relating to the uniformed services of the United States, cost-of-living allowances and other payments exem'",Military pay and military retirement subtraction,yes (2 income-tax files)
us-hi,S18,state,state statute,PRESENT,2026-07-16-pit-east-us-hi-volume-04-chapter-235,us-hi/statute/235-51,no,"statute body ('Tax imposed on individuals; rates', 14751 chars): 'n had not been enacted on the greater of: (A) The taxable income reduced by the amount of net capital gain, or (B) The amount of taxable income taxed at a rate below 7.25 per cent,'","Capital gains: exclusion, deduction, or separate rate (where the state departs from ordinary treatment)",yes (2 income-tax files)
us-hi,S19,state,state statute,PRESENT,2026-07-16-pit-east-us-hi-volume-04-chapter-235,us-hi/statute/235-55.75,"yes (credits/eitc, income/credits/eitc)","statute body ('Refundable earned income tax credit', 3952 chars): 'r 31, 2027. L 2023, c 163, §5. Each qualifying individual taxpayer may claim a refundable earned income tax credit. Unless otherwise provided by law, the tax credit, for the approp'","State EITC: percentage of the federal credit or own schedule, and refundability",yes (2 income-tax files)
us-hi,S20,state,state statute,PRESENT,2026-07-16-pit-east-us-hi-volume-04-chapter-235,us-hi/statute/235-55.75,"yes (credits/eitc, income/credits/eitc)","eligibility read from the EITC section; no deviation text (ITIN/age/childless) matched, so the state appears to follow federal eligibility (verify)","State EITC deviations from federal eligibility (ITIN filers, age 18-24, childless amount, non-custodial), read from the EITC section",yes (2 income-tax files)
us-hi,S21,state,state statute,N/A,,,no,"N/A: no state child credit/child deduction in TY2025 law (analyst knowledge, verify)",State child tax credit / dependent credit / young child credit amount,yes (2 income-tax files)
us-hi,S22,state,state statute,N/A,,,no,"N/A: no state child credit/child deduction in TY2025 law (analyst knowledge, verify)",State child credit phase-out / income limit and refundability,yes (2 income-tax files)
us-hi,S23,state,state statute,EXTRACTABLE,,,"yes (credits/cdcc, income/credits/cdcc)","no selected statute body for this state carries it (selected statute scopes: 2026-07-13-recovery, 2026-07-16-pit-east-us-hi-volume-04-chapter-235; income-tax chapter rows: 158); the state code is posted by the state code publisher (legislature/revisor site; see queue candidate_sources)",Child and dependent care credit: percentage of the federal credit or own schedule,yes (2 income-tax files)
us-hi,S24,state,state statute,PRESENT,2026-07-16-pit-east-us-hi-volume-04-chapter-235,us-hi/statute/235-4.5,no,"statute body ('Taxation of trusts, beneficiaries; credit', 1307 chars): 'sident beneficiary of a trust with a situs in another state may claim a credit for income taxes paid by the trust to the other state on any income received which is attributable to'","Credit for income taxes paid to other states (resident credit, limitation)",yes (2 income-tax files)
us-hi,S25,state,state statute,PRESENT,2026-07-13-recovery,us-hi/statute/235-55.85,"yes (credits, income/credits)","statute body ('235-55.85', 4469 chars): '§235-55.85 Refundable food/excise tax credit. (a) Each individual taxpayer, who files an individual income tax return for a taxable ye'","Low-income credit, no-tax floor, or low-income exclusion (poverty-level relief)",yes (2 income-tax files)
us-hi,S26,state,state statute,EXTRACTABLE,,,no,"no selected statute body for this state carries it (selected statute scopes: 2026-07-13-recovery, 2026-07-16-pit-east-us-hi-volume-04-chapter-235; income-tax chapter rows: 158); the state code is posted by the state code publisher (legislature/revisor site; see queue candidate_sources)","Property tax circuit breaker, renter or homestead credit claimed on the income tax return",yes (2 income-tax files)
us-hi,S27,state,state statute,EXTRACTABLE,,,"yes (credits, income/credits)","no selected statute body for this state carries it (selected statute scopes: 2026-07-13-recovery, 2026-07-16-pit-east-us-hi-volume-04-chapter-235; income-tax chapter rows: 158); the state code is posted by the state code publisher (legislature/revisor site; see queue candidate_sources)","Other personal credits enumerated in the credits article (education, adoption, charitable, long-term care, elderly, volunteer, etc.)",yes (2 income-tax files)
us-hi,S28,state,state statute,N/A,,,"yes (alternative_tax, income/alternative_tax)","N/A: no state AMT (analyst knowledge, verify)","State alternative minimum tax (rate, exemption, AMTI base) where enacted",yes (2 income-tax files)
us-hi,S29,state,state statute or bulletin,N/A,,,no,"N/A: no surtax or special individual income tax (analyst knowledge, verify)","Surtax or special individual tax (millionaire surtax, mental health tax, capital gains excise, interest and dividends tax, high-earner tax) where enacted, incl. the year's threshold",yes (2 income-tax files)
us-hi,S30,state,state statute,PRESENT,2026-07-16-pit-east-us-hi-volume-04-chapter-235,us-hi/statute/235-4,no,"statute body ('Income taxes by the State; residents, nonresidents, corporat', 4564 chars): 'ident, computed without regard to source in the State. (b) Nonresidents. In the case of a nonresident, the tax applies to the income received or derived from property owned, person'","Nonresident and part-year resident sourcing and apportionment (income from sources within the state, proration)",yes (2 income-tax files)
us-hi,S31,state,state statute,PRESENT,2026-07-16-pit-east-us-hi-volume-04-chapter-235,us-hi/statute/235-61,no,"statute body ('Withholding of tax on wages', 10803 chars): 'xcluded from gross income by section 235-7 or other provisions of this chapter. (b) Every employer, as defined herein, making payment of wages, as herein defined, to employees, sha'",Employer withholding requirement and withholding tables/formula,yes (2 income-tax files)
us-hi,S32,state,state statute,PRESENT,2026-07-16-pit-east-us-hi-volume-04-chapter-235,us-hi/statute/235-97,no,"statute body ('Estimates; tax payments; returns', 7558 chars): 'porations), estates, and trusts, shall annually furnish the department of taxation with a declaration of estimated tax for the current taxable year. Declarations of estimated tax, '","Individual estimated tax requirement, safe harbor and underpayment interest",yes (2 income-tax files)
us-hi,S33,state,state statute,PRESENT,2026-07-16-pit-east-us-hi-volume-04-chapter-235,us-hi/statute/235-95,no,"statute body ('Partnership returns', 865 chars): 'Every partnership shall make a return for each taxable year upon forms prescribed by the department of taxation, itemizing its gross income and allowable deductions and including t'","Filing threshold: who must file a return (income floor, exemption-based, gross income test)",yes (2 income-tax files)
us-hi,S34,state,state statute,PRESENT,2026-07-16-pit-east-us-hi-volume-04-chapter-235,us-hi/statute/235-98,no,"statute body ('Returns; form, verification and authentication, time of fili', 1120 chars): 'ed to sign the return on behalf of the corporation. The department may grant a reasonable extension of time for filing returns under such rules as it shall prescribe. Except as oth'","Return due date, extensions, joint return liability and innocent spouse",yes (2 income-tax files)
us-hi,S35,state,state statute,N/A,,,no,"N/A: no local income tax authorized by the state code (analyst knowledge, verify)","Local income taxes (county, municipal, school district, city) authorized or imposed by the state code, where they exist",yes (2 income-tax files)
us-hi,R01,state,state regulation,EXTRACTABLE,,,n/a (document carrier; see the rule elements it carries),no selected regulation scope for this state is a revenue-department income tax regulation (the selected regulation scopes are benefit-program rules); the administrative code chapter is posted by the state's code publisher,State income tax regulations: the revenue department's administrative code chapter on the individual income tax,yes (2 income-tax files)
us-hi,F01,state,state form instructions and rate schedules,EXTRACTABLE,,,n/a (document carrier; see the rule elements it carries),"no TY2025 resident return form in any selected form scope (form documents present: Hawaii Form N-11 Instructions, Tax Year 2025 — Tax); queue row 'done' points at form/2026-07-22-hi-2025-n11-capital-gain-worksheet; publisher forms index: state revenue department forms page",Tax year 2025 resident individual income tax return form,yes (2 income-tax files)
us-hi,F02,state,state form instructions and rate schedules,PRESENT,2026-07-22-hi-2025-n11-capital-gain-worksheet,us-hi/form/individual-income-tax/2025/n-11-instructions/capital-gains-tax-worksheet,n/a (document carrier; see the rule elements it carries),"form body ('capital-gains-tax-worksheet', 2691 chars): 'ations) or under, do not use this worksheet. 1. Enter your taxable income from Form N-11, line 26 ........ 2. Enter your net long-term capital gain (federal Sch. D (Form 1040 or 10'","Tax year 2025 resident return instruction booklet (line-by-line rules, worksheets)",yes (2 income-tax files)
us-hi,F03,state,state form instructions and rate schedules,EXTRACTABLE,,,"yes (income/rates, rates)",no TY2025 rate schedule/tax table/flat-rate body in the selection (form bodies: 2); publisher forms index revenue department forms page,"Tax year 2025 rate schedule, tax table or flat rate with the year's dollar thresholds (as printed)",yes (2 income-tax files)
us-hi,F04,state,state form instructions and rate schedules,EXTRACTABLE,,,"yes (deductions, deductions/standard, income/deductions)",no TY2025 instruction body carrying the printed standard deduction/exemption amounts in the selection; publisher forms index revenue department forms page,Tax year 2025 standard deduction and exemption dollar amounts as printed in the instructions,yes (2 income-tax files)
us-hi,F05,state,state form instructions and rate schedules,EXTRACTABLE,,,"yes (credits/eitc, income/credits/eitc)",no TY2025 instruction body carrying the state EITC/child credit parameters in the selection; publisher forms index revenue department forms page,"Tax year 2025 state EITC / child credit parameters as printed in the instructions (percentage of federal, amounts, worksheets)",yes (2 income-tax files)
us-hi,F06,state,state department bulletins,REVIEW,,,"yes (income/rates, rates)",no 2026-labelled body with amounts in any selected scope and the queue row records no 2026 product; whether the department has posted TY2026 figures (most publish them in the 2026 estimated-tax or withholding instructions) was not verified,"Tax year 2026 indexed amounts (rate schedule, standard deduction, exemptions) as published for the year (estimated-tax instructions or department bulletin)",yes (2 income-tax files)
us-ia,S01,state,state statute,PRESENT,2026-07-16-pit-east-us-ia-title-x-chapter-422-r2026-07-24-immutable,us-ia/statute/422.5,"yes (income/rates, rates)","statute body ('Tax imposed — exclusions — alternate tax rate.', 13444 chars): '1. a. A tax is imposed upon every resident and nonresident of the state which tax shall be levied, collected, and paid annually upon and with respect to the entire taxable income a'",Imposition of the individual income tax (or the constitutional/statutory bar for the nine no-tax states),yes (2 income-tax files)
us-ia,S02,state conformity,state statute,PRESENT,2026-07-16-pit-east-us-ia-title-x-chapter-422-r2026-07-24-immutable,us-ia/statute/422.3,no,"statute body ('Definitions controlling chapter.', 1437 chars): 'e” means one of the following: a. For tax years beginning during the 2019 calendar year, “Internal Revenue Code” means the Internal Revenue Code of 1954, prior to the date of its r'",Internal Revenue Code conformity date (static or rolling) as defined in the chapter,yes (2 income-tax files)
us-ia,S03,state,state statute,PRESENT,2026-07-16-pit-east-us-ia-title-x-chapter-422-r2026-07-24-immutable,us-ia/statute/422.4,no,"statute body ('Definitions controlling subchapter.', 7017 chars): 'ot filing as a corporation, with the adjustments allowed by this chapter. 9. The word “nonresident” applies only to individuals, and includes all individuals who are not “residents'","Resident, nonresident and part-year resident definitions (domicile, statutory residence day count)",yes (2 income-tax files)
us-ia,S04,state conformity,state statute,PRESENT,2026-07-16-pit-east-us-ia-title-x-chapter-422-r2026-07-24-immutable,us-ia/statute/422.4,"yes (income/rates, rates)","statute body ('Definitions controlling subchapter.', 7017 chars): 'states, the District of Columbia, and the possessions of the United States. 6. The words “head of household” have the same meaning as provided by the Internal Revenue Code. 7. The '","Filing statuses and joint/separate return rules (married joint, separate, head of household, surviving spouse)",yes (2 income-tax files)
us-ia,S05,state conformity,state statute,PRESENT,2026-07-16-pit-east-us-ia-title-x-chapter-422-r2026-07-24-immutable,us-ia/statute/422.7,"yes (income/gross_income, income/taxable_income)","statute body ('“Net income” — how computed.', 51182 chars): 'on deduction, or qualified business income deduction that was allowed as a deduction from federal adjusted gross income in computing federal taxable income under the Internal Reven'","Starting point: state gross/adjusted gross/taxable income defined from federal AGI, federal taxable income, or own gross income",yes (2 income-tax files)
us-ia,S06,state,state statute,PRESENT,2026-07-16-pit-east-us-ia-title-x-chapter-422-r2026-07-24-immutable,us-ia/statute/422.5,"yes (income/rates, rates)","statute body ('Tax imposed — exclusions — alternate tax rate.', 13444 chars): 'this subchapter shall be the lesser of the alternate state individual income tax rate of four and three-tenths percent times the portion of the net income in excess of thirteen tho'","Rate schedule: bracket thresholds and marginal rates, or the flat rate (statute)",yes (2 income-tax files)
us-ia,S07,state,state statute,PRESENT,2026-07-16-pit-east-us-ia-title-x-chapter-422-r2026-07-24-immutable,us-ia/statute/422.7,"yes (income/rates, rates)","statute body ('“Net income” — how computed.', 51182 chars): 'the 2018 calendar year and for each subsequent tax year, the director shall multiply each dollar amount set forth in subparagraph division (a), subparagraph subdivisions (i) and (i'","Bracket / deduction / exemption indexing rule (inflation adjustment method, base year, rounding)",yes (2 income-tax files)
us-ia,S08,state,state statute,EXTRACTABLE,,,"yes (deductions, deductions/standard, income/deductions)","no selected statute body for this state carries it (selected statute scopes: 2026-07-13-recovery, 2026-07-16-pit-east-us-ia-title-x-chapter-422-r2026-07-24-immutable; income-tax chapter rows: 128); the state code is posted by the state code publisher (legislature/revisor site; see queue candidate_sources)",Standard deduction amount(s) by filing status (statute),yes (2 income-tax files)
us-ia,S09,state conformity,state statute,EXTRACTABLE,,,"yes (deductions, deductions/itemized, income/deductions)","no selected statute body for this state carries it (selected statute scopes: 2026-07-13-recovery, 2026-07-16-pit-east-us-ia-title-x-chapter-422-r2026-07-24-immutable; income-tax chapter rows: 128); the state code is posted by the state code publisher (legislature/revisor site; see queue candidate_sources)","Itemized deductions: state treatment (federal itemized with modifications, SALT/mortgage limits, own list, or none)",yes (2 income-tax files)
us-ia,S10,state,state statute,PRESENT,2026-07-13-recovery,us-ia/statute/422.12/page-1,"yes (credits/exemption, income/credits/exemption)","statute body ('Page 1', 4190 chars): 'ed the tax, after the tax is computed as provided in this subchapter, the following: a. A personal exemption credit in the following amounts: (1) For an estate or trust, a single i'",Personal exemption amount or personal exemption credit (taxpayer and spouse),yes (2 income-tax files)
us-ia,S11,state,state statute,EXTRACTABLE,,,"yes (credits/exemption, income/credits/exemption)","no selected statute body for this state carries it (selected statute scopes: 2026-07-13-recovery, 2026-07-16-pit-east-us-ia-title-x-chapter-422-r2026-07-24-immutable; income-tax chapter rows: 128); the state code is posted by the state code publisher (legislature/revisor site; see queue candidate_sources)",Dependent exemption or dependent credit amount,yes (2 income-tax files)
us-ia,S12,state,state statute,PRESENT,2026-07-13-recovery,us-ia/statute/422.12/page-1,"yes (credits/exemption, income/credits/exemption)","statute body ('Page 1', 4190 chars): 'ional forty dollars. (4) For a single individual, husband, wife, or head of household, an additional exemption of twenty dollars for each of said individuals who has attained the a'",Additional deduction/exemption/credit for age 65 or over and for blindness,yes (2 income-tax files)
us-ia,S13,state,state statute,PRESENT,2026-07-16-pit-east-us-ia-title-x-chapter-422-r2026-07-24-immutable,us-ia/statute/422.7,yes (additions),"statute body ('“Net income” — how computed.', 51182 chars): 'the following adjustments: 1. Subtract interest and dividends from federal securities. 2. Add interest and dividends from foreign securities and from securities of state and other '",Addition: interest on obligations of other states and their subdivisions,yes (2 income-tax files)
us-ia,S14,state,state statute,PRESENT,2026-07-16-pit-east-us-ia-title-x-chapter-422-r2026-07-24-immutable,us-ia/statute/422.7,"yes (income/deductions, income/subtractions, subtractions)","statute body ('“Net income” — how computed.', 51182 chars): 'nder section 63 of the Internal Revenue Code, with the following adjustments: 1. Subtract interest and dividends from federal securities. 2. Add interest and dividends from foreign'",Subtraction: interest on United States obligations,yes (2 income-tax files)
us-ia,S15,state,state statute,PRESENT,2026-07-16-pit-east-us-ia-title-x-chapter-422-r2026-07-24-immutable,us-ia/statute/422.7,"yes (income/pension_exclusion, pension_exclusion)","statute body ('“Net income” — how computed.', 51182 chars): 'agraph “a”, subparagraphs (1) and (2). 8. Subtract, to the extent included, the amount of social security benefits taxable under section 86 of the Internal Revenue Code. 9. Add int'",Social Security benefits: full exclusion or the partial-taxation rule and its thresholds,yes (2 income-tax files)
us-ia,S16,state,state statute,PRESENT,2026-07-16-pit-east-us-ia-title-x-chapter-422-r2026-07-24-immutable,us-ia/statute/422.5,"yes (income/pension_exclusion, pension_exclusion)","statute body ('Tax imposed — exclusions — alternate tax rate.', 13444 chars): 'ment plan, including defined benefit or defined contribution plans, annuities, individual retirement accounts, plans maintained or contributed to by an employer, or maintained or c'","Pension and retirement income exclusion (amounts, age conditions, public vs private)",yes (2 income-tax files)
us-ia,S17,state,state statute,PRESENT,2026-07-16-pit-east-us-ia-title-x-chapter-422-r2026-07-24-immutable,us-ia/statute/422.7,no,"statute body ('“Net income” — how computed.', 51182 chars): 'nsion or retirement plan in the tax year as a result of the death of the decedent. 20. a. Subtract, to the extent included, retirement pay received by a taxpayer from the federal g'",Military pay and military retirement subtraction,yes (2 income-tax files)
us-ia,S18,state,state statute,PRESENT,2026-07-16-pit-east-us-ia-title-x-chapter-422-r2026-07-24-immutable,us-ia/statute/422.7,no,"statute body ('“Net income” — how computed.', 51182 chars): 'dividuals who file separate state income tax returns shall allocate their combined annual net capital gain exclusion under paragraphs “b”, “c”, and “d” to each spouse in the propor'","Capital gains: exclusion, deduction, or separate rate (where the state departs from ordinary treatment)",yes (2 income-tax files)
us-ia,S19,state,state statute,PRESENT,2026-07-13-recovery,us-ia/statute/422.12B/page-1,"yes (credits/earned_income, income/credits/earned_income)","statute body ('Page 1', 1458 chars): '1 INDIVIDUAL INCOME, CORPORATE, AND FRANCHISE TAXES, §422.12B 422.12B Earned income tax credit. 1. a. The taxes imposed under this subchapter less the credits allowed under section'","State EITC: percentage of the federal credit or own schedule, and refundability",yes (2 income-tax files)
us-ia,S20,state,state statute,PRESENT,2026-07-13-recovery,us-ia/statute/422.12B/page-1,"yes (credits/earned_income, income/credits/earned_income)","eligibility read from the EITC section; no deviation text (ITIN/age/childless) matched, so the state appears to follow federal eligibility (verify)","State EITC deviations from federal eligibility (ITIN filers, age 18-24, childless amount, non-custodial), read from the EITC section",yes (2 income-tax files)
us-ia,S21,state,state statute,N/A,,,no,"N/A: no state child credit/child deduction in TY2025 law (analyst knowledge, verify)",State child tax credit / dependent credit / young child credit amount,yes (2 income-tax files)
us-ia,S22,state,state statute,N/A,,,no,"N/A: no state child credit/child deduction in TY2025 law (analyst knowledge, verify)",State child credit phase-out / income limit and refundability,yes (2 income-tax files)
us-ia,S23,state,state statute,PRESENT,2026-07-13-recovery,us-ia/statute/422.12C/page-1,yes (credits/child_care),"statute body ('Page 1', 4471 chars): 's of nonrefundable credits allowed under this subchapter, shall be reduced by a child and dependent care credit equal to the following percentages of the federal child and dependen'",Child and dependent care credit: percentage of the federal credit or own schedule,yes (2 income-tax files)
us-ia,S24,state,state statute,PRESENT,2026-07-16-pit-east-us-ia-title-x-chapter-422-r2026-07-24-immutable,us-ia/statute/422.8,no,"statute body ('Allocation of income earned in Iowa and other states.', 7467 chars): 'ndividuals, estates, and trusts shall be allocated as follows: 1. a. The amount of income tax paid to another state or foreign country by a resident taxpayer of this state on incom'","Credit for income taxes paid to other states (resident credit, limitation)",yes (2 income-tax files)
us-ia,S25,state,state statute,PRESENT,2026-07-16-pit-east-us-ia-title-x-chapter-422-r2026-07-24-immutable,us-ia/statute/422.5,"yes (credits, income/credits)","statute body ('Tax imposed — exclusions — alternate tax rate.', 13444 chars): 'ation of these credits between spouses if the taxpayers filed separate returns. 2. a. The tax shall not be imposed on a resident or nonresident whose net income, as defined in sect'","Low-income credit, no-tax floor, or low-income exclusion (poverty-level relief)",yes (2 income-tax files)
us-ia,S26,state,state statute,EXTRACTABLE,,,no,"no selected statute body for this state carries it (selected statute scopes: 2026-07-13-recovery, 2026-07-16-pit-east-us-ia-title-x-chapter-422-r2026-07-24-immutable; income-tax chapter rows: 128); the state code is posted by the state code publisher (legislature/revisor site; see queue candidate_sources)","Property tax circuit breaker, renter or homestead credit claimed on the income tax return",yes (2 income-tax files)
us-ia,S27,state,state statute,PRESENT,2026-07-16-pit-east-us-ia-title-x-chapter-422-r2026-07-24-immutable,us-ia/statute/422.11S,"yes (credits, income/credits)","statute body ('School tuition organization tax credit.', 9048 chars): 'edits allowed under section 422.12, shall be reduced by a school tuition organization tax credit equal to seventy-five percent of the amount of the voluntary cash or noncash contri'","Other personal credits enumerated in the credits article (education, adoption, charitable, long-term care, elderly, volunteer, etc.)",yes (2 income-tax files)
us-ia,S28,state,state statute,N/A,,,"yes (alternate_tax, alternative_minimum_tax, income/alternate_tax)","N/A: no state AMT (analyst knowledge, verify)","State alternative minimum tax (rate, exemption, AMTI base) where enacted",yes (2 income-tax files)
us-ia,S29,state,state statute or bulletin,N/A,,,no,"N/A: no surtax or special individual income tax (analyst knowledge, verify)","Surtax or special individual tax (millionaire surtax, mental health tax, capital gains excise, interest and dividends tax, high-earner tax) where enacted, incl. the year's threshold",yes (2 income-tax files)
us-ia,S30,state,state statute,PRESENT,2026-07-16-pit-east-us-ia-title-x-chapter-422-r2026-07-24-immutable,us-ia/statute/422.5,no,"statute body ('Tax imposed — exclusions — alternate tax rate.', 13444 chars): 'te of three and eight-tenths percent. b. (1) The tax imposed upon the taxable income of a nonresident shall be computed by reducing the amount determined pursuant to paragraph “a” '","Nonresident and part-year resident sourcing and apportionment (income from sources within the state, proration)",yes (2 income-tax files)
us-ia,S31,state,state statute,PRESENT,2026-07-16-pit-east-us-ia-title-x-chapter-422-r2026-07-24-immutable,us-ia/statute/422.16,no,"statute body ('Withholding of income tax at source — penalties — interest —', 22483 chars): 'ined in this subchapter and further defined in the Internal Revenue Code. 2. a. (1) Every withholding agent paying wages to an Iowa resident, or nonresident working in Iowa, shall '",Employer withholding requirement and withholding tables/formula,yes (2 income-tax files)
us-ia,S32,state,state statute,PRESENT,2026-07-16-pit-east-us-ia-title-x-chapter-422-r2026-07-24-immutable,us-ia/statute/422.16,no,"statute body ('Withholding of income tax at source — penalties — interest —', 22483 chars): 'e addition to tax for underpayment of the tax payable applies to persons required to make payments of estimated tax under this section except the amount to be added to the tax for '","Individual estimated tax requirement, safe harbor and underpayment interest",yes (2 income-tax files)
us-ia,S33,state,state statute,PRESENT,2026-07-16-pit-east-us-ia-title-x-chapter-422-r2026-07-24-immutable,us-ia/statute/422.14,no,"statute body ('Return by fiduciary.', 1999 chars): 'Notwithstanding paragraph “b”, the department may provide an exception to the electronic filing requirement. (2) A return subject to the electronic filing requirement in paragraph '","Filing threshold: who must file a return (income floor, exemption-based, gross income test)",yes (2 income-tax files)
us-ia,S34,state,state statute,PRESENT,2026-07-16-pit-east-us-ia-title-x-chapter-422-r2026-07-24-immutable,us-ia/statute/422.21,no,"statute body ('Form and time of return.', 7073 chars): 'od and is due forty-five days after the due date of the federal tax return, excluding any extension of time to file. In case of sickness, absence, or other disability, or if good c'","Return due date, extensions, joint return liability and innocent spouse",yes (2 income-tax files)
us-ia,S35,state,state statute,EXTRACTABLE,,,no,"no selected statute body for this state carries it (selected statute scopes: 2026-07-13-recovery, 2026-07-16-pit-east-us-ia-title-x-chapter-422-r2026-07-24-immutable; income-tax chapter rows: 128); the state code is posted by the state code publisher (legislature/revisor site; see queue candidate_sources)","Local income taxes (county, municipal, school district, city) authorized or imposed by the state code, where they exist",yes (2 income-tax files)
us-ia,R01,state,state regulation,EXTRACTABLE,,,n/a (document carrier; see the rule elements it carries),no selected regulation scope for this state is a revenue-department income tax regulation (the selected regulation scopes are benefit-program rules); the administrative code chapter is posted by the state's code publisher,State income tax regulations: the revenue department's administrative code chapter on the individual income tax,yes (2 income-tax files)
us-ia,F01,state,state form instructions and rate schedules,EXTRACTABLE,,,n/a (document carrier; see the rule elements it carries),"no TY2025 resident return form in any selected form scope (form documents present: 2025 IA 1040 Expanded Instructions (printable), 2025 IA 1040 Iowa Individual Income Tax Return (41); queue row 'agent_ready' points at form/2026-09-10-tax-state-forms-ty2025; publisher forms index: https://revenue.iowa.gov/forms/common-forms/individual-income-tax",Tax year 2025 resident individual income tax return form,yes (2 income-tax files)
us-ia,F02,state,state form instructions and rate schedules,PRESENT,2026-09-10-tax-state-forms-ty2025,us-ia/form/idr/ty2025/ia-1040-expanded-instructions/document-1,n/a (document carrier; see the rule elements it carries),"form body ('2025 IA 1040 Expanded Instructions (printable) 1', 279939 chars): '1040 Instructions Step 1 4 Step 2 7 Step 3 8 Step 4 9 Step 5 12 Step 6 43 Step 7 55 Step 8 57 Step 9 79 Other Information What’s New for 2025 3 Before You Begin 4 Who Must File? 5 '; NOTE: whole-chapter dump, the fact is inside a >200k-char body (weak provenance, needs sectioning)","Tax year 2025 resident return instruction booklet (line-by-line rules, worksheets)",yes (2 income-tax files)
us-ia,F03,state,state form instructions and rate schedules,PRESENT,2026-09-10-tax-state-forms-ty2025,us-ia/form/idr/ty2025/ia-1040-expanded-instructions/document-1,"yes (income/rates, rates)","form body ('2025 IA 1040 Expanded Instructions (printable) 1', 279939 chars): 'has a net operating loss that will be carried forward, then you cannot use the alternate tax computation. If the spouse with the net operating loss elects not to carry the net oper'; NOTE: whole-chapter dump, the fact is inside a >200k-char body (weak provenance, needs sectioning)","Tax year 2025 rate schedule, tax table or flat rate with the year's dollar thresholds (as printed)",yes (2 income-tax files)
us-ia,F04,state,state form instructions and rate schedules,PRESENT,2026-09-10-tax-state-forms-ty2025,us-ia/form/idr/ty2025/ia-1040-expanded-instructions/document-1,"yes (deductions, deductions/standard, income/deductions)","form body ('2025 IA 1040 Expanded Instructions (printable) 1', 279939 chars): 'as no Iowa modifications from Schedule 1. Terry files as a single taxpayer and claims the standard deduction. 1. Iowa gross income taxed by another jurisdiction. (IA 130, line 13) '; NOTE: whole-chapter dump, the fact is inside a >200k-char body (weak provenance, needs sectioning)",Tax year 2025 standard deduction and exemption dollar amounts as printed in the instructions,yes (2 income-tax files)
us-ia,F05,state,state form instructions and rate schedules,PRESENT,2026-09-10-tax-state-forms-ty2025,us-ia/form/idr/ty2025/ia-1040-expanded-instructions/document-1,"yes (credits/earned_income, income/credits/earned_income)","form body ('2025 IA 1040 Expanded Instructions (printable) 1', 279939 chars): 'ly applies to the income of the taxpayer and does not include their spouse’s income. Iowa Earned Income Tax Credit Line: 25 Step: 6 Step Subject: Refundable Credits and Payments Th'; NOTE: whole-chapter dump, the fact is inside a >200k-char body (weak provenance, needs sectioning)","Tax year 2025 state EITC / child credit parameters as printed in the instructions (percentage of federal, amounts, worksheets)",yes (2 income-tax files)
us-ia,F06,state,state department bulletins,REVIEW,2026-09-10-tax-state-forms-ty2025,us-ia/form/idr/ty2025/ia-1040-expanded-instructions/document-1,"yes (income/rates, rates)","no 2026-labelled document; a TY2025/undated body mentions a 2026 figure: form body ('2025 IA 1040 Expanded Instructions (printable) 1', 279939 chars): 'hedule 1, line 18. UPCOMING FOR 2026: Threshold for estimated tax payments: Starting with tax year 2026, the tax threshold for when an individual is required to make estimated tax '; NOTE: whole-chapter dump, the fact is inside a >200k-char body (weak provenance, needs sectioning); verify it is a TY2026 parameter and not an estimated-tax reference","Tax year 2026 indexed amounts (rate schedule, standard deduction, exemptions) as published for the year (estimated-tax instructions or department bulletin)",yes (2 income-tax files)
us-id,S01,state,state statute,PRESENT,2026-07-31-id-title-63-chapter-30-successor,us-id/statute/63-3024,"yes (income/main, main)","statute body ('Individuals’ tax and tax on estates and trusts', 2769 chars): 'r each taxable year, a tax measured by Idaho taxable income as defined in this chapter is hereby imposed upon every individual, trust, or estate required by this chapter to file a '",Imposition of the individual income tax (or the constitutional/statutory bar for the nine no-tax states),yes (2 income-tax files)
us-id,S02,state conformity,state statute,EXTRACTABLE,,,no,no selected statute body for this state carries it (selected statute scopes: 2026-07-31-id-title-63-chapter-30-successor; income-tax chapter rows: 5); the state code is posted by the state code publisher (legislature/revisor site; see queue candidate_sources),Internal Revenue Code conformity date (static or rolling) as defined in the chapter,yes (2 income-tax files)
us-id,S03,state,state statute,PRESENT,2026-07-31-id-title-63-chapter-30-successor,us-id/statute/63-3025D,no,"statute body ('Payment for dependents sixty-five years of age or older or p', 1499 chars): 'In lieu of the deduction from taxable income allowed by section 63-3022E , Idaho Code, a resident individual who maintains a household, which includes as an immediate member of the'","Resident, nonresident and part-year resident definitions (domicile, statutory residence day count)",yes (2 income-tax files)
us-id,S04,state conformity,state statute,PRESENT,2026-07-31-id-title-63-chapter-30-successor,us-id/statute/63-3024,"yes (income/main, main)","statute body ('Individuals’ tax and tax on estates and trusts', 2769 chars): 'urn of a surviving spouse, as defined in section 2(a) of the Internal Revenue Code, and a head of household, as defined in section 2(b) of the Internal Revenue Code, shall be treat'","Filing statuses and joint/separate return rules (married joint, separate, head of household, surviving spouse)",yes (2 income-tax files)
us-id,S05,state conformity,state statute,EXTRACTABLE,,,yes (income/main),no selected statute body for this state carries it (selected statute scopes: 2026-07-31-id-title-63-chapter-30-successor; income-tax chapter rows: 5); the state code is posted by the state code publisher (legislature/revisor site; see queue candidate_sources),"Starting point: state gross/adjusted gross/taxable income defined from federal AGI, federal taxable income, or own gross income",yes (2 income-tax files)
us-id,S06,state,state statute,PRESENT,2026-07-31-id-title-63-chapter-30-successor,us-id/statute/63-3024,"yes (income/main, main)","statute body ('Individuals’ tax and tax on estates and trusts', 2769 chars): 'uals, trusts, and estates shall be computed at the rate of five and three-tenths percent (5.3%) of taxable income over two thousand five hundred dollars ($2,500). (b) For taxpayers'","Rate schedule: bracket thresholds and marginal rates, or the flat rate (statute)",yes (2 income-tax files)
us-id,S07,state,state statute,PRESENT,2026-07-31-id-title-63-chapter-30-successor,us-id/statute/63-3024,"yes (income/main, main)","statute body ('Individuals’ tax and tax on estates and trusts', 2769 chars): 'a tax increase. The Idaho tax thresholds shall be adjusted as follows: multiply the last threshold amount by the percentage (the consumer price index for the calendar year immediat'","Bracket / deduction / exemption indexing rule (inflation adjustment method, base year, rounding)",yes (2 income-tax files)
us-id,S08,state,state statute,EXTRACTABLE,,,"yes (deductions, income/deductions)",no selected statute body for this state carries it (selected statute scopes: 2026-07-31-id-title-63-chapter-30-successor; income-tax chapter rows: 5); the state code is posted by the state code publisher (legislature/revisor site; see queue candidate_sources),Standard deduction amount(s) by filing status (statute),yes (2 income-tax files)
us-id,S09,state conformity,state statute,EXTRACTABLE,,,"yes (deductions, income/deductions)",no selected statute body for this state carries it (selected statute scopes: 2026-07-31-id-title-63-chapter-30-successor; income-tax chapter rows: 5); the state code is posted by the state code publisher (legislature/revisor site; see queue candidate_sources),"Itemized deductions: state treatment (federal itemized with modifications, SALT/mortgage limits, own list, or none)",yes (2 income-tax files)
us-id,S10,state,state statute,EXTRACTABLE,,,no,no selected statute body for this state carries it (selected statute scopes: 2026-07-31-id-title-63-chapter-30-successor; income-tax chapter rows: 5); the state code is posted by the state code publisher (legislature/revisor site; see queue candidate_sources),Personal exemption amount or personal exemption credit (taxpayer and spouse),yes (2 income-tax files)
us-id,S11,state,state statute,EXTRACTABLE,,,no,no selected statute body for this state carries it (selected statute scopes: 2026-07-31-id-title-63-chapter-30-successor; income-tax chapter rows: 5); the state code is posted by the state code publisher (legislature/revisor site; see queue candidate_sources),Dependent exemption or dependent credit amount,yes (2 income-tax files)
us-id,S12,state,state statute,EXTRACTABLE,,,no,no selected statute body for this state carries it (selected statute scopes: 2026-07-31-id-title-63-chapter-30-successor; income-tax chapter rows: 5); the state code is posted by the state code publisher (legislature/revisor site; see queue candidate_sources),Additional deduction/exemption/credit for age 65 or over and for blindness,yes (2 income-tax files)
us-id,S13,state,state statute,EXTRACTABLE,,,no,no selected statute body for this state carries it (selected statute scopes: 2026-07-31-id-title-63-chapter-30-successor; income-tax chapter rows: 5); the state code is posted by the state code publisher (legislature/revisor site; see queue candidate_sources),Addition: interest on obligations of other states and their subdivisions,yes (2 income-tax files)
us-id,S14,state,state statute,EXTRACTABLE,,,"yes (income/deductions, income/subtractions, subtractions)",no selected statute body for this state carries it (selected statute scopes: 2026-07-31-id-title-63-chapter-30-successor; income-tax chapter rows: 5); the state code is posted by the state code publisher (legislature/revisor site; see queue candidate_sources),Subtraction: interest on United States obligations,yes (2 income-tax files)
us-id,S15,state,state statute,EXTRACTABLE,,,yes (subtractions/military_retirement),no selected statute body for this state carries it (selected statute scopes: 2026-07-31-id-title-63-chapter-30-successor; income-tax chapter rows: 5); the state code is posted by the state code publisher (legislature/revisor site; see queue candidate_sources),Social Security benefits: full exclusion or the partial-taxation rule and its thresholds,yes (2 income-tax files)
us-id,S16,state,state statute,EXTRACTABLE,,,yes (subtractions/military_retirement),no selected statute body for this state carries it (selected statute scopes: 2026-07-31-id-title-63-chapter-30-successor; income-tax chapter rows: 5); the state code is posted by the state code publisher (legislature/revisor site; see queue candidate_sources),"Pension and retirement income exclusion (amounts, age conditions, public vs private)",yes (2 income-tax files)
us-id,S17,state,state statute,EXTRACTABLE,,,"yes (income/subtractions/military_retirement, subtractions/military_retirement)",no selected statute body for this state carries it (selected statute scopes: 2026-07-31-id-title-63-chapter-30-successor; income-tax chapter rows: 5); the state code is posted by the state code publisher (legislature/revisor site; see queue candidate_sources),Military pay and military retirement subtraction,yes (2 income-tax files)
us-id,S18,state,state statute,EXTRACTABLE,,,"yes (capital_gains, deductions/capital_gains, income/deductions/capital_gains)",no selected statute body for this state carries it (selected statute scopes: 2026-07-31-id-title-63-chapter-30-successor; income-tax chapter rows: 5); the state code is posted by the state code publisher (legislature/revisor site; see queue candidate_sources),"Capital gains: exclusion, deduction, or separate rate (where the state departs from ordinary treatment)",yes (2 income-tax files)
us-id,S19,state,state statute,N/A,,,no,"N/A: no state EITC in TY2025 law (analyst knowledge, verify)","State EITC: percentage of the federal credit or own schedule, and refundability",yes (2 income-tax files)
us-id,S20,state,state statute,N/A,,,no,"N/A: no state EITC in TY2025 law (analyst knowledge, verify)","State EITC deviations from federal eligibility (ITIN filers, age 18-24, childless amount, non-custodial), read from the EITC section",yes (2 income-tax files)
us-id,S21,state,state statute,EXTRACTABLE,,,"yes (credits/ctc, income/credits/ctc)",no selected statute body for this state carries it (selected statute scopes: 2026-07-31-id-title-63-chapter-30-successor; income-tax chapter rows: 5); the state code is posted by the state code publisher (legislature/revisor site; see queue candidate_sources),State child tax credit / dependent credit / young child credit amount,yes (2 income-tax files)
us-id,S22,state,state statute,EXTRACTABLE,,,"yes (credits/ctc, income/credits/ctc)",no selected statute body for this state carries it (selected statute scopes: 2026-07-31-id-title-63-chapter-30-successor; income-tax chapter rows: 5); the state code is posted by the state code publisher (legislature/revisor site; see queue candidate_sources),State child credit phase-out / income limit and refundability,yes (2 income-tax files)
us-id,S23,state,state statute,N/A,,,no,"N/A: no state child and dependent care credit in TY2025 law (analyst knowledge, verify)",Child and dependent care credit: percentage of the federal credit or own schedule,yes (2 income-tax files)
us-id,S24,state,state statute,EXTRACTABLE,,,no,no selected statute body for this state carries it (selected statute scopes: 2026-07-31-id-title-63-chapter-30-successor; income-tax chapter rows: 5); the state code is posted by the state code publisher (legislature/revisor site; see queue candidate_sources),"Credit for income taxes paid to other states (resident credit, limitation)",yes (2 income-tax files)
us-id,S25,state,state statute,N/A,,,"yes (credits, income/credits)","N/A: no low-income credit/no-tax floor (analyst knowledge, verify)","Low-income credit, no-tax floor, or low-income exclusion (poverty-level relief)",yes (2 income-tax files)
us-id,S26,state,state statute,N/A,,,no,"N/A: no property-tax circuit breaker or renter credit on the income tax return (analyst knowledge, verify)","Property tax circuit breaker, renter or homestead credit claimed on the income tax return",yes (2 income-tax files)
us-id,S27,state,state statute,PRESENT,2026-07-31-id-title-63-chapter-30-successor,us-id/statute/63-3024A,"yes (credits, income/credits)","statute body ('Food tax credits and refunds', 6837 chars): 'exemption or under more than one (1) subsection of this section. (5) In the event that a credit or refund is attributable to any individual for whom assistance under the federal fo'","Other personal credits enumerated in the credits article (education, adoption, charitable, long-term care, elderly, volunteer, etc.)",yes (2 income-tax files)
us-id,S28,state,state statute,N/A,,,no,"N/A: no state AMT (analyst knowledge, verify)","State alternative minimum tax (rate, exemption, AMTI base) where enacted",yes (2 income-tax files)
us-id,S29,state,state statute or bulletin,N/A,,,yes (capital_gains),"N/A: no surtax or special individual income tax (analyst knowledge, verify)","Surtax or special individual tax (millionaire surtax, mental health tax, capital gains excise, interest and dividends tax, high-earner tax) where enacted, incl. the year's threshold",yes (2 income-tax files)
us-id,S30,state,state statute,PRESENT,2026-07-31-id-title-63-chapter-30-successor,us-id/statute/63-3024A,no,"statute body ('Food tax credits and refunds', 6837 chars): 'id that is attributable to an individual residing illegally in the United States. (8) Any part-year resident entitled to a credit under this section shall receive a proportionate c'","Nonresident and part-year resident sourcing and apportionment (income from sources within the state, proration)",yes (2 income-tax files)
us-id,S31,state,state statute,EXTRACTABLE,,,no,no selected statute body for this state carries it (selected statute scopes: 2026-07-31-id-title-63-chapter-30-successor; income-tax chapter rows: 5); the state code is posted by the state code publisher (legislature/revisor site; see queue candidate_sources),Employer withholding requirement and withholding tables/formula,yes (2 income-tax files)
us-id,S32,state,state statute,EXTRACTABLE,,,no,no selected statute body for this state carries it (selected statute scopes: 2026-07-31-id-title-63-chapter-30-successor; income-tax chapter rows: 5); the state code is posted by the state code publisher (legislature/revisor site; see queue candidate_sources),"Individual estimated tax requirement, safe harbor and underpayment interest",yes (2 income-tax files)
us-id,S33,state,state statute,EXTRACTABLE,2026-09-10-tax-state-forms-ty2025,us-id/form/istc/ty2025/form-40/document-1,no,"only a form body carries it; the enabling statute section is not in any selected statute scope (2026-07-31-id-title-63-chapter-30-successor); form body ('Form 40, Idaho Individual Income Tax Return (2025) 1', 39925 chars): 'this line. Line 20 Tax Enter the Idaho income tax due on this line. If you don’t meet the filing requirements (see page 2) and are filing only to receive a refund of withheld taxes'; posted by the state code publisher (legislature/revisor site; see queue candidate_sources)","Filing threshold: who must file a return (income floor, exemption-based, gross income test)",yes (2 income-tax files)
us-id,S34,state,state statute,EXTRACTABLE,2026-09-10-tax-state-forms-ty2025,us-id/form/istc/ty2025/form-40/document-1,no,"only a form body carries it; the enabling statute section is not in any selected statute scope (2026-07-31-id-title-63-chapter-30-successor); form body ('Form 40, Idaho Individual Income Tax Return (2025) 1', 39925 chars): 'rom any Tax Commission office or our website at tax.idaho.gov/IITforms. Form 24 is due by April 15, 2026. Line 44 Maintaining a Home for a Family Member Age 65 or Older or a Family'; posted by the state code publisher (legislature/revisor site; see queue candidate_sources)","Return due date, extensions, joint return liability and innocent spouse",yes (2 income-tax files)
us-id,S35,state,state statute,N/A,,,no,"N/A: no local income tax authorized by the state code (analyst knowledge, verify)","Local income taxes (county, municipal, school district, city) authorized or imposed by the state code, where they exist",yes (2 income-tax files)
us-id,R01,state,state regulation,EXTRACTABLE,,,n/a (document carrier; see the rule elements it carries),no selected regulation scope for this state is a revenue-department income tax regulation (the selected regulation scopes are benefit-program rules); the administrative code chapter is posted by the state's code publisher,State income tax regulations: the revenue department's administrative code chapter on the individual income tax,yes (2 income-tax files)
us-id,F01,state,state form instructions and rate schedules,PRESENT,2026-09-10-tax-state-forms-ty2025,us-id/form/istc/ty2025/form-40/document-1,n/a (document carrier; see the rule elements it carries),"form body ('Form 40, Idaho Individual Income Tax Return (2025) 1', 39925 chars): 'tions for the reasons to amend, and enter the number that applies. ▪ Please Print or Type Your first name Middle initial Your last name Suffix Your Social Security number (SSN) Dec'",Tax year 2025 resident individual income tax return form,yes (2 income-tax files)
us-id,F02,state,state form instructions and rate schedules,PRESENT,2026-09-10-tax-state-forms-ty2025,us-id/form/istc/ty2025/individual-income-tax-instructions/document-1,n/a (document carrier; see the rule elements it carries),"form body ('Idaho Individual Income Tax Instructions, Forms 40, 43, 39R,', 236172 chars): 't (for an amended return due to that audit). EIN00046 03-02-2026 Page 7 of 52 Form 40 — Instructions Individual Income Tax Return 2025 Instructions are for lines not fully explain'; NOTE: whole-chapter dump, the fact is inside a >200k-char body (weak provenance, needs sectioning)","Tax year 2025 resident return instruction booklet (line-by-line rules, worksheets)",yes (2 income-tax files)
us-id,F03,state,state form instructions and rate schedules,PRESENT,2026-09-10-tax-state-forms-ty2025,us-id/form/istc/ty2025/form-40/document-1,"yes (income/main, main)","form body ('Form 40, Idaho Individual Income Tax Return (2025) 1', 39925 chars): 'from line 1. Enter the subtotal ..................................................... 4. Multiply subtotal by 5.3% ..................... 5. Idaho tax. Enter the total here and on'","Tax year 2025 rate schedule, tax table or flat rate with the year's dollar thresholds (as printed)",yes (2 income-tax files)
us-id,F04,state,state form instructions and rate schedules,PRESENT,2026-09-10-tax-state-forms-ty2025,us-id/form/istc/ty2025/form-40/document-1,"yes (deductions, income/deductions)","form body ('Form 40, Idaho Individual Income Tax Return (2025) 1', 39925 chars): '089 03-02-2026 Page 2 of 3 Continue to page 3. Tax Calculation. See instructions, page 8. Standard Deduction for Most People Single or Married Filing Separately: $15,750 Head of Ho'",Tax year 2025 standard deduction and exemption dollar amounts as printed in the instructions,yes (2 income-tax files)
us-id,F05,state,state form instructions and rate schedules,PRESENT,2026-09-10-tax-state-forms-ty2025,us-id/form/istc/ty2025/form-40/document-1,no,"form body ('Form 40, Idaho Individual Income Tax Return (2025) 1', 39925 chars): 'iability after any credit for tax paid to other states and credits from Forms 39R and 44. Child Tax Credit Worksheet 1. Enter the number of your qualifying children* .............'","Tax year 2025 state EITC / child credit parameters as printed in the instructions (percentage of federal, amounts, worksheets)",yes (2 income-tax files)
us-id,F06,state,state department bulletins,REVIEW,,,"yes (income/main, main)",no 2026-labelled body with amounts in any selected scope and the queue row records no 2026 product; whether the department has posted TY2026 figures (most publish them in the 2026 estimated-tax or withholding instructions) was not verified,"Tax year 2026 indexed amounts (rate schedule, standard deduction, exemptions) as published for the year (estimated-tax instructions or department bulletin)",yes (2 income-tax files)
us-il,S01,state,state statute,PRESENT,2026-07-13-recovery,us-il/statute/35/5/201/block-1,yes (income/rate),"statute body ('us il code 35 p3', 61614 chars): 'tate or by any municipal corporation or political subdivision thereof. (b) Rates. The tax imposed by subsection (a) of this Section shall be determined as follows, except as adjust'",Imposition of the individual income tax (or the constitutional/statutory bar for the nine no-tax states),yes (2 income-tax files)
us-il,S02,state conformity,state statute,PRESENT,2026-07-24-il-individual-income-tax-resident-core,us-il/statute/public-act/104-0468/page-1087,no,"statute body ('Page 1087', 1322 chars): 'axable income shall be determined as if the election provided by Section 243(b)(2) of the Internal Revenue Code had been in effect for all such years; (F) Cooperatives. In the case'",Internal Revenue Code conformity date (static or rolling) as defined in the chapter,yes (2 income-tax files)
us-il,S03,state,state statute,PRESENT,2026-07-24-il-individual-income-tax-resident-core,us-il/statute/public-act/104-0468/page-62,no,"statute body ('Page 62', 1437 chars): 'rooms"" means any living quarters, sleeping or housekeeping accommodations. (5) ""Permanent resident"" means any person who occupied or has the right to occupy any room or rooms, rega'","Resident, nonresident and part-year resident definitions (domicile, statutory residence day count)",yes (2 income-tax files)
us-il,S04,state conformity,state statute,PRESENT,2026-07-24-il-individual-income-tax-resident-core,us-il/statute/public-act/104-0468/page-1513,yes (income/rate),"statute body ('Page 1513', 1547 chars): 'such action to be practicable, the Department may prescribe and furnish a combination or joint return which will enable servicemen, who are required to file returns hereunder and a'","Filing statuses and joint/separate return rules (married joint, separate, head of household, surviving spouse)",yes (2 income-tax files)
us-il,S05,state conformity,state statute,PRESENT,2026-07-24-il-individual-income-tax-resident-core,us-il/statute/public-act/104-0468/page-1024,yes (income/base),"statute body ('Page 1024', 1279 chars): 'r; (E-21) the amount that is claimed as a federal deduction when computing the taxpayer's federal taxable income for the taxable year and that is attributable to an endowment gift '","Starting point: state gross/adjusted gross/taxable income defined from federal AGI, federal taxable income, or own gross income",yes (2 income-tax files)
us-il,S06,state,state statute,PRESENT,2026-07-13-recovery,us-il/statute/35/5/201/block-1,yes (income/rate),"statute body ('us il code 35 p3', 61614 chars): ', trust or estate, for taxable years ending prior to July 1, 1989, an amount equal to 2 1/2% of the taxpayer's net income for the taxable year. (2) In the case of an individual, tr'","Rate schedule: bracket thresholds and marginal rates, or the flat rate (statute)",yes (2 income-tax files)
us-il,S07,state,state statute,EXTRACTABLE,,,yes (income/rate),"no selected statute body for this state carries it (selected statute scopes: 2026-06-26-ilcs-320-30-us-il-chapter-320-act-30-r2026-07-15-self-contained, 2026-07-13-recovery, 2026-07-24-il-individual-income-tax-resident-core; income-tax chapter rows: 1679); the state code is posted by the state code publisher (legislature/revisor site; see queue candidate_sources)","Bracket / deduction / exemption indexing rule (inflation adjustment method, base year, rounding)",yes (2 income-tax files)
us-il,S08,state,state statute,N/A,,,no,"N/A: the state has no standard deduction of its own (federal taxable income start or exemption-only design) (analyst knowledge, verify)",Standard deduction amount(s) by filing status (statute),yes (2 income-tax files)
us-il,S09,state conformity,state statute,N/A,,,no,"N/A: the state allows no itemized deductions (analyst knowledge, verify)","Itemized deductions: state treatment (federal itemized with modifications, SALT/mortgage limits, own list, or none)",yes (2 income-tax files)
us-il,S10,state,state statute,PRESENT,2026-07-13-recovery,us-il/statute/35/5/204/block-1,yes (income/exemption),"statute body ('us il code 35 p4', 5785 chars): 'xemption for taxpayer or spouse 65 years of age or older. (A) For taxpayer. An additional exemption of $1,000 for the taxpayer if he or she has attained the age of 65 before the en'",Personal exemption amount or personal exemption credit (taxpayer and spouse),yes (2 income-tax files)
us-il,S11,state,state statute,EXTRACTABLE,,,yes (income/exemption),"no selected statute body for this state carries it (selected statute scopes: 2026-06-26-ilcs-320-30-us-il-chapter-320-act-30-r2026-07-15-self-contained, 2026-07-13-recovery, 2026-07-24-il-individual-income-tax-resident-core; income-tax chapter rows: 1679); the state code is posted by the state code publisher (legislature/revisor site; see queue candidate_sources)",Dependent exemption or dependent credit amount,yes (2 income-tax files)
us-il,S12,state,state statute,PRESENT,2026-07-13-recovery,us-il/statute/35/5/204/block-1,yes (income/exemption),"statute body ('us il code 35 p4', 5785 chars): 'the case of an individual taxpayer and his or her spouse, he or she shall each be allowed additional exemptions as follows: (1) Additional exemption for taxpayer or spouse 65 years'",Additional deduction/exemption/credit for age 65 or over and for blindness,yes (2 income-tax files)
us-il,S13,state,state statute,EXTRACTABLE,,,yes (additions),"no selected statute body for this state carries it (selected statute scopes: 2026-06-26-ilcs-320-30-us-il-chapter-320-act-30-r2026-07-15-self-contained, 2026-07-13-recovery, 2026-07-24-il-individual-income-tax-resident-core; income-tax chapter rows: 1679); the state code is posted by the state code publisher (legislature/revisor site; see queue candidate_sources)",Addition: interest on obligations of other states and their subdivisions,yes (2 income-tax files)
us-il,S14,state,state statute,EXTRACTABLE,,,"yes (income/subtractions, subtractions)","no selected statute body for this state carries it (selected statute scopes: 2026-06-26-ilcs-320-30-us-il-chapter-320-act-30-r2026-07-15-self-contained, 2026-07-13-recovery, 2026-07-24-il-individual-income-tax-resident-core; income-tax chapter rows: 1679); the state code is posted by the state code publisher (legislature/revisor site; see queue candidate_sources)",Subtraction: interest on United States obligations,yes (2 income-tax files)
us-il,S15,state,state statute,PRESENT,2026-07-24-il-individual-income-tax-resident-core,us-il/statute/public-act/104-0468/page-995,no,"statute body ('Page 995', 1338 chars): 'ragraph (K); (L) For taxable years ending after December 31, 1983, an amount equal to all social security benefits and railroad retirement benefits included in such total pursuant '",Social Security benefits: full exclusion or the partial-taxation rule and its thresholds,yes (2 income-tax files)
us-il,S16,state,state statute,PRESENT,2026-07-24-il-individual-income-tax-resident-core,us-il/statute/public-act/104-0468/page-995,no,"statute body ('Page 995', 1338 chars): 'ing after December 31, 1983, an amount equal to all social security benefits and railroad retirement benefits included in such total pursuant to Sections 72(r) and 86 of the Intern'","Pension and retirement income exclusion (amounts, age conditions, public vs private)",yes (2 income-tax files)
us-il,S17,state,state statute,EXTRACTABLE,,,no,"no selected statute body for this state carries it (selected statute scopes: 2026-06-26-ilcs-320-30-us-il-chapter-320-act-30-r2026-07-15-self-contained, 2026-07-13-recovery, 2026-07-24-il-individual-income-tax-resident-core; income-tax chapter rows: 1679); the state code is posted by the state code publisher (legislature/revisor site; see queue candidate_sources)",Military pay and military retirement subtraction,yes (2 income-tax files)
us-il,S18,state,state statute,N/A,,,no,"N/A: capital gains taxed as ordinary income with no state exclusion (analyst knowledge, verify)","Capital gains: exclusion, deduction, or separate rate (where the state departs from ordinary treatment)",yes (2 income-tax files)
us-il,S19,state,state statute,PRESENT,2026-07-13-recovery,us-il/statute/35/5/212/block-1,"yes (credits/eitc, income/credits/eitc)","statute body ('us il code 35 p6', 3493 chars): '(35 ILCS 5/212) Sec. 212. Earned income tax credit. (a) With respect to the federal earned income tax credit allowed for the taxable year under Section 32 of the federal Internal R'","State EITC: percentage of the federal credit or own schedule, and refundability",yes (2 income-tax files)
us-il,S20,state,state statute,PRESENT,2026-07-13-recovery,us-il/statute/35/5/212/block-1,"yes (credits/eitc, income/credits/eitc)","eligibility read from the EITC section; no deviation text (ITIN/age/childless) matched, so the state appears to follow federal eligibility (verify)","State EITC deviations from federal eligibility (ITIN filers, age 18-24, childless amount, non-custodial), read from the EITC section",yes (2 income-tax files)
us-il,S21,state,state statute,EXTRACTABLE,,,"yes (credits/ctc, income/credits/ctc)","no selected statute body for this state carries it (selected statute scopes: 2026-06-26-ilcs-320-30-us-il-chapter-320-act-30-r2026-07-15-self-contained, 2026-07-13-recovery, 2026-07-24-il-individual-income-tax-resident-core; income-tax chapter rows: 1679); the state code is posted by the state code publisher (legislature/revisor site; see queue candidate_sources)",State child tax credit / dependent credit / young child credit amount,yes (2 income-tax files)
us-il,S22,state,state statute,EXTRACTABLE,,,"yes (credits/ctc, income/credits/ctc)","no selected statute body for this state carries it (selected statute scopes: 2026-06-26-ilcs-320-30-us-il-chapter-320-act-30-r2026-07-15-self-contained, 2026-07-13-recovery, 2026-07-24-il-individual-income-tax-resident-core; income-tax chapter rows: 1679); the state code is posted by the state code publisher (legislature/revisor site; see queue candidate_sources)",State child credit phase-out / income limit and refundability,yes (2 income-tax files)
us-il,S23,state,state statute,N/A,,,no,"N/A: no state child and dependent care credit in TY2025 law (analyst knowledge, verify)",Child and dependent care credit: percentage of the federal credit or own schedule,yes (2 income-tax files)
us-il,S24,state,state statute,PRESENT,2026-07-13-recovery,us-il/statute/35/5/201/block-1,no,"statute body ('us il code 35 p3', 61614 chars): '(7) Foreign tax. For purposes of the credit allowed under Section 601(b)(3) of this Act, tax paid by a partnership or Subchapter S corporation to another state which, as determined'","Credit for income taxes paid to other states (resident credit, limitation)",yes (2 income-tax files)
us-il,S25,state,state statute,N/A,,,"yes (credits, income/credits)","N/A: no low-income credit/no-tax floor (analyst knowledge, verify)","Low-income credit, no-tax floor, or low-income exclusion (poverty-level relief)",yes (2 income-tax files)
us-il,S26,state,state statute,PRESENT,2026-07-24-il-individual-income-tax-resident-core,us-il/statute/35/5/208-current/block-1,"yes (credits/property_tax, income/credits/property_tax)","statute body ('Illinois General Assembly - Illinois Compiled Statutes - Ful', 984 chars): 'nding on or after December 31, 1991, every individual taxpayer shall be entitled to a tax credit equal to 5% of real property taxes paid by such taxpayer during the taxable year on'","Property tax circuit breaker, renter or homestead credit claimed on the income tax return",yes (2 income-tax files)
us-il,S27,state,state statute,PRESENT,2026-07-24-il-individual-income-tax-resident-core,us-il/statute/public-act/104-0468/page-1325,"yes (credits, income/credits)","statute body ('Page 1325', 1518 chars): 'he school year for which a credit is sought, and (iii) during the school year for which a credit is sought were full-time pupils enrolled in a kindergarten through twelfth grade ed'","Other personal credits enumerated in the credits article (education, adoption, charitable, long-term care, elderly, volunteer, etc.)",yes (2 income-tax files)
us-il,S28,state,state statute,N/A,,,no,"N/A: no state AMT (analyst knowledge, verify)","State alternative minimum tax (rate, exemption, AMTI base) where enacted",yes (2 income-tax files)
us-il,S29,state,state statute or bulletin,N/A,,,no,"N/A: no surtax or special individual income tax (analyst knowledge, verify)","Surtax or special individual tax (millionaire surtax, mental health tax, capital gains excise, interest and dividends tax, high-earner tax) where enacted, incl. the year's threshold",yes (2 income-tax files)
us-il,S30,state,state statute,PRESENT,2026-07-13-recovery,us-il/statute/35/5/212/block-1,no,"statute body ('us il code 35 p6', 3493 chars): 'credit for each taxable year beginning on or after January 1, 2023. For a non-resident or part-year resident, the amount of the credit under this Section shall be in proportion to '","Nonresident and part-year resident sourcing and apportionment (income from sources within the state, proration)",yes (2 income-tax files)
us-il,S31,state,state statute,PRESENT,2026-07-13-recovery,us-il/statute/35/5/705/block-1,no,"statute body ('us il code 35 p14', 800 chars): '/705) (from Ch. 120, par. 7-705) Sec. 705. Employer's Liability for Withheld Taxes. Every employer who deducts and withholds or is required to deduct and withhold tax under this Ac'",Employer withholding requirement and withholding tables/formula,yes (2 income-tax files)
us-il,S32,state,state statute,EXTRACTABLE,,,no,"no selected statute body for this state carries it (selected statute scopes: 2026-06-26-ilcs-320-30-us-il-chapter-320-act-30-r2026-07-15-self-contained, 2026-07-13-recovery, 2026-07-24-il-individual-income-tax-resident-core; income-tax chapter rows: 1679); the state code is posted by the state code publisher (legislature/revisor site; see queue candidate_sources)","Individual estimated tax requirement, safe harbor and underpayment interest",yes (2 income-tax files)
us-il,S33,state,state statute,PRESENT,2026-07-24-il-individual-income-tax-resident-core,us-il/statute/public-act/104-0468/page-1140,no,"statute body ('Page 1140', 1324 chars): 'electronic filing requirement. The Department may require returns to be filed on a quarterly basis. If so required, a r'","Filing threshold: who must file a return (income floor, exemption-based, gross income test)",yes (2 income-tax files)
us-il,S34,state,state statute,PRESENT,2026-07-24-il-individual-income-tax-resident-core,us-il/statute/35/5/601-current/block-1,no,"statute body ('Illinois General Assembly - Illinois Compiled Statutes - Ful', 4969 chars): 'ing, on or before the date fixed for filing such return (determined without regard to any extension of time for filing the return) pursuant to regulations prescribed by the Departm'","Return due date, extensions, joint return liability and innocent spouse",yes (2 income-tax files)
us-il,S35,state,state statute,N/A,,,no,"N/A: no local income tax authorized by the state code (analyst knowledge, verify)","Local income taxes (county, municipal, school district, city) authorized or imposed by the state code, where they exist",yes (2 income-tax files)
us-il,R01,state,state regulation,EXTRACTABLE,,,n/a (document carrier; see the rule elements it carries),no selected regulation scope for this state is a revenue-department income tax regulation (the selected regulation scopes are benefit-program rules); the administrative code chapter is posted by the state's code publisher,State income tax regulations: the revenue department's administrative code chapter on the individual income tax,yes (2 income-tax files)
us-il,F01,state,state form instructions and rate schedules,EXTRACTABLE,,,n/a (document carrier; see the rule elements it carries),no TY2025 resident return form in any selected form scope (form documents present: none); queue row 'done' points at statute/2026-07-24-il-individual-income-tax-resident-core; publisher forms index: state revenue department forms page,Tax year 2025 resident individual income tax return form,yes (2 income-tax files)
us-il,F02,state,state form instructions and rate schedules,EXTRACTABLE,,,n/a (document carrier; see the rule elements it carries),no TY2025 resident instruction booklet in any selected form scope (form documents present: none); queue row 'done' points at statute/2026-07-24-il-individual-income-tax-resident-core; publisher forms index: state revenue department forms page,"Tax year 2025 resident return instruction booklet (line-by-line rules, worksheets)",yes (2 income-tax files)
us-il,F03,state,state form instructions and rate schedules,EXTRACTABLE,,,yes (income/rate),no TY2025 rate schedule/tax table/flat-rate body in the selection (form bodies: 0); publisher forms index revenue department forms page,"Tax year 2025 rate schedule, tax table or flat rate with the year's dollar thresholds (as printed)",yes (2 income-tax files)
us-il,F04,state,state form instructions and rate schedules,EXTRACTABLE,,,no,no TY2025 instruction body carrying the printed standard deduction/exemption amounts in the selection; publisher forms index revenue department forms page,Tax year 2025 standard deduction and exemption dollar amounts as printed in the instructions,yes (2 income-tax files)
us-il,F05,state,state form instructions and rate schedules,EXTRACTABLE,,,"yes (credits/eitc, income/credits/eitc)",no TY2025 instruction body carrying the state EITC/child credit parameters in the selection; publisher forms index revenue department forms page,"Tax year 2025 state EITC / child credit parameters as printed in the instructions (percentage of federal, amounts, worksheets)",yes (2 income-tax files)
us-il,F06,state,state department bulletins,PRESENT,2026-07-24-il-personal-exemption-guidance,us-il/guidance/idor/2026-personal-exemption-allowance/block-1,yes (income/rate),"guidance body ('What is the Illinois personal exemption allowance?', 1266 chars): 'Page Content The standard personal exemption is calculated using the basic exemption amount of $2,050 plus the cost-of-living adjustment. For tax year beginning January 1, 2025, it'","Tax year 2026 indexed amounts (rate schedule, standard deduction, exemptions) as published for the year (estimated-tax instructions or department bulletin)",yes (2 income-tax files)
us-in,S01,state,state statute,PRESENT,2026-07-16-pit-east-us-in-title-6,us-in/statute/6-3-2-1,no,"statute body ('Imposition of tax; tax rate; calculation and certification o', 12315 chars): 'wing year. (b) Each taxable year, a tax at the following rate of adjusted gross income is imposed upon the adjusted gross income of every resident person, and on that part of the a'",Imposition of the individual income tax (or the constitutional/statutory bar for the nine no-tax states),yes (2 income-tax files)
us-in,S02,state conformity,state statute,PRESENT,2026-07-16-pit-east-us-in-title-6,us-in/statute/6-3-1-11,no,"statute body ('""Internal Revenue Code""', 5684 chars): 'Sec. 11. (a) The term ""Internal Revenue Code"" means the Internal Revenue Code of 1986 of the United States as amended and in effect on January 1, 2023. (b) Whenever the Internal Re'",Internal Revenue Code conformity date (static or rolling) as defined in the chapter,yes (2 income-tax files)
us-in,S03,state,state statute,PRESENT,2026-07-16-pit-east-us-in-title-6,us-in/statute/6-3-1-12,no,"statute body ('""Resident""', 444 chars): 'Sec. 12. The term ""resident"" includes (a) any individual who was domiciled in this state during the taxable year, or (b) any in'","Resident, nonresident and part-year resident definitions (domicile, statutory residence day count)",yes (2 income-tax files)
us-in,S04,state conformity,state statute,PRESENT,2026-07-16-pit-east-us-in-title-6,us-in/statute/6-3-4-2,no,"statute body ('Returns; fiduciaries; husband and wife', 1115 chars): 'te or a trust shall be made by the fiduciary thereof. (d) Where a joint return is made by husband and wife pursuant to the Internal Revenue Code, a joint return shall be made pursu'","Filing statuses and joint/separate return rules (married joint, separate, head of household, surviving spouse)",yes (2 income-tax files)
us-in,S05,state conformity,state statute,PRESENT,2026-07-16-pit-east-us-in-title-6,us-in/statute/6-3-1-3.5,no,"statute body ('""Adjusted gross income""', 66192 chars): 'ch additional amount allowable under Section 63(f)(1) of the Internal Revenue Code if the federal adjusted gross income of the taxpayer, or the taxpayer and the taxpayer's spouse i'","Starting point: state gross/adjusted gross/taxable income defined from federal AGI, federal taxable income, or own gross income",yes (2 income-tax files)
us-in,S06,state,state statute,PRESENT,2026-07-16-pit-east-us-in-title-6,us-in/statute/6-3-8.1-3,no,"statute body ('Determination of supplemental net income tax; forms and proc', 1206 chars): 'nder STEP TWO of the following formula: STEP ONE: Determine the product of the taxpayer's net income for the taxpayer's regular taxable year multiplied by a tax rate equal to four '","Rate schedule: bracket thresholds and marginal rates, or the flat rate (statute)",yes (2 income-tax files)
us-in,S07,state,state statute,N/A,,,no,"N/A: brackets/deductions are not indexed by statute (analyst knowledge, verify)","Bracket / deduction / exemption indexing rule (inflation adjustment method, base year, rounding)",yes (2 income-tax files)
us-in,S08,state,state statute,N/A,,,"yes (deductions, income/deductions)","N/A: the state has no standard deduction of its own (federal taxable income start or exemption-only design) (analyst knowledge, verify)",Standard deduction amount(s) by filing status (statute),yes (2 income-tax files)
us-in,S09,state conformity,state statute,N/A,,,"yes (deductions, income/deductions)","N/A: the state allows no itemized deductions (analyst knowledge, verify)","Itemized deductions: state treatment (federal itemized with modifications, SALT/mortgage limits, own list, or none)",yes (2 income-tax files)
us-in,S10,state,state statute,EXTRACTABLE,,,yes (income/exemptions),"no selected statute body for this state carries it (selected statute scopes: 2026-07-13-recovery, 2026-07-16-pit-east-us-in-title-6; income-tax chapter rows: 1036); the state code is posted by the state code publisher (legislature/revisor site; see queue candidate_sources)",Personal exemption amount or personal exemption credit (taxpayer and spouse),yes (2 income-tax files)
us-in,S11,state,state statute,PRESENT,2026-07-16-pit-east-us-in-title-6,us-in/statute/6-3-7-5,yes (income/exemptions),"statute body ('Independent contractor; worker's compensation election for e', 4273 chars): 'ear. The department shall maintain the original certificate on file. (i) A certificate of exemption must certify the following information: (1) That the independent contractor has '",Dependent exemption or dependent credit amount,yes (2 income-tax files)
us-in,S12,state,state statute,EXTRACTABLE,,,yes (income/exemptions),"no selected statute body for this state carries it (selected statute scopes: 2026-07-13-recovery, 2026-07-16-pit-east-us-in-title-6; income-tax chapter rows: 1036); the state code is posted by the state code publisher (legislature/revisor site; see queue candidate_sources)",Additional deduction/exemption/credit for age 65 or over and for blindness,yes (2 income-tax files)
us-in,S13,state,state statute,PRESENT,2026-07-16-pit-east-us-in-title-6,us-in/statute/6-3-1-3.5,no,"statute body ('""Adjusted gross income""', 66192 chars): 'tion 108(i) of the Internal Revenue Code. (21) Add the amount excluded from federal gross income under Section 103 of the Internal Revenue Code for interest received on an obligati'",Addition: interest on obligations of other states and their subdivisions,yes (2 income-tax files)
us-in,S14,state,state statute,EXTRACTABLE,,,yes (income/deductions),"no selected statute body for this state carries it (selected statute scopes: 2026-07-13-recovery, 2026-07-16-pit-east-us-in-title-6; income-tax chapter rows: 1036); the state code is posted by the state code publisher (legislature/revisor site; see queue candidate_sources)",Subtraction: interest on United States obligations,yes (2 income-tax files)
us-in,S15,state,state statute,PRESENT,2026-07-16-pit-east-us-in-title-6,us-in/statute/6-3-2-3.7,no,"statute body ('Remainder of federal civil service annuity minus certain ret', 1164 chars): 'gross income under Section 62 of the Internal Revenue Code; minus (2) the total amount of Social Security benefits and railroad retirement benefits received by the individual or th'",Social Security benefits: full exclusion or the partial-taxation rule and its thresholds,yes (2 income-tax files)
us-in,S16,state,state statute,PRESENT,2026-07-13-recovery,us-in/statute/6-3-2-4,no,"statute body ('6-3-2-4', 3024 chars): 'Indiana Code IC 6-3-2-4 IC 6-3-2-4 Military service deduction; retirement income or survivor's benefits deduction Note: This version of section effective until 7-1-2025. See also f'","Pension and retirement income exclusion (amounts, age conditions, public vs private)",yes (2 income-tax files)
us-in,S17,state,state statute,PRESENT,2026-07-13-recovery,us-in/statute/6-3-2-4,no,"statute body ('6-3-2-4', 3024 chars): 'Indiana Code IC 6-3-2-4 IC 6-3-2-4 Military service deduction; retirement income or survivor's benefits deduction Note: This version of section effective until 7-1-2025. See also f'",Military pay and military retirement subtraction,yes (2 income-tax files)
us-in,S18,state,state statute,N/A,,,no,"N/A: capital gains taxed as ordinary income with no state exclusion (analyst knowledge, verify)","Capital gains: exclusion, deduction, or separate rate (where the state departs from ordinary treatment)",yes (2 income-tax files)
us-in,S19,state,state statute,PRESENT,2026-07-13-recovery,us-in/statute/6-3.1-21-6,"yes (credits/earned_income, income/credits/earned_income)","statute body ('6-3.1-21-6', 2021 chars): 'Except as provided by subsections (b), (d), and (e), an individual who is eligible for an earned income tax credit under Section 32 of the Internal Revenue Code as in effect on Jan'","State EITC: percentage of the federal credit or own schedule, and refundability",yes (2 income-tax files)
us-in,S20,state,state statute,PRESENT,2026-07-13-recovery,us-in/statute/6-3.1-21-6,"yes (credits/earned_income, income/credits/earned_income)","eligibility read from the EITC section; no deviation text (ITIN/age/childless) matched, so the state appears to follow federal eligibility (verify)","State EITC deviations from federal eligibility (ITIN filers, age 18-24, childless amount, non-custodial), read from the EITC section",yes (2 income-tax files)
us-in,S21,state,state statute,N/A,,,no,"N/A: no state child credit/child deduction in TY2025 law (analyst knowledge, verify)",State child tax credit / dependent credit / young child credit amount,yes (2 income-tax files)
us-in,S22,state,state statute,N/A,,,no,"N/A: no state child credit/child deduction in TY2025 law (analyst knowledge, verify)",State child credit phase-out / income limit and refundability,yes (2 income-tax files)
us-in,S23,state,state statute,N/A,,,no,"N/A: no state child and dependent care credit in TY2025 law (analyst knowledge, verify)",Child and dependent care credit: percentage of the federal credit or own schedule,yes (2 income-tax files)
us-in,S24,state,state statute,PRESENT,2026-07-16-pit-east-us-in-title-6,us-in/statute/6-3-2.1-5,no,"statute body ('Computation of tax; refundable credit; applicability of othe', 4234 chars): 'ity that has direct owners that would be permitted to claim a credit under IC 6-3-3-3 for taxes paid to another state with regard to a taxable year may elect to claim a credit unde'","Credit for income taxes paid to other states (resident credit, limitation)",yes (2 income-tax files)
us-in,S25,state,state statute,N/A,,,"yes (credits, income/credits)","N/A: no low-income credit/no-tax floor (analyst knowledge, verify)","Low-income credit, no-tax floor, or low-income exclusion (poverty-level relief)",yes (2 income-tax files)
us-in,S26,state,state statute,PRESENT,2026-07-16-pit-east-us-in-title-6,us-in/statute/6-3.1-20-4,no,"statute body ('Entitlement to credit', 1287 chars): '0) and less than seven hundred thousand (700,000). (b) An individual is not entitled to a credit under this chapter for a taxable year for property taxes paid on the individual's h'","Property tax circuit breaker, renter or homestead credit claimed on the income tax return",yes (2 income-tax files)
us-in,S27,state,state statute,PRESENT,2026-07-13-recovery,us-in/statute/6-3-3-12,"yes (credits, income/credits)","statute body ('6-3-3-12', 10814 chars): 'Indiana Code IC 6-3-3-12 IC 6-3-3-12 Credit for contributions to college choice education savings plan; date of contribution; repayment of credit after nonqualified withdrawals; de'","Other personal credits enumerated in the credits article (education, adoption, charitable, long-term care, elderly, volunteer, etc.)",yes (2 income-tax files)
us-in,S28,state,state statute,N/A,,,no,"N/A: no state AMT (analyst knowledge, verify)","State alternative minimum tax (rate, exemption, AMTI base) where enacted",yes (2 income-tax files)
us-in,S29,state,state statute or bulletin,N/A,,,no,"N/A: no surtax or special individual income tax (analyst knowledge, verify)","Surtax or special individual tax (millionaire surtax, mental health tax, capital gains excise, interest and dividends tax, high-earner tax) where enacted, incl. the year's threshold",yes (2 income-tax files)
us-in,S30,state,state statute,PRESENT,2026-07-16-pit-east-us-in-title-6,us-in/statute/6-3-2-2,no,"statute body ('""Adjusted gross income derived from sources within Indiana"";', 23651 chars): 'Sec. 2. (a) With regard to corporations and nonresident persons, ""adjusted gross income derived from sources within Indiana"", for the purposes of this article, shall mean and inclu'","Nonresident and part-year resident sourcing and apportionment (income from sources within the state, proration)",yes (2 income-tax files)
us-in,S31,state,state statute,PRESENT,2026-07-16-pit-east-us-in-title-6,us-in/statute/6-3-4-8,no,"statute body ('Income withholding; wages; reports; penalties', 8533 chars): 'to the department monthly of the amount of tax which under this article and IC 6-3.6 the employer is required to withhold. (b) An employer shall pay taxes withheld under subsection'",Employer withholding requirement and withholding tables/formula,yes (2 income-tax files)
us-in,S32,state,state statute,PRESENT,2026-07-16-pit-east-us-in-title-6,us-in/statute/6-3-2.1-6-b,no,"statute body ('Exception; estimated tax payments; penalty for underpayment', 1662 chars): 'xable years ending after December 31, 2024, there shall be no penalty for underpayment of estimated tax, except to the extent the payments during the taxable year fail to equal or '","Individual estimated tax requirement, safe harbor and underpayment interest",yes (2 income-tax files)
us-in,S33,state,state statute,PRESENT,2026-07-16-pit-east-us-in-title-6,us-in/statute/6-3-2-3.2,no,"statute body ('Indiana income of race team members', 5678 chars): '(A) a race team member covered by the return from having an individual income tax return filing requirement with respect to the income reported on the composite return; and (B) a r'","Filing threshold: who must file a return (income floor, exemption-based, gross income test)",yes (2 income-tax files)
us-in,S34,state,state statute,PRESENT,2026-07-16-pit-east-us-in-title-6,us-in/statute/6-3-4-3,no,"statute body ('Filing date', 1487 chars): 'apter shall be filed with the department on or before the later of the following: (1) The 15th day of the fourth month following the close of the taxable year. (2) For a corporatio'","Return due date, extensions, joint return liability and innocent spouse",yes (2 income-tax files)
us-in,S35,state,state statute,PRESENT,2026-07-16-pit-east-us-in-title-6,us-in/statute/6-3.6-1-9,no,"statute body ('Certification to each county of tax rates by tax category', 316 chars): 'with the assistance of the department of local government finance, shall certify to each county the income tax rates under this article, by tax rate category, as categorized by the'","Local income taxes (county, municipal, school district, city) authorized or imposed by the state code, where they exist",yes (2 income-tax files)
us-in,R01,state,state regulation,EXTRACTABLE,,,n/a (document carrier; see the rule elements it carries),no selected regulation scope for this state is a revenue-department income tax regulation (the selected regulation scopes are benefit-program rules); the administrative code chapter is posted by the state's code publisher,State income tax regulations: the revenue department's administrative code chapter on the individual income tax,yes (2 income-tax files)
us-in,F01,state,state form instructions and rate schedules,PRESENT,2026-09-10-tax-state-forms-ty2025,us-in/form/dor/ty2025/it-40/document-1,n/a (document carrier; see the rule elements it carries),"form body ('Form IT-40, Indiana Full-Year Resident Individual Income Tax', 5434 chars): 'country 2-character code (see instructions) Mailing address (number and street or PO Box) Your first name Initial Last name If filing a joint return, spouse’s first name Initial La'",Tax year 2025 resident individual income tax return form,yes (2 income-tax files)
us-in,F02,state,state form instructions and rate schedules,PRESENT,2026-09-10-tax-state-forms-ty2025,us-in/form/dor/ty2025/it-40-booklet/document-1,n/a (document carrier; see the rule elements it carries),"form body ('IT-40 Booklet, Indiana Full-Year Resident Individual Income ', 289788 chars): 'iled a joint federal return, you will need to file Form IT-40PNR. Important. Refer to the instructions on page 52 for an explanation of county of residence for military personnel. '; NOTE: whole-chapter dump, the fact is inside a >200k-char body (weak provenance, needs sectioning)","Tax year 2025 resident return instruction booklet (line-by-line rules, worksheets)",yes (2 income-tax files)
us-in,F03,state,state form instructions and rate schedules,PRESENT,2026-09-10-tax-state-forms-ty2025,us-in/form/dor/ty2025/it-40-booklet/document-1,no,"form body ('IT-40 Booklet, Indiana Full-Year Resident Individual Income ', 289788 chars): 'tly to the State of Indiana. To calculate the amount of purchases subject to the use tax, multiply the total purchase price of all taxable purchases by 7% and enter the amount. If '; NOTE: whole-chapter dump, the fact is inside a >200k-char body (weak provenance, needs sectioning)","Tax year 2025 rate schedule, tax table or flat rate with the year's dollar thresholds (as printed)",yes (2 income-tax files)
us-in,F04,state,state form instructions and rate schedules,PRESENT,2026-09-10-tax-state-forms-ty2025,us-in/form/dor/ty2025/it-40-booklet/document-1,"yes (deductions, income/deductions)","form body ('IT-40 Booklet, Indiana Full-Year Resident Individual Income ', 289788 chars): 'the total in Box 5. Then, enter this amount in the box on Schedule 3, line 2. Additional Dependent Exemptions Read below to see if you are eligible to claim an additional dependent'; NOTE: whole-chapter dump, the fact is inside a >200k-char body (weak provenance, needs sectioning)",Tax year 2025 standard deduction and exemption dollar amounts as printed in the instructions,yes (2 income-tax files)
us-in,F05,state,state form instructions and rate schedules,PRESENT,2026-09-10-tax-state-forms-ty2025,us-in/form/dor/ty2025/it-40-booklet/document-1,"yes (credits/earned_income, income/credits/earned_income)","form body ('IT-40 Booklet, Indiana Full-Year Resident Individual Income ', 289788 chars): 'ine 5. Remember to file either Form SC-40 or Form IT-40, but not both. Line 6 – Indiana’s Earned Income Credit (EIC) If you are eligible for an earned income credit on your federal'; NOTE: whole-chapter dump, the fact is inside a >200k-char body (weak provenance, needs sectioning)","Tax year 2025 state EITC / child credit parameters as printed in the instructions (percentage of federal, amounts, worksheets)",yes (2 income-tax files)
us-in,F06,state,state department bulletins,PRESENT,2026-07-24-in-2026-individual-income-tax-source-hold,us-in/guidance/dor/individual-income-tax-rate/2026/individual-income-tax-rate,no,"guidance body ('Rates, Fees & Penalties', 597 chars): 'Income tax rates The Indiana Individual adjusted gross income tax rate for 2026 is 2.95% and will adjust in 2027 to 2.90% . County income tax rates may be adjusted in January and O'","Tax year 2026 indexed amounts (rate schedule, standard deduction, exemptions) as published for the year (estimated-tax instructions or department bulletin)",yes (2 income-tax files)
us-ks,S01,state,state statute,PRESENT,2026-07-16-pit-west-us-ks-chapter-79-article-32,us-ks/statute/79-3225,"yes (income/rates, rates)","statute body ('Time for payment of tax; cancellation of tax; extension of t', 707 chars): '(a) All taxes imposed under the provisions of the ""Kansas income tax act"" shall be paid on the 15 th day of the fourth month following the close of the taxabl'",Imposition of the individual income tax (or the constitutional/statutory bar for the nine no-tax states),yes (3 income-tax files)
us-ks,S02,state conformity,state statute,PRESENT,2026-07-16-pit-west-us-ks-chapter-79-article-32,us-ks/statute/79-3228,no,"statute body ('Penalties and interest', 7027 chars): 'ate prescribed and determined for the applicable period under section 6621 of the federal internal revenue code as in effect on January 1, 1994, upon making a record of the reasons'",Internal Revenue Code conformity date (static or rolling) as defined in the chapter,yes (3 income-tax files)
us-ks,S03,state,state statute,PRESENT,2026-07-16-pit-west-us-ks-chapter-79-article-32,us-ks/statute/79-3295,no,"statute body ('Withholding tax; definitions', 3394 chars): 'any formed under the laws of the state of Kansas, or from a partnership. (e) The term ""nonresident"" means an individual domiciled outside of this state and an entity whose commerci'","Resident, nonresident and part-year resident definitions (domicile, statutory residence day count)",yes (3 income-tax files)
us-ks,S04,state conformity,state statute,PRESENT,2026-07-16-pit-west-us-ks-chapter-79-article-32,us-ks/statute/79-32-119,"yes (income/rates, rates)","statute body ('Kansas standard deduction of an individual', 1748 chars): 'fter, the additional standard deduction amount shall be as follows: Single individual and head of household filing status, $850; and married filing status, $700. (c) (1) For tax ye'","Filing statuses and joint/separate return rules (married joint, separate, head of household, surviving spouse)",yes (3 income-tax files)
us-ks,S05,state conformity,state statute,PRESENT,2026-07-16-pit-west-us-ks-chapter-79-article-32,us-ks/statute/79-32-117,yes (income/agi),"statute body ('Kansas adjusted gross income of an individual; addition and ', 30983 chars): '(a) The Kansas adjusted gross income of an individual means such individual's federal adjusted gross income for the taxable year, with the modifications specified in this section. '","Starting point: state gross/adjusted gross/taxable income defined from federal AGI, federal taxable income, or own gross income",yes (3 income-tax files)
us-ks,S06,state,state statute,PRESENT,2026-07-16-pit-west-us-ks-chapter-79-article-32,us-ks/statute/79-32-107,"yes (income/rates, rates)","statute body ('Penalties and interest for noncompliance, exception to penal', 7853 chars): 'the case of individuals referred to in K.S.A. 79-32,102 (b), and amendments thereto, and 90%, in the case of all other individuals, of the tax for the taxable year computed by plac'","Rate schedule: bracket thresholds and marginal rates, or the flat rate (statute)",yes (3 income-tax files)
us-ks,S07,state,state statute,N/A,,,"yes (income/rates, rates)","N/A: brackets/deductions are not indexed by statute (analyst knowledge, verify)","Bracket / deduction / exemption indexing rule (inflation adjustment method, base year, rounding)",yes (3 income-tax files)
us-ks,S08,state,state statute,PRESENT,2026-07-16-pit-west-us-ks-chapter-79-article-32,us-ks/statute/79-32-119,"yes (deductions/standard, income/deductions, income/deductions/standard)","statute body ('Kansas standard deduction of an individual', 1748 chars): 'nternal revenue code. (b) For tax year 1998, and all tax years thereafter, the additional standard deduction amount shall be as follows: Single individual and head of household fil'",Standard deduction amount(s) by filing status (statute),yes (3 income-tax files)
us-ks,S09,state conformity,state statute,PRESENT,2026-07-16-pit-west-us-ks-chapter-79-article-32,us-ks/statute/79-32-118,yes (income/deductions),"statute body ('Kansas deduction of an individual', 252 chars): 'ansas standard deduction unless such individual elects to deduct such individual's Kansas itemized deductions under the conditions set forth in K.S.A. 79-32,120 , and amendments th'","Itemized deductions: state treatment (federal itemized with modifications, SALT/mortgage limits, own list, or none)",yes (3 income-tax files)
us-ks,S10,state,state statute,PRESENT,2026-07-16-pit-west-us-ks-chapter-79-article-32,us-ks/statute/79-32-121,"yes (exemptions, income/exemptions)","statute body ('Kansas personal exemptions. [See Revisor's Note]', 1976 chars): '(a) For tax year 2025, and all tax years thereafter, a taxpayer shall be allowed a Kansas exemption as follows: (1) In the case of married individuals filing a joint return, a pers'",Personal exemption amount or personal exemption credit (taxpayer and spouse),yes (3 income-tax files)
us-ks,S11,state,state statute,PRESENT,2026-07-16-pit-west-us-ks-chapter-79-article-32,us-ks/statute/79-32-121,"yes (exemptions, income/exemptions)","statute body ('Kansas personal exemptions. [See Revisor's Note]', 1976 chars): 'g status of single, head of household or married filing separate, a personal exemption of $9,160; (3) in addition to the amount allowed pursuant to paragraph (1) or (2), a personal'",Dependent exemption or dependent credit amount,yes (3 income-tax files)
us-ks,S12,state,state statute,EXTRACTABLE,,,"yes (exemptions, income/exemptions)","no selected statute body for this state carries it (selected statute scopes: 2026-07-16-pit-west-us-ks-chapter-79-article-32, 2026-07-24-ks-resident-income-tax-core; income-tax chapter rows: 467); the state code is posted by the state code publisher (legislature/revisor site; see queue candidate_sources)",Additional deduction/exemption/credit for age 65 or over and for blindness,yes (3 income-tax files)
us-ks,S13,state,state statute,PRESENT,2026-07-16-pit-west-us-ks-chapter-79-article-32,us-ks/statute/79-32-117,no,"statute body ('Kansas adjusted gross income of an individual; addition and ', 30983 chars): 'vision obligations, to the extent that the same is not included in federal adjusted gross income, on obligations of any state or political subdivision thereof, but to the extent th'",Addition: interest on obligations of other states and their subdivisions,yes (3 income-tax files)
us-ks,S14,state,state statute,EXTRACTABLE,,,"yes (income/agi/subtractions, income/deductions)","no selected statute body for this state carries it (selected statute scopes: 2026-07-16-pit-west-us-ks-chapter-79-article-32, 2026-07-24-ks-resident-income-tax-core; income-tax chapter rows: 467); the state code is posted by the state code publisher (legislature/revisor site; see queue candidate_sources)",Subtraction: interest on United States obligations,yes (3 income-tax files)
us-ks,S15,state,state statute,PRESENT,2026-07-16-pit-west-us-ks-chapter-79-article-32,us-ks/statute/79-3221,no,"statute body ('Returns; form, place and time of filing; identifying number,', 9271 chars): 'spouse, and all dependents of such individual for purposes of section 205(c)(2)(A) of the social security act shall be used as the identifying number and included on the return whe'",Social Security benefits: full exclusion or the partial-taxation rule and its thresholds,yes (3 income-tax files)
us-ks,S16,state,state statute,EXTRACTABLE,,,no,"no selected statute body for this state carries it (selected statute scopes: 2026-07-16-pit-west-us-ks-chapter-79-article-32, 2026-07-24-ks-resident-income-tax-core; income-tax chapter rows: 467); the state code is posted by the state code publisher (legislature/revisor site; see queue candidate_sources)","Pension and retirement income exclusion (amounts, age conditions, public vs private)",yes (3 income-tax files)
us-ks,S17,state,state statute,PRESENT,2026-07-16-pit-west-us-ks-chapter-79-article-32,us-ks/statute/79-32-121,no,"statute body ('Kansas personal exemptions. [See Revisor's Note]', 1976 chars): 'any individual who has been honorably discharged from active service in any branch of the armed forces of the United States and who is certified by the United States department of '",Military pay and military retirement subtraction,yes (3 income-tax files)
us-ks,S18,state,state statute,N/A,,,no,"N/A: capital gains taxed as ordinary income with no state exclusion (analyst knowledge, verify)","Capital gains: exclusion, deduction, or separate rate (where the state departs from ordinary treatment)",yes (3 income-tax files)
us-ks,S19,state,state statute,PRESENT,2026-07-16-pit-west-us-ks-chapter-79-article-32,us-ks/statute/79-32-205,no,"statute body ('Earned income tax credit', 728 chars): 'ity of a resident individual imposed under the Kansas income tax act an amount equal to 18% for tax years 2010 through 2012, and an amount equal to 17% for tax year 2013, and all t'","State EITC: percentage of the federal credit or own schedule, and refundability",yes (3 income-tax files)
us-ks,S20,state,state statute,PRESENT,2026-07-16-pit-west-us-ks-chapter-79-article-32,us-ks/statute/79-32-205,no,"eligibility read from the EITC section; no deviation text (ITIN/age/childless) matched, so the state appears to follow federal eligibility (verify)","State EITC deviations from federal eligibility (ITIN filers, age 18-24, childless amount, non-custodial), read from the EITC section",yes (3 income-tax files)
us-ks,S21,state,state statute,N/A,,,no,"N/A: no state child credit/child deduction in TY2025 law (analyst knowledge, verify)",State child tax credit / dependent credit / young child credit amount,yes (3 income-tax files)
us-ks,S22,state,state statute,N/A,,,no,"N/A: no state child credit/child deduction in TY2025 law (analyst knowledge, verify)",State child credit phase-out / income limit and refundability,yes (3 income-tax files)
us-ks,S23,state,state statute,EXTRACTABLE,,,no,"no selected statute body for this state carries it (selected statute scopes: 2026-07-16-pit-west-us-ks-chapter-79-article-32, 2026-07-24-ks-resident-income-tax-core; income-tax chapter rows: 467); the state code is posted by the state code publisher (legislature/revisor site; see queue candidate_sources)",Child and dependent care credit: percentage of the federal credit or own schedule,yes (3 income-tax files)
us-ks,S24,state,state statute,PRESENT,2026-07-16-pit-west-us-ks-chapter-79-article-32,us-ks/statute/79-32-111,no,"statute body ('Credits against tax', 2239 chars): '(a) The amount of income tax paid to another state by a resident individual, resident estate or resident trust on income derived from source'","Credit for income taxes paid to other states (resident credit, limitation)",yes (3 income-tax files)
us-ks,S25,state,state statute,EXTRACTABLE,,,"yes (credits, income/credits)","no selected statute body for this state carries it (selected statute scopes: 2026-07-16-pit-west-us-ks-chapter-79-article-32, 2026-07-24-ks-resident-income-tax-core; income-tax chapter rows: 467); the state code is posted by the state code publisher (legislature/revisor site; see queue candidate_sources)","Low-income credit, no-tax floor, or low-income exclusion (poverty-level relief)",yes (3 income-tax files)
us-ks,S26,state,state statute,EXTRACTABLE,,,no,"no selected statute body for this state carries it (selected statute scopes: 2026-07-16-pit-west-us-ks-chapter-79-article-32, 2026-07-24-ks-resident-income-tax-core; income-tax chapter rows: 467); the state code is posted by the state code publisher (legislature/revisor site; see queue candidate_sources)","Property tax circuit breaker, renter or homestead credit claimed on the income tax return",yes (3 income-tax files)
us-ks,S27,state,state statute,PRESENT,2026-07-16-pit-west-us-ks-chapter-79-article-32,us-ks/statute/79-32-202a,"yes (credits, income/credits)","statute body ('Tax credit for adoption expenses', 2871 chars): 'on; (B) in addition to subsection (a)(1)(A), 25% of the amount of such federal income tax credit, if the child adopted by the taxpayer was a resident of Kansas prior to such lawful'","Other personal credits enumerated in the credits article (education, adoption, charitable, long-term care, elderly, volunteer, etc.)",yes (3 income-tax files)
us-ks,S28,state,state statute,N/A,,,no,"N/A: no state AMT (analyst knowledge, verify)","State alternative minimum tax (rate, exemption, AMTI base) where enacted",yes (3 income-tax files)
us-ks,S29,state,state statute or bulletin,N/A,,,no,"N/A: no surtax or special individual income tax (analyst knowledge, verify)","Surtax or special individual tax (millionaire surtax, mental health tax, capital gains excise, interest and dividends tax, high-earner tax) where enacted, incl. the year's threshold",yes (3 income-tax files)
us-ks,S30,state,state statute,PRESENT,2026-07-16-pit-west-us-ks-chapter-79-article-32,us-ks/statute/79-32-136,no,"statute body ('Kansas taxable income of a nonresident estate or trust', 1320 chars): 'The Kansas taxable income of a nonresident estate or trust shall be determined as follows: (a) There shall be determined its share of income, gain, loss, deduction, and credit from'","Nonresident and part-year resident sourcing and apportionment (income from sources within the state, proration)",yes (3 income-tax files)
us-ks,S31,state,state statute,PRESENT,2026-07-16-pit-west-us-ks-chapter-79-article-32,us-ks/statute/79-32-100b,no,"statute body ('Same; liability of employer or payer for payment; employee a', 1045 chars): '(a) Every employer, payer, person or organization required to deduct and withhold tax from wages of an employee, payments other than wages of a payee or from a distributio'",Employer withholding requirement and withholding tables/formula,yes (3 income-tax files)
us-ks,S32,state,state statute,PRESENT,2026-07-16-pit-west-us-ks-chapter-79-article-32,us-ks/statute/79-32-101,no,"statute body ('Declaration of estimated tax, when; procedure', 1849 chars): '(a) At the time prescribed in this section: (1) Every individual shall pay estimated tax who can reasonably expect to owe, after withholding and credits, tax of at least $500 and w'","Individual estimated tax requirement, safe harbor and underpayment interest",yes (3 income-tax files)
us-ks,S33,state,state statute,PRESENT,2026-07-16-pit-west-us-ks-chapter-79-article-32,us-ks/statute/79-3298,no,"statute body ('Withholding tax from wages; employers' return filing require', 4317 chars): 'gainst the liability for a subsequent withholding period. (e) For purposes of determining filing requirements, determinations of amounts withheld during a calendar year by employer'","Filing threshold: who must file a return (income floor, exemption-based, gross income test)",yes (3 income-tax files)
us-ks,S34,state,state statute,PRESENT,2026-07-16-pit-west-us-ks-chapter-79-article-32,us-ks/statute/79-32-102,no,"statute body ('Same; time of filing of certain declarations', 1846 chars): 'neither farmers nor fishermen for the purpose of that section shall be filed on or before April 15 of the taxable year except that if the requirements of K.S.A. 79-32,101 are first'","Return due date, extensions, joint return liability and innocent spouse",yes (3 income-tax files)
us-ks,S35,state,state statute,N/A,,,no,"N/A: no local income tax authorized by the state code (analyst knowledge, verify)","Local income taxes (county, municipal, school district, city) authorized or imposed by the state code, where they exist",yes (3 income-tax files)
us-ks,R01,state,state regulation,EXTRACTABLE,,,n/a (document carrier; see the rule elements it carries),no selected regulation scope for this state is a revenue-department income tax regulation (the selected regulation scopes are benefit-program rules); the administrative code chapter is posted by the state's code publisher,State income tax regulations: the revenue department's administrative code chapter on the individual income tax,yes (3 income-tax files)
us-ks,F01,state,state form instructions and rate schedules,EXTRACTABLE,,,n/a (document carrier; see the rule elements it carries),no TY2025 resident return form in any selected form scope (form documents present: none); queue row 'done' points at guidance/2026-07-21-ks-k40es-2026; publisher forms index: state revenue department forms page,Tax year 2025 resident individual income tax return form,yes (3 income-tax files)
us-ks,F02,state,state form instructions and rate schedules,EXTRACTABLE,,,n/a (document carrier; see the rule elements it carries),no TY2025 resident instruction booklet in any selected form scope (form documents present: none); queue row 'done' points at guidance/2026-07-21-ks-k40es-2026; publisher forms index: state revenue department forms page,"Tax year 2025 resident return instruction booklet (line-by-line rules, worksheets)",yes (3 income-tax files)
us-ks,F03,state,state form instructions and rate schedules,EXTRACTABLE,,,"yes (income/rates, rates)",no TY2025 rate schedule/tax table/flat-rate body in the selection (form bodies: 0); publisher forms index revenue department forms page,"Tax year 2025 rate schedule, tax table or flat rate with the year's dollar thresholds (as printed)",yes (3 income-tax files)
us-ks,F04,state,state form instructions and rate schedules,EXTRACTABLE,,,"yes (deductions/standard, income/deductions, income/deductions/standard)",no TY2025 instruction body carrying the printed standard deduction/exemption amounts in the selection; publisher forms index revenue department forms page,Tax year 2025 standard deduction and exemption dollar amounts as printed in the instructions,yes (3 income-tax files)
us-ks,F05,state,state form instructions and rate schedules,EXTRACTABLE,,,no,no TY2025 instruction body carrying the state EITC/child credit parameters in the selection; publisher forms index revenue department forms page,"Tax year 2025 state EITC / child credit parameters as printed in the instructions (percentage of federal, amounts, worksheets)",yes (3 income-tax files)
us-ks,F06,state,state department bulletins,PRESENT,2026-07-21-ks-k40es-2026,us-ks/guidance/department-of-revenue/forms/2026/k-40es/document-1,"yes (income/rates, rates)","guidance body ('Kansas 2026 Individual Estimated Tax (K-40ES) 1', 9544 chars): '..................................................... 3. Exemptions (See instructions for exemption amounts the K-40 instruction booklet) .............................. 4. Total de'","Tax year 2026 indexed amounts (rate schedule, standard deduction, exemptions) as published for the year (estimated-tax instructions or department bulletin)",yes (3 income-tax files)
us-ky,S01,state,state statute,PRESENT,2026-07-22-individual-income-tax,us-ky/statute/krs/141.020/document-1,yes (income/rate),"statute body ('KRS 141.020 — Levy of income tax on individuals 1', 20382 chars): '141.020 Levy of income tax on individuals -- Rate of normal tax -- Reduction -- Tax credits -- Income of nonresidents subject to tax -- Election to pay tax imposed by KRS 141.023. '",Imposition of the individual income tax (or the constitutional/statutory bar for the nine no-tax states),yes (2 income-tax files)
us-ky,S02,state conformity,state statute,EXTRACTABLE,,,no,"no selected statute body for this state carries it (selected statute scopes: 2026-07-13-recovery, 2026-07-22-individual-income-tax; income-tax chapter rows: 8); the state code is posted by the state code publisher (legislature/revisor site; see queue candidate_sources)",Internal Revenue Code conformity date (static or rolling) as defined in the chapter,yes (2 income-tax files)
us-ky,S03,state,state statute,PRESENT,2026-07-22-individual-income-tax,us-ky/statute/krs/141.020/document-1,no,"statute body ('KRS 141.020 — Levy of income tax on individuals 1', 20382 chars): 'ral adjusted gross income of the taxpayer and the taxpayer's spouse. (c) In the case of a part-year resident, the tax credits allowable under this subsection shall be the portion o'","Resident, nonresident and part-year resident definitions (domicile, statutory residence day count)",yes (2 income-tax files)
us-ky,S04,state conformity,state statute,PRESENT,2026-07-22-individual-income-tax,us-ky/statute/krs/141.020/document-1,yes (income/rate),"statute body ('KRS 141.020 — Levy of income tax on individuals 1', 20382 chars): 'ual; 2. a. For taxable years beginning before January 1, 2014, twenty dollars ($20) for a married individual filing a separate return and an additional twenty dollars ($20) for the'","Filing statuses and joint/separate return rules (married joint, separate, head of household, surviving spouse)",yes (2 income-tax files)
us-ky,S05,state conformity,state statute,PRESENT,2026-07-22-individual-income-tax,us-ky/statute/krs/141.020/document-1,no,"statute body ('KRS 141.020 — Levy of income tax on individuals 1', 20382 chars): 'taxpayer's Kentucky adjusted gross income as determined by KRS 141.019 to the total joint federal adjusted gross income of the taxpayer and the taxpayer's spouse. (c) In the case o'","Starting point: state gross/adjusted gross/taxable income defined from federal AGI, federal taxable income, or own gross income",yes (2 income-tax files)
us-ky,S06,state,state statute,PRESENT,2026-07-22-individual-income-tax,us-ky/statute/krs/141.020/document-1,yes (income/rate),"statute body ('KRS 141.020 — Levy of income tax on individuals 1', 20382 chars): 'anuary 1, 2023, but prior to January 1, 2024, the tax shall be four and one-half percent (4.5%) of net income. (e) For taxable years beginning on or after January 1, 2024, but befo'","Rate schedule: bracket thresholds and marginal rates, or the flat rate (statute)",yes (2 income-tax files)
us-ky,S07,state,state statute,N/A,,,yes (income/rate),"N/A: brackets/deductions are not indexed by statute (analyst knowledge, verify)","Bracket / deduction / exemption indexing rule (inflation adjustment method, base year, rounding)",yes (2 income-tax files)
us-ky,S08,state,state statute,PRESENT,2026-07-22-individual-income-tax,us-ky/statute/krs/141.081/document-1,"yes (deductions, deductions/standard, income/deductions)","statute body ('KRS 141.081 — Optional standard deduction for individuals 1', 2796 chars): 'xception. (1) An individual, at his election, may deduct from his adjusted gross income a standard deduction of: (a) Six hundred and fifty dollars ($650) for taxable years beginnin'",Standard deduction amount(s) by filing status (statute),yes (2 income-tax files)
us-ky,S09,state conformity,state statute,EXTRACTABLE,,,"yes (deductions, income/deductions)","no selected statute body for this state carries it (selected statute scopes: 2026-07-13-recovery, 2026-07-22-individual-income-tax; income-tax chapter rows: 8); the state code is posted by the state code publisher (legislature/revisor site; see queue candidate_sources)","Itemized deductions: state treatment (federal itemized with modifications, SALT/mortgage limits, own list, or none)",yes (2 income-tax files)
us-ky,S10,state,state statute,EXTRACTABLE,,,yes (income/credits/personal),"no selected statute body for this state carries it (selected statute scopes: 2026-07-13-recovery, 2026-07-22-individual-income-tax; income-tax chapter rows: 8); the state code is posted by the state code publisher (legislature/revisor site; see queue candidate_sources)",Personal exemption amount or personal exemption credit (taxpayer and spouse),yes (2 income-tax files)
us-ky,S11,state,state statute,PRESENT,2026-07-22-individual-income-tax,us-ky/statute/krs/141.020/document-1,yes (income/credits/personal),"statute body ('KRS 141.020 — Levy of income tax on individuals 1', 20382 chars): 'l Revenue Code; 3. a. For taxable years beginning before January 1, 2014, twenty dollars ($20) credit for each dependent. No credit shall be allowed for any dependent who has made '",Dependent exemption or dependent credit amount,yes (2 income-tax files)
us-ky,S12,state,state statute,EXTRACTABLE,,,yes (income/credits/personal),"no selected statute body for this state carries it (selected statute scopes: 2026-07-13-recovery, 2026-07-22-individual-income-tax; income-tax chapter rows: 8); the state code is posted by the state code publisher (legislature/revisor site; see queue candidate_sources)",Additional deduction/exemption/credit for age 65 or over and for blindness,yes (2 income-tax files)
us-ky,S13,state,state statute,EXTRACTABLE,,,no,"no selected statute body for this state carries it (selected statute scopes: 2026-07-13-recovery, 2026-07-22-individual-income-tax; income-tax chapter rows: 8); the state code is posted by the state code publisher (legislature/revisor site; see queue candidate_sources)",Addition: interest on obligations of other states and their subdivisions,yes (2 income-tax files)
us-ky,S14,state,state statute,EXTRACTABLE,,,"yes (income/deductions, income/exclusions, income/subtractions)","no selected statute body for this state carries it (selected statute scopes: 2026-07-13-recovery, 2026-07-22-individual-income-tax; income-tax chapter rows: 8); the state code is posted by the state code publisher (legislature/revisor site; see queue candidate_sources)",Subtraction: interest on United States obligations,yes (2 income-tax files)
us-ky,S15,state,state statute,EXTRACTABLE,,,no,"no selected statute body for this state carries it (selected statute scopes: 2026-07-13-recovery, 2026-07-22-individual-income-tax; income-tax chapter rows: 8); the state code is posted by the state code publisher (legislature/revisor site; see queue candidate_sources)",Social Security benefits: full exclusion or the partial-taxation rule and its thresholds,yes (2 income-tax files)
us-ky,S16,state,state statute,EXTRACTABLE,,,no,"no selected statute body for this state carries it (selected statute scopes: 2026-07-13-recovery, 2026-07-22-individual-income-tax; income-tax chapter rows: 8); the state code is posted by the state code publisher (legislature/revisor site; see queue candidate_sources)","Pension and retirement income exclusion (amounts, age conditions, public vs private)",yes (2 income-tax files)
us-ky,S17,state,state statute,EXTRACTABLE,,,no,"no selected statute body for this state carries it (selected statute scopes: 2026-07-13-recovery, 2026-07-22-individual-income-tax; income-tax chapter rows: 8); the state code is posted by the state code publisher (legislature/revisor site; see queue candidate_sources)",Military pay and military retirement subtraction,yes (2 income-tax files)
us-ky,S18,state,state statute,N/A,,,no,"N/A: capital gains taxed as ordinary income with no state exclusion (analyst knowledge, verify)","Capital gains: exclusion, deduction, or separate rate (where the state departs from ordinary treatment)",yes (2 income-tax files)
us-ky,S19,state,state statute,N/A,,,no,"N/A: no state EITC in TY2025 law (analyst knowledge, verify)","State EITC: percentage of the federal credit or own schedule, and refundability",yes (2 income-tax files)
us-ky,S20,state,state statute,N/A,,,no,"N/A: no state EITC in TY2025 law (analyst knowledge, verify)","State EITC deviations from federal eligibility (ITIN filers, age 18-24, childless amount, non-custodial), read from the EITC section",yes (2 income-tax files)
us-ky,S21,state,state statute,N/A,,,no,"N/A: no state child credit/child deduction in TY2025 law (analyst knowledge, verify)",State child tax credit / dependent credit / young child credit amount,yes (2 income-tax files)
us-ky,S22,state,state statute,N/A,,,no,"N/A: no state child credit/child deduction in TY2025 law (analyst knowledge, verify)",State child credit phase-out / income limit and refundability,yes (2 income-tax files)
us-ky,S23,state,state statute,EXTRACTABLE,,,no,"no selected statute body for this state carries it (selected statute scopes: 2026-07-13-recovery, 2026-07-22-individual-income-tax; income-tax chapter rows: 8); the state code is posted by the state code publisher (legislature/revisor site; see queue candidate_sources)",Child and dependent care credit: percentage of the federal credit or own schedule,yes (2 income-tax files)
us-ky,S24,state,state statute,EXTRACTABLE,,,no,"no selected statute body for this state carries it (selected statute scopes: 2026-07-13-recovery, 2026-07-22-individual-income-tax; income-tax chapter rows: 8); the state code is posted by the state code publisher (legislature/revisor site; see queue candidate_sources)","Credit for income taxes paid to other states (resident credit, limitation)",yes (2 income-tax files)
us-ky,S25,state,state statute,EXTRACTABLE,,,"yes (credits, income/credits)","no selected statute body for this state carries it (selected statute scopes: 2026-07-13-recovery, 2026-07-22-individual-income-tax; income-tax chapter rows: 8); the state code is posted by the state code publisher (legislature/revisor site; see queue candidate_sources)","Low-income credit, no-tax floor, or low-income exclusion (poverty-level relief)",yes (2 income-tax files)
us-ky,S26,state,state statute,N/A,,,no,"N/A: no property-tax circuit breaker or renter credit on the income tax return (analyst knowledge, verify)","Property tax circuit breaker, renter or homestead credit claimed on the income tax return",yes (2 income-tax files)
us-ky,S27,state,state statute,EXTRACTABLE,,,"yes (credits, income/credits)","no selected statute body for this state carries it (selected statute scopes: 2026-07-13-recovery, 2026-07-22-individual-income-tax; income-tax chapter rows: 8); the state code is posted by the state code publisher (legislature/revisor site; see queue candidate_sources)","Other personal credits enumerated in the credits article (education, adoption, charitable, long-term care, elderly, volunteer, etc.)",yes (2 income-tax files)
us-ky,S28,state,state statute,N/A,,,no,"N/A: no state AMT (analyst knowledge, verify)","State alternative minimum tax (rate, exemption, AMTI base) where enacted",yes (2 income-tax files)
us-ky,S29,state,state statute or bulletin,N/A,,,no,"N/A: no surtax or special individual income tax (analyst knowledge, verify)","Surtax or special individual tax (millionaire surtax, mental health tax, capital gains excise, interest and dividends tax, high-earner tax) where enacted, incl. the year's threshold",yes (2 income-tax files)
us-ky,S30,state,state statute,PRESENT,2026-07-22-individual-income-tax,us-ky/statute/krs/141.020/document-1,no,"statute body ('KRS 141.020 — Levy of income tax on individuals 1', 20382 chars): 'ral adjusted gross income of the taxpayer and the taxpayer's spouse. (c) In the case of a part-year resident, the tax credits allowable under this subsection shall be the portion o'","Nonresident and part-year resident sourcing and apportionment (income from sources within the state, proration)",yes (2 income-tax files)
us-ky,S31,state,state statute,EXTRACTABLE,,,no,"no selected statute body for this state carries it (selected statute scopes: 2026-07-13-recovery, 2026-07-22-individual-income-tax; income-tax chapter rows: 8); the state code is posted by the state code publisher (legislature/revisor site; see queue candidate_sources)",Employer withholding requirement and withholding tables/formula,yes (2 income-tax files)
us-ky,S32,state,state statute,EXTRACTABLE,2026-740-es,us-ky/form/individual-income-tax/2026/740-es/document-1,no,"only a form body carries it; the enabling statute section is not in any selected statute scope (2026-07-13-recovery, 2026-07-22-individual-income-tax); form body ('2026 Instructions for Filing Estimated Tax Vouchers 1', 11671 chars): '6 Form 740 or Form 740–NP by March 1, 2027, and pay the total tax due. In this case, 2026 estimated tax payments aren’t required to avoid a penalty. 2026 42A740-S4 (9-25) Commonwea'; posted by the state code publisher (legislature/revisor site; see queue candidate_sources)","Individual estimated tax requirement, safe harbor and underpayment interest",yes (2 income-tax files)
us-ky,S33,state,state statute,EXTRACTABLE,,,no,"no selected statute body for this state carries it (selected statute scopes: 2026-07-13-recovery, 2026-07-22-individual-income-tax; income-tax chapter rows: 8); the state code is posted by the state code publisher (legislature/revisor site; see queue candidate_sources)","Filing threshold: who must file a return (income floor, exemption-based, gross income test)",yes (2 income-tax files)
us-ky,S34,state,state statute,EXTRACTABLE,2026-740-es,us-ky/form/individual-income-tax/2026/740-es/document-1,no,"only a form body carries it; the enabling statute section is not in any selected statute scope (2026-07-13-recovery, 2026-07-22-individual-income-tax); form body ('2026 Instructions for Filing Estimated Tax Vouchers 1', 11671 chars): 'le due date, or they may pay in installments. Installments for calendar year 2026 are due April 15, June 15, September 15, 2026, and January 15, 2027. Any credit from a 2025 income'; posted by the state code publisher (legislature/revisor site; see queue candidate_sources)","Return due date, extensions, joint return liability and innocent spouse",yes (2 income-tax files)
us-ky,S35,state,state statute,EXTRACTABLE,,,yes (gov/local/ky),"no selected statute body for this state carries it (selected statute scopes: 2026-07-13-recovery, 2026-07-22-individual-income-tax; income-tax chapter rows: 8); the state code is posted by the state code publisher (legislature/revisor site; see queue candidate_sources)","Local income taxes (county, municipal, school district, city) authorized or imposed by the state code, where they exist",yes (2 income-tax files)
us-ky,R01,state,state regulation,EXTRACTABLE,,,n/a (document carrier; see the rule elements it carries),no selected regulation scope for this state is a revenue-department income tax regulation (the selected regulation scopes are benefit-program rules); the administrative code chapter is posted by the state's code publisher,State income tax regulations: the revenue department's administrative code chapter on the individual income tax,yes (2 income-tax files)
us-ky,F01,state,state form instructions and rate schedules,EXTRACTABLE,,,n/a (document carrier; see the rule elements it carries),no TY2025 resident return form in any selected form scope (form documents present: 2026 Instructions for Filing Estimated Tax Voucher); queue row 'done' points at form/2026-740-es; publisher forms index: state revenue department forms page,Tax year 2025 resident individual income tax return form,yes (2 income-tax files)
us-ky,F02,state,state form instructions and rate schedules,EXTRACTABLE,,,n/a (document carrier; see the rule elements it carries),no TY2025 resident instruction booklet in any selected form scope (form documents present: 2026 Instructions for Filing Estimated Tax Voucher); queue row 'done' points at form/2026-740-es; publisher forms index: state revenue department forms page,"Tax year 2025 resident return instruction booklet (line-by-line rules, worksheets)",yes (2 income-tax files)
us-ky,F03,state,state form instructions and rate schedules,EXTRACTABLE,,,yes (income/rate),no TY2025 rate schedule/tax table/flat-rate body in the selection (form bodies: 2); publisher forms index revenue department forms page,"Tax year 2025 rate schedule, tax table or flat rate with the year's dollar thresholds (as printed)",yes (2 income-tax files)
us-ky,F04,state,state form instructions and rate schedules,EXTRACTABLE,,,"yes (deductions, deductions/standard, income/deductions)",no TY2025 instruction body carrying the printed standard deduction/exemption amounts in the selection; publisher forms index revenue department forms page,Tax year 2025 standard deduction and exemption dollar amounts as printed in the instructions,yes (2 income-tax files)
us-ky,F05,state,state form instructions and rate schedules,N/A,,,no,"N/A: no state EITC or child credit in TY2025 law (analyst knowledge, verify)","Tax year 2025 state EITC / child credit parameters as printed in the instructions (percentage of federal, amounts, worksheets)",yes (2 income-tax files)
us-ky,F06,state,state department bulletins,PRESENT,2026-740-es,us-ky/form/individual-income-tax/2026/740-es/document-1,yes (income/rate),"form body ('2026 Instructions for Filing Estimated Tax Vouchers 1', 11671 chars): 'Page 1 of 3 INSTRUCTIONS FOR FILING ESTIMATED TAX VOUCHERS WHAT’S NEW FOR 2026—The standard deduction will increase to $3,360.00 for 2026. Individuals, estates, or trusts who elect'","Tax year 2026 indexed amounts (rate schedule, standard deduction, exemptions) as published for the year (estimated-tax instructions or department bulletin)",yes (2 income-tax files)
us-la,S01,state,state statute,PRESENT,2026-07-22-la-title-47-official-current-us-la-title-47,us-la/statute/47:32,yes (income/main),"statute body ('Rates of tax', 427 chars): 'A. On individuals. The tax to be assessed, levied, collected, and paid upon the taxable income of an individual shall be computed at the rate of three percent on net income. B. Rep'",Imposition of the individual income tax (or the constitutional/statutory bar for the nine no-tax states),yes (2 income-tax files)
us-la,S02,state conformity,state statute,PRESENT,2026-07-22-la-title-47-official-current-us-la-title-47,us-la/statute/47:201.2,no,"statute body ('Reporting adjustments to federal taxable income and federal ', 24134 chars): 'tly, or through another indirect partner, in a partnership or pass-through entity. (13) ""Internal Revenue Code"" means the Internal Revenue Code of 1986, as amended, and applicable '",Internal Revenue Code conformity date (static or rolling) as defined in the chapter,yes (2 income-tax files)
us-la,S03,state,state statute,PRESENT,2026-07-22-la-title-47-official-current-us-la-title-47,us-la/statute/47:53.5,no,"statute body ('Exclusions from gross income; compensation for disaster serv', 6116 chars): 'iod authorized by the designated state official, agency, or local government. (5)(a) ""Nonresident business"" means a business entity whose services are requested by a registered bus'","Resident, nonresident and part-year resident definitions (domicile, statutory residence day count)",yes (2 income-tax files)
us-la,S04,state conformity,state statute,PRESENT,2026-07-22-la-title-47-official-current-us-la-title-47,us-la/statute/47:294,yes (income/main),"statute body ('Standard deduction', 1467 chars): '0 (2) Married-Joint Return, a Qualified Surviving 200% of the dollar amount Spouse, and Head of Household provided for Single Individuals B. Beginning January 1, 2026, and thereaft'","Filing statuses and joint/separate return rules (married joint, separate, head of household, surviving spouse)",yes (2 income-tax files)
us-la,S05,state conformity,state statute,PRESENT,2026-07-22-la-title-47-official-current-us-la-title-47,us-la/statute/47:201.2,yes (income/main),"statute body ('Reporting adjustments to federal taxable income and federal ', 24134 chars): 'ect amount reportable pursuant to the Internal Revenue Code for federal taxable income or federal adjusted gross income purposes. J. The department may provide by rule for similar '","Starting point: state gross/adjusted gross/taxable income defined from federal AGI, federal taxable income, or own gross income",yes (2 income-tax files)
us-la,S06,state,state statute,PRESENT,2026-07-22-la-title-47-official-current-us-la-title-47,us-la/statute/47:32,yes (income/main),"statute body ('Rates of tax', 427 chars): 'ected, and paid upon the taxable income of an individual shall be computed at the rate of three percent on net income. B. Repealed by Acts 2024, 3rd Ex. Sess., No. 11, §4, eff. Dec'","Rate schedule: bracket thresholds and marginal rates, or the flat rate (statute)",yes (2 income-tax files)
us-la,S07,state,state statute,N/A,,,yes (income/main),"N/A: brackets/deductions are not indexed by statute (analyst knowledge, verify)","Bracket / deduction / exemption indexing rule (inflation adjustment method, base year, rounding)",yes (2 income-tax files)
us-la,S08,state,state statute,PRESENT,2026-07-22-la-title-47-official-current-us-la-title-47,us-la/statute/47:68,"yes (deductions/standard, income/deductions, income/deductions/standard)","statute body ('Deductions from gross income; optional standard deduction', 5293 chars): 'e shall be allowed as a deduction from gross income, at the election of the individual, a standard deduction equal to 10% of the adjusted gross income, as defined herein, or $1,000'",Standard deduction amount(s) by filing status (statute),yes (2 income-tax files)
us-la,S09,state conformity,state statute,PRESENT,2026-07-22-la-title-47-official-current-us-la-title-47,us-la/statute/47:293.1,"yes (deductions/itemized, income/deductions, income/deductions/itemized)","statute body ('Deduction for federal income tax for Hurricane Ida', 505 chars): 'decreased as a result of claiming the increased federal standard deduction or the federal itemized deduction for certain net disaster losses attributable to Hurricane Ida. Acts 202'","Itemized deductions: state treatment (federal itemized with modifications, SALT/mortgage limits, own list, or none)",yes (2 income-tax files)
us-la,S10,state,state statute,N/A,,,"yes (exemptions, income/exemptions)","N/A: no separate personal/dependent exemption or exemption credit (federal taxable income start) (analyst knowledge, verify)",Personal exemption amount or personal exemption credit (taxpayer and spouse),yes (2 income-tax files)
us-la,S11,state,state statute,N/A,,,"yes (exemptions, income/exemptions)","N/A: no separate personal/dependent exemption or exemption credit (federal taxable income start) (analyst knowledge, verify)",Dependent exemption or dependent credit amount,yes (2 income-tax files)
us-la,S12,state,state statute,EXTRACTABLE,,,"yes (exemptions, income/exemptions)",no selected statute body for this state carries it (selected statute scopes: 2026-07-22-la-title-47-official-current-us-la-title-47; income-tax chapter rows: 509); the state code is posted by the state code publisher (legislature/revisor site; see queue candidate_sources),Additional deduction/exemption/credit for age 65 or over and for blindness,yes (2 income-tax files)
us-la,S13,state,state statute,PRESENT,2026-07-22-la-title-47-official-current-us-la-title-47,us-la/statute/47:224,no,"statute body ('Insurance companies other than life or mutual', 4376 chars): 'unt received as dividends from corporations as provided in R.S. 47:63; (8) The amount of interest earned during the taxable year upon obligations of a state, territory, or any poli'",Addition: interest on obligations of other states and their subdivisions,yes (2 income-tax files)
us-la,S14,state,state statute,EXTRACTABLE,,,"yes (income/deductions, income/exempt_income)",no selected statute body for this state carries it (selected statute scopes: 2026-07-22-la-title-47-official-current-us-la-title-47; income-tax chapter rows: 509); the state code is posted by the state code publisher (legislature/revisor site; see queue candidate_sources),Subtraction: interest on United States obligations,yes (2 income-tax files)
us-la,S15,state,state statute,EXTRACTABLE,,,yes (retirement),no selected statute body for this state carries it (selected statute scopes: 2026-07-22-la-title-47-official-current-us-la-title-47; income-tax chapter rows: 509); the state code is posted by the state code publisher (legislature/revisor site; see queue candidate_sources),Social Security benefits: full exclusion or the partial-taxation rule and its thresholds,yes (2 income-tax files)
us-la,S16,state,state statute,PRESENT,2026-07-22-la-title-47-official-current-us-la-title-47,us-la/statute/47:44,yes (retirement),"statute body ('Exclusion from gross income; portion of amounts received as ', 9724 chars): 'ccount only the aggregate amount received under the contract by the transferee before the annuity starting date, to the extent that such amount was excludable from gross income und'","Pension and retirement income exclusion (amounts, age conditions, public vs private)",yes (2 income-tax files)
us-la,S17,state,state statute,PRESENT,2026-07-22-la-title-47-official-current-us-la-title-47,us-la/statute/47:293,no,"statute body ('Definitions', 17318 chars): 're January 1, 2022, in the case of an individual who is on active duty as a member of the armed forces of the United States, which full-time duty is or will be continuous and unint'",Military pay and military retirement subtraction,yes (2 income-tax files)
us-la,S18,state,state statute,N/A,,,no,"N/A: capital gains taxed as ordinary income with no state exclusion (analyst knowledge, verify)","Capital gains: exclusion, deduction, or separate rate (where the state departs from ordinary treatment)",yes (2 income-tax files)
us-la,S19,state,state statute,PRESENT,2026-07-22-la-title-47-official-current-us-la-title-47,us-la/statute/47:297.8,"yes (credits/eitc, income/credits/eitc)","statute body ('Earned income tax credit', 1068 chars): 's Chapter for individuals in an amount equal to three and one-half percent of the federal earned income tax credit for which the individual is eligible for the taxable year pursuan'","State EITC: percentage of the federal credit or own schedule, and refundability",yes (2 income-tax files)
us-la,S20,state,state statute,PRESENT,2026-07-22-la-title-47-official-current-us-la-title-47,us-la/statute/47:297.8,"yes (credits/eitc, income/credits/eitc)","eligibility read from the EITC section; no deviation text (ITIN/age/childless) matched, so the state appears to follow federal eligibility (verify)","State EITC deviations from federal eligibility (ITIN filers, age 18-24, childless amount, non-custodial), read from the EITC section",yes (2 income-tax files)
us-la,S21,state,state statute,N/A,,,no,"N/A: no state child credit/child deduction in TY2025 law (analyst knowledge, verify)",State child tax credit / dependent credit / young child credit amount,yes (2 income-tax files)
us-la,S22,state,state statute,N/A,,,no,"N/A: no state child credit/child deduction in TY2025 law (analyst knowledge, verify)",State child credit phase-out / income limit and refundability,yes (2 income-tax files)
us-la,S23,state,state statute,PRESENT,2026-07-22-la-title-47-official-current-us-la-title-47,us-la/statute/47:6106,yes (income/credits/cdcc),"statute body ('Credit for child care directors and staff', 2109 chars): 'ns, but shall be adjusted for inflation as provided for in Subsection C of this Section: Child Care Director and Child Tax Care Staff Qualification Credit Level Four Director or Le'",Child and dependent care credit: percentage of the federal credit or own schedule,yes (2 income-tax files)
us-la,S24,state,state statute,PRESENT,2026-07-22-la-title-47-official-current-us-la-title-47,us-la/statute/47:33,no,"statute body ('Credit for taxes paid in other states', 4150 chars): 'iduals shall be allowed a credit against the taxes imposed by this Chapter for net income taxes imposed by and paid to another state on income taxable under this Chapter, provided '","Credit for income taxes paid to other states (resident credit, limitation)",yes (2 income-tax files)
us-la,S25,state,state statute,N/A,,,"yes (credits, income/credits)","N/A: no low-income credit/no-tax floor (analyst knowledge, verify)","Low-income credit, no-tax floor, or low-income exclusion (poverty-level relief)",yes (2 income-tax files)
us-la,S26,state,state statute,N/A,,,no,"N/A: no property-tax circuit breaker or renter credit on the income tax return (analyst knowledge, verify)","Property tax circuit breaker, renter or homestead credit claimed on the income tax return",yes (2 income-tax files)
us-la,S27,state,state statute,PRESENT,2026-07-22-la-title-47-official-current-us-la-title-47,us-la/statute/47:297.23,"yes (credits, income/credits)","statute body ('Tax credit; adoption', 1889 chars): 'is unrelated to the taxpayer and who is no more than two years of age. The amount of the credit shall be equal to five thousand dollars and shall be claimed in the year in which ad'","Other personal credits enumerated in the credits article (education, adoption, charitable, long-term care, elderly, volunteer, etc.)",yes (2 income-tax files)
us-la,S28,state,state statute,N/A,,,no,"N/A: no state AMT (analyst knowledge, verify)","State alternative minimum tax (rate, exemption, AMTI base) where enacted",yes (2 income-tax files)
us-la,S29,state,state statute or bulletin,N/A,,,no,"N/A: no surtax or special individual income tax (analyst knowledge, verify)","Surtax or special individual tax (millionaire surtax, mental health tax, capital gains excise, interest and dividends tax, high-earner tax) where enacted, incl. the year's threshold",yes (2 income-tax files)
us-la,S30,state,state statute,PRESENT,2026-07-22-la-title-47-official-current-us-la-title-47,us-la/statute/47:31,no,"statute body ('Individuals, corporations, and trusts subject to tax', 1767 chars): 'mining liability for income taxes under this Chapter. (2) Nonresident individuals. Every nonresident shall pay a tax upon such net income as is derived from property located, or fr'","Nonresident and part-year resident sourcing and apportionment (income from sources within the state, proration)",yes (2 income-tax files)
us-la,S31,state,state statute,PRESENT,2026-07-22-la-title-47-official-current-us-la-title-47,us-la/statute/47:112,no,"statute body ('Income tax withheld at source', 19483 chars): 'A. Requirement of withholding. Every employer making payment of wages shall deduct and withhold from such wages a tax in amounts to be provided in withholding tables promulgated by'",Employer withholding requirement and withholding tables/formula,yes (2 income-tax files)
us-la,S32,state,state statute,PRESENT,2026-07-22-la-title-47-official-current-us-la-title-47,us-la/statute/47:116,no,"statute body ('Declarations of estimated income tax by individuals', 3097 chars): 'uisiana income tax liability can reasonably be expected to exceed two hundred dollars for declarations of estimated tax for income tax years starting prior to January 1, 2001, and '","Individual estimated tax requirement, safe harbor and underpayment interest",yes (2 income-tax files)
us-la,S33,state,state statute,PRESENT,2026-07-22-la-title-47-official-current-us-la-title-47,us-la/statute/47:102,no,"statute body ('Corporation returns', 1192 chars): 'Every corporation subject to taxation under this Chapter shall make a return, stating, specifically, the items of its gross income and the deductions and credits allowed under this'","Filing threshold: who must file a return (income floor, exemption-based, gross income test)",yes (2 income-tax files)
us-la,S34,state,state statute,PRESENT,2026-07-22-la-title-47-official-current-us-la-title-47,us-la/statute/47:117,no,"statute body ('Time for filing declarations of estimated income tax by indi', 1681 chars): 'duals not regarded as farmers for the purpose of that section shall be filed on or before April 15 of the taxable year, except that if the requirements of R.S. 47:116 are first met'","Return due date, extensions, joint return liability and innocent spouse",yes (2 income-tax files)
us-la,S35,state,state statute,N/A,,,no,"N/A: no local income tax authorized by the state code (analyst knowledge, verify)","Local income taxes (county, municipal, school district, city) authorized or imposed by the state code, where they exist",yes (2 income-tax files)
us-la,R01,state,state regulation,EXTRACTABLE,,,n/a (document carrier; see the rule elements it carries),no selected regulation scope for this state is a revenue-department income tax regulation (the selected regulation scopes are benefit-program rules); the administrative code chapter is posted by the state's code publisher,State income tax regulations: the revenue department's administrative code chapter on the individual income tax,yes (2 income-tax files)
us-la,F01,state,state form instructions and rate schedules,EXTRACTABLE,,,n/a (document carrier; see the rule elements it carries),no TY2025 resident return form in any selected form scope (form documents present: 2026 Declaration of Estimated Tax for Individuals ); queue row 'done' points at form/2026-07-23-la-2026-it-540es-instructions; publisher forms index: state revenue department forms page,Tax year 2025 resident individual income tax return form,yes (2 income-tax files)
us-la,F02,state,state form instructions and rate schedules,EXTRACTABLE,,,n/a (document carrier; see the rule elements it carries),no TY2025 resident instruction booklet in any selected form scope (form documents present: 2026 Declaration of Estimated Tax for Individuals ); queue row 'done' points at form/2026-07-23-la-2026-it-540es-instructions; publisher forms index: state revenue department forms page,"Tax year 2025 resident return instruction booklet (line-by-line rules, worksheets)",yes (2 income-tax files)
us-la,F03,state,state form instructions and rate schedules,EXTRACTABLE,,,yes (income/main),no TY2025 rate schedule/tax table/flat-rate body in the selection (form bodies: 2); publisher forms index revenue department forms page,"Tax year 2025 rate schedule, tax table or flat rate with the year's dollar thresholds (as printed)",yes (2 income-tax files)
us-la,F04,state,state form instructions and rate schedules,EXTRACTABLE,,,"yes (deductions/standard, income/deductions, income/deductions/standard)",no TY2025 instruction body carrying the printed standard deduction/exemption amounts in the selection; publisher forms index revenue department forms page,Tax year 2025 standard deduction and exemption dollar amounts as printed in the instructions,yes (2 income-tax files)
us-la,F05,state,state form instructions and rate schedules,EXTRACTABLE,,,"yes (credits/eitc, income/credits/eitc)",no TY2025 instruction body carrying the state EITC/child credit parameters in the selection; publisher forms index revenue department forms page,"Tax year 2025 state EITC / child credit parameters as printed in the instructions (percentage of federal, amounts, worksheets)",yes (2 income-tax files)
us-la,F06,state,state department bulletins,PRESENT,2026-07-23-la-2026-it-540es-instructions,us-la/form/individual-income-tax/2026/it-540es-instructions/document-1,yes (income/main),"form body ('2026 Declaration of Estimated Tax for Individuals — General ', 10327 chars): 'come for 2025 2. 00 3. Enter on Line 3 the Louisiana If your filing status is: estimated standard deduction. Single $12,875 Married Filing Joint $25,750 3. 00 Married Filing Separa'","Tax year 2026 indexed amounts (rate schedule, standard deduction, exemptions) as published for the year (estimated-tax instructions or department bulletin)",yes (2 income-tax files)
us-ma,S01,state,state statute,PRESENT,2026-07-13-recovery,us-ma/statute/62/6/block-2,"yes (income/rates, rates)","statute body ('Section 6: Credits', 118724 chars): 's due shall be reduced by any federal credit therefor allowable on the resident's federal income tax return; and (iii) the amount of the credit allowable shall be the lesser of suc'",Imposition of the individual income tax (or the constitutional/statutory bar for the nine no-tax states),yes (2 income-tax files)
us-ma,S02,state conformity,state statute,PRESENT,2026-07-13-recovery,us-ma/statute/62/6/block-2,no,"statute body ('Section 6: Credits', 118724 chars): 'uctural components of buildings acquired by purchase, as defined by section 179(d) of the Internal Revenue Code, as amended and in effect for the taxable year, but not including pr'",Internal Revenue Code conformity date (static or rolling) as defined in the chapter,yes (2 income-tax files)
us-ma,S03,state,state statute,EXTRACTABLE,,,no,no selected statute body for this state carries it (selected statute scopes: 2026-07-13-recovery; income-tax chapter rows: 36); the state code is posted by the state code publisher (legislature/revisor site; see queue candidate_sources),"Resident, nonresident and part-year resident definitions (domicile, statutory residence day count)",yes (2 income-tax files)
us-ma,S04,state conformity,state statute,PRESENT,2026-07-13-recovery,us-ma/statute/62/3/block-2,"yes (income/rates, rates)","statute body ('Section 3: Taxable income: adjusted gross income less deduct', 21114 chars): 'be allowed hereunder to any married person, other than a married person who qualifies as head of household under section two (b) of the Code, unless a joint return is filed. B. In '","Filing statuses and joint/separate return rules (married joint, separate, head of household, surviving spouse)",yes (2 income-tax files)
us-ma,S05,state conformity,state statute,PRESENT,2026-07-13-recovery,us-ma/statute/62/6/block-2,no,"statute body ('Section 6: Credits', 118724 chars): 'Taxpayer's total income'', the sum of the taxpayer's Part A adjusted gross income, Part B adjusted gross income and Part C adjusted gross income, as defined in section 2, increased'","Starting point: state gross/adjusted gross/taxable income defined from federal AGI, federal taxable income, or own gross income",yes (2 income-tax files)
us-ma,S06,state,state statute,PRESENT,2026-07-13-recovery,us-ma/statute/62/4/block-2,"yes (income/rates, rates)","statute body ('Section 4: Rates of tax for residents, non-residents and cor', 4187 chars): 'axable years beginning on or after January 1, 2023. See 2023, 50 Sec. 49.] (a)(1) Part A taxable income consisting of capital gains shall be taxed at the rate of 12 per cent; provi'","Rate schedule: bracket thresholds and marginal rates, or the flat rate (statute)",yes (2 income-tax files)
us-ma,S07,state,state statute,PRESENT,2026-07-13-recovery,us-ma/statute/62/3/block-2,"yes (income/rates, rates)","statute body ('Section 3: Taxable income: adjusted gross income less deduct', 21114 chars): '(1) In the case of a single person or a married person filing a separate return, (A) a personal exemption of $3,300 for tax years beginning on or after January 1, 2002, For taxable'","Bracket / deduction / exemption indexing rule (inflation adjustment method, base year, rounding)",yes (2 income-tax files)
us-ma,S08,state,state statute,N/A,,,"yes (deductions, income/deductions)","N/A: the state has no standard deduction of its own (federal taxable income start or exemption-only design) (analyst knowledge, verify)",Standard deduction amount(s) by filing status (statute),yes (2 income-tax files)
us-ma,S09,state conformity,state statute,N/A,,,"yes (deductions, income/deductions)","N/A: the state allows no itemized deductions (analyst knowledge, verify)","Itemized deductions: state treatment (federal itemized with modifications, SALT/mortgage limits, own list, or none)",yes (2 income-tax files)
us-ma,S10,state,state statute,PRESENT,2026-07-13-recovery,us-ma/statute/62/4/block-2,"yes (exemptions, income/exemptions)","statute body ('Section 4: Rates of tax for residents, non-residents and cor', 4187 chars): 'eginning on or after January 1, 2002. For taxable years subsequent to tax years in which personal exemption amounts in effect pursuant to subparagraphs (1), (1A) and (2) of paragra'",Personal exemption amount or personal exemption credit (taxpayer and spouse),yes (2 income-tax files)
us-ma,S11,state,state statute,PRESENT,2026-07-13-recovery,us-ma/statute/62/3/block-2,"yes (exemptions, income/exemptions)","statute body ('Section 3: Taxable income: adjusted gross income less deduct', 21114 chars): 'ble year. (3) An exemption of one thousand dollars for each individual who qualifies for exemption as a dependent under section one hundred and fifty-one (c) of the Code. (4) An am'",Dependent exemption or dependent credit amount,yes (2 income-tax files)
us-ma,S12,state,state statute,PRESENT,2026-07-13-recovery,us-ma/statute/62/3/block-2,"yes (exemptions, income/exemptions)","statute body ('Section 3: Taxable income: adjusted gross income less deduct', 21114 chars): 'ing year to the same recipients. The personal exemption shall not exceed $4,400. (B) an additional exemption of two thousand two hundred dollars if the taxpayer was totally blind a'",Additional deduction/exemption/credit for age 65 or over and for blindness,yes (2 income-tax files)
us-ma,S13,state,state statute,EXTRACTABLE,,,no,no selected statute body for this state carries it (selected statute scopes: 2026-07-13-recovery; income-tax chapter rows: 36); the state code is posted by the state code publisher (legislature/revisor site; see queue candidate_sources),Addition: interest on obligations of other states and their subdivisions,yes (2 income-tax files)
us-ma,S14,state,state statute,EXTRACTABLE,,,yes (income/deductions),no selected statute body for this state carries it (selected statute scopes: 2026-07-13-recovery; income-tax chapter rows: 36); the state code is posted by the state code publisher (legislature/revisor site; see queue candidate_sources),Subtraction: interest on United States obligations,yes (2 income-tax files)
us-ma,S15,state,state statute,PRESENT,2026-07-13-recovery,us-ma/statute/62/6/block-2,no,"statute body ('Section 6: Credits', 118724 chars): 'rt C adjusted gross income, as defined in section 2, increased by, to the extent they are excluded or subtracted from adjusted gross income, the following: the total amount of inco'",Social Security benefits: full exclusion or the partial-taxation rule and its thresholds,yes (2 income-tax files)
us-ma,S16,state,state statute,PRESENT,2026-07-13-recovery,us-ma/statute/62/3/block-2,no,"statute body ('Section 3: Taxable income: adjusted gross income less deduct', 21114 chars): 'sion thereof, attributable to any one taxpayer exceed two thousand dollars. (4) All sums deducted from wages as contributions to any annuity, pension, endowment or retirement fund '","Pension and retirement income exclusion (amounts, age conditions, public vs private)",yes (2 income-tax files)
us-ma,S17,state,state statute,EXTRACTABLE,,,no,no selected statute body for this state carries it (selected statute scopes: 2026-07-13-recovery; income-tax chapter rows: 36); the state code is posted by the state code publisher (legislature/revisor site; see queue candidate_sources),Military pay and military retirement subtraction,yes (2 income-tax files)
us-ma,S18,state,state statute,PRESENT,2026-07-13-recovery,us-ma/statute/62/4/block-2,"yes (capital_gains, income/capital_gains)","statute body ('Section 4: Rates of tax for residents, non-residents and cor', 4187 chars): 'after January 1, 2023. See 2023, 50 Sec. 49.] (a)(1) Part A taxable income consisting of capital gains shall be taxed at the rate of 12 per cent; provided, however, that any gain f'","Capital gains: exclusion, deduction, or separate rate (where the state departs from ordinary treatment)",yes (2 income-tax files)
us-ma,S19,state,state statute,PRESENT,2026-07-13-recovery,us-ma/statute/62/6/block-2,"yes (credits/eitc, income/credits/eitc)","statute body ('Section 6: Credits', 118724 chars): 'it against the taxes imposed by this chapter if that person qualified for and claimed the earned income credit allowed under section 32 of the Code, as amended and in effect for th'","State EITC: percentage of the federal credit or own schedule, and refundability",yes (2 income-tax files)
us-ma,S20,state,state statute,PRESENT,2026-07-13-recovery,us-ma/statute/62/6/block-2,"yes (credits/eitc, income/credits/eitc)","eligibility read from the EITC section; no deviation text (ITIN/age/childless) matched, so the state appears to follow federal eligibility (verify)","State EITC deviations from federal eligibility (ITIN filers, age 18-24, childless amount, non-custodial), read from the EITC section",yes (2 income-tax files)
us-ma,S21,state,state statute,EXTRACTABLE,,,yes (credits/dependent_care),no selected statute body for this state carries it (selected statute scopes: 2026-07-13-recovery; income-tax chapter rows: 36); the state code is posted by the state code publisher (legislature/revisor site; see queue candidate_sources),State child tax credit / dependent credit / young child credit amount,yes (2 income-tax files)
us-ma,S22,state,state statute,EXTRACTABLE,,,yes (credits/dependent_care),no selected statute body for this state carries it (selected statute scopes: 2026-07-13-recovery; income-tax chapter rows: 36); the state code is posted by the state code publisher (legislature/revisor site; see queue candidate_sources),State child credit phase-out / income limit and refundability,yes (2 income-tax files)
us-ma,S23,state,state statute,N/A,,,"yes (credits/dependent_care, income/credits/dependent_care)","N/A: no state child and dependent care credit in TY2025 law (analyst knowledge, verify)",Child and dependent care credit: percentage of the federal credit or own schedule,yes (2 income-tax files)
us-ma,S24,state,state statute,PRESENT,2026-07-13-recovery,us-ma/statute/62/6/block-2,no,"statute body ('Section 6: Credits', 118724 chars): 'e allowed against the tax imposed by this chapter: (a) A credit shall be allowed against taxes imposed by this chapter to a resident for taxes due any other state, territory or pos'","Credit for income taxes paid to other states (resident credit, limitation)",yes (2 income-tax files)
us-ma,S25,state,state statute,N/A,,,"yes (credits, income/credits)","N/A: no low-income credit/no-tax floor (analyst knowledge, verify)","Low-income credit, no-tax floor, or low-income exclusion (poverty-level relief)",yes (2 income-tax files)
us-ma,S26,state,state statute,PRESENT,2026-07-13-recovery,us-ma/statute/62/6/block-2,no,"statute body ('Section 6: Credits', 118724 chars): 'shall be allowed a credit equal to the amount by which the real estate tax payment or the rent constituting real estate tax payment exceeds 10 per cent of the taxpayer's total inco'","Property tax circuit breaker, renter or homestead credit claimed on the income tax return",yes (2 income-tax files)
us-ma,S27,state,state statute,EXTRACTABLE,,,"yes (credits, income/credits)",no selected statute body for this state carries it (selected statute scopes: 2026-07-13-recovery; income-tax chapter rows: 36); the state code is posted by the state code publisher (legislature/revisor site; see queue candidate_sources),"Other personal credits enumerated in the credits article (education, adoption, charitable, long-term care, elderly, volunteer, etc.)",yes (2 income-tax files)
us-ma,S28,state,state statute,N/A,,,no,"N/A: no state AMT (analyst knowledge, verify)","State alternative minimum tax (rate, exemption, AMTI base) where enacted",yes (2 income-tax files)
us-ma,S29,state,state statute or bulletin,PRESENT,2026-07-22-ma-2026-surtax-guidance,us-ma/guidance/department-of-revenue/4-percent-surtax/2026/taxable-income-calculation,"yes (capital_gains, income/capital_gains)","guidance body ('Calculating Income Subject to the 4% Surtax', 4242 chars): 'Calculating Income Subject to the 4% Surtax What income is subject to the 4% surtax? Only the portion of a taxpayer’s taxable income that exceeds the surtax threshold for a tax yea'","Surtax or special individual tax (millionaire surtax, mental health tax, capital gains excise, interest and dividends tax, high-earner tax) where enacted, incl. the year's threshold",yes (2 income-tax files)
us-ma,S30,state,state statute,EXTRACTABLE,,,no,no selected statute body for this state carries it (selected statute scopes: 2026-07-13-recovery; income-tax chapter rows: 36); the state code is posted by the state code publisher (legislature/revisor site; see queue candidate_sources),"Nonresident and part-year resident sourcing and apportionment (income from sources within the state, proration)",yes (2 income-tax files)
us-ma,S31,state,state statute,EXTRACTABLE,,,no,no selected statute body for this state carries it (selected statute scopes: 2026-07-13-recovery; income-tax chapter rows: 36); the state code is posted by the state code publisher (legislature/revisor site; see queue candidate_sources),Employer withholding requirement and withholding tables/formula,yes (2 income-tax files)
us-ma,S32,state,state statute,EXTRACTABLE,2026-07-22-ma-2026-form-1-es,us-ma/form/individual-income-tax/2026/1-es/document-1,no,"only a form body carries it; the enabling statute section is not in any selected statute scope (2026-07-13-recovery); form body ('2026 Form 1-ES Massachusetts Estimated Income Tax 1', 20165 chars): 'R 62B.2.2(6)(b). count. Vouchers should be mailed to Massachusetts Department • Composite payments of estimated tax. The filing agent responsible of Revenue, PO Box 419540, Boston,'; posted by the state code publisher (legislature/revisor site; see queue candidate_sources)","Individual estimated tax requirement, safe harbor and underpayment interest",yes (2 income-tax files)
us-ma,S33,state,state statute,PRESENT,2026-07-13-recovery,us-ma/statute/62/6/block-2,no,"statute body ('Section 6: Credits', 118724 chars): 'est. (2) For the purposes of this subsection, a married taxpayer shall satisfy the joint filing requirement under section 32 of the Code if the taxpayer files an income tax return '","Filing threshold: who must file a return (income floor, exemption-based, gross income test)",yes (2 income-tax files)
us-ma,S34,state,state statute,EXTRACTABLE,2026-07-22-ma-2026-form-1-es,us-ma/form/individual-income-tax/2026/1-es/document-1,no,"only a form body carries it; the enabling statute section is not in any selected statute scope (2026-07-13-recovery); form body ('2026 Form 1-ES Massachusetts Estimated Income Tax 1', 20165 chars): 'n income not subject to withholding. your estimated tax must be paid in full on or before April 15, 2026, • Recipients of unemployment compensation who do not choose vol­ or in equ'; posted by the state code publisher (legislature/revisor site; see queue candidate_sources)","Return due date, extensions, joint return liability and innocent spouse",yes (2 income-tax files)
us-ma,S35,state,state statute,N/A,,,no,"N/A: no local income tax authorized by the state code (analyst knowledge, verify)","Local income taxes (county, municipal, school district, city) authorized or imposed by the state code, where they exist",yes (2 income-tax files)
us-ma,R01,state,state regulation,EXTRACTABLE,,,n/a (document carrier; see the rule elements it carries),no selected regulation scope for this state is a revenue-department income tax regulation (the selected regulation scopes are benefit-program rules); the administrative code chapter is posted by the state's code publisher,State income tax regulations: the revenue department's administrative code chapter on the individual income tax,yes (2 income-tax files)
us-ma,F01,state,state form instructions and rate schedules,EXTRACTABLE,,,n/a (document carrier; see the rule elements it carries),no TY2025 resident return form in any selected form scope (form documents present: 2026 Form 1-ES Massachusetts Estimated Income Tax); queue row 'done' points at form/2026-07-22-ma-2026-form-1-es; publisher forms index: state revenue department forms page,Tax year 2025 resident individual income tax return form,yes (2 income-tax files)
us-ma,F02,state,state form instructions and rate schedules,EXTRACTABLE,,,n/a (document carrier; see the rule elements it carries),no TY2025 resident instruction booklet in any selected form scope (form documents present: 2026 Form 1-ES Massachusetts Estimated Income Tax); queue row 'done' points at form/2026-07-22-ma-2026-form-1-es; publisher forms index: state revenue department forms page,"Tax year 2025 resident return instruction booklet (line-by-line rules, worksheets)",yes (2 income-tax files)
us-ma,F03,state,state form instructions and rate schedules,EXTRACTABLE,,,"yes (income/rates, rates)",no TY2025 rate schedule/tax table/flat-rate body in the selection (form bodies: 2); publisher forms index revenue department forms page,"Tax year 2025 rate schedule, tax table or flat rate with the year's dollar thresholds (as printed)",yes (2 income-tax files)
us-ma,F04,state,state form instructions and rate schedules,EXTRACTABLE,,,"yes (deductions, income/deductions)",no TY2025 instruction body carrying the printed standard deduction/exemption amounts in the selection; publisher forms index revenue department forms page,Tax year 2025 standard deduction and exemption dollar amounts as printed in the instructions,yes (2 income-tax files)
us-ma,F05,state,state form instructions and rate schedules,EXTRACTABLE,,,"yes (credits/eitc, income/credits/eitc)",no TY2025 instruction body carrying the state EITC/child credit parameters in the selection; publisher forms index revenue department forms page,"Tax year 2025 state EITC / child credit parameters as printed in the instructions (percentage of federal, amounts, worksheets)",yes (2 income-tax files)
us-ma,F06,state,state department bulletins,PRESENT,2026-07-22-ma-2026-form-1-es,us-ma/form/individual-income-tax/2026/1-es/document-1,"yes (income/rates, rates)","form body ('2026 Form 1-ES Massachusetts Estimated Income Tax 1', 20165 chars): 'e surtax fiduciary must include only the Social Security number of the ben­threshold. The surtax threshold for tax year 2026 is $1,107,750. eficiary on whose behalf the payment is '","Tax year 2026 indexed amounts (rate schedule, standard deduction, exemptions) as published for the year (estimated-tax instructions or department bulletin)",yes (2 income-tax files)
us-md,S01,state,state statute,PRESENT,2026-07-13-recovery-r2026-07-24-immutable,us-md/statute/gtg/10-105/block-1,"yes (income/rates, main, rates)","statute body ('Laws - Statute Text', 5165 chars): 'subtractions under § 10–210(b), (e), and (f) of this title; and (2) the State income tax imposed equals the result obtained under item (1) of this subsection multiplied times a fra'",Imposition of the individual income tax (or the constitutional/statutory bar for the nine no-tax states),yes (2 income-tax files)
us-md,S02,state conformity,state statute,EXTRACTABLE,,,no,no selected statute body for this state carries it (selected statute scopes: 2026-07-13-recovery-r2026-07-24-immutable; income-tax chapter rows: 4); the state code is posted by the state code publisher (legislature/revisor site; see queue candidate_sources),Internal Revenue Code conformity date (static or rolling) as defined in the chapter,yes (2 income-tax files)
us-md,S03,state,state statute,EXTRACTABLE,,,no,no selected statute body for this state carries it (selected statute scopes: 2026-07-13-recovery-r2026-07-24-immutable; income-tax chapter rows: 4); the state code is posted by the state code publisher (legislature/revisor site; see queue candidate_sources),"Resident, nonresident and part-year resident definitions (domicile, statutory residence day count)",yes (2 income-tax files)
us-md,S04,state conformity,state statute,PRESENT,2026-07-13-recovery-r2026-07-24-immutable,us-md/statute/gtg/10-105/block-1,"yes (income/rates, main, rates)","statute body ('Laws - Statute Text', 5165 chars): 'excess of $1,000,000. (2) For spouses filing a joint return or for a surviving spouse or head of household as defined in § 2 of the Internal Revenue Code, the State income tax rate'","Filing statuses and joint/separate return rules (married joint, separate, head of household, surviving spouse)",yes (2 income-tax files)
us-md,S05,state conformity,state statute,PRESENT,2026-07-13-recovery-r2026-07-24-immutable,us-md/statute/gtg/10-105/block-1,yes (income/agi),"statute body ('Laws - Statute Text', 5165 chars): 'n shall apply for individuals described in paragraph (1) or (2) of this subsection with a federal adjusted gross income in excess of $350,000. (b) The State income tax rate for a c'","Starting point: state gross/adjusted gross/taxable income defined from federal AGI, federal taxable income, or own gross income",yes (2 income-tax files)
us-md,S06,state,state statute,PRESENT,2026-07-13-recovery-r2026-07-24-immutable,us-md/statute/gtg/10-105/block-1,"yes (income/rates, main, rates)","statute body ('Laws - Statute Text', 5165 chars): 'dividual described in paragraph (2) of this subsection, the State income tax rate is: (i) 2% of Maryland taxable income of $1 through $1,000; (ii) 3% of Maryland taxable income of '","Rate schedule: bracket thresholds and marginal rates, or the flat rate (statute)",yes (2 income-tax files)
us-md,S07,state,state statute,N/A,,,"yes (income/rates, main, rates)","N/A: brackets/deductions are not indexed by statute (analyst knowledge, verify)","Bracket / deduction / exemption indexing rule (inflation adjustment method, base year, rounding)",yes (2 income-tax files)
us-md,S08,state,state statute,EXTRACTABLE,,,"yes (deductions/standard, income/deductions, income/deductions/standard)",no selected statute body for this state carries it (selected statute scopes: 2026-07-13-recovery-r2026-07-24-immutable; income-tax chapter rows: 4); the state code is posted by the state code publisher (legislature/revisor site; see queue candidate_sources),Standard deduction amount(s) by filing status (statute),yes (2 income-tax files)
us-md,S09,state conformity,state statute,EXTRACTABLE,,,"yes (income/deductions, income/deductions/itemized)",no selected statute body for this state carries it (selected statute scopes: 2026-07-13-recovery-r2026-07-24-immutable; income-tax chapter rows: 4); the state code is posted by the state code publisher (legislature/revisor site; see queue candidate_sources),"Itemized deductions: state treatment (federal itemized with modifications, SALT/mortgage limits, own list, or none)",yes (2 income-tax files)
us-md,S10,state,state statute,PRESENT,2026-07-13-recovery-r2026-07-24-immutable,us-md/statute/gtg/10-211/block-1,"yes (exemptions, income/exemptions)","statute body ('Laws - Statute Text', 2458 chars): 'determine Maryland taxable income, an individual other than a fiduciary may deduct as an exemption: (1) $3,200 for each exemption that the individual may deduct under subsection (a'",Personal exemption amount or personal exemption credit (taxpayer and spouse),yes (2 income-tax files)
us-md,S11,state,state statute,PRESENT,2026-07-13-recovery-r2026-07-24-immutable,us-md/statute/gtg/10-211/block-1,"yes (exemptions, income/exemptions)","statute body ('Laws - Statute Text', 2458 chars): 'land taxable income, an individual other than a fiduciary may deduct as an exemption: (1) $3,200 for each exemption that the individual may deduct under subsection (a) of this sect'",Dependent exemption or dependent credit amount,yes (2 income-tax files)
us-md,S12,state,state statute,EXTRACTABLE,,,"yes (exemptions, income/exemptions)",no selected statute body for this state carries it (selected statute scopes: 2026-07-13-recovery-r2026-07-24-immutable; income-tax chapter rows: 4); the state code is posted by the state code publisher (legislature/revisor site; see queue candidate_sources),Additional deduction/exemption/credit for age 65 or over and for blindness,yes (2 income-tax files)
us-md,S13,state,state statute,EXTRACTABLE,,,no,no selected statute body for this state carries it (selected statute scopes: 2026-07-13-recovery-r2026-07-24-immutable; income-tax chapter rows: 4); the state code is posted by the state code publisher (legislature/revisor site; see queue candidate_sources),Addition: interest on obligations of other states and their subdivisions,yes (2 income-tax files)
us-md,S14,state,state statute,EXTRACTABLE,,,"yes (income/agi/subtractions, income/deductions, subtractions)",no selected statute body for this state carries it (selected statute scopes: 2026-07-13-recovery-r2026-07-24-immutable; income-tax chapter rows: 4); the state code is posted by the state code publisher (legislature/revisor site; see queue candidate_sources),Subtraction: interest on United States obligations,yes (2 income-tax files)
us-md,S15,state,state statute,EXTRACTABLE,,,"yes (subtractions/military_retirement, subtractions/pension)",no selected statute body for this state carries it (selected statute scopes: 2026-07-13-recovery-r2026-07-24-immutable; income-tax chapter rows: 4); the state code is posted by the state code publisher (legislature/revisor site; see queue candidate_sources),Social Security benefits: full exclusion or the partial-taxation rule and its thresholds,yes (2 income-tax files)
us-md,S16,state,state statute,EXTRACTABLE,,,"yes (subtractions/military_retirement, subtractions/pension)",no selected statute body for this state carries it (selected statute scopes: 2026-07-13-recovery-r2026-07-24-immutable; income-tax chapter rows: 4); the state code is posted by the state code publisher (legislature/revisor site; see queue candidate_sources),"Pension and retirement income exclusion (amounts, age conditions, public vs private)",yes (2 income-tax files)
us-md,S17,state,state statute,EXTRACTABLE,,,yes (subtractions/military_retirement),no selected statute body for this state carries it (selected statute scopes: 2026-07-13-recovery-r2026-07-24-immutable; income-tax chapter rows: 4); the state code is posted by the state code publisher (legislature/revisor site; see queue candidate_sources),Military pay and military retirement subtraction,yes (2 income-tax files)
us-md,S18,state,state statute,N/A,,,"yes (capital_gains, income/capital_gains)","N/A: capital gains taxed as ordinary income with no state exclusion (analyst knowledge, verify)","Capital gains: exclusion, deduction, or separate rate (where the state departs from ordinary treatment)",yes (2 income-tax files)
us-md,S19,state,state statute,EXTRACTABLE,,,yes (income/credits/eitc),no selected statute body for this state carries it (selected statute scopes: 2026-07-13-recovery-r2026-07-24-immutable; income-tax chapter rows: 4); the state code is posted by the state code publisher (legislature/revisor site; see queue candidate_sources),"State EITC: percentage of the federal credit or own schedule, and refundability",yes (2 income-tax files)
us-md,S20,state,state statute,EXTRACTABLE,,,yes (income/credits/eitc),the EITC section is not in any selected statute scope for this state (see S19); posted by the state code publisher (legislature/revisor site; see queue candidate_sources),"State EITC deviations from federal eligibility (ITIN filers, age 18-24, childless amount, non-custodial), read from the EITC section",yes (2 income-tax files)
us-md,S21,state,state statute,EXTRACTABLE,,,"yes (credits/ctc, income/credits/ctc)",no selected statute body for this state carries it (selected statute scopes: 2026-07-13-recovery-r2026-07-24-immutable; income-tax chapter rows: 4); the state code is posted by the state code publisher (legislature/revisor site; see queue candidate_sources),State child tax credit / dependent credit / young child credit amount,yes (2 income-tax files)
us-md,S22,state,state statute,EXTRACTABLE,,,"yes (credits/ctc, income/credits/ctc)",no selected statute body for this state carries it (selected statute scopes: 2026-07-13-recovery-r2026-07-24-immutable; income-tax chapter rows: 4); the state code is posted by the state code publisher (legislature/revisor site; see queue candidate_sources),State child credit phase-out / income limit and refundability,yes (2 income-tax files)
us-md,S23,state,state statute,EXTRACTABLE,,,"yes (credits/cdcc, income/credits/cdcc)",no selected statute body for this state carries it (selected statute scopes: 2026-07-13-recovery-r2026-07-24-immutable; income-tax chapter rows: 4); the state code is posted by the state code publisher (legislature/revisor site; see queue candidate_sources),Child and dependent care credit: percentage of the federal credit or own schedule,yes (2 income-tax files)
us-md,S24,state,state statute,EXTRACTABLE,,,no,no selected statute body for this state carries it (selected statute scopes: 2026-07-13-recovery-r2026-07-24-immutable; income-tax chapter rows: 4); the state code is posted by the state code publisher (legislature/revisor site; see queue candidate_sources),"Credit for income taxes paid to other states (resident credit, limitation)",yes (2 income-tax files)
us-md,S25,state,state statute,EXTRACTABLE,,,"yes (credits, income/credits)",no selected statute body for this state carries it (selected statute scopes: 2026-07-13-recovery-r2026-07-24-immutable; income-tax chapter rows: 4); the state code is posted by the state code publisher (legislature/revisor site; see queue candidate_sources),"Low-income credit, no-tax floor, or low-income exclusion (poverty-level relief)",yes (2 income-tax files)
us-md,S26,state,state statute,EXTRACTABLE,,,no,no selected statute body for this state carries it (selected statute scopes: 2026-07-13-recovery-r2026-07-24-immutable; income-tax chapter rows: 4); the state code is posted by the state code publisher (legislature/revisor site; see queue candidate_sources),"Property tax circuit breaker, renter or homestead credit claimed on the income tax return",yes (2 income-tax files)
us-md,S27,state,state statute,EXTRACTABLE,,,"yes (credits, income/credits)",no selected statute body for this state carries it (selected statute scopes: 2026-07-13-recovery-r2026-07-24-immutable; income-tax chapter rows: 4); the state code is posted by the state code publisher (legislature/revisor site; see queue candidate_sources),"Other personal credits enumerated in the credits article (education, adoption, charitable, long-term care, elderly, volunteer, etc.)",yes (2 income-tax files)
us-md,S28,state,state statute,N/A,,,no,"N/A: no state AMT (analyst knowledge, verify)","State alternative minimum tax (rate, exemption, AMTI base) where enacted",yes (2 income-tax files)
us-md,S29,state,state statute or bulletin,N/A,,,"yes (capital_gains, income/capital_gains)","N/A: no surtax or special individual income tax (analyst knowledge, verify)","Surtax or special individual tax (millionaire surtax, mental health tax, capital gains excise, interest and dividends tax, high-earner tax) where enacted, incl. the year's threshold",yes (2 income-tax files)
us-md,S30,state,state statute,EXTRACTABLE,,,no,no selected statute body for this state carries it (selected statute scopes: 2026-07-13-recovery-r2026-07-24-immutable; income-tax chapter rows: 4); the state code is posted by the state code publisher (legislature/revisor site; see queue candidate_sources),"Nonresident and part-year resident sourcing and apportionment (income from sources within the state, proration)",yes (2 income-tax files)
us-md,S31,state,state statute,EXTRACTABLE,,,no,no selected statute body for this state carries it (selected statute scopes: 2026-07-13-recovery-r2026-07-24-immutable; income-tax chapter rows: 4); the state code is posted by the state code publisher (legislature/revisor site; see queue candidate_sources),Employer withholding requirement and withholding tables/formula,yes (2 income-tax files)
us-md,S32,state,state statute,EXTRACTABLE,,,no,no selected statute body for this state carries it (selected statute scopes: 2026-07-13-recovery-r2026-07-24-immutable; income-tax chapter rows: 4); the state code is posted by the state code publisher (legislature/revisor site; see queue candidate_sources),"Individual estimated tax requirement, safe harbor and underpayment interest",yes (2 income-tax files)
us-md,S33,state,state statute,EXTRACTABLE,,,no,no selected statute body for this state carries it (selected statute scopes: 2026-07-13-recovery-r2026-07-24-immutable; income-tax chapter rows: 4); the state code is posted by the state code publisher (legislature/revisor site; see queue candidate_sources),"Filing threshold: who must file a return (income floor, exemption-based, gross income test)",yes (2 income-tax files)
us-md,S34,state,state statute,EXTRACTABLE,,,no,no selected statute body for this state carries it (selected statute scopes: 2026-07-13-recovery-r2026-07-24-immutable; income-tax chapter rows: 4); the state code is posted by the state code publisher (legislature/revisor site; see queue candidate_sources),"Return due date, extensions, joint return liability and innocent spouse",yes (2 income-tax files)
us-md,S35,state,state statute,EXTRACTABLE,,,yes (gov/local/md),no selected statute body for this state carries it (selected statute scopes: 2026-07-13-recovery-r2026-07-24-immutable; income-tax chapter rows: 4); the state code is posted by the state code publisher (legislature/revisor site; see queue candidate_sources),"Local income taxes (county, municipal, school district, city) authorized or imposed by the state code, where they exist",yes (2 income-tax files)
us-md,R01,state,state regulation,EXTRACTABLE,,,n/a (document carrier; see the rule elements it carries),no selected regulation scope for this state is a revenue-department income tax regulation (the selected regulation scopes are benefit-program rules); the administrative code chapter is posted by the state's code publisher,State income tax regulations: the revenue department's administrative code chapter on the individual income tax,yes (2 income-tax files)
us-md,F01,state,state form instructions and rate schedules,EXTRACTABLE,,,n/a (document carrier; see the rule elements it carries),no TY2025 resident return form in any selected form scope (form documents present: none); queue row 'done' points at None/None; publisher forms index: state revenue department forms page,Tax year 2025 resident individual income tax return form,yes (2 income-tax files)
us-md,F02,state,state form instructions and rate schedules,EXTRACTABLE,,,n/a (document carrier; see the rule elements it carries),no TY2025 resident instruction booklet in any selected form scope (form documents present: none); queue row 'done' points at None/None; publisher forms index: state revenue department forms page,"Tax year 2025 resident return instruction booklet (line-by-line rules, worksheets)",yes (2 income-tax files)
us-md,F03,state,state form instructions and rate schedules,EXTRACTABLE,,,"yes (income/rates, main, rates)",no TY2025 rate schedule/tax table/flat-rate body in the selection (form bodies: 0); publisher forms index revenue department forms page,"Tax year 2025 rate schedule, tax table or flat rate with the year's dollar thresholds (as printed)",yes (2 income-tax files)
us-md,F04,state,state form instructions and rate schedules,EXTRACTABLE,,,"yes (deductions/standard, income/deductions, income/deductions/standard)",no TY2025 instruction body carrying the printed standard deduction/exemption amounts in the selection; publisher forms index revenue department forms page,Tax year 2025 standard deduction and exemption dollar amounts as printed in the instructions,yes (2 income-tax files)
us-md,F05,state,state form instructions and rate schedules,EXTRACTABLE,,,yes (income/credits/eitc),no TY2025 instruction body carrying the state EITC/child credit parameters in the selection; publisher forms index revenue department forms page,"Tax year 2025 state EITC / child credit parameters as printed in the instructions (percentage of federal, amounts, worksheets)",yes (2 income-tax files)
us-md,F06,state,state department bulletins,REVIEW,,,"yes (income/rates, main, rates)",no 2026-labelled body with amounts in any selected scope and the queue row records no 2026 product; whether the department has posted TY2026 figures (most publish them in the 2026 estimated-tax or withholding instructions) was not verified,"Tax year 2026 indexed amounts (rate schedule, standard deduction, exemptions) as published for the year (estimated-tax instructions or department bulletin)",yes (2 income-tax files)
us-me,S01,state,state statute,PRESENT,2026-07-23-me-individual-income-tax-rates-2026,us-me/guidance/revenue/individual-income-tax/2026/rate-schedules/document-1,"yes (income/main, main)","guidance body ('State of Maine 2026 Individual Income Tax Rates 1', 3161 chars): 'the income tax surcharge. Single Individuals and Married Persons Filing Separate Returns If the taxable income is: The tax is: Less than $27,400 5.8% of Maine taxable income $27,40'",Imposition of the individual income tax (or the constitutional/statutory bar for the nine no-tax states),yes (2 income-tax files)
us-me,S02,state conformity,state statute,EXTRACTABLE,,,no,no selected statute body for this state carries it (selected statute scopes: 2026-07-13-recovery; income-tax chapter rows: 13); the state code is posted by the state code publisher (legislature/revisor site; see queue candidate_sources),Internal Revenue Code conformity date (static or rolling) as defined in the chapter,yes (2 income-tax files)
us-me,S03,state,state statute,EXTRACTABLE,,,no,no selected statute body for this state carries it (selected statute scopes: 2026-07-13-recovery; income-tax chapter rows: 13); the state code is posted by the state code publisher (legislature/revisor site; see queue candidate_sources),"Resident, nonresident and part-year resident definitions (domicile, statutory residence day count)",yes (2 income-tax files)
us-me,S04,state conformity,state statute,EXTRACTABLE,,,"yes (income/main, main)",no selected statute body for this state carries it (selected statute scopes: 2026-07-13-recovery; income-tax chapter rows: 13); the state code is posted by the state code publisher (legislature/revisor site; see queue candidate_sources),"Filing statuses and joint/separate return rules (married joint, separate, head of household, surviving spouse)",yes (2 income-tax files)
us-me,S05,state conformity,state statute,EXTRACTABLE,,,"yes (income/agi, income/main)",no selected statute body for this state carries it (selected statute scopes: 2026-07-13-recovery; income-tax chapter rows: 13); the state code is posted by the state code publisher (legislature/revisor site; see queue candidate_sources),"Starting point: state gross/adjusted gross/taxable income defined from federal AGI, federal taxable income, or own gross income",yes (2 income-tax files)
us-me,S06,state,state statute,PRESENT,2026-07-13-recovery,us-me/statute/36/5111/block-2,"yes (income/main, main)","statute body ('§5111. Imposition and rate of tax', 4281 chars): 'If Maine taxable income is: The tax is: Less than $4,150 2% of the Maine taxable income At least $4,150 but less than $8,250 $83 plus 4.5% of the excess over $4,150 At least $8,'","Rate schedule: bracket thresholds and marginal rates, or the flat rate (statute)",yes (2 income-tax files)
us-me,S07,state,state statute,EXTRACTABLE,,,"yes (income/main, main)",no selected statute body for this state carries it (selected statute scopes: 2026-07-13-recovery; income-tax chapter rows: 13); the state code is posted by the state code publisher (legislature/revisor site; see queue candidate_sources),"Bracket / deduction / exemption indexing rule (inflation adjustment method, base year, rounding)",yes (2 income-tax files)
us-me,S08,state,state statute,EXTRACTABLE,,,"yes (deductions/standard, income/deductions, income/deductions/standard)",no selected statute body for this state carries it (selected statute scopes: 2026-07-13-recovery; income-tax chapter rows: 13); the state code is posted by the state code publisher (legislature/revisor site; see queue candidate_sources),Standard deduction amount(s) by filing status (statute),yes (2 income-tax files)
us-me,S09,state conformity,state statute,EXTRACTABLE,,,"yes (deductions/itemized, income/deductions, income/deductions/itemized)",no selected statute body for this state carries it (selected statute scopes: 2026-07-13-recovery; income-tax chapter rows: 13); the state code is posted by the state code publisher (legislature/revisor site; see queue candidate_sources),"Itemized deductions: state treatment (federal itemized with modifications, SALT/mortgage limits, own list, or none)",yes (2 income-tax files)
us-me,S10,state,state statute,EXTRACTABLE,,,no,no selected statute body for this state carries it (selected statute scopes: 2026-07-13-recovery; income-tax chapter rows: 13); the state code is posted by the state code publisher (legislature/revisor site; see queue candidate_sources),Personal exemption amount or personal exemption credit (taxpayer and spouse),yes (2 income-tax files)
us-me,S11,state,state statute,EXTRACTABLE,,,no,no selected statute body for this state carries it (selected statute scopes: 2026-07-13-recovery; income-tax chapter rows: 13); the state code is posted by the state code publisher (legislature/revisor site; see queue candidate_sources),Dependent exemption or dependent credit amount,yes (2 income-tax files)
us-me,S12,state,state statute,EXTRACTABLE,,,no,no selected statute body for this state carries it (selected statute scopes: 2026-07-13-recovery; income-tax chapter rows: 13); the state code is posted by the state code publisher (legislature/revisor site; see queue candidate_sources),Additional deduction/exemption/credit for age 65 or over and for blindness,yes (2 income-tax files)
us-me,S13,state,state statute,EXTRACTABLE,,,no,no selected statute body for this state carries it (selected statute scopes: 2026-07-13-recovery; income-tax chapter rows: 13); the state code is posted by the state code publisher (legislature/revisor site; see queue candidate_sources),Addition: interest on obligations of other states and their subdivisions,yes (2 income-tax files)
us-me,S14,state,state statute,EXTRACTABLE,,,"yes (income/agi/subtractions, income/deductions)",no selected statute body for this state carries it (selected statute scopes: 2026-07-13-recovery; income-tax chapter rows: 13); the state code is posted by the state code publisher (legislature/revisor site; see queue candidate_sources),Subtraction: interest on United States obligations,yes (2 income-tax files)
us-me,S15,state,state statute,EXTRACTABLE,,,yes (pension_exclusion),no selected statute body for this state carries it (selected statute scopes: 2026-07-13-recovery; income-tax chapter rows: 13); the state code is posted by the state code publisher (legislature/revisor site; see queue candidate_sources),Social Security benefits: full exclusion or the partial-taxation rule and its thresholds,yes (2 income-tax files)
us-me,S16,state,state statute,EXTRACTABLE,,,yes (pension_exclusion),no selected statute body for this state carries it (selected statute scopes: 2026-07-13-recovery; income-tax chapter rows: 13); the state code is posted by the state code publisher (legislature/revisor site; see queue candidate_sources),"Pension and retirement income exclusion (amounts, age conditions, public vs private)",yes (2 income-tax files)
us-me,S17,state,state statute,EXTRACTABLE,,,no,no selected statute body for this state carries it (selected statute scopes: 2026-07-13-recovery; income-tax chapter rows: 13); the state code is posted by the state code publisher (legislature/revisor site; see queue candidate_sources),Military pay and military retirement subtraction,yes (2 income-tax files)
us-me,S18,state,state statute,N/A,,,no,"N/A: capital gains taxed as ordinary income with no state exclusion (analyst knowledge, verify)","Capital gains: exclusion, deduction, or separate rate (where the state departs from ordinary treatment)",yes (2 income-tax files)
us-me,S19,state,state statute,EXTRACTABLE,,,yes (income/credits/eitc),no selected statute body for this state carries it (selected statute scopes: 2026-07-13-recovery; income-tax chapter rows: 13); the state code is posted by the state code publisher (legislature/revisor site; see queue candidate_sources),"State EITC: percentage of the federal credit or own schedule, and refundability",yes (2 income-tax files)
us-me,S20,state,state statute,EXTRACTABLE,,,yes (income/credits/eitc),the EITC section is not in any selected statute scope for this state (see S19); posted by the state code publisher (legislature/revisor site; see queue candidate_sources),"State EITC deviations from federal eligibility (ITIN filers, age 18-24, childless amount, non-custodial), read from the EITC section",yes (2 income-tax files)
us-me,S21,state,state statute,EXTRACTABLE,,,no,no selected statute body for this state carries it (selected statute scopes: 2026-07-13-recovery; income-tax chapter rows: 13); the state code is posted by the state code publisher (legislature/revisor site; see queue candidate_sources),State child tax credit / dependent credit / young child credit amount,yes (2 income-tax files)
us-me,S22,state,state statute,EXTRACTABLE,,,no,no selected statute body for this state carries it (selected statute scopes: 2026-07-13-recovery; income-tax chapter rows: 13); the state code is posted by the state code publisher (legislature/revisor site; see queue candidate_sources),State child credit phase-out / income limit and refundability,yes (2 income-tax files)
us-me,S23,state,state statute,EXTRACTABLE,,,yes (credits/child_care),no selected statute body for this state carries it (selected statute scopes: 2026-07-13-recovery; income-tax chapter rows: 13); the state code is posted by the state code publisher (legislature/revisor site; see queue candidate_sources),Child and dependent care credit: percentage of the federal credit or own schedule,yes (2 income-tax files)
us-me,S24,state,state statute,EXTRACTABLE,,,no,no selected statute body for this state carries it (selected statute scopes: 2026-07-13-recovery; income-tax chapter rows: 13); the state code is posted by the state code publisher (legislature/revisor site; see queue candidate_sources),"Credit for income taxes paid to other states (resident credit, limitation)",yes (2 income-tax files)
us-me,S25,state,state statute,EXTRACTABLE,,,"yes (credits, income/credits)",no selected statute body for this state carries it (selected statute scopes: 2026-07-13-recovery; income-tax chapter rows: 13); the state code is posted by the state code publisher (legislature/revisor site; see queue candidate_sources),"Low-income credit, no-tax floor, or low-income exclusion (poverty-level relief)",yes (2 income-tax files)
us-me,S26,state,state statute,EXTRACTABLE,,,no,no selected statute body for this state carries it (selected statute scopes: 2026-07-13-recovery; income-tax chapter rows: 13); the state code is posted by the state code publisher (legislature/revisor site; see queue candidate_sources),"Property tax circuit breaker, renter or homestead credit claimed on the income tax return",yes (2 income-tax files)
us-me,S27,state,state statute,EXTRACTABLE,,,"yes (credits, income/credits)",no selected statute body for this state carries it (selected statute scopes: 2026-07-13-recovery; income-tax chapter rows: 13); the state code is posted by the state code publisher (legislature/revisor site; see queue candidate_sources),"Other personal credits enumerated in the credits article (education, adoption, charitable, long-term care, elderly, volunteer, etc.)",yes (2 income-tax files)
us-me,S28,state,state statute,N/A,,,no,"N/A: no state AMT (analyst knowledge, verify)","State alternative minimum tax (rate, exemption, AMTI base) where enacted",yes (2 income-tax files)
us-me,S29,state,state statute or bulletin,N/A,,,"yes (income/surcharge, surcharge)","N/A: no surtax or special individual income tax (analyst knowledge, verify)","Surtax or special individual tax (millionaire surtax, mental health tax, capital gains excise, interest and dividends tax, high-earner tax) where enacted, incl. the year's threshold",yes (2 income-tax files)
us-me,S30,state,state statute,EXTRACTABLE,,,no,no selected statute body for this state carries it (selected statute scopes: 2026-07-13-recovery; income-tax chapter rows: 13); the state code is posted by the state code publisher (legislature/revisor site; see queue candidate_sources),"Nonresident and part-year resident sourcing and apportionment (income from sources within the state, proration)",yes (2 income-tax files)
us-me,S31,state,state statute,EXTRACTABLE,,,no,no selected statute body for this state carries it (selected statute scopes: 2026-07-13-recovery; income-tax chapter rows: 13); the state code is posted by the state code publisher (legislature/revisor site; see queue candidate_sources),Employer withholding requirement and withholding tables/formula,yes (2 income-tax files)
us-me,S32,state,state statute,EXTRACTABLE,,,no,no selected statute body for this state carries it (selected statute scopes: 2026-07-13-recovery; income-tax chapter rows: 13); the state code is posted by the state code publisher (legislature/revisor site; see queue candidate_sources),"Individual estimated tax requirement, safe harbor and underpayment interest",yes (2 income-tax files)
us-me,S33,state,state statute,EXTRACTABLE,,,no,no selected statute body for this state carries it (selected statute scopes: 2026-07-13-recovery; income-tax chapter rows: 13); the state code is posted by the state code publisher (legislature/revisor site; see queue candidate_sources),"Filing threshold: who must file a return (income floor, exemption-based, gross income test)",yes (2 income-tax files)
us-me,S34,state,state statute,EXTRACTABLE,,,no,no selected statute body for this state carries it (selected statute scopes: 2026-07-13-recovery; income-tax chapter rows: 13); the state code is posted by the state code publisher (legislature/revisor site; see queue candidate_sources),"Return due date, extensions, joint return liability and innocent spouse",yes (2 income-tax files)
us-me,S35,state,state statute,N/A,,,no,"N/A: no local income tax authorized by the state code (analyst knowledge, verify)","Local income taxes (county, municipal, school district, city) authorized or imposed by the state code, where they exist",yes (2 income-tax files)
us-me,R01,state,state regulation,EXTRACTABLE,,,n/a (document carrier; see the rule elements it carries),no selected regulation scope for this state is a revenue-department income tax regulation (the selected regulation scopes are benefit-program rules); the administrative code chapter is posted by the state's code publisher,State income tax regulations: the revenue department's administrative code chapter on the individual income tax,yes (2 income-tax files)
us-me,F01,state,state form instructions and rate schedules,EXTRACTABLE,,,n/a (document carrier; see the rule elements it carries),no TY2025 resident return form in any selected form scope (form documents present: none); queue row 'done' points at guidance/2026-07-23-me-individual-income-tax-rates-2026; publisher forms index: state revenue department forms page,Tax year 2025 resident individual income tax return form,yes (2 income-tax files)
us-me,F02,state,state form instructions and rate schedules,EXTRACTABLE,,,n/a (document carrier; see the rule elements it carries),no TY2025 resident instruction booklet in any selected form scope (form documents present: none); queue row 'done' points at guidance/2026-07-23-me-individual-income-tax-rates-2026; publisher forms index: state revenue department forms page,"Tax year 2025 resident return instruction booklet (line-by-line rules, worksheets)",yes (2 income-tax files)
us-me,F03,state,state form instructions and rate schedules,EXTRACTABLE,,,"yes (income/main, main)",no TY2025 rate schedule/tax table/flat-rate body in the selection (form bodies: 0); publisher forms index revenue department forms page,"Tax year 2025 rate schedule, tax table or flat rate with the year's dollar thresholds (as printed)",yes (2 income-tax files)
us-me,F04,state,state form instructions and rate schedules,EXTRACTABLE,,,"yes (deductions/standard, income/deductions, income/deductions/standard)",no TY2025 instruction body carrying the printed standard deduction/exemption amounts in the selection; publisher forms index revenue department forms page,Tax year 2025 standard deduction and exemption dollar amounts as printed in the instructions,yes (2 income-tax files)
us-me,F05,state,state form instructions and rate schedules,EXTRACTABLE,,,yes (income/credits/eitc),no TY2025 instruction body carrying the state EITC/child credit parameters in the selection; publisher forms index revenue department forms page,"Tax year 2025 state EITC / child credit parameters as printed in the instructions (percentage of federal, amounts, worksheets)",yes (2 income-tax files)
us-me,F06,state,state department bulletins,PRESENT,2026-07-23-me-individual-income-tax-rates-2026,us-me/guidance/revenue/individual-income-tax/2026/rate-schedules/document-1,"yes (income/main, main)","guidance body ('State of Maine 2026 Individual Income Tax Rates 1', 3161 chars): 'd in 36 M.R.S. § 5111, sub-§§ 1-F, 2-F and 3-F. The Maine standard deduction and personal exemption amounts are adjusted by multiplying the cost-of-living adjustment, 1.279, by the'","Tax year 2026 indexed amounts (rate schedule, standard deduction, exemptions) as published for the year (estimated-tax instructions or department bulletin)",yes (2 income-tax files)
us-mi,S01,state,state statute,PRESENT,2026-07-13-recovery,us-mi/statute/206.51/1,yes (income/rate),"statute body ('206.51 Tax rate on taxable income of person other than corpo', 11767 chars): 'or receiving, earning, or otherwise acquiring income from any source whatsoever, there is levied and imposed under this part upon the taxable income of every person other than a co'",Imposition of the individual income tax (or the constitutional/statutory bar for the nine no-tax states),yes (3 income-tax files)
us-mi,S02,state conformity,state statute,PRESENT,2026-07-13-recovery,us-mi/statute/206.30/10,no,"statute body ('206.30 ""Taxable income"" defined; personal exemption; additio', 43548 chars): 'ernal revenue code were not in effect. (ii) Sections 163(j), 168(k), 174, and 179 of the internal revenue code applied as those provisions were in effect on December 31, 2024. (iii'",Internal Revenue Code conformity date (static or rolling) as defined in the chapter,yes (3 income-tax files)
us-mi,S03,state,state statute,PRESENT,2026-07-13-recovery,us-mi/statute/206.30/10,no,"statute body ('206.30 ""Taxable income"" defined; personal exemption; additio', 43548 chars): 'tribal members, without regard to the source of payment. (J) All gaming winnings. (iii) ""Resident tribal member"" means an individual who meets all of the following criteria: (A) Is'","Resident, nonresident and part-year resident definitions (domicile, statutory residence day count)",yes (3 income-tax files)
us-mi,S04,state conformity,state statute,PRESENT,2026-07-13-recovery,us-mi/statute/206.30/10,yes (income/rate),"statute body ('206.30 ""Taxable income"" defined; personal exemption; additio', 43548 chars): 'cept as otherwise provided under this subdivision, $55,000.00 for a joint return. If both spouses filing a joint return receive retirement or pension benefits from employment with '","Filing statuses and joint/separate return rules (married joint, separate, head of household, surviving spouse)",yes (3 income-tax files)
us-mi,S05,state conformity,state statute,PRESENT,2026-07-13-recovery,us-mi/statute/206.30/10,no,"statute body ('206.30 ""Taxable income"" defined; personal exemption; additio', 43548 chars): '30. (1) ""Taxable income"" means, for a person other than a corporation, estate, or trust, adjusted gross income as defined in the internal revenue code subject to the following adju'","Starting point: state gross/adjusted gross/taxable income defined from federal AGI, federal taxable income, or own gross income",yes (3 income-tax files)
us-mi,S06,state,state statute,PRESENT,2026-07-13-recovery,us-mi/statute/206.51/1,yes (income/rate),"statute body ('206.51 Tax rate on taxable income of person other than corpo', 11767 chars): 'g income from any source whatsoever, there is levied and imposed under this part upon the taxable income of every person other than a corporation a tax at the following rates in th'","Rate schedule: bracket thresholds and marginal rates, or the flat rate (statute)",yes (3 income-tax files)
us-mi,S07,state,state statute,N/A,,,yes (income/rate),"N/A: brackets/deductions are not indexed by statute (analyst knowledge, verify)","Bracket / deduction / exemption indexing rule (inflation adjustment method, base year, rounding)",yes (3 income-tax files)
us-mi,S08,state,state statute,N/A,,,"yes (income/deductions, income/deductions/standard)","N/A: the state has no standard deduction of its own (federal taxable income start or exemption-only design) (analyst knowledge, verify)",Standard deduction amount(s) by filing status (statute),yes (3 income-tax files)
us-mi,S09,state conformity,state statute,N/A,,,yes (income/deductions),"N/A: the state allows no itemized deductions (analyst knowledge, verify)","Itemized deductions: state treatment (federal itemized with modifications, SALT/mortgage limits, own list, or none)",yes (3 income-tax files)
us-mi,S10,state,state statute,EXTRACTABLE,,,"yes (exemptions, income/exemptions)",no selected statute body for this state carries it (selected statute scopes: 2026-07-13-recovery; income-tax chapter rows: 15); the state code is posted by the state code publisher (legislature/revisor site; see queue candidate_sources),Personal exemption amount or personal exemption credit (taxpayer and spouse),yes (3 income-tax files)
us-mi,S11,state,state statute,PRESENT,2026-07-13-recovery,us-mi/statute/206.30/10,"yes (exemptions, income/exemptions)","statute body ('206.30 ""Taxable income"" defined; personal exemption; additio', 43548 chars): 'come and is not the dependent of another taxpayer. (b) A taxpayer may claim a dependency exemption for each individual who is a dependent of the taxpayer for the tax year. (c) A ta'",Dependent exemption or dependent credit amount,yes (3 income-tax files)
us-mi,S12,state,state statute,EXTRACTABLE,,,"yes (exemptions, income/exemptions)",no selected statute body for this state carries it (selected statute scopes: 2026-07-13-recovery; income-tax chapter rows: 15); the state code is posted by the state code publisher (legislature/revisor site; see queue candidate_sources),Additional deduction/exemption/credit for age 65 or over and for blindness,yes (3 income-tax files)
us-mi,S13,state,state statute,PRESENT,2026-07-13-recovery,us-mi/statute/206.30/10,"yes (additions, income/additions)","statute body ('206.30 ""Taxable income"" defined; personal exemption; additio', 43548 chars): 'n the internal revenue code subject to the following adjustments under this section: (a) Add gross interest income and dividends derived from obligations or securities of states ot'",Addition: interest on obligations of other states and their subdivisions,yes (3 income-tax files)
us-mi,S14,state,state statute,PRESENT,2026-07-13-recovery,us-mi/statute/206.30/10,"yes (income/deductions, income/subtractions, subtractions)","statute body ('206.30 ""Taxable income"" defined; personal exemption; additio', 43548 chars): 'es paid by a flow-through entity under part 4. (c) Add losses on the sale or exchange of obligations of the United States government, the income of which this state is prohibited f'",Subtraction: interest on United States obligations,yes (3 income-tax files)
us-mi,S15,state,state statute,PRESENT,2026-07-13-recovery,us-mi/statute/206.30/10,no,"statute body ('206.30 ""Taxable income"" defined; personal exemption; additio', 43548 chars): 'n benefits from employment with a governmental agency that was not covered by the federal social security act, 42 USC 301 to 1397mm, the sum of the deductions under subsection (1)('",Social Security benefits: full exclusion or the partial-taxation rule and its thresholds,yes (3 income-tax files)
us-mi,S16,state,state statute,PRESENT,2026-07-13-recovery,us-mi/statute/206.30/10,no,"statute body ('206.30 ""Taxable income"" defined; personal exemption; additio', 43548 chars): 'in section 86 of the internal revenue code. (iv) Beginning on and after January 1, 2007, retirement or pension benefits not deductible under subparagraph (i) or subdivision (e) fro'","Pension and retirement income exclusion (amounts, age conditions, public vs private)",yes (3 income-tax files)
us-mi,S17,state,state statute,EXTRACTABLE,,,no,no selected statute body for this state carries it (selected statute scopes: 2026-07-13-recovery; income-tax chapter rows: 15); the state code is posted by the state code publisher (legislature/revisor site; see queue candidate_sources),Military pay and military retirement subtraction,yes (3 income-tax files)
us-mi,S18,state,state statute,N/A,,,no,"N/A: capital gains taxed as ordinary income with no state exclusion (analyst knowledge, verify)","Capital gains: exclusion, deduction, or separate rate (where the state departs from ordinary treatment)",yes (3 income-tax files)
us-mi,S19,state,state statute,PRESENT,2026-07-13-recovery,us-mi/statute/206.272,"yes (credits/eitc, income/credits/eitc)","statute body ('206.272', 2843 chars): '-5 Previous Section Next Section INCOME TAX ACT OF 1967 (EXCERPT) Act 281 of 1967 206.272 Earned income tax credit; amount equal to federal credit; refund. Sec. 272. (1) A taxpayer'","State EITC: percentage of the federal credit or own schedule, and refundability",yes (3 income-tax files)
us-mi,S20,state,state statute,PRESENT,2026-07-13-recovery,us-mi/statute/206.272,"yes (credits/eitc, income/credits/eitc)","eligibility read from the EITC section; no deviation text (ITIN/age/childless) matched, so the state appears to follow federal eligibility (verify)","State EITC deviations from federal eligibility (ITIN filers, age 18-24, childless amount, non-custodial), read from the EITC section",yes (3 income-tax files)
us-mi,S21,state,state statute,N/A,,,no,"N/A: no state child credit/child deduction in TY2025 law (analyst knowledge, verify)",State child tax credit / dependent credit / young child credit amount,yes (3 income-tax files)
us-mi,S22,state,state statute,N/A,,,no,"N/A: no state child credit/child deduction in TY2025 law (analyst knowledge, verify)",State child credit phase-out / income limit and refundability,yes (3 income-tax files)
us-mi,S23,state,state statute,N/A,,,no,"N/A: no state child and dependent care credit in TY2025 law (analyst knowledge, verify)",Child and dependent care credit: percentage of the federal credit or own schedule,yes (3 income-tax files)
us-mi,S24,state,state statute,EXTRACTABLE,,,no,no selected statute body for this state carries it (selected statute scopes: 2026-07-13-recovery; income-tax chapter rows: 15); the state code is posted by the state code publisher (legislature/revisor site; see queue candidate_sources),"Credit for income taxes paid to other states (resident credit, limitation)",yes (3 income-tax files)
us-mi,S25,state,state statute,N/A,,,"yes (credits, income/credits)","N/A: no low-income credit/no-tax floor (analyst knowledge, verify)","Low-income credit, no-tax floor, or low-income exclusion (poverty-level relief)",yes (3 income-tax files)
us-mi,S26,state,state statute,EXTRACTABLE,,,yes (credits/homestead_property_tax),no selected statute body for this state carries it (selected statute scopes: 2026-07-13-recovery; income-tax chapter rows: 15); the state code is posted by the state code publisher (legislature/revisor site; see queue candidate_sources),"Property tax circuit breaker, renter or homestead credit claimed on the income tax return",yes (3 income-tax files)
us-mi,S27,state,state statute,EXTRACTABLE,,,"yes (credits, income/credits)",no selected statute body for this state carries it (selected statute scopes: 2026-07-13-recovery; income-tax chapter rows: 15); the state code is posted by the state code publisher (legislature/revisor site; see queue candidate_sources),"Other personal credits enumerated in the credits article (education, adoption, charitable, long-term care, elderly, volunteer, etc.)",yes (3 income-tax files)
us-mi,S28,state,state statute,N/A,,,no,"N/A: no state AMT (analyst knowledge, verify)","State alternative minimum tax (rate, exemption, AMTI base) where enacted",yes (3 income-tax files)
us-mi,S29,state,state statute or bulletin,N/A,,,no,"N/A: no surtax or special individual income tax (analyst knowledge, verify)","Surtax or special individual tax (millionaire surtax, mental health tax, capital gains excise, interest and dividends tax, high-earner tax) where enacted, incl. the year's threshold",yes (3 income-tax files)
us-mi,S30,state,state statute,PRESENT,2026-07-13-recovery,us-mi/statute/206.51/1,no,"statute body ('206.51 Tax rate on taxable income of person other than corpo', 11767 chars): 'f every person other than a corporation for those tax years. (6) The taxable income of a nonresident shall be computed in the same manner that the taxable income of a resident is c'","Nonresident and part-year resident sourcing and apportionment (income from sources within the state, proration)",yes (3 income-tax files)
us-mi,S31,state,state statute,EXTRACTABLE,,,no,no selected statute body for this state carries it (selected statute scopes: 2026-07-13-recovery; income-tax chapter rows: 15); the state code is posted by the state code publisher (legislature/revisor site; see queue candidate_sources),Employer withholding requirement and withholding tables/formula,yes (3 income-tax files)
us-mi,S32,state,state statute,EXTRACTABLE,,,no,no selected statute body for this state carries it (selected statute scopes: 2026-07-13-recovery; income-tax chapter rows: 15); the state code is posted by the state code publisher (legislature/revisor site; see queue candidate_sources),"Individual estimated tax requirement, safe harbor and underpayment interest",yes (3 income-tax files)
us-mi,S33,state,state statute,EXTRACTABLE,,,no,no selected statute body for this state carries it (selected statute scopes: 2026-07-13-recovery; income-tax chapter rows: 15); the state code is posted by the state code publisher (legislature/revisor site; see queue candidate_sources),"Filing threshold: who must file a return (income floor, exemption-based, gross income test)",yes (3 income-tax files)
us-mi,S34,state,state statute,EXTRACTABLE,,,no,no selected statute body for this state carries it (selected statute scopes: 2026-07-13-recovery; income-tax chapter rows: 15); the state code is posted by the state code publisher (legislature/revisor site; see queue candidate_sources),"Return due date, extensions, joint return liability and innocent spouse",yes (3 income-tax files)
us-mi,S35,state,state statute,EXTRACTABLE,,,no,no selected statute body for this state carries it (selected statute scopes: 2026-07-13-recovery; income-tax chapter rows: 15); the state code is posted by the state code publisher (legislature/revisor site; see queue candidate_sources),"Local income taxes (county, municipal, school district, city) authorized or imposed by the state code, where they exist",yes (3 income-tax files)
us-mi,R01,state,state regulation,EXTRACTABLE,,,n/a (document carrier; see the rule elements it carries),no selected regulation scope for this state is a revenue-department income tax regulation (the selected regulation scopes are benefit-program rules); the administrative code chapter is posted by the state's code publisher,State income tax regulations: the revenue department's administrative code chapter on the individual income tax,yes (3 income-tax files)
us-mi,F01,state,state form instructions and rate schedules,EXTRACTABLE,,,n/a (document carrier; see the rule elements it carries),no TY2025 resident return form in any selected form scope (form documents present: none); queue row 'done' points at guidance/2026-07-21-mi-2026-income-tax-rate-notice; publisher forms index: state revenue department forms page,Tax year 2025 resident individual income tax return form,yes (3 income-tax files)
us-mi,F02,state,state form instructions and rate schedules,EXTRACTABLE,,,n/a (document carrier; see the rule elements it carries),no TY2025 resident instruction booklet in any selected form scope (form documents present: none); queue row 'done' points at guidance/2026-07-21-mi-2026-income-tax-rate-notice; publisher forms index: state revenue department forms page,"Tax year 2025 resident return instruction booklet (line-by-line rules, worksheets)",yes (3 income-tax files)
us-mi,F03,state,state form instructions and rate schedules,EXTRACTABLE,,,yes (income/rate),no TY2025 rate schedule/tax table/flat-rate body in the selection (form bodies: 0); publisher forms index revenue department forms page,"Tax year 2025 rate schedule, tax table or flat rate with the year's dollar thresholds (as printed)",yes (3 income-tax files)
us-mi,F04,state,state form instructions and rate schedules,EXTRACTABLE,,,"yes (income/deductions, income/deductions/standard)",no TY2025 instruction body carrying the printed standard deduction/exemption amounts in the selection; publisher forms index revenue department forms page,Tax year 2025 standard deduction and exemption dollar amounts as printed in the instructions,yes (3 income-tax files)
us-mi,F05,state,state form instructions and rate schedules,EXTRACTABLE,,,"yes (credits/eitc, income/credits/eitc)",no TY2025 instruction body carrying the state EITC/child credit parameters in the selection; publisher forms index revenue department forms page,"Tax year 2025 state EITC / child credit parameters as printed in the instructions (percentage of federal, amounts, worksheets)",yes (3 income-tax files)
us-mi,F06,state,state department bulletins,PRESENT,2026-07-21-mi-2026-income-tax-rate-notice,us-mi/guidance/treasury/taxpayer-notices/2026/04/15/individual-income-tax-rate/rate-determination,yes (income/rate),"guidance body ('2026 individual income-tax rate determination', 1089 chars): 'ase in general fund revenue from the immediately preceding state fiscal year exceeded the inflation rate for the same period. That determination is required to be made jointly by t'","Tax year 2026 indexed amounts (rate schedule, standard deduction, exemptions) as published for the year (estimated-tax instructions or department bulletin)",yes (3 income-tax files)
us-mn,S01,state,state statute,PRESENT,2026-07-13-recovery,us-mn/statute/290.06/block-7,"yes (income/rates, main, rates)","statute body ('Subdivision 1. Computation, corporations.', 122 chars): 'The franchise tax imposed upon corporations shall be computed by applying to their taxable income the rate of 9.8 percent.'",Imposition of the individual income tax (or the constitutional/statutory bar for the nine no-tax states),yes (1 income-tax files)
us-mn,S02,state conformity,state statute,EXTRACTABLE,,,no,no selected statute body for this state carries it (selected statute scopes: 2026-07-13-recovery; income-tax chapter rows: 125); the state code is posted by the state code publisher (legislature/revisor site; see queue candidate_sources),Internal Revenue Code conformity date (static or rolling) as defined in the chapter,yes (1 income-tax files)
us-mn,S03,state,state statute,PRESENT,2026-07-13-recovery,us-mn/statute/290.06/block-62,no,"statute body ('Subd. 37. Beginning farmer incentive credit.', 2432 chars): 'her executed agreement, as of the last day of the taxable year. (e) For a nonresident or part-year resident, the credit under this section must be allocated using the percentage ca'","Resident, nonresident and part-year resident definitions (domicile, statutory residence day count)",yes (1 income-tax files)
us-mn,S04,state conformity,state statute,PRESENT,2026-07-13-recovery,us-mn/statute/290.0123/block-7,"yes (income/rates, main, rates)","statute body ('Subdivision 1. Standard deduction amount.', 366 chars): 'duction equals: (1) for a married joint filer or a surviving spouse, $27,650; (2) for a head of household filer, $20,800; or (3) for any other filer, one-half the amount in clause '","Filing statuses and joint/separate return rules (married joint, separate, head of household, surviving spouse)",yes (1 income-tax files)
us-mn,S05,state conformity,state statute,PRESENT,2026-07-13-recovery,us-mn/statute/290.0121/block-8,no,"statute body ('Subd. 2. Disallowed exemption amount.', 1030 chars): 'wo percentage points for each $1,250, or fraction of that amount, by which the taxpayer's federal adjusted gross income for the taxable year exceeds the threshold amount. For all o'","Starting point: state gross/adjusted gross/taxable income defined from federal AGI, federal taxable income, or own gross income",yes (1 income-tax files)
us-mn,S06,state,state statute,PRESENT,2026-07-13-recovery,us-mn/statute/290.06/block-12,"yes (income/rates, main, rates)","statute body ('Subd. 2c. Schedules of rates for individuals, estates, and t', 4215 chars): 'g to their taxable net income the following schedule of rates: (1) On the first $38,770, 5.35 percent; (2) On all over $38,770, but not over $154,020, 6.8 percent; (3) On all over '","Rate schedule: bracket thresholds and marginal rates, or the flat rate (statute)",yes (1 income-tax files)
us-mn,S07,state,state statute,PRESENT,2026-07-13-recovery,us-mn/statute/290.0121/block-9,"yes (income/rates, main, rates)","statute body ('Subd. 3. Inflation adjustment.', 494 chars): 'For taxable years beginning after December 31, 2019, the commissioner must adjust for inflation the exemption amount in subdivision 1, paragraph (b), and the threshold amounts in s'","Bracket / deduction / exemption indexing rule (inflation adjustment method, base year, rounding)",yes (1 income-tax files)
us-mn,S08,state,state statute,PRESENT,2026-07-13-recovery,us-mn/statute/290.0123/block-7,"yes (deductions/standard, income/deductions, income/deductions/standard)","statute body ('Subdivision 1. Standard deduction amount.', 366 chars): 'A taxpayer's standard deduction equals: (1) for a married joint filer or a surviving spouse, $27,650; (2) for a head of household filer, $20,800; or (3) for any other filer, one-ha'",Standard deduction amount(s) by filing status (statute),yes (1 income-tax files)
us-mn,S09,state conformity,state statute,EXTRACTABLE,,,"yes (deductions/itemized, income/deductions, income/deductions/itemized)",no selected statute body for this state carries it (selected statute scopes: 2026-07-13-recovery; income-tax chapter rows: 125); the state code is posted by the state code publisher (legislature/revisor site; see queue candidate_sources),"Itemized deductions: state treatment (federal itemized with modifications, SALT/mortgage limits, own list, or none)",yes (1 income-tax files)
us-mn,S10,state,state statute,PRESENT,2026-07-13-recovery,us-mn/statute/290.0121/block-7,"yes (exemptions, income/exemptions)","statute body ('Subdivision 1. Exemption amount.', 383 chars): 'emption amount under subdivision 2, but the remainder may not be less than zero. (b) The exemption amount equals $4,250.'",Personal exemption amount or personal exemption credit (taxpayer and spouse),yes (1 income-tax files)
us-mn,S11,state,state statute,PRESENT,2026-07-13-recovery,us-mn/statute/290.0121/block-7,"yes (exemptions, income/exemptions)","statute body ('Subdivision 1. Exemption amount.', 383 chars): '(a) A taxpayer's dependent exemption equals: (1) the exemption amount multiplied by the number of individuals who are dependents, as defined in sections 151 and 152 of the Internal'",Dependent exemption or dependent credit amount,yes (1 income-tax files)
us-mn,S12,state,state statute,PRESENT,2026-07-13-recovery,us-mn/statute/290.0123/block-8,"yes (exemptions, income/exemptions)","statute body ('Subd. 2. Additional amount for seniors or blind taxpayers.', 932 chars): '(a) The additional amount equals the sum of the following amounts: (1) $1,450 if the taxpayer has attained age 65 before the close of the taxable year or $1,850 for such a taxpayer'",Additional deduction/exemption/credit for age 65 or over and for blindness,yes (1 income-tax files)
us-mn,S13,state,state statute,EXTRACTABLE,,,"yes (additions, income/additions)",no selected statute body for this state carries it (selected statute scopes: 2026-07-13-recovery; income-tax chapter rows: 125); the state code is posted by the state code publisher (legislature/revisor site; see queue candidate_sources),Addition: interest on obligations of other states and their subdivisions,yes (1 income-tax files)
us-mn,S14,state,state statute,EXTRACTABLE,,,"yes (income/deductions, income/subtractions, subtractions)",no selected statute body for this state carries it (selected statute scopes: 2026-07-13-recovery; income-tax chapter rows: 125); the state code is posted by the state code publisher (legislature/revisor site; see queue candidate_sources),Subtraction: interest on United States obligations,yes (1 income-tax files)
us-mn,S15,state,state statute,EXTRACTABLE,,,"yes (income/subtractions/social_security, social_security, subtractions/social_security)",no selected statute body for this state carries it (selected statute scopes: 2026-07-13-recovery; income-tax chapter rows: 125); the state code is posted by the state code publisher (legislature/revisor site; see queue candidate_sources),Social Security benefits: full exclusion or the partial-taxation rule and its thresholds,yes (1 income-tax files)
us-mn,S16,state,state statute,EXTRACTABLE,,,"yes (income/subtractions/social_security, social_security, subtractions/social_security)",no selected statute body for this state carries it (selected statute scopes: 2026-07-13-recovery; income-tax chapter rows: 125); the state code is posted by the state code publisher (legislature/revisor site; see queue candidate_sources),"Pension and retirement income exclusion (amounts, age conditions, public vs private)",yes (1 income-tax files)
us-mn,S17,state,state statute,PRESENT,2026-07-13-recovery,us-mn/statute/290.067/block-7,no,"statute body ('Subdivision 1. Amount of credit.', 4152 chars): 'ed income of the claimant and the claimant's spouse. (f) For residents of Minnesota, the subtractions for military pay under section 290.0132, subdivisions 11 and 12, are not consi'",Military pay and military retirement subtraction,yes (1 income-tax files)
us-mn,S18,state,state statute,N/A,,,no,"N/A: capital gains taxed as ordinary income with no state exclusion (analyst knowledge, verify)","Capital gains: exclusion, deduction, or separate rate (where the state departs from ordinary treatment)",yes (1 income-tax files)
us-mn,S19,state,state statute,PRESENT,2026-07-13-recovery,us-mn/statute/290.0671/block-7,no,"statute body ('Subdivision 1. Credit allowed.', 2203 chars): 'de; and (3) section 32(m) of the Internal Revenue Code does not apply. (b) A taxpayer's working family credit equals four percent of the first $8,750 of earned income. (c) The cred'","State EITC: percentage of the federal credit or own schedule, and refundability",yes (1 income-tax files)
us-mn,S20,state,state statute,PRESENT,2026-07-13-recovery,us-mn/statute/290.0671/block-7,no,"eligibility read from the EITC section; no deviation text (ITIN/age/childless) matched, so the state appears to follow federal eligibility (verify)","State EITC deviations from federal eligibility (ITIN filers, age 18-24, childless amount, non-custodial), read from the EITC section",yes (1 income-tax files)
us-mn,S21,state,state statute,PRESENT,2026-07-13-recovery,us-mn/statute/290.0671/block-7,no,"statute body ('Subdivision 1. Credit allowed.', 2203 chars): '(3) section 32(m) of the Internal Revenue Code does not apply. (b) A taxpayer's working family credit equals four percent of the first $8,750 of earned income. (c) The credit under'",State child tax credit / dependent credit / young child credit amount,yes (1 income-tax files)
us-mn,S22,state,state statute,EXTRACTABLE,,,no,no selected statute body for this state carries it (selected statute scopes: 2026-07-13-recovery; income-tax chapter rows: 125); the state code is posted by the state code publisher (legislature/revisor site; see queue candidate_sources),State child credit phase-out / income limit and refundability,yes (1 income-tax files)
us-mn,S23,state,state statute,EXTRACTABLE,,,"yes (credits/cdcc, income/credits/cdcc)",no selected statute body for this state carries it (selected statute scopes: 2026-07-13-recovery; income-tax chapter rows: 125); the state code is posted by the state code publisher (legislature/revisor site; see queue candidate_sources),Child and dependent care credit: percentage of the federal credit or own schedule,yes (1 income-tax files)
us-mn,S24,state,state statute,PRESENT,2026-07-13-recovery,us-mn/statute/290.06/block-45,no,"statute body ('Subd. 22. Credit for taxes paid to another state.', 7352 chars): 'h (f), upon income allocated or apportioned to Minnesota, is entitled to a credit for the tax paid to another state if the tax is actually paid in the taxable year or a subsequent '","Credit for income taxes paid to other states (resident credit, limitation)",yes (1 income-tax files)
us-mn,S25,state,state statute,N/A,,,"yes (credits, income/credits)","N/A: no low-income credit/no-tax floor (analyst knowledge, verify)","Low-income credit, no-tax floor, or low-income exclusion (poverty-level relief)",yes (1 income-tax files)
us-mn,S26,state,state statute,EXTRACTABLE,,,yes (credits/renters),no selected statute body for this state carries it (selected statute scopes: 2026-07-13-recovery; income-tax chapter rows: 125); the state code is posted by the state code publisher (legislature/revisor site; see queue candidate_sources),"Property tax circuit breaker, renter or homestead credit claimed on the income tax return",yes (1 income-tax files)
us-mn,S27,state,state statute,EXTRACTABLE,,,"yes (credits, income/credits)",no selected statute body for this state carries it (selected statute scopes: 2026-07-13-recovery; income-tax chapter rows: 125); the state code is posted by the state code publisher (legislature/revisor site; see queue candidate_sources),"Other personal credits enumerated in the credits article (education, adoption, charitable, long-term care, elderly, volunteer, etc.)",yes (1 income-tax files)
us-mn,S28,state,state statute,EXTRACTABLE,,,"yes (amt, income/amt)",no selected statute body for this state carries it (selected statute scopes: 2026-07-13-recovery; income-tax chapter rows: 125); the state code is posted by the state code publisher (legislature/revisor site; see queue candidate_sources),"State alternative minimum tax (rate, exemption, AMTI base) where enacted",yes (1 income-tax files)
us-mn,S29,state,state statute or bulletin,N/A,,,yes (income/niit),"N/A: no surtax or special individual income tax (analyst knowledge, verify)","Surtax or special individual tax (millionaire surtax, mental health tax, capital gains excise, interest and dividends tax, high-earner tax) where enacted, incl. the year's threshold",yes (1 income-tax files)
us-mn,S30,state,state statute,PRESENT,2026-07-13-recovery,us-mn/statute/290.06/block-62,no,"statute body ('Subd. 37. Beginning farmer incentive credit.', 2432 chars): 'ments or any other executed agreement, as of the last day of the taxable year. (e) For a nonresident or part-year resident, the credit under this section must be allocated using th'","Nonresident and part-year resident sourcing and apportionment (income from sources within the state, proration)",yes (1 income-tax files)
us-mn,S31,state,state statute,EXTRACTABLE,,,no,no selected statute body for this state carries it (selected statute scopes: 2026-07-13-recovery; income-tax chapter rows: 125); the state code is posted by the state code publisher (legislature/revisor site; see queue candidate_sources),Employer withholding requirement and withholding tables/formula,yes (1 income-tax files)
us-mn,S32,state,state statute,EXTRACTABLE,,,no,no selected statute body for this state carries it (selected statute scopes: 2026-07-13-recovery; income-tax chapter rows: 125); the state code is posted by the state code publisher (legislature/revisor site; see queue candidate_sources),"Individual estimated tax requirement, safe harbor and underpayment interest",yes (1 income-tax files)
us-mn,S33,state,state statute,EXTRACTABLE,,,no,no selected statute body for this state carries it (selected statute scopes: 2026-07-13-recovery; income-tax chapter rows: 125); the state code is posted by the state code publisher (legislature/revisor site; see queue candidate_sources),"Filing threshold: who must file a return (income floor, exemption-based, gross income test)",yes (1 income-tax files)
us-mn,S34,state,state statute,PRESENT,2026-07-13-recovery,us-mn/statute/290.06/block-47,no,"statute body ('Subd. 23. Refund of contributions to political parties and c', 3679 chars): 'than January 1 of the calendar year in which the contribution was made and no later than April 15 of the calendar year following the calendar year in which the contribution was mad'","Return due date, extensions, joint return liability and innocent spouse",yes (1 income-tax files)
us-mn,S35,state,state statute,N/A,,,no,"N/A: no local income tax authorized by the state code (analyst knowledge, verify)","Local income taxes (county, municipal, school district, city) authorized or imposed by the state code, where they exist",yes (1 income-tax files)
us-mn,R01,state,state regulation,EXTRACTABLE,,,n/a (document carrier; see the rule elements it carries),no selected regulation scope for this state is a revenue-department income tax regulation (the selected regulation scopes are benefit-program rules); the administrative code chapter is posted by the state's code publisher,State income tax regulations: the revenue department's administrative code chapter on the individual income tax,yes (1 income-tax files)
us-mn,F01,state,state form instructions and rate schedules,EXTRACTABLE,,,n/a (document carrier; see the rule elements it carries),no TY2025 resident return form in any selected form scope (form documents present: none); queue row 'done' points at guidance/2026-07-22-mn-income-tax-inflation-adjusted-amounts-2026; publisher forms index: state revenue department forms page,Tax year 2025 resident individual income tax return form,yes (1 income-tax files)
us-mn,F02,state,state form instructions and rate schedules,EXTRACTABLE,,,n/a (document carrier; see the rule elements it carries),no TY2025 resident instruction booklet in any selected form scope (form documents present: none); queue row 'done' points at guidance/2026-07-22-mn-income-tax-inflation-adjusted-amounts-2026; publisher forms index: state revenue department forms page,"Tax year 2025 resident return instruction booklet (line-by-line rules, worksheets)",yes (1 income-tax files)
us-mn,F03,state,state form instructions and rate schedules,EXTRACTABLE,,,"yes (income/rates, main, rates)",no TY2025 rate schedule/tax table/flat-rate body in the selection (form bodies: 0); publisher forms index revenue department forms page,"Tax year 2025 rate schedule, tax table or flat rate with the year's dollar thresholds (as printed)",yes (1 income-tax files)
us-mn,F04,state,state form instructions and rate schedules,EXTRACTABLE,,,"yes (deductions/standard, income/deductions, income/deductions/standard)",no TY2025 instruction body carrying the printed standard deduction/exemption amounts in the selection; publisher forms index revenue department forms page,Tax year 2025 standard deduction and exemption dollar amounts as printed in the instructions,yes (1 income-tax files)
us-mn,F05,state,state form instructions and rate schedules,EXTRACTABLE,,,no,no TY2025 instruction body carrying the state EITC/child credit parameters in the selection; publisher forms index revenue department forms page,"Tax year 2025 state EITC / child credit parameters as printed in the instructions (percentage of federal, amounts, worksheets)",yes (1 income-tax files)
us-mn,F06,state,state department bulletins,REVIEW,2026-07-22-mn-income-tax-inflation-adjusted-amounts-2026,us-mn/guidance/department-of-revenue/inflation-adjusted-amounts/2026/income-tax-brackets/married-joint-or-surviving-spouse,"yes (income/rates, main, rates)","guidance body ('married-joint-or-surviving-spouse', 106 chars): '2nd Bracket Threshold 2019 $48,700 3rd Bracket Threshold 2019 $193,480 4th Bracket Threshold 2019 $337,930'; NOTE: the body itself does not state 2026, the year comes from the scope/document label; the MN inflation-adjusted-amounts bodies carry columns labelled 2019, so the 2026 figures are NOT verifiably in the corpus (extraction defect)","Tax year 2026 indexed amounts (rate schedule, standard deduction, exemptions) as published for the year (estimated-tax instructions or department bulletin)",yes (1 income-tax files)
us-mo,S01,state,state statute,PRESENT,2026-07-16-pit-central-us-mo-143,us-mo/statute/143.011,"yes (income/rates, rates)","statute body ('Resident individuals — tax rates — rate reductions, when', 5845 chars): '1. A tax is hereby imposed for every taxable year on the Missouri taxable income of every resident. The tax shall be determined by applying the tax table or the rate provided in s'",Imposition of the individual income tax (or the constitutional/statutory bar for the nine no-tax states),yes (2 income-tax files)
us-mo,S02,state conformity,state statute,PRESENT,2026-07-16-pit-central-us-mo-143,us-mo/statute/143.121,no,"statute body ('Missouri adjusted gross income', 20006 chars): 'ceeds the amount that would have been deductible pursuant to 26 U.S.C. Section 168 of the Internal Revenue Code of 1986 as in effect on January 1, 2002; (4) The amount of any deduc'",Internal Revenue Code conformity date (static or rolling) as defined in the chapter,yes (2 income-tax files)
us-mo,S03,state,state statute,PRESENT,2026-07-16-pit-central-us-mo-143,us-mo/statute/143.101,no,"statute body ('Definitions', 551 chars): '1. ""Resident"" means an individual who is domiciled in this state, unless he (1) maintains no permanent place'","Resident, nonresident and part-year resident definitions (domicile, statutory residence day count)",yes (2 income-tax files)
us-mo,S04,state conformity,state statute,PRESENT,2026-07-16-pit-central-us-mo-143,us-mo/statute/143.031,"yes (income/rates, rates)","statute body ('Combined return of husband and wife', 829 chars): '1. A husband and wife who file a joint federal income tax return shall file a combined return. A husband and wife who do not fil'","Filing statuses and joint/separate return rules (married joint, separate, head of household, surviving spouse)",yes (2 income-tax files)
us-mo,S05,state conformity,state statute,PRESENT,2026-07-16-pit-central-us-mo-143,us-mo/statute/143.121,no,"statute body ('Missouri adjusted gross income', 20006 chars): '1. The Missouri adjusted gross income of a resident individual shall be the taxpayer's federal adjusted gross income subject to the modifications in this section. 2. There shall be'","Starting point: state gross/adjusted gross/taxable income defined from federal AGI, federal taxable income, or own gross income",yes (2 income-tax files)
us-mo,S06,state,state statute,PRESENT,2026-07-16-pit-central-us-mo-143,us-mo/statute/143.011,"yes (income/rates, rates)","statute body ('Resident individuals — tax rates — rate reductions, when', 5845 chars): 'Missouri taxable income is: The tax is: $0 to $1,348: $0 Over $1,348 but not over $2,696: 2.0% of excess over $1,348 Over $2,696 but not over $4,044: $27 plus 2.5% of excess over $'","Rate schedule: bracket thresholds and marginal rates, or the flat rate (statute)",yes (2 income-tax files)
us-mo,S07,state,state statute,PRESENT,2026-07-16-pit-central-us-mo-143,us-mo/statute/143.011,"yes (income/rates, rates)","statute body ('Resident individuals — tax rates — rate reductions, when', 5845 chars): 'he second highest remaining income bracket. 5. Beginning with the 2017 calendar year, the brackets of Missouri taxable income identified in subsection 1 of this section shall be ad'","Bracket / deduction / exemption indexing rule (inflation adjustment method, base year, rounding)",yes (2 income-tax files)
us-mo,S08,state,state statute,PRESENT,2026-07-16-pit-central-us-mo-143,us-mo/statute/143.131,"yes (deductions, income/deductions)","statute body ('Missouri standard deduction, when used, amount', 304 chars): 'use has elected to itemize his deduction as provided in section 143.141 . 2. The Missouri standard deduction shall be the allowable federal standard deduction.'",Standard deduction amount(s) by filing status (statute),yes (2 income-tax files)
us-mo,S09,state conformity,state statute,PRESENT,2026-07-16-pit-central-us-mo-143,us-mo/statute/143.111,"yes (deductions, deductions/itemized, income/deductions)","statute body ('Missouri taxable income', 469 chars): 'ri adjusted gross income less: (1) Either the Missouri standard deduction or the Missouri itemized deduction; (2) The Missouri deduction for personal exemptions; (3) The Missouri d'","Itemized deductions: state treatment (federal itemized with modifications, SALT/mortgage limits, own list, or none)",yes (2 income-tax files)
us-mo,S10,state,state statute,N/A,,,"yes (exemptions, income/exemptions)","N/A: no separate personal/dependent exemption or exemption credit (federal taxable income start) (analyst knowledge, verify)",Personal exemption amount or personal exemption credit (taxpayer and spouse),yes (2 income-tax files)
us-mo,S11,state,state statute,N/A,,,"yes (exemptions, income/exemptions)","N/A: no separate personal/dependent exemption or exemption credit (federal taxable income start) (analyst knowledge, verify)",Dependent exemption or dependent credit amount,yes (2 income-tax files)
us-mo,S12,state,state statute,EXTRACTABLE,,,"yes (exemptions, income/exemptions)",no selected statute body for this state carries it (selected statute scopes: 2026-07-16-pit-central-us-mo-143; income-tax chapter rows: 168); the state code is posted by the state code publisher (legislature/revisor site; see queue candidate_sources),Additional deduction/exemption/credit for age 65 or over and for blindness,yes (2 income-tax files)
us-mo,S13,state,state statute,EXTRACTABLE,,,no,no selected statute body for this state carries it (selected statute scopes: 2026-07-16-pit-central-us-mo-143; income-tax chapter rows: 168); the state code is posted by the state code publisher (legislature/revisor site; see queue candidate_sources),Addition: interest on obligations of other states and their subdivisions,yes (2 income-tax files)
us-mo,S14,state,state statute,PRESENT,2026-07-16-pit-central-us-mo-143,us-mo/statute/143.121,"yes (income/deductions, income/subtractions, subtractions)","statute body ('Missouri adjusted gross income', 20006 chars): 'usted gross income the following amounts to the extent included in federal adjusted gross income: (1) Interest received on deposits held at a federal reserve bank or interest or di'",Subtraction: interest on United States obligations,yes (2 income-tax files)
us-mo,S15,state,state statute,PRESENT,2026-07-16-pit-central-us-mo-143,us-mo/statute/143.124,no,"statute body ('Annuities, pensions, retirement benefits, or retirement allo', 12853 chars): 'iling for his or her filing status. 5. For purposes of this subsection, the term ""maximum Social Security benefit available"" shall mean thirty-two thousand five hundred dollars for'",Social Security benefits: full exclusion or the partial-taxation rule and its thresholds,yes (2 income-tax files)
us-mo,S16,state,state statute,PRESENT,2026-07-16-pit-central-us-mo-143,us-mo/statute/143.123,no,"statute body ('Taxes on annuities, pensions and retirement allowances, subt', 291 chars): 'Any six thousand dollar subtraction provided by law for annuities, pensions, and retirement allowances in total per taxpayer, as hereafter provided by subsequent law, shall be impl'","Pension and retirement income exclusion (amounts, age conditions, public vs private)",yes (2 income-tax files)
us-mo,S17,state,state statute,PRESENT,2026-07-16-pit-central-us-mo-143,us-mo/statute/143.175,no,"statute body ('Military personnel, reserves and inactive duty training, ded', 1957 chars): 'educted from their Missouri combined adjusted gross income. Such military income shall be deducted as follows: (a) For the tax year beginning on or after January 1, 2020, twenty pe'",Military pay and military retirement subtraction,yes (2 income-tax files)
us-mo,S18,state,state statute,PRESENT,2026-07-16-pit-central-us-mo-143,us-mo/statute/143.121,no,"statute body ('Missouri adjusted gross income', 20006 chars): ') of this subdivision, the amount that may be subtracted shall be equal to the portion of capital gains received from the sale of such farmland that such taxpayer receives in the t'","Capital gains: exclusion, deduction, or separate rate (where the state departs from ordinary treatment)",yes (2 income-tax files)
us-mo,S19,state,state statute,PRESENT,2026-07-16-pit-central-us-mo-143,us-mo/statute/143.177,"yes (credits/wftc, income/credits/wftc, wftc)","statute body ('Missouri working family tax credit act — definitions — tax c', 4642 chars): 'withholding tax imposed under sections 143.191 to 143.265 , and who is allowed a federal earned income tax credit under 26 U.S.C. Section 32, as amended; (3) ""Tax credit"" , a credi'","State EITC: percentage of the federal credit or own schedule, and refundability",yes (2 income-tax files)
us-mo,S20,state,state statute,PRESENT,2026-07-16-pit-central-us-mo-143,us-mo/statute/143.177,"yes (credits/wftc, income/credits/wftc, wftc)","eligibility read from the EITC section; no deviation text (ITIN/age/childless) matched, so the state appears to follow federal eligibility (verify)","State EITC deviations from federal eligibility (ITIN filers, age 18-24, childless amount, non-custodial), read from the EITC section",yes (2 income-tax files)
us-mo,S21,state,state statute,N/A,,,no,"N/A: no state child credit/child deduction in TY2025 law (analyst knowledge, verify)",State child tax credit / dependent credit / young child credit amount,yes (2 income-tax files)
us-mo,S22,state,state statute,N/A,,,no,"N/A: no state child credit/child deduction in TY2025 law (analyst knowledge, verify)",State child credit phase-out / income limit and refundability,yes (2 income-tax files)
us-mo,S23,state,state statute,N/A,,,no,"N/A: no state child and dependent care credit in TY2025 law (analyst knowledge, verify)",Child and dependent care credit: percentage of the federal credit or own schedule,yes (2 income-tax files)
us-mo,S24,state,state statute,PRESENT,2026-07-16-pit-central-us-mo-143,us-mo/statute/143.081,no,"statute body ('Credit for income tax paid to another state', 3384 chars): 'he tax otherwise due pursuant to sections 143.005 to 143.998 for the amount of any income tax imposed for the taxable year by another state of the United States (or a political sub'","Credit for income taxes paid to other states (resident credit, limitation)",yes (2 income-tax files)
us-mo,S25,state,state statute,PRESENT,2026-07-16-pit-central-us-mo-143,us-mo/statute/143.021,"yes (credits, income/credits)","statute body ('Tax determined by rates in section 143.011 — no tax on taxab', 846 chars): 'tion 143.011 . For all tax years beginning on or before December 31, 2022, there shall be no tax on a taxable income of less than one hundred dollars. 2. (1) Notwithstanding the pr'","Low-income credit, no-tax floor, or low-income exclusion (poverty-level relief)",yes (2 income-tax files)
us-mo,S26,state,state statute,EXTRACTABLE,,,"yes (credits/property_tax, income/credits/property_tax)",no selected statute body for this state carries it (selected statute scopes: 2026-07-16-pit-central-us-mo-143; income-tax chapter rows: 168); the state code is posted by the state code publisher (legislature/revisor site; see queue candidate_sources),"Property tax circuit breaker, renter or homestead credit claimed on the income tax return",yes (2 income-tax files)
us-mo,S27,state,state statute,EXTRACTABLE,,,"yes (credits, income/credits)",no selected statute body for this state carries it (selected statute scopes: 2026-07-16-pit-central-us-mo-143; income-tax chapter rows: 168); the state code is posted by the state code publisher (legislature/revisor site; see queue candidate_sources),"Other personal credits enumerated in the credits article (education, adoption, charitable, long-term care, elderly, volunteer, etc.)",yes (2 income-tax files)
us-mo,S28,state,state statute,N/A,,,no,"N/A: no state AMT (analyst knowledge, verify)","State alternative minimum tax (rate, exemption, AMTI base) where enacted",yes (2 income-tax files)
us-mo,S29,state,state statute or bulletin,N/A,,,no,"N/A: no surtax or special individual income tax (analyst knowledge, verify)","Surtax or special individual tax (millionaire surtax, mental health tax, capital gains excise, interest and dividends tax, high-earner tax) where enacted, incl. the year's threshold",yes (2 income-tax files)
us-mo,S30,state,state statute,PRESENT,2026-07-16-pit-central-us-mo-143,us-mo/statute/143.041,no,"statute body ('Nonresident individual — inapplicable to out-of-state busine', 658 chars): '1. A tax is hereby imposed for every taxable year on the income of every nonresident individual which is derived from sources within this state. The tax shall be that amount which '","Nonresident and part-year resident sourcing and apportionment (income from sources within the state, proration)",yes (2 income-tax files)
us-mo,S31,state,state statute,PRESENT,2026-07-16-pit-central-us-mo-143,us-mo/statute/143.191,no,"statute body ('Employer to withhold tax from wages — armed services, withho', 5053 chars): 'ps received by the employer and remitted to the employee. If an employee shares tips, the employer shall withhold only from the employee who actually receives * the shared tips. Th'",Employer withholding requirement and withholding tables/formula,yes (2 income-tax files)
us-mo,S32,state,state statute,PRESENT,2026-07-16-pit-central-us-mo-143,us-mo/statute/143.521,no,"statute body ('Declarations of estimated tax', 2936 chars): '1. Every resident and nonresident individual shall make a declaration of estimated tax for the taxable year, in such form as the director of revenue may prescribe if the Missou'","Individual estimated tax requirement, safe harbor and underpayment interest",yes (2 income-tax files)
us-mo,S33,state,state statute,PRESENT,2026-07-16-pit-central-us-mo-143,us-mo/statute/143.411,no,"statute body ('Resident partner modifications — nonresident partners, compo', 5072 chars): 'ssouri income tax for a nonresident partner if: (1) The nonresident partner not otherwise required to file a return agrees to have the Missouri income tax due paid as part of the p'","Filing threshold: who must file a return (income floor, exemption-based, gross income test)",yes (2 income-tax files)
us-mo,S34,state,state statute,PRESENT,2026-07-16-pit-central-us-mo-143,us-mo/statute/143.511,no,"statute body ('Time and place for filing returns and paying tax, exception', 832 chars): 'ncome tax returns required by sections 143.011 to 143.996 shall be filed on or before the fifteenth day of the fourth month following the close of the taxpayer's taxable year excep'","Return due date, extensions, joint return liability and innocent spouse",yes (2 income-tax files)
us-mo,S35,state,state statute,EXTRACTABLE,,,yes (gov/local/mo),no selected statute body for this state carries it (selected statute scopes: 2026-07-16-pit-central-us-mo-143; income-tax chapter rows: 168); the state code is posted by the state code publisher (legislature/revisor site; see queue candidate_sources),"Local income taxes (county, municipal, school district, city) authorized or imposed by the state code, where they exist",yes (2 income-tax files)
us-mo,R01,state,state regulation,EXTRACTABLE,,,n/a (document carrier; see the rule elements it carries),no selected regulation scope for this state is a revenue-department income tax regulation (the selected regulation scopes are benefit-program rules); the administrative code chapter is posted by the state's code publisher,State income tax regulations: the revenue department's administrative code chapter on the individual income tax,yes (2 income-tax files)
us-mo,F01,state,state form instructions and rate schedules,EXTRACTABLE,,,n/a (document carrier; see the rule elements it carries),no TY2025 resident return form in any selected form scope (form documents present: none); queue row 'done' points at None/None; publisher forms index: state revenue department forms page,Tax year 2025 resident individual income tax return form,yes (2 income-tax files)
us-mo,F02,state,state form instructions and rate schedules,EXTRACTABLE,,,n/a (document carrier; see the rule elements it carries),no TY2025 resident instruction booklet in any selected form scope (form documents present: none); queue row 'done' points at None/None; publisher forms index: state revenue department forms page,"Tax year 2025 resident return instruction booklet (line-by-line rules, worksheets)",yes (2 income-tax files)
us-mo,F03,state,state form instructions and rate schedules,EXTRACTABLE,,,"yes (income/rates, rates)",no TY2025 rate schedule/tax table/flat-rate body in the selection (form bodies: 0); publisher forms index revenue department forms page,"Tax year 2025 rate schedule, tax table or flat rate with the year's dollar thresholds (as printed)",yes (2 income-tax files)
us-mo,F04,state,state form instructions and rate schedules,EXTRACTABLE,,,"yes (deductions, income/deductions)",no TY2025 instruction body carrying the printed standard deduction/exemption amounts in the selection; publisher forms index revenue department forms page,Tax year 2025 standard deduction and exemption dollar amounts as printed in the instructions,yes (2 income-tax files)
us-mo,F05,state,state form instructions and rate schedules,EXTRACTABLE,,,"yes (credits/wftc, income/credits/wftc, wftc)",no TY2025 instruction body carrying the state EITC/child credit parameters in the selection; publisher forms index revenue department forms page,"Tax year 2025 state EITC / child credit parameters as printed in the instructions (percentage of federal, amounts, worksheets)",yes (2 income-tax files)
us-mo,F06,state,state department bulletins,REVIEW,,,"yes (income/rates, rates)",no 2026-labelled body with amounts in any selected scope and the queue row records no 2026 product; whether the department has posted TY2026 figures (most publish them in the 2026 estimated-tax or withholding instructions) was not verified,"Tax year 2026 indexed amounts (rate schedule, standard deduction, exemptions) as published for the year (estimated-tax instructions or department bulletin)",yes (2 income-tax files)
us-ms,S01,state,state statute,PRESENT,2026-07-16-pit-central-us-ms-section-27-7-5,us-ms/statute/27-7-5,yes (income/rate),"statute body ('Rate of tax', 5131 chars): '(1) (a) Except as otherwise provided in this section, there is hereby assessed and levied, to be collected and paid as hereinafter provided, for the calendar year 1983 and fiscal y'",Imposition of the individual income tax (or the constitutional/statutory bar for the nine no-tax states),yes (1 income-tax files)
us-ms,S02,state conformity,state statute,EXTRACTABLE,,,no,no selected statute body for this state carries it (selected statute scopes: 2026-07-16-pit-central-us-ms-section-27-7-5; income-tax chapter rows: 1); the state code is posted by the state code publisher (legislature/revisor site; see queue candidate_sources),Internal Revenue Code conformity date (static or rolling) as defined in the chapter,yes (1 income-tax files)
us-ms,S03,state,state statute,EXTRACTABLE,,,no,no selected statute body for this state carries it (selected statute scopes: 2026-07-16-pit-central-us-ms-section-27-7-5; income-tax chapter rows: 1); the state code is posted by the state code publisher (legislature/revisor site; see queue candidate_sources),"Resident, nonresident and part-year resident definitions (domicile, statutory residence day count)",yes (1 income-tax files)
us-ms,S04,state conformity,state statute,EXTRACTABLE,,,yes (income/rate),no selected statute body for this state carries it (selected statute scopes: 2026-07-16-pit-central-us-ms-section-27-7-5; income-tax chapter rows: 1); the state code is posted by the state code publisher (legislature/revisor site; see queue candidate_sources),"Filing statuses and joint/separate return rules (married joint, separate, head of household, surviving spouse)",yes (1 income-tax files)
us-ms,S05,state conformity,state statute,EXTRACTABLE,,,no,no selected statute body for this state carries it (selected statute scopes: 2026-07-16-pit-central-us-ms-section-27-7-5; income-tax chapter rows: 1); the state code is posted by the state code publisher (legislature/revisor site; see queue candidate_sources),"Starting point: state gross/adjusted gross/taxable income defined from federal AGI, federal taxable income, or own gross income",yes (1 income-tax files)
us-ms,S06,state,state statute,PRESENT,2026-07-16-pit-central-us-ms-section-27-7-5,us-ms/statute/27-7-5,yes (income/rate),"statute body ('Rate of tax', 5131 chars): 'o and including Ten Thousand Dollars ($10,000.00), or any part thereof, the rate shall be four percent (4%); and (iii) On all taxable income in excess of Ten Thousand Dollars ($10,'","Rate schedule: bracket thresholds and marginal rates, or the flat rate (statute)",yes (1 income-tax files)
us-ms,S07,state,state statute,N/A,,,yes (income/rate),"N/A: brackets/deductions are not indexed by statute (analyst knowledge, verify)","Bracket / deduction / exemption indexing rule (inflation adjustment method, base year, rounding)",yes (1 income-tax files)
us-ms,S08,state,state statute,EXTRACTABLE,,,"yes (deductions/standard, income/deductions, income/deductions/standard)",no selected statute body for this state carries it (selected statute scopes: 2026-07-16-pit-central-us-ms-section-27-7-5; income-tax chapter rows: 1); the state code is posted by the state code publisher (legislature/revisor site; see queue candidate_sources),Standard deduction amount(s) by filing status (statute),yes (1 income-tax files)
us-ms,S09,state conformity,state statute,EXTRACTABLE,,,yes (income/deductions),no selected statute body for this state carries it (selected statute scopes: 2026-07-16-pit-central-us-ms-section-27-7-5; income-tax chapter rows: 1); the state code is posted by the state code publisher (legislature/revisor site; see queue candidate_sources),"Itemized deductions: state treatment (federal itemized with modifications, SALT/mortgage limits, own list, or none)",yes (1 income-tax files)
us-ms,S10,state,state statute,EXTRACTABLE,,,yes (income/exemptions),no selected statute body for this state carries it (selected statute scopes: 2026-07-16-pit-central-us-ms-section-27-7-5; income-tax chapter rows: 1); the state code is posted by the state code publisher (legislature/revisor site; see queue candidate_sources),Personal exemption amount or personal exemption credit (taxpayer and spouse),yes (1 income-tax files)
us-ms,S11,state,state statute,EXTRACTABLE,,,yes (income/exemptions),no selected statute body for this state carries it (selected statute scopes: 2026-07-16-pit-central-us-ms-section-27-7-5; income-tax chapter rows: 1); the state code is posted by the state code publisher (legislature/revisor site; see queue candidate_sources),Dependent exemption or dependent credit amount,yes (1 income-tax files)
us-ms,S12,state,state statute,EXTRACTABLE,,,yes (income/exemptions),no selected statute body for this state carries it (selected statute scopes: 2026-07-16-pit-central-us-ms-section-27-7-5; income-tax chapter rows: 1); the state code is posted by the state code publisher (legislature/revisor site; see queue candidate_sources),Additional deduction/exemption/credit for age 65 or over and for blindness,yes (1 income-tax files)
us-ms,S13,state,state statute,EXTRACTABLE,,,yes (income/adjustments),no selected statute body for this state carries it (selected statute scopes: 2026-07-16-pit-central-us-ms-section-27-7-5; income-tax chapter rows: 1); the state code is posted by the state code publisher (legislature/revisor site; see queue candidate_sources),Addition: interest on obligations of other states and their subdivisions,yes (1 income-tax files)
us-ms,S14,state,state statute,EXTRACTABLE,,,yes (income/deductions),no selected statute body for this state carries it (selected statute scopes: 2026-07-16-pit-central-us-ms-section-27-7-5; income-tax chapter rows: 1); the state code is posted by the state code publisher (legislature/revisor site; see queue candidate_sources),Subtraction: interest on United States obligations,yes (1 income-tax files)
us-ms,S15,state,state statute,EXTRACTABLE,,,no,no selected statute body for this state carries it (selected statute scopes: 2026-07-16-pit-central-us-ms-section-27-7-5; income-tax chapter rows: 1); the state code is posted by the state code publisher (legislature/revisor site; see queue candidate_sources),Social Security benefits: full exclusion or the partial-taxation rule and its thresholds,yes (1 income-tax files)
us-ms,S16,state,state statute,EXTRACTABLE,,,no,no selected statute body for this state carries it (selected statute scopes: 2026-07-16-pit-central-us-ms-section-27-7-5; income-tax chapter rows: 1); the state code is posted by the state code publisher (legislature/revisor site; see queue candidate_sources),"Pension and retirement income exclusion (amounts, age conditions, public vs private)",yes (1 income-tax files)
us-ms,S17,state,state statute,EXTRACTABLE,,,no,no selected statute body for this state carries it (selected statute scopes: 2026-07-16-pit-central-us-ms-section-27-7-5; income-tax chapter rows: 1); the state code is posted by the state code publisher (legislature/revisor site; see queue candidate_sources),Military pay and military retirement subtraction,yes (1 income-tax files)
us-ms,S18,state,state statute,N/A,,,no,"N/A: capital gains taxed as ordinary income with no state exclusion (analyst knowledge, verify)","Capital gains: exclusion, deduction, or separate rate (where the state departs from ordinary treatment)",yes (1 income-tax files)
us-ms,S19,state,state statute,N/A,,,no,"N/A: no state EITC in TY2025 law (analyst knowledge, verify)","State EITC: percentage of the federal credit or own schedule, and refundability",yes (1 income-tax files)
us-ms,S20,state,state statute,N/A,,,no,"N/A: no state EITC in TY2025 law (analyst knowledge, verify)","State EITC deviations from federal eligibility (ITIN filers, age 18-24, childless amount, non-custodial), read from the EITC section",yes (1 income-tax files)
us-ms,S21,state,state statute,N/A,,,no,"N/A: no state child credit/child deduction in TY2025 law (analyst knowledge, verify)",State child tax credit / dependent credit / young child credit amount,yes (1 income-tax files)
us-ms,S22,state,state statute,N/A,,,no,"N/A: no state child credit/child deduction in TY2025 law (analyst knowledge, verify)",State child credit phase-out / income limit and refundability,yes (1 income-tax files)
us-ms,S23,state,state statute,N/A,,,"yes (credits/cdcc, income/credits/cdcc)","N/A: no state child and dependent care credit in TY2025 law (analyst knowledge, verify)",Child and dependent care credit: percentage of the federal credit or own schedule,yes (1 income-tax files)
us-ms,S24,state,state statute,EXTRACTABLE,,,no,no selected statute body for this state carries it (selected statute scopes: 2026-07-16-pit-central-us-ms-section-27-7-5; income-tax chapter rows: 1); the state code is posted by the state code publisher (legislature/revisor site; see queue candidate_sources),"Credit for income taxes paid to other states (resident credit, limitation)",yes (1 income-tax files)
us-ms,S25,state,state statute,N/A,,,"yes (credits, income/credits)","N/A: no low-income credit/no-tax floor (analyst knowledge, verify)","Low-income credit, no-tax floor, or low-income exclusion (poverty-level relief)",yes (1 income-tax files)
us-ms,S26,state,state statute,N/A,,,no,"N/A: no property-tax circuit breaker or renter credit on the income tax return (analyst knowledge, verify)","Property tax circuit breaker, renter or homestead credit claimed on the income tax return",yes (1 income-tax files)
us-ms,S27,state,state statute,EXTRACTABLE,,,"yes (credits, income/credits)",no selected statute body for this state carries it (selected statute scopes: 2026-07-16-pit-central-us-ms-section-27-7-5; income-tax chapter rows: 1); the state code is posted by the state code publisher (legislature/revisor site; see queue candidate_sources),"Other personal credits enumerated in the credits article (education, adoption, charitable, long-term care, elderly, volunteer, etc.)",yes (1 income-tax files)
us-ms,S28,state,state statute,N/A,,,no,"N/A: no state AMT (analyst knowledge, verify)","State alternative minimum tax (rate, exemption, AMTI base) where enacted",yes (1 income-tax files)
us-ms,S29,state,state statute or bulletin,N/A,,,no,"N/A: no surtax or special individual income tax (analyst knowledge, verify)","Surtax or special individual tax (millionaire surtax, mental health tax, capital gains excise, interest and dividends tax, high-earner tax) where enacted, incl. the year's threshold",yes (1 income-tax files)
us-ms,S30,state,state statute,EXTRACTABLE,,,no,no selected statute body for this state carries it (selected statute scopes: 2026-07-16-pit-central-us-ms-section-27-7-5; income-tax chapter rows: 1); the state code is posted by the state code publisher (legislature/revisor site; see queue candidate_sources),"Nonresident and part-year resident sourcing and apportionment (income from sources within the state, proration)",yes (1 income-tax files)
us-ms,S31,state,state statute,EXTRACTABLE,,,no,no selected statute body for this state carries it (selected statute scopes: 2026-07-16-pit-central-us-ms-section-27-7-5; income-tax chapter rows: 1); the state code is posted by the state code publisher (legislature/revisor site; see queue candidate_sources),Employer withholding requirement and withholding tables/formula,yes (1 income-tax files)
us-ms,S32,state,state statute,EXTRACTABLE,2026-09-10-tax-state-forms-ty2025,us-ms/form/dor/ty2025/form-80-100-instructions/document-1,no,"only a form body carries it; the enabling statute section is not in any selected statute scope (2026-07-16-pit-central-us-ms-section-27-7-5); form body ('Form 80-100, Mississippi Individual Income Tax Instructions ', 112202 chars): 'TAXPAYER ACCESS POINT (TAP) 21 WHO MUST SIGN? 21 TAX PAYMENTS 21 INSTALLMENT AGREEMENT 21 DECLARATION OF ESTIMATED TAX 22 INTEREST AND PENALTY PROVISIONS 22 ROUND TO THE NEAREST DO'; posted by the state code publisher (legislature/revisor site; see queue candidate_sources)","Individual estimated tax requirement, safe harbor and underpayment interest",yes (1 income-tax files)
us-ms,S33,state,state statute,EXTRACTABLE,2026-09-10-tax-state-forms-ty2025,us-ms/form/dor/ty2025/form-80-100-instructions/document-1,no,"only a form body carries it; the enabling statute section is not in any selected statute scope (2026-07-16-pit-central-us-ms-section-27-7-5); form body ('Form 80-100, Mississippi Individual Income Tax Instructions ', 112202 chars): '-1033 WWW.DOR.MS.GOV 2 TABLE OF CONTENTS WHAT’S NEW! 3 LEGISLATIVE CHANGES 3 REMINDERS 3 FILING REQUIREMENTS 5 DO I HAVE TO FILE? 4 AM I A RESIDENT OR A NON-RESIDENT? 4 WHEN AND WH'; posted by the state code publisher (legislature/revisor site; see queue candidate_sources)","Filing threshold: who must file a return (income floor, exemption-based, gross income test)",yes (1 income-tax files)
us-ms,S34,state,state statute,EXTRACTABLE,2026-09-10-tax-state-forms-ty2025,us-ms/form/dor/ty2025/form-80-100-instructions/document-1,no,"only a form body carries it; the enabling statute section is not in any selected statute scope (2026-07-16-pit-central-us-ms-section-27-7-5); form body ('Form 80-100, Mississippi Individual Income Tax Instructions ', 112202 chars): 'prorate your deductions and exemptions. Calendar year returns must be filed no later than April 15th annually. Fiscal year returns must be filed no later than the 15th day of the 4'; posted by the state code publisher (legislature/revisor site; see queue candidate_sources)","Return due date, extensions, joint return liability and innocent spouse",yes (1 income-tax files)
us-ms,S35,state,state statute,N/A,,,no,"N/A: no local income tax authorized by the state code (analyst knowledge, verify)","Local income taxes (county, municipal, school district, city) authorized or imposed by the state code, where they exist",yes (1 income-tax files)
us-ms,R01,state,state regulation,EXTRACTABLE,,,n/a (document carrier; see the rule elements it carries),no selected regulation scope for this state is a revenue-department income tax regulation (the selected regulation scopes are benefit-program rules); the administrative code chapter is posted by the state's code publisher,State income tax regulations: the revenue department's administrative code chapter on the individual income tax,yes (1 income-tax files)
us-ms,F01,state,state form instructions and rate schedules,PRESENT,2026-09-10-tax-state-forms-ty2025,us-ms/form/dor/ty2025/form-80-105/document-1,n/a (document carrier; see the rule elements it carries),"form body ('Form 80-105, Mississippi Resident Individual Income Tax Retu', 6642 chars): 'unt 33 Voluntary contribution (from Form 80-108, part III) 10 10 Line 9 x $1,500 11 Enter filing status exemption Dependents (in column B, enter ""C"" for child, ""P"" for parent or ""R'",Tax year 2025 resident individual income tax return form,yes (1 income-tax files)
us-ms,F02,state,state form instructions and rate schedules,PRESENT,2026-09-10-tax-state-forms-ty2025,us-ms/form/dor/ty2025/form-80-100-instructions/document-1,n/a (document carrier; see the rule elements it carries),"form body ('Form 80-100, Mississippi Individual Income Tax Instructions ', 112202 chars): 'claimed on the other. If you elect to file separate 5 FORMS 80-105 AND 80-205 LINE ITEM INSTRUCTIONS The below instructions serve as a general guide for filing your 2025 Mississipp'","Tax year 2025 resident return instruction booklet (line-by-line rules, worksheets)",yes (1 income-tax files)
us-ms,F03,state,state form instructions and rate schedules,PRESENT,2026-09-10-tax-state-forms-ty2025,us-ms/form/dor/ty2025/form-80-100-instructions/document-1,yes (income/rate),"form body ('Form 80-100, Mississippi Individual Income Tax Instructions ', 112202 chars): 'facturing Investment Tax Credit 45 24 Alternative Energy Jobs * 60 Bank Share SCHEDULE OF TAX COMPUTATION TAX RATE(S) TAXPAYER (COLUMN A) TAXABLE INCOME SPOUSE (COLUMN B) TAXABLE I'","Tax year 2025 rate schedule, tax table or flat rate with the year's dollar thresholds (as printed)",yes (1 income-tax files)
us-ms,F04,state,state form instructions and rate schedules,PRESENT,2026-09-10-tax-state-forms-ty2025,us-ms/form/dor/ty2025/form-80-100-instructions/document-1,"yes (deductions/standard, income/deductions, income/deductions/standard)","form body ('Form 80-100, Mississippi Individual Income Tax Instructions ', 112202 chars): '11 (the dollar amount is shown next to the filing status you selected). The exemption and standard deduction for each filing status for 2025 are listed in the table below. Filing S'",Tax year 2025 standard deduction and exemption dollar amounts as printed in the instructions,yes (1 income-tax files)
us-ms,F05,state,state form instructions and rate schedules,N/A,,,no,"N/A: no state EITC or child credit in TY2025 law (analyst knowledge, verify)","Tax year 2025 state EITC / child credit parameters as printed in the instructions (percentage of federal, amounts, worksheets)",yes (1 income-tax files)
us-ms,F06,state,state department bulletins,REVIEW,,,yes (income/rate),no 2026-labelled body with amounts in any selected scope and the queue row records no 2026 product; whether the department has posted TY2026 figures (most publish them in the 2026 estimated-tax or withholding instructions) was not verified,"Tax year 2026 indexed amounts (rate schedule, standard deduction, exemptions) as published for the year (estimated-tax instructions or department bulletin)",yes (1 income-tax files)
us-mt,S01,state,state statute,PRESENT,2026-07-16-pit-central-us-mt-title-15,us-mt/statute/15-30-2103,"yes (income/main, main, rates)","statute body ('Rate Of Tax -- Net Long-Term Capital Gains -- Definitions', 3923 chars): 'erm capital gains -- definitions. (1) Except as provided in subsection (2), there must be levied, collected, and paid for each tax year on the Montana taxable income of each taxpay'",Imposition of the individual income tax (or the constitutional/statutory bar for the nine no-tax states),yes (2 income-tax files)
us-mt,S02,state conformity,state statute,PRESENT,2026-07-16-pit-central-us-mt-title-15,us-mt/statute/15-30-2101,no,"statute body ('Definitions', 13326 chars): 'income with respect to which any person or fiduciary is taxable under this chapter. (14) ""Internal Revenue Code"" means the Internal Revenue Code of 1986, as amended, or as it may b'",Internal Revenue Code conformity date (static or rolling) as defined in the chapter,yes (2 income-tax files)
us-mt,S03,state,state statute,PRESENT,2026-07-16-pit-central-us-mt-title-15,us-mt/statute/15-30-2101,no,"statute body ('Definitions', 13326 chars): 'termined for federal income tax purposes and adjusted as provided in 15-30-2120. (23) ""Nonresident"" means a natural person who is not a resident. (24) ""Paid"" means paid or accrued '","Resident, nonresident and part-year resident definitions (domicile, statutory residence day count)",yes (2 income-tax files)
us-mt,S04,state conformity,state statute,PRESENT,2026-07-16-pit-central-us-mt-title-15,us-mt/statute/15-30-2646,"yes (income/main, main, rates)","statute body ('Relief From Joint And Several Liability On Joint Return -- L', 1741 chars): '15-30-2646. Relief from joint and several liability on joint return -- limitations -- rules. (1) A taxpayer who has obtained relief from joint and several li'","Filing statuses and joint/separate return rules (married joint, separate, head of household, surviving spouse)",yes (2 income-tax files)
us-mt,S05,state conformity,state statute,PRESENT,2026-07-16-pit-central-us-mt-title-15,us-mt/statute/15-30-2101,yes (income/main),"statute body ('Definitions', 13326 chars): 'ion made by an S. corporation treated as a dividend for federal income tax purposes. (6) ""Federal adjusted gross income"" means adjusted gross income as defined in section 62 of the'","Starting point: state gross/adjusted gross/taxable income defined from federal AGI, federal taxable income, or own gross income",yes (2 income-tax files)
us-mt,S06,state,state statute,PRESENT,2026-07-16-pit-central-us-mt-title-15,us-mt/statute/15-30-2103,"yes (income/main, main, rates)","statute body ('Rate Of Tax -- Net Long-Term Capital Gains -- Definitions', 3923 chars): 'ng spouse: (i) on the first $95,000 of Montana taxable income or any part of that income, 4.7%; (ii) on any Montana taxable income in excess of $95,000 or any part of that income, '","Rate schedule: bracket thresholds and marginal rates, or the flat rate (statute)",yes (2 income-tax files)
us-mt,S07,state,state statute,EXTRACTABLE,,,"yes (income/main, main, rates)","no selected statute body for this state carries it (selected statute scopes: 2026-07-13-recovery, 2026-07-16-pit-central-us-mt-title-15; income-tax chapter rows: 394); the state code is posted by the state code publisher (legislature/revisor site; see queue candidate_sources)","Bracket / deduction / exemption indexing rule (inflation adjustment method, base year, rounding)",yes (2 income-tax files)
us-mt,S08,state,state statute,EXTRACTABLE,,,"yes (deductions/standard, income/deductions, income/deductions/standard)","no selected statute body for this state carries it (selected statute scopes: 2026-07-13-recovery, 2026-07-16-pit-central-us-mt-title-15; income-tax chapter rows: 394); the state code is posted by the state code publisher (legislature/revisor site; see queue candidate_sources)",Standard deduction amount(s) by filing status (statute),yes (2 income-tax files)
us-mt,S09,state conformity,state statute,EXTRACTABLE,,,"yes (deductions/itemized, income/deductions, income/deductions/itemized)","no selected statute body for this state carries it (selected statute scopes: 2026-07-13-recovery, 2026-07-16-pit-central-us-mt-title-15; income-tax chapter rows: 394); the state code is posted by the state code publisher (legislature/revisor site; see queue candidate_sources)","Itemized deductions: state treatment (federal itemized with modifications, SALT/mortgage limits, own list, or none)",yes (2 income-tax files)
us-mt,S10,state,state statute,EXTRACTABLE,,,"yes (exemptions, income/exemptions)","no selected statute body for this state carries it (selected statute scopes: 2026-07-13-recovery, 2026-07-16-pit-central-us-mt-title-15; income-tax chapter rows: 394); the state code is posted by the state code publisher (legislature/revisor site; see queue candidate_sources)",Personal exemption amount or personal exemption credit (taxpayer and spouse),yes (2 income-tax files)
us-mt,S11,state,state statute,EXTRACTABLE,,,"yes (exemptions, income/exemptions)","no selected statute body for this state carries it (selected statute scopes: 2026-07-13-recovery, 2026-07-16-pit-central-us-mt-title-15; income-tax chapter rows: 394); the state code is posted by the state code publisher (legislature/revisor site; see queue candidate_sources)",Dependent exemption or dependent credit amount,yes (2 income-tax files)
us-mt,S12,state,state statute,EXTRACTABLE,,,"yes (exemptions, income/exemptions)","no selected statute body for this state carries it (selected statute scopes: 2026-07-13-recovery, 2026-07-16-pit-central-us-mt-title-15; income-tax chapter rows: 394); the state code is posted by the state code publisher (legislature/revisor site; see queue candidate_sources)",Additional deduction/exemption/credit for age 65 or over and for blindness,yes (2 income-tax files)
us-mt,S13,state,state statute,PRESENT,2026-07-16-pit-central-us-mt-title-15,us-mt/statute/15-30-2120,"yes (additions, income/additions)","statute body ('Adjustments To Federal Taxable Income To Determine Montana T', 14281 chars): 'ncome to determine Montana taxable income. (2) The following are added to federal taxable income: (a) to the extent that it is not exempt from taxation by Montana under federal law'",Addition: interest on obligations of other states and their subdivisions,yes (2 income-tax files)
us-mt,S14,state,state statute,PRESENT,2026-07-16-pit-central-us-mt-title-15,us-mt/statute/15-30-2120,"yes (income/deductions, income/subtractions, subtractions)","statute body ('Adjustments To Federal Taxable Income To Determine Montana T', 14281 chars): 'and (3)(b) through (3)(r); (b) if exempt from taxation by Montana under federal law: (i) interest from obligations of the United States government and exempt-interest dividends att'",Subtraction: interest on United States obligations,yes (2 income-tax files)
us-mt,S15,state,state statute,PRESENT,2026-07-16-pit-central-us-mt-title-15,us-mt/statute/15-30-2101,"yes (income/social_security, social_security)","statute body ('Definitions', 13326 chars): 'erty located in the state; or (C) taken into account while a resident of the state; (xiv) social security benefits received or accrued while a resident of the state; (xv) taxable i'",Social Security benefits: full exclusion or the partial-taxation rule and its thresholds,yes (2 income-tax files)
us-mt,S16,state,state statute,EXTRACTABLE,,,"yes (income/social_security, social_security)","no selected statute body for this state carries it (selected statute scopes: 2026-07-13-recovery, 2026-07-16-pit-central-us-mt-title-15; income-tax chapter rows: 394); the state code is posted by the state code publisher (legislature/revisor site; see queue candidate_sources)","Pension and retirement income exclusion (amounts, age conditions, public vs private)",yes (2 income-tax files)
us-mt,S17,state,state statute,PRESENT,2026-07-16-pit-central-us-mt-title-15,us-mt/statute/15-30-2120,no,"statute body ('Adjustments To Federal Taxable Income To Determine Montana T', 14281 chars): 'her states; or (D) a reserve component, as defined in 38 U.S.C. 101, of the United States armed forces; and (ii) subject to subsection (9), up to 50% of all income received as surv'",Military pay and military retirement subtraction,yes (2 income-tax files)
us-mt,S18,state,state statute,PRESENT,2026-07-16-pit-central-us-mt-title-15,us-mt/statute/15-30-2103,yes (capital_gains),"statute body ('Rate Of Tax -- Net Long-Term Capital Gains -- Definitions', 3923 chars): '%, except that if the total nonqualified taxable income is $95,000 or greater, all of the net long-term capital gains are taxed at 4.1%; (b) for every head of household: (i) on the'","Capital gains: exclusion, deduction, or separate rate (where the state departs from ordinary treatment)",yes (2 income-tax files)
us-mt,S19,state,state statute,PRESENT,2026-07-13-recovery,us-mt/statute/15-30-2318/block-1,"yes (credits/eitc, income/credits/eitc)","statute body ('Earned Income Tax Credit', 1769 chars): '15-30-2318 . Earned income tax credit. (1) Except as provided in subsection (3), a resident taxpayer is allowed as a credit against the tax imposed by 15-30-2103 a percentage of th'","State EITC: percentage of the federal credit or own schedule, and refundability",yes (2 income-tax files)
us-mt,S20,state,state statute,PRESENT,2026-07-13-recovery,us-mt/statute/15-30-2318/block-1,"yes (credits/eitc, income/credits/eitc)","eligibility read from the EITC section; no deviation text (ITIN/age/childless) matched, so the state appears to follow federal eligibility (verify)","State EITC deviations from federal eligibility (ITIN filers, age 18-24, childless amount, non-custodial), read from the EITC section",yes (2 income-tax files)
us-mt,S21,state,state statute,N/A,,,no,"N/A: no state child credit/child deduction in TY2025 law (analyst knowledge, verify)",State child tax credit / dependent credit / young child credit amount,yes (2 income-tax files)
us-mt,S22,state,state statute,N/A,,,no,"N/A: no state child credit/child deduction in TY2025 law (analyst knowledge, verify)",State child credit phase-out / income limit and refundability,yes (2 income-tax files)
us-mt,S23,state,state statute,EXTRACTABLE,,,no,"no selected statute body for this state carries it (selected statute scopes: 2026-07-13-recovery, 2026-07-16-pit-central-us-mt-title-15; income-tax chapter rows: 394); the state code is posted by the state code publisher (legislature/revisor site; see queue candidate_sources)",Child and dependent care credit: percentage of the federal credit or own schedule,yes (2 income-tax files)
us-mt,S24,state,state statute,PRESENT,2026-07-16-pit-central-us-mt-title-15,us-mt/statute/15-30-2302,no,"statute body ('Credit Allowed Resident Taxpayers For Income Taxes Imposed B', 1904 chars): 'this state is allowed a credit against the taxes imposed by this chapter for: (a) income taxes imposed by and paid to another state or country on income taxable under this chapter;'","Credit for income taxes paid to other states (resident credit, limitation)",yes (2 income-tax files)
us-mt,S25,state,state statute,N/A,,,"yes (credits, income/credits)","N/A: no low-income credit/no-tax floor (analyst knowledge, verify)","Low-income credit, no-tax floor, or low-income exclusion (poverty-level relief)",yes (2 income-tax files)
us-mt,S26,state,state statute,EXTRACTABLE,,,no,"no selected statute body for this state carries it (selected statute scopes: 2026-07-13-recovery, 2026-07-16-pit-central-us-mt-title-15; income-tax chapter rows: 394); the state code is posted by the state code publisher (legislature/revisor site; see queue candidate_sources)","Property tax circuit breaker, renter or homestead credit claimed on the income tax return",yes (2 income-tax files)
us-mt,S27,state,state statute,PRESENT,2026-07-16-pit-central-us-mt-title-15,us-mt/statute/15-30-2321,"yes (credits, income/credits)","statute body ('Adoption Tax Credit -- Rulemaking', 1570 chars): '2321. (Temporary) Adoption tax credit -- rulemaking. (1) A resident taxpayer is allowed a credit against the tax imposed by 15-30-2103 or 15-30-2151 for the legal adoption of an el'","Other personal credits enumerated in the credits article (education, adoption, charitable, long-term care, elderly, volunteer, etc.)",yes (2 income-tax files)
us-mt,S28,state,state statute,N/A,,,no,"N/A: no state AMT (analyst knowledge, verify)","State alternative minimum tax (rate, exemption, AMTI base) where enacted",yes (2 income-tax files)
us-mt,S29,state,state statute or bulletin,N/A,,,yes (capital_gains),"N/A: no surtax or special individual income tax (analyst knowledge, verify)","Surtax or special individual tax (millionaire surtax, mental health tax, capital gains excise, interest and dividends tax, high-earner tax) where enacted, incl. the year's threshold",yes (2 income-tax files)
us-mt,S30,state,state statute,PRESENT,2026-07-16-pit-central-us-mt-title-15,us-mt/statute/15-30-2101,no,"statute body ('Definitions', 13326 chars): 'as provided in this subsection (21)(a)(xvii) does not fairly and equitably represent the nonresident taxpayer's business activity interest, then the nonresident taxpayer may petiti'","Nonresident and part-year resident sourcing and apportionment (income from sources within the state, proration)",yes (2 income-tax files)
us-mt,S31,state,state statute,PRESENT,2026-07-16-pit-central-us-mt-title-15,us-mt/statute/15-30-2502,no,"statute body ('Withholding Of Tax From Wages', 508 chars): '15-30-2502. Withholding of tax from wages. (1) Except as provided in 15-30-2513, each employer making payment of wages shall withhold from wages a tax determined in accordance with'",Employer withholding requirement and withholding tables/formula,yes (2 income-tax files)
us-mt,S32,state,state statute,PRESENT,2026-07-16-pit-central-us-mt-title-15,us-mt/statute/15-30-2512,no,"statute body ('Estimated Tax -- Payment -- Exceptions -- Interest', 6975 chars): 'the tax year, through employer withholding, as provided in 15-30-2502, through payment of estimated tax in four installments, as provided in subsection (2) of this section, or thro'","Individual estimated tax requirement, safe harbor and underpayment interest",yes (2 income-tax files)
us-mt,S33,state,state statute,PRESENT,2026-07-16-pit-central-us-mt-title-15,us-mt/statute/15-30-2616,no,"statute body ('Information Agents' Duties', 1364 chars): '15-30-2616. Information agents' duties. (1) Each information agent shall make a return to the department of complete information concerning the following distributions made for any'","Filing threshold: who must file a return (income floor, exemption-based, gross income test)",yes (2 income-tax files)
us-mt,S34,state,state statute,PRESENT,2026-07-16-pit-central-us-mt-title-15,us-mt/statute/15-30-2339,no,"statute body ('Residential Property Tax Credit For Elderly -- Filing Date', 1366 chars): 'an individual not required to file a tax return, the claim must be submitted on or before April 15 of the year following the year for which relief is sought. If April 15 falls on a'","Return due date, extensions, joint return liability and innocent spouse",yes (2 income-tax files)
us-mt,S35,state,state statute,N/A,,,no,"N/A: no local income tax authorized by the state code (analyst knowledge, verify)","Local income taxes (county, municipal, school district, city) authorized or imposed by the state code, where they exist",yes (2 income-tax files)
us-mt,R01,state,state regulation,EXTRACTABLE,,,n/a (document carrier; see the rule elements it carries),no selected regulation scope for this state is a revenue-department income tax regulation (the selected regulation scopes are benefit-program rules); the administrative code chapter is posted by the state's code publisher,State income tax regulations: the revenue department's administrative code chapter on the individual income tax,yes (2 income-tax files)
us-mt,F01,state,state form instructions and rate schedules,PRESENT,2026-09-10-tax-state-forms-ty2025,us-mt/form/mtdor/ty2025/form-2/document-1,n/a (document carrier; see the rule elements it carries),"form body ('Montana Individual Income Tax Return, Form 2 (2025) 1', 21490 chars): 'f this is an amended return First Name Initial Last Name Social Security Number Deceased? Spouse’s First Name Initial Spouse’s Last Name Social Security Number Deceased? Current ma'",Tax year 2025 resident individual income tax return form,yes (2 income-tax files)
us-mt,F02,state,state form instructions and rate schedules,PRESENT,2026-09-10-tax-state-forms-ty2025,us-mt/form/mtdor/ty2025/form-2-instructions/document-1,n/a (document carrier; see the rule elements it carries),"form body ('Montana Individual Income Tax Return, Form 2 Instructions (2', 176088 chars): '...........................................................42 Page i 2025 Montana Form 2 Instructions These instructions are designed to address the laws for most tax filing situat'","Tax year 2025 resident return instruction booklet (line-by-line rules, worksheets)",yes (2 income-tax files)
us-mt,F03,state,state form instructions and rate schedules,PRESENT,2026-09-10-tax-state-forms-ty2025,us-mt/form/mtdor/ty2025/form-2-instructions/document-1,"yes (income/main, main, rates)","form body ('Montana Individual Income Tax Return, Form 2 Instructions (2', 176088 chars): 'nter your federal earned income tax credit from your federal Form 1040, page 2, line 27a. Multiply this amount by 10 percent (0.10) ONLY if you are a full-year resident and you are'","Tax year 2025 rate schedule, tax table or flat rate with the year's dollar thresholds (as printed)",yes (2 income-tax files)
us-mt,F04,state,state form instructions and rate schedules,EXTRACTABLE,,,"yes (deductions/standard, income/deductions, income/deductions/standard)",no TY2025 instruction body carrying the printed standard deduction/exemption amounts in the selection; publisher forms index https://revenue.mt.gov/forms/,Tax year 2025 standard deduction and exemption dollar amounts as printed in the instructions,yes (2 income-tax files)
us-mt,F05,state,state form instructions and rate schedules,PRESENT,2026-09-10-tax-state-forms-ty2025,us-mt/form/mtdor/ty2025/form-2-instructions/document-1,"yes (credits/eitc, income/credits/eitc)","form body ('Montana Individual Income Tax Return, Form 2 Instructions (2', 176088 chars): 'rate and increases the income brackets even further. The bill also increases the Montana earned income tax credit to 20% of the federal earned income tax credit beginning in tax ye'","Tax year 2025 state EITC / child credit parameters as printed in the instructions (percentage of federal, amounts, worksheets)",yes (2 income-tax files)
us-mt,F06,state,state department bulletins,REVIEW,2026-09-10-tax-state-forms-ty2025,us-mt/form/mtdor/ty2025/form-2-instructions/document-1,"yes (income/main, main, rates)","no 2026-labelled document; a TY2025/undated body mentions a 2026 figure: form body ('Montana Individual Income Tax Return, Form 2 Instructions (2', 176088 chars): 'ustments to Federal Taxable Income” on page 15 for more information. Changes Beginning in Tax Year 2026 The following bills, passed during the 2025 Montana Legislative Session go i'; verify it is a TY2026 parameter and not an estimated-tax reference","Tax year 2026 indexed amounts (rate schedule, standard deduction, exemptions) as published for the year (estimated-tax instructions or department bulletin)",yes (2 income-tax files)
us-nc,S01,state,state statute,PRESENT,2026-08-03-nc-income-tax-current-union,us-nc/statute/105/105-153.7,yes (income/rate),"statute body ('105-153.7', 1908 chars): '§ 105-153.7. Individual income tax imposed. (a) Tax. – A tax is imposed for each taxable year on the North Carolina taxable income of every individual. The tax shall be levied, col'",Imposition of the individual income tax (or the constitutional/statutory bar for the nine no-tax states),yes (2 income-tax files)
us-nc,S02,state conformity,state statute,PRESENT,2026-08-03-nc-income-tax-current-union,us-nc/statute/105/105-153.5,no,"statute body ('105-153.5', 30182 chars): '105-228.90(b)(7) and for purposes of this sub-sub-subdivision, the term ""Code"" means the Internal Revenue Code as enacted as of January 1, 2020. For taxable years beginning on or a'",Internal Revenue Code conformity date (static or rolling) as defined in the chapter,yes (2 income-tax files)
us-nc,S03,state,state statute,PRESENT,2026-08-03-nc-income-tax-current-union,us-nc/statute/recovery/us-nc-code-105/block-13,no,"statute body ('Part 2. Individual Income Tax.', 112838 chars): 'd deductions derived from a business carried on in this State while the taxpayer was a nonresident and includes business income and deductions derived from all sources during the p'","Resident, nonresident and part-year resident definitions (domicile, statutory residence day count)",yes (2 income-tax files)
us-nc,S04,state conformity,state statute,PRESENT,2026-08-03-nc-income-tax-current-union,us-nc/statute/105/105-153.5,yes (income/rate),"statute body ('105-153.5', 30182 chars): 'status: Filing Status Standard Deduction Married, filing jointly/surviving spouse $25,500 Head of Household 19,125 Single 12,750 Married, filing separately 12,750. (2) Itemized ded'","Filing statuses and joint/separate return rules (married joint, separate, head of household, surviving spouse)",yes (2 income-tax files)
us-nc,S05,state conformity,state statute,PRESENT,2026-08-03-nc-income-tax-current-union,us-nc/statute/recovery/us-nc-code-105/block-13,no,"statute body ('Part 2. Individual Income Tax.', 112838 chars): 'n for that property under section 168(k) or 168(n) of the Code must add to the taxpayer's federal taxable income or adjusted gross income, as appropriate, eighty-five percent (85%)'","Starting point: state gross/adjusted gross/taxable income defined from federal AGI, federal taxable income, or own gross income",yes (2 income-tax files)
us-nc,S06,state,state statute,PRESENT,2026-08-03-nc-income-tax-current-union,us-nc/statute/105/105-153.7,yes (income/rate),"statute body ('105-153.7', 1908 chars): 'aid annually. Except as otherwise provided in subsection (a1) of this section, the tax is a percentage of the taxpayer's North Carolina taxable income computed as follows: Taxable '","Rate schedule: bracket thresholds and marginal rates, or the flat rate (statute)",yes (2 income-tax files)
us-nc,S07,state,state statute,N/A,,,yes (income/rate),"N/A: brackets/deductions are not indexed by statute (analyst knowledge, verify)","Bracket / deduction / exemption indexing rule (inflation adjustment method, base year, rounding)",yes (2 income-tax files)
us-nc,S08,state,state statute,PRESENT,2026-08-03-nc-income-tax-current-union,us-nc/statute/105/105-153.5,"yes (deductions, deductions/standard, income/deductions)","statute body ('105-153.5', 30182 chars): 'gible for a standard deduction under section 63 of the Code. For all other taxpayers, the standard deduction amount is equal to the amount listed in the table below based on the ta'",Standard deduction amount(s) by filing status (statute),yes (2 income-tax files)
us-nc,S09,state conformity,state statute,PRESENT,2026-08-03-nc-income-tax-current-union,us-nc/statute/105/105-153.5,"yes (deductions, income/deductions, income/deductions/itemized)","statute body ('105-153.5', 30182 chars): 'ither the standard deduction amount provided in subdivision (1) of this subsection or the itemized deduction amount provided in subdivision (2) of this subsection. The deduction am'","Itemized deductions: state treatment (federal itemized with modifications, SALT/mortgage limits, own list, or none)",yes (2 income-tax files)
us-nc,S10,state,state statute,EXTRACTABLE,,,no,no selected statute body for this state carries it (selected statute scopes: 2026-08-03-nc-income-tax-current-union; income-tax chapter rows: 8); the state code is posted by the state code publisher (legislature/revisor site; see queue candidate_sources),Personal exemption amount or personal exemption credit (taxpayer and spouse),yes (2 income-tax files)
us-nc,S11,state,state statute,EXTRACTABLE,,,no,no selected statute body for this state carries it (selected statute scopes: 2026-08-03-nc-income-tax-current-union; income-tax chapter rows: 8); the state code is posted by the state code publisher (legislature/revisor site; see queue candidate_sources),Dependent exemption or dependent credit amount,yes (2 income-tax files)
us-nc,S12,state,state statute,EXTRACTABLE,,,no,no selected statute body for this state carries it (selected statute scopes: 2026-08-03-nc-income-tax-current-union; income-tax chapter rows: 8); the state code is posted by the state code publisher (legislature/revisor site; see queue candidate_sources),Additional deduction/exemption/credit for age 65 or over and for blindness,yes (2 income-tax files)
us-nc,S13,state,state statute,PRESENT,2026-08-03-nc-income-tax-current-union,us-nc/statute/105/105-153.5,no,"statute body ('105-153.5', 30182 chars): '05-153.5A. (c) Additions. - In calculating North Carolina taxable income, a taxpayer must add to the taxpayer's adjusted gross income any of the following items that are not includ'",Addition: interest on obligations of other states and their subdivisions,yes (2 income-tax files)
us-nc,S14,state,state statute,EXTRACTABLE,,,yes (income/deductions),no selected statute body for this state carries it (selected statute scopes: 2026-08-03-nc-income-tax-current-union; income-tax chapter rows: 8); the state code is posted by the state code publisher (legislature/revisor site; see queue candidate_sources),Subtraction: interest on United States obligations,yes (2 income-tax files)
us-nc,S15,state,state statute,PRESENT,2026-08-03-nc-income-tax-current-union,us-nc/statute/105/105-153.5,no,"statute body ('105-153.5', 30182 chars): 'ent the gain is exempt from tax under the laws of this State. (3) Benefits received under Title II of the Social Security Act and amounts received from retirement annuities or pens'",Social Security benefits: full exclusion or the partial-taxation rule and its thresholds,yes (2 income-tax files)
us-nc,S16,state,state statute,PRESENT,2026-08-03-nc-income-tax-current-union,us-nc/statute/105/105-153.5,no,"statute body ('105-153.5', 30182 chars): 'ederal tax law. (3) For taxable years 2014 through 2018, the taxpayer must add the amount excluded from the taxpayer's gross income for a qualified charitable distribution from an '","Pension and retirement income exclusion (amounts, age conditions, public vs private)",yes (2 income-tax files)
us-nc,S17,state,state statute,EXTRACTABLE,,,no,no selected statute body for this state carries it (selected statute scopes: 2026-08-03-nc-income-tax-current-union; income-tax chapter rows: 8); the state code is posted by the state code publisher (legislature/revisor site; see queue candidate_sources),Military pay and military retirement subtraction,yes (2 income-tax files)
us-nc,S18,state,state statute,N/A,,,no,"N/A: capital gains taxed as ordinary income with no state exclusion (analyst knowledge, verify)","Capital gains: exclusion, deduction, or separate rate (where the state departs from ordinary treatment)",yes (2 income-tax files)
us-nc,S19,state,state statute,N/A,,,no,"N/A: no state EITC in TY2025 law (analyst knowledge, verify)","State EITC: percentage of the federal credit or own schedule, and refundability",yes (2 income-tax files)
us-nc,S20,state,state statute,N/A,,,no,"N/A: no state EITC in TY2025 law (analyst knowledge, verify)","State EITC deviations from federal eligibility (ITIN filers, age 18-24, childless amount, non-custodial), read from the EITC section",yes (2 income-tax files)
us-nc,S21,state,state statute,EXTRACTABLE,,,"yes (credits/ctc, income/credits/ctc)",no selected statute body for this state carries it (selected statute scopes: 2026-08-03-nc-income-tax-current-union; income-tax chapter rows: 8); the state code is posted by the state code publisher (legislature/revisor site; see queue candidate_sources),State child tax credit / dependent credit / young child credit amount,yes (2 income-tax files)
us-nc,S22,state,state statute,EXTRACTABLE,,,"yes (credits/ctc, income/credits/ctc)",no selected statute body for this state carries it (selected statute scopes: 2026-08-03-nc-income-tax-current-union; income-tax chapter rows: 8); the state code is posted by the state code publisher (legislature/revisor site; see queue candidate_sources),State child credit phase-out / income limit and refundability,yes (2 income-tax files)
us-nc,S23,state,state statute,N/A,,,no,"N/A: no state child and dependent care credit in TY2025 law (analyst knowledge, verify)",Child and dependent care credit: percentage of the federal credit or own schedule,yes (2 income-tax files)
us-nc,S24,state,state statute,PRESENT,2026-08-03-nc-income-tax-current-union,us-nc/statute/105/105-153.9,no,"statute body ('105-153.9', 4723 chars): 'Effective for taxable years beginning on or after January 1, 2023) Tax credits for income taxes paid to other states by individuals. (a) An individual who is a resident of this Sta'","Credit for income taxes paid to other states (resident credit, limitation)",yes (2 income-tax files)
us-nc,S25,state,state statute,N/A,,,"yes (credits, income/credits)","N/A: no low-income credit/no-tax floor (analyst knowledge, verify)","Low-income credit, no-tax floor, or low-income exclusion (poverty-level relief)",yes (2 income-tax files)
us-nc,S26,state,state statute,N/A,,,no,"N/A: no property-tax circuit breaker or renter credit on the income tax return (analyst knowledge, verify)","Property tax circuit breaker, renter or homestead credit claimed on the income tax return",yes (2 income-tax files)
us-nc,S27,state,state statute,EXTRACTABLE,,,"yes (credits, income/credits)",no selected statute body for this state carries it (selected statute scopes: 2026-08-03-nc-income-tax-current-union; income-tax chapter rows: 8); the state code is posted by the state code publisher (legislature/revisor site; see queue candidate_sources),"Other personal credits enumerated in the credits article (education, adoption, charitable, long-term care, elderly, volunteer, etc.)",yes (2 income-tax files)
us-nc,S28,state,state statute,N/A,,,no,"N/A: no state AMT (analyst knowledge, verify)","State alternative minimum tax (rate, exemption, AMTI base) where enacted",yes (2 income-tax files)
us-nc,S29,state,state statute or bulletin,N/A,,,no,"N/A: no surtax or special individual income tax (analyst knowledge, verify)","Surtax or special individual tax (millionaire surtax, mental health tax, capital gains excise, interest and dividends tax, high-earner tax) where enacted, incl. the year's threshold",yes (2 income-tax files)
us-nc,S30,state,state statute,PRESENT,2026-08-03-nc-income-tax-current-union,us-nc/statute/recovery/us-nc-code-105/block-13,no,"statute body ('Part 2. Individual Income Tax.', 112838 chars): 'taxable income collectible annually: (1) Of every resident of this State. (2) Of every nonresident individual deriving income from North Carolina sources attributable to the owners'","Nonresident and part-year resident sourcing and apportionment (income from sources within the state, proration)",yes (2 income-tax files)
us-nc,S31,state,state statute,PRESENT,2026-08-03-nc-income-tax-current-union,us-nc/statute/105/105-153.7,no,"statute body ('105-153.7', 1908 chars): '00 In 2038 FY 2037-2038 $43,892,000,000 In 2039 FY 2038-2039 $44,957,000,000 In 2040. (b) Withholding Tables. – The Secretary may provide tables that compute the amount of tax due '",Employer withholding requirement and withholding tables/formula,yes (2 income-tax files)
us-nc,S32,state,state statute,EXTRACTABLE,,,no,no selected statute body for this state carries it (selected statute scopes: 2026-08-03-nc-income-tax-current-union; income-tax chapter rows: 8); the state code is posted by the state code publisher (legislature/revisor site; see queue candidate_sources),"Individual estimated tax requirement, safe harbor and underpayment interest",yes (2 income-tax files)
us-nc,S33,state,state statute,EXTRACTABLE,,,no,no selected statute body for this state carries it (selected statute scopes: 2026-08-03-nc-income-tax-current-union; income-tax chapter rows: 8); the state code is posted by the state code publisher (legislature/revisor site; see queue candidate_sources),"Filing threshold: who must file a return (income floor, exemption-based, gross income test)",yes (2 income-tax files)
us-nc,S34,state,state statute,PRESENT,2026-08-03-nc-income-tax-current-union,us-nc/statute/105/105-153.11,no,"statute body ('105-153.11', 13998 chars): 'allowed under subsection (a) of this section. The application must be filed on or before April 15 of the year following the calendar year in which the donation was made. An applica'","Return due date, extensions, joint return liability and innocent spouse",yes (2 income-tax files)
us-nc,S35,state,state statute,N/A,,,no,"N/A: no local income tax authorized by the state code (analyst knowledge, verify)","Local income taxes (county, municipal, school district, city) authorized or imposed by the state code, where they exist",yes (2 income-tax files)
us-nc,R01,state,state regulation,EXTRACTABLE,,,n/a (document carrier; see the rule elements it carries),no selected regulation scope for this state is a revenue-department income tax regulation (the selected regulation scopes are benefit-program rules); the administrative code chapter is posted by the state's code publisher,State income tax regulations: the revenue department's administrative code chapter on the individual income tax,yes (2 income-tax files)
us-nc,F01,state,state form instructions and rate schedules,EXTRACTABLE,,,n/a (document carrier; see the rule elements it carries),no TY2025 resident return form in any selected form scope (form documents present: none); queue row 'done' points at statute/2026-07-26-nc-ty2026-income-tax-core; publisher forms index: state revenue department forms page,Tax year 2025 resident individual income tax return form,yes (2 income-tax files)
us-nc,F02,state,state form instructions and rate schedules,EXTRACTABLE,,,n/a (document carrier; see the rule elements it carries),no TY2025 resident instruction booklet in any selected form scope (form documents present: none); queue row 'done' points at statute/2026-07-26-nc-ty2026-income-tax-core; publisher forms index: state revenue department forms page,"Tax year 2025 resident return instruction booklet (line-by-line rules, worksheets)",yes (2 income-tax files)
us-nc,F03,state,state form instructions and rate schedules,EXTRACTABLE,,,yes (income/rate),no TY2025 rate schedule/tax table/flat-rate body in the selection (form bodies: 0); publisher forms index revenue department forms page,"Tax year 2025 rate schedule, tax table or flat rate with the year's dollar thresholds (as printed)",yes (2 income-tax files)
us-nc,F04,state,state form instructions and rate schedules,EXTRACTABLE,,,"yes (deductions, deductions/standard, income/deductions)",no TY2025 instruction body carrying the printed standard deduction/exemption amounts in the selection; publisher forms index revenue department forms page,Tax year 2025 standard deduction and exemption dollar amounts as printed in the instructions,yes (2 income-tax files)
us-nc,F05,state,state form instructions and rate schedules,EXTRACTABLE,,,no,no TY2025 instruction body carrying the state EITC/child credit parameters in the selection; publisher forms index revenue department forms page,"Tax year 2025 state EITC / child credit parameters as printed in the instructions (percentage of federal, amounts, worksheets)",yes (2 income-tax files)
us-nc,F06,state,state department bulletins,REVIEW,,,yes (income/rate),no 2026-labelled body with amounts in any selected scope and the queue row records no 2026 product; whether the department has posted TY2026 figures (most publish them in the 2026 estimated-tax or withholding instructions) was not verified,"Tax year 2026 indexed amounts (rate schedule, standard deduction, exemptions) as published for the year (estimated-tax instructions or department bulletin)",yes (2 income-tax files)
us-nd,S01,state,state statute,PRESENT,2026-07-16-pit-central-us-nd-title-57-38,us-nd/statute/57/57-38-07,"yes (income/rates, rates)","statute body ('Tax imposed on fiduciaries - Charge against estate or trust', 541 chars): 'The tax imposed by this chapter applies to and becomes a charge against estates and trusts with respect to their taxable income as defined in this chapter and the rates must be the'",Imposition of the individual income tax (or the constitutional/statutory bar for the nine no-tax states),yes (2 income-tax files)
us-nd,S02,state conformity,state statute,PRESENT,2026-07-13-recovery,us-nd/statute/57/57-38-01.28/page-41,no,"statute body ('Page 41', 4619 chars): 'ed in this section have the same meaning and application as provided in section 41 of the Internal Revenue Code, as amended through the most recent taxable year in which the provis'",Internal Revenue Code conformity date (static or rolling) as defined in the chapter,yes (2 income-tax files)
us-nd,S03,state,state statute,PRESENT,2026-07-16-pit-central-us-nd-title-57-38,us-nd/statute/57/57-38-01,no,"statute body ('Definitions', 7686 chars): 'income attributable to each asset in its investment portfolio for the calendar year. 11. ""Resident"" applies only to natural persons and includes, for the purpose of determining lia'","Resident, nonresident and part-year resident definitions (domicile, statutory residence day count)",yes (2 income-tax files)
us-nd,S04,state conformity,state statute,PRESENT,2026-07-16-pit-central-us-nd-title-57-38,us-nd/statute/57/57-38-30.3,"yes (income/rates, rates)","statute body ('Individual, estate, and trust income tax', 21030 chars): 'dule in subdivision e must be used for purposes of this subsection. a. Single, other than head of household or surviving spouse. If North Dakota taxable income is: Over | Not over '","Filing statuses and joint/separate return rules (married joint, separate, head of household, surviving spouse)",yes (2 income-tax files)
us-nd,S05,state conformity,state statute,PRESENT,2026-07-16-pit-central-us-nd-title-57-38,us-nd/statute/57/57-38-01,yes (income/taxable_income),"statute body ('Definitions', 7686 chars): 'sts, and corporations for taxable years beginning on or after January 1, 1983. Therefore, federal taxable income must be increased, or decreased, as the case may be, to reflect the'","Starting point: state gross/adjusted gross/taxable income defined from federal AGI, federal taxable income, or own gross income",yes (2 income-tax files)
us-nd,S06,state,state statute,PRESENT,2026-07-16-pit-central-us-nd-title-57-38,us-nd/statute/57/57-38-01.20,"yes (income/rates, rates)","statute body ('Credit for expenses of caring for certain family members', 4173 chars): 'int return, the greater of: (1) Twenty percent of qualified elderly care expenses; or (2) Thirty percent of qualified elderly care expenses, minus one percent of those expenses for'","Rate schedule: bracket thresholds and marginal rates, or the flat rate (statute)",yes (2 income-tax files)
us-nd,S07,state,state statute,EXTRACTABLE,,,"yes (income/rates, rates)","no selected statute body for this state carries it (selected statute scopes: 2026-07-13-recovery, 2026-07-16-pit-central-us-nd-title-57-38; income-tax chapter rows: 223); the state code is posted by the state code publisher (legislature/revisor site; see queue candidate_sources)","Bracket / deduction / exemption indexing rule (inflation adjustment method, base year, rounding)",yes (2 income-tax files)
us-nd,S08,state,state statute,N/A,,,no,"N/A: the state has no standard deduction of its own (federal taxable income start or exemption-only design) (analyst knowledge, verify)",Standard deduction amount(s) by filing status (statute),yes (2 income-tax files)
us-nd,S09,state conformity,state statute,PRESENT,2026-07-13-recovery,us-nd/statute/57/57-38-01.28/page-35,no,"statute body ('Page 35', 4015 chars): 'taxable income. For purposes of this subdivision, ""itemized deductions or standard deduction"" means the amount under section 63 of the Internal Revenue Code th'","Itemized deductions: state treatment (federal itemized with modifications, SALT/mortgage limits, own list, or none)",yes (2 income-tax files)
us-nd,S10,state,state statute,N/A,,,no,"N/A: no separate personal/dependent exemption or exemption credit (federal taxable income start) (analyst knowledge, verify)",Personal exemption amount or personal exemption credit (taxpayer and spouse),yes (2 income-tax files)
us-nd,S11,state,state statute,N/A,,,no,"N/A: no separate personal/dependent exemption or exemption credit (federal taxable income start) (analyst knowledge, verify)",Dependent exemption or dependent credit amount,yes (2 income-tax files)
us-nd,S12,state,state statute,EXTRACTABLE,,,no,"no selected statute body for this state carries it (selected statute scopes: 2026-07-13-recovery, 2026-07-16-pit-central-us-nd-title-57-38; income-tax chapter rows: 223); the state code is posted by the state code publisher (legislature/revisor site; see queue candidate_sources)",Additional deduction/exemption/credit for age 65 or over and for blindness,yes (2 income-tax files)
us-nd,S13,state,state statute,EXTRACTABLE,,,yes (additions),"no selected statute body for this state carries it (selected statute scopes: 2026-07-13-recovery, 2026-07-16-pit-central-us-nd-title-57-38; income-tax chapter rows: 223); the state code is posted by the state code publisher (legislature/revisor site; see queue candidate_sources)",Addition: interest on obligations of other states and their subdivisions,yes (2 income-tax files)
us-nd,S14,state,state statute,PRESENT,2026-07-16-pit-central-us-nd-title-57-38,us-nd/statute/57/57-38-01.3,yes (subtractions),"statute body ('Adjustments to taxable income for corporations', 10798 chars): 'e provisions of the Internal Revenue Code of 1954, as amended, must be: a. Reduced by any interest received from obligations of the United States that is included in taxable income'",Subtraction: interest on United States obligations,yes (2 income-tax files)
us-nd,S15,state,state statute,PRESENT,2026-07-16-pit-central-us-nd-title-57-38,us-nd/statute/57/57-38-30.3,no,"statute body ('Individual, estate, and trust income tax', 21030 chars): 'the extent the amount was included in federal taxable income. s. Reduced by the amount of social security benefits included in a taxpayer's federal adjusted gross income under sect'",Social Security benefits: full exclusion or the partial-taxation rule and its thresholds,yes (2 income-tax files)
us-nd,S16,state,state statute,PRESENT,2026-07-16-pit-central-us-nd-title-57-38,us-nd/statute/57/57-38-42,no,"statute body ('Information at the source. (Effective for taxable years begi', 9501 chars): 'hich state income tax was withheld, interest, dividend, pension, and annuity payments are excluded from the reporting requirements of this subsection; provided, if any person has w'","Pension and retirement income exclusion (amounts, age conditions, public vs private)",yes (2 income-tax files)
us-nd,S17,state,state statute,EXTRACTABLE,,,no,"no selected statute body for this state carries it (selected statute scopes: 2026-07-13-recovery, 2026-07-16-pit-central-us-nd-title-57-38; income-tax chapter rows: 223); the state code is posted by the state code publisher (legislature/revisor site; see queue candidate_sources)",Military pay and military retirement subtraction,yes (2 income-tax files)
us-nd,S18,state,state statute,PRESENT,2026-07-16-pit-central-us-nd-title-57-38,us-nd/statute/57/57-38-30.3,no,"statute body ('Individual, estate, and trust income tax', 21030 chars): 'Internal Revenue Code of 1986 [26 U.S.C. 1301], as amended, reduced by the portion of an exclusion claimed under subdivision d of subsection 2 that is attributable to a net long-te'","Capital gains: exclusion, deduction, or separate rate (where the state departs from ordinary treatment)",yes (2 income-tax files)
us-nd,S19,state,state statute,N/A,,,no,"N/A: no state EITC in TY2025 law (analyst knowledge, verify)","State EITC: percentage of the federal credit or own schedule, and refundability",yes (2 income-tax files)
us-nd,S20,state,state statute,N/A,,,no,"N/A: no state EITC in TY2025 law (analyst knowledge, verify)","State EITC deviations from federal eligibility (ITIN filers, age 18-24, childless amount, non-custodial), read from the EITC section",yes (2 income-tax files)
us-nd,S21,state,state statute,N/A,,,no,"N/A: no state child credit/child deduction in TY2025 law (analyst knowledge, verify)",State child tax credit / dependent credit / young child credit amount,yes (2 income-tax files)
us-nd,S22,state,state statute,N/A,,,no,"N/A: no state child credit/child deduction in TY2025 law (analyst knowledge, verify)",State child credit phase-out / income limit and refundability,yes (2 income-tax files)
us-nd,S23,state,state statute,N/A,,,no,"N/A: no state child and dependent care credit in TY2025 law (analyst knowledge, verify)",Child and dependent care credit: percentage of the federal credit or own schedule,yes (2 income-tax files)
us-nd,S24,state,state statute,PRESENT,2026-07-13-recovery,us-nd/statute/57/57-38-01.28/page-36,no,"statute body ('Page 36', 3755 chars): 'entitled to a credit against the tax imposed under this section for the amount of income tax paid by the taxpayer for the taxable year by another state or territory of the United S'","Credit for income taxes paid to other states (resident credit, limitation)",yes (2 income-tax files)
us-nd,S25,state,state statute,N/A,,,"yes (credits, income/credits)","N/A: no low-income credit/no-tax floor (analyst knowledge, verify)","Low-income credit, no-tax floor, or low-income exclusion (poverty-level relief)",yes (2 income-tax files)
us-nd,S26,state,state statute,EXTRACTABLE,,,no,"no selected statute body for this state carries it (selected statute scopes: 2026-07-13-recovery, 2026-07-16-pit-central-us-nd-title-57-38; income-tax chapter rows: 223); the state code is posted by the state code publisher (legislature/revisor site; see queue candidate_sources)","Property tax circuit breaker, renter or homestead credit claimed on the income tax return",yes (2 income-tax files)
us-nd,S27,state,state statute,PRESENT,2026-07-16-pit-central-us-nd-title-57-38,us-nd/statute/57/57-38-01.21,"yes (credits, income/credits)","statute body ('Charitable gifts, planned gifts, and qualified endowments cr', 8950 chars): 'imposed by section 57-38-30.3 for making a charitable gift to a qualified endowment. The credit is equal to forty percent of the charitable gift. If an individual makes a single ch'","Other personal credits enumerated in the credits article (education, adoption, charitable, long-term care, elderly, volunteer, etc.)",yes (2 income-tax files)
us-nd,S28,state,state statute,N/A,,,no,"N/A: no state AMT (analyst knowledge, verify)","State alternative minimum tax (rate, exemption, AMTI base) where enacted",yes (2 income-tax files)
us-nd,S29,state,state statute or bulletin,N/A,,,no,"N/A: no surtax or special individual income tax (analyst knowledge, verify)","Surtax or special individual tax (millionaire surtax, mental health tax, capital gains excise, interest and dividends tax, high-earner tax) where enacted, incl. the year's threshold",yes (2 income-tax files)
us-nd,S30,state,state statute,PRESENT,2026-07-16-pit-central-us-nd-title-57-38,us-nd/statute/57/57-38-04,no,"statute body ('Allocation and apportionment of gross income of individuals', 4914 chars): 'Whenever business activity is carried on partly within and partly without this state by a nonresident of this state as a sole proprietorship, or through a partnership, subchapter S'","Nonresident and part-year resident sourcing and apportionment (income from sources within the state, proration)",yes (2 income-tax files)
us-nd,S31,state,state statute,PRESENT,2026-07-16-pit-central-us-nd-title-57-38,us-nd/statute/57/57-38-59,no,"statute body ('Withholding from wages of employees - Penalty', 1634 chars): '1. Except as provided in section 57-38-59.3, every employer making payment of wages to employees shall deduct and withhold from their wages such percentage or percentages, as deter'",Employer withholding requirement and withholding tables/formula,yes (2 income-tax files)
us-nd,S32,state,state statute,PRESENT,2026-07-16-pit-central-us-nd-title-57-38,us-nd/statute/57/57-38-62,no,"statute body ('Payment of estimated income tax', 5417 chars): 'the Internal Revenue Code must each be deemed to be subject to the federal provision. If payment of estimated tax is required, the individual, estate, or trust shall, at the time p'","Individual estimated tax requirement, safe harbor and underpayment interest",yes (2 income-tax files)
us-nd,S33,state,state statute,PRESENT,2026-07-16-pit-central-us-nd-title-57-38,us-nd/statute/57/57-38-59.3,no,"statute body ('Nonresident mobile workforce - Computation of taxable income', 7044 chars): 'b. This subsection is applicable to the determination of an individual income taxpayer's filing requirement and has no application to the imposition of, or this state's jurisdictio'","Filing threshold: who must file a return (income floor, exemption-based, gross income test)",yes (2 income-tax files)
us-nd,S34,state,state statute,PRESENT,2026-07-16-pit-central-us-nd-title-57-38,us-nd/statute/57/57-38-34,no,"statute body ('Time and place of filing returns - Interest on tax when time', 3360 chars): 'lendar year and returns made on the basis of a fiscal year must be filed on or before the fifteenth day of the fourth month following the close of the fiscal year. A return filed f'","Return due date, extensions, joint return liability and innocent spouse",yes (2 income-tax files)
us-nd,S35,state,state statute,N/A,,,no,"N/A: no local income tax authorized by the state code (analyst knowledge, verify)","Local income taxes (county, municipal, school district, city) authorized or imposed by the state code, where they exist",yes (2 income-tax files)
us-nd,R01,state,state regulation,EXTRACTABLE,,,n/a (document carrier; see the rule elements it carries),no selected regulation scope for this state is a revenue-department income tax regulation (the selected regulation scopes are benefit-program rules); the administrative code chapter is posted by the state's code publisher,State income tax regulations: the revenue department's administrative code chapter on the individual income tax,yes (2 income-tax files)
us-nd,F01,state,state form instructions and rate schedules,EXTRACTABLE,,,n/a (document carrier; see the rule elements it carries),no TY2025 resident return form in any selected form scope (form documents present: none); queue row 'done' points at None/None; publisher forms index: state revenue department forms page,Tax year 2025 resident individual income tax return form,yes (2 income-tax files)
us-nd,F02,state,state form instructions and rate schedules,EXTRACTABLE,,,n/a (document carrier; see the rule elements it carries),no TY2025 resident instruction booklet in any selected form scope (form documents present: none); queue row 'done' points at None/None; publisher forms index: state revenue department forms page,"Tax year 2025 resident return instruction booklet (line-by-line rules, worksheets)",yes (2 income-tax files)
us-nd,F03,state,state form instructions and rate schedules,EXTRACTABLE,,,"yes (income/rates, rates)",no TY2025 rate schedule/tax table/flat-rate body in the selection (form bodies: 0); publisher forms index revenue department forms page,"Tax year 2025 rate schedule, tax table or flat rate with the year's dollar thresholds (as printed)",yes (2 income-tax files)
us-nd,F04,state,state form instructions and rate schedules,N/A,,,no,N/A: neither a standard deduction nor an exemption amount exists (federal taxable income start),Tax year 2025 standard deduction and exemption dollar amounts as printed in the instructions,yes (2 income-tax files)
us-nd,F05,state,state form instructions and rate schedules,N/A,,,no,"N/A: no state EITC or child credit in TY2025 law (analyst knowledge, verify)","Tax year 2025 state EITC / child credit parameters as printed in the instructions (percentage of federal, amounts, worksheets)",yes (2 income-tax files)
us-nd,F06,state,state department bulletins,REVIEW,,,"yes (income/rates, rates)",no 2026-labelled body with amounts in any selected scope and the queue row records no 2026 product; whether the department has posted TY2026 figures (most publish them in the 2026 estimated-tax or withholding instructions) was not verified,"Tax year 2026 indexed amounts (rate schedule, standard deduction, exemptions) as published for the year (estimated-tax instructions or department bulletin)",yes (2 income-tax files)
us-ne,S01,state,state statute,PRESENT,2026-07-13-recovery,us-ne/statute/77/77-2715.07/block-2,"yes (income/rates, rates)","statute body ('Income tax credits.', 11560 chars): '6) There shall be allowed to all individuals nonrefundable credits against the income tax imposed by the Nebraska Revenue Act of 1967 as provided in section 77-3604 and refundable '",Imposition of the individual income tax (or the constitutional/statutory bar for the nine no-tax states),yes (1 income-tax files)
us-ne,S02,state conformity,state statute,PRESENT,2026-07-13-recovery,us-ne/statute/77/77-2715.03/block-2,no,"statute body ('Individual income tax brackets and rates; Tax Commissioner; ', 5714 chars): 'x brackets by the percentage determined pursuant to the provisions of section 1(f) of the Internal Revenue Code of 1986, as it existed prior to December 22, 2017, except that in se'",Internal Revenue Code conformity date (static or rolling) as defined in the chapter,yes (1 income-tax files)
us-ne,S03,state,state statute,EXTRACTABLE,,,no,no selected statute body for this state carries it (selected statute scopes: 2026-07-13-recovery; income-tax chapter rows: 13); the state code is posted by the state code publisher (legislature/revisor site; see queue candidate_sources),"Resident, nonresident and part-year resident definitions (domicile, statutory residence day count)",yes (1 income-tax files)
us-ne,S04,state conformity,state statute,PRESENT,2026-07-13-recovery,us-ne/statute/77/77-2716.01/block-2,"yes (income/rates, rates)","statute body ('Personal exemptions; standard deduction; computation.', 7877 chars): 'y allowed or (i) for single taxpayers four thousand seven hundred fifty dollars, (ii) for head of household taxpayers seven thousand dollars, (iii) for married filing jointly taxpa'","Filing statuses and joint/separate return rules (married joint, separate, head of household, surviving spouse)",yes (1 income-tax files)
us-ne,S05,state conformity,state statute,PRESENT,2026-07-13-recovery,us-ne/statute/77/77-2716.01/block-2,yes (income/agi),"statute body ('Personal exemptions; standard deduction; computation.', 7877 chars): 'did not itemize deductions on his or her federal return shall be allowed to subtract from federal adjusted gross income a standard deduction based on the filing status used on the '","Starting point: state gross/adjusted gross/taxable income defined from federal AGI, federal taxable income, or own gross income",yes (1 income-tax files)
us-ne,S06,state,state statute,PRESENT,2026-07-13-recovery,us-ne/statute/77/77-2715.03/block-2,"yes (income/rates, rates)","statute body ('Individual income tax brackets and rates; Tax Commissioner; ', 5714 chars): 'Estates Tax Number Individuals Filing Household Filing and Rate Jointly Separate Trusts 1 $0-2,399 $0-4,799 $0-4,499 $0-2,399 $0-499 2.46% 2 $2,400- $4,800- $4,500- $2,400- $500- 1'","Rate schedule: bracket thresholds and marginal rates, or the flat rate (statute)",yes (1 income-tax files)
us-ne,S07,state,state statute,PRESENT,2026-07-13-recovery,us-ne/statute/77/77-2715.03/block-2,"yes (income/rates, rates)","statute body ('Individual income tax brackets and rates; Tax Commissioner; ', 5714 chars): 'e years beginning or deemed to begin on or after January 1, 2015, the minimum and maximum dollar amounts for each income tax bracket provided in subsection (2) of this section shal'","Bracket / deduction / exemption indexing rule (inflation adjustment method, base year, rounding)",yes (1 income-tax files)
us-ne,S08,state,state statute,PRESENT,2026-07-13-recovery,us-ne/statute/77/77-2716.01/block-2,"yes (deductions/standard, income/deductions, income/deductions/standard)","statute body ('Personal exemptions; standard deduction; computation.', 7877 chars): 'xpayers. (b) For tax years beginning or deemed to begin on or after January 1, 2019, the standard deduction amounts, including the additional standard deduction amounts, in this su'",Standard deduction amount(s) by filing status (statute),yes (1 income-tax files)
us-ne,S09,state conformity,state statute,PRESENT,2026-07-13-recovery,us-ne/statute/77/77-2716.01/block-2,yes (income/deductions),"statute body ('Personal exemptions; standard deduction; computation.', 7877 chars): 'shall be rounded to the next lowest multiple of fifty dollars. (4) Every individual who itemized deductions on his or her federal return shall be allowed to subtract from federal a'","Itemized deductions: state treatment (federal itemized with modifications, SALT/mortgage limits, own list, or none)",yes (1 income-tax files)
us-ne,S10,state,state statute,PRESENT,2026-07-13-recovery,us-ne/statute/77/77-2716.01/block-2,"yes (exemptions, income/exemptions)","statute body ('Personal exemptions; standard deduction; computation.', 7877 chars): 'he nearest dollar. For nonresident individuals and partial-year resident individuals, the personal exemption credit shall be subtracted as specified in subsection (3) of section 77'",Personal exemption amount or personal exemption credit (taxpayer and spouse),yes (1 income-tax files)
us-ne,S11,state,state statute,PRESENT,2026-07-13-recovery,us-ne/statute/77/77-2716.01/block-2,"yes (exemptions, income/exemptions)","statute body ('Personal exemptions; standard deduction; computation.', 7877 chars): 'ar 2018, every individual, except an individual that can be claimed for a child credit or dependent credit on the federal return of another taxpayer, shall be allowed to subtract f'",Dependent exemption or dependent credit amount,yes (1 income-tax files)
us-ne,S12,state,state statute,PRESENT,2026-07-13-recovery,us-ne/statute/77/77-2716.01/block-2,"yes (exemptions, income/exemptions)","statute body ('Personal exemptions; standard deduction; computation.', 7877 chars): 'Taxpayers who are allowed additional federal standard deduction amounts because of age or blindness shall be allowed an increase in the Nebraska standard deduction for each additio'",Additional deduction/exemption/credit for age 65 or over and for blindness,yes (1 income-tax files)
us-ne,S13,state,state statute,EXTRACTABLE,,,no,no selected statute body for this state carries it (selected statute scopes: 2026-07-13-recovery; income-tax chapter rows: 13); the state code is posted by the state code publisher (legislature/revisor site; see queue candidate_sources),Addition: interest on obligations of other states and their subdivisions,yes (1 income-tax files)
us-ne,S14,state,state statute,EXTRACTABLE,,,"yes (income/agi/subtractions, income/deductions, subtractions)",no selected statute body for this state carries it (selected statute scopes: 2026-07-13-recovery; income-tax chapter rows: 13); the state code is posted by the state code publisher (legislature/revisor site; see queue candidate_sources),Subtraction: interest on United States obligations,yes (1 income-tax files)
us-ne,S15,state,state statute,EXTRACTABLE,,,"yes (social_security, subtractions/military_retirement, subtractions/social_security)",no selected statute body for this state carries it (selected statute scopes: 2026-07-13-recovery; income-tax chapter rows: 13); the state code is posted by the state code publisher (legislature/revisor site; see queue candidate_sources),Social Security benefits: full exclusion or the partial-taxation rule and its thresholds,yes (1 income-tax files)
us-ne,S16,state,state statute,EXTRACTABLE,,,"yes (social_security, subtractions/military_retirement, subtractions/social_security)",no selected statute body for this state carries it (selected statute scopes: 2026-07-13-recovery; income-tax chapter rows: 13); the state code is posted by the state code publisher (legislature/revisor site; see queue candidate_sources),"Pension and retirement income exclusion (amounts, age conditions, public vs private)",yes (1 income-tax files)
us-ne,S17,state,state statute,EXTRACTABLE,,,yes (subtractions/military_retirement),no selected statute body for this state carries it (selected statute scopes: 2026-07-13-recovery; income-tax chapter rows: 13); the state code is posted by the state code publisher (legislature/revisor site; see queue candidate_sources),Military pay and military retirement subtraction,yes (1 income-tax files)
us-ne,S18,state,state statute,EXTRACTABLE,,,no,no selected statute body for this state carries it (selected statute scopes: 2026-07-13-recovery; income-tax chapter rows: 13); the state code is posted by the state code publisher (legislature/revisor site; see queue candidate_sources),"Capital gains: exclusion, deduction, or separate rate (where the state departs from ordinary treatment)",yes (1 income-tax files)
us-ne,S19,state,state statute,EXTRACTABLE,,,"yes (credits/eitc, income/credits/eitc)",no selected statute body for this state carries it (selected statute scopes: 2026-07-13-recovery; income-tax chapter rows: 13); the state code is posted by the state code publisher (legislature/revisor site; see queue candidate_sources),"State EITC: percentage of the federal credit or own schedule, and refundability",yes (1 income-tax files)
us-ne,S20,state,state statute,EXTRACTABLE,,,"yes (credits/eitc, income/credits/eitc)",the EITC section is not in any selected statute scope for this state (see S19); posted by the state code publisher (legislature/revisor site; see queue candidate_sources),"State EITC deviations from federal eligibility (ITIN filers, age 18-24, childless amount, non-custodial), read from the EITC section",yes (1 income-tax files)
us-ne,S21,state,state statute,N/A,,,yes (income/credits/ctc),"N/A: no state child credit/child deduction in TY2025 law (analyst knowledge, verify)",State child tax credit / dependent credit / young child credit amount,yes (1 income-tax files)
us-ne,S22,state,state statute,N/A,,,yes (income/credits/ctc),"N/A: no state child credit/child deduction in TY2025 law (analyst knowledge, verify)",State child credit phase-out / income limit and refundability,yes (1 income-tax files)
us-ne,S23,state,state statute,EXTRACTABLE,,,yes (income/credits/cdcc),no selected statute body for this state carries it (selected statute scopes: 2026-07-13-recovery; income-tax chapter rows: 13); the state code is posted by the state code publisher (legislature/revisor site; see queue candidate_sources),Child and dependent care credit: percentage of the federal credit or own schedule,yes (1 income-tax files)
us-ne,S24,state,state statute,PRESENT,2026-07-13-recovery,us-ne/statute/77/77-2715.07/block-2,no,"statute body ('Income tax credits.', 11560 chars): 'deral credit allowed under section 22 of the Internal Revenue Code; and (b) A credit for taxes paid to another state as provided in section 77-2730 . (2) There shall be allowed to '","Credit for income taxes paid to other states (resident credit, limitation)",yes (1 income-tax files)
us-ne,S25,state,state statute,N/A,,,"yes (credits, income/credits)","N/A: no low-income credit/no-tax floor (analyst knowledge, verify)","Low-income credit, no-tax floor, or low-income exclusion (poverty-level relief)",yes (1 income-tax files)
us-ne,S26,state,state statute,N/A,,,no,"N/A: no property-tax circuit breaker or renter credit on the income tax return (analyst knowledge, verify)","Property tax circuit breaker, renter or homestead credit claimed on the income tax return",yes (1 income-tax files)
us-ne,S27,state,state statute,PRESENT,2026-07-13-recovery,us-ne/statute/77/77-2715.07/block-2,"yes (credits, income/credits)","statute body ('Income tax credits.', 11560 chars): 'r January 1, 2006, under the Internal Revenue Code of 1986, as amended; (d) A refundable credit for individuals who qualify for an income tax credit under the Adoption Tax Credit A'","Other personal credits enumerated in the credits article (education, adoption, charitable, long-term care, elderly, volunteer, etc.)",yes (1 income-tax files)
us-ne,S28,state,state statute,N/A,,,no,"N/A: no state AMT (analyst knowledge, verify)","State alternative minimum tax (rate, exemption, AMTI base) where enacted",yes (1 income-tax files)
us-ne,S29,state,state statute or bulletin,N/A,,,no,"N/A: no surtax or special individual income tax (analyst knowledge, verify)","Surtax or special individual tax (millionaire surtax, mental health tax, capital gains excise, interest and dividends tax, high-earner tax) where enacted, incl. the year's threshold",yes (1 income-tax files)
us-ne,S30,state,state statute,EXTRACTABLE,,,no,no selected statute body for this state carries it (selected statute scopes: 2026-07-13-recovery; income-tax chapter rows: 13); the state code is posted by the state code publisher (legislature/revisor site; see queue candidate_sources),"Nonresident and part-year resident sourcing and apportionment (income from sources within the state, proration)",yes (1 income-tax files)
us-ne,S31,state,state statute,EXTRACTABLE,,,no,no selected statute body for this state carries it (selected statute scopes: 2026-07-13-recovery; income-tax chapter rows: 13); the state code is posted by the state code publisher (legislature/revisor site; see queue candidate_sources),Employer withholding requirement and withholding tables/formula,yes (1 income-tax files)
us-ne,S32,state,state statute,EXTRACTABLE,2026-07-22-ne-1040n-es-2026,us-ne/form/individual-income-tax/2026/1040n-es/document-1,no,"only a form body carries it; the enabling statute section is not in any selected statute scope (2026-07-13-recovery); form body ('2026 Nebraska Individual Estimated Income Tax Payment Vouche', 26694 chars): 'Taxpayers must ensure that adequate and timely estimated payments are made to avoid underpayment of estimated income tax penalties. 2026 Nebraska Individual Estimated Income Tax Pa'; posted by the state code publisher (legislature/revisor site; see queue candidate_sources)","Individual estimated tax requirement, safe harbor and underpayment interest",yes (1 income-tax files)
us-ne,S33,state,state statute,EXTRACTABLE,,,no,no selected statute body for this state carries it (selected statute scopes: 2026-07-13-recovery; income-tax chapter rows: 13); the state code is posted by the state code publisher (legislature/revisor site; see queue candidate_sources),"Filing threshold: who must file a return (income floor, exemption-based, gross income test)",yes (1 income-tax files)
us-ne,S34,state,state statute,EXTRACTABLE,2026-07-22-ne-1040n-es-2026,us-ne/form/individual-income-tax/2026/1040n-es/document-1,no,"only a form body carries it; the enabling statute section is not in any selected statute scope (2026-07-13-recovery); form body ('2026 Nebraska Individual Estimated Income Tax Payment Vouche', 26694 chars): 'ments. When to Pay Your Estimated Income Tax. The first payment must be made on or before April 15, 2026, and on later dates as set out below. The estimated tax may be paid in full'; posted by the state code publisher (legislature/revisor site; see queue candidate_sources)","Return due date, extensions, joint return liability and innocent spouse",yes (1 income-tax files)
us-ne,S35,state,state statute,N/A,,,no,"N/A: no local income tax authorized by the state code (analyst knowledge, verify)","Local income taxes (county, municipal, school district, city) authorized or imposed by the state code, where they exist",yes (1 income-tax files)
us-ne,R01,state,state regulation,EXTRACTABLE,,,n/a (document carrier; see the rule elements it carries),no selected regulation scope for this state is a revenue-department income tax regulation (the selected regulation scopes are benefit-program rules); the administrative code chapter is posted by the state's code publisher,State income tax regulations: the revenue department's administrative code chapter on the individual income tax,yes (1 income-tax files)
us-ne,F01,state,state form instructions and rate schedules,EXTRACTABLE,,,n/a (document carrier; see the rule elements it carries),no TY2025 resident return form in any selected form scope (form documents present: 2026 Nebraska Individual Estimated Income Tax Paym); queue row 'done' points at form/2026-07-22-ne-1040n-es-2026; publisher forms index: state revenue department forms page,Tax year 2025 resident individual income tax return form,yes (1 income-tax files)
us-ne,F02,state,state form instructions and rate schedules,EXTRACTABLE,,,n/a (document carrier; see the rule elements it carries),no TY2025 resident instruction booklet in any selected form scope (form documents present: 2026 Nebraska Individual Estimated Income Tax Paym); queue row 'done' points at form/2026-07-22-ne-1040n-es-2026; publisher forms index: state revenue department forms page,"Tax year 2025 resident return instruction booklet (line-by-line rules, worksheets)",yes (1 income-tax files)
us-ne,F03,state,state form instructions and rate schedules,EXTRACTABLE,,,"yes (income/rates, rates)",no TY2025 rate schedule/tax table/flat-rate body in the selection (form bodies: 2); publisher forms index revenue department forms page,"Tax year 2025 rate schedule, tax table or flat rate with the year's dollar thresholds (as printed)",yes (1 income-tax files)
us-ne,F04,state,state form instructions and rate schedules,EXTRACTABLE,,,"yes (deductions/standard, income/deductions, income/deductions/standard)",no TY2025 instruction body carrying the printed standard deduction/exemption amounts in the selection; publisher forms index revenue department forms page,Tax year 2025 standard deduction and exemption dollar amounts as printed in the instructions,yes (1 income-tax files)
us-ne,F05,state,state form instructions and rate schedules,EXTRACTABLE,,,"yes (credits/eitc, income/credits/eitc)",no TY2025 instruction body carrying the state EITC/child credit parameters in the selection; publisher forms index revenue department forms page,"Tax year 2025 state EITC / child credit parameters as printed in the instructions (percentage of federal, amounts, worksheets)",yes (1 income-tax files)
us-ne,F06,state,state department bulletins,PRESENT,2026-07-22-ne-1040n-es-2026,us-ne/form/individual-income-tax/2026/1040n-es/document-1,"yes (income/rates, rates)","form body ('2026 Nebraska Individual Estimated Income Tax Payment Vouche', 26694 chars): 'Rev. 11-2025 If your Nebraska individual income tax, after allowance of Nebraska personal exemption credits, is expected to exceed withholding and other credits by $500 or more, th'","Tax year 2026 indexed amounts (rate schedule, standard deduction, exemptions) as published for the year (estimated-tax instructions or department bulletin)",yes (1 income-tax files)
us-nh,S01,state,state statute,PRESENT,2026-09-10-tax-state-guidance-ty2025,us-nh/guidance/dra/tir-2025-001/document-1,yes (income/rate),"guidance body ('TIR 2025-001, Interest and Dividends Tax Repealed Effective ', 3783 chars): 'ession Laws, etc.). Questions should be directed to Taxpayer Services at (603) 230-5920. Interest and Dividends Tax Repealed Effective January 1, 2025 The purpose of this Technical'",Imposition of the individual income tax (or the constitutional/statutory bar for the nine no-tax states),yes (1 income-tax files)
us-nh,S02,state conformity,state statute,N/A,,,no,N/A: no broad-based individual income tax; the rule does not exist in this jurisdiction,Internal Revenue Code conformity date (static or rolling) as defined in the chapter,yes (1 income-tax files)
us-nh,S03,state,state statute,N/A,,,no,N/A: no broad-based individual income tax; the rule does not exist in this jurisdiction,"Resident, nonresident and part-year resident definitions (domicile, statutory residence day count)",yes (1 income-tax files)
us-nh,S04,state conformity,state statute,N/A,,,yes (income/rate),N/A: no broad-based individual income tax; the rule does not exist in this jurisdiction,"Filing statuses and joint/separate return rules (married joint, separate, head of household, surviving spouse)",yes (1 income-tax files)
us-nh,S05,state conformity,state statute,N/A,,,no,N/A: no broad-based individual income tax; the rule does not exist in this jurisdiction,"Starting point: state gross/adjusted gross/taxable income defined from federal AGI, federal taxable income, or own gross income",yes (1 income-tax files)
us-nh,S06,state,state statute,N/A,,,yes (income/rate),N/A: no broad-based individual income tax; the rule does not exist in this jurisdiction,"Rate schedule: bracket thresholds and marginal rates, or the flat rate (statute)",yes (1 income-tax files)
us-nh,S07,state,state statute,N/A,,,yes (income/rate),N/A: no broad-based individual income tax; the rule does not exist in this jurisdiction,"Bracket / deduction / exemption indexing rule (inflation adjustment method, base year, rounding)",yes (1 income-tax files)
us-nh,S08,state,state statute,N/A,,,no,N/A: no broad-based individual income tax; the rule does not exist in this jurisdiction,Standard deduction amount(s) by filing status (statute),yes (1 income-tax files)
us-nh,S09,state conformity,state statute,N/A,,,no,N/A: no broad-based individual income tax; the rule does not exist in this jurisdiction,"Itemized deductions: state treatment (federal itemized with modifications, SALT/mortgage limits, own list, or none)",yes (1 income-tax files)
us-nh,S10,state,state statute,N/A,,,"yes (exemptions, income/exemptions)",N/A: no broad-based individual income tax; the rule does not exist in this jurisdiction,Personal exemption amount or personal exemption credit (taxpayer and spouse),yes (1 income-tax files)
us-nh,S11,state,state statute,N/A,,,"yes (exemptions, income/exemptions)",N/A: no broad-based individual income tax; the rule does not exist in this jurisdiction,Dependent exemption or dependent credit amount,yes (1 income-tax files)
us-nh,S12,state,state statute,N/A,,,"yes (exemptions, income/exemptions)",N/A: no broad-based individual income tax; the rule does not exist in this jurisdiction,Additional deduction/exemption/credit for age 65 or over and for blindness,yes (1 income-tax files)
us-nh,S13,state,state statute,N/A,,,no,N/A: no broad-based individual income tax; the rule does not exist in this jurisdiction,Addition: interest on obligations of other states and their subdivisions,yes (1 income-tax files)
us-nh,S14,state,state statute,N/A,,,no,N/A: no broad-based individual income tax; the rule does not exist in this jurisdiction,Subtraction: interest on United States obligations,yes (1 income-tax files)
us-nh,S15,state,state statute,N/A,,,no,N/A: no broad-based individual income tax; the rule does not exist in this jurisdiction,Social Security benefits: full exclusion or the partial-taxation rule and its thresholds,yes (1 income-tax files)
us-nh,S16,state,state statute,N/A,,,no,N/A: no broad-based individual income tax; the rule does not exist in this jurisdiction,"Pension and retirement income exclusion (amounts, age conditions, public vs private)",yes (1 income-tax files)
us-nh,S17,state,state statute,N/A,,,no,N/A: no broad-based individual income tax; the rule does not exist in this jurisdiction,Military pay and military retirement subtraction,yes (1 income-tax files)
us-nh,S18,state,state statute,N/A,,,no,"N/A: capital gains taxed as ordinary income with no state exclusion (analyst knowledge, verify)","Capital gains: exclusion, deduction, or separate rate (where the state departs from ordinary treatment)",yes (1 income-tax files)
us-nh,S19,state,state statute,N/A,,,no,"N/A: no state EITC in TY2025 law (analyst knowledge, verify)","State EITC: percentage of the federal credit or own schedule, and refundability",yes (1 income-tax files)
us-nh,S20,state,state statute,N/A,,,no,"N/A: no state EITC in TY2025 law (analyst knowledge, verify)","State EITC deviations from federal eligibility (ITIN filers, age 18-24, childless amount, non-custodial), read from the EITC section",yes (1 income-tax files)
us-nh,S21,state,state statute,N/A,,,no,N/A: no broad-based individual income tax; the rule does not exist in this jurisdiction,State child tax credit / dependent credit / young child credit amount,yes (1 income-tax files)
us-nh,S22,state,state statute,N/A,,,no,N/A: no broad-based individual income tax; the rule does not exist in this jurisdiction,State child credit phase-out / income limit and refundability,yes (1 income-tax files)
us-nh,S23,state,state statute,N/A,,,no,N/A: no broad-based individual income tax; the rule does not exist in this jurisdiction,Child and dependent care credit: percentage of the federal credit or own schedule,yes (1 income-tax files)
us-nh,S24,state,state statute,N/A,,,no,N/A: no broad-based individual income tax; the rule does not exist in this jurisdiction,"Credit for income taxes paid to other states (resident credit, limitation)",yes (1 income-tax files)
us-nh,S25,state,state statute,N/A,,,yes (credits),N/A: no broad-based individual income tax; the rule does not exist in this jurisdiction,"Low-income credit, no-tax floor, or low-income exclusion (poverty-level relief)",yes (1 income-tax files)
us-nh,S26,state,state statute,N/A,,,no,N/A: no broad-based individual income tax; the rule does not exist in this jurisdiction,"Property tax circuit breaker, renter or homestead credit claimed on the income tax return",yes (1 income-tax files)
us-nh,S27,state,state statute,N/A,,,yes (credits),N/A: no broad-based individual income tax; the rule does not exist in this jurisdiction,"Other personal credits enumerated in the credits article (education, adoption, charitable, long-term care, elderly, volunteer, etc.)",yes (1 income-tax files)
us-nh,S28,state,state statute,N/A,,,no,N/A: no broad-based individual income tax; the rule does not exist in this jurisdiction,"State alternative minimum tax (rate, exemption, AMTI base) where enacted",yes (1 income-tax files)
us-nh,S29,state,state statute or bulletin,PRESENT,2026-09-10-tax-state-guidance-ty2025,us-nh/guidance/dra/tir-2025-001/document-1,no,"guidance body ('TIR 2025-001, Interest and Dividends Tax Repealed Effective ', 3783 chars): 'ers, tax practitioners, and the general public regarding the repeal of the RSA Chapter 77 Interest and Dividends Tax (I&D Tax) effective January 1, 2025. Under prior law, the I&D T'","Surtax or special individual tax (millionaire surtax, mental health tax, capital gains excise, interest and dividends tax, high-earner tax) where enacted, incl. the year's threshold",yes (1 income-tax files)
us-nh,S30,state,state statute,N/A,,,no,N/A: no broad-based individual income tax; the rule does not exist in this jurisdiction,"Nonresident and part-year resident sourcing and apportionment (income from sources within the state, proration)",yes (1 income-tax files)
us-nh,S31,state,state statute,N/A,,,no,N/A: no broad-based individual income tax; the rule does not exist in this jurisdiction,Employer withholding requirement and withholding tables/formula,yes (1 income-tax files)
us-nh,S32,state,state statute,N/A,,,no,N/A: no broad-based individual income tax; the rule does not exist in this jurisdiction,"Individual estimated tax requirement, safe harbor and underpayment interest",yes (1 income-tax files)
us-nh,S33,state,state statute,N/A,,,no,N/A: no broad-based individual income tax; the rule does not exist in this jurisdiction,"Filing threshold: who must file a return (income floor, exemption-based, gross income test)",yes (1 income-tax files)
us-nh,S34,state,state statute,N/A,,,no,N/A: no broad-based individual income tax; the rule does not exist in this jurisdiction,"Return due date, extensions, joint return liability and innocent spouse",yes (1 income-tax files)
us-nh,S35,state,state statute,N/A,,,no,N/A: no broad-based individual income tax; the rule does not exist in this jurisdiction,"Local income taxes (county, municipal, school district, city) authorized or imposed by the state code, where they exist",yes (1 income-tax files)
us-nh,R01,state,state regulation,N/A,,,n/a (document carrier; see the rule elements it carries),N/A: no broad-based individual income tax; the rule does not exist in this jurisdiction,State income tax regulations: the revenue department's administrative code chapter on the individual income tax,yes (1 income-tax files)
us-nh,F01,state,state form instructions and rate schedules,N/A,,,n/a (document carrier; see the rule elements it carries),N/A: no resident individual income tax return exists (no broad-based income tax),Tax year 2025 resident individual income tax return form,yes (1 income-tax files)
us-nh,F02,state,state form instructions and rate schedules,N/A,,,n/a (document carrier; see the rule elements it carries),N/A: no resident individual income tax return exists (no broad-based income tax),"Tax year 2025 resident return instruction booklet (line-by-line rules, worksheets)",yes (1 income-tax files)
us-nh,F03,state,state form instructions and rate schedules,N/A,,,yes (income/rate),N/A: no broad-based individual income tax; the rule does not exist in this jurisdiction,"Tax year 2025 rate schedule, tax table or flat rate with the year's dollar thresholds (as printed)",yes (1 income-tax files)
us-nh,F04,state,state form instructions and rate schedules,N/A,,,no,N/A: no broad-based individual income tax; the rule does not exist in this jurisdiction,Tax year 2025 standard deduction and exemption dollar amounts as printed in the instructions,yes (1 income-tax files)
us-nh,F05,state,state form instructions and rate schedules,N/A,,,no,"N/A: no state EITC or child credit in TY2025 law (analyst knowledge, verify)","Tax year 2025 state EITC / child credit parameters as printed in the instructions (percentage of federal, amounts, worksheets)",yes (1 income-tax files)
us-nh,F06,state,state department bulletins,N/A,,,yes (income/rate),N/A: no broad-based individual income tax; the rule does not exist in this jurisdiction,"Tax year 2026 indexed amounts (rate schedule, standard deduction, exemptions) as published for the year (estimated-tax instructions or department bulletin)",yes (1 income-tax files)
us-nj,S01,state,state statute,PRESENT,2026-07-16-pit-central-us-nj-title-54a,us-nj/statute/54a:2-1,"yes (income/main, main)","statute body ('Imposition of tax', 12180 chars): 'There is hereby imposed a tax for each taxable year (which shall be the same as the taxable year for federal income tax purposes) on the New Jersey gross income as herein defined o'",Imposition of the individual income tax (or the constitutional/statutory bar for the nine no-tax states),yes (2 income-tax files)
us-nj,S02,state conformity,state statute,PRESENT,2026-07-16-pit-central-us-nj-title-54a,us-nj/statute/54a:11-3,no,"statute body ('Minimum essential coverage', 622 chars): 'xpayer's federal penalty that would apply for the taxable year under section 5000A of the Internal Revenue Code of 1986, as in effect on December 15, 2017 (26 U.S.C. s.5000A). L.20'",Internal Revenue Code conformity date (static or rolling) as defined in the chapter,yes (2 income-tax files)
us-nj,S03,state,state statute,PRESENT,2026-07-16-pit-central-us-nj-title-54a,us-nj/statute/54a:1-2,no,"statute body ('Definitions', 4824 chars): 's act, or whose income in whole or in part is subject to the tax imposed by this act. m. ""Resident taxpayer"" means an individual: 1. Who is domiciled in this State, unless he maint'","Resident, nonresident and part-year resident definitions (domicile, statutory residence day count)",yes (2 income-tax files)
us-nj,S04,state conformity,state statute,PRESENT,2026-07-16-pit-central-us-nj-title-54a,us-nj/statute/54a:2-4,"yes (income/main, main)","statute body ('Minimum taxable income', 1852 chars): '; b. The taxpayer is determining tax pursuant to subsection a. of N.J.S.54A:2-1, or is a married couple filing a joint return, with a gross income of (1) $3,000 or less for taxable'","Filing statuses and joint/separate return rules (married joint, separate, head of household, surviving spouse)",yes (2 income-tax files)
us-nj,S05,state conformity,state statute,PRESENT,2026-07-16-pit-central-us-nj-title-54a,us-nj/statute/54a:6-24,"yes (income/gross_income, income/main)","statute body ('Cafeteria plan, qualified option, certain; not gross income', 1296 chars): 'he employee does not elect to receive cash and the value of the option is excludable from federal taxable income. As used in this section: ""Cafeteria plan"" means an employee benefi'","Starting point: state gross/adjusted gross/taxable income defined from federal AGI, federal taxable income, or own gross income",yes (2 income-tax files)
us-nj,S06,state,state statute,PRESENT,2026-07-16-pit-central-us-nj-title-54a,us-nj/statute/54a:2-1,"yes (income/main, main)","statute body ('Imposition of tax', 12180 chars): 'fore January 1, 1994: If the taxable income is: The tax is: Not over $20,000.00.......... 2% of taxable income Over $20,000.00 but not over $50,000.00........ $400.00 plus 2.5% of '","Rate schedule: bracket thresholds and marginal rates, or the flat rate (statute)",yes (2 income-tax files)
us-nj,S07,state,state statute,EXTRACTABLE,,,"yes (income/main, main)","no selected statute body for this state carries it (selected statute scopes: 2026-07-13-recovery, 2026-07-16-pit-central-us-nj-title-54a; income-tax chapter rows: 243); the state code is posted by the state code publisher (legislature/revisor site; see queue candidate_sources)","Bracket / deduction / exemption indexing rule (inflation adjustment method, base year, rounding)",yes (2 income-tax files)
us-nj,S08,state,state statute,N/A,,,yes (income/deductions),"N/A: the state has no standard deduction of its own (federal taxable income start or exemption-only design) (analyst knowledge, verify)",Standard deduction amount(s) by filing status (statute),yes (2 income-tax files)
us-nj,S09,state conformity,state statute,N/A,,,yes (income/deductions),"N/A: the state allows no itemized deductions (analyst knowledge, verify)","Itemized deductions: state treatment (federal itemized with modifications, SALT/mortgage limits, own list, or none)",yes (2 income-tax files)
us-nj,S10,state,state statute,EXTRACTABLE,,,yes (income/exemptions),"no selected statute body for this state carries it (selected statute scopes: 2026-07-13-recovery, 2026-07-16-pit-central-us-nj-title-54a; income-tax chapter rows: 243); the state code is posted by the state code publisher (legislature/revisor site; see queue candidate_sources)",Personal exemption amount or personal exemption credit (taxpayer and spouse),yes (2 income-tax files)
us-nj,S11,state,state statute,PRESENT,2026-07-16-pit-central-us-nj-title-54a,us-nj/statute/54a:3-1,yes (income/exemptions),"statute body ('Personal exemptions and deductions', 2291 chars): 'ction 3 of P.L.2003, c.246 (C.26:8A-3), who does not file separately - $1,000.00. 2. For each dependent who qualifies as a dependent of the taxpayer during the taxable year for fed'",Dependent exemption or dependent credit amount,yes (2 income-tax files)
us-nj,S12,state,state statute,EXTRACTABLE,,,yes (income/exemptions),"no selected statute body for this state carries it (selected statute scopes: 2026-07-13-recovery, 2026-07-16-pit-central-us-nj-title-54a; income-tax chapter rows: 243); the state code is posted by the state code publisher (legislature/revisor site; see queue candidate_sources)",Additional deduction/exemption/credit for age 65 or over and for blindness,yes (2 income-tax files)
us-nj,S13,state,state statute,PRESENT,2026-07-16-pit-central-us-nj-title-54a,us-nj/statute/54a:5-10,"yes (additions, income/additions)","statute body ('Definitions', 4395 chars): 'ehalf of, or in satisfaction of the liabilities of, shareholders of the corporation; (4) interest income on obligations of any state other than this State, or of a political subdiv'",Addition: interest on obligations of other states and their subdivisions,yes (2 income-tax files)
us-nj,S14,state,state statute,PRESENT,2026-07-16-pit-central-us-nj-title-54a,us-nj/statute/54a:8-6,"yes (income/deductions, income/exclusions, income/subtractions)","statute body ('Requirements concerning returns, notices, records and statem', 6316 chars): '0 per owner of the entity; and which is not required to register itself or its membership interests with the federal Securities and Exchange Commission; provided that beginning wit'",Subtraction: interest on United States obligations,yes (2 income-tax files)
us-nj,S15,state,state statute,EXTRACTABLE,,,yes (retirement),"no selected statute body for this state carries it (selected statute scopes: 2026-07-13-recovery, 2026-07-16-pit-central-us-nj-title-54a; income-tax chapter rows: 243); the state code is posted by the state code publisher (legislature/revisor site; see queue candidate_sources)",Social Security benefits: full exclusion or the partial-taxation rule and its thresholds,yes (2 income-tax files)
us-nj,S16,state,state statute,PRESENT,2026-07-16-pit-central-us-nj-title-54a,us-nj/statute/54a:6-10,yes (retirement),"statute body ('Pensions and annuities', 6752 chars): 'contributed by the employee. b. (1) In addition to that part of any amount received as an annuity which is excludable from gross income as herein provided, gross income shall not i'","Pension and retirement income exclusion (amounts, age conditions, public vs private)",yes (2 income-tax files)
us-nj,S17,state,state statute,EXTRACTABLE,,,no,"no selected statute body for this state carries it (selected statute scopes: 2026-07-13-recovery, 2026-07-16-pit-central-us-nj-title-54a; income-tax chapter rows: 243); the state code is posted by the state code publisher (legislature/revisor site; see queue candidate_sources)",Military pay and military retirement subtraction,yes (2 income-tax files)
us-nj,S18,state,state statute,N/A,,,no,"N/A: capital gains taxed as ordinary income with no state exclusion (analyst knowledge, verify)","Capital gains: exclusion, deduction, or separate rate (where the state departs from ordinary treatment)",yes (2 income-tax files)
us-nj,S19,state,state statute,PRESENT,2026-07-13-recovery,us-nj/statute/54a:4-7,"yes (credits/eitc, income/credits/eitc)","statute body ('54a:4-7', 5172 chars): '54A:4-7 New Jersey Earned Income Tax Credit program. 54A:4-7 New Jersey Earned Income Tax Credit program . 2. There is established the New Jersey Earned Income Tax Credit program i'","State EITC: percentage of the federal credit or own schedule, and refundability",yes (2 income-tax files)
us-nj,S20,state,state statute,PRESENT,2026-07-13-recovery,us-nj/statute/54a:4-7,"yes (credits/eitc, income/credits/eitc)","eligibility read from the EITC section; no deviation text (ITIN/age/childless) matched, so the state appears to follow federal eligibility (verify)","State EITC deviations from federal eligibility (ITIN filers, age 18-24, childless amount, non-custodial), read from the EITC section",yes (2 income-tax files)
us-nj,S21,state,state statute,EXTRACTABLE,,,"yes (credits/ctc, income/credits/ctc)","no selected statute body for this state carries it (selected statute scopes: 2026-07-13-recovery, 2026-07-16-pit-central-us-nj-title-54a; income-tax chapter rows: 243); the state code is posted by the state code publisher (legislature/revisor site; see queue candidate_sources)",State child tax credit / dependent credit / young child credit amount,yes (2 income-tax files)
us-nj,S22,state,state statute,EXTRACTABLE,,,"yes (credits/ctc, income/credits/ctc)","no selected statute body for this state carries it (selected statute scopes: 2026-07-13-recovery, 2026-07-16-pit-central-us-nj-title-54a; income-tax chapter rows: 243); the state code is posted by the state code publisher (legislature/revisor site; see queue candidate_sources)",State child credit phase-out / income limit and refundability,yes (2 income-tax files)
us-nj,S23,state,state statute,EXTRACTABLE,,,"yes (credits/cdcc, income/credits/cdcc)","no selected statute body for this state carries it (selected statute scopes: 2026-07-13-recovery, 2026-07-16-pit-central-us-nj-title-54a; income-tax chapter rows: 243); the state code is posted by the state code publisher (legislature/revisor site; see queue candidate_sources)",Child and dependent care credit: percentage of the federal credit or own schedule,yes (2 income-tax files)
us-nj,S24,state,state statute,PRESENT,2026-07-16-pit-central-us-nj-title-54a,us-nj/statute/54a:4-1,no,"statute body ('Resident credit for tax of another state', 2918 chars): 'dit against the tax otherwise due under this act for the amount of any income tax or wage tax imposed for the taxable year by another state of the United States or political subdiv'","Credit for income taxes paid to other states (resident credit, limitation)",yes (2 income-tax files)
us-nj,S25,state,state statute,N/A,,,yes (income/credits),"N/A: no low-income credit/no-tax floor (analyst knowledge, verify)","Low-income credit, no-tax floor, or low-income exclusion (poverty-level relief)",yes (2 income-tax files)
us-nj,S26,state,state statute,PRESENT,2026-07-16-pit-central-us-nj-title-54a,us-nj/statute/54a:3a-20,"yes (credits/property_tax, income/credits/property_tax)","statute body ('Credit instead of deduction; limitations; annual application', 2149 chars): 'f N.J.S.54A:3-1 but who, pursuant to N.J.S.54A:2-4, is not subject to tax; and, who paid property taxes or rent constituting property taxes on a homestead during the calendar year '","Property tax circuit breaker, renter or homestead credit claimed on the income tax return",yes (2 income-tax files)
us-nj,S27,state,state statute,PRESENT,2026-07-16-pit-central-us-nj-title-54a,us-nj/statute/54a:4-15,yes (income/credits),"statute body ('Veteran care credit for qualified family caregivers; definit', 2698 chars): 'lified veteran care credit for the same qualified armed service member, the amount of the credit allowed shall be allocated in proportion to each qualified family caregiver's share'","Other personal credits enumerated in the credits article (education, adoption, charitable, long-term care, elderly, volunteer, etc.)",yes (2 income-tax files)
us-nj,S28,state,state statute,N/A,,,no,"N/A: no state AMT (analyst knowledge, verify)","State alternative minimum tax (rate, exemption, AMTI base) where enacted",yes (2 income-tax files)
us-nj,S29,state,state statute or bulletin,N/A,,,no,"N/A: no surtax or special individual income tax (analyst knowledge, verify)","Surtax or special individual tax (millionaire surtax, mental health tax, capital gains excise, interest and dividends tax, high-earner tax) where enacted, incl. the year's threshold",yes (2 income-tax files)
us-nj,S30,state,state statute,PRESENT,2026-07-16-pit-central-us-nj-title-54a,us-nj/statute/54a:2-1.1,no,"statute body ('Determination of tax, income of nonresident', 1139 chars): 'resident taxpayer shall be equal to the tax computed pursuant to N.J.S.54A:2-1 as if such nonresident were a resident, multiplied by a fraction, the numerator of which is the taxpa'","Nonresident and part-year resident sourcing and apportionment (income from sources within the state, proration)",yes (2 income-tax files)
us-nj,S31,state,state statute,PRESENT,2026-07-16-pit-central-us-nj-title-54a,us-nj/statute/54a:7-2,no,"statute body ('Information statement for employee or recipient of other pay', 2441 chars): '54A:7-2. a. Every employer or payor of a pension or annuity required to deduct and withhold tax under this act from the wages of an employee or from the payment of a pension or ann'",Employer withholding requirement and withholding tables/formula,yes (2 income-tax files)
us-nj,S32,state,state statute,PRESENT,2026-07-16-pit-central-us-nj-title-54a,us-nj/statute/54a:8-4,no,"statute body ('Declarations of estimated tax', 4819 chars): 'against the individual's tax, whether or not the individual is required to file a federal declaration of estimated tax for such year. (b) Definition of estimated tax. The term ""est'","Individual estimated tax requirement, safe harbor and underpayment interest",yes (2 income-tax files)
us-nj,S33,state,state statute,PRESENT,2026-07-16-pit-central-us-nj-title-54a,us-nj/statute/54a:8-3.1,"yes (filing_threshold, income/filing_threshold)","statute body ('Persons required to file', 3825 chars): 're the filing date prescribed in section 1 of this chapter (N.J.S.54A:8-1), an income tax return shall be made and filed by or for: (1) A taxpayer filing as an unmarried individual'","Filing threshold: who must file a return (income floor, exemption-based, gross income test)",yes (2 income-tax files)
us-nj,S34,state,state statute,PRESENT,2026-07-16-pit-central-us-nj-title-54a,us-nj/statute/54a:8-1,no,"statute body ('Payment of tax; returns; extension of time', 2960 chars): 'hall be filed, in the case of a taxpayer reporting on a calendar year basis, on or before April 15 following the close of such calendar year, or, in the case of a taxpayer reportin'","Return due date, extensions, joint return liability and innocent spouse",yes (2 income-tax files)
us-nj,S35,state,state statute,EXTRACTABLE,,,no,"no selected statute body for this state carries it (selected statute scopes: 2026-07-13-recovery, 2026-07-16-pit-central-us-nj-title-54a; income-tax chapter rows: 243); the state code is posted by the state code publisher (legislature/revisor site; see queue candidate_sources)","Local income taxes (county, municipal, school district, city) authorized or imposed by the state code, where they exist",yes (2 income-tax files)
us-nj,R01,state,state regulation,EXTRACTABLE,,,n/a (document carrier; see the rule elements it carries),no selected regulation scope for this state is a revenue-department income tax regulation (the selected regulation scopes are benefit-program rules); the administrative code chapter is posted by the state's code publisher,State income tax regulations: the revenue department's administrative code chapter on the individual income tax,yes (2 income-tax files)
us-nj,F01,state,state form instructions and rate schedules,PRESENT,2026-09-10-tax-state-forms-ty2025,us-nj/form/taxation/ty2025/nj-1040/document-1,n/a (document carrier; see the rule elements it carries),"form body ('Form NJ-1040, New Jersey Resident Income Tax Return (2025) 1', 15214 chars): 'al asset in 2025 (or a financial interest in a digital asset)? (See instructions.) Yes No Filing Status Fill in only one. 1. Single 2. Married/CU Couple, filing joint return 3. Mar'",Tax year 2025 resident individual income tax return form,yes (2 income-tax files)
us-nj,F02,state,state form instructions and rate schedules,PRESENT,2026-09-10-tax-state-forms-ty2025,us-nj/form/taxation/ty2025/nj-1040-instructions/document-1,n/a (document carrier; see the rule elements it carries),"form body ('Form NJ-1040, New Jersey Resident Return Instructions (2025)', 279002 chars): 'enant age 65 or older or disabled, you may be eligible for a Property Tax Credit. See the instructions for Form NJ-1040-HW on page 49; • Provided care for a disabled veteran who is'; NOTE: whole-chapter dump, the fact is inside a >200k-char body (weak provenance, needs sectioning)","Tax year 2025 resident return instruction booklet (line-by-line rules, worksheets)",yes (2 income-tax files)
us-nj,F03,state,state form instructions and rate schedules,PRESENT,2026-09-10-tax-state-forms-ty2025,us-nj/form/taxation/ty2025/nj-1040-instructions/document-1,"yes (income/main, main)","form body ('Form NJ-1040, New Jersey Resident Return Instructions (2025)', 279002 chars): 'the percentage below based on the amount on line 2. If line 2 is Enter % $30,000 or less 50% Over $30,000 but not over $60,000 40% Over $60,000 but not over $90,000 30% Over $90,00'; NOTE: whole-chapter dump, the fact is inside a >200k-char body (weak provenance, needs sectioning)","Tax year 2025 rate schedule, tax table or flat rate with the year's dollar thresholds (as printed)",yes (2 income-tax files)
us-nj,F04,state,state form instructions and rate schedules,EXTRACTABLE,,,yes (income/deductions),no TY2025 instruction body carrying the printed standard deduction/exemption amounts in the selection; publisher forms index https://www.nj.gov/treasury/taxation/prntgit.shtml,Tax year 2025 standard deduction and exemption dollar amounts as printed in the instructions,yes (2 income-tax files)
us-nj,F05,state,state form instructions and rate schedules,PRESENT,2026-09-10-tax-state-forms-ty2025,us-nj/form/taxation/ty2025/nj-1040-instructions/document-1,"yes (credits/eitc, income/credits/eitc)","form body ('Form NJ-1040, New Jersey Resident Return Instructions (2025)', 279002 chars): 'd estimated taxes or had a credit from the prior year; or • Are eligible for a New Jersey Earned Income Tax Credit or other credit and are due a refund. 2025 Form NJ-1040 21 Worksh'; NOTE: whole-chapter dump, the fact is inside a >200k-char body (weak provenance, needs sectioning)","Tax year 2025 state EITC / child credit parameters as printed in the instructions (percentage of federal, amounts, worksheets)",yes (2 income-tax files)
us-nj,F06,state,state department bulletins,REVIEW,,,"yes (income/main, main)",no 2026-labelled body with amounts in any selected scope and the queue row records no 2026 product; whether the department has posted TY2026 figures (most publish them in the 2026 estimated-tax or withholding instructions) was not verified,"Tax year 2026 indexed amounts (rate schedule, standard deduction, exemptions) as published for the year (estimated-tax instructions or department bulletin)",yes (2 income-tax files)
us-nm,S01,state,state statute,PRESENT,2026-07-16-pit-central,us-nm/statute/7-2-3,"yes (income/main, main)","statute body ('Imposition and levy of tax.', 320 chars): 'A tax is imposed at the rates specified in the Income Tax Act upon the net income of every resident individual and upon the net income of every nonresident individual employed or e'",Imposition of the individual income tax (or the constitutional/statutory bar for the nine no-tax states),yes (1 income-tax files)
us-nm,S02,state conformity,state statute,PRESENT,2026-07-16-pit-central,us-nm/statute/7-2-2,no,"statute body ('Definitions.', 11800 chars): 'rson, an estate, a trust or a fiduciary acting for a natural person, trust or estate; J. ""Internal Revenue Code"" means the United States Internal Revenue Code of 1986, as amended; '",Internal Revenue Code conformity date (static or rolling) as defined in the chapter,yes (1 income-tax files)
us-nm,S03,state,state statute,PRESENT,2026-07-16-pit-central,us-nm/statute/7-2-2,no,"statute body ('Definitions.', 11800 chars): 'o Paragraph (6) of Subsection N of this section, may be excluded from base income; Q. ""nonresident"" means every individual not a resident of this state; R. ""person"" means any indiv'","Resident, nonresident and part-year resident definitions (domicile, statutory residence day count)",yes (1 income-tax files)
us-nm,S04,state conformity,state statute,PRESENT,2026-07-16-pit-central,us-nm/statute/7-2-7,"yes (income/main, main)","statute body ('Individual income tax rates.', 1992 chars): 'at the following rates for any taxable year beginning on or after January 1, 2025: A. For married individuals filing joint returns, heads of household and surviving spouses: For ta'","Filing statuses and joint/separate return rules (married joint, separate, head of household, surviving spouse)",yes (1 income-tax files)
us-nm,S05,state conformity,state statute,PRESENT,2026-07-16-pit-central,us-nm/statute/7-2-2,yes (income/main),"statute body ('Definitions.', 11800 chars): 'For the purpose of the Income Tax Act and unless the context requires otherwise: A. ""adjusted gross income"" means adjusted gross income as defined in Section 62 of the Internal Rev'","Starting point: state gross/adjusted gross/taxable income defined from federal AGI, federal taxable income, or own gross income",yes (1 income-tax files)
us-nm,S06,state,state statute,PRESENT,2026-07-16-pit-central,us-nm/statute/7-2-7,"yes (income/main, main)","statute body ('Individual income tax rates.', 1992 chars): 'of household and surviving spouses: For taxable income: The tax shall be: Not over $8,000 1.5% of taxable income Over $8,000 but not over $25,000 $120 plus 3.2% of excess over $8,0'","Rate schedule: bracket thresholds and marginal rates, or the flat rate (statute)",yes (1 income-tax files)
us-nm,S07,state,state statute,EXTRACTABLE,,,"yes (income/main, main)","no selected statute body for this state carries it (selected statute scopes: 2026-07-13-recovery, 2026-07-16-pit-central; income-tax chapter rows: 129); the state code is posted by the state code publisher (legislature/revisor site; see queue candidate_sources)","Bracket / deduction / exemption indexing rule (inflation adjustment method, base year, rounding)",yes (1 income-tax files)
us-nm,S08,state,state statute,PRESENT,2026-07-16-pit-central,us-nm/statute/7-2-2,yes (income/deductions),"statute body ('Definitions.', 11800 chars): 'other than estates or trusts, base income adjusted to exclude: (1) an amount equal to the standard deduction allowed the taxpayer for the taxpayer's taxable year by Section 63 of t'",Standard deduction amount(s) by filing status (statute),yes (1 income-tax files)
us-nm,S09,state conformity,state statute,PRESENT,2026-07-16-pit-central,us-nm/statute/7-2-37,yes (income/deductions),"statute body ('Deduction; unreimbursed or uncompensated medical care expens', 3950 chars): 'or compensated for by insurance or otherwise and have not been included in the taxpayer's itemized deductions, as defined in Section 63 of the Internal Revenue Code, for the taxabl'","Itemized deductions: state treatment (federal itemized with modifications, SALT/mortgage limits, own list, or none)",yes (1 income-tax files)
us-nm,S10,state,state statute,PRESENT,2026-07-13-recovery,us-nm/statute/7-2-5.8,"yes (exemptions, income/exemptions)","statute body ('7-2-5.8', 4583 chars): 'e adjusted gross income is not over fifteen thousand dollars ($15,000), the amount of the exemption pursuant to this section shall be two thousand five hundred dollars ($2,500) for'",Personal exemption amount or personal exemption credit (taxpayer and spouse),yes (1 income-tax files)
us-nm,S11,state,state statute,EXTRACTABLE,,,"yes (exemptions, income/exemptions)","no selected statute body for this state carries it (selected statute scopes: 2026-07-13-recovery, 2026-07-16-pit-central; income-tax chapter rows: 129); the state code is posted by the state code publisher (legislature/revisor site; see queue candidate_sources)",Dependent exemption or dependent credit amount,yes (1 income-tax files)
us-nm,S12,state,state statute,PRESENT,2026-07-16-pit-central,us-nm/statute/7-2-5.9,"yes (exemptions, income/exemptions)","statute body ('Exemption; unreimbursed or uncompensated medical care expens', 2664 chars): 'A. Any individual sixty-five years of age or older may claim an additional exemption from income includable, except for this exemption, in net income in an amount equal to th'",Additional deduction/exemption/credit for age 65 or over and for blindness,yes (1 income-tax files)
us-nm,S13,state,state statute,EXTRACTABLE,,,no,"no selected statute body for this state carries it (selected statute scopes: 2026-07-13-recovery, 2026-07-16-pit-central; income-tax chapter rows: 129); the state code is posted by the state code publisher (legislature/revisor site; see queue candidate_sources)",Addition: interest on obligations of other states and their subdivisions,yes (1 income-tax files)
us-nm,S14,state,state statute,PRESENT,2026-07-16-pit-central,us-nm/statute/7-2-2,yes (income/deductions),"statute body ('Definitions.', 11800 chars): 'mended or renumbered, multiplied by the number of personal exemptions allowed for federal income tax purposes; (4) income from obligations of the United States of America less expe'",Subtraction: interest on United States obligations,yes (1 income-tax files)
us-nm,S15,state,state statute,PRESENT,2026-07-16-pit-central,us-nm/statute/7-2-5.9,no,"statute body ('Exemption; unreimbursed or uncompensated medical care expens', 2664 chars): 'covering medical care, including amounts paid as premiums under Part B of Title 18 of the Social Security Act or for a qualified long-term care insurance contract defined in Sectio'",Social Security benefits: full exclusion or the partial-taxation rule and its thresholds,yes (1 income-tax files)
us-nm,S16,state,state statute,EXTRACTABLE,,,no,"no selected statute body for this state carries it (selected statute scopes: 2026-07-13-recovery, 2026-07-16-pit-central; income-tax chapter rows: 129); the state code is posted by the state code publisher (legislature/revisor site; see queue candidate_sources)","Pension and retirement income exclusion (amounts, age conditions, public vs private)",yes (1 income-tax files)
us-nm,S17,state,state statute,PRESENT,2026-07-16-pit-central,us-nm/statute/7-2-5.13,no,"statute body ('Exemption; armed forces retirement pay.', 486 chars): 'A. An individual who is an armed forces retiree or the surviving spouse of an armed forces retiree may claim an exemption in an amount equal to thirty thousand dollars ($30,000) of'",Military pay and military retirement subtraction,yes (1 income-tax files)
us-nm,S18,state,state statute,PRESENT,2026-07-16-pit-central,us-nm/statute/7-2-34,no,"statute body ('Deduction; net capital gain income.', 906 chars): 'laim a deduction from net income in an amount equal to the greater of: (1) the taxpayer's net capital gain income for the taxable year for which the deduction is being claimed, but'","Capital gains: exclusion, deduction, or separate rate (where the state departs from ordinary treatment)",yes (1 income-tax files)
us-nm,S19,state,state statute,PRESENT,2026-07-13-recovery,us-nm/statute/7-2-18.15,"yes (credits/eitc, income/credits/eitc)","statute body ('7-2-18.15', 3862 chars): 'enty-five percent for taxable years beginning on or after January 1, 2023, of the federal earned income tax credit for which that taxpayer is eligible for the same taxable year or '","State EITC: percentage of the federal credit or own schedule, and refundability",yes (1 income-tax files)
us-nm,S20,state,state statute,PRESENT,2026-07-13-recovery,us-nm/statute/7-2-18.15,"yes (credits/eitc, income/credits/eitc)","eligibility read from the EITC section; no deviation text (ITIN/age/childless) matched, so the state appears to follow federal eligibility (verify)","State EITC deviations from federal eligibility (ITIN filers, age 18-24, childless amount, non-custodial), read from the EITC section",yes (1 income-tax files)
us-nm,S21,state,state statute,PRESENT,2026-07-16-pit-central,us-nm/statute/7-2-18.16,"yes (credits/ctc, income/credits/ctc)","statute body ('Credit; special needs adopted child tax credit; created; qua', 2150 chars): 'tax credit"". B. A taxpayer may claim and the department may allow a special needs adopted child tax credit in the amount of one thousand five hundred dollars ($1,500) to be claimed'",State child tax credit / dependent credit / young child credit amount,yes (1 income-tax files)
us-nm,S22,state,state statute,PRESENT,2026-07-16-pit-central,us-nm/statute/7-2-18.16,"yes (credits/ctc, income/credits/ctc)","statute body ('Credit; special needs adopted child tax credit; created; qua', 2150 chars): 'federal taxation purposes by the taxpayer. D. If the amount of the special needs adopted child tax credit due to the taxpayer exceeds the taxpayer's individual income tax liability'",State child credit phase-out / income limit and refundability,yes (1 income-tax files)
us-nm,S23,state,state statute,EXTRACTABLE,,,"yes (credits/cdcc, income/credits/cdcc)","no selected statute body for this state carries it (selected statute scopes: 2026-07-13-recovery, 2026-07-16-pit-central; income-tax chapter rows: 129); the state code is posted by the state code publisher (legislature/revisor site; see queue candidate_sources)",Child and dependent care credit: percentage of the federal credit or own schedule,yes (1 income-tax files)
us-nm,S24,state,state statute,PRESENT,2026-07-16-pit-central,us-nm/statute/7-2-12.1,no,"statute body ('Limitation on claiming of credits and tax rebates.', 496 chars): 'is section does not apply to the credit authorized by Section 7-2-13 NMSA 1978 for income taxes paid another state.'","Credit for income taxes paid to other states (resident credit, limitation)",yes (1 income-tax files)
us-nm,S25,state,state statute,PRESENT,2026-07-16-pit-central,us-nm/statute/7-2-14.3,"yes (credits, income/credits)","statute body ('Tax rebate of part of property tax due from low-income taxpa', 5342 chars): 'claimed. The tax rebate provided in this section is as specified in the following table: LOW-INCOME TAXPAYER'S PROPERTY TAX REBATE TABLE Taxpayer's Modified Gross Income Property T'","Low-income credit, no-tax floor, or low-income exclusion (poverty-level relief)",yes (1 income-tax files)
us-nm,S26,state,state statute,PRESENT,2026-07-16-pit-central,us-nm/statute/7-2-14.3,no,"statute body ('Tax rebate of part of property tax due from low-income taxpa', 5342 chars): 'te provided in this section is as specified in the following table: LOW-INCOME TAXPAYER'S PROPERTY TAX REBATE TABLE Taxpayer's Modified Gross Income Property Tax Rebate Over But No'","Property tax circuit breaker, renter or homestead credit claimed on the income tax return",yes (1 income-tax files)
us-nm,S27,state,state statute,PRESENT,2026-07-16-pit-central,us-nm/statute/7-2-18.1,"yes (credits, income/credits)","statute body ('Credit for expenses for dependent child day care necessary t', 5566 chars): 'l New Mexico income tax return and who is not a dependent of another taxpayer may claim a credit for child day care expenses incurred and paid to a caregiver in New Mexico during t'","Other personal credits enumerated in the credits article (education, adoption, charitable, long-term care, elderly, volunteer, etc.)",yes (1 income-tax files)
us-nm,S28,state,state statute,N/A,,,no,"N/A: no state AMT (analyst knowledge, verify)","State alternative minimum tax (rate, exemption, AMTI base) where enacted",yes (1 income-tax files)
us-nm,S29,state,state statute or bulletin,N/A,,,no,"N/A: no surtax or special individual income tax (analyst knowledge, verify)","Surtax or special individual tax (millionaire surtax, mental health tax, capital gains excise, interest and dividends tax, high-earner tax) where enacted, incl. the year's threshold",yes (1 income-tax files)
us-nm,S30,state,state statute,PRESENT,2026-07-16-pit-central,us-nm/statute/7-2-11,no,"statute body ('Tax credit; income allocation and apportionment.', 4045 chars): 'te the individual became a resident and, in addition, income earned in New Mexico while a nonresident of New Mexico shall be allocated to New Mexico; (2) except as provided otherwi'","Nonresident and part-year resident sourcing and apportionment (income from sources within the state, proration)",yes (1 income-tax files)
us-nm,S31,state,state statute,EXTRACTABLE,,,no,"no selected statute body for this state carries it (selected statute scopes: 2026-07-13-recovery, 2026-07-16-pit-central; income-tax chapter rows: 129); the state code is posted by the state code publisher (legislature/revisor site; see queue candidate_sources)",Employer withholding requirement and withholding tables/formula,yes (1 income-tax files)
us-nm,S32,state,state statute,PRESENT,2026-07-16-pit-central,us-nm/statute/7-2-12.2,no,"statute body ('Estimated tax due; payment of estimated tax; penalty.', 7683 chars): 's-Through Entity Withholding Tax Act [Chapter 7 , Article 3A NMSA 1978] shall be deemed a payment of estimated tax. An equal part of the amount of withheld tax shall be deemed paid'","Individual estimated tax requirement, safe harbor and underpayment interest",yes (1 income-tax files)
us-nm,S33,state,state statute,EXTRACTABLE,2026-09-10-tax-state-forms-ty2025,us-nm/form/trd/ty2025/pit-1-instructions/document-1,no,"only a form body carries it; the enabling statute section is not in any selected statute scope (2026-07-13-recovery, 2026-07-16-pit-central); form body ('Form PIT-1, New Mexico Personal Income Tax Return Instructio', 170997 chars): 'x meth- od • PIT-8453 for electronic filing and transmittal • RPD-41338 to waive preparer filing requirement Federal Income Tax Return The Department may require you to furnish a t'; posted by the state code publisher (legislature/revisor site; see queue candidate_sources)","Filing threshold: who must file a return (income floor, exemption-based, gross income test)",yes (1 income-tax files)
us-nm,S34,state,state statute,PRESENT,2026-07-16-pit-central,us-nm/statute/7-2-12.2,no,"statute body ('Estimated tax due; payment of estimated tax; penalty.', 7683 chars): 'lendar year basis, estimated payments of the required annual payment are due on or before April 15, June 15 and September 15 of the taxable year and January 15 of the following tax'","Return due date, extensions, joint return liability and innocent spouse",yes (1 income-tax files)
us-nm,S35,state,state statute,N/A,,,no,"N/A: no local income tax authorized by the state code (analyst knowledge, verify)","Local income taxes (county, municipal, school district, city) authorized or imposed by the state code, where they exist",yes (1 income-tax files)
us-nm,R01,state,state regulation,EXTRACTABLE,,,n/a (document carrier; see the rule elements it carries),no selected regulation scope for this state is a revenue-department income tax regulation (the selected regulation scopes are benefit-program rules); the administrative code chapter is posted by the state's code publisher,State income tax regulations: the revenue department's administrative code chapter on the individual income tax,yes (1 income-tax files)
us-nm,F01,state,state form instructions and rate schedules,PRESENT,2026-09-10-tax-state-forms-ty2025,us-nm/form/trd/ty2025/pit-1/document-1,n/a (document carrier; see the rule elements it carries),"form body ('Form PIT-1, New Mexico Personal Income Tax Return (2025) 1', 10170 chars): 'ndents and other dependents in this table. Use Schedule PIT-S for additional entries.) 7. FILING STATUS. Mark only one box. (4a) (3) Married filing separately (Enter spouse's name '",Tax year 2025 resident individual income tax return form,yes (1 income-tax files)
us-nm,F02,state,state form instructions and rate schedules,PRESENT,2026-09-10-tax-state-forms-ty2025,us-nm/form/trd/ty2025/pit-1-instructions/document-1,n/a (document carrier; see the rule elements it carries),"form body ('Form PIT-1, New Mexico Personal Income Tax Return Instructio', 170997 chars): 'ome to New Mexico. Then, you can claim a credit for taxes paid to another state on PIT-1, line 20, for income taxed by both states. Refunds, Rebates, and Credits Even if you are no'","Tax year 2025 resident return instruction booklet (line-by-line rules, worksheets)",yes (1 income-tax files)
us-nm,F03,state,state form instructions and rate schedules,PRESENT,2026-09-10-tax-state-forms-ty2025,us-nm/form/trd/ty2025/tax-look-up-table/document-1,"yes (income/main, main)","form body ('New Mexico Personal Income Tax Look Up Table (2025) 1', 41004 chars): '25,300 25,400 815 679 886 679 25,400 25,500 819 683 891 683 25,500 25,600 824 688 895 688 If line 17 of Form PIT-1 (Taxable Income) is: And you are: If line 17 of Form PIT-1 (Taxab'","Tax year 2025 rate schedule, tax table or flat rate with the year's dollar thresholds (as printed)",yes (1 income-tax files)
us-nm,F04,state,state form instructions and rate schedules,EXTRACTABLE,,,yes (income/deductions),no TY2025 instruction body carrying the printed standard deduction/exemption amounts in the selection; publisher forms index https://www.tax.newmexico.gov/individuals/online-services-overview/personal-income-tax-forms/,Tax year 2025 standard deduction and exemption dollar amounts as printed in the instructions,yes (1 income-tax files)
us-nm,F05,state,state form instructions and rate schedules,PRESENT,2026-09-10-tax-state-forms-ty2025,us-nm/form/trd/ty2025/pit-1-instructions/document-1,"yes (credits/eitc, income/credits/eitc)","form body ('Form PIT-1, New Mexico Personal Income Tax Return Instructio', 170997 chars): 'd 1040-SR. Enter the amount calculated in line 25a. Line 25a. Enter the amount of federal earned income credit (EIC) reported on your 2025 federal income tax return or calculated u'","Tax year 2025 state EITC / child credit parameters as printed in the instructions (percentage of federal, amounts, worksheets)",yes (1 income-tax files)
us-nm,F06,state,state department bulletins,REVIEW,,,"yes (income/main, main)",no 2026-labelled body with amounts in any selected scope and the queue row records no 2026 product; whether the department has posted TY2026 figures (most publish them in the 2026 estimated-tax or withholding instructions) was not verified,"Tax year 2026 indexed amounts (rate schedule, standard deduction, exemptions) as published for the year (estimated-tax instructions or department bulletin)",yes (1 income-tax files)
us-nv,S01,state,state statute,PRESENT,2026-07-24-nv-individual-income-tax-zero-liability,us-nv/statute/constitution/article-10/section-1/subsection-9/block-1,no,"statute body ('THE CONSTITUTION OF THE STATE OF NEVADA', 318 chars): 'provision, and except as otherwise provided in subsection 1 of this Section, taxes may be levied upon the income or revenue of any business in whatever form it may be conducted for'",Imposition of the individual income tax (or the constitutional/statutory bar for the nine no-tax states),yes (1 income-tax files)
us-nv,S02,state conformity,state statute,N/A,,,no,N/A: no broad-based individual income tax; the rule does not exist in this jurisdiction,Internal Revenue Code conformity date (static or rolling) as defined in the chapter,yes (1 income-tax files)
us-nv,S03,state,state statute,N/A,,,no,N/A: no broad-based individual income tax; the rule does not exist in this jurisdiction,"Resident, nonresident and part-year resident definitions (domicile, statutory residence day count)",yes (1 income-tax files)
us-nv,S04,state conformity,state statute,N/A,,,no,N/A: no broad-based individual income tax; the rule does not exist in this jurisdiction,"Filing statuses and joint/separate return rules (married joint, separate, head of household, surviving spouse)",yes (1 income-tax files)
us-nv,S05,state conformity,state statute,N/A,,,no,N/A: no broad-based individual income tax; the rule does not exist in this jurisdiction,"Starting point: state gross/adjusted gross/taxable income defined from federal AGI, federal taxable income, or own gross income",yes (1 income-tax files)
us-nv,S06,state,state statute,N/A,,,no,N/A: no broad-based individual income tax; the rule does not exist in this jurisdiction,"Rate schedule: bracket thresholds and marginal rates, or the flat rate (statute)",yes (1 income-tax files)
us-nv,S07,state,state statute,N/A,,,no,N/A: no broad-based individual income tax; the rule does not exist in this jurisdiction,"Bracket / deduction / exemption indexing rule (inflation adjustment method, base year, rounding)",yes (1 income-tax files)
us-nv,S08,state,state statute,N/A,,,no,N/A: no broad-based individual income tax; the rule does not exist in this jurisdiction,Standard deduction amount(s) by filing status (statute),yes (1 income-tax files)
us-nv,S09,state conformity,state statute,N/A,,,no,N/A: no broad-based individual income tax; the rule does not exist in this jurisdiction,"Itemized deductions: state treatment (federal itemized with modifications, SALT/mortgage limits, own list, or none)",yes (1 income-tax files)
us-nv,S10,state,state statute,N/A,,,no,N/A: no broad-based individual income tax; the rule does not exist in this jurisdiction,Personal exemption amount or personal exemption credit (taxpayer and spouse),yes (1 income-tax files)
us-nv,S11,state,state statute,N/A,,,no,N/A: no broad-based individual income tax; the rule does not exist in this jurisdiction,Dependent exemption or dependent credit amount,yes (1 income-tax files)
us-nv,S12,state,state statute,N/A,,,no,N/A: no broad-based individual income tax; the rule does not exist in this jurisdiction,Additional deduction/exemption/credit for age 65 or over and for blindness,yes (1 income-tax files)
us-nv,S13,state,state statute,N/A,,,no,N/A: no broad-based individual income tax; the rule does not exist in this jurisdiction,Addition: interest on obligations of other states and their subdivisions,yes (1 income-tax files)
us-nv,S14,state,state statute,N/A,,,no,N/A: no broad-based individual income tax; the rule does not exist in this jurisdiction,Subtraction: interest on United States obligations,yes (1 income-tax files)
us-nv,S15,state,state statute,N/A,,,no,N/A: no broad-based individual income tax; the rule does not exist in this jurisdiction,Social Security benefits: full exclusion or the partial-taxation rule and its thresholds,yes (1 income-tax files)
us-nv,S16,state,state statute,N/A,,,no,N/A: no broad-based individual income tax; the rule does not exist in this jurisdiction,"Pension and retirement income exclusion (amounts, age conditions, public vs private)",yes (1 income-tax files)
us-nv,S17,state,state statute,N/A,,,no,N/A: no broad-based individual income tax; the rule does not exist in this jurisdiction,Military pay and military retirement subtraction,yes (1 income-tax files)
us-nv,S18,state,state statute,N/A,,,no,"N/A: capital gains taxed as ordinary income with no state exclusion (analyst knowledge, verify)","Capital gains: exclusion, deduction, or separate rate (where the state departs from ordinary treatment)",yes (1 income-tax files)
us-nv,S19,state,state statute,N/A,,,no,"N/A: no state EITC in TY2025 law (analyst knowledge, verify)","State EITC: percentage of the federal credit or own schedule, and refundability",yes (1 income-tax files)
us-nv,S20,state,state statute,N/A,,,no,"N/A: no state EITC in TY2025 law (analyst knowledge, verify)","State EITC deviations from federal eligibility (ITIN filers, age 18-24, childless amount, non-custodial), read from the EITC section",yes (1 income-tax files)
us-nv,S21,state,state statute,N/A,,,no,N/A: no broad-based individual income tax; the rule does not exist in this jurisdiction,State child tax credit / dependent credit / young child credit amount,yes (1 income-tax files)
us-nv,S22,state,state statute,N/A,,,no,N/A: no broad-based individual income tax; the rule does not exist in this jurisdiction,State child credit phase-out / income limit and refundability,yes (1 income-tax files)
us-nv,S23,state,state statute,N/A,,,no,N/A: no broad-based individual income tax; the rule does not exist in this jurisdiction,Child and dependent care credit: percentage of the federal credit or own schedule,yes (1 income-tax files)
us-nv,S24,state,state statute,N/A,,,no,N/A: no broad-based individual income tax; the rule does not exist in this jurisdiction,"Credit for income taxes paid to other states (resident credit, limitation)",yes (1 income-tax files)
us-nv,S25,state,state statute,N/A,,,no,N/A: no broad-based individual income tax; the rule does not exist in this jurisdiction,"Low-income credit, no-tax floor, or low-income exclusion (poverty-level relief)",yes (1 income-tax files)
us-nv,S26,state,state statute,N/A,,,no,N/A: no broad-based individual income tax; the rule does not exist in this jurisdiction,"Property tax circuit breaker, renter or homestead credit claimed on the income tax return",yes (1 income-tax files)
us-nv,S27,state,state statute,N/A,,,no,N/A: no broad-based individual income tax; the rule does not exist in this jurisdiction,"Other personal credits enumerated in the credits article (education, adoption, charitable, long-term care, elderly, volunteer, etc.)",yes (1 income-tax files)
us-nv,S28,state,state statute,N/A,,,no,N/A: no broad-based individual income tax; the rule does not exist in this jurisdiction,"State alternative minimum tax (rate, exemption, AMTI base) where enacted",yes (1 income-tax files)
us-nv,S29,state,state statute or bulletin,N/A,,,no,"N/A: no surtax or special individual income tax (analyst knowledge, verify)","Surtax or special individual tax (millionaire surtax, mental health tax, capital gains excise, interest and dividends tax, high-earner tax) where enacted, incl. the year's threshold",yes (1 income-tax files)
us-nv,S30,state,state statute,N/A,,,no,N/A: no broad-based individual income tax; the rule does not exist in this jurisdiction,"Nonresident and part-year resident sourcing and apportionment (income from sources within the state, proration)",yes (1 income-tax files)
us-nv,S31,state,state statute,N/A,,,no,N/A: no broad-based individual income tax; the rule does not exist in this jurisdiction,Employer withholding requirement and withholding tables/formula,yes (1 income-tax files)
us-nv,S32,state,state statute,N/A,,,no,N/A: no broad-based individual income tax; the rule does not exist in this jurisdiction,"Individual estimated tax requirement, safe harbor and underpayment interest",yes (1 income-tax files)
us-nv,S33,state,state statute,N/A,,,no,N/A: no broad-based individual income tax; the rule does not exist in this jurisdiction,"Filing threshold: who must file a return (income floor, exemption-based, gross income test)",yes (1 income-tax files)
us-nv,S34,state,state statute,N/A,,,no,N/A: no broad-based individual income tax; the rule does not exist in this jurisdiction,"Return due date, extensions, joint return liability and innocent spouse",yes (1 income-tax files)
us-nv,S35,state,state statute,N/A,,,no,N/A: no broad-based individual income tax; the rule does not exist in this jurisdiction,"Local income taxes (county, municipal, school district, city) authorized or imposed by the state code, where they exist",yes (1 income-tax files)
us-nv,R01,state,state regulation,N/A,,,n/a (document carrier; see the rule elements it carries),N/A: no broad-based individual income tax; the rule does not exist in this jurisdiction,State income tax regulations: the revenue department's administrative code chapter on the individual income tax,yes (1 income-tax files)
us-nv,F01,state,state form instructions and rate schedules,N/A,,,n/a (document carrier; see the rule elements it carries),N/A: no resident individual income tax return exists (no broad-based income tax),Tax year 2025 resident individual income tax return form,yes (1 income-tax files)
us-nv,F02,state,state form instructions and rate schedules,N/A,,,n/a (document carrier; see the rule elements it carries),N/A: no resident individual income tax return exists (no broad-based income tax),"Tax year 2025 resident return instruction booklet (line-by-line rules, worksheets)",yes (1 income-tax files)
us-nv,F03,state,state form instructions and rate schedules,N/A,,,no,N/A: no broad-based individual income tax; the rule does not exist in this jurisdiction,"Tax year 2025 rate schedule, tax table or flat rate with the year's dollar thresholds (as printed)",yes (1 income-tax files)
us-nv,F04,state,state form instructions and rate schedules,N/A,,,no,N/A: no broad-based individual income tax; the rule does not exist in this jurisdiction,Tax year 2025 standard deduction and exemption dollar amounts as printed in the instructions,yes (1 income-tax files)
us-nv,F05,state,state form instructions and rate schedules,N/A,,,no,"N/A: no state EITC or child credit in TY2025 law (analyst knowledge, verify)","Tax year 2025 state EITC / child credit parameters as printed in the instructions (percentage of federal, amounts, worksheets)",yes (1 income-tax files)
us-nv,F06,state,state department bulletins,N/A,,,no,N/A: no broad-based individual income tax; the rule does not exist in this jurisdiction,"Tax year 2026 indexed amounts (rate schedule, standard deduction, exemptions) as published for the year (estimated-tax instructions or department bulletin)",yes (1 income-tax files)
us-ny,S01,state,state statute,PRESENT,2026-06-05-nyc-admin-code,us-ny/statute/NYC/11-1701,"yes (income/main, main)","statute body ('§ 11-1701 Imposition of tax.', 19848 chars): '§ 11-1701 Imposition of tax. General. A tax is hereby imposed on the city taxable income of every city resident individual, estate and trust determined in accordance with the rates'",Imposition of the individual income tax (or the constitutional/statutory bar for the nine no-tax states),yes (2 income-tax files)
us-ny,S02,state conformity,state statute,PRESENT,2026-07-06-ny-tax-article22-core-us-ny-sections-tax-601-tax-606-tax-614-tax-615-tax-616,us-ny/statute/TAX/606,no,"statute body ('Credits against tax', 418902 chars): 'rovisions of paragraph eight of subsection (f) of section one\nhundred sixty-eight of the internal revenue code, as such paragraph was\nin effect for agreements entered into prior '; NOTE: whole-chapter dump, the fact is inside a >200k-char body (weak provenance, needs sectioning)",Internal Revenue Code conformity date (static or rolling) as defined in the chapter,yes (2 income-tax files)
us-ny,S03,state,state statute,PRESENT,2026-07-06-ny-tax-article22-core-us-ny-sections-tax-601-tax-606-tax-614-tax-615-tax-616,us-ny/statute/TAX/615,no,"statute body ('New York itemized deduction of a resident individual', 14432 chars): 'n or claim his or\nher New York standard deduction. The New York itemized deduction of a\nresident individual means the total amount of his or her deductions from\nfederal adjusted'","Resident, nonresident and part-year resident definitions (domicile, statutory residence day count)",yes (2 income-tax files)
us-ny,S04,state conformity,state statute,PRESENT,2026-07-06-ny-tax-article22-core-us-ny-sections-tax-601-tax-606-tax-614-tax-615-tax-616,us-ny/statute/TAX/601,"yes (income/main, main)","statute body ('Imposition of tax', 131302 chars): 'ntly with his spouse under subsection (b) of section six\nhundred fifty-one or a resident head of a household or a resident\nsurviving spouse, and on the New York taxable income of'","Filing statuses and joint/separate return rules (married joint, separate, head of household, surviving spouse)",yes (2 income-tax files)
us-ny,S05,state conformity,state statute,PRESENT,2026-07-06-ny-tax-article22-core-us-ny-sections-tax-601-tax-606-tax-614-tax-615-tax-616,us-ny/statute/TAX/615,"yes (income/agi, income/main)","statute body ('New York itemized deduction of a resident individual', 14432 chars): 'mined by itemizing deductions or claiming the federal standard\ndeduction from his or her federal adjusted gross income, he or she may\nelect to deduct his or her New York itemized'","Starting point: state gross/adjusted gross/taxable income defined from federal AGI, federal taxable income, or own gross income",yes (2 income-tax files)
us-ny,S06,state,state statute,PRESENT,2026-06-05-nyc-admin-code,us-ny/statute/NYC/11-1701,"yes (income/main, main)","statute body ('§ 11-1701 Imposition of tax.', 19848 chars): 'g after two thousand sixteen: If the city taxable income is: The tax is: Not over $21,600 2.7% of the city taxable income Over $21,600 but not over $45,000 $583 plus 3.3% of excess'","Rate schedule: bracket thresholds and marginal rates, or the flat rate (statute)",yes (2 income-tax files)
us-ny,S07,state,state statute,EXTRACTABLE,,,"yes (income/main, main)","no selected statute body for this state carries it (selected statute scopes: 2026-06-05-nyc-admin-code, 2026-07-06-ny-tax-article22-core-us-ny-sections-tax-601-tax-606-tax-614-tax-615-tax-616, 2026-07-13-recovery; income-tax chapter rows: 19); the state code is posted by the state code publisher (legislature/revisor site; see queue candidate_sources)","Bracket / deduction / exemption indexing rule (inflation adjustment method, base year, rounding)",yes (2 income-tax files)
us-ny,S08,state,state statute,PRESENT,2026-07-06-ny-tax-article22-core-us-ny-sections-tax-601-tax-606-tax-614-tax-615-tax-616,us-ny/statute/TAX/606,"yes (deductions/standard, income/deductions, income/deductions/standard)","statute body ('Credits against tax', 418902 chars): 'ction status under section six hundred fourteen (whether or\nnot the taxpayer employs the standard deduction for the taxable year) as\nfollows:\nIf the taxpayer's standard The base'; NOTE: whole-chapter dump, the fact is inside a >200k-char body (weak provenance, needs sectioning)",Standard deduction amount(s) by filing status (statute),yes (2 income-tax files)
us-ny,S09,state conformity,state statute,PRESENT,2026-07-06-ny-tax-article22-core-us-ny-sections-tax-601-tax-606-tax-614-tax-615-tax-616,us-ny/statute/TAX/615,"yes (income/deductions, income/deductions/itemized)","statute body ('New York itemized deduction of a resident individual', 14432 chars): '§ 615. New York itemized deduction of a resident individual. (a)\nGeneral. If federal taxable income of a resident individua'","Itemized deductions: state treatment (federal itemized with modifications, SALT/mortgage limits, own list, or none)",yes (2 income-tax files)
us-ny,S10,state,state statute,PRESENT,2026-07-06-ny-tax-article22-core-us-ny-sections-tax-601-tax-606-tax-614-tax-615-tax-616,us-ny/statute/TAX/606,"yes (exemptions, income/exemptions)","statute body ('Credits against tax', 418902 chars): 'not a head of household nor a\n surviving spouse nor an\n individual whose federal\n exemption amount is zero $6,000\n Husband and wife whose New York\n taxable income is determine'; NOTE: whole-chapter dump, the fact is inside a >200k-char body (weak provenance, needs sectioning)",Personal exemption amount or personal exemption credit (taxpayer and spouse),yes (2 income-tax files)
us-ny,S11,state,state statute,EXTRACTABLE,,,"yes (exemptions, income/exemptions)","no selected statute body for this state carries it (selected statute scopes: 2026-06-05-nyc-admin-code, 2026-07-06-ny-tax-article22-core-us-ny-sections-tax-601-tax-606-tax-614-tax-615-tax-616, 2026-07-13-recovery; income-tax chapter rows: 19); the state code is posted by the state code publisher (legislature/revisor site; see queue candidate_sources)",Dependent exemption or dependent credit amount,yes (2 income-tax files)
us-ny,S12,state,state statute,EXTRACTABLE,,,"yes (exemptions, income/exemptions)","no selected statute body for this state carries it (selected statute scopes: 2026-06-05-nyc-admin-code, 2026-07-06-ny-tax-article22-core-us-ny-sections-tax-601-tax-606-tax-614-tax-615-tax-616, 2026-07-13-recovery; income-tax chapter rows: 19); the state code is posted by the state code publisher (legislature/revisor site; see queue candidate_sources)",Additional deduction/exemption/credit for age 65 or over and for blindness,yes (2 income-tax files)
us-ny,S13,state,state statute,EXTRACTABLE,,,no,"no selected statute body for this state carries it (selected statute scopes: 2026-06-05-nyc-admin-code, 2026-07-06-ny-tax-article22-core-us-ny-sections-tax-601-tax-606-tax-614-tax-615-tax-616, 2026-07-13-recovery; income-tax chapter rows: 19); the state code is posted by the state code publisher (legislature/revisor site; see queue candidate_sources)",Addition: interest on obligations of other states and their subdivisions,yes (2 income-tax files)
us-ny,S14,state,state statute,EXTRACTABLE,,,"yes (income/agi/subtractions, income/deductions, subtractions)","no selected statute body for this state carries it (selected statute scopes: 2026-06-05-nyc-admin-code, 2026-07-06-ny-tax-article22-core-us-ny-sections-tax-601-tax-606-tax-614-tax-615-tax-616, 2026-07-13-recovery; income-tax chapter rows: 19); the state code is posted by the state code publisher (legislature/revisor site; see queue candidate_sources)",Subtraction: interest on United States obligations,yes (2 income-tax files)
us-ny,S15,state,state statute,PRESENT,2026-07-06-ny-tax-article22-core-us-ny-sections-tax-601-tax-606-tax-614-tax-615-tax-616,us-ny/statute/TAX/606,yes (pension_exclusion),"statute body ('Credits against tax', 418902 chars): 'not limited to, railroad retirement benefits and all payments received\nunder the federal social security act and veterans' disability\npensions); nontaxable interest received from'; NOTE: whole-chapter dump, the fact is inside a >200k-char body (weak provenance, needs sectioning)",Social Security benefits: full exclusion or the partial-taxation rule and its thresholds,yes (2 income-tax files)
us-ny,S16,state,state statute,PRESENT,2026-07-06-ny-tax-article22-core-us-ny-sections-tax-601-tax-606-tax-614-tax-615-tax-616,us-ny/statute/TAX/606,yes (pension_exclusion),"statute body ('Credits against tax', 418902 chars): 'herwise\nexcluded from such amount; earned income from sources without the United\nStates excludable from federal gross income by section nine hundred\neleven of the internal reven'; NOTE: whole-chapter dump, the fact is inside a >200k-char body (weak provenance, needs sectioning)","Pension and retirement income exclusion (amounts, age conditions, public vs private)",yes (2 income-tax files)
us-ny,S17,state,state statute,EXTRACTABLE,,,no,"no selected statute body for this state carries it (selected statute scopes: 2026-06-05-nyc-admin-code, 2026-07-06-ny-tax-article22-core-us-ny-sections-tax-601-tax-606-tax-614-tax-615-tax-616, 2026-07-13-recovery; income-tax chapter rows: 19); the state code is posted by the state code publisher (legislature/revisor site; see queue candidate_sources)",Military pay and military retirement subtraction,yes (2 income-tax files)
us-ny,S18,state,state statute,N/A,,,no,"N/A: capital gains taxed as ordinary income with no state exclusion (analyst knowledge, verify)","Capital gains: exclusion, deduction, or separate rate (where the state departs from ordinary treatment)",yes (2 income-tax files)
us-ny,S19,state,state statute,PRESENT,2026-06-05-nyc-admin-code,us-ny/statute/NYC/11-1706,"yes (credits/eitc, income/credits/eitc)","statute body ('§ 11-1706 Credits against tax.', 33157 chars): 'ome of residents, the credit allowed by this subdivision shall be taken into account. (d) Earned income tax credit. (1) For taxable years beginning after two thousand three, a cred'","State EITC: percentage of the federal credit or own schedule, and refundability",yes (2 income-tax files)
us-ny,S20,state,state statute,PRESENT,2026-06-05-nyc-admin-code,us-ny/statute/NYC/11-1706,"yes (credits/eitc, income/credits/eitc)","eligibility read from the EITC section; no deviation text (ITIN/age/childless) matched, so the state appears to follow federal eligibility (verify)","State EITC deviations from federal eligibility (ITIN filers, age 18-24, childless amount, non-custodial), read from the EITC section",yes (2 income-tax files)
us-ny,S21,state,state statute,PRESENT,2026-07-06-ny-tax-article22-core-us-ny-sections-tax-601-tax-606-tax-614-tax-615-tax-616,us-ny/statute/TAX/606,"yes (credits/ctc, income/credits/ctc)","statute body ('Credits against tax', 418902 chars): 'ousand twenty-one, the commissioner shall\nissue a payment of a supplemental empire state child credit in the\namount of (i) one hundred percent of the empire state child credit\nc'; NOTE: whole-chapter dump, the fact is inside a >200k-char body (weak provenance, needs sectioning)",State child tax credit / dependent credit / young child credit amount,yes (2 income-tax files)
us-ny,S22,state,state statute,EXTRACTABLE,,,"yes (credits/ctc, income/credits/ctc)","no selected statute body for this state carries it (selected statute scopes: 2026-06-05-nyc-admin-code, 2026-07-06-ny-tax-article22-core-us-ny-sections-tax-601-tax-606-tax-614-tax-615-tax-616, 2026-07-13-recovery; income-tax chapter rows: 19); the state code is posted by the state code publisher (legislature/revisor site; see queue candidate_sources)",State child credit phase-out / income limit and refundability,yes (2 income-tax files)
us-ny,S23,state,state statute,EXTRACTABLE,,,"yes (credits/cdcc, income/credits/cdcc)","no selected statute body for this state carries it (selected statute scopes: 2026-06-05-nyc-admin-code, 2026-07-06-ny-tax-article22-core-us-ny-sections-tax-601-tax-606-tax-614-tax-615-tax-616, 2026-07-13-recovery; income-tax chapter rows: 19); the state code is posted by the state code publisher (legislature/revisor site; see queue candidate_sources)",Child and dependent care credit: percentage of the federal credit or own schedule,yes (2 income-tax files)
us-ny,S24,state,state statute,PRESENT,2026-07-06-ny-tax-article22-core-us-ny-sections-tax-601-tax-606-tax-614-tax-615-tax-616,us-ny/statute/TAX/606,no,"statute body ('Credits against tax', 418902 chars): 'respect of:\n (1) taxes withheld on wages, see section six hundred seventy-three,\n (2) taxes imposed on a resident by other states, see section six\nhundred twenty,\n (3) taxes ov'; NOTE: whole-chapter dump, the fact is inside a >200k-char body (weak provenance, needs sectioning)","Credit for income taxes paid to other states (resident credit, limitation)",yes (2 income-tax files)
us-ny,S25,state,state statute,PRESENT,2026-07-06-ny-tax-article22-core-us-ny-sections-tax-601-tax-606-tax-614-tax-615-tax-616,us-ny/statute/TAX/606,"yes (credits, income/credits)","statute body ('Credits against tax', 418902 chars): 'stance benefits,\n(iv) an individual whose income is below the most recently established\npoverty rate promulgated by the United States department of commerce, or\na member of a fa'; NOTE: whole-chapter dump, the fact is inside a >200k-char body (weak provenance, needs sectioning)","Low-income credit, no-tax floor, or low-income exclusion (poverty-level relief)",yes (2 income-tax files)
us-ny,S26,state,state statute,PRESENT,2026-07-06-ny-tax-article22-core-us-ny-sections-tax-601-tax-606-tax-614-tax-615-tax-616,us-ny/statute/TAX/606,yes (credits/real_property_tax),"statute body ('Credits against tax', 418902 chars): 'ing either the STAR exemption authorized by section four hundred\ntwenty-five of the real property tax law or the school tax relief credit\nauthorized by subsection (eee) of this s'; NOTE: whole-chapter dump, the fact is inside a >200k-char body (weak provenance, needs sectioning)","Property tax circuit breaker, renter or homestead credit claimed on the income tax return",yes (2 income-tax files)
us-ny,S27,state,state statute,PRESENT,2026-07-06-ny-tax-article22-core-us-ny-sections-tax-601-tax-606-tax-614-tax-615-tax-616,us-ny/statute/TAX/606,"yes (credits, income/credits)","statute body ('Credits against tax', 418902 chars): 't the tax imposed by this\narticle equal to two hundred dollars. In order to receive this credit a\nvolunteer firefighter or volunteer ambulance worker must have been\nactive for t'; NOTE: whole-chapter dump, the fact is inside a >200k-char body (weak provenance, needs sectioning)","Other personal credits enumerated in the credits article (education, adoption, charitable, long-term care, elderly, volunteer, etc.)",yes (2 income-tax files)
us-ny,S28,state,state statute,N/A,,,no,"N/A: no state AMT (analyst knowledge, verify)","State alternative minimum tax (rate, exemption, AMTI base) where enacted",yes (2 income-tax files)
us-ny,S29,state,state statute or bulletin,PRESENT,2026-06-05-nyc-admin-code,us-ny/statute/NYC/11-1704.1,yes (income/supplemental),"statute body ('§ 11-1704.1 Additional tax.', 4282 chars): 'ble year beginning after nineteen hundred ninety but before two thousand twenty-seven, an additional tax on the city taxable income of every city resident individual, estate and tr'","Surtax or special individual tax (millionaire surtax, mental health tax, capital gains excise, interest and dividends tax, high-earner tax) where enacted, incl. the year's threshold",yes (2 income-tax files)
us-ny,S30,state,state statute,PRESENT,2026-06-05-nyc-admin-code,us-ny/statute/NYC/11-1706,no,"statute body ('§ 11-1706 Credits against tax.', 33157 chars): 'xable year. (E) If a taxpayer changes his status during his taxable year from resident to nonresident, or from nonresident to resident, the household credit shall be prorated accor'","Nonresident and part-year resident sourcing and apportionment (income from sources within the state, proration)",yes (2 income-tax files)
us-ny,S31,state,state statute,PRESENT,2026-07-13-recovery,us-ny/statute/TAX/674,no,"statute body ('674', 7798 chars): 'CLE 22, PART 5 § 674. Employer's return and payment of withheld taxes. (a) General. Every employer required to deduct and withhold tax under this article shall file a withholding r'",Employer withholding requirement and withholding tables/formula,yes (2 income-tax files)
us-ny,S32,state,state statute,EXTRACTABLE,2026-06-05-ny-tax-current-forms,us-ny/form/tax/it-201-instructions/page-23,no,"only a form body carries it; the enabling statute section is not in any selected statute scope (2026-06-05-nyc-admin-code, 2026-07-06-ny-tax-article22-core-us-ny-sections-tax-601-tax-606-tax-614-tax-615-tax-616, 2026-07-13-recovery); form body ('Page 23', 5587 chars): 'ated tax liability for any payment period. For more information, see Form IT-2105.9, Underpayment of Estimated Tax by Individuals and Fiduciaries, and its instructions. If you owe '; posted by the state code publisher (legislature/revisor site; see queue candidate_sources)","Individual estimated tax requirement, safe harbor and underpayment interest",yes (2 income-tax files)
us-ny,S33,state,state statute,EXTRACTABLE,2026-06-05-ny-tax-current-forms,us-ny/form/tax/it-201-instructions/page-3,no,"only a form body carries it; the enabling statute section is not in any selected statute scope (2026-06-05-nyc-admin-code, 2026-07-06-ny-tax-article22-core-us-ny-sections-tax-601-tax-606-tax-614-tax-615-tax-616, 2026-07-13-recovery); form body ('Page 3', 5923 chars): '. Select Unemployment Services and View/Print 1099-G. New York State full-year residents: Who must file? You must file a New York State resident return if you meet any of the follo'; posted by the state code publisher (legislature/revisor site; see queue candidate_sources)","Filing threshold: who must file a return (income floor, exemption-based, gross income test)",yes (2 income-tax files)
us-ny,S34,state,state statute,EXTRACTABLE,2026-06-05-ny-tax-current-forms,us-ny/form/tax/it-201-instructions/page-24,no,"only a form body carries it; the enabling statute section is not in any selected statute scope (2026-06-05-nyc-admin-code, 2026-07-06-ny-tax-article22-core-us-ny-sections-tax-601-tax-606-tax-614-tax-615-tax-616, 2026-07-13-recovery); form body ('Page 24', 5710 chars): 'm an account outside the U.S.) You must specify a future payment date up to and including April 15, 2026. If you file before April 15, money will not be withdrawn from your account'; posted by the state code publisher (legislature/revisor site; see queue candidate_sources)","Return due date, extensions, joint return liability and innocent spouse",yes (2 income-tax files)
us-ny,S35,state,state statute,PRESENT,2026-06-05-nyc-admin-code,us-ny/statute/NYC/11-1706,yes (gov/local/ny),"statute body ('§ 11-1706 Credits against tax.', 33157 chars): 'ax credit. (1) For taxable years beginning after two thousand three, a credit against the city personal income tax shall be allowed, equal to five percent of the earned income cred'","Local income taxes (county, municipal, school district, city) authorized or imposed by the state code, where they exist",yes (2 income-tax files)
us-ny,R01,state,state regulation,EXTRACTABLE,,,n/a (document carrier; see the rule elements it carries),no selected regulation scope for this state is a revenue-department income tax regulation (the selected regulation scopes are benefit-program rules); the administrative code chapter is posted by the state's code publisher,State income tax regulations: the revenue department's administrative code chapter on the individual income tax,yes (2 income-tax files)
us-ny,F01,state,state form instructions and rate schedules,EXTRACTABLE,,,n/a (document carrier; see the rule elements it carries),"no TY2025 resident return form in any selected form scope (form documents present: New York State IT-201 Instructions, New York State IT-215 Instructions, New York State IT-216 Instructions); queue row 'done' points at form/2026-06-05-ny-tax-current-forms; publisher forms index: state revenue department forms page",Tax year 2025 resident individual income tax return form,yes (2 income-tax files)
us-ny,F02,state,state form instructions and rate schedules,PRESENT,2026-06-05-ny-tax-current-forms,us-ny/form/tax/it-201-instructions/page-5,n/a (document carrier; see the rule elements it carries),"form body ('Page 5', 5978 chars): 'h: resident). If you meet the definition of a Yonkers resident or part-year resident, see line 55: Yonkers resident income tax surcharge or line 57: Part-year Yonkers resident inco'","Tax year 2025 resident return instruction booklet (line-by-line rules, worksheets)",yes (2 income-tax files)
us-ny,F03,state,state form instructions and rate schedules,PRESENT,2026-06-05-ny-tax-current-forms,us-ny/form/tax/it-201-instructions/page-33,"yes (income/main, main)","form body ('Page 33', 1988 chars): 'IT-201-I (2025) Page 33 of 41 New York State tax rate schedule If your New York adjusted gross income amount on Form IT-201, line 33, is more than $107,650, see Tax computation – N'","Tax year 2025 rate schedule, tax table or flat rate with the year's dollar thresholds (as printed)",yes (2 income-tax files)
us-ny,F04,state,state form instructions and rate schedules,PRESENT,2026-06-05-ny-tax-current-forms,us-ny/form/tax/it-201-instructions/page-10,"yes (deductions/standard, income/deductions, income/deductions/standard)","form body ('Page 10', 5752 chars): 'emized deduction. To determine which deduction to use, follow these steps: 1. To find the standard deduction amount for your filing status, use the New York State standard deductio'",Tax year 2025 standard deduction and exemption dollar amounts as printed in the instructions,yes (2 income-tax files)
us-ny,F05,state,state form instructions and rate schedules,PRESENT,2026-06-05-ny-tax-current-forms,us-ny/form/tax/it-201-instructions/page-21,"yes (credits/eitc, income/credits/eitc)","form body ('Page 21', 5247 chars): 'w York City earned income credit (New York City residents only) Did you claim the federal earned income credit for 2025 on your federal return, or could you have claimed it based o'","Tax year 2025 state EITC / child credit parameters as printed in the instructions (percentage of federal, amounts, worksheets)",yes (2 income-tax files)
us-ny,F06,state,state department bulletins,REVIEW,2026-06-05-ny-tax-current-forms,us-ny/form/tax/it-216-instructions/page-4,"yes (income/main, main)","no 2026-labelled document; a TY2025/undated body mentions a 2026 figure: form body ('Page 4', 6327 chars): 'ead of forfeiting the amount, your employer permitted you to carry the $50 forward to use in 2026. Line 6 – Enter the total of all qualified expenses incurred in 2025 for the care '; verify it is a TY2026 parameter and not an estimated-tax reference","Tax year 2026 indexed amounts (rate schedule, standard deduction, exemptions) as published for the year (estimated-tax instructions or department bulletin)",yes (2 income-tax files)
us-oh,S01,state,state statute,PRESENT,2026-07-13-recovery,us-oh/statute/5747.02/block-1,"yes (income/rates, rates)","statute body ('Section 5747.02 | Tax rates.', 7694 chars): 'rescribed in divisions (A)(1) to (4) of this section. (1) In the case of trusts, the tax imposed by this section shall be measured by modified Ohio taxable income under division (C'",Imposition of the individual income tax (or the constitutional/statutory bar for the nine no-tax states),yes (1 income-tax files)
us-oh,S02,state conformity,state statute,EXTRACTABLE,,,no,no selected statute body for this state carries it (selected statute scopes: 2026-07-13-recovery; income-tax chapter rows: 12); the state code is posted by the state code publisher (legislature/revisor site; see queue candidate_sources),Internal Revenue Code conformity date (static or rolling) as defined in the chapter,yes (1 income-tax files)
us-oh,S03,state,state statute,EXTRACTABLE,,,no,no selected statute body for this state carries it (selected statute scopes: 2026-07-13-recovery; income-tax chapter rows: 12); the state code is posted by the state code publisher (legislature/revisor site; see queue candidate_sources),"Resident, nonresident and part-year resident definitions (domicile, statutory residence day count)",yes (1 income-tax files)
us-oh,S04,state conformity,state statute,EXTRACTABLE,,,"yes (income/rates, rates)",no selected statute body for this state carries it (selected statute scopes: 2026-07-13-recovery; income-tax chapter rows: 12); the state code is posted by the state code publisher (legislature/revisor site; see queue candidate_sources),"Filing statuses and joint/separate return rules (married joint, separate, head of household, surviving spouse)",yes (1 income-tax files)
us-oh,S05,state conformity,state statute,EXTRACTABLE,,,no,no selected statute body for this state carries it (selected statute scopes: 2026-07-13-recovery; income-tax chapter rows: 12); the state code is posted by the state code publisher (legislature/revisor site; see queue candidate_sources),"Starting point: state gross/adjusted gross/taxable income defined from federal AGI, federal taxable income, or own gross income",yes (1 income-tax files)
us-oh,S06,state,state statute,PRESENT,2026-07-13-recovery,us-oh/statute/5747.02/block-1,"yes (income/rates, rates)","statute body ('Section 5747.02 | Tax rates.', 7694 chars): '0 $360.69 plus 2.75% of the amount in excess of $26,050 More than $100,000 $2,394.32 plus 3.5% of the amount in excess of $100,000 (b) For taxable years beginning in 2025: OHIO ADJ'","Rate schedule: bracket thresholds and marginal rates, or the flat rate (statute)",yes (1 income-tax files)
us-oh,S07,state,state statute,EXTRACTABLE,,,"yes (income/rates, rates)",no selected statute body for this state carries it (selected statute scopes: 2026-07-13-recovery; income-tax chapter rows: 12); the state code is posted by the state code publisher (legislature/revisor site; see queue candidate_sources),"Bracket / deduction / exemption indexing rule (inflation adjustment method, base year, rounding)",yes (1 income-tax files)
us-oh,S08,state,state statute,N/A,,,"yes (deductions, income/deductions)","N/A: the state has no standard deduction of its own (federal taxable income start or exemption-only design) (analyst knowledge, verify)",Standard deduction amount(s) by filing status (statute),yes (1 income-tax files)
us-oh,S09,state conformity,state statute,N/A,,,"yes (deductions, income/deductions)","N/A: the state allows no itemized deductions (analyst knowledge, verify)","Itemized deductions: state treatment (federal itemized with modifications, SALT/mortgage limits, own list, or none)",yes (1 income-tax files)
us-oh,S10,state,state statute,PRESENT,2026-07-13-recovery,us-oh/statute/5747.025/block-1,"yes (credits/exemption, income/credits/exemption, income/exemptions)","statute body ('Section 5747.025 | Personal exemptions.', 2879 chars): 'han eighty thousand dollars. (B) For taxable years beginning in 2020 and thereafter, the personal exemption amounts prescribed in division (A) of this section shall be adjusted eac'",Personal exemption amount or personal exemption credit (taxpayer and spouse),yes (1 income-tax files)
us-oh,S11,state,state statute,PRESENT,2026-07-13-recovery,us-oh/statute/5747.025/block-1,"yes (credits/exemption, income/credits/exemption, income/exemptions)","statute body ('Section 5747.025 | Personal exemptions.', 2879 chars): '(A) The personal exemption for the taxpayer, the taxpayer's spouse, and each dependent shall be one of the following amounts, provided the taxpayer's modified adjusted gross in'",Dependent exemption or dependent credit amount,yes (1 income-tax files)
us-oh,S12,state,state statute,EXTRACTABLE,,,"yes (credits/exemption, income/credits/exemption, income/exemptions)",no selected statute body for this state carries it (selected statute scopes: 2026-07-13-recovery; income-tax chapter rows: 12); the state code is posted by the state code publisher (legislature/revisor site; see queue candidate_sources),Additional deduction/exemption/credit for age 65 or over and for blindness,yes (1 income-tax files)
us-oh,S13,state,state statute,EXTRACTABLE,,,"yes (additions, income/additions)",no selected statute body for this state carries it (selected statute scopes: 2026-07-13-recovery; income-tax chapter rows: 12); the state code is posted by the state code publisher (legislature/revisor site; see queue candidate_sources),Addition: interest on obligations of other states and their subdivisions,yes (1 income-tax files)
us-oh,S14,state,state statute,EXTRACTABLE,,,yes (income/deductions),no selected statute body for this state carries it (selected statute scopes: 2026-07-13-recovery; income-tax chapter rows: 12); the state code is posted by the state code publisher (legislature/revisor site; see queue candidate_sources),Subtraction: interest on United States obligations,yes (1 income-tax files)
us-oh,S15,state,state statute,EXTRACTABLE,,,yes (income/credits/retirement),no selected statute body for this state carries it (selected statute scopes: 2026-07-13-recovery; income-tax chapter rows: 12); the state code is posted by the state code publisher (legislature/revisor site; see queue candidate_sources),Social Security benefits: full exclusion or the partial-taxation rule and its thresholds,yes (1 income-tax files)
us-oh,S16,state,state statute,PRESENT,2026-07-13-recovery,us-oh/statute/5747.98/block-1,yes (income/credits/retirement),"statute body ('Section 5747.98 | Order for claiming credits.', 4842 chars): 'l claim any credits to which the taxpayer is entitled in the following order: Either the retirement income credit under division (B) of section 5747.055 of the Revised Code or the '","Pension and retirement income exclusion (amounts, age conditions, public vs private)",yes (1 income-tax files)
us-oh,S17,state,state statute,EXTRACTABLE,,,no,no selected statute body for this state carries it (selected statute scopes: 2026-07-13-recovery; income-tax chapter rows: 12); the state code is posted by the state code publisher (legislature/revisor site; see queue candidate_sources),Military pay and military retirement subtraction,yes (1 income-tax files)
us-oh,S18,state,state statute,N/A,,,no,"N/A: capital gains taxed as ordinary income with no state exclusion (analyst knowledge, verify)","Capital gains: exclusion, deduction, or separate rate (where the state departs from ordinary treatment)",yes (1 income-tax files)
us-oh,S19,state,state statute,PRESENT,2026-07-13-recovery,us-oh/statute/5747.71/block-1,"yes (credits/eitc, income/credits/eitc)","statute body ('Section 5747.71 | Earned income tax credit.', 694 chars): '5747.02 of the Revised Code for a taxpayer who is an ""eligible individual"" as defined in section 32 of the Internal Revenue Code. The credit shall equal thirty per cent of the fede'","State EITC: percentage of the federal credit or own schedule, and refundability",yes (1 income-tax files)
us-oh,S20,state,state statute,PRESENT,2026-07-13-recovery,us-oh/statute/5747.71/block-1,"yes (credits/eitc, income/credits/eitc)","eligibility read from the EITC section; no deviation text (ITIN/age/childless) matched, so the state appears to follow federal eligibility (verify)","State EITC deviations from federal eligibility (ITIN filers, age 18-24, childless amount, non-custodial), read from the EITC section",yes (1 income-tax files)
us-oh,S21,state,state statute,N/A,,,no,"N/A: no state child credit/child deduction in TY2025 law (analyst knowledge, verify)",State child tax credit / dependent credit / young child credit amount,yes (1 income-tax files)
us-oh,S22,state,state statute,N/A,,,no,"N/A: no state child credit/child deduction in TY2025 law (analyst knowledge, verify)",State child credit phase-out / income limit and refundability,yes (1 income-tax files)
us-oh,S23,state,state statute,EXTRACTABLE,,,"yes (credits/cdcc, income/credits/cdcc)",no selected statute body for this state carries it (selected statute scopes: 2026-07-13-recovery; income-tax chapter rows: 12); the state code is posted by the state code publisher (legislature/revisor site; see queue candidate_sources),Child and dependent care credit: percentage of the federal credit or own schedule,yes (1 income-tax files)
us-oh,S24,state,state statute,PRESENT,2026-07-13-recovery,us-oh/statute/5747.02/block-1,no,"statute body ('Section 5747.02 | Tax rates.', 7694 chars): 'gainst the tax computed under division (B) of this section equal to the lesser of (a) the tax paid to another state or the District of Columbia on the resident trust's modified non'","Credit for income taxes paid to other states (resident credit, limitation)",yes (1 income-tax files)
us-oh,S25,state,state statute,EXTRACTABLE,,,"yes (credits, income/credits)",no selected statute body for this state carries it (selected statute scopes: 2026-07-13-recovery; income-tax chapter rows: 12); the state code is posted by the state code publisher (legislature/revisor site; see queue candidate_sources),"Low-income credit, no-tax floor, or low-income exclusion (poverty-level relief)",yes (1 income-tax files)
us-oh,S26,state,state statute,EXTRACTABLE,,,no,no selected statute body for this state carries it (selected statute scopes: 2026-07-13-recovery; income-tax chapter rows: 12); the state code is posted by the state code publisher (legislature/revisor site; see queue candidate_sources),"Property tax circuit breaker, renter or homestead credit claimed on the income tax return",yes (1 income-tax files)
us-oh,S27,state,state statute,EXTRACTABLE,,,"yes (credits, income/credits)",no selected statute body for this state carries it (selected statute scopes: 2026-07-13-recovery; income-tax chapter rows: 12); the state code is posted by the state code publisher (legislature/revisor site; see queue candidate_sources),"Other personal credits enumerated in the credits article (education, adoption, charitable, long-term care, elderly, volunteer, etc.)",yes (1 income-tax files)
us-oh,S28,state,state statute,N/A,,,no,"N/A: no state AMT (analyst knowledge, verify)","State alternative minimum tax (rate, exemption, AMTI base) where enacted",yes (1 income-tax files)
us-oh,S29,state,state statute or bulletin,N/A,,,no,"N/A: no surtax or special individual income tax (analyst knowledge, verify)","Surtax or special individual tax (millionaire surtax, mental health tax, capital gains excise, interest and dividends tax, high-earner tax) where enacted, incl. the year's threshold",yes (1 income-tax files)
us-oh,S30,state,state statute,EXTRACTABLE,,,no,no selected statute body for this state carries it (selected statute scopes: 2026-07-13-recovery; income-tax chapter rows: 12); the state code is posted by the state code publisher (legislature/revisor site; see queue candidate_sources),"Nonresident and part-year resident sourcing and apportionment (income from sources within the state, proration)",yes (1 income-tax files)
us-oh,S31,state,state statute,EXTRACTABLE,,,no,no selected statute body for this state carries it (selected statute scopes: 2026-07-13-recovery; income-tax chapter rows: 12); the state code is posted by the state code publisher (legislature/revisor site; see queue candidate_sources),Employer withholding requirement and withholding tables/formula,yes (1 income-tax files)
us-oh,S32,state,state statute,EXTRACTABLE,,,no,no selected statute body for this state carries it (selected statute scopes: 2026-07-13-recovery; income-tax chapter rows: 12); the state code is posted by the state code publisher (legislature/revisor site; see queue candidate_sources),"Individual estimated tax requirement, safe harbor and underpayment interest",yes (1 income-tax files)
us-oh,S33,state,state statute,EXTRACTABLE,,,no,no selected statute body for this state carries it (selected statute scopes: 2026-07-13-recovery; income-tax chapter rows: 12); the state code is posted by the state code publisher (legislature/revisor site; see queue candidate_sources),"Filing threshold: who must file a return (income floor, exemption-based, gross income test)",yes (1 income-tax files)
us-oh,S34,state,state statute,EXTRACTABLE,,,no,no selected statute body for this state carries it (selected statute scopes: 2026-07-13-recovery; income-tax chapter rows: 12); the state code is posted by the state code publisher (legislature/revisor site; see queue candidate_sources),"Return due date, extensions, joint return liability and innocent spouse",yes (1 income-tax files)
us-oh,S35,state,state statute,EXTRACTABLE,,,no,no selected statute body for this state carries it (selected statute scopes: 2026-07-13-recovery; income-tax chapter rows: 12); the state code is posted by the state code publisher (legislature/revisor site; see queue candidate_sources),"Local income taxes (county, municipal, school district, city) authorized or imposed by the state code, where they exist",yes (1 income-tax files)
us-oh,R01,state,state regulation,EXTRACTABLE,,,n/a (document carrier; see the rule elements it carries),no selected regulation scope for this state is a revenue-department income tax regulation (the selected regulation scopes are benefit-program rules); the administrative code chapter is posted by the state's code publisher,State income tax regulations: the revenue department's administrative code chapter on the individual income tax,yes (1 income-tax files)
us-oh,F01,state,state form instructions and rate schedules,EXTRACTABLE,,,n/a (document carrier; see the rule elements it carries),no TY2025 resident return form in any selected form scope (form documents present: none); queue row 'done' points at None/None; publisher forms index: state revenue department forms page,Tax year 2025 resident individual income tax return form,yes (1 income-tax files)
us-oh,F02,state,state form instructions and rate schedules,EXTRACTABLE,,,n/a (document carrier; see the rule elements it carries),no TY2025 resident instruction booklet in any selected form scope (form documents present: none); queue row 'done' points at None/None; publisher forms index: state revenue department forms page,"Tax year 2025 resident return instruction booklet (line-by-line rules, worksheets)",yes (1 income-tax files)
us-oh,F03,state,state form instructions and rate schedules,EXTRACTABLE,,,"yes (income/rates, rates)",no TY2025 rate schedule/tax table/flat-rate body in the selection (form bodies: 0); publisher forms index revenue department forms page,"Tax year 2025 rate schedule, tax table or flat rate with the year's dollar thresholds (as printed)",yes (1 income-tax files)
us-oh,F04,state,state form instructions and rate schedules,EXTRACTABLE,,,"yes (deductions, income/deductions)",no TY2025 instruction body carrying the printed standard deduction/exemption amounts in the selection; publisher forms index revenue department forms page,Tax year 2025 standard deduction and exemption dollar amounts as printed in the instructions,yes (1 income-tax files)
us-oh,F05,state,state form instructions and rate schedules,EXTRACTABLE,,,"yes (credits/eitc, income/credits/eitc)",no TY2025 instruction body carrying the state EITC/child credit parameters in the selection; publisher forms index revenue department forms page,"Tax year 2025 state EITC / child credit parameters as printed in the instructions (percentage of federal, amounts, worksheets)",yes (1 income-tax files)
us-oh,F06,state,state department bulletins,REVIEW,2026-07-21-oh-hb96-final-analysis,us-oh/guidance/lsc/hb96/final-analysis/tax/document-1,"yes (income/rates, rates)","no 2026-labelled document; a TY2025/undated body mentions a 2026 figure: guidance body ('Ohio H.B. 96 Final Analysis — Income Tax Provisions 1', 140796 chars): 'ons if the taxpayer’s income is greater than $750,000 in taxable year 2025 or $500,000 in taxable year 2026 or thereafter. ▪ Requires TAX to adjust employer withholding tables as a'; verify it is a TY2026 parameter and not an estimated-tax reference","Tax year 2026 indexed amounts (rate schedule, standard deduction, exemptions) as published for the year (estimated-tax instructions or department bulletin)",yes (1 income-tax files)
us-ok,S01,state,state statute,PRESENT,2026-07-16-pit-central-us-ok-title-68-r2026-07-24-immutable,us-ok/statute/68-2355,"yes (income/rates, rates)","statute body ('Tax imposed - Classes of taxpayers', 16685 chars): 'all taxable years beginning after December 31, 1998, and before January 1, 2006, a tax is hereby imposed upon the Oklahoma taxable income of every resident or nonresident individua'",Imposition of the individual income tax (or the constitutional/statutory bar for the nine no-tax states),yes (2 income-tax files)
us-ok,S02,state conformity,state statute,PRESENT,2026-07-16-pit-central-us-ok-title-68-r2026-07-24-immutable,us-ok/statute/68-2358-6a,no,"statute body ('Expensing for qualified property and qualified improvement p', 4428 chars): 'A. As used in this section: 1. ""Internal Revenue Code"" means Title 26 of the United States Code also known as the federal Internal Revenue Code of 1986, as ame'",Internal Revenue Code conformity date (static or rolling) as defined in the chapter,yes (2 income-tax files)
us-ok,S03,state,state statute,PRESENT,2026-07-16-pit-central-us-ok-title-68-r2026-07-24-immutable,us-ok/statute/68-2353,no,"statute body ('Definitions', 8041 chars): 'tax purposes except when the Oklahoma Income Tax Act specifically provides otherwise; 4. ""Resident individual"" means a natural person who is domiciled in this state, and any other '","Resident, nonresident and part-year resident definitions (domicile, statutory residence day count)",yes (2 income-tax files)
us-ok,S04,state conformity,state statute,PRESENT,2026-07-16-pit-central-us-ok-title-68-r2026-07-24-immutable,us-ok/statute/68-2361,"yes (income/rates, rates)","statute body ('Filings by married taxpayers - Joint returns - Relief from l', 2237 chars): 'Married taxpayers shall file joint or separate returns in accordance with the manner in which they file returns to the federal governmen'","Filing statuses and joint/separate return rules (married joint, separate, head of household, surviving spouse)",yes (2 income-tax files)
us-ok,S05,state conformity,state statute,PRESENT,2026-07-16-pit-central-us-ok-title-68-r2026-07-24-immutable,us-ok/statute/68-2358v1,yes (income/agi),"statute body ('Adjustments to arrive at Oklahoma taxable income and Oklahom', 79733 chars): '(65) years of age or older at the close of the tax year based upon the filing status and federal adjusted gross income of the taxpayer. Taxpayers with the following filing status m'","Starting point: state gross/adjusted gross/taxable income defined from federal AGI, federal taxable income, or own gross income",yes (2 income-tax files)
us-ok,S06,state,state statute,PRESENT,2026-07-16-pit-central-us-ok-title-68-r2026-07-24-immutable,us-ok/statute/68-2355,"yes (income/rates, rates)","statute body ('Tax imposed - Classes of taxpayers', 16685 chars): 'nonresident aliens, as defined in the Internal Revenue Code of 1986, as amended, a tax of eight percent (8%) instead of thirty percent (30%) as used in the Internal Revenue Code of'","Rate schedule: bracket thresholds and marginal rates, or the flat rate (statute)",yes (2 income-tax files)
us-ok,S07,state,state statute,N/A,,,"yes (income/rates, rates)","N/A: brackets/deductions are not indexed by statute (analyst knowledge, verify)","Bracket / deduction / exemption indexing rule (inflation adjustment method, base year, rounding)",yes (2 income-tax files)
us-ok,S08,state,state statute,PRESENT,2026-07-16-pit-central-us-ok-title-68-r2026-07-24-immutable,us-ok/statute/68-2358v1,"yes (deductions/standard, income/deductions, income/deductions/standard)","statute body ('Adjustments to arrive at Oklahoma taxable income and Oklahom', 79733 chars): 'there shall be added or deducted, as the case may be, the difference necessary to allow a standard deduction in lieu of the standard deduction allowed by the Internal Revenue Code,'",Standard deduction amount(s) by filing status (statute),yes (2 income-tax files)
us-ok,S09,state conformity,state statute,PRESENT,2026-07-16-pit-central-us-ok-title-68-r2026-07-24-immutable,us-ok/statute/68-2358v1,"yes (deductions/itemized, income/deductions, income/deductions/itemized)","statute body ('Adjustments to arrive at Oklahoma taxable income and Oklahom', 79733 chars): 'otal thereof as Oklahoma adjusted gross income is of adjusted gross income. To the extent itemized deductions include allowable moving expense, proration of moving expense shall no'","Itemized deductions: state treatment (federal itemized with modifications, SALT/mortgage limits, own list, or none)",yes (2 income-tax files)
us-ok,S10,state,state statute,PRESENT,2026-07-16-pit-central-us-ok-title-68-r2026-07-24-immutable,us-ok/statute/68-2358v1,"yes (exemptions, income/exemptions)","statute body ('Adjustments to arrive at Oklahoma taxable income and Oklahom', 79733 chars): 's OSHA Consultation Service provided by the Oklahoma Department of Labor shall receive an exemption from taxable income in the amount of One Thousand Dollars ($1,000.00) for the ta'",Personal exemption amount or personal exemption credit (taxpayer and spouse),yes (2 income-tax files)
us-ok,S11,state,state statute,EXTRACTABLE,,,"yes (exemptions, income/exemptions)",no selected statute body for this state carries it (selected statute scopes: 2026-07-16-pit-central-us-ok-title-68-r2026-07-24-immutable; income-tax chapter rows: 275); the state code is posted by the state code publisher (legislature/revisor site; see queue candidate_sources),Dependent exemption or dependent credit amount,yes (2 income-tax files)
us-ok,S12,state,state statute,EXTRACTABLE,,,"yes (exemptions, income/exemptions)",no selected statute body for this state carries it (selected statute scopes: 2026-07-16-pit-central-us-ok-title-68-r2026-07-24-immutable; income-tax chapter rows: 275); the state code is posted by the state code publisher (legislature/revisor site; see queue candidate_sources),Additional deduction/exemption/credit for age 65 or over and for blindness,yes (2 income-tax files)
us-ok,S13,state,state statute,PRESENT,2026-07-16-pit-central-us-ok-title-68-r2026-07-24-immutable,us-ok/statute/68-2358v1,no,"statute body ('Adjustments to arrive at Oklahoma taxable income and Oklahom', 79733 chars): 's and Oklahoma adjusted gross income for individuals, as follows: 1. There shall be added interest income on obligations of any state or political subdivision thereto which is not '",Addition: interest on obligations of other states and their subdivisions,yes (2 income-tax files)
us-ok,S14,state,state statute,PRESENT,2026-07-16-pit-central-us-ok-title-68-r2026-07-24-immutable,us-ok/statute/68-2358v1,"yes (income/agi/subtractions, income/deductions, subtractions)","statute body ('Adjustments to arrive at Oklahoma taxable income and Oklahom', 79733 chars): ')(B) of the Internal Revenue Code, thereby including shares or certificates of beneficial interest in any real estate investment trust, cash and cash equivalents, and U.S. Governme'",Subtraction: interest on United States obligations,yes (2 income-tax files)
us-ok,S15,state,state statute,PRESENT,2026-07-16-pit-central-us-ok-title-68-r2026-07-24-immutable,us-ok/statute/68-2358v1,yes (subtractions/military_retirement),"statute body ('Adjustments to arrive at Oklahoma taxable income and Oklahom', 79733 chars): 'all be exempt from taxable income. 9. In taxable years beginning after December 3l, 1984, Social Security benefits received by an individual shall be exempt from taxable income, to'",Social Security benefits: full exclusion or the partial-taxation rule and its thresholds,yes (2 income-tax files)
us-ok,S16,state,state statute,PRESENT,2026-07-16-pit-central-us-ok-title-68-r2026-07-24-immutable,us-ok/statute/68-2385-24,yes (subtractions/military_retirement),"statute body ('State, county and municipal retirement systems - Withholding', 603 chars): 'Beginning July 1, 1989, all state and county retirement systems whose benefits were exempt from state income taxation prior to January 1, 1989, and all municipal retirement systems'","Pension and retirement income exclusion (amounts, age conditions, public vs private)",yes (2 income-tax files)
us-ok,S17,state,state statute,PRESENT,2026-07-16-pit-central-us-ok-title-68-r2026-07-24-immutable,us-ok/statute/68-2358v1,yes (subtractions/military_retirement),"statute body ('Adjustments to arrive at Oklahoma taxable income and Oklahom', 79733 chars): 'form of compensation, received from the United States by a member of any component of the Armed Forces of the United States, shall be deducted from taxable income during the time i'",Military pay and military retirement subtraction,yes (2 income-tax files)
us-ok,S18,state,state statute,EXTRACTABLE,,,no,no selected statute body for this state carries it (selected statute scopes: 2026-07-16-pit-central-us-ok-title-68-r2026-07-24-immutable; income-tax chapter rows: 275); the state code is posted by the state code publisher (legislature/revisor site; see queue candidate_sources),"Capital gains: exclusion, deduction, or separate rate (where the state departs from ordinary treatment)",yes (2 income-tax files)
us-ok,S19,state,state statute,PRESENT,2026-07-16-pit-central-us-ok-title-68-r2026-07-24-immutable,us-ok/statute/68-2357-43,"yes (credits/earned_income, income/credits/earned_income)","statute body ('State earned income tax credit', 1491 chars): 's a credit against the tax imposed by Section 2355 of this title five percent (5%) of the earned income tax credit allowed under Section 32 of the Internal Revenue Code of the Unit'","State EITC: percentage of the federal credit or own schedule, and refundability",yes (2 income-tax files)
us-ok,S20,state,state statute,PRESENT,2026-07-16-pit-central-us-ok-title-68-r2026-07-24-immutable,us-ok/statute/68-2357-43,"yes (credits/earned_income, income/credits/earned_income)","eligibility read from the EITC section; no deviation text (ITIN/age/childless) matched, so the state appears to follow federal eligibility (verify)","State EITC deviations from federal eligibility (ITIN filers, age 18-24, childless amount, non-custodial), read from the EITC section",yes (2 income-tax files)
us-ok,S21,state,state statute,EXTRACTABLE,,,"yes (credits/child, income/credits/child)",no selected statute body for this state carries it (selected statute scopes: 2026-07-16-pit-central-us-ok-title-68-r2026-07-24-immutable; income-tax chapter rows: 275); the state code is posted by the state code publisher (legislature/revisor site; see queue candidate_sources),State child tax credit / dependent credit / young child credit amount,yes (2 income-tax files)
us-ok,S22,state,state statute,EXTRACTABLE,,,"yes (credits/child, income/credits/child)",no selected statute body for this state carries it (selected statute scopes: 2026-07-16-pit-central-us-ok-title-68-r2026-07-24-immutable; income-tax chapter rows: 275); the state code is posted by the state code publisher (legislature/revisor site; see queue candidate_sources),State child credit phase-out / income limit and refundability,yes (2 income-tax files)
us-ok,S23,state,state statute,PRESENT,2026-07-16-pit-central-us-ok-title-68-r2026-07-24-immutable,us-ok/statute/68-2357,no,"statute body ('Credits against tax', 2576 chars): 'inst the tax imposed by Section 2355 of this title twenty percent (20%) of the credit for child care expenses allowed under the Internal Revenue Code of the United States or five p'",Child and dependent care credit: percentage of the federal credit or own schedule,yes (2 income-tax files)
us-ok,S24,state,state statute,PRESENT,2026-07-16-pit-central-us-ok-title-68-r2026-07-24-immutable,us-ok/statute/68-2357,no,"statute body ('Credits against tax', 2576 chars): 'lowed as credits as provided by law. B. 1. There shall be allowed as a credit against the tax imposed by Section 2355 of this title the amount of tax paid another state by a reside'","Credit for income taxes paid to other states (resident credit, limitation)",yes (2 income-tax files)
us-ok,S25,state,state statute,PRESENT,2026-07-16-pit-central-us-ok-title-68-r2026-07-24-immutable,us-ok/statute/68-2357-1a-2,"yes (credits, income/credits)","statute body ('Transfer or allocation of tax credits - Reporting', 4287 chars): 'be allowed. G. This section shall not be applicable to the following tax credits: 1. The sales tax relief credit authorized by Section 5011 of this title; 2. The low income propert'","Low-income credit, no-tax floor, or low-income exclusion (poverty-level relief)",yes (2 income-tax files)
us-ok,S26,state,state statute,EXTRACTABLE,,,"yes (credits/property_tax, income/credits/property_tax)",no selected statute body for this state carries it (selected statute scopes: 2026-07-16-pit-central-us-ok-title-68-r2026-07-24-immutable; income-tax chapter rows: 275); the state code is posted by the state code publisher (legislature/revisor site; see queue candidate_sources),"Property tax circuit breaker, renter or homestead credit claimed on the income tax return",yes (2 income-tax files)
us-ok,S27,state,state statute,PRESENT,2026-07-16-pit-central-us-ok-title-68-r2026-07-24-immutable,us-ok/statute/68-2357-206,"yes (credits, income/credits)","statute body ('Oklahoma Equal Opportunity Education Scholarship Act - Tax c', 30834 chars): 'provided in subsection G of this section, after August 26, 2011, there shall be allowed a credit for any taxpayer who makes a contribution to an eligible scholarship-granting organ'","Other personal credits enumerated in the credits article (education, adoption, charitable, long-term care, elderly, volunteer, etc.)",yes (2 income-tax files)
us-ok,S28,state,state statute,N/A,,,no,"N/A: no state AMT (analyst knowledge, verify)","State alternative minimum tax (rate, exemption, AMTI base) where enacted",yes (2 income-tax files)
us-ok,S29,state,state statute or bulletin,N/A,,,no,"N/A: no surtax or special individual income tax (analyst knowledge, verify)","Surtax or special individual tax (millionaire surtax, mental health tax, capital gains excise, interest and dividends tax, high-earner tax) where enacted, incl. the year's threshold",yes (2 income-tax files)
us-ok,S30,state,state statute,PRESENT,2026-07-16-pit-central-us-ok-title-68-r2026-07-24-immutable,us-ok/statute/68-2355-1p-4,no,"statute body ('Calculation of tax', 5469 chars): 'is title. E. Notwithstanding paragraph 2 of subsection C of Section 2368 of this title, a nonresident individual who is a member of an electing pass-through entity is not required '","Nonresident and part-year resident sourcing and apportionment (income from sources within the state, proration)",yes (2 income-tax files)
us-ok,S31,state,state statute,PRESENT,2026-07-16-pit-central-us-ok-title-68-r2026-07-24-immutable,us-ok/statute/68-2385-2,no,"statute body ('Amount to be withheld', 1677 chars): 'A. Every employer making payment of wages shall deduct and withhold from the wages paid each employee a tax in an amount determined in accordance with a tabl'",Employer withholding requirement and withholding tables/formula,yes (2 income-tax files)
us-ok,S32,state,state statute,PRESENT,2026-07-16-pit-central-us-ok-title-68-r2026-07-24-immutable,us-ok/statute/68-2385-9,no,"statute body ('Payment of estimated tax', 1918 chars): 'A. The required annual payment of estimated tax shall be paid in four equal installments as follows: 1. In the case of a taxpayer on a ca'","Individual estimated tax requirement, safe harbor and underpayment interest",yes (2 income-tax files)
us-ok,S33,state,state statute,EXTRACTABLE,2026-09-10-tax-state-forms-ty2025,us-ok/form/otc/ty2025/form-511-packet/document-1,no,"only a form body carries it; the enabling statute section is not in any selected statute scope (2026-07-16-pit-central-us-ok-title-68-r2026-07-24-immutable); form body ('2025 Form 511, Oklahoma Resident Individual Income Tax Forms', 208508 chars): '.......................................................................4 Determining Your Filing Requirement........................................................................'; NOTE: whole-chapter dump, the fact is inside a >200k-char body (weak provenance, needs sectioning); posted by the state code publisher (legislature/revisor site; see queue candidate_sources)","Filing threshold: who must file a return (income floor, exemption-based, gross income test)",yes (2 income-tax files)
us-ok,S34,state,state statute,PRESENT,2026-07-16-pit-central-us-ok-title-68-r2026-07-24-immutable,us-ok/statute/68-2368,no,"statute body ('Persons required to make returns - Income of estates and tru', 11473 chars): '. All individual returns made on the basis of a fiscal year shall be due on or before the fifteenth day of the fourth month following the close of the fiscal year. 4. For tax years'","Return due date, extensions, joint return liability and innocent spouse",yes (2 income-tax files)
us-ok,S35,state,state statute,N/A,,,no,"N/A: no local income tax authorized by the state code (analyst knowledge, verify)","Local income taxes (county, municipal, school district, city) authorized or imposed by the state code, where they exist",yes (2 income-tax files)
us-ok,R01,state,state regulation,EXTRACTABLE,,,n/a (document carrier; see the rule elements it carries),no selected regulation scope for this state is a revenue-department income tax regulation (the selected regulation scopes are benefit-program rules); the administrative code chapter is posted by the state's code publisher,State income tax regulations: the revenue department's administrative code chapter on the individual income tax,yes (2 income-tax files)
us-ok,F01,state,state form instructions and rate schedules,PRESENT,2026-09-10-tax-state-forms-ty2025,us-ok/form/otc/ty2025/form-511-packet/document-1,n/a (document carrier; see the rule elements it carries),"form body ('2025 Form 511, Oklahoma Resident Individual Income Tax Forms', 208508 chars): ',350 Gross Income Fast, free, 24/7 online filing services on OkTAP at oktap.tax.ok.gov 5 Filing Status Single $7,350 Married Filing Joint $14,700 Married Filing Separate $7,350 Hea'; NOTE: whole-chapter dump, the fact is inside a >200k-char body (weak provenance, needs sectioning)",Tax year 2025 resident individual income tax return form,yes (2 income-tax files)
us-ok,F02,state,state form instructions and rate schedules,PRESENT,2026-09-10-tax-state-forms-ty2025,us-ok/form/otc/ty2025/form-511-packet/document-1,n/a (document carrier; see the rule elements it carries),"form body ('2025 Form 511, Oklahoma Resident Individual Income Tax Forms', 208508 chars): 'ear is from farming, estimated payments are not required. If claiming this exception, see instructions for line 22. Estimated payments can be made online through OkTAP at oktap.tax'; NOTE: whole-chapter dump, the fact is inside a >200k-char body (weak provenance, needs sectioning)","Tax year 2025 resident return instruction booklet (line-by-line rules, worksheets)",yes (2 income-tax files)
us-ok,F03,state,state form instructions and rate schedules,PRESENT,2026-09-10-tax-state-forms-ty2025,us-ok/form/otc/ty2025/form-511-packet/document-1,"yes (income/rates, rates)","form body ('2025 Form 511, Oklahoma Resident Individual Income Tax Forms', 208508 chars): 'ased. Enter the installment payment and enter a “4” in the box. Provide a schedule of the tax computation. 68 OS Sec. 2368(K) 10 11 12 14 Fast, free, 24/7 online filing services on'; NOTE: whole-chapter dump, the fact is inside a >200k-char body (weak provenance, needs sectioning)","Tax year 2025 rate schedule, tax table or flat rate with the year's dollar thresholds (as printed)",yes (2 income-tax files)
us-ok,F04,state,state form instructions and rate schedules,PRESENT,2026-09-10-tax-state-forms-ty2025,us-ok/form/otc/ty2025/form-511-packet/document-1,"yes (deductions/standard, income/deductions, income/deductions/standard)","form body ('2025 Form 511, Oklahoma Resident Individual Income Tax Forms', 208508 chars): 'itemized deductions on your federal return, you must claim Oklahoma itemized deductions. Standard Deduction: If you did not claim itemized deductions on your federal return, enter '; NOTE: whole-chapter dump, the fact is inside a >200k-char body (weak provenance, needs sectioning)",Tax year 2025 standard deduction and exemption dollar amounts as printed in the instructions,yes (2 income-tax files)
us-ok,F05,state,state form instructions and rate schedules,PRESENT,2026-09-10-tax-state-forms-ty2025,us-ok/form/otc/ty2025/form-511-packet/document-1,"yes (credits/earned_income, income/credits/earned_income)","form body ('2025 Form 511, Oklahoma Resident Individual Income Tax Forms', 208508 chars): 'refund may allocate the credit to one or more of its shareholders, partners, or members. Earned Income Credit Complete Schedule 511-G to determine the amount to enter on line 28. Y'; NOTE: whole-chapter dump, the fact is inside a >200k-char body (weak provenance, needs sectioning)","Tax year 2025 state EITC / child credit parameters as printed in the instructions (percentage of federal, amounts, worksheets)",yes (2 income-tax files)
us-ok,F06,state,state department bulletins,REVIEW,,,"yes (income/rates, rates)",no 2026-labelled body with amounts in any selected scope and the queue row records no 2026 product; whether the department has posted TY2026 figures (most publish them in the 2026 estimated-tax or withholding instructions) was not verified,"Tax year 2026 indexed amounts (rate schedule, standard deduction, exemptions) as published for the year (estimated-tax instructions or department bulletin)",yes (2 income-tax files)
us-or,S01,state,state statute,PRESENT,2026-07-16-pit-west-us-or-chapter-316,us-or/statute/316.037,"yes (income/rates, rates)","statute body ('Imposition and rate of tax', 2799 chars): '(1)(a) A tax is imposed for each taxable year on the entire taxable income of every resident of this state. The amount of the tax shall be determined in accordance with the'",Imposition of the individual income tax (or the constitutional/statutory bar for the nine no-tax states),yes (2 income-tax files)
us-or,S02,state conformity,state statute,PRESENT,2026-07-16-pit-west-us-or-chapter-316,us-or/statute/316.147,no,"statute body ('Definitions for ORS 316.147 to 316.149', 4675 chars): 'de in the household. (3) “Income” means “adjusted gross income” as defined in the federal Internal Revenue Code, as amended and in effect on December 31, 2023, even when the amendm'",Internal Revenue Code conformity date (static or rolling) as defined in the chapter,yes (2 income-tax files)
us-or,S03,state,state statute,PRESENT,2026-07-16-pit-west-us-or-chapter-316,us-or/statute/316.022,no,"statute body ('General definitions', 978 chars): 'Revenue. (3) “Individual” means a natural person, including aliens and minors. (4) A “nonresident” means an individual who is not a resident of this state. (5) “Part-year resident”'","Resident, nonresident and part-year resident definitions (domicile, statutory residence day count)",yes (2 income-tax files)
us-or,S04,state conformity,state statute,PRESENT,2026-07-16-pit-west-us-or-chapter-316,us-or/statute/316.042,"yes (income/rates, rates)","statute body ('Amount of tax where joint return used', 451 chars): 'posed if the taxable income were cut in half. For purposes of this section, a return of a head of household or a surviving spouse, as defined in subsections (a) and (b) of section '","Filing statuses and joint/separate return rules (married joint, separate, head of household, surviving spouse)",yes (2 income-tax files)
us-or,S05,state conformity,state statute,PRESENT,2026-07-16-pit-west-us-or-chapter-316,us-or/statute/316.013,no,"statute body ('Determination of federal adjusted gross income', 561 chars): '6.012, whenever, in the calculation of Oregon taxable income, reference to the taxpayer’s federal adjusted gross income is required to be made, the taxpayer’s federal adjusted gros'","Starting point: state gross/adjusted gross/taxable income defined from federal AGI, federal taxable income, or own gross income",yes (2 income-tax files)
us-or,S06,state,state statute,PRESENT,2026-07-16-pit-west-us-or-chapter-316,us-or/statute/316.037,"yes (income/rates, rates)","statute body ('Imposition and rate of tax', 2799 chars): '_______________________________________ If taxable income is: The tax is: Not over $2,000 4.75% of taxable income Over $2,000 but not over $5,000 $95 plus 6.75% of the excess over '","Rate schedule: bracket thresholds and marginal rates, or the flat rate (statute)",yes (2 income-tax files)
us-or,S07,state,state statute,PRESENT,2026-07-16-pit-west-us-or-chapter-316,us-or/statute/316.037,"yes (income/rates, rates)","statute body ('Imposition and rate of tax', 2799 chars): 'ws: (A) Except as provided in subparagraph (D) of this paragraph, the minimum and maximum dollar amounts for each bracket for which a tax is imposed shall be increased by the cost-'","Bracket / deduction / exemption indexing rule (inflation adjustment method, base year, rounding)",yes (2 income-tax files)
us-or,S08,state,state statute,PRESENT,2026-07-16-pit-west-us-or-chapter-316,us-or/statute/316.695,"yes (deductions/standard, income/deductions, income/deductions/standard)","statute body ('Additional modifications of taxable income; rules', 12720 chars): 'nal standard deduction. (B) For purposes of subparagraph (A) of this paragraph, the basic standard deduction is: (i) $3,280, in the case of joint return filers or a surviving spous'",Standard deduction amount(s) by filing status (statute),yes (2 income-tax files)
us-or,S09,state conformity,state statute,PRESENT,2026-07-16-pit-west-us-or-chapter-316,us-or/statute/316.117,yes (income/deductions),"statute body ('Proration between Oregon income and other income for nonresi', 1118 chars): 'proportion for making a proration for nonresident taxpayers of the standard deduction or itemized deductions, the personal exemption credits and any accrued federal or foreign inco'","Itemized deductions: state treatment (federal itemized with modifications, SALT/mortgage limits, own list, or none)",yes (2 income-tax files)
us-or,S10,state,state statute,PRESENT,2026-07-16-pit-west-us-or-chapter-316,us-or/statute/316.099,"yes (credits/exemption, income/credits/exemption)","statute body ('Credit for early intervention services for child with disabi', 2153 chars): 't of the taxpayer, for a taxpayer with federal adjusted gross income that does not exceed $100,000, there shall be allowed an additional personal exemption credit for a child with '",Personal exemption amount or personal exemption credit (taxpayer and spouse),yes (2 income-tax files)
us-or,S11,state,state statute,PRESENT,2026-07-13-recovery,us-or/statute/315.264/block-1,"yes (credits/exemption, income/credits/exemption)","statute body ('Oregon Revised Statutes', 331011 chars): 'ication numbers. (3) The credit under this section: (a) Shall be in an amount of $1,000 per dependent of the taxpayer, but, if the taxpayer has a qualifying income limit in excess '; NOTE: whole-chapter dump, the fact is inside a >200k-char body (weak provenance, needs sectioning)",Dependent exemption or dependent credit amount,yes (2 income-tax files)
us-or,S12,state,state statute,PRESENT,2026-07-16-pit-west-us-or-chapter-316,us-or/statute/316.695,"yes (credits/exemption, income/credits/exemption)","statute body ('Additional modifications of taxable income; rules', 12720 chars): 'rs to an electing small business corporation. (7)(a) The taxpayer shall be entitled to an additional amount, as referred to in subsection (1)(c)(A) and (D) of this section, of $1,0'",Additional deduction/exemption/credit for age 65 or over and for blindness,yes (2 income-tax files)
us-or,S13,state,state statute,EXTRACTABLE,,,no,"no selected statute body for this state carries it (selected statute scopes: 2026-07-13-recovery, 2026-07-16-pit-west-us-or-chapter-316, 2026-07-24-or-pit-session-laws; income-tax chapter rows: 479); the state code is posted by the state code publisher (legislature/revisor site; see queue candidate_sources)",Addition: interest on obligations of other states and their subdivisions,yes (2 income-tax files)
us-or,S14,state,state statute,PRESENT,2026-07-16-pit-west-us-or-chapter-316,us-or/statute/316.680,"yes (income/deductions, income/subtractions, subtractions)","statute body ('Modification of taxable income', 8388 chars): '(1) There shall be subtracted from federal taxable income: (a) The interest or dividends on obligations of the United States and its territories and possessions or of any authority'",Subtraction: interest on United States obligations,yes (2 income-tax files)
us-or,S15,state,state statute,PRESENT,2026-07-16-pit-west-us-or-chapter-316,us-or/statute/316.054,no,"statute body ('Social Security benefits to be subtracted from federal taxab', 413 chars): 'in this chapter, there shall be subtracted from federal taxable income the amount of any Social Security benefits, as defined in section 86 of the Internal Revenue Code (Title II S'",Social Security benefits: full exclusion or the partial-taxation rule and its thresholds,yes (2 income-tax files)
us-or,S16,state,state statute,PRESENT,2026-07-16-pit-west-us-or-chapter-316,us-or/statute/316.680,no,"statute body ('Modification of taxable income', 8388 chars): 'ng before October 1, 1991, shall be determined by multiplying the total amount of federal pension income for the tax year by the ratio of the number of months of federal creditable'","Pension and retirement income exclusion (amounts, age conditions, public vs private)",yes (2 income-tax files)
us-or,S17,state,state statute,PRESENT,2026-07-16-pit-west-us-or-chapter-316,us-or/statute/316.792,no,"statute body ('Military pay', 2260 chars): 'tmospheric Administration and the United States Public Health Service. (2) There shall be subtracted from federal taxable income military pay received for: (a) Service performed ou'",Military pay and military retirement subtraction,yes (2 income-tax files)
us-or,S18,state,state statute,N/A,,,no,"N/A: capital gains taxed as ordinary income with no state exclusion (analyst knowledge, verify)","Capital gains: exclusion, deduction, or separate rate (where the state departs from ordinary treatment)",yes (2 income-tax files)
us-or,S19,state,state statute,PRESENT,2026-07-13-recovery,us-or/statute/315.264/block-1,"yes (credits/eitc, income/credits/eitc)","statute body ('Oregon Revised Statutes', 331011 chars): 'wise due under ORS chapter 316 for the tax year in an amount equal to nine percent of the earned income credit allowable to the individual for the same tax year under section 32 of'; NOTE: whole-chapter dump, the fact is inside a >200k-char body (weak provenance, needs sectioning)","State EITC: percentage of the federal credit or own schedule, and refundability",yes (2 income-tax files)
us-or,S20,state,state statute,PRESENT,2026-07-13-recovery,us-or/statute/315.264/block-1,"yes (credits/eitc, income/credits/eitc)",eligibility read from the EITC section; deviation text found: 's 315.264 Working family household and dependent care expenses; rules 315.266 Earned income; use of individual taxpayer identification number in alternative; ru',"State EITC deviations from federal eligibility (ITIN filers, age 18-24, childless amount, non-custodial), read from the EITC section",yes (2 income-tax files)
us-or,S21,state,state statute,EXTRACTABLE,,,"yes (credits/ctc, income/credits/ctc)","no selected statute body for this state carries it (selected statute scopes: 2026-07-13-recovery, 2026-07-16-pit-west-us-or-chapter-316, 2026-07-24-or-pit-session-laws; income-tax chapter rows: 479); the state code is posted by the state code publisher (legislature/revisor site; see queue candidate_sources)",State child tax credit / dependent credit / young child credit amount,yes (2 income-tax files)
us-or,S22,state,state statute,EXTRACTABLE,,,"yes (credits/ctc, income/credits/ctc)","no selected statute body for this state carries it (selected statute scopes: 2026-07-13-recovery, 2026-07-16-pit-west-us-or-chapter-316, 2026-07-24-or-pit-session-laws; income-tax chapter rows: 479); the state code is posted by the state code publisher (legislature/revisor site; see queue candidate_sources)",State child credit phase-out / income limit and refundability,yes (2 income-tax files)
us-or,S23,state,state statute,PRESENT,2026-07-13-recovery,us-or/statute/315.264/block-1,no,"statute body ('Oregon Revised Statutes', 331011 chars): 'due under ORS chapter 316 equal to the applicable percentage of the qualified taxpayer’s child care expenses (rounded to the nearest $50). (4) The applicable percentage to be used '; NOTE: whole-chapter dump, the fact is inside a >200k-char body (weak provenance, needs sectioning)",Child and dependent care credit: percentage of the federal credit or own schedule,yes (2 income-tax files)
us-or,S24,state,state statute,PRESENT,2026-07-16-pit-west-us-or-chapter-316,us-or/statute/316.082,no,"statute body ('Credit for taxes paid another state; rules', 3064 chars): 'oid duplicative taxation through use of a nonresident, rather than a resident, credit for taxes paid or payable to another state. (6) The Department of Revenue may adopt rules unde'","Credit for income taxes paid to other states (resident credit, limitation)",yes (2 income-tax files)
us-or,S25,state,state statute,N/A,,,"yes (credits, income/credits)","N/A: no low-income credit/no-tax floor (analyst knowledge, verify)","Low-income credit, no-tax floor, or low-income exclusion (poverty-level relief)",yes (2 income-tax files)
us-or,S26,state,state statute,EXTRACTABLE,,,no,"no selected statute body for this state carries it (selected statute scopes: 2026-07-13-recovery, 2026-07-16-pit-west-us-or-chapter-316, 2026-07-24-or-pit-session-laws; income-tax chapter rows: 479); the state code is posted by the state code publisher (legislature/revisor site; see queue candidate_sources)","Property tax circuit breaker, renter or homestead credit claimed on the income tax return",yes (2 income-tax files)
us-or,S27,state,state statute,PRESENT,2026-07-16-pit-west-us-or-chapter-316,us-or/statute/316.087,"yes (credits, income/credits)","statute body ('Credit for the elderly or permanently and totally disabled', 1245 chars): 'against the tax otherwise due under this chapter in an amount equal to 40 percent of the credit for the elderly or the permanently and totally disabled allowable pursuant to sectio'","Other personal credits enumerated in the credits article (education, adoption, charitable, long-term care, elderly, volunteer, etc.)",yes (2 income-tax files)
us-or,S28,state,state statute,N/A,,,no,"N/A: no state AMT (analyst knowledge, verify)","State alternative minimum tax (rate, exemption, AMTI base) where enacted",yes (2 income-tax files)
us-or,S29,state,state statute or bulletin,N/A,,,no,"N/A: no surtax or special individual income tax (analyst knowledge, verify)","Surtax or special individual tax (millionaire surtax, mental health tax, capital gains excise, interest and dividends tax, high-earner tax) where enacted, incl. the year's threshold",yes (2 income-tax files)
us-or,S30,state,state statute,PRESENT,2026-07-16-pit-west-us-or-chapter-316,us-or/statute/316.118,no,"statute body ('Pro rata share of S corporation income of nonresident shareh', 1405 chars): '(1) The pro rata share of S corporation income of a nonresident shareholder constitutes income or loss derived from or connected with sources in this state as provided in ORS 316.1'","Nonresident and part-year resident sourcing and apportionment (income from sources within the state, proration)",yes (2 income-tax files)
us-or,S31,state,state statute,PRESENT,2026-07-16-pit-west-us-or-chapter-316,us-or/statute/316.182,no,"statute body ('Withholding statement or exemption certificate; default with', 790 chars): 's defined in ORS 316.162 (2)(e). (3) If a statement or certificate is not provided to the employer as required under subsection (1) of this section, the employer shall withhold tax'",Employer withholding requirement and withholding tables/formula,yes (2 income-tax files)
us-or,S32,state,state statute,PRESENT,2026-07-16-pit-west-us-or-chapter-316,us-or/statute/316.587,no,"statute body ('Effect of underpayment of estimated tax; computation of unde', 4921 chars): 'term “required installment” means the amount of the installment that would be due if the estimated tax were equal to the least of: (a) Ninety percent of the tax shown on the return'","Individual estimated tax requirement, safe harbor and underpayment interest",yes (2 income-tax files)
us-or,S33,state,state statute,PRESENT,2026-07-16-pit-west-us-or-chapter-316,us-or/statute/316.472,no,"statute body ('Tax treatment of common trust fund; information return requi', 682 chars): 'ue Code. (2) Every financial institution or trust company maintaining a common trust fund shall make a return to the Department of Revenue for each tax year, stating specifically, '","Filing threshold: who must file a return (income floor, exemption-based, gross income test)",yes (2 income-tax files)
us-or,S34,state,state statute,PRESENT,2026-07-16-pit-west-us-or-chapter-316,us-or/statute/316.218,no,"statute body ('Annual report of compensation paid to professional athletic ', 980 chars): 'rtment may require by rule. (2) The report must be filed with the department on or before April 15 following the year for which the report is being made or at another time as the d'","Return due date, extensions, joint return liability and innocent spouse",yes (2 income-tax files)
us-or,S35,state,state statute,EXTRACTABLE,,,yes (gov/local/or),"no selected statute body for this state carries it (selected statute scopes: 2026-07-13-recovery, 2026-07-16-pit-west-us-or-chapter-316, 2026-07-24-or-pit-session-laws; income-tax chapter rows: 479); the state code is posted by the state code publisher (legislature/revisor site; see queue candidate_sources)","Local income taxes (county, municipal, school district, city) authorized or imposed by the state code, where they exist",yes (2 income-tax files)
us-or,R01,state,state regulation,EXTRACTABLE,,,n/a (document carrier; see the rule elements it carries),no selected regulation scope for this state is a revenue-department income tax regulation (the selected regulation scopes are benefit-program rules); the administrative code chapter is posted by the state's code publisher,State income tax regulations: the revenue department's administrative code chapter on the individual income tax,yes (2 income-tax files)
us-or,F01,state,state form instructions and rate schedules,EXTRACTABLE,,,n/a (document carrier; see the rule elements it carries),no TY2025 resident return form in any selected form scope (form documents present: 2026 Publication OR-ESTIMATE Oregon Estimated Inco); queue row 'done' points at form/2026-07-22-or-estimate-2026; publisher forms index: state revenue department forms page,Tax year 2025 resident individual income tax return form,yes (2 income-tax files)
us-or,F02,state,state form instructions and rate schedules,EXTRACTABLE,,,n/a (document carrier; see the rule elements it carries),no TY2025 resident instruction booklet in any selected form scope (form documents present: 2026 Publication OR-ESTIMATE Oregon Estimated Inco); queue row 'done' points at form/2026-07-22-or-estimate-2026; publisher forms index: state revenue department forms page,"Tax year 2025 resident return instruction booklet (line-by-line rules, worksheets)",yes (2 income-tax files)
us-or,F03,state,state form instructions and rate schedules,EXTRACTABLE,,,"yes (income/rates, rates)",no TY2025 rate schedule/tax table/flat-rate body in the selection (form bodies: 2); publisher forms index revenue department forms page,"Tax year 2025 rate schedule, tax table or flat rate with the year's dollar thresholds (as printed)",yes (2 income-tax files)
us-or,F04,state,state form instructions and rate schedules,EXTRACTABLE,,,"yes (deductions/standard, income/deductions, income/deductions/standard)",no TY2025 instruction body carrying the printed standard deduction/exemption amounts in the selection; publisher forms index revenue department forms page,Tax year 2025 standard deduction and exemption dollar amounts as printed in the instructions,yes (2 income-tax files)
us-or,F05,state,state form instructions and rate schedules,EXTRACTABLE,,,"yes (credits/eitc, income/credits/eitc)",no TY2025 instruction body carrying the state EITC/child credit parameters in the selection; publisher forms index revenue department forms page,"Tax year 2025 state EITC / child credit parameters as printed in the instructions (percentage of federal, amounts, worksheets)",yes (2 income-tax files)
us-or,F06,state,state department bulletins,PRESENT,2026-07-22-or-estimate-2026,us-or/form/individual-income-tax/2026/or-estimate/document-1,"yes (income/rates, rates)","form body ('2026 Publication OR-ESTIMATE Oregon Estimated Income Tax Ins', 25469 chars): 'm is similar to the federal sys­ tem, except that you: • Use Oregon’s income tax laws and tax rates. • Don’t include Social Security tax (FICA), self-employment tax, or household e'","Tax year 2026 indexed amounts (rate schedule, standard deduction, exemptions) as published for the year (estimated-tax instructions or department bulletin)",yes (2 income-tax files)
us-pa,S01,state,state statute,PRESENT,2026-07-16-pit-west-us-pa-act-1971-2-article-3,us-pa/statute/act-1971-2/article-3/section-353,"yes (income/rate, main)","statute body ('Crimes', 5917 chars): 'hom an action or proceeding has been instituted for the collection or recovery of the tax imposed by this article; nothing herein shall be construed to prohibit the delivery to the'",Imposition of the individual income tax (or the constitutional/statutory bar for the nine no-tax states),yes (3 income-tax files)
us-pa,S02,state conformity,state statute,PRESENT,2026-07-16-pit-west-us-pa-act-1971-2-article-3,us-pa/statute/act-1971-2/article-3/section-301,no,"statute body ('Definitions', 22025 chars): 'y corporation which has a valid election in effect under Subchapter S of Chapter 1 of the Internal Revenue Code of 1986, as amended to January 1, 2005. ((s.2) amended July 6, 2006,'",Internal Revenue Code conformity date (static or rolling) as defined in the chapter,yes (3 income-tax files)
us-pa,S03,state,state statute,PRESENT,2026-07-16-pit-west-us-pa-act-1971-2-article-3,us-pa/statute/act-1971-2/article-3/section-301,no,"statute body ('Definitions', 22025 chars): '.151) (i.2) ((i.2) deleted by amendment Dec. 13, 1991, P.L.373, No.40) (j) ""Income"" for a resident individual, estate or trust means the same as compensation, net profits, gains, d'","Resident, nonresident and part-year resident definitions (domicile, statutory residence day count)",yes (3 income-tax files)
us-pa,S04,state conformity,state statute,PRESENT,2026-07-16-pit-west-us-pa-act-1971-2-article-3,us-pa/statute/act-1971-2/article-3/section-331,"yes (income/rate, main)","statute body ('Returns of Married Individuals, Deceased or Disabled Individ', 6186 chars): 'ax liabilities under this article shall be separate. (b) If the income tax liabilities of husband and wife are determined on a joint return, their tax liabilities shall be joint an'","Filing statuses and joint/separate return rules (married joint, separate, head of household, surviving spouse)",yes (3 income-tax files)
us-pa,S05,state conformity,state statute,PRESENT,2026-07-16-pit-west-us-pa-act-1971-2-article-3,us-pa/statute/act-1971-2/article-3/section-302,no,"statute body ('Imposition of Tax', 1754 chars): 'te or trust shall be subject to, and shall pay for the privilege of receiving each of the classes of income hereinafter enumerated in section 303, a tax upon each dollar of income '","Starting point: state gross/adjusted gross/taxable income defined from federal AGI, federal taxable income, or own gross income",yes (3 income-tax files)
us-pa,S06,state,state statute,EXTRACTABLE,,,"yes (income/rate, main)",no selected statute body for this state carries it (selected statute scopes: 2026-07-16-pit-west-us-pa-act-1971-2-article-3; income-tax chapter rows: 114); the state code is posted by the state code publisher (legislature/revisor site; see queue candidate_sources),"Rate schedule: bracket thresholds and marginal rates, or the flat rate (statute)",yes (3 income-tax files)
us-pa,S07,state,state statute,N/A,,,"yes (income/rate, main)","N/A: brackets/deductions are not indexed by statute (analyst knowledge, verify)","Bracket / deduction / exemption indexing rule (inflation adjustment method, base year, rounding)",yes (3 income-tax files)
us-pa,S08,state,state statute,N/A,,,yes (income/deductions),"N/A: the state has no standard deduction of its own (federal taxable income start or exemption-only design) (analyst knowledge, verify)",Standard deduction amount(s) by filing status (statute),yes (3 income-tax files)
us-pa,S09,state conformity,state statute,N/A,,,yes (income/deductions),"N/A: the state allows no itemized deductions (analyst knowledge, verify)","Itemized deductions: state treatment (federal itemized with modifications, SALT/mortgage limits, own list, or none)",yes (3 income-tax files)
us-pa,S10,state,state statute,EXTRACTABLE,,,no,no selected statute body for this state carries it (selected statute scopes: 2026-07-16-pit-west-us-pa-act-1971-2-article-3; income-tax chapter rows: 114); the state code is posted by the state code publisher (legislature/revisor site; see queue candidate_sources),Personal exemption amount or personal exemption credit (taxpayer and spouse),yes (3 income-tax files)
us-pa,S11,state,state statute,PRESENT,2026-07-16-pit-west-us-pa-act-1971-2-article-3,us-pa/statute/act-1971-2/article-3/section-304,no,"statute body ('Special Tax Provisions for Poverty', 4692 chars): 'this article, with an additional income allowance of nine thousand five hundred dollars ($9,500) for each dependent of the claimant. For purposes of this subsection, a claimant sha'",Dependent exemption or dependent credit amount,yes (3 income-tax files)
us-pa,S12,state,state statute,EXTRACTABLE,,,no,no selected statute body for this state carries it (selected statute scopes: 2026-07-16-pit-west-us-pa-act-1971-2-article-3; income-tax chapter rows: 114); the state code is posted by the state code publisher (legislature/revisor site; see queue candidate_sources),Additional deduction/exemption/credit for age 65 or over and for blindness,yes (3 income-tax files)
us-pa,S13,state,state statute,EXTRACTABLE,,,no,no selected statute body for this state carries it (selected statute scopes: 2026-07-16-pit-west-us-pa-act-1971-2-article-3; income-tax chapter rows: 114); the state code is posted by the state code publisher (legislature/revisor site; see queue candidate_sources),Addition: interest on obligations of other states and their subdivisions,yes (3 income-tax files)
us-pa,S14,state,state statute,PRESENT,2026-07-16-pit-west-us-pa-act-1971-2-article-3,us-pa/statute/act-1971-2/article-3/section-301,yes (income/deductions),"statute body ('Definitions', 22025 chars): 'ommonwealth"" for a nonresident individual, estate or trust shall not include any items of income enumerated above received or acquired from an investment company registered with th'",Subtraction: interest on United States obligations,yes (3 income-tax files)
us-pa,S15,state,state statute,EXTRACTABLE,,,no,no selected statute body for this state carries it (selected statute scopes: 2026-07-16-pit-west-us-pa-act-1971-2-article-3; income-tax chapter rows: 114); the state code is posted by the state code publisher (legislature/revisor site; see queue candidate_sources),Social Security benefits: full exclusion or the partial-taxation rule and its thresholds,yes (3 income-tax files)
us-pa,S16,state,state statute,EXTRACTABLE,,,no,no selected statute body for this state carries it (selected statute scopes: 2026-07-16-pit-west-us-pa-act-1971-2-article-3; income-tax chapter rows: 114); the state code is posted by the state code publisher (legislature/revisor site; see queue candidate_sources),"Pension and retirement income exclusion (amounts, age conditions, public vs private)",yes (3 income-tax files)
us-pa,S17,state,state statute,EXTRACTABLE,,,no,no selected statute body for this state carries it (selected statute scopes: 2026-07-16-pit-west-us-pa-act-1971-2-article-3; income-tax chapter rows: 114); the state code is posted by the state code publisher (legislature/revisor site; see queue candidate_sources),Military pay and military retirement subtraction,yes (3 income-tax files)
us-pa,S18,state,state statute,N/A,,,no,"N/A: capital gains taxed as ordinary income with no state exclusion (analyst knowledge, verify)","Capital gains: exclusion, deduction, or separate rate (where the state departs from ordinary treatment)",yes (3 income-tax files)
us-pa,S19,state,state statute,N/A,,,"yes (credits/eitc, income/credits/eitc)","N/A: no state EITC in TY2025 law (analyst knowledge, verify)","State EITC: percentage of the federal credit or own schedule, and refundability",yes (3 income-tax files)
us-pa,S20,state,state statute,N/A,,,"yes (credits/eitc, income/credits/eitc)","N/A: no state EITC in TY2025 law (analyst knowledge, verify)","State EITC deviations from federal eligibility (ITIN filers, age 18-24, childless amount, non-custodial), read from the EITC section",yes (3 income-tax files)
us-pa,S21,state,state statute,N/A,,,no,"N/A: no state child credit/child deduction in TY2025 law (analyst knowledge, verify)",State child tax credit / dependent credit / young child credit amount,yes (3 income-tax files)
us-pa,S22,state,state statute,N/A,,,no,"N/A: no state child credit/child deduction in TY2025 law (analyst knowledge, verify)",State child credit phase-out / income limit and refundability,yes (3 income-tax files)
us-pa,S23,state,state statute,EXTRACTABLE,,,"yes (credits/cdcc, income/credits/cdcc)",no selected statute body for this state carries it (selected statute scopes: 2026-07-16-pit-west-us-pa-act-1971-2-article-3; income-tax chapter rows: 114); the state code is posted by the state code publisher (legislature/revisor site; see queue candidate_sources),Child and dependent care credit: percentage of the federal credit or own schedule,yes (3 income-tax files)
us-pa,S24,state,state statute,EXTRACTABLE,,,no,no selected statute body for this state carries it (selected statute scopes: 2026-07-16-pit-west-us-pa-act-1971-2-article-3; income-tax chapter rows: 114); the state code is posted by the state code publisher (legislature/revisor site; see queue candidate_sources),"Credit for income taxes paid to other states (resident credit, limitation)",yes (3 income-tax files)
us-pa,S25,state,state statute,PRESENT,2026-07-16-pit-west-us-pa-act-1971-2-article-3,us-pa/statute/act-1971-2/article-3/section-304,"yes (credits, income/credits)","statute body ('Special Tax Provisions for Poverty', 4692 chars): 'm and their dependents of the bare necessities of life and having further determined that poverty is a relative concept inextricably joined with actual income and the number of peo'","Low-income credit, no-tax floor, or low-income exclusion (poverty-level relief)",yes (3 income-tax files)
us-pa,S26,state,state statute,EXTRACTABLE,,,no,no selected statute body for this state carries it (selected statute scopes: 2026-07-16-pit-west-us-pa-act-1971-2-article-3; income-tax chapter rows: 114); the state code is posted by the state code publisher (legislature/revisor site; see queue candidate_sources),"Property tax circuit breaker, renter or homestead credit claimed on the income tax return",yes (3 income-tax files)
us-pa,S27,state,state statute,EXTRACTABLE,,,"yes (credits, income/credits)",no selected statute body for this state carries it (selected statute scopes: 2026-07-16-pit-west-us-pa-act-1971-2-article-3; income-tax chapter rows: 114); the state code is posted by the state code publisher (legislature/revisor site; see queue candidate_sources),"Other personal credits enumerated in the credits article (education, adoption, charitable, long-term care, elderly, volunteer, etc.)",yes (3 income-tax files)
us-pa,S28,state,state statute,N/A,,,no,"N/A: no state AMT (analyst knowledge, verify)","State alternative minimum tax (rate, exemption, AMTI base) where enacted",yes (3 income-tax files)
us-pa,S29,state,state statute or bulletin,N/A,,,no,"N/A: no surtax or special individual income tax (analyst knowledge, verify)","Surtax or special individual tax (millionaire surtax, mental health tax, capital gains excise, interest and dividends tax, high-earner tax) where enacted, incl. the year's threshold",yes (3 income-tax files)
us-pa,S30,state,state statute,PRESENT,2026-07-16-pit-west-us-pa-act-1971-2-article-3,us-pa/statute/act-1971-2/article-3/section-308,no,"statute body ('Nonresident Individuals; Taxable Income', 187 chars): 'The income of a nonresident individual shall be that part of his income derived from sources within this Commonwealth as defined in this article. (308 added Aug. 31, 1971, P.L.362,'","Nonresident and part-year resident sourcing and apportionment (income from sources within the state, proration)",yes (3 income-tax files)
us-pa,S31,state,state statute,PRESENT,2026-07-16-pit-west-us-pa-act-1971-2-article-3,us-pa/statute/act-1971-2/article-3/section-316.1,no,"statute body ('Requirement of Withholding Tax', 1626 chars): 'idual, or (ii) to a nonresident individual taxpayer performing services on behalf of such employer within this Commonwealth, shall deduct and withhold from such compensation for ea'",Employer withholding requirement and withholding tables/formula,yes (3 income-tax files)
us-pa,S32,state,state statute,PRESENT,2026-07-16-pit-west-us-pa-act-1971-2-article-3,us-pa/statute/act-1971-2/article-3/section-325,no,"statute body ('Declarations of Estimated Tax', 5111 chars): 'its allowable against the tax under this article. (c) A husband and wife may make a joint declaration of estimated tax hereunder as if they were one taxpayer, in which case the lia'","Individual estimated tax requirement, safe harbor and underpayment interest",yes (3 income-tax files)
us-pa,S33,state,state statute,PRESENT,2026-07-16-pit-west-us-pa-act-1971-2-article-3,us-pa/statute/act-1971-2/article-3/section-330.1,no,"statute body ('Return of Pennsylvania S Corporation', 1574 chars): '(a) Every Pennsylvania S corporation shall make a return for each taxable year, stating specifically all items of gross income and deductions, the names and addresses of all person'","Filing threshold: who must file a return (income floor, exemption-based, gross income test)",yes (3 income-tax files)
us-pa,S34,state,state statute,PRESENT,2026-07-16-pit-west-us-pa-act-1971-2-article-3,us-pa/statute/act-1971-2/article-3/section-335,no,"statute body ('Requirements Concerning Returns, Notices, Records and Statem', 7895 chars): 'nt information as the department may require. Such return shall be filed on or before the fifteenth day of the fourth month following the close of each taxable year. For purposes o'","Return due date, extensions, joint return liability and innocent spouse",yes (3 income-tax files)
us-pa,S35,state,state statute,EXTRACTABLE,,,yes (gov/local/pa),no selected statute body for this state carries it (selected statute scopes: 2026-07-16-pit-west-us-pa-act-1971-2-article-3; income-tax chapter rows: 114); the state code is posted by the state code publisher (legislature/revisor site; see queue candidate_sources),"Local income taxes (county, municipal, school district, city) authorized or imposed by the state code, where they exist",yes (3 income-tax files)
us-pa,R01,state,state regulation,EXTRACTABLE,,,n/a (document carrier; see the rule elements it carries),no selected regulation scope for this state is a revenue-department income tax regulation (the selected regulation scopes are benefit-program rules); the administrative code chapter is posted by the state's code publisher,State income tax regulations: the revenue department's administrative code chapter on the individual income tax,yes (3 income-tax files)
us-pa,F01,state,state form instructions and rate schedules,EXTRACTABLE,,,n/a (document carrier; see the rule elements it carries),no TY2025 resident return form in any selected form scope (form documents present: none); queue row 'done' points at guidance/2026-07-21-pa-personal-income-tax-rates; publisher forms index: state revenue department forms page,Tax year 2025 resident individual income tax return form,yes (3 income-tax files)
us-pa,F02,state,state form instructions and rate schedules,EXTRACTABLE,,,n/a (document carrier; see the rule elements it carries),no TY2025 resident instruction booklet in any selected form scope (form documents present: none); queue row 'done' points at guidance/2026-07-21-pa-personal-income-tax-rates; publisher forms index: state revenue department forms page,"Tax year 2025 resident return instruction booklet (line-by-line rules, worksheets)",yes (3 income-tax files)
us-pa,F03,state,state form instructions and rate schedules,EXTRACTABLE,,,"yes (income/rate, main)",no TY2025 rate schedule/tax table/flat-rate body in the selection (form bodies: 0); publisher forms index revenue department forms page,"Tax year 2025 rate schedule, tax table or flat rate with the year's dollar thresholds (as printed)",yes (3 income-tax files)
us-pa,F04,state,state form instructions and rate schedules,EXTRACTABLE,,,yes (income/deductions),no TY2025 instruction body carrying the printed standard deduction/exemption amounts in the selection; publisher forms index revenue department forms page,Tax year 2025 standard deduction and exemption dollar amounts as printed in the instructions,yes (3 income-tax files)
us-pa,F05,state,state form instructions and rate schedules,N/A,,,"yes (credits/eitc, income/credits/eitc)","N/A: no state EITC or child credit in TY2025 law (analyst knowledge, verify)","Tax year 2025 state EITC / child credit parameters as printed in the instructions (percentage of federal, amounts, worksheets)",yes (3 income-tax files)
us-pa,F06,state,state department bulletins,REVIEW,,,"yes (income/rate, main)",no 2026-labelled body with amounts in any selected scope and the queue row records no 2026 product; whether the department has posted TY2026 figures (most publish them in the 2026 estimated-tax or withholding instructions) was not verified,"Tax year 2026 indexed amounts (rate schedule, standard deduction, exemptions) as published for the year (estimated-tax instructions or department bulletin)",yes (3 income-tax files)
us-ri,S01,state,state statute,PRESENT,2026-07-16-pit-west-us-ri-chapter-44-30,us-ri/statute/44-30-1,yes (income/rate),"statute body ('Persons subject to tax', 1340 chars): 'and personal income tax determined in accordance with the rates set forth in § 44-30-2 is imposed for each taxable year (which shall be the same as the taxable year for federal inc'",Imposition of the individual income tax (or the constitutional/statutory bar for the nine no-tax states),yes (2 income-tax files)
us-ri,S02,state conformity,state statute,PRESENT,2026-07-16-pit-west-us-ri-chapter-44-30,us-ri/statute/44-30-101,no,"statute body ('Requirements concerning qualifying health insurance coverage', 5828 chars): 'r’s federal shared responsibility payment for the taxable year under section 5000A of the Internal Revenue Code of 1986, as amended, and as in effect on the 15th day of December 20'",Internal Revenue Code conformity date (static or rolling) as defined in the chapter,yes (2 income-tax files)
us-ri,S03,state,state statute,PRESENT,2026-07-16-pit-west-us-ri-chapter-44-30,us-ri/statute/44-30-5,no,"statute body ('“Resident” and “nonresident” defined', 2173 chars): '(a) Resident individual. A resident individual means an individual: (1) Who is domiciled in this state. In determining the domicile of an indi'","Resident, nonresident and part-year resident definitions (domicile, statutory residence day count)",yes (2 income-tax files)
us-ri,S04,state conformity,state statute,PRESENT,2026-07-16-pit-west-us-ri-chapter-44-30,us-ri/statute/44-30-11,yes (income/rate),"statute body ('Resident husband and wife', 359 chars): 'sland incomes shall be separately determined. (b) If the federal adjusted gross income of husband and wife, both of whom are residents, is determined on a joint federal return, the'","Filing statuses and joint/separate return rules (married joint, separate, head of household, surviving spouse)",yes (2 income-tax files)
us-ri,S05,state conformity,state statute,PRESENT,2026-07-16-pit-west-us-ri-chapter-44-30,us-ri/statute/44-30-2.6,yes (income/agi),"statute body ('Rhode Island taxable income — Rate of tax', 27431 chars): ', 2007, and thereafter, Rhode Island taxable income shall be determined by deducting from federal adjusted gross income as defined in 26 U.S.C. § 62 as modified by the modification'","Starting point: state gross/adjusted gross/taxable income defined from federal AGI, federal taxable income, or own gross income",yes (2 income-tax files)
us-ri,S06,state,state statute,PRESENT,2026-07-16-pit-west-us-ri-chapter-44-30,us-ri/statute/44-30-2.6,yes (income/rate),"statute body ('Rhode Island taxable income — Rate of tax', 27431 chars): 'eductions otherwise allowable for the taxable year shall be reduced by the lesser of: (a) Three percent (3%) of the excess of adjusted gross income as modified by § 44-30-12 over t'","Rate schedule: bracket thresholds and marginal rates, or the flat rate (statute)",yes (2 income-tax files)
us-ri,S07,state,state statute,PRESENT,2026-07-16-pit-west-us-ri-chapter-44-30,us-ri/statute/44-30-2.6,yes (income/rate),"statute body ('Rhode Island taxable income — Rate of tax', 27431 chars): 'ment of the Economic Growth and Tax Relief Reconciliation Act of 2001 (EGTRRA); provided, rate schedules shall be adjusted for inflation by the tax administrator beginning in taxab'","Bracket / deduction / exemption indexing rule (inflation adjustment method, base year, rounding)",yes (2 income-tax files)
us-ri,S08,state,state statute,PRESENT,2026-07-16-pit-west-us-ri-chapter-44-30,us-ri/statute/44-30-2.6,"yes (deductions/standard, income/deductions, income/deductions/standard)","statute body ('Rhode Island taxable income — Rate of tax', 27431 chars): 'following table: (4) Additional standard deduction for the aged and blind. An additional standard deduction shall be allowed for individuals age sixty-five (65) or older or blind i'",Standard deduction amount(s) by filing status (statute),yes (2 income-tax files)
us-ri,S09,state conformity,state statute,PRESENT,2026-07-16-pit-west-us-ri-chapter-44-30,us-ri/statute/44-30-2.6,yes (income/deductions),"statute body ('Rhode Island taxable income — Rate of tax', 27431 chars): 'imposed on net capital gain shall be determined under subdivision 44-30-2.6(c)(2)(A). (C) Itemized deductions. (1) In general. For the purposes of section (2), “itemized deductions'","Itemized deductions: state treatment (federal itemized with modifications, SALT/mortgage limits, own list, or none)",yes (2 income-tax files)
us-ri,S10,state,state statute,PRESENT,2026-07-16-pit-west-us-ri-chapter-44-30,us-ri/statute/44-30-2.6,yes (income/exemption),"statute body ('Rhode Island taxable income — Rate of tax', 27431 chars): 'xpayer whose adjusted gross income for the taxable year exceeds the threshold amount, the exemption amount shall be reduced by two (2) percentage points for each $2,500 (or fractio'",Personal exemption amount or personal exemption credit (taxpayer and spouse),yes (2 income-tax files)
us-ri,S11,state,state statute,PRESENT,2026-07-13-recovery,us-ri/statute/44-30-103,yes (income/exemption),"statute body ('44-30-103', 2682 chars): 'taxpayer’s Rhode Island state personal income tax return shall pay a ten thousand dollar ($10,000) penalty for each dependent fraudulently claimed and shall pay any rebate amount f'",Dependent exemption or dependent credit amount,yes (2 income-tax files)
us-ri,S12,state,state statute,PRESENT,2026-07-16-pit-west-us-ri-chapter-44-30,us-ri/statute/44-30-2.6,yes (income/exemption),"statute body ('Rhode Island taxable income — Rate of tax', 27431 chars): 'de Island standard deduction shall be allowed in accordance with the following table: (4) Additional standard deduction for the aged and blind. An additional standard deduction sha'",Additional deduction/exemption/credit for age 65 or over and for blindness,yes (2 income-tax files)
us-ri,S13,state,state statute,PRESENT,2026-07-16-pit-west-us-ri-chapter-44-30,us-ri/statute/44-30-12,yes (additions),"statute body ('Rhode Island income of a resident individual', 18712 chars): 'increasing federal adjusted gross income. There shall be added to federal adjusted gross income: (1) Interest income on obligations of any state, or its political subdivisions, oth'",Addition: interest on obligations of other states and their subdivisions,yes (2 income-tax files)
us-ri,S14,state,state statute,PRESENT,2026-07-16-pit-west-us-ri-chapter-44-30,us-ri/statute/44-30-12,"yes (income/agi/subtractions, income/deductions, subtractions)","statute body ('Rhode Island income of a resident individual', 18712 chars): 'cing federal adjusted gross income. There shall be subtracted from federal adjusted gross income: (1) Any interest income on obligations of the United States and its possessions to'",Subtraction: interest on United States obligations,yes (2 income-tax files)
us-ri,S15,state,state statute,PRESENT,2026-07-16-pit-west-us-ri-chapter-44-30,us-ri/statute/44-30-12,no,"statute body ('Rhode Island income of a resident individual', 18712 chars): 'taxable year is less than one hundred thousand dollars ($100,000), an amount equal to the Social Security benefits includible in federal adjusted gross income. (ii) Adjustment for '",Social Security benefits: full exclusion or the partial-taxation rule and its thresholds,yes (2 income-tax files)
us-ri,S16,state,state statute,PRESENT,2026-07-16-pit-west-us-ri-chapter-44-30,us-ri/statute/44-30-12,no,"statute body ('Rhode Island income of a resident individual', 18712 chars): 'be allowed as follows: (A) For the tax years beginning on January 1, 2023, a taxpayer may subtract from federal adjusted gross income the taxpayer’s military service pension benefi'","Pension and retirement income exclusion (amounts, age conditions, public vs private)",yes (2 income-tax files)
us-ri,S17,state,state statute,PRESENT,2026-07-16-pit-west-us-ri-chapter-44-30,us-ri/statute/44-30-12,no,"statute body ('Rhode Island income of a resident individual', 18712 chars): 'be allowed as follows: (A) For the tax years beginning on January 1, 2023, a taxpayer may subtract from federal adjusted gross income the taxpayer’s military service pension benefi'",Military pay and military retirement subtraction,yes (2 income-tax files)
us-ri,S18,state,state statute,N/A,,,no,"N/A: capital gains taxed as ordinary income with no state exclusion (analyst knowledge, verify)","Capital gains: exclusion, deduction, or separate rate (where the state departs from ordinary treatment)",yes (2 income-tax files)
us-ri,S19,state,state statute,EXTRACTABLE,,,"yes (credits/eitc, income/credits/eitc)","no selected statute body for this state carries it (selected statute scopes: 2026-07-13-recovery, 2026-07-16-pit-west-us-ri-chapter-44-30; income-tax chapter rows: 100); the state code is posted by the state code publisher (legislature/revisor site; see queue candidate_sources)","State EITC: percentage of the federal credit or own schedule, and refundability",yes (2 income-tax files)
us-ri,S20,state,state statute,EXTRACTABLE,,,"yes (credits/eitc, income/credits/eitc)",the EITC section is not in any selected statute scope for this state (see S19); posted by the state code publisher (legislature/revisor site; see queue candidate_sources),"State EITC deviations from federal eligibility (ITIN filers, age 18-24, childless amount, non-custodial), read from the EITC section",yes (2 income-tax files)
us-ri,S21,state,state statute,N/A,,,"yes (credits/ctc, income/credits/ctc)","N/A: no state child credit/child deduction in TY2025 law (analyst knowledge, verify)",State child tax credit / dependent credit / young child credit amount,yes (2 income-tax files)
us-ri,S22,state,state statute,N/A,,,"yes (credits/ctc, income/credits/ctc)","N/A: no state child credit/child deduction in TY2025 law (analyst knowledge, verify)",State child credit phase-out / income limit and refundability,yes (2 income-tax files)
us-ri,S23,state,state statute,PRESENT,2026-07-16-pit-west-us-ri-chapter-44-30,us-ri/statute/44-30-2.6,"yes (credits/cdcc, income/credits/cdcc)","statute body ('Rhode Island taxable income — Rate of tax', 27431 chars): 'for motion picture production tax credit as provided in § 44-31.2-1 et seq. (g) Child and Dependent Care: Credit shall be allowed for twenty-five percent (25%) of the federal child'",Child and dependent care credit: percentage of the federal credit or own schedule,yes (2 income-tax files)
us-ri,S24,state,state statute,PRESENT,2026-07-16-pit-west-us-ri-chapter-44-30,us-ri/statute/44-30-18,no,"statute body ('Credit for income taxes of other states', 1754 chars): 'd personal income tax otherwise due for the taxable year, for the aggregate of net income taxes imposed on him or her for the taxable year by other states (including the District o'","Credit for income taxes paid to other states (resident credit, limitation)",yes (2 income-tax files)
us-ri,S25,state,state statute,N/A,,,"yes (credits, income/credits)","N/A: no low-income credit/no-tax floor (analyst knowledge, verify)","Low-income credit, no-tax floor, or low-income exclusion (poverty-level relief)",yes (2 income-tax files)
us-ri,S26,state,state statute,EXTRACTABLE,,,"yes (credits/property_tax, income/credits/property_tax)","no selected statute body for this state carries it (selected statute scopes: 2026-07-13-recovery, 2026-07-16-pit-west-us-ri-chapter-44-30; income-tax chapter rows: 100); the state code is posted by the state code publisher (legislature/revisor site; see queue candidate_sources)","Property tax circuit breaker, renter or homestead credit claimed on the income tax return",yes (2 income-tax files)
us-ri,S27,state,state statute,EXTRACTABLE,,,"yes (credits, income/credits)","no selected statute body for this state carries it (selected statute scopes: 2026-07-13-recovery, 2026-07-16-pit-west-us-ri-chapter-44-30; income-tax chapter rows: 100); the state code is posted by the state code publisher (legislature/revisor site; see queue candidate_sources)","Other personal credits enumerated in the credits article (education, adoption, charitable, long-term care, elderly, volunteer, etc.)",yes (2 income-tax files)
us-ri,S28,state,state statute,N/A,,,no,"N/A: no state AMT (analyst knowledge, verify)","State alternative minimum tax (rate, exemption, AMTI base) where enacted",yes (2 income-tax files)
us-ri,S29,state,state statute or bulletin,N/A,,,"yes (high_earner_tax, income/high_earner_tax)","N/A: no surtax or special individual income tax (analyst knowledge, verify)","Surtax or special individual tax (millionaire surtax, mental health tax, capital gains excise, interest and dividends tax, high-earner tax) where enacted, incl. the year's threshold",yes (2 income-tax files)
us-ri,S30,state,state statute,PRESENT,2026-07-16-pit-west-us-ri-chapter-44-30,us-ri/statute/44-30-32,no,"statute body ('Rhode Island income of a nonresident individual', 2643 chars): '(a) General. The Rhode Island income of a nonresident individual shall be the sum of the following: (1) The net amount of items of income and deduction entering into his or her fed'","Nonresident and part-year resident sourcing and apportionment (income from sources within the state, proration)",yes (2 income-tax files)
us-ri,S31,state,state statute,PRESENT,2026-07-16-pit-west-us-ri-chapter-44-30,us-ri/statute/44-30-73,no,"statute body ('Information statement for employee', 806 chars): 'Every employer required to deduct and withhold Rhode Island personal income tax from the wages of an employee, or who would have been required to deduct and withhold tax if the emp'",Employer withholding requirement and withholding tables/formula,yes (2 income-tax files)
us-ri,S32,state,state statute,PRESENT,2026-07-16-pit-west-us-ri-chapter-44-30,us-ri/statute/44-30-55,no,"statute body ('Declarations of estimated tax', 2603 chars): 'or its tax, whether or not the individual, estate or trust is required to file a federal declaration of estimated tax for that year. (b) Joint declaration of husband and wife. A hu'","Individual estimated tax requirement, safe harbor and underpayment interest",yes (2 income-tax files)
us-ri,S33,state,state statute,PRESENT,2026-07-16-pit-west-us-ri-chapter-44-30,us-ri/statute/44-30-51,no,"statute body ('Returns and liabilities', 3275 chars): 'he fourth month following the close of a taxable year, a Rhode Island personal income tax return shall be made and filed by or for: (1) Every resident individual required to file a'","Filing threshold: who must file a return (income floor, exemption-based, gross income test)",yes (2 income-tax files)
us-ri,S34,state,state statute,PRESENT,2026-07-16-pit-west-us-ri-chapter-44-30,us-ri/statute/44-30-51,no,"statute body ('Returns and liabilities', 3275 chars): '(a) General. On or before the fifteenth day of the fourth month following the close of a taxable year, a Rhode Island personal income tax return shall be'","Return due date, extensions, joint return liability and innocent spouse",yes (2 income-tax files)
us-ri,S35,state,state statute,N/A,,,no,"N/A: no local income tax authorized by the state code (analyst knowledge, verify)","Local income taxes (county, municipal, school district, city) authorized or imposed by the state code, where they exist",yes (2 income-tax files)
us-ri,R01,state,state regulation,EXTRACTABLE,,,n/a (document carrier; see the rule elements it carries),no selected regulation scope for this state is a revenue-department income tax regulation (the selected regulation scopes are benefit-program rules); the administrative code chapter is posted by the state's code publisher,State income tax regulations: the revenue department's administrative code chapter on the individual income tax,yes (2 income-tax files)
us-ri,F01,state,state form instructions and rate schedules,EXTRACTABLE,,,n/a (document carrier; see the rule elements it carries),no TY2025 resident return form in any selected form scope (form documents present: none); queue row 'done' points at guidance/2026-07-23-ri-pit-adv-2025-22; publisher forms index: state revenue department forms page,Tax year 2025 resident individual income tax return form,yes (2 income-tax files)
us-ri,F02,state,state form instructions and rate schedules,EXTRACTABLE,,,n/a (document carrier; see the rule elements it carries),no TY2025 resident instruction booklet in any selected form scope (form documents present: none); queue row 'done' points at guidance/2026-07-23-ri-pit-adv-2025-22; publisher forms index: state revenue department forms page,"Tax year 2025 resident return instruction booklet (line-by-line rules, worksheets)",yes (2 income-tax files)
us-ri,F03,state,state form instructions and rate schedules,EXTRACTABLE,,,yes (income/rate),no TY2025 rate schedule/tax table/flat-rate body in the selection (form bodies: 0); publisher forms index revenue department forms page,"Tax year 2025 rate schedule, tax table or flat rate with the year's dollar thresholds (as printed)",yes (2 income-tax files)
us-ri,F04,state,state form instructions and rate schedules,EXTRACTABLE,,,"yes (deductions/standard, income/deductions, income/deductions/standard)",no TY2025 instruction body carrying the printed standard deduction/exemption amounts in the selection; publisher forms index revenue department forms page,Tax year 2025 standard deduction and exemption dollar amounts as printed in the instructions,yes (2 income-tax files)
us-ri,F05,state,state form instructions and rate schedules,EXTRACTABLE,,,"yes (credits/eitc, income/credits/eitc)",no TY2025 instruction body carrying the state EITC/child credit parameters in the selection; publisher forms index revenue department forms page,"Tax year 2025 state EITC / child credit parameters as printed in the instructions (percentage of federal, amounts, worksheets)",yes (2 income-tax files)
us-ri,F06,state,state department bulletins,REVIEW,,,yes (income/rate),no 2026-labelled body with amounts in any selected scope and the queue row records no 2026 product; whether the department has posted TY2026 figures (most publish them in the 2026 estimated-tax or withholding instructions) was not verified,"Tax year 2026 indexed amounts (rate schedule, standard deduction, exemptions) as published for the year (estimated-tax instructions or department bulletin)",yes (2 income-tax files)
us-sc,S01,state,state statute,PRESENT,2026-07-24-sc-act110-us-sc-title-12-chapter-6,us-sc/statute/12-6-510,"yes (income/rates, rates)","statute body ('Tax rates for individuals, estates, and trusts for taxable y', 7870 chars): 'ect to the provisions of subsection (B), for taxable years beginning after 1994, a tax is imposed on the South Carolina taxable income of individuals, estates, and trusts and any o'",Imposition of the individual income tax (or the constitutional/statutory bar for the nine no-tax states),yes (2 income-tax files)
us-sc,S02,state conformity,state statute,PRESENT,2026-07-24-sc-act110-us-sc-title-12-chapter-6,us-sc/statute/12-6-40,no,"statute body ('Application of federal Internal Revenue Code to State tax la', 14778 chars): '(A)(1)(a) Except as otherwise provided, ""Internal Revenue Code"" means the Internal Revenue Code of 1986, as amended through December 31, 2024, and includes the effective date provi'",Internal Revenue Code conformity date (static or rolling) as defined in the chapter,yes (2 income-tax files)
us-sc,S03,state,state statute,PRESENT,2026-07-24-sc-act110-us-sc-title-12-chapter-6,us-sc/statute/12-6-30,no,"statute body ('Definitions', 2298 chars): 'other entity subject to the tax imposed by this chapter or required to file a return. (2) ""Resident individual"" means an individual domiciled in this State. A ""nonresident individu'","Resident, nonresident and part-year resident definitions (domicile, statutory residence day count)",yes (2 income-tax files)
us-sc,S04,state conformity,state statute,PRESENT,2026-07-24-sc-act110-us-sc-title-12-chapter-6,us-sc/statute/12-6-4910,"yes (income/rates, rates)","statute body ('Persons, corporations, and other entities required to make t', 3234 chars): 'd by the following: (1)(a) an individual whose filing status is single, surviving spouse, head of household, or married filing separately and whose South Carolina gross income for '","Filing statuses and joint/separate return rules (married joint, separate, head of household, surviving spouse)",yes (2 income-tax files)
us-sc,S05,state conformity,state statute,PRESENT,2026-07-24-sc-act110-us-sc-title-12-chapter-6,us-sc/statute/12-6-1140,no,"statute body ('Deductions from individual taxable income', 16745 chars): 'subject to being reduced by a fraction whereby the numerator is the amount the taxpayer's federal adjusted gross income exceeds forty thousand dollars and the denominator is fifty-'","Starting point: state gross/adjusted gross/taxable income defined from federal AGI, federal taxable income, or own gross income",yes (2 income-tax files)
us-sc,S06,state,state statute,PRESENT,2026-07-24-sc-act110-us-sc-title-12-chapter-6,us-sc/statute/12-6-510,"yes (income/rates, rates)","statute body ('Tax rates for individuals, estates, and trusts for taxable y', 7870 chars): 's with the income brackets indexed in accordance with Section 12-6-520: Not over $2,220 | 2.5 percent of taxable income; Over $2,220 but not over $4,440 | $56 plus 3 percent of the'","Rate schedule: bracket thresholds and marginal rates, or the flat rate (statute)",yes (2 income-tax files)
us-sc,S07,state,state statute,EXTRACTABLE,,,"yes (income/rates, rates)","no selected statute body for this state carries it (selected statute scopes: 2026-07-13-recovery, 2026-07-24-sc-act110-us-sc-title-12-chapter-6; income-tax chapter rows: 159); the state code is posted by the state code publisher (legislature/revisor site; see queue candidate_sources)","Bracket / deduction / exemption indexing rule (inflation adjustment method, base year, rounding)",yes (2 income-tax files)
us-sc,S08,state,state statute,N/A,,,yes (income/deductions),"N/A: the state has no standard deduction of its own (federal taxable income start or exemption-only design) (analyst knowledge, verify)",Standard deduction amount(s) by filing status (statute),yes (2 income-tax files)
us-sc,S09,state conformity,state statute,PRESENT,2026-07-24-sc-act110-us-sc-title-12-chapter-6,us-sc/statute/12-6-1130,yes (income/deductions),"statute body ('Taxable income; computation; modifications', 7441 chars): 'les and use taxes. This modification is limited for individual taxpayers to the excess of itemized deductions over the standard deduction that would be allowed if the taxpayer had '","Itemized deductions: state treatment (federal itemized with modifications, SALT/mortgage limits, own list, or none)",yes (2 income-tax files)
us-sc,S10,state,state statute,N/A,,,yes (income/exemptions),"N/A: no separate personal/dependent exemption or exemption credit (federal taxable income start) (analyst knowledge, verify)",Personal exemption amount or personal exemption credit (taxpayer and spouse),yes (2 income-tax files)
us-sc,S11,state,state statute,N/A,,,yes (income/exemptions),"N/A: no separate personal/dependent exemption or exemption credit (federal taxable income start) (analyst knowledge, verify)",Dependent exemption or dependent credit amount,yes (2 income-tax files)
us-sc,S12,state,state statute,EXTRACTABLE,,,yes (income/exemptions),"no selected statute body for this state carries it (selected statute scopes: 2026-07-13-recovery, 2026-07-24-sc-act110-us-sc-title-12-chapter-6; income-tax chapter rows: 159); the state code is posted by the state code publisher (legislature/revisor site; see queue candidate_sources)",Additional deduction/exemption/credit for age 65 or over and for blindness,yes (2 income-tax files)
us-sc,S13,state,state statute,EXTRACTABLE,,,"yes (additions, income/additions)","no selected statute body for this state carries it (selected statute scopes: 2026-07-13-recovery, 2026-07-24-sc-act110-us-sc-title-12-chapter-6; income-tax chapter rows: 159); the state code is posted by the state code publisher (legislature/revisor site; see queue candidate_sources)",Addition: interest on obligations of other states and their subdivisions,yes (2 income-tax files)
us-sc,S14,state,state statute,PRESENT,2026-07-24-sc-act110-us-sc-title-12-chapter-6,us-sc/statute/12-6-1120,"yes (income/deductions, income/subtractions, subtractions)","statute body ('Gross income; computation; modifications', 4176 chars): 'l Revenue Code Section 103 (Interest on State and Local Bonds) is modified to exempt only interest on obligations of this State or any of its political subdivisions, and to exempt '",Subtraction: interest on United States obligations,yes (2 income-tax files)
us-sc,S15,state,state statute,PRESENT,2026-07-24-sc-act110-us-sc-title-12-chapter-6,us-sc/statute/12-6-1120,"yes (income/subtractions/retirement, retirement, subtractions/retirement)","statute body ('Gross income; computation; modifications', 4176 chars): 'ross-up of Dividends received from Certain Foreign Corporations), 86 (Social Security and Tier 1 Railroad Retirement Benefits), and 87 (Alcohol Fuel Credit). (5) The exclusions per'",Social Security benefits: full exclusion or the partial-taxation rule and its thresholds,yes (2 income-tax files)
us-sc,S16,state,state statute,PRESENT,2026-07-24-sc-act110-us-sc-title-12-chapter-6,us-sc/statute/12-6-1170,"yes (income/subtractions/retirement, retirement, subtractions/retirement)","statute body ('Retirement income deduction from taxable income for individu', 3109 chars): 'e, and local governments, including military retirement. (3) A surviving spouse receiving retirement income that is attributable to the deceased spouse shall apply this deduction i'","Pension and retirement income exclusion (amounts, age conditions, public vs private)",yes (2 income-tax files)
us-sc,S17,state,state statute,PRESENT,2026-07-24-sc-act110-us-sc-title-12-chapter-6,us-sc/statute/12-6-1171,no,"statute body ('Military retirement income deduction; definitions; surviving', 2638 chars): 'ation related to the deceased spouse's military service. (C) A surviving spouse receiving military retirement income that is attributable to the deceased spouse shall apply this de'",Military pay and military retirement subtraction,yes (2 income-tax files)
us-sc,S18,state,state statute,PRESENT,2026-07-24-sc-act110-us-sc-title-12-chapter-6,us-sc/statute/12-6-1150,no,"statute body ('Net capital gain; deduction from taxable income for individu', 903 chars): '(A) Individuals, estates, and trusts are allowed a deduction from South Carolina taxable income equal to forty-four percent of net capital gain recognized in this State during a ta'","Capital gains: exclusion, deduction, or separate rate (where the state departs from ordinary treatment)",yes (2 income-tax files)
us-sc,S19,state,state statute,PRESENT,2026-07-24-sc-act110-us-sc-title-12-chapter-6,us-sc/statute/12-6-3632,"yes (credits/eitc, income/credits/eitc)","statute body ('Earned income tax credit', 1038 chars): 'ent individual taxpayer an amount equal to one hundred twenty-five percent of the federal earned income tax credit (EITC) allowed the taxpayer pursuant to Internal Revenue Code Sec'","State EITC: percentage of the federal credit or own schedule, and refundability",yes (2 income-tax files)
us-sc,S20,state,state statute,PRESENT,2026-07-24-sc-act110-us-sc-title-12-chapter-6,us-sc/statute/12-6-3632,"yes (credits/eitc, income/credits/eitc)","eligibility read from the EITC section; no deviation text (ITIN/age/childless) matched, so the state appears to follow federal eligibility (verify)","State EITC deviations from federal eligibility (ITIN filers, age 18-24, childless amount, non-custodial), read from the EITC section",yes (2 income-tax files)
us-sc,S21,state,state statute,N/A,,,no,"N/A: no state child credit/child deduction in TY2025 law (analyst knowledge, verify)",State child tax credit / dependent credit / young child credit amount,yes (2 income-tax files)
us-sc,S22,state,state statute,N/A,,,no,"N/A: no state child credit/child deduction in TY2025 law (analyst knowledge, verify)",State child credit phase-out / income limit and refundability,yes (2 income-tax files)
us-sc,S23,state,state statute,EXTRACTABLE,,,"yes (credits/cdcc, income/credits/cdcc)","no selected statute body for this state carries it (selected statute scopes: 2026-07-13-recovery, 2026-07-24-sc-act110-us-sc-title-12-chapter-6; income-tax chapter rows: 159); the state code is posted by the state code publisher (legislature/revisor site; see queue candidate_sources)",Child and dependent care credit: percentage of the federal credit or own schedule,yes (2 income-tax files)
us-sc,S24,state,state statute,PRESENT,2026-07-24-sc-act110-us-sc-title-12-chapter-6,us-sc/statute/12-6-3400,no,"statute body ('Credit for income tax paid by South Carolina resident to ano', 1939 chars): '(A)(1) Resident individuals are allowed a credit against the taxes imposed by this chapter for income taxes paid to another state on income from sources within that state which is '","Credit for income taxes paid to other states (resident credit, limitation)",yes (2 income-tax files)
us-sc,S25,state,state statute,N/A,,,"yes (credits, income/credits)","N/A: no low-income credit/no-tax floor (analyst knowledge, verify)","Low-income credit, no-tax floor, or low-income exclusion (poverty-level relief)",yes (2 income-tax files)
us-sc,S26,state,state statute,EXTRACTABLE,,,no,"no selected statute body for this state carries it (selected statute scopes: 2026-07-13-recovery, 2026-07-24-sc-act110-us-sc-title-12-chapter-6; income-tax chapter rows: 159); the state code is posted by the state code publisher (legislature/revisor site; see queue candidate_sources)","Property tax circuit breaker, renter or homestead credit claimed on the income tax return",yes (2 income-tax files)
us-sc,S27,state,state statute,PRESENT,2026-07-24-sc-act110-us-sc-title-12-chapter-6,us-sc/statute/12-6-3385,"yes (credits, income/credits)","statute body ('Income tax credit for tuition; definitions', 7063 chars): 'Armed Forces to verify the dates of active duty military service. (c) An extension of the credit period may be granted due to medical necessity as defined by the Commission on High'","Other personal credits enumerated in the credits article (education, adoption, charitable, long-term care, elderly, volunteer, etc.)",yes (2 income-tax files)
us-sc,S28,state,state statute,N/A,,,no,"N/A: no state AMT (analyst knowledge, verify)","State alternative minimum tax (rate, exemption, AMTI base) where enacted",yes (2 income-tax files)
us-sc,S29,state,state statute or bulletin,N/A,,,no,"N/A: no surtax or special individual income tax (analyst knowledge, verify)","Surtax or special individual tax (millionaire surtax, mental health tax, capital gains excise, interest and dividends tax, high-earner tax) where enacted, incl. the year's threshold",yes (2 income-tax files)
us-sc,S30,state,state statute,PRESENT,2026-07-24-sc-act110-us-sc-title-12-chapter-6,us-sc/statute/12-6-1720,no,"statute body ('Taxable income of nonresident individual, trust, estate, or ', 3975 chars): 'A nonresident individual, a nonresident trust, a nonresident estate, and a nonresident beneficiary shall report and compute South Carolina taxable income as a resident taxpayer of '","Nonresident and part-year resident sourcing and apportionment (income from sources within the state, proration)",yes (2 income-tax files)
us-sc,S31,state,state statute,EXTRACTABLE,,,no,"no selected statute body for this state carries it (selected statute scopes: 2026-07-13-recovery, 2026-07-24-sc-act110-us-sc-title-12-chapter-6; income-tax chapter rows: 159); the state code is posted by the state code publisher (legislature/revisor site; see queue candidate_sources)",Employer withholding requirement and withholding tables/formula,yes (2 income-tax files)
us-sc,S32,state,state statute,EXTRACTABLE,,,no,"no selected statute body for this state carries it (selected statute scopes: 2026-07-13-recovery, 2026-07-24-sc-act110-us-sc-title-12-chapter-6; income-tax chapter rows: 159); the state code is posted by the state code publisher (legislature/revisor site; see queue candidate_sources)","Individual estimated tax requirement, safe harbor and underpayment interest",yes (2 income-tax files)
us-sc,S33,state,state statute,PRESENT,2026-07-24-sc-act110-us-sc-title-12-chapter-6,us-sc/statute/12-6-40,no,"statute body ('Application of federal Internal Revenue Code to State tax la', 14778 chars): 'payers of the amendments contained within this act, especially those, if any, that impact filing requirements or determination of taxable income. ""SECTION 8. By January 15, 2025, t'","Filing threshold: who must file a return (income floor, exemption-based, gross income test)",yes (2 income-tax files)
us-sc,S34,state,state statute,PRESENT,2026-07-24-sc-act110-us-sc-title-12-chapter-6,us-sc/statute/12-6-3910,no,"statute body ('Estimated tax payments form; due dates; treatment of excess ', 2979 chars): 'llment payments for calendar year taxpayers other than corporations are: First quarter: | April 15 Second quarter: | June 15 Third quarter: | September 15 Fourth quarter: | January'","Return due date, extensions, joint return liability and innocent spouse",yes (2 income-tax files)
us-sc,S35,state,state statute,N/A,,,no,"N/A: no local income tax authorized by the state code (analyst knowledge, verify)","Local income taxes (county, municipal, school district, city) authorized or imposed by the state code, where they exist",yes (2 income-tax files)
us-sc,R01,state,state regulation,EXTRACTABLE,,,n/a (document carrier; see the rule elements it carries),no selected regulation scope for this state is a revenue-department income tax regulation (the selected regulation scopes are benefit-program rules); the administrative code chapter is posted by the state's code publisher,State income tax regulations: the revenue department's administrative code chapter on the individual income tax,yes (2 income-tax files)
us-sc,F01,state,state form instructions and rate schedules,EXTRACTABLE,,,n/a (document carrier; see the rule elements it carries),no TY2025 resident return form in any selected form scope (form documents present: none); queue row 'done' points at None/None; publisher forms index: state revenue department forms page,Tax year 2025 resident individual income tax return form,yes (2 income-tax files)
us-sc,F02,state,state form instructions and rate schedules,EXTRACTABLE,,,n/a (document carrier; see the rule elements it carries),no TY2025 resident instruction booklet in any selected form scope (form documents present: none); queue row 'done' points at None/None; publisher forms index: state revenue department forms page,"Tax year 2025 resident return instruction booklet (line-by-line rules, worksheets)",yes (2 income-tax files)
us-sc,F03,state,state form instructions and rate schedules,EXTRACTABLE,,,"yes (income/rates, rates)",no TY2025 rate schedule/tax table/flat-rate body in the selection (form bodies: 0); publisher forms index revenue department forms page,"Tax year 2025 rate schedule, tax table or flat rate with the year's dollar thresholds (as printed)",yes (2 income-tax files)
us-sc,F04,state,state form instructions and rate schedules,N/A,,,yes (income/deductions),N/A: neither a standard deduction nor an exemption amount exists (federal taxable income start),Tax year 2025 standard deduction and exemption dollar amounts as printed in the instructions,yes (2 income-tax files)
us-sc,F05,state,state form instructions and rate schedules,EXTRACTABLE,,,"yes (credits/eitc, income/credits/eitc)",no TY2025 instruction body carrying the state EITC/child credit parameters in the selection; publisher forms index revenue department forms page,"Tax year 2025 state EITC / child credit parameters as printed in the instructions (percentage of federal, amounts, worksheets)",yes (2 income-tax files)
us-sc,F06,state,state department bulletins,REVIEW,,,"yes (income/rates, rates)",no 2026-labelled body with amounts in any selected scope and the queue row records no 2026 product; whether the department has posted TY2026 figures (most publish them in the 2026 estimated-tax or withholding instructions) was not verified,"Tax year 2026 indexed amounts (rate schedule, standard deduction, exemptions) as published for the year (estimated-tax instructions or department bulletin)",yes (2 income-tax files)
us-sd,S01,state,state statute,PRESENT,2026-07-24-sd-personal-income-tax-zero-liability,us-sd/guidance/revenue/2026/sales-and-use-tax-guide/document-1,no,"guidance body ('South Dakota January 2026 Sales and Use Tax Guide 1', 47544 chars): 'partment of Revenue • Sales and Use Tax Guide • January 2026 • 3 Tax Basics South Dakota does not have a corporate, unitary, or personal income tax; however, businesses may be subj'",Imposition of the individual income tax (or the constitutional/statutory bar for the nine no-tax states),yes (1 income-tax files)
us-sd,S02,state conformity,state statute,N/A,,,no,N/A: no broad-based individual income tax; the rule does not exist in this jurisdiction,Internal Revenue Code conformity date (static or rolling) as defined in the chapter,yes (1 income-tax files)
us-sd,S03,state,state statute,N/A,,,no,N/A: no broad-based individual income tax; the rule does not exist in this jurisdiction,"Resident, nonresident and part-year resident definitions (domicile, statutory residence day count)",yes (1 income-tax files)
us-sd,S04,state conformity,state statute,N/A,,,no,N/A: no broad-based individual income tax; the rule does not exist in this jurisdiction,"Filing statuses and joint/separate return rules (married joint, separate, head of household, surviving spouse)",yes (1 income-tax files)
us-sd,S05,state conformity,state statute,N/A,,,no,N/A: no broad-based individual income tax; the rule does not exist in this jurisdiction,"Starting point: state gross/adjusted gross/taxable income defined from federal AGI, federal taxable income, or own gross income",yes (1 income-tax files)
us-sd,S06,state,state statute,N/A,,,no,N/A: no broad-based individual income tax; the rule does not exist in this jurisdiction,"Rate schedule: bracket thresholds and marginal rates, or the flat rate (statute)",yes (1 income-tax files)
us-sd,S07,state,state statute,N/A,,,no,N/A: no broad-based individual income tax; the rule does not exist in this jurisdiction,"Bracket / deduction / exemption indexing rule (inflation adjustment method, base year, rounding)",yes (1 income-tax files)
us-sd,S08,state,state statute,N/A,,,no,N/A: no broad-based individual income tax; the rule does not exist in this jurisdiction,Standard deduction amount(s) by filing status (statute),yes (1 income-tax files)
us-sd,S09,state conformity,state statute,N/A,,,no,N/A: no broad-based individual income tax; the rule does not exist in this jurisdiction,"Itemized deductions: state treatment (federal itemized with modifications, SALT/mortgage limits, own list, or none)",yes (1 income-tax files)
us-sd,S10,state,state statute,N/A,,,no,N/A: no broad-based individual income tax; the rule does not exist in this jurisdiction,Personal exemption amount or personal exemption credit (taxpayer and spouse),yes (1 income-tax files)
us-sd,S11,state,state statute,N/A,,,no,N/A: no broad-based individual income tax; the rule does not exist in this jurisdiction,Dependent exemption or dependent credit amount,yes (1 income-tax files)
us-sd,S12,state,state statute,N/A,,,no,N/A: no broad-based individual income tax; the rule does not exist in this jurisdiction,Additional deduction/exemption/credit for age 65 or over and for blindness,yes (1 income-tax files)
us-sd,S13,state,state statute,N/A,,,no,N/A: no broad-based individual income tax; the rule does not exist in this jurisdiction,Addition: interest on obligations of other states and their subdivisions,yes (1 income-tax files)
us-sd,S14,state,state statute,N/A,,,no,N/A: no broad-based individual income tax; the rule does not exist in this jurisdiction,Subtraction: interest on United States obligations,yes (1 income-tax files)
us-sd,S15,state,state statute,N/A,,,no,N/A: no broad-based individual income tax; the rule does not exist in this jurisdiction,Social Security benefits: full exclusion or the partial-taxation rule and its thresholds,yes (1 income-tax files)
us-sd,S16,state,state statute,N/A,,,no,N/A: no broad-based individual income tax; the rule does not exist in this jurisdiction,"Pension and retirement income exclusion (amounts, age conditions, public vs private)",yes (1 income-tax files)
us-sd,S17,state,state statute,N/A,,,no,N/A: no broad-based individual income tax; the rule does not exist in this jurisdiction,Military pay and military retirement subtraction,yes (1 income-tax files)
us-sd,S18,state,state statute,N/A,,,no,"N/A: capital gains taxed as ordinary income with no state exclusion (analyst knowledge, verify)","Capital gains: exclusion, deduction, or separate rate (where the state departs from ordinary treatment)",yes (1 income-tax files)
us-sd,S19,state,state statute,N/A,,,no,"N/A: no state EITC in TY2025 law (analyst knowledge, verify)","State EITC: percentage of the federal credit or own schedule, and refundability",yes (1 income-tax files)
us-sd,S20,state,state statute,N/A,,,no,"N/A: no state EITC in TY2025 law (analyst knowledge, verify)","State EITC deviations from federal eligibility (ITIN filers, age 18-24, childless amount, non-custodial), read from the EITC section",yes (1 income-tax files)
us-sd,S21,state,state statute,N/A,,,no,N/A: no broad-based individual income tax; the rule does not exist in this jurisdiction,State child tax credit / dependent credit / young child credit amount,yes (1 income-tax files)
us-sd,S22,state,state statute,N/A,,,no,N/A: no broad-based individual income tax; the rule does not exist in this jurisdiction,State child credit phase-out / income limit and refundability,yes (1 income-tax files)
us-sd,S23,state,state statute,N/A,,,no,N/A: no broad-based individual income tax; the rule does not exist in this jurisdiction,Child and dependent care credit: percentage of the federal credit or own schedule,yes (1 income-tax files)
us-sd,S24,state,state statute,N/A,,,no,N/A: no broad-based individual income tax; the rule does not exist in this jurisdiction,"Credit for income taxes paid to other states (resident credit, limitation)",yes (1 income-tax files)
us-sd,S25,state,state statute,N/A,,,no,N/A: no broad-based individual income tax; the rule does not exist in this jurisdiction,"Low-income credit, no-tax floor, or low-income exclusion (poverty-level relief)",yes (1 income-tax files)
us-sd,S26,state,state statute,N/A,,,no,N/A: no broad-based individual income tax; the rule does not exist in this jurisdiction,"Property tax circuit breaker, renter or homestead credit claimed on the income tax return",yes (1 income-tax files)
us-sd,S27,state,state statute,N/A,,,no,N/A: no broad-based individual income tax; the rule does not exist in this jurisdiction,"Other personal credits enumerated in the credits article (education, adoption, charitable, long-term care, elderly, volunteer, etc.)",yes (1 income-tax files)
us-sd,S28,state,state statute,N/A,,,no,N/A: no broad-based individual income tax; the rule does not exist in this jurisdiction,"State alternative minimum tax (rate, exemption, AMTI base) where enacted",yes (1 income-tax files)
us-sd,S29,state,state statute or bulletin,N/A,,,no,"N/A: no surtax or special individual income tax (analyst knowledge, verify)","Surtax or special individual tax (millionaire surtax, mental health tax, capital gains excise, interest and dividends tax, high-earner tax) where enacted, incl. the year's threshold",yes (1 income-tax files)
us-sd,S30,state,state statute,N/A,,,no,N/A: no broad-based individual income tax; the rule does not exist in this jurisdiction,"Nonresident and part-year resident sourcing and apportionment (income from sources within the state, proration)",yes (1 income-tax files)
us-sd,S31,state,state statute,N/A,,,no,N/A: no broad-based individual income tax; the rule does not exist in this jurisdiction,Employer withholding requirement and withholding tables/formula,yes (1 income-tax files)
us-sd,S32,state,state statute,N/A,,,no,N/A: no broad-based individual income tax; the rule does not exist in this jurisdiction,"Individual estimated tax requirement, safe harbor and underpayment interest",yes (1 income-tax files)
us-sd,S33,state,state statute,N/A,,,no,N/A: no broad-based individual income tax; the rule does not exist in this jurisdiction,"Filing threshold: who must file a return (income floor, exemption-based, gross income test)",yes (1 income-tax files)
us-sd,S34,state,state statute,N/A,,,no,N/A: no broad-based individual income tax; the rule does not exist in this jurisdiction,"Return due date, extensions, joint return liability and innocent spouse",yes (1 income-tax files)
us-sd,S35,state,state statute,N/A,,,no,N/A: no broad-based individual income tax; the rule does not exist in this jurisdiction,"Local income taxes (county, municipal, school district, city) authorized or imposed by the state code, where they exist",yes (1 income-tax files)
us-sd,R01,state,state regulation,N/A,,,n/a (document carrier; see the rule elements it carries),N/A: no broad-based individual income tax; the rule does not exist in this jurisdiction,State income tax regulations: the revenue department's administrative code chapter on the individual income tax,yes (1 income-tax files)
us-sd,F01,state,state form instructions and rate schedules,N/A,,,n/a (document carrier; see the rule elements it carries),N/A: no resident individual income tax return exists (no broad-based income tax),Tax year 2025 resident individual income tax return form,yes (1 income-tax files)
us-sd,F02,state,state form instructions and rate schedules,N/A,,,n/a (document carrier; see the rule elements it carries),N/A: no resident individual income tax return exists (no broad-based income tax),"Tax year 2025 resident return instruction booklet (line-by-line rules, worksheets)",yes (1 income-tax files)
us-sd,F03,state,state form instructions and rate schedules,N/A,,,no,N/A: no broad-based individual income tax; the rule does not exist in this jurisdiction,"Tax year 2025 rate schedule, tax table or flat rate with the year's dollar thresholds (as printed)",yes (1 income-tax files)
us-sd,F04,state,state form instructions and rate schedules,N/A,,,no,N/A: no broad-based individual income tax; the rule does not exist in this jurisdiction,Tax year 2025 standard deduction and exemption dollar amounts as printed in the instructions,yes (1 income-tax files)
us-sd,F05,state,state form instructions and rate schedules,N/A,,,no,"N/A: no state EITC or child credit in TY2025 law (analyst knowledge, verify)","Tax year 2025 state EITC / child credit parameters as printed in the instructions (percentage of federal, amounts, worksheets)",yes (1 income-tax files)
us-sd,F06,state,state department bulletins,N/A,,,no,N/A: no broad-based individual income tax; the rule does not exist in this jurisdiction,"Tax year 2026 indexed amounts (rate schedule, standard deduction, exemptions) as published for the year (estimated-tax instructions or department bulletin)",yes (1 income-tax files)
us-tn,S01,state,state statute,PRESENT,2026-07-24-tn-individual-income-tax-zero-liability-guidance,us-tn/guidance/revenue/hall-income-tax/block-1,no,"guidance body ('Overview', 429 chars): 'The Hall income tax is imposed only on individuals and other entities receiving interest from bonds and notes and divide'",Imposition of the individual income tax (or the constitutional/statutory bar for the nine no-tax states),yes (1 income-tax files)
us-tn,S02,state conformity,state statute,N/A,,,no,N/A: no broad-based individual income tax; the rule does not exist in this jurisdiction,Internal Revenue Code conformity date (static or rolling) as defined in the chapter,yes (1 income-tax files)
us-tn,S03,state,state statute,N/A,,,no,N/A: no broad-based individual income tax; the rule does not exist in this jurisdiction,"Resident, nonresident and part-year resident definitions (domicile, statutory residence day count)",yes (1 income-tax files)
us-tn,S04,state conformity,state statute,N/A,,,no,N/A: no broad-based individual income tax; the rule does not exist in this jurisdiction,"Filing statuses and joint/separate return rules (married joint, separate, head of household, surviving spouse)",yes (1 income-tax files)
us-tn,S05,state conformity,state statute,N/A,,,no,N/A: no broad-based individual income tax; the rule does not exist in this jurisdiction,"Starting point: state gross/adjusted gross/taxable income defined from federal AGI, federal taxable income, or own gross income",yes (1 income-tax files)
us-tn,S06,state,state statute,N/A,,,no,N/A: no broad-based individual income tax; the rule does not exist in this jurisdiction,"Rate schedule: bracket thresholds and marginal rates, or the flat rate (statute)",yes (1 income-tax files)
us-tn,S07,state,state statute,N/A,,,no,N/A: no broad-based individual income tax; the rule does not exist in this jurisdiction,"Bracket / deduction / exemption indexing rule (inflation adjustment method, base year, rounding)",yes (1 income-tax files)
us-tn,S08,state,state statute,N/A,,,no,N/A: no broad-based individual income tax; the rule does not exist in this jurisdiction,Standard deduction amount(s) by filing status (statute),yes (1 income-tax files)
us-tn,S09,state conformity,state statute,N/A,,,no,N/A: no broad-based individual income tax; the rule does not exist in this jurisdiction,"Itemized deductions: state treatment (federal itemized with modifications, SALT/mortgage limits, own list, or none)",yes (1 income-tax files)
us-tn,S10,state,state statute,N/A,,,no,N/A: no broad-based individual income tax; the rule does not exist in this jurisdiction,Personal exemption amount or personal exemption credit (taxpayer and spouse),yes (1 income-tax files)
us-tn,S11,state,state statute,N/A,,,no,N/A: no broad-based individual income tax; the rule does not exist in this jurisdiction,Dependent exemption or dependent credit amount,yes (1 income-tax files)
us-tn,S12,state,state statute,N/A,,,no,N/A: no broad-based individual income tax; the rule does not exist in this jurisdiction,Additional deduction/exemption/credit for age 65 or over and for blindness,yes (1 income-tax files)
us-tn,S13,state,state statute,N/A,,,no,N/A: no broad-based individual income tax; the rule does not exist in this jurisdiction,Addition: interest on obligations of other states and their subdivisions,yes (1 income-tax files)
us-tn,S14,state,state statute,N/A,,,no,N/A: no broad-based individual income tax; the rule does not exist in this jurisdiction,Subtraction: interest on United States obligations,yes (1 income-tax files)
us-tn,S15,state,state statute,N/A,,,no,N/A: no broad-based individual income tax; the rule does not exist in this jurisdiction,Social Security benefits: full exclusion or the partial-taxation rule and its thresholds,yes (1 income-tax files)
us-tn,S16,state,state statute,N/A,,,no,N/A: no broad-based individual income tax; the rule does not exist in this jurisdiction,"Pension and retirement income exclusion (amounts, age conditions, public vs private)",yes (1 income-tax files)
us-tn,S17,state,state statute,N/A,,,no,N/A: no broad-based individual income tax; the rule does not exist in this jurisdiction,Military pay and military retirement subtraction,yes (1 income-tax files)
us-tn,S18,state,state statute,N/A,,,no,"N/A: capital gains taxed as ordinary income with no state exclusion (analyst knowledge, verify)","Capital gains: exclusion, deduction, or separate rate (where the state departs from ordinary treatment)",yes (1 income-tax files)
us-tn,S19,state,state statute,N/A,,,no,"N/A: no state EITC in TY2025 law (analyst knowledge, verify)","State EITC: percentage of the federal credit or own schedule, and refundability",yes (1 income-tax files)
us-tn,S20,state,state statute,N/A,,,no,"N/A: no state EITC in TY2025 law (analyst knowledge, verify)","State EITC deviations from federal eligibility (ITIN filers, age 18-24, childless amount, non-custodial), read from the EITC section",yes (1 income-tax files)
us-tn,S21,state,state statute,N/A,,,no,N/A: no broad-based individual income tax; the rule does not exist in this jurisdiction,State child tax credit / dependent credit / young child credit amount,yes (1 income-tax files)
us-tn,S22,state,state statute,N/A,,,no,N/A: no broad-based individual income tax; the rule does not exist in this jurisdiction,State child credit phase-out / income limit and refundability,yes (1 income-tax files)
us-tn,S23,state,state statute,N/A,,,no,N/A: no broad-based individual income tax; the rule does not exist in this jurisdiction,Child and dependent care credit: percentage of the federal credit or own schedule,yes (1 income-tax files)
us-tn,S24,state,state statute,N/A,,,no,N/A: no broad-based individual income tax; the rule does not exist in this jurisdiction,"Credit for income taxes paid to other states (resident credit, limitation)",yes (1 income-tax files)
us-tn,S25,state,state statute,N/A,,,no,N/A: no broad-based individual income tax; the rule does not exist in this jurisdiction,"Low-income credit, no-tax floor, or low-income exclusion (poverty-level relief)",yes (1 income-tax files)
us-tn,S26,state,state statute,N/A,,,no,N/A: no broad-based individual income tax; the rule does not exist in this jurisdiction,"Property tax circuit breaker, renter or homestead credit claimed on the income tax return",yes (1 income-tax files)
us-tn,S27,state,state statute,N/A,,,no,N/A: no broad-based individual income tax; the rule does not exist in this jurisdiction,"Other personal credits enumerated in the credits article (education, adoption, charitable, long-term care, elderly, volunteer, etc.)",yes (1 income-tax files)
us-tn,S28,state,state statute,N/A,,,no,N/A: no broad-based individual income tax; the rule does not exist in this jurisdiction,"State alternative minimum tax (rate, exemption, AMTI base) where enacted",yes (1 income-tax files)
us-tn,S29,state,state statute or bulletin,PRESENT,2026-07-24-tn-individual-income-tax-zero-liability-guidance,us-tn/guidance/revenue/hall-income-tax/block-1,no,"guidance body ('Overview', 429 chars): 'originally called the Hall income tax for the senator who sponsored the legislation. The Hall Income tax was repealed for tax periods that begin on January 1, 2021 , or later. Plea'","Surtax or special individual tax (millionaire surtax, mental health tax, capital gains excise, interest and dividends tax, high-earner tax) where enacted, incl. the year's threshold",yes (1 income-tax files)
us-tn,S30,state,state statute,N/A,,,no,N/A: no broad-based individual income tax; the rule does not exist in this jurisdiction,"Nonresident and part-year resident sourcing and apportionment (income from sources within the state, proration)",yes (1 income-tax files)
us-tn,S31,state,state statute,N/A,,,no,N/A: no broad-based individual income tax; the rule does not exist in this jurisdiction,Employer withholding requirement and withholding tables/formula,yes (1 income-tax files)
us-tn,S32,state,state statute,N/A,,,no,N/A: no broad-based individual income tax; the rule does not exist in this jurisdiction,"Individual estimated tax requirement, safe harbor and underpayment interest",yes (1 income-tax files)
us-tn,S33,state,state statute,N/A,,,no,N/A: no broad-based individual income tax; the rule does not exist in this jurisdiction,"Filing threshold: who must file a return (income floor, exemption-based, gross income test)",yes (1 income-tax files)
us-tn,S34,state,state statute,N/A,,,no,N/A: no broad-based individual income tax; the rule does not exist in this jurisdiction,"Return due date, extensions, joint return liability and innocent spouse",yes (1 income-tax files)
us-tn,S35,state,state statute,N/A,,,no,N/A: no broad-based individual income tax; the rule does not exist in this jurisdiction,"Local income taxes (county, municipal, school district, city) authorized or imposed by the state code, where they exist",yes (1 income-tax files)
us-tn,R01,state,state regulation,N/A,,,n/a (document carrier; see the rule elements it carries),N/A: no broad-based individual income tax; the rule does not exist in this jurisdiction,State income tax regulations: the revenue department's administrative code chapter on the individual income tax,yes (1 income-tax files)
us-tn,F01,state,state form instructions and rate schedules,N/A,,,n/a (document carrier; see the rule elements it carries),N/A: no resident individual income tax return exists (no broad-based income tax),Tax year 2025 resident individual income tax return form,yes (1 income-tax files)
us-tn,F02,state,state form instructions and rate schedules,N/A,,,n/a (document carrier; see the rule elements it carries),N/A: no resident individual income tax return exists (no broad-based income tax),"Tax year 2025 resident return instruction booklet (line-by-line rules, worksheets)",yes (1 income-tax files)
us-tn,F03,state,state form instructions and rate schedules,N/A,,,no,N/A: no broad-based individual income tax; the rule does not exist in this jurisdiction,"Tax year 2025 rate schedule, tax table or flat rate with the year's dollar thresholds (as printed)",yes (1 income-tax files)
us-tn,F04,state,state form instructions and rate schedules,N/A,,,no,N/A: no broad-based individual income tax; the rule does not exist in this jurisdiction,Tax year 2025 standard deduction and exemption dollar amounts as printed in the instructions,yes (1 income-tax files)
us-tn,F05,state,state form instructions and rate schedules,N/A,,,no,"N/A: no state EITC or child credit in TY2025 law (analyst knowledge, verify)","Tax year 2025 state EITC / child credit parameters as printed in the instructions (percentage of federal, amounts, worksheets)",yes (1 income-tax files)
us-tn,F06,state,state department bulletins,N/A,,,no,N/A: no broad-based individual income tax; the rule does not exist in this jurisdiction,"Tax year 2026 indexed amounts (rate schedule, standard deduction, exemptions) as published for the year (estimated-tax instructions or department bulletin)",yes (1 income-tax files)
us-tx,S01,state,state statute,EXTRACTABLE,,,no,"the queue row is 'done' pointing at statute/2026-07-24-tx-individual-income-tax-prohibition, which exists on disk but is not in the 2026-09-11 union selector; no selected scope carries it; the fix is a selector change, not a fetch",Imposition of the individual income tax (or the constitutional/statutory bar for the nine no-tax states),no
us-tx,S02,state conformity,state statute,N/A,,,no,N/A: no broad-based individual income tax; the rule does not exist in this jurisdiction,Internal Revenue Code conformity date (static or rolling) as defined in the chapter,no
us-tx,S03,state,state statute,N/A,,,no,N/A: no broad-based individual income tax; the rule does not exist in this jurisdiction,"Resident, nonresident and part-year resident definitions (domicile, statutory residence day count)",no
us-tx,S04,state conformity,state statute,N/A,,,no,N/A: no broad-based individual income tax; the rule does not exist in this jurisdiction,"Filing statuses and joint/separate return rules (married joint, separate, head of household, surviving spouse)",no
us-tx,S05,state conformity,state statute,N/A,,,no,N/A: no broad-based individual income tax; the rule does not exist in this jurisdiction,"Starting point: state gross/adjusted gross/taxable income defined from federal AGI, federal taxable income, or own gross income",no
us-tx,S06,state,state statute,N/A,,,no,N/A: no broad-based individual income tax; the rule does not exist in this jurisdiction,"Rate schedule: bracket thresholds and marginal rates, or the flat rate (statute)",no
us-tx,S07,state,state statute,N/A,,,no,N/A: no broad-based individual income tax; the rule does not exist in this jurisdiction,"Bracket / deduction / exemption indexing rule (inflation adjustment method, base year, rounding)",no
us-tx,S08,state,state statute,N/A,,,no,N/A: no broad-based individual income tax; the rule does not exist in this jurisdiction,Standard deduction amount(s) by filing status (statute),no
us-tx,S09,state conformity,state statute,N/A,,,no,N/A: no broad-based individual income tax; the rule does not exist in this jurisdiction,"Itemized deductions: state treatment (federal itemized with modifications, SALT/mortgage limits, own list, or none)",no
us-tx,S10,state,state statute,N/A,,,no,N/A: no broad-based individual income tax; the rule does not exist in this jurisdiction,Personal exemption amount or personal exemption credit (taxpayer and spouse),no
us-tx,S11,state,state statute,N/A,,,no,N/A: no broad-based individual income tax; the rule does not exist in this jurisdiction,Dependent exemption or dependent credit amount,no
us-tx,S12,state,state statute,N/A,,,no,N/A: no broad-based individual income tax; the rule does not exist in this jurisdiction,Additional deduction/exemption/credit for age 65 or over and for blindness,no
us-tx,S13,state,state statute,N/A,,,no,N/A: no broad-based individual income tax; the rule does not exist in this jurisdiction,Addition: interest on obligations of other states and their subdivisions,no
us-tx,S14,state,state statute,N/A,,,no,N/A: no broad-based individual income tax; the rule does not exist in this jurisdiction,Subtraction: interest on United States obligations,no
us-tx,S15,state,state statute,N/A,,,no,N/A: no broad-based individual income tax; the rule does not exist in this jurisdiction,Social Security benefits: full exclusion or the partial-taxation rule and its thresholds,no
us-tx,S16,state,state statute,N/A,,,no,N/A: no broad-based individual income tax; the rule does not exist in this jurisdiction,"Pension and retirement income exclusion (amounts, age conditions, public vs private)",no
us-tx,S17,state,state statute,N/A,,,no,N/A: no broad-based individual income tax; the rule does not exist in this jurisdiction,Military pay and military retirement subtraction,no
us-tx,S18,state,state statute,N/A,,,no,"N/A: capital gains taxed as ordinary income with no state exclusion (analyst knowledge, verify)","Capital gains: exclusion, deduction, or separate rate (where the state departs from ordinary treatment)",no
us-tx,S19,state,state statute,N/A,,,no,"N/A: no state EITC in TY2025 law (analyst knowledge, verify)","State EITC: percentage of the federal credit or own schedule, and refundability",no
us-tx,S20,state,state statute,N/A,,,no,"N/A: no state EITC in TY2025 law (analyst knowledge, verify)","State EITC deviations from federal eligibility (ITIN filers, age 18-24, childless amount, non-custodial), read from the EITC section",no
us-tx,S21,state,state statute,N/A,,,no,N/A: no broad-based individual income tax; the rule does not exist in this jurisdiction,State child tax credit / dependent credit / young child credit amount,no
us-tx,S22,state,state statute,N/A,,,no,N/A: no broad-based individual income tax; the rule does not exist in this jurisdiction,State child credit phase-out / income limit and refundability,no
us-tx,S23,state,state statute,N/A,,,no,N/A: no broad-based individual income tax; the rule does not exist in this jurisdiction,Child and dependent care credit: percentage of the federal credit or own schedule,no
us-tx,S24,state,state statute,N/A,,,no,N/A: no broad-based individual income tax; the rule does not exist in this jurisdiction,"Credit for income taxes paid to other states (resident credit, limitation)",no
us-tx,S25,state,state statute,N/A,,,no,N/A: no broad-based individual income tax; the rule does not exist in this jurisdiction,"Low-income credit, no-tax floor, or low-income exclusion (poverty-level relief)",no
us-tx,S26,state,state statute,N/A,,,no,N/A: no broad-based individual income tax; the rule does not exist in this jurisdiction,"Property tax circuit breaker, renter or homestead credit claimed on the income tax return",no
us-tx,S27,state,state statute,N/A,,,no,N/A: no broad-based individual income tax; the rule does not exist in this jurisdiction,"Other personal credits enumerated in the credits article (education, adoption, charitable, long-term care, elderly, volunteer, etc.)",no
us-tx,S28,state,state statute,N/A,,,no,N/A: no broad-based individual income tax; the rule does not exist in this jurisdiction,"State alternative minimum tax (rate, exemption, AMTI base) where enacted",no
us-tx,S29,state,state statute or bulletin,N/A,,,no,"N/A: no surtax or special individual income tax (analyst knowledge, verify)","Surtax or special individual tax (millionaire surtax, mental health tax, capital gains excise, interest and dividends tax, high-earner tax) where enacted, incl. the year's threshold",no
us-tx,S30,state,state statute,N/A,,,no,N/A: no broad-based individual income tax; the rule does not exist in this jurisdiction,"Nonresident and part-year resident sourcing and apportionment (income from sources within the state, proration)",no
us-tx,S31,state,state statute,N/A,,,no,N/A: no broad-based individual income tax; the rule does not exist in this jurisdiction,Employer withholding requirement and withholding tables/formula,no
us-tx,S32,state,state statute,N/A,,,no,N/A: no broad-based individual income tax; the rule does not exist in this jurisdiction,"Individual estimated tax requirement, safe harbor and underpayment interest",no
us-tx,S33,state,state statute,N/A,,,no,N/A: no broad-based individual income tax; the rule does not exist in this jurisdiction,"Filing threshold: who must file a return (income floor, exemption-based, gross income test)",no
us-tx,S34,state,state statute,N/A,,,no,N/A: no broad-based individual income tax; the rule does not exist in this jurisdiction,"Return due date, extensions, joint return liability and innocent spouse",no
us-tx,S35,state,state statute,N/A,,,no,N/A: no broad-based individual income tax; the rule does not exist in this jurisdiction,"Local income taxes (county, municipal, school district, city) authorized or imposed by the state code, where they exist",no
us-tx,R01,state,state regulation,N/A,,,n/a (document carrier; see the rule elements it carries),N/A: no broad-based individual income tax; the rule does not exist in this jurisdiction,State income tax regulations: the revenue department's administrative code chapter on the individual income tax,no
us-tx,F01,state,state form instructions and rate schedules,N/A,,,n/a (document carrier; see the rule elements it carries),N/A: no resident individual income tax return exists (no broad-based income tax),Tax year 2025 resident individual income tax return form,no
us-tx,F02,state,state form instructions and rate schedules,N/A,,,n/a (document carrier; see the rule elements it carries),N/A: no resident individual income tax return exists (no broad-based income tax),"Tax year 2025 resident return instruction booklet (line-by-line rules, worksheets)",no
us-tx,F03,state,state form instructions and rate schedules,N/A,,,no,N/A: no broad-based individual income tax; the rule does not exist in this jurisdiction,"Tax year 2025 rate schedule, tax table or flat rate with the year's dollar thresholds (as printed)",no
us-tx,F04,state,state form instructions and rate schedules,N/A,,,no,N/A: no broad-based individual income tax; the rule does not exist in this jurisdiction,Tax year 2025 standard deduction and exemption dollar amounts as printed in the instructions,no
us-tx,F05,state,state form instructions and rate schedules,N/A,,,no,"N/A: no state EITC or child credit in TY2025 law (analyst knowledge, verify)","Tax year 2025 state EITC / child credit parameters as printed in the instructions (percentage of federal, amounts, worksheets)",no
us-tx,F06,state,state department bulletins,N/A,,,no,N/A: no broad-based individual income tax; the rule does not exist in this jurisdiction,"Tax year 2026 indexed amounts (rate schedule, standard deduction, exemptions) as published for the year (estimated-tax instructions or department bulletin)",no
us-ut,S01,state,state statute,PRESENT,2026-07-13-recovery,us-ut/statute/59-10-104,yes (income/rate),"statute body ('59-10-104', 1063 chars): '1/1/2026) Effective 1/1/2026 59-10-104. Tax basis -- Tax rate -- Exemption. (1) A tax is imposed on the state taxable income of a resident individual as provided in this section. ('",Imposition of the individual income tax (or the constitutional/statutory bar for the nine no-tax states),yes (2 income-tax files)
us-ut,S02,state conformity,state statute,EXTRACTABLE,,,no,no selected statute body for this state carries it (selected statute scopes: 2026-07-13-recovery; income-tax chapter rows: 3); the state code is posted by the state code publisher (legislature/revisor site; see queue candidate_sources),Internal Revenue Code conformity date (static or rolling) as defined in the chapter,yes (2 income-tax files)
us-ut,S03,state,state statute,EXTRACTABLE,,,no,no selected statute body for this state carries it (selected statute scopes: 2026-07-13-recovery; income-tax chapter rows: 3); the state code is posted by the state code publisher (legislature/revisor site; see queue candidate_sources),"Resident, nonresident and part-year resident definitions (domicile, statutory residence day count)",yes (2 income-tax files)
us-ut,S04,state conformity,state statute,PRESENT,2026-07-13-recovery,us-ut/statute/59-10-1018,yes (income/rate),"statute body ('59-10-1018', 5863 chars): '018. Definitions -- Nonrefundable taxpayer tax credits. (1) As used in this section: (a) ""Head of household filing status"" means a head of household, as defined in Section 2(b), In'","Filing statuses and joint/separate return rules (married joint, separate, head of household, surviving spouse)",yes (2 income-tax files)
us-ut,S05,state conformity,state statute,PRESENT,2026-07-13-recovery,us-ut/statute/59-10-1019,no,"statute body ('59-10-1019', 3205 chars): ') files a single federal individual income tax return for the taxable year. (e) ""Modified adjusted gross income"" means the sum of the following for an eligible claimant or, if the '","Starting point: state gross/adjusted gross/taxable income defined from federal AGI, federal taxable income, or own gross income",yes (2 income-tax files)
us-ut,S06,state,state statute,PRESENT,2026-07-13-recovery,us-ut/statute/59-10-104,yes (income/rate),"statute body ('59-10-104', 1063 chars): 'e year, the tax is an amount equal to the product of: (a) the resident individual's state taxable income for that taxable year; and (b) 4.45%. (3) This section does not apply to a '","Rate schedule: bracket thresholds and marginal rates, or the flat rate (statute)",yes (2 income-tax files)
us-ut,S07,state,state statute,N/A,,,yes (income/rate),"N/A: brackets/deductions are not indexed by statute (analyst knowledge, verify)","Bracket / deduction / exemption indexing rule (inflation adjustment method, base year, rounding)",yes (2 income-tax files)
us-ut,S08,state,state statute,N/A,,,no,"N/A: the state has no standard deduction of its own (federal taxable income start or exemption-only design) (analyst knowledge, verify)",Standard deduction amount(s) by filing status (statute),yes (2 income-tax files)
us-ut,S09,state conformity,state statute,N/A,,,no,"N/A: the state allows no itemized deductions (analyst knowledge, verify)","Itemized deductions: state treatment (federal itemized with modifications, SALT/mortgage limits, own list, or none)",yes (2 income-tax files)
us-ut,S10,state,state statute,N/A,,,no,"N/A: no separate personal/dependent exemption or exemption credit (federal taxable income start) (analyst knowledge, verify)",Personal exemption amount or personal exemption credit (taxpayer and spouse),yes (2 income-tax files)
us-ut,S11,state,state statute,N/A,,,no,"N/A: no separate personal/dependent exemption or exemption credit (federal taxable income start) (analyst knowledge, verify)",Dependent exemption or dependent credit amount,yes (2 income-tax files)
us-ut,S12,state,state statute,EXTRACTABLE,,,no,no selected statute body for this state carries it (selected statute scopes: 2026-07-13-recovery; income-tax chapter rows: 3); the state code is posted by the state code publisher (legislature/revisor site; see queue candidate_sources),Additional deduction/exemption/credit for age 65 or over and for blindness,yes (2 income-tax files)
us-ut,S13,state,state statute,EXTRACTABLE,,,no,no selected statute body for this state carries it (selected statute scopes: 2026-07-13-recovery; income-tax chapter rows: 3); the state code is posted by the state code publisher (legislature/revisor site; see queue candidate_sources),Addition: interest on obligations of other states and their subdivisions,yes (2 income-tax files)
us-ut,S14,state,state statute,EXTRACTABLE,,,no,no selected statute body for this state carries it (selected statute scopes: 2026-07-13-recovery; income-tax chapter rows: 3); the state code is posted by the state code publisher (legislature/revisor site; see queue candidate_sources),Subtraction: interest on United States obligations,yes (2 income-tax files)
us-ut,S15,state,state statute,EXTRACTABLE,,,"yes (credits/retirement, income/credits/retirement, retirement)",no selected statute body for this state carries it (selected statute scopes: 2026-07-13-recovery; income-tax chapter rows: 3); the state code is posted by the state code publisher (legislature/revisor site; see queue candidate_sources),Social Security benefits: full exclusion or the partial-taxation rule and its thresholds,yes (2 income-tax files)
us-ut,S16,state,state statute,EXTRACTABLE,,,"yes (credits/retirement, income/credits/retirement, retirement)",no selected statute body for this state carries it (selected statute scopes: 2026-07-13-recovery; income-tax chapter rows: 3); the state code is posted by the state code publisher (legislature/revisor site; see queue candidate_sources),"Pension and retirement income exclusion (amounts, age conditions, public vs private)",yes (2 income-tax files)
us-ut,S17,state,state statute,EXTRACTABLE,,,no,no selected statute body for this state carries it (selected statute scopes: 2026-07-13-recovery; income-tax chapter rows: 3); the state code is posted by the state code publisher (legislature/revisor site; see queue candidate_sources),Military pay and military retirement subtraction,yes (2 income-tax files)
us-ut,S18,state,state statute,N/A,,,no,"N/A: capital gains taxed as ordinary income with no state exclusion (analyst knowledge, verify)","Capital gains: exclusion, deduction, or separate rate (where the state departs from ordinary treatment)",yes (2 income-tax files)
us-ut,S19,state,state statute,EXTRACTABLE,,,"yes (credits/earned_income, income/credits/earned_income)",no selected statute body for this state carries it (selected statute scopes: 2026-07-13-recovery; income-tax chapter rows: 3); the state code is posted by the state code publisher (legislature/revisor site; see queue candidate_sources),"State EITC: percentage of the federal credit or own schedule, and refundability",yes (2 income-tax files)
us-ut,S20,state,state statute,EXTRACTABLE,,,"yes (credits/earned_income, income/credits/earned_income)",the EITC section is not in any selected statute scope for this state (see S19); posted by the state code publisher (legislature/revisor site; see queue candidate_sources),"State EITC deviations from federal eligibility (ITIN filers, age 18-24, childless amount, non-custodial), read from the EITC section",yes (2 income-tax files)
us-ut,S21,state,state statute,EXTRACTABLE,,,"yes (credits/ctc, income/credits/ctc)",no selected statute body for this state carries it (selected statute scopes: 2026-07-13-recovery; income-tax chapter rows: 3); the state code is posted by the state code publisher (legislature/revisor site; see queue candidate_sources),State child tax credit / dependent credit / young child credit amount,yes (2 income-tax files)
us-ut,S22,state,state statute,EXTRACTABLE,,,"yes (credits/ctc, income/credits/ctc)",no selected statute body for this state carries it (selected statute scopes: 2026-07-13-recovery; income-tax chapter rows: 3); the state code is posted by the state code publisher (legislature/revisor site; see queue candidate_sources),State child credit phase-out / income limit and refundability,yes (2 income-tax files)
us-ut,S23,state,state statute,N/A,,,no,"N/A: no state child and dependent care credit in TY2025 law (analyst knowledge, verify)",Child and dependent care credit: percentage of the federal credit or own schedule,yes (2 income-tax files)
us-ut,S24,state,state statute,EXTRACTABLE,,,no,no selected statute body for this state carries it (selected statute scopes: 2026-07-13-recovery; income-tax chapter rows: 3); the state code is posted by the state code publisher (legislature/revisor site; see queue candidate_sources),"Credit for income taxes paid to other states (resident credit, limitation)",yes (2 income-tax files)
us-ut,S25,state,state statute,N/A,,,"yes (credits, income/credits)","N/A: no low-income credit/no-tax floor (analyst knowledge, verify)","Low-income credit, no-tax floor, or low-income exclusion (poverty-level relief)",yes (2 income-tax files)
us-ut,S26,state,state statute,EXTRACTABLE,,,no,no selected statute body for this state carries it (selected statute scopes: 2026-07-13-recovery; income-tax chapter rows: 3); the state code is posted by the state code publisher (legislature/revisor site; see queue candidate_sources),"Property tax circuit breaker, renter or homestead credit claimed on the income tax return",yes (2 income-tax files)
us-ut,S27,state,state statute,EXTRACTABLE,,,"yes (credits, income/credits)",no selected statute body for this state carries it (selected statute scopes: 2026-07-13-recovery; income-tax chapter rows: 3); the state code is posted by the state code publisher (legislature/revisor site; see queue candidate_sources),"Other personal credits enumerated in the credits article (education, adoption, charitable, long-term care, elderly, volunteer, etc.)",yes (2 income-tax files)
us-ut,S28,state,state statute,N/A,,,no,"N/A: no state AMT (analyst knowledge, verify)","State alternative minimum tax (rate, exemption, AMTI base) where enacted",yes (2 income-tax files)
us-ut,S29,state,state statute or bulletin,N/A,,,no,"N/A: no surtax or special individual income tax (analyst knowledge, verify)","Surtax or special individual tax (millionaire surtax, mental health tax, capital gains excise, interest and dividends tax, high-earner tax) where enacted, incl. the year's threshold",yes (2 income-tax files)
us-ut,S30,state,state statute,EXTRACTABLE,,,no,no selected statute body for this state carries it (selected statute scopes: 2026-07-13-recovery; income-tax chapter rows: 3); the state code is posted by the state code publisher (legislature/revisor site; see queue candidate_sources),"Nonresident and part-year resident sourcing and apportionment (income from sources within the state, proration)",yes (2 income-tax files)
us-ut,S31,state,state statute,EXTRACTABLE,,,no,no selected statute body for this state carries it (selected statute scopes: 2026-07-13-recovery; income-tax chapter rows: 3); the state code is posted by the state code publisher (legislature/revisor site; see queue candidate_sources),Employer withholding requirement and withholding tables/formula,yes (2 income-tax files)
us-ut,S32,state,state statute,EXTRACTABLE,,,no,no selected statute body for this state carries it (selected statute scopes: 2026-07-13-recovery; income-tax chapter rows: 3); the state code is posted by the state code publisher (legislature/revisor site; see queue candidate_sources),"Individual estimated tax requirement, safe harbor and underpayment interest",yes (2 income-tax files)
us-ut,S33,state,state statute,EXTRACTABLE,2026-09-10-tax-state-forms-ty2025,us-ut/form/ustc/ty2025/tc-40-instructions/document-1,no,"only a form body carries it; the enabling statute section is not in any selected statute scope (2026-07-13-recovery); form body ('TC-40 Forms and Instructions, Utah Individual Income Tax Ret', 149570 chars): 'ame, address, and PTIN in the section below the taxpayer's signature. Preparer Electronic Filing Requirements Preparer Electronic Filing Requirements (UCA §59-10-514.1) (UCA §59-10'; posted by the state code publisher (legislature/revisor site; see queue candidate_sources)","Filing threshold: who must file a return (income floor, exemption-based, gross income test)",yes (2 income-tax files)
us-ut,S34,state,state statute,EXTRACTABLE,2026-09-10-tax-state-forms-ty2025,us-ut/form/ustc/ty2025/tc-40-instructions/document-1,no,"only a form body carries it; the enabling statute section is not in any selected statute scope (2026-07-13-recovery); form body ('TC-40 Forms and Instructions, Utah Individual Income Tax Ret', 149570 chars): 'ng your return is ﬁ led right the ﬁ rst time. If you owe taxes, you can wait to pay until April 15, 2026, no matter how early you ﬁ le your return. Still want to ﬁ le a paper retur'; posted by the state code publisher (legislature/revisor site; see queue candidate_sources)","Return due date, extensions, joint return liability and innocent spouse",yes (2 income-tax files)
us-ut,S35,state,state statute,N/A,,,no,"N/A: no local income tax authorized by the state code (analyst knowledge, verify)","Local income taxes (county, municipal, school district, city) authorized or imposed by the state code, where they exist",yes (2 income-tax files)
us-ut,R01,state,state regulation,EXTRACTABLE,,,n/a (document carrier; see the rule elements it carries),no selected regulation scope for this state is a revenue-department income tax regulation (the selected regulation scopes are benefit-program rules); the administrative code chapter is posted by the state's code publisher,State income tax regulations: the revenue department's administrative code chapter on the individual income tax,yes (2 income-tax files)
us-ut,F01,state,state form instructions and rate schedules,PRESENT,2026-09-10-tax-state-forms-ty2025,us-ut/form/ustc/ty2025/tc-40/document-1,n/a (document carrier; see the rule elements it carries),"form body ('Form TC-40, Utah Individual Income Tax Return (2025) 1', 2686 chars): 'ended Return - enter code: (see instructions) Full-yr Resident? Your Social Security No. Your first name Your last name Y/N Spouse’s Soc. Sec. No. Spouse’s first name Spouse's last'",Tax year 2025 resident individual income tax return form,yes (2 income-tax files)
us-ut,F02,state,state form instructions and rate schedules,PRESENT,2026-09-10-tax-state-forms-ty2025,us-ut/form/ustc/ty2025/tc-40-instructions/document-1,n/a (document carrier; see the rule elements it carries),"form body ('TC-40 Forms and Instructions, Utah Individual Income Tax Ret', 149570 chars): 's ................................................................ 6 TC-40 - Line-by-Line Instructions ....................................... 7 TC-40A - Supplemental Schedule Inst'","Tax year 2025 resident return instruction booklet (line-by-line rules, worksheets)",yes (2 income-tax files)
us-ut,F03,state,state form instructions and rate schedules,PRESENT,2026-09-10-tax-state-forms-ty2025,us-ut/form/ustc/ty2025/tc-40/document-1,yes (income/rate),"form body ('Form TC-40, Utah Individual Income Tax Return (2025) 1', 2686 chars): 'ah taxable income/loss - subtract the sum of lines 7 and 8 from line 6 • 9 10 Utah tax - multiply line 9 by 4.5% (.045) (not less than zero) • 10 11 Utah personal exemption (multip'","Tax year 2025 rate schedule, tax table or flat rate with the year's dollar thresholds (as printed)",yes (2 income-tax files)
us-ut,F04,state,state form instructions and rate schedules,N/A,,,no,N/A: neither a standard deduction nor an exemption amount exists (federal taxable income start),Tax year 2025 standard deduction and exemption dollar amounts as printed in the instructions,yes (2 income-tax files)
us-ut,F05,state,state form instructions and rate schedules,PRESENT,2026-09-10-tax-state-forms-ty2025,us-ut/form/ustc/ty2025/tc-40-instructions/document-1,"yes (credits/earned_income, income/credits/earned_income)","form body ('TC-40 Forms and Instructions, Utah Individual Income Tax Ret', 149570 chars): 'e federal credit in the same tax year, and 2. earn Utah income that is reported on a W-2. Earned Income Tax Credit Worksheet Earned Income Tax Credit Worksheet 1. Enter your federa'","Tax year 2025 state EITC / child credit parameters as printed in the instructions (percentage of federal, amounts, worksheets)",yes (2 income-tax files)
us-ut,F06,state,state department bulletins,REVIEW,,,yes (income/rate),no 2026-labelled body with amounts in any selected scope and the queue row records no 2026 product; whether the department has posted TY2026 figures (most publish them in the 2026 estimated-tax or withholding instructions) was not verified,"Tax year 2026 indexed amounts (rate schedule, standard deduction, exemptions) as published for the year (estimated-tax instructions or department bulletin)",yes (2 income-tax files)
us-va,S01,state,state statute,PRESENT,2026-07-13-recovery,us-va/statute/58.1/58.1-320/block-1,"yes (income/rates, rates)","statute body ('§ 58.1-320 . Imposition of tax.', 1709 chars): 'A tax is hereby annually imposed on the Virginia taxable income for each taxable year of every individual as follows: Two percent on income not exceedin'",Imposition of the individual income tax (or the constitutional/statutory bar for the nine no-tax states),yes (1 income-tax files)
us-va,S02,state conformity,state statute,PRESENT,2026-07-13-recovery,us-va/statute/58.1/58.1-321/block-1,no,"statute body ('§ 58.1-321 . Exemptions and exclusions.', 2568 chars): 'ischarges that (i) are described in clauses (i), (ii), and (iii) of § 108(f)(5)(A) of the Internal Revenue Code and (ii) occur after December 31, 2017. For the purposes of this sub'",Internal Revenue Code conformity date (static or rolling) as defined in the chapter,yes (1 income-tax files)
us-va,S03,state,state statute,EXTRACTABLE,,,no,no selected statute body for this state carries it (selected statute scopes: 2026-07-13-recovery; income-tax chapter rows: 8); the state code is posted by the state code publisher (legislature/revisor site; see queue candidate_sources),"Resident, nonresident and part-year resident definitions (domicile, statutory residence day count)",yes (1 income-tax files)
us-va,S04,state conformity,state statute,PRESENT,2026-07-13-recovery,us-va/statute/58.1/58.1-321/block-1,"yes (income/rates, rates)","statute body ('§ 58.1-321 . Exemptions and exclusions.', 2568 chars): 'years beginning on and after January 1, 2010 (or one-half of such amount in the case of a married individual filing a separate return) but before January 1, 2012, and less than $23'","Filing statuses and joint/separate return rules (married joint, separate, head of household, surviving spouse)",yes (1 income-tax files)
us-va,S05,state conformity,state statute,PRESENT,2026-07-13-recovery,us-va/statute/58.1/58.1-322.03/block-1,no,"statute body ('§ 58.1-322.03 . Virginia taxable income; deductions.', 15971 chars): 'of 65. This deduction shall be reduced by $ 1 for every $ 1 that the taxpayer's adjusted federal adjusted gross income exceeds $ 50,000 for single taxpayers or $ 75,000 for married'","Starting point: state gross/adjusted gross/taxable income defined from federal AGI, federal taxable income, or own gross income",yes (1 income-tax files)
us-va,S06,state,state statute,PRESENT,2026-07-13-recovery,us-va/statute/58.1/58.1-320/block-1,"yes (income/rates, rates)","statute body ('§ 58.1-320 . Imposition of tax.', 1709 chars): 'sed on the Virginia taxable income for each taxable year of every individual as follows: Two percent on income not exceeding $3,000; Three percent on income in excess of $3,000, bu'","Rate schedule: bracket thresholds and marginal rates, or the flat rate (statute)",yes (1 income-tax files)
us-va,S07,state,state statute,N/A,,,"yes (income/rates, rates)","N/A: brackets/deductions are not indexed by statute (analyst knowledge, verify)","Bracket / deduction / exemption indexing rule (inflation adjustment method, base year, rounding)",yes (1 income-tax files)
us-va,S08,state,state statute,EXTRACTABLE,,,"yes (deductions, deductions/standard, income/deductions)",no selected statute body for this state carries it (selected statute scopes: 2026-07-13-recovery; income-tax chapter rows: 8); the state code is posted by the state code publisher (legislature/revisor site; see queue candidate_sources),Standard deduction amount(s) by filing status (statute),yes (1 income-tax files)
us-va,S09,state conformity,state statute,PRESENT,2026-07-13-recovery,us-va/statute/58.1/58.1-322.03/block-1,"yes (deductions, deductions/itemized, income/deductions)","statute body ('§ 58.1-322.03 . Virginia taxable income; deductions.', 15971 chars): 'Virginia adjusted gross income as defined in § 58.1-321 : 1. a. The amount allowable for itemized deductions for federal income tax purposes where the taxpayer has elected for the '","Itemized deductions: state treatment (federal itemized with modifications, SALT/mortgage limits, own list, or none)",yes (1 income-tax files)
us-va,S10,state,state statute,PRESENT,2026-07-13-recovery,us-va/statute/58.1/58.1-322.03/block-1,"yes (exemptions, income/exemptions)","statute body ('§ 58.1-322.03 . Virginia taxable income; deductions.', 15971 chars): 'ute the deduction only with respect to earned income. 2. a. A deduction in the amount of $ 930 for each personal exemption allowable to the taxpayer for federal income tax purposes'",Personal exemption amount or personal exemption credit (taxpayer and spouse),yes (1 income-tax files)
us-va,S11,state,state statute,EXTRACTABLE,,,"yes (exemptions, income/exemptions)",no selected statute body for this state carries it (selected statute scopes: 2026-07-13-recovery; income-tax chapter rows: 8); the state code is posted by the state code publisher (legislature/revisor site; see queue candidate_sources),Dependent exemption or dependent credit amount,yes (1 income-tax files)
us-va,S12,state,state statute,PRESENT,2026-07-13-recovery,us-va/statute/58.1/58.1-322.03/block-1,"yes (exemptions, income/exemptions)","statute body ('§ 58.1-322.03 . Virginia taxable income; deductions.', 15971 chars): 'e Code shall be entitled to an additional personal exemption in the amount of $ 800. The additional deduction for blind or aged taxpayers allowed under this subdivision shall be al'",Additional deduction/exemption/credit for age 65 or over and for blindness,yes (1 income-tax files)
us-va,S13,state,state statute,EXTRACTABLE,,,no,no selected statute body for this state carries it (selected statute scopes: 2026-07-13-recovery; income-tax chapter rows: 8); the state code is posted by the state code publisher (legislature/revisor site; see queue candidate_sources),Addition: interest on obligations of other states and their subdivisions,yes (1 income-tax files)
us-va,S14,state,state statute,EXTRACTABLE,,,"yes (income/deductions, income/subtractions, subtractions)",no selected statute body for this state carries it (selected statute scopes: 2026-07-13-recovery; income-tax chapter rows: 8); the state code is posted by the state code publisher (legislature/revisor site; see queue candidate_sources),Subtraction: interest on United States obligations,yes (1 income-tax files)
us-va,S15,state,state statute,PRESENT,2026-07-13-recovery,us-va/statute/58.1/58.1-322.03/block-1,no,"statute body ('§ 58.1-322.03 . Virginia taxable income; deductions.', 15971 chars): 'usted gross income"" means federal adjusted gross income minus any benefits received under Title II of the Social Security Act and other benefits subject to federal income taxation '",Social Security benefits: full exclusion or the partial-taxation rule and its thresholds,yes (1 income-tax files)
us-va,S16,state,state statute,EXTRACTABLE,,,no,no selected statute body for this state carries it (selected statute scopes: 2026-07-13-recovery; income-tax chapter rows: 8); the state code is posted by the state code publisher (legislature/revisor site; see queue candidate_sources),"Pension and retirement income exclusion (amounts, age conditions, public vs private)",yes (1 income-tax files)
us-va,S17,state,state statute,EXTRACTABLE,,,no,no selected statute body for this state carries it (selected statute scopes: 2026-07-13-recovery; income-tax chapter rows: 8); the state code is posted by the state code publisher (legislature/revisor site; see queue candidate_sources),Military pay and military retirement subtraction,yes (1 income-tax files)
us-va,S18,state,state statute,N/A,,,no,"N/A: capital gains taxed as ordinary income with no state exclusion (analyst knowledge, verify)","Capital gains: exclusion, deduction, or separate rate (where the state departs from ordinary treatment)",yes (1 income-tax files)
us-va,S19,state,state statute,EXTRACTABLE,,,yes (income/credits/eitc),no selected statute body for this state carries it (selected statute scopes: 2026-07-13-recovery; income-tax chapter rows: 8); the state code is posted by the state code publisher (legislature/revisor site; see queue candidate_sources),"State EITC: percentage of the federal credit or own schedule, and refundability",yes (1 income-tax files)
us-va,S20,state,state statute,EXTRACTABLE,,,yes (income/credits/eitc),the EITC section is not in any selected statute scope for this state (see S19); posted by the state code publisher (legislature/revisor site; see queue candidate_sources),"State EITC deviations from federal eligibility (ITIN filers, age 18-24, childless amount, non-custodial), read from the EITC section",yes (1 income-tax files)
us-va,S21,state,state statute,N/A,,,no,"N/A: no state child credit/child deduction in TY2025 law (analyst knowledge, verify)",State child tax credit / dependent credit / young child credit amount,yes (1 income-tax files)
us-va,S22,state,state statute,N/A,,,no,"N/A: no state child credit/child deduction in TY2025 law (analyst knowledge, verify)",State child credit phase-out / income limit and refundability,yes (1 income-tax files)
us-va,S23,state,state statute,EXTRACTABLE,,,no,no selected statute body for this state carries it (selected statute scopes: 2026-07-13-recovery; income-tax chapter rows: 8); the state code is posted by the state code publisher (legislature/revisor site; see queue candidate_sources),Child and dependent care credit: percentage of the federal credit or own schedule,yes (1 income-tax files)
us-va,S24,state,state statute,EXTRACTABLE,,,no,no selected statute body for this state carries it (selected statute scopes: 2026-07-13-recovery; income-tax chapter rows: 8); the state code is posted by the state code publisher (legislature/revisor site; see queue candidate_sources),"Credit for income taxes paid to other states (resident credit, limitation)",yes (1 income-tax files)
us-va,S25,state,state statute,PRESENT,2026-07-13-recovery,us-va/statute/58.1/58.1-339.8/block-1,"yes (credits, income/credits)","statute body ('§ 58.1-339.8 . Income tax credit for low-income taxpayers.', 5102 chars): 'ng jointly whose family Virginia adjusted gross income does not exceed 100 percent of the poverty guideline amount corresponding to a household of an equal number of persons as lis'","Low-income credit, no-tax floor, or low-income exclusion (poverty-level relief)",yes (1 income-tax files)
us-va,S26,state,state statute,N/A,,,no,"N/A: no property-tax circuit breaker or renter credit on the income tax return (analyst knowledge, verify)","Property tax circuit breaker, renter or homestead credit claimed on the income tax return",yes (1 income-tax files)
us-va,S27,state,state statute,EXTRACTABLE,,,"yes (credits, income/credits)",no selected statute body for this state carries it (selected statute scopes: 2026-07-13-recovery; income-tax chapter rows: 8); the state code is posted by the state code publisher (legislature/revisor site; see queue candidate_sources),"Other personal credits enumerated in the credits article (education, adoption, charitable, long-term care, elderly, volunteer, etc.)",yes (1 income-tax files)
us-va,S28,state,state statute,N/A,,,no,"N/A: no state AMT (analyst knowledge, verify)","State alternative minimum tax (rate, exemption, AMTI base) where enacted",yes (1 income-tax files)
us-va,S29,state,state statute or bulletin,N/A,,,no,"N/A: no surtax or special individual income tax (analyst knowledge, verify)","Surtax or special individual tax (millionaire surtax, mental health tax, capital gains excise, interest and dividends tax, high-earner tax) where enacted, incl. the year's threshold",yes (1 income-tax files)
us-va,S30,state,state statute,EXTRACTABLE,,,no,no selected statute body for this state carries it (selected statute scopes: 2026-07-13-recovery; income-tax chapter rows: 8); the state code is posted by the state code publisher (legislature/revisor site; see queue candidate_sources),"Nonresident and part-year resident sourcing and apportionment (income from sources within the state, proration)",yes (1 income-tax files)
us-va,S31,state,state statute,EXTRACTABLE,,,no,no selected statute body for this state carries it (selected statute scopes: 2026-07-13-recovery; income-tax chapter rows: 8); the state code is posted by the state code publisher (legislature/revisor site; see queue candidate_sources),Employer withholding requirement and withholding tables/formula,yes (1 income-tax files)
us-va,S32,state,state statute,EXTRACTABLE,,,no,no selected statute body for this state carries it (selected statute scopes: 2026-07-13-recovery; income-tax chapter rows: 8); the state code is posted by the state code publisher (legislature/revisor site; see queue candidate_sources),"Individual estimated tax requirement, safe harbor and underpayment interest",yes (1 income-tax files)
us-va,S33,state,state statute,EXTRACTABLE,,,"yes (filing_requirement, income/filing_requirement)",no selected statute body for this state carries it (selected statute scopes: 2026-07-13-recovery; income-tax chapter rows: 8); the state code is posted by the state code publisher (legislature/revisor site; see queue candidate_sources),"Filing threshold: who must file a return (income floor, exemption-based, gross income test)",yes (1 income-tax files)
us-va,S34,state,state statute,EXTRACTABLE,,,no,no selected statute body for this state carries it (selected statute scopes: 2026-07-13-recovery; income-tax chapter rows: 8); the state code is posted by the state code publisher (legislature/revisor site; see queue candidate_sources),"Return due date, extensions, joint return liability and innocent spouse",yes (1 income-tax files)
us-va,S35,state,state statute,N/A,,,no,"N/A: no local income tax authorized by the state code (analyst knowledge, verify)","Local income taxes (county, municipal, school district, city) authorized or imposed by the state code, where they exist",yes (1 income-tax files)
us-va,R01,state,state regulation,EXTRACTABLE,,,n/a (document carrier; see the rule elements it carries),no selected regulation scope for this state is a revenue-department income tax regulation (the selected regulation scopes are benefit-program rules); the administrative code chapter is posted by the state's code publisher,State income tax regulations: the revenue department's administrative code chapter on the individual income tax,yes (1 income-tax files)
us-va,F01,state,state form instructions and rate schedules,EXTRACTABLE,,,n/a (document carrier; see the rule elements it carries),no TY2025 resident return form in any selected form scope (form documents present: none); queue row 'done' points at None/None; publisher forms index: state revenue department forms page,Tax year 2025 resident individual income tax return form,yes (1 income-tax files)
us-va,F02,state,state form instructions and rate schedules,EXTRACTABLE,,,n/a (document carrier; see the rule elements it carries),no TY2025 resident instruction booklet in any selected form scope (form documents present: none); queue row 'done' points at None/None; publisher forms index: state revenue department forms page,"Tax year 2025 resident return instruction booklet (line-by-line rules, worksheets)",yes (1 income-tax files)
us-va,F03,state,state form instructions and rate schedules,EXTRACTABLE,,,"yes (income/rates, rates)",no TY2025 rate schedule/tax table/flat-rate body in the selection (form bodies: 0); publisher forms index revenue department forms page,"Tax year 2025 rate schedule, tax table or flat rate with the year's dollar thresholds (as printed)",yes (1 income-tax files)
us-va,F04,state,state form instructions and rate schedules,EXTRACTABLE,,,"yes (deductions, deductions/standard, income/deductions)",no TY2025 instruction body carrying the printed standard deduction/exemption amounts in the selection; publisher forms index revenue department forms page,Tax year 2025 standard deduction and exemption dollar amounts as printed in the instructions,yes (1 income-tax files)
us-va,F05,state,state form instructions and rate schedules,EXTRACTABLE,,,yes (income/credits/eitc),no TY2025 instruction body carrying the state EITC/child credit parameters in the selection; publisher forms index revenue department forms page,"Tax year 2025 state EITC / child credit parameters as printed in the instructions (percentage of federal, amounts, worksheets)",yes (1 income-tax files)
us-va,F06,state,state department bulletins,REVIEW,,,"yes (income/rates, rates)",no 2026-labelled body with amounts in any selected scope and the queue row records no 2026 product; whether the department has posted TY2026 figures (most publish them in the 2026 estimated-tax or withholding instructions) was not verified,"Tax year 2026 indexed amounts (rate schedule, standard deduction, exemptions) as published for the year (estimated-tax instructions or department bulletin)",yes (1 income-tax files)
us-vt,S01,state,state statute,PRESENT,2026-07-16-pit-central-us-vt-title-32-chapter-151,us-vt/statute/32-5821,"yes (income/rates, rates)","statute body ('Name of tax', 143 chars): 'The tax imposed by this subchapter shall be known as the Vermont personal income tax. (Added 1966, No. 61 (Sp. Sess.), § 1, eff. Jan. 1, 1966.)'",Imposition of the individual income tax (or the constitutional/statutory bar for the nine no-tax states),yes (1 income-tax files)
us-vt,S02,state conformity,state statute,PRESENT,2026-07-16-pit-central-us-vt-title-32-chapter-151,us-vt/statute/32-5834,no,"statute body ('Computation of gains and losses', 558 chars): ', 1931, the taxpayer may, in lieu of the adjusted basis prescribed by the applicable U.S. Internal Revenue Code, use the fair market value of such property as of January 1, 1931, a'",Internal Revenue Code conformity date (static or rolling) as defined in the chapter,yes (1 income-tax files)
us-vt,S03,state,state statute,PRESENT,2026-07-16-pit-central-us-vt-title-32-chapter-151,us-vt/statute/32-5811,no,"statute body ('Definitions', 49686 chars): 'or after this chapter effective for the taxable year, unless otherwise provided. (8) “Nonresident estate” means any estate other than a resident estate. (9) “Nonresident individual'","Resident, nonresident and part-year resident definitions (domicile, statutory residence day count)",yes (1 income-tax files)
us-vt,S04,state conformity,state statute,PRESENT,2026-07-16-pit-central-us-vt-title-32-chapter-151,us-vt/statute/32-5825a,"yes (income/rates, rates)","statute body ('Credit for Vermont Higher Education Investment Plan contribu', 2131 chars): '(a) A taxpayer of this State, including each spouse filing a joint return, shall be eligible for a nonrefundable credit against the tax imposed under section 5822'","Filing statuses and joint/separate return rules (married joint, separate, head of household, surviving spouse)",yes (1 income-tax files)
us-vt,S05,state conformity,state statute,PRESENT,2026-07-16-pit-central-us-vt-title-32-chapter-151,us-vt/statute/32-5811,"yes (agi, income/agi)","statute body ('Definitions', 49686 chars): 'ust, estate, or other entity. (21) “Taxable income” means, in the case of an individual, federal adjusted gross income determined without regard to 26 U.S.C. § 168(k) and: (A) incr'","Starting point: state gross/adjusted gross/taxable income defined from federal AGI, federal taxable income, or own gross income",yes (1 income-tax files)
us-vt,S06,state,state statute,PRESENT,2026-07-16-pit-central-us-vt-title-32-chapter-151,us-vt/statute/32-5822,"yes (income/rates, rates)","statute body ('Tax on income of individuals, estates, and trusts', 8979 chars): 'int returns and surviving spouses: If taxable income is: The tax is: Not over $64,600.00 3.35% of taxable income Over $64,600.00 but $2,164.00 plus 6.6% of not over $156,150.00 the'","Rate schedule: bracket thresholds and marginal rates, or the flat rate (statute)",yes (1 income-tax files)
us-vt,S07,state,state statute,PRESENT,2026-07-16-pit-central-us-vt-title-32-chapter-151,us-vt/statute/32-5811,"yes (income/rates, rates)","statute body ('Definitions', 49686 chars): 'of the personal exemption allowed under subdivision (C)(i) of this subdivision (21), the standard deduction allowed under subdivision (C)(ii) of this subdivision (21), and the addi'","Bracket / deduction / exemption indexing rule (inflation adjustment method, base year, rounding)",yes (1 income-tax files)
us-vt,S08,state,state statute,PRESENT,2026-07-16-pit-central-us-vt-title-32-chapter-151,us-vt/statute/32-5811,"yes (deductions/standard, income/deductions, income/deductions/standard)","statute body ('Definitions', 49686 chars): 'xemption may be claimed for an individual who is a dependent of another taxpayer; (ii) a standard deduction determined as follows: (I) for taxpayers whose filing status under secti'",Standard deduction amount(s) by filing status (statute),yes (1 income-tax files)
us-vt,S09,state conformity,state statute,PRESENT,2026-07-16-pit-central-us-vt-title-32-chapter-151,us-vt/statute/32-5811,yes (income/deductions),"statute body ('Definitions', 49686 chars): 'C. § 63(f) that the taxpayer qualified for and received; and (iv) an amount equal to the itemized deduction for medical expenses taken at the federal level by the taxpayer, under 2'","Itemized deductions: state treatment (federal itemized with modifications, SALT/mortgage limits, own list, or none)",yes (1 income-tax files)
us-vt,S10,state,state statute,EXTRACTABLE,,,yes (income/exemption),no selected statute body for this state carries it (selected statute scopes: 2026-07-16-pit-central-us-vt-title-32-chapter-151; income-tax chapter rows: 91); the state code is posted by the state code publisher (legislature/revisor site; see queue candidate_sources),Personal exemption amount or personal exemption credit (taxpayer and spouse),yes (1 income-tax files)
us-vt,S11,state,state statute,PRESENT,2026-07-16-pit-central-us-vt-title-32-chapter-151,us-vt/statute/32-5811,yes (income/exemption),"statute body ('Definitions', 49686 chars): 'ividual qualifying as a dependent of the taxpayer under 26 U.S.C. § 152, provided that no exemption may be claimed for an individual who is a dependent of another taxpayer; (ii) a '",Dependent exemption or dependent credit amount,yes (1 income-tax files)
us-vt,S12,state,state statute,EXTRACTABLE,,,yes (income/exemption),no selected statute body for this state carries it (selected statute scopes: 2026-07-16-pit-central-us-vt-title-32-chapter-151; income-tax chapter rows: 91); the state code is posted by the state code publisher (legislature/revisor site; see queue candidate_sources),Additional deduction/exemption/credit for age 65 or over and for blindness,yes (1 income-tax files)
us-vt,S13,state,state statute,PRESENT,2026-07-16-pit-central-us-vt-title-32-chapter-151,us-vt/statute/32-5811,no,"statute body ('Definitions', 49686 chars): 'the United States by the amount received by the taxpayer on and after January 1, 1986 as interest income from state and local obligations, other than obligations of Vermont and its'",Addition: interest on obligations of other states and their subdivisions,yes (1 income-tax files)
us-vt,S14,state,state statute,PRESENT,2026-07-16-pit-central-us-vt-title-32-chapter-151,us-vt/statute/32-5811,"yes (income/agi/subtractions, income/deductions, subtractions)","statute body ('Definitions', 49686 chars): 'e to non-Vermont state or local obligations; and (B) decreased by the following items of income (to the extent such income is included in federal adjusted gross income): (i) income'",Subtraction: interest on United States obligations,yes (1 income-tax files)
us-vt,S15,state,state statute,PRESENT,2026-07-16-pit-central-us-vt-title-32-chapter-151,us-vt/statute/32-5830e,no,"statute body ('Retirement income; Social Security income', 8404 chars): '(a) Social Security income. The portion of federally taxable Social Security benefits excluded from taxable income under subdivision 5811(21)(B)(iv) of this chapter shall be as fol'",Social Security benefits: full exclusion or the partial-taxation rule and its thresholds,yes (1 income-tax files)
us-vt,S16,state,state statute,PRESENT,2026-07-16-pit-central-us-vt-title-32-chapter-151,us-vt/statute/32-5830e,no,"statute body ('Retirement income; Social Security income', 8404 chars): ',000.00, the percentage of the first $10,000.00 of income received from the Civil Service Retirement System to be excluded shall be proportional to the amount of the taxpayer’s fed'","Pension and retirement income exclusion (amounts, age conditions, public vs private)",yes (1 income-tax files)
us-vt,S17,state,state statute,PRESENT,2026-07-16-pit-central-us-vt-title-32-chapter-151,us-vt/statute/32-5830e,no,"statute body ('Retirement income; Social Security income', 8404 chars): 'nt systems; earnings not covered by Social Security. Other retirement income, except U.S. military retirement income pursuant to subsection (d) of this section, received by a taxpa'",Military pay and military retirement subtraction,yes (1 income-tax files)
us-vt,S18,state,state statute,PRESENT,2026-07-16-pit-central-us-vt-title-32-chapter-151,us-vt/statute/32-5811,no,"statute body ('Definitions', 49686 chars): 'otal amount of any qualified dividend income: either the first $5,000.00 of such adjusted net capital gain income or 40 percent of adjusted net capital gain income from the sale of'","Capital gains: exclusion, deduction, or separate rate (where the state departs from ordinary treatment)",yes (1 income-tax files)
us-vt,S19,state,state statute,PRESENT,2026-07-16-pit-central-us-vt-title-32-chapter-151,us-vt/statute/32-5828b,"yes (credits/eitc, income/credits/eitc)","statute body ('Earned income tax credit', 1887 chars): '(a) A resident individual or part-year resident individual who is entitled to an earned income tax credit granted under the laws of the United States shall be entitled to a credit '","State EITC: percentage of the federal credit or own schedule, and refundability",yes (1 income-tax files)
us-vt,S20,state,state statute,PRESENT,2026-07-16-pit-central-us-vt-title-32-chapter-151,us-vt/statute/32-5828b,"yes (credits/eitc, income/credits/eitc)","eligibility read from the EITC section; no deviation text (ITIN/age/childless) matched, so the state appears to follow federal eligibility (verify)","State EITC deviations from federal eligibility (ITIN filers, age 18-24, childless amount, non-custodial), read from the EITC section",yes (1 income-tax files)
us-vt,S21,state,state statute,EXTRACTABLE,,,"yes (credits/ctc, income/credits/ctc)",no selected statute body for this state carries it (selected statute scopes: 2026-07-16-pit-central-us-vt-title-32-chapter-151; income-tax chapter rows: 91); the state code is posted by the state code publisher (legislature/revisor site; see queue candidate_sources),State child tax credit / dependent credit / young child credit amount,yes (1 income-tax files)
us-vt,S22,state,state statute,PRESENT,2026-07-16-pit-central-us-vt-title-32-chapter-151,us-vt/statute/32-5830f,"yes (credits/ctc, income/credits/ctc)","statute body ('Vermont child tax credit', 3672 chars): '(a) A resident individual or part-year resident individual who is entitled to a child tax credit under the laws of the United States or who would have been entitled to a child tax '",State child credit phase-out / income limit and refundability,yes (1 income-tax files)
us-vt,S23,state,state statute,PRESENT,2026-07-16-pit-central-us-vt-title-32-chapter-151,us-vt/statute/32-5828c,"yes (credits/cdcc, income/credits/cdcc)","statute body ('Child and dependent care credit', 782 chars): 'against the tax imposed under section 5822 of this title. The credit shall be equal to 72 percent of the federal child and dependent care credit allowed to the taxpayer for the tax'",Child and dependent care credit: percentage of the federal credit or own schedule,yes (1 income-tax files)
us-vt,S24,state,state statute,PRESENT,2026-07-16-pit-central-us-vt-title-32-chapter-151,us-vt/statute/32-5825,no,"statute body ('Credit for taxes paid to other states and provinces', 1566 chars): 'against the tax imposed, for that taxable year, by section 5822 of this title for income taxes imposed by, and paid to, another state or territory of the United States, the Distric'","Credit for income taxes paid to other states (resident credit, limitation)",yes (1 income-tax files)
us-vt,S25,state,state statute,N/A,,,"yes (credits, income/credits)","N/A: no low-income credit/no-tax floor (analyst knowledge, verify)","Low-income credit, no-tax floor, or low-income exclusion (poverty-level relief)",yes (1 income-tax files)
us-vt,S26,state,state statute,EXTRACTABLE,,,"yes (credits/renter, income/credits/renter)",no selected statute body for this state carries it (selected statute scopes: 2026-07-16-pit-central-us-vt-title-32-chapter-151; income-tax chapter rows: 91); the state code is posted by the state code publisher (legislature/revisor site; see queue candidate_sources),"Property tax circuit breaker, renter or homestead credit claimed on the income tax return",yes (1 income-tax files)
us-vt,S27,state,state statute,EXTRACTABLE,,,"yes (credits, income/credits)",no selected statute body for this state carries it (selected statute scopes: 2026-07-16-pit-central-us-vt-title-32-chapter-151; income-tax chapter rows: 91); the state code is posted by the state code publisher (legislature/revisor site; see queue candidate_sources),"Other personal credits enumerated in the credits article (education, adoption, charitable, long-term care, elderly, volunteer, etc.)",yes (1 income-tax files)
us-vt,S28,state,state statute,N/A,,,yes (amt),"N/A: no state AMT (analyst knowledge, verify)","State alternative minimum tax (rate, exemption, AMTI base) where enacted",yes (1 income-tax files)
us-vt,S29,state,state statute or bulletin,N/A,,,no,"N/A: no surtax or special individual income tax (analyst knowledge, verify)","Surtax or special individual tax (millionaire surtax, mental health tax, capital gains excise, interest and dividends tax, high-earner tax) where enacted, incl. the year's threshold",yes (1 income-tax files)
us-vt,S30,state,state statute,PRESENT,2026-07-16-pit-central-us-vt-title-32-chapter-151,us-vt/statute/32-5823,no,"statute body ('Vermont income of individuals, estates, and trusts', 7254 chars): 'of the taxpayer for the taxable year. (b) For any taxable year, the Vermont income of a nonresident individual, estate, or trust is the sum of the following items of income to the '","Nonresident and part-year resident sourcing and apportionment (income from sources within the state, proration)",yes (1 income-tax files)
us-vt,S31,state,state statute,PRESENT,2026-07-16-pit-central-us-vt-title-32-chapter-151,us-vt/statute/32-5841,no,"statute body ('Requirement and rate of withholding', 2007 chars): 'at are subject to federal back-up withholding. (b) The Commissioner shall establish such withholding tables, schedules, or formulae as will result in the withholding of such amount'",Employer withholding requirement and withholding tables/formula,yes (1 income-tax files)
us-vt,S32,state,state statute,PRESENT,2026-07-16-pit-central-us-vt-title-32-chapter-151,us-vt/statute/32-5859,no,"statute body ('Assessment date, penalties, interest', 3312 chars): 'of estimated tax. (1) For purposes of this subsection, the amount of any underpayment of estimated tax shall be the excess of: (A) the amount of the installment that would be requi'","Individual estimated tax requirement, safe harbor and underpayment interest",yes (1 income-tax files)
us-vt,S33,state,state statute,PRESENT,2026-07-16-pit-central-us-vt-title-32-chapter-151,us-vt/statute/32-5861,no,"statute body ('Returns by individuals, trusts, and estates', 2392 chars): 'e shall file a Vermont personal income tax return for that taxable year if that person is required to file a United States income tax return for that year and (1) earned or receive'","Filing threshold: who must file a return (income floor, exemption-based, gross income test)",yes (1 income-tax files)
us-vt,S34,state,state statute,PRESENT,2026-07-16-pit-central-us-vt-title-32-chapter-151,us-vt/statute/32-5857,no,"statute body ('Filing dates', 752 chars): 'A declaration of estimated tax shall be filed on or before the 15th day of the fourth month of each taxable year, except that if the $500.00 minimum tax requirement is met: (1) aft'","Return due date, extensions, joint return liability and innocent spouse",yes (1 income-tax files)
us-vt,S35,state,state statute,N/A,,,no,"N/A: no local income tax authorized by the state code (analyst knowledge, verify)","Local income taxes (county, municipal, school district, city) authorized or imposed by the state code, where they exist",yes (1 income-tax files)
us-vt,R01,state,state regulation,EXTRACTABLE,,,n/a (document carrier; see the rule elements it carries),no selected regulation scope for this state is a revenue-department income tax regulation (the selected regulation scopes are benefit-program rules); the administrative code chapter is posted by the state's code publisher,State income tax regulations: the revenue department's administrative code chapter on the individual income tax,yes (1 income-tax files)
us-vt,F01,state,state form instructions and rate schedules,PRESENT,2026-09-10-tax-state-forms-ty2025,us-vt/form/vdt/ty2025/in-111/document-1,n/a (document carrier; see the rule elements it carries),"form body ('Form IN-111, Vermont Income Tax Return (2025) 1', 7797 chars): '. . . . . . . . . . 3. _______________________.00 4. 2025 Vermont Standard Deduction from filing status section above. . . . .. . . . . . . . . . 4. _______________________.00 Plea'",Tax year 2025 resident individual income tax return form,yes (1 income-tax files)
us-vt,F02,state,state form instructions and rate schedules,PRESENT,2026-09-10-tax-state-forms-ty2025,us-vt/form/vdt/ty2025/in-111-instructions/document-1,n/a (document carrier; see the rule elements it carries),"form body ('Form IN-111 Instructions, Vermont Income Tax Return (2025) 1', 80561 chars): 'No. 416 for more information (available at: www.irs.gov/taxtopics/tc416). Taxable Income Line 1 Federal Adjusted Gross Income REQUIRED entry. Enter the amount from your federal For'","Tax year 2025 resident return instruction booklet (line-by-line rules, worksheets)",yes (1 income-tax files)
us-vt,F03,state,state form instructions and rate schedules,PRESENT,2026-09-10-tax-state-forms-ty2025,us-vt/form/vdt/ty2025/in-111-instructions/document-1,"yes (income/rates, rates)","form body ('Form IN-111 Instructions, Vermont Income Tax Return (2025) 1', 80561 chars): 'obligations, or 2) tax calculated on Vermont Taxable Income, Line 7, using the applicable tax rate schedule. If your federal AGI, Line 1, is less than or equal to $150,000, calcula'","Tax year 2025 rate schedule, tax table or flat rate with the year's dollar thresholds (as printed)",yes (1 income-tax files)
us-vt,F04,state,state form instructions and rate schedules,PRESENT,2026-09-10-tax-state-forms-ty2025,us-vt/form/vdt/ty2025/in-111-instructions/document-1,"yes (deductions/standard, income/deductions, income/deductions/standard)","form body ('Form IN-111 Instructions, Vermont Income Tax Return (2025) 1', 80561 chars): 'his can be a negative. Use a hyphen “-” to indicate negative amounts. Line 4 2025 Vermont Standard Deduction. Enter the amount of standard deduction from the chart below. You also '",Tax year 2025 standard deduction and exemption dollar amounts as printed in the instructions,yes (1 income-tax files)
us-vt,F05,state,state form instructions and rate schedules,EXTRACTABLE,,,"yes (credits/eitc, income/credits/eitc)",no TY2025 instruction body carrying the state EITC/child credit parameters in the selection; publisher forms index https://tax.vermont.gov/personal-income-tax,"Tax year 2025 state EITC / child credit parameters as printed in the instructions (percentage of federal, amounts, worksheets)",yes (1 income-tax files)
us-vt,F06,state,state department bulletins,REVIEW,,,"yes (income/rates, rates)",no 2026-labelled body with amounts in any selected scope and the queue row records no 2026 product; whether the department has posted TY2026 figures (most publish them in the 2026 estimated-tax or withholding instructions) was not verified,"Tax year 2026 indexed amounts (rate schedule, standard deduction, exemptions) as published for the year (estimated-tax instructions or department bulletin)",yes (1 income-tax files)
us-wa,S01,state,state statute,PRESENT,2026-09-10-tax-state-guidance-ty2025,us-wa/guidance/dor/income-tax/block-1,no,"guidance body ('Income tax', 349 chars): 'Washington does not currently have an individual income tax. Beginning Jan. 1, 2028, a new 9.9% income tax will apply to individuals and married cou'",Imposition of the individual income tax (or the constitutional/statutory bar for the nine no-tax states),yes (1 income-tax files)
us-wa,S02,state conformity,state statute,N/A,,,no,N/A: no broad-based individual income tax; the rule does not exist in this jurisdiction,Internal Revenue Code conformity date (static or rolling) as defined in the chapter,yes (1 income-tax files)
us-wa,S03,state,state statute,N/A,,,no,N/A: no broad-based individual income tax; the rule does not exist in this jurisdiction,"Resident, nonresident and part-year resident definitions (domicile, statutory residence day count)",yes (1 income-tax files)
us-wa,S04,state conformity,state statute,N/A,,,no,N/A: no broad-based individual income tax; the rule does not exist in this jurisdiction,"Filing statuses and joint/separate return rules (married joint, separate, head of household, surviving spouse)",yes (1 income-tax files)
us-wa,S05,state conformity,state statute,N/A,,,no,N/A: no broad-based individual income tax; the rule does not exist in this jurisdiction,"Starting point: state gross/adjusted gross/taxable income defined from federal AGI, federal taxable income, or own gross income",yes (1 income-tax files)
us-wa,S06,state,state statute,N/A,,,no,N/A: no broad-based individual income tax; the rule does not exist in this jurisdiction,"Rate schedule: bracket thresholds and marginal rates, or the flat rate (statute)",yes (1 income-tax files)
us-wa,S07,state,state statute,N/A,,,no,N/A: no broad-based individual income tax; the rule does not exist in this jurisdiction,"Bracket / deduction / exemption indexing rule (inflation adjustment method, base year, rounding)",yes (1 income-tax files)
us-wa,S08,state,state statute,N/A,,,"yes (deductions, deductions/standard)",N/A: no broad-based individual income tax; the rule does not exist in this jurisdiction,Standard deduction amount(s) by filing status (statute),yes (1 income-tax files)
us-wa,S09,state conformity,state statute,N/A,,,yes (deductions),N/A: no broad-based individual income tax; the rule does not exist in this jurisdiction,"Itemized deductions: state treatment (federal itemized with modifications, SALT/mortgage limits, own list, or none)",yes (1 income-tax files)
us-wa,S10,state,state statute,N/A,,,no,N/A: no broad-based individual income tax; the rule does not exist in this jurisdiction,Personal exemption amount or personal exemption credit (taxpayer and spouse),yes (1 income-tax files)
us-wa,S11,state,state statute,N/A,,,no,N/A: no broad-based individual income tax; the rule does not exist in this jurisdiction,Dependent exemption or dependent credit amount,yes (1 income-tax files)
us-wa,S12,state,state statute,N/A,,,no,N/A: no broad-based individual income tax; the rule does not exist in this jurisdiction,Additional deduction/exemption/credit for age 65 or over and for blindness,yes (1 income-tax files)
us-wa,S13,state,state statute,N/A,,,no,N/A: no broad-based individual income tax; the rule does not exist in this jurisdiction,Addition: interest on obligations of other states and their subdivisions,yes (1 income-tax files)
us-wa,S14,state,state statute,N/A,,,no,N/A: no broad-based individual income tax; the rule does not exist in this jurisdiction,Subtraction: interest on United States obligations,yes (1 income-tax files)
us-wa,S15,state,state statute,N/A,,,no,N/A: no broad-based individual income tax; the rule does not exist in this jurisdiction,Social Security benefits: full exclusion or the partial-taxation rule and its thresholds,yes (1 income-tax files)
us-wa,S16,state,state statute,N/A,,,no,N/A: no broad-based individual income tax; the rule does not exist in this jurisdiction,"Pension and retirement income exclusion (amounts, age conditions, public vs private)",yes (1 income-tax files)
us-wa,S17,state,state statute,N/A,,,no,N/A: no broad-based individual income tax; the rule does not exist in this jurisdiction,Military pay and military retirement subtraction,yes (1 income-tax files)
us-wa,S18,state,state statute,PRESENT,2026-07-16-pit-central-us-wa-title-82.87,us-wa/statute/82/82.87/82.87.020,yes (income/capital_gains),"statute body ('Definitions', 5043 chars): 'pply throughout this chapter unless the context clearly requires otherwise. (1) ""Adjusted capital gain"" means federal net long-term capital gain: (a) Plus any amount of long-term c'","Capital gains: exclusion, deduction, or separate rate (where the state departs from ordinary treatment)",yes (1 income-tax files)
us-wa,S19,state,state statute,EXTRACTABLE,,,no,"no selected statute body for this state carries it (selected statute scopes: 2026-07-13-recovery, 2026-07-16-pit-central-us-wa-title-82.87; income-tax chapter rows: 21); the state code is posted by the state code publisher (legislature/revisor site; see queue candidate_sources)","State EITC: percentage of the federal credit or own schedule, and refundability",yes (1 income-tax files)
us-wa,S20,state,state statute,N/A,,,no,N/A: no resident individual income tax return exists (no broad-based income tax),"State EITC deviations from federal eligibility (ITIN filers, age 18-24, childless amount, non-custodial), read from the EITC section",yes (1 income-tax files)
us-wa,S21,state,state statute,N/A,,,no,N/A: no broad-based individual income tax; the rule does not exist in this jurisdiction,State child tax credit / dependent credit / young child credit amount,yes (1 income-tax files)
us-wa,S22,state,state statute,N/A,,,no,N/A: no broad-based individual income tax; the rule does not exist in this jurisdiction,State child credit phase-out / income limit and refundability,yes (1 income-tax files)
us-wa,S23,state,state statute,N/A,,,no,N/A: no broad-based individual income tax; the rule does not exist in this jurisdiction,Child and dependent care credit: percentage of the federal credit or own schedule,yes (1 income-tax files)
us-wa,S24,state,state statute,N/A,,,no,N/A: no broad-based individual income tax; the rule does not exist in this jurisdiction,"Credit for income taxes paid to other states (resident credit, limitation)",yes (1 income-tax files)
us-wa,S25,state,state statute,N/A,,,"yes (credits, income/credits)",N/A: no broad-based individual income tax; the rule does not exist in this jurisdiction,"Low-income credit, no-tax floor, or low-income exclusion (poverty-level relief)",yes (1 income-tax files)
us-wa,S26,state,state statute,N/A,,,no,N/A: no broad-based individual income tax; the rule does not exist in this jurisdiction,"Property tax circuit breaker, renter or homestead credit claimed on the income tax return",yes (1 income-tax files)
us-wa,S27,state,state statute,N/A,,,"yes (credits, income/credits)",N/A: no broad-based individual income tax; the rule does not exist in this jurisdiction,"Other personal credits enumerated in the credits article (education, adoption, charitable, long-term care, elderly, volunteer, etc.)",yes (1 income-tax files)
us-wa,S28,state,state statute,N/A,,,no,N/A: no broad-based individual income tax; the rule does not exist in this jurisdiction,"State alternative minimum tax (rate, exemption, AMTI base) where enacted",yes (1 income-tax files)
us-wa,S29,state,state statute or bulletin,PRESENT,2026-07-16-pit-central-us-wa-title-82.87,us-wa/statute/82/82.87/82.87.110,"yes (income/capital_gains, income/millionaires_tax)","statute body ('Filing of returns — Additional documentation — Penalties — A', 8909 chars): 'the department must assess on the 91st day a penalty in the amount of five percent of any additional tax due for the taxable year covered by the return for each month or portion of'","Surtax or special individual tax (millionaire surtax, mental health tax, capital gains excise, interest and dividends tax, high-earner tax) where enacted, incl. the year's threshold",yes (1 income-tax files)
us-wa,S30,state,state statute,N/A,,,no,N/A: no broad-based individual income tax; the rule does not exist in this jurisdiction,"Nonresident and part-year resident sourcing and apportionment (income from sources within the state, proration)",yes (1 income-tax files)
us-wa,S31,state,state statute,N/A,,,no,N/A: no broad-based individual income tax; the rule does not exist in this jurisdiction,Employer withholding requirement and withholding tables/formula,yes (1 income-tax files)
us-wa,S32,state,state statute,N/A,,,no,N/A: no broad-based individual income tax; the rule does not exist in this jurisdiction,"Individual estimated tax requirement, safe harbor and underpayment interest",yes (1 income-tax files)
us-wa,S33,state,state statute,N/A,,,no,N/A: no broad-based individual income tax; the rule does not exist in this jurisdiction,"Filing threshold: who must file a return (income floor, exemption-based, gross income test)",yes (1 income-tax files)
us-wa,S34,state,state statute,N/A,,,no,N/A: no broad-based individual income tax; the rule does not exist in this jurisdiction,"Return due date, extensions, joint return liability and innocent spouse",yes (1 income-tax files)
us-wa,S35,state,state statute,N/A,,,yes (gov/local/wa),N/A: no broad-based individual income tax; the rule does not exist in this jurisdiction,"Local income taxes (county, municipal, school district, city) authorized or imposed by the state code, where they exist",yes (1 income-tax files)
us-wa,R01,state,state regulation,N/A,,,n/a (document carrier; see the rule elements it carries),N/A: no broad-based individual income tax; the rule does not exist in this jurisdiction,State income tax regulations: the revenue department's administrative code chapter on the individual income tax,yes (1 income-tax files)
us-wa,F01,state,state form instructions and rate schedules,N/A,,,n/a (document carrier; see the rule elements it carries),N/A: no resident individual income tax return exists (no broad-based income tax),Tax year 2025 resident individual income tax return form,yes (1 income-tax files)
us-wa,F02,state,state form instructions and rate schedules,N/A,,,n/a (document carrier; see the rule elements it carries),N/A: no resident individual income tax return exists (no broad-based income tax),"Tax year 2025 resident return instruction booklet (line-by-line rules, worksheets)",yes (1 income-tax files)
us-wa,F03,state,state form instructions and rate schedules,N/A,,,no,N/A: no broad-based individual income tax; the rule does not exist in this jurisdiction,"Tax year 2025 rate schedule, tax table or flat rate with the year's dollar thresholds (as printed)",yes (1 income-tax files)
us-wa,F04,state,state form instructions and rate schedules,N/A,,,"yes (deductions, deductions/standard)",N/A: no broad-based individual income tax; the rule does not exist in this jurisdiction,Tax year 2025 standard deduction and exemption dollar amounts as printed in the instructions,yes (1 income-tax files)
us-wa,F05,state,state form instructions and rate schedules,EXTRACTABLE,,,no,no TY2025 instruction body carrying the state EITC/child credit parameters in the selection; publisher forms index https://dor.wa.gov/taxes-rates/other-taxes/capital-gains-tax,"Tax year 2025 state EITC / child credit parameters as printed in the instructions (percentage of federal, amounts, worksheets)",yes (1 income-tax files)
us-wa,F06,state,state department bulletins,N/A,,,no,N/A: no broad-based individual income tax; the rule does not exist in this jurisdiction,"Tax year 2026 indexed amounts (rate schedule, standard deduction, exemptions) as published for the year (estimated-tax instructions or department bulletin)",yes (1 income-tax files)
us-wi,S01,state,state statute,PRESENT,2026-07-16-pit-west-chapter-71,us-wi/statute/71.02,"yes (income/rates, rates)","statute body ('Imposition of tax.', 2770 chars): 'enue for the state and the counties, cities, villages and towns, there shall be assessed, levied, collected and paid a tax on all net incomes of individuals and fiduciaries, except'",Imposition of the individual income tax (or the constitutional/statutory bar for the nine no-tax states),yes (2 income-tax files)
us-wi,S02,state conformity,state statute,PRESENT,2026-07-16-pit-west-chapter-71,us-wi/statute/71.01,no,"statute body ('Definitions.', 23706 chars): 's and fiduciaries, except fiduciaries of nuclear decommissioning trust or reserve funds, “Internal Revenue Code” means the federal Internal Revenue Code as amended to December 31, '",Internal Revenue Code conformity date (static or rolling) as defined in the chapter,yes (2 income-tax files)
us-wi,S03,state,state statute,PRESENT,2026-07-16-pit-west-chapter-71,us-wi/statute/71.775,no,"statute body ('Withholding from nonresident members of pass-through entitie', 10850 chars): '(1) Definition. In this section, “nonresident” includes an individual who is not domiciled in this state; a partnership, limited liability compan'","Resident, nonresident and part-year resident definitions (domicile, statutory residence day count)",yes (2 income-tax files)
us-wi,S04,state conformity,state statute,PRESENT,2026-07-16-pit-west-chapter-71,us-wi/statute/71.87,"yes (income/rates, rates)","statute body ('Definition.', 387 chars): 'hich a separate return was filed and include either spouse for a taxable year for which a joint return was filed or, if no return was filed, a joint return could have been filed.'","Filing statuses and joint/separate return rules (married joint, separate, head of household, surviving spouse)",yes (2 income-tax files)
us-wi,S05,state conformity,state statute,PRESENT,2026-07-16-pit-west-chapter-71,us-wi/statute/71.01,no,"statute body ('Definitions.', 23706 chars): 'code or as may be determined on final appeal therefrom. (4) “Federal taxable income” and “federal adjusted gross income” of natural persons and fiduciaries mean taxable income or a'","Starting point: state gross/adjusted gross/taxable income defined from federal AGI, federal taxable income, or own gross income",yes (2 income-tax files)
us-wi,S06,state,state statute,PRESENT,2026-07-16-pit-west-chapter-71,us-wi/statute/71.22,"yes (income/rates, rates)","statute body ('Definitions.', 26463 chars): 'ficial owners or is exempt from entity-level taxation. c. The entity distributes at least 85 percent of its taxable income, as computed in the jurisdiction in which it is organized'","Rate schedule: bracket thresholds and marginal rates, or the flat rate (statute)",yes (2 income-tax files)
us-wi,S07,state,state statute,EXTRACTABLE,,,"yes (income/rates, rates)",no selected statute body for this state carries it (selected statute scopes: 2026-07-16-pit-west-chapter-71; income-tax chapter rows: 99); the state code is posted by the state code publisher (legislature/revisor site; see queue candidate_sources),"Bracket / deduction / exemption indexing rule (inflation adjustment method, base year, rounding)",yes (2 income-tax files)
us-wi,S08,state,state statute,PRESENT,2026-07-16-pit-west-chapter-71,us-wi/statute/71.05,"yes (deductions/standard, income/deductions, income/deductions/standard)","statute body ('Income computation.', 100371 chars): 'r a single individual who has a Wisconsin adjusted gross income of less than $10,380, the standard deduction is $7,200. For a single individual who has a Wisconsin adjusted gross i'",Standard deduction amount(s) by filing status (statute),yes (2 income-tax files)
us-wi,S09,state conformity,state statute,PRESENT,2026-07-16-pit-west-chapter-71,us-wi/statute/71.05,yes (income/deductions),"statute body ('Income computation.', 100371 chars): 'otal net earnings from a trade or a business. 13. The amount claimed by a fiduciary as an itemized deduction under section 164 or 216 (a) (1) of the internal revenue code on the fe'","Itemized deductions: state treatment (federal itemized with modifications, SALT/mortgage limits, own list, or none)",yes (2 income-tax files)
us-wi,S10,state,state statute,PRESENT,2026-07-16-pit-west-chapter-71,us-wi/statute/71.05,yes (income/exemption),"statute body ('Income computation.', 100371 chars): 'act the following amounts: (b) For taxable years that begin after December 31, 2000: 1. A personal exemption of $700 if the taxpayer is required to file a return under s. 71.03 (2)'",Personal exemption amount or personal exemption credit (taxpayer and spouse),yes (2 income-tax files)
us-wi,S11,state,state statute,PRESENT,2026-07-16-pit-west-chapter-71,us-wi/statute/71.05,yes (income/exemption),"statute body ('Income computation.', 100371 chars): ', except if the spouse is filing separately or as a head of household. 2. An exemption of $700 for each dependent, as defined under section 152 of the Internal Revenue Code, of the'",Dependent exemption or dependent credit amount,yes (2 income-tax files)
us-wi,S12,state,state statute,PRESENT,2026-07-16-pit-west-chapter-71,us-wi/statute/71.05,yes (income/exemption),"statute body ('Income computation.', 100371 chars): 'endent, as defined under section 152 of the Internal Revenue Code, of the taxpayer. 3. An additional exemption of $250 if the taxpayer has reached the age of 65 before the close of'",Additional deduction/exemption/credit for age 65 or over and for blindness,yes (2 income-tax files)
us-wi,S13,state,state statute,EXTRACTABLE,,,"yes (additions, income/additions)",no selected statute body for this state carries it (selected statute scopes: 2026-07-16-pit-west-chapter-71; income-tax chapter rows: 99); the state code is posted by the state code publisher (legislature/revisor site; see queue candidate_sources),Addition: interest on obligations of other states and their subdivisions,yes (2 income-tax files)
us-wi,S14,state,state statute,PRESENT,2026-07-16-pit-west-chapter-71,us-wi/statute/71.05,"yes (income/deductions, income/subtractions, subtractions)","statute body ('Income computation.', 100371 chars): 'unless the modification is an item, other than a capital gain deduction under s. 71.36 or interest on U.S. obligations, that is passed through to an individual from a tax-option co'",Subtraction: interest on United States obligations,yes (2 income-tax files)
us-wi,S15,state,state statute,PRESENT,2026-07-16-pit-west-chapter-71,us-wi/statute/71.05,yes (subtractions/retirement_income),"statute body ('Income computation.', 100371 chars): 'ble by this state. 21. For taxable years beginning after December 31, 2007, the amount of social security benefits included in federal adjusted gross income under section 86 of the'",Social Security benefits: full exclusion or the partial-taxation rule and its thresholds,yes (2 income-tax files)
us-wi,S16,state,state statute,PRESENT,2026-07-16-pit-west-chapter-71,us-wi/statute/71.05,yes (subtractions/retirement_income),"statute body ('Income computation.', 100371 chars): 'dual paying the expense was not a resident of this state; all contributions to individual retirement accounts, simplified employee pension plans and self-employment retirement plan'","Pension and retirement income exclusion (amounts, age conditions, public vs private)",yes (2 income-tax files)
us-wi,S17,state,state statute,PRESENT,2026-07-16-pit-west-chapter-71,us-wi/statute/71.05,no,"statute body ('Income computation.', 100371 chars): 'enefits. (am) Military retirement systems. All retirement payments received from the U.S. military employee retirement system, to the extent that such payments are not exempt under'",Military pay and military retirement subtraction,yes (2 income-tax files)
us-wi,S18,state,state statute,PRESENT,2026-07-16-pit-west-chapter-71,us-wi/statute/71.05,no,"statute body ('Income computation.', 100371 chars): 'federal taxable or adjusted gross income unless the modification is an item, other than a capital gain deduction under s. 71.36 or interest on U.S. obligations, that is passed thro'","Capital gains: exclusion, deduction, or separate rate (where the state departs from ordinary treatment)",yes (2 income-tax files)
us-wi,S19,state,state statute,PRESENT,2026-07-16-pit-west-chapter-71,us-wi/statute/71.07,"yes (credits/earned_income, income/credits/earned_income)","statute body ('Credits.', 208039 chars): ', shall refer to the credit under this subsection as the school property tax credit. (9e) Earned income tax credit. (aj) For taxable years beginning after December 31, 2010, an ind'; NOTE: whole-chapter dump, the fact is inside a >200k-char body (weak provenance, needs sectioning)","State EITC: percentage of the federal credit or own schedule, and refundability",yes (2 income-tax files)
us-wi,S20,state,state statute,PRESENT,2026-07-16-pit-west-chapter-71,us-wi/statute/71.07,"yes (credits/earned_income, income/credits/earned_income)","eligibility read from the EITC section; no deviation text (ITIN/age/childless) matched, so the state appears to follow federal eligibility (verify)","State EITC deviations from federal eligibility (ITIN filers, age 18-24, childless amount, non-custodial), read from the EITC section",yes (2 income-tax files)
us-wi,S21,state,state statute,N/A,,,no,"N/A: no state child credit/child deduction in TY2025 law (analyst knowledge, verify)",State child tax credit / dependent credit / young child credit amount,yes (2 income-tax files)
us-wi,S22,state,state statute,N/A,,,no,"N/A: no state child credit/child deduction in TY2025 law (analyst knowledge, verify)",State child credit phase-out / income limit and refundability,yes (2 income-tax files)
us-wi,S23,state,state statute,PRESENT,2026-07-16-pit-west-chapter-71,us-wi/statute/71.28,no,"statute body ('Credits.', 160785 chars): 'ed 15 percent of such investment, and the amount of the investment made in establishing a child care program, not to exceed 15 percent of such investment, as determined by the Wisc'",Child and dependent care credit: percentage of the federal credit or own schedule,yes (2 income-tax files)
us-wi,S24,state,state statute,PRESENT,2026-07-16-pit-west-chapter-71,us-wi/statute/71.07,no,"statute body ('Credits.', 208039 chars): 'ess all nonrefundable credits that may be claimed by that taxpayer, except the credit for taxes paid to other states. 2. “State” includes the District of Columbia, but does not inc'; NOTE: whole-chapter dump, the fact is inside a >200k-char body (weak provenance, needs sectioning)","Credit for income taxes paid to other states (resident credit, limitation)",yes (2 income-tax files)
us-wi,S25,state,state statute,EXTRACTABLE,,,"yes (credits, income/credits)",no selected statute body for this state carries it (selected statute scopes: 2026-07-16-pit-west-chapter-71; income-tax chapter rows: 99); the state code is posted by the state code publisher (legislature/revisor site; see queue candidate_sources),"Low-income credit, no-tax floor, or low-income exclusion (poverty-level relief)",yes (2 income-tax files)
us-wi,S26,state,state statute,PRESENT,2026-07-16-pit-west-chapter-71,us-wi/statute/71.53,"yes (credits/homestead, credits/property_tax, income/credits/property_tax)","statute body ('Filing claims.', 2278 chars): 'itations provided in this subchapter and s. 71.80 (3) and (3m), a claimant may claim as a credit against Wisconsin income taxes otherwise due, Wisconsin property taxes accrued, or '","Property tax circuit breaker, renter or homestead credit claimed on the income tax return",yes (2 income-tax files)
us-wi,S27,state,state statute,PRESENT,2026-07-16-pit-west-chapter-71,us-wi/statute/71.28,"yes (credits, income/credits)","statute body ('Credits.', 160785 chars): 'f Wisconsin System institution, a technical college system institution, or a regionally accredited 4-year nonprofit college or university having its regional headquarters and princ'","Other personal credits enumerated in the credits article (education, adoption, charitable, long-term care, elderly, volunteer, etc.)",yes (2 income-tax files)
us-wi,S28,state,state statute,N/A,,,no,"N/A: no state AMT (analyst knowledge, verify)","State alternative minimum tax (rate, exemption, AMTI base) where enacted",yes (2 income-tax files)
us-wi,S29,state,state statute or bulletin,N/A,,,no,"N/A: no surtax or special individual income tax (analyst knowledge, verify)","Surtax or special individual tax (millionaire surtax, mental health tax, capital gains excise, interest and dividends tax, high-earner tax) where enacted, incl. the year's threshold",yes (2 income-tax files)
us-wi,S30,state,state statute,PRESENT,2026-07-16-pit-west-chapter-71,us-wi/statute/71.04,no,"statute body ('Situs of income; allocation and apportionment.', 23913 chars): 'd trusts shall follow the residence of the individual, estate or trust. Income or loss of nonresident individuals and nonresident estates and trusts from business, not requiring ap'","Nonresident and part-year resident sourcing and apportionment (income from sources within the state, proration)",yes (2 income-tax files)
us-wi,S31,state,state statute,PRESENT,2026-07-16-pit-west-chapter-71,us-wi/statute/71.64,no,"statute body ('Employers required to withhold.', 9199 chars): '(1) Withholding from wages. (a) Every employer at the time of payment of wages to an employee shall deduct and withhold from such wages, without regard for federal insurance contri'",Employer withholding requirement and withholding tables/formula,yes (2 income-tax files)
us-wi,S32,state,state statute,PRESENT,2026-07-16-pit-west-chapter-71,us-wi/statute/71.09,no,"statute body ('Payment of estimated taxes.', 10510 chars): 'hose trusts are subject to estimated tax payments under s. 71.29. (3) Farmers or fishers. Payments of estimated income tax required by sub. (2) from farmers or fishers may be made '","Individual estimated tax requirement, safe harbor and underpayment interest",yes (2 income-tax files)
us-wi,S33,state,state statute,PRESENT,2026-07-16-pit-west-chapter-71,us-wi/statute/71.03,no,"statute body ('Filing returns; certain claims.', 19083 chars): 'n and every person who changes domicile into or out of this state during the taxable year shall file a return if the person is unmarried and has gross income of $2,000 or more, or '","Filing threshold: who must file a return (income floor, exemption-based, gross income test)",yes (2 income-tax files)
us-wi,S34,state,state statute,PRESENT,2026-07-16-pit-west-chapter-71,us-wi/statute/71.03,no,"statute body ('Filing returns; certain claims.', 19083 chars): 'calendar year basis in conformity with the filing requirements in subs. (6) and (7). (7) Extension of time to file. Returns of natural persons and fiduciaries that require a statem'","Return due date, extensions, joint return liability and innocent spouse",yes (2 income-tax files)
us-wi,S35,state,state statute,N/A,,,no,"N/A: no local income tax authorized by the state code (analyst knowledge, verify)","Local income taxes (county, municipal, school district, city) authorized or imposed by the state code, where they exist",yes (2 income-tax files)
us-wi,R01,state,state regulation,EXTRACTABLE,,,n/a (document carrier; see the rule elements it carries),no selected regulation scope for this state is a revenue-department income tax regulation (the selected regulation scopes are benefit-program rules); the administrative code chapter is posted by the state's code publisher,State income tax regulations: the revenue department's administrative code chapter on the individual income tax,yes (2 income-tax files)
us-wi,F01,state,state form instructions and rate schedules,EXTRACTABLE,,,n/a (document carrier; see the rule elements it carries),no TY2025 resident return form in any selected form scope (form documents present: none); queue row 'done' points at form/2026-07-22-wi-form1-es-2026; publisher forms index: state revenue department forms page,Tax year 2025 resident individual income tax return form,yes (2 income-tax files)
us-wi,F02,state,state form instructions and rate schedules,EXTRACTABLE,,,n/a (document carrier; see the rule elements it carries),no TY2025 resident instruction booklet in any selected form scope (form documents present: none); queue row 'done' points at form/2026-07-22-wi-form1-es-2026; publisher forms index: state revenue department forms page,"Tax year 2025 resident return instruction booklet (line-by-line rules, worksheets)",yes (2 income-tax files)
us-wi,F03,state,state form instructions and rate schedules,EXTRACTABLE,,,"yes (income/rates, rates)",no TY2025 rate schedule/tax table/flat-rate body in the selection (form bodies: 0); publisher forms index revenue department forms page,"Tax year 2025 rate schedule, tax table or flat rate with the year's dollar thresholds (as printed)",yes (2 income-tax files)
us-wi,F04,state,state form instructions and rate schedules,EXTRACTABLE,,,"yes (deductions/standard, income/deductions, income/deductions/standard)",no TY2025 instruction body carrying the printed standard deduction/exemption amounts in the selection; publisher forms index revenue department forms page,Tax year 2025 standard deduction and exemption dollar amounts as printed in the instructions,yes (2 income-tax files)
us-wi,F05,state,state form instructions and rate schedules,EXTRACTABLE,,,"yes (credits/earned_income, income/credits/earned_income)",no TY2025 instruction body carrying the state EITC/child credit parameters in the selection; publisher forms index revenue department forms page,"Tax year 2025 state EITC / child credit parameters as printed in the instructions (percentage of federal, amounts, worksheets)",yes (2 income-tax files)
us-wi,F06,state,state department bulletins,REVIEW,,,"yes (income/rates, rates)",no 2026-labelled body with amounts in any selected scope and the queue row records no 2026 product; whether the department has posted TY2026 figures (most publish them in the 2026 estimated-tax or withholding instructions) was not verified,"Tax year 2026 indexed amounts (rate schedule, standard deduction, exemptions) as published for the year (estimated-tax instructions or department bulletin)",yes (2 income-tax files)
us-wv,S01,state,state statute,PRESENT,2026-07-16-pit-west-us-wv-chapter-11-article-21,us-wv/statute/11-21-3A,"yes (income/rates, rates)","statute body ('Imposition of tax; persons subject to tax', 6141 chars): 'ion, the tax shall be treated as a tax imposed on the pass-through entity itself. The tax levied under this section is intended to comply with the provisions of Internal Revenue Se'",Imposition of the individual income tax (or the constitutional/statutory bar for the nine no-tax states),yes (2 income-tax files)
us-wv,S02,state conformity,state statute,PRESENT,2026-07-16-pit-west-us-wv-chapter-11-article-21,us-wv/statute/11-21-71A,no,"statute body ('Withholding tax on West Virginia source income of nonresiden', 21182 chars): 'corporation"" means a corporation for which a valid election under Section 1362(a) of the Internal Revenue Code is in effect for the taxable period. All other corporations are C cor'",Internal Revenue Code conformity date (static or rolling) as defined in the chapter,yes (2 income-tax files)
us-wv,S03,state,state statute,PRESENT,2026-07-16-pit-west-us-wv-chapter-11-article-21,us-wv/statute/11-21-7,no,"statute body ('Resident and nonresident defined', 1145 chars): '(a) Resident individual. -- Resident individual means an individual: (1) Who is domiciled in this state, unless he maintains no permanent place'","Resident, nonresident and part-year resident definitions (domicile, statutory residence day count)",yes (2 income-tax files)
us-wv,S04,state conformity,state statute,PRESENT,2026-07-16-pit-west-us-wv-chapter-11-article-21,us-wv/statute/11-21-4E,"yes (income/rates, rates)","statute body ('Rate of tax -- Taxable years beginning on or after January 1', 2096 chars): 'ndividual (except married individuals filing separate returns); every individual who is a head of a household in the determination of his or her federal income tax for the taxable '","Filing statuses and joint/separate return rules (married joint, separate, head of household, surviving spouse)",yes (2 income-tax files)
us-wv,S05,state conformity,state statute,PRESENT,2026-07-16-pit-west-us-wv-chapter-11-article-21,us-wv/statute/11-21-12,no,"statute body ('West Virginia adjusted gross income of resident individual', 15153 chars): 'eral. — The West Virginia adjusted gross income of a resident individual means his or her federal adjusted gross income as defined in the laws of the United States for the taxable '","Starting point: state gross/adjusted gross/taxable income defined from federal AGI, federal taxable income, or own gross income",yes (2 income-tax files)
us-wv,S06,state,state statute,PRESENT,2026-07-16-pit-west-us-wv-chapter-11-article-21,us-wv/statute/11-21-4,"yes (income/rates, rates)","statute body ('Rate of tax -- Taxable years ending prior to January 1, 1963', 1880 chars): 'es) and upon the West Virginia taxable income of every estate and trust shall be equal to six per centum of the federal income tax which would be imposed on an identical amount of '","Rate schedule: bracket thresholds and marginal rates, or the flat rate (statute)",yes (2 income-tax files)
us-wv,S07,state,state statute,N/A,,,"yes (income/rates, rates)","N/A: brackets/deductions are not indexed by statute (analyst knowledge, verify)","Bracket / deduction / exemption indexing rule (inflation adjustment method, base year, rounding)",yes (2 income-tax files)
us-wv,S08,state,state statute,N/A,,,no,"N/A: the state has no standard deduction of its own (federal taxable income start or exemption-only design) (analyst knowledge, verify)",Standard deduction amount(s) by filing status (statute),yes (2 income-tax files)
us-wv,S09,state conformity,state statute,N/A,,,no,"N/A: the state allows no itemized deductions (analyst knowledge, verify)","Itemized deductions: state treatment (federal itemized with modifications, SALT/mortgage limits, own list, or none)",yes (2 income-tax files)
us-wv,S10,state,state statute,PRESENT,2026-07-13-recovery,us-wv/statute/11-21-16/block-1,"yes (exemptions, income/exemptions)","statute body ('§11-21-16. West Virginia personal exemptions of resident ind', 2383 chars): 'ble year prior to January 1, 1983, a resident individual shall be allowed a West Virginia exemption of $600 for each exemption for which he is entitled to a deduction for the taxab'",Personal exemption amount or personal exemption credit (taxpayer and spouse),yes (2 income-tax files)
us-wv,S11,state,state statute,EXTRACTABLE,,,"yes (exemptions, income/exemptions)","no selected statute body for this state carries it (selected statute scopes: 2026-07-13-recovery, 2026-07-16-pit-west-us-wv-chapter-11-article-21; income-tax chapter rows: 150); the state code is posted by the state code publisher (legislature/revisor site; see queue candidate_sources)",Dependent exemption or dependent credit amount,yes (2 income-tax files)
us-wv,S12,state,state statute,EXTRACTABLE,,,"yes (exemptions, income/exemptions)","no selected statute body for this state carries it (selected statute scopes: 2026-07-13-recovery, 2026-07-16-pit-west-us-wv-chapter-11-article-21; income-tax chapter rows: 150); the state code is posted by the state code publisher (legislature/revisor site; see queue candidate_sources)",Additional deduction/exemption/credit for age 65 or over and for blindness,yes (2 income-tax files)
us-wv,S13,state,state statute,PRESENT,2026-07-16-pit-west-us-wv-chapter-11-article-21,us-wv/statute/11-21-12,no,"statute body ('West Virginia adjusted gross income of resident individual', 15153 chars): 'ncreasing federal adjusted gross income. — There shall be added to federal adjusted gross income, unless already included therein, the following items: (1) Interest income on oblig'",Addition: interest on obligations of other states and their subdivisions,yes (2 income-tax files)
us-wv,S14,state,state statute,PRESENT,2026-07-16-pit-west-us-wv-chapter-11-article-21,us-wv/statute/11-21-12,"yes (income/subtractions, subtractions)","statute body ('West Virginia adjusted gross income of resident individual', 15153 chars): 'ng federal adjusted gross income. — There shall be subtracted from federal adjusted gross income to the extent included therein: (1) Interest income on obligations of the United St'",Subtraction: interest on United States obligations,yes (2 income-tax files)
us-wv,S15,state,state statute,PRESENT,2026-07-16-pit-west-us-wv-chapter-11-article-21,us-wv/statute/11-21-12,no,"statute body ('West Virginia adjusted gross income of resident individual', 15153 chars): 'y income. (A) For taxable years beginning on or after January 1, 2022, 100 percent of the social security benefits received pursuant to Chapter 7 of Title 42 of the United States C'",Social Security benefits: full exclusion or the partial-taxation rule and its thresholds,yes (2 income-tax files)
us-wv,S16,state,state statute,PRESENT,2026-07-16-pit-west-us-wv-chapter-11-article-21,us-wv/statute/11-21-77,no,"statute body ('Extension of withholding to certain lottery winnings; lotter', 3123 chars): 'of this code. The West Virginia State Lottery Commission in making any lump sum payment, annuity payment or installment payment of a lottery prize subject to withholding shall dedu'","Pension and retirement income exclusion (amounts, age conditions, public vs private)",yes (2 income-tax files)
us-wv,S17,state,state statute,PRESENT,2026-07-16-pit-west-us-wv-chapter-11-article-21,us-wv/statute/11-21-12E,no,"statute body ('Additional modification reducing federal adjusted gross inco', 1427 chars): 'taxable years beginning after December 31, 2000, in addition to amounts authorized to be subtracted from federal adjusted gross income pursuant to subsection (c), section twelve of'",Military pay and military retirement subtraction,yes (2 income-tax files)
us-wv,S18,state,state statute,N/A,,,no,"N/A: capital gains taxed as ordinary income with no state exclusion (analyst knowledge, verify)","Capital gains: exclusion, deduction, or separate rate (where the state departs from ordinary treatment)",yes (2 income-tax files)
us-wv,S19,state,state statute,N/A,,,no,"N/A: no state EITC in TY2025 law (analyst knowledge, verify)","State EITC: percentage of the federal credit or own schedule, and refundability",yes (2 income-tax files)
us-wv,S20,state,state statute,N/A,,,no,"N/A: no state EITC in TY2025 law (analyst knowledge, verify)","State EITC deviations from federal eligibility (ITIN filers, age 18-24, childless amount, non-custodial), read from the EITC section",yes (2 income-tax files)
us-wv,S21,state,state statute,N/A,,,no,"N/A: no state child credit/child deduction in TY2025 law (analyst knowledge, verify)",State child tax credit / dependent credit / young child credit amount,yes (2 income-tax files)
us-wv,S22,state,state statute,N/A,,,no,"N/A: no state child credit/child deduction in TY2025 law (analyst knowledge, verify)",State child credit phase-out / income limit and refundability,yes (2 income-tax files)
us-wv,S23,state,state statute,EXTRACTABLE,,,"yes (credits/cdcc, income/credits/cdcc)","no selected statute body for this state carries it (selected statute scopes: 2026-07-13-recovery, 2026-07-16-pit-west-us-wv-chapter-11-article-21; income-tax chapter rows: 150); the state code is posted by the state code publisher (legislature/revisor site; see queue candidate_sources)",Child and dependent care credit: percentage of the federal credit or own schedule,yes (2 income-tax files)
us-wv,S24,state,state statute,PRESENT,2026-07-16-pit-west-us-wv-chapter-11-article-21,us-wv/statute/11-21-20,no,"statute body ('Credit for income tax of another state', 3089 chars): 'shall be allowed a credit against the tax otherwise due under this article for any income tax paid to another state of the United States or by the District of Columbia for the taxa'","Credit for income taxes paid to other states (resident credit, limitation)",yes (2 income-tax files)
us-wv,S25,state,state statute,PRESENT,2026-07-16-pit-west-us-wv-chapter-11-article-21,us-wv/statute/11-21-22,"yes (credits, income/credits)","statute body ('Low-income family tax credit', 927 chars): 'overty guidelines, there is hereby created a nonrefundable tax credit, to be known as the low-income family tax credit, against the West Virginia personal income tax. The low-incom'","Low-income credit, no-tax floor, or low-income exclusion (poverty-level relief)",yes (2 income-tax files)
us-wv,S26,state,state statute,PRESENT,2026-07-16-pit-west-us-wv-chapter-11-article-21,us-wv/statute/11-21-24,no,"statute body ('Senior citizen property tax relief credit for tax years begi', 11993 chars): 'oss household income equal to or less than $25,000 for the tax year, living in his or her homestead shall be allowed a refundable credit against the taxes imposed by this article e'","Property tax circuit breaker, renter or homestead credit claimed on the income tax return",yes (2 income-tax files)
us-wv,S27,state,state statute,PRESENT,2026-07-16-pit-west-us-wv-chapter-11-article-21,us-wv/statute/11-21-10A,"yes (credits, income/credits)","statute body ('Adoption tax credit', 579 chars): 'A one time credit against the tax imposed by the provisions of this article shall be allowed as follows: Nonfamily adoptions. — For nonfamily adoptions, the credit is equal to $5,0'","Other personal credits enumerated in the credits article (education, adoption, charitable, long-term care, elderly, volunteer, etc.)",yes (2 income-tax files)
us-wv,S28,state,state statute,N/A,,,no,"N/A: no state AMT (analyst knowledge, verify)","State alternative minimum tax (rate, exemption, AMTI base) where enacted",yes (2 income-tax files)
us-wv,S29,state,state statute or bulletin,N/A,,,no,"N/A: no surtax or special individual income tax (analyst knowledge, verify)","Surtax or special individual tax (millionaire surtax, mental health tax, capital gains excise, interest and dividends tax, high-earner tax) where enacted, incl. the year's threshold",yes (2 income-tax files)
us-wv,S30,state,state statute,PRESENT,2026-07-16-pit-west-us-wv-chapter-11-article-21,us-wv/statute/11-21-32,no,"statute body ('West Virginia source income of nonresident individual', 3702 chars): '(a) General. -- The West Virginia source income of a nonresident individual shall be the sum of the net amount of income, gain, loss and deduction entering into his or her federal '","Nonresident and part-year resident sourcing and apportionment (income from sources within the state, proration)",yes (2 income-tax files)
us-wv,S31,state,state statute,PRESENT,2026-07-16-pit-west-us-wv-chapter-11-article-21,us-wv/statute/11-21-72,no,"statute body ('Information statement for employee', 772 chars): 'Every employer required to deduct and withhold tax under this article from the wages of an employee, or who would have been required so'",Employer withholding requirement and withholding tables/formula,yes (2 income-tax files)
us-wv,S32,state,state statute,PRESENT,2026-07-16-pit-west-us-wv-chapter-11-article-21,us-wv/statute/11-21-55,no,"statute body ('Declaration of estimated tax', 4792 chars): 'he tax. (c) Joint declaration of husband and wife. -- A husband and wife may make a joint declaration of estimated tax as if they were one taxpayer, in which case the liability wit'","Individual estimated tax requirement, safe harbor and underpayment interest",yes (2 income-tax files)
us-wv,S33,state,state statute,EXTRACTABLE,,,no,"no selected statute body for this state carries it (selected statute scopes: 2026-07-13-recovery, 2026-07-16-pit-west-us-wv-chapter-11-article-21; income-tax chapter rows: 150); the state code is posted by the state code publisher (legislature/revisor site; see queue candidate_sources)","Filing threshold: who must file a return (income floor, exemption-based, gross income test)",yes (2 income-tax files)
us-wv,S34,state,state statute,PRESENT,2026-07-16-pit-west-us-wv-chapter-11-article-21,us-wv/statute/11-21-51,no,"statute body ('Returns and liabilities', 4654 chars): '(a) General. — On or before the fifteenth day of the fourth month following the close of a taxable year, an income tax return under this article shall be m'","Return due date, extensions, joint return liability and innocent spouse",yes (2 income-tax files)
us-wv,S35,state,state statute,EXTRACTABLE,,,no,"no selected statute body for this state carries it (selected statute scopes: 2026-07-13-recovery, 2026-07-16-pit-west-us-wv-chapter-11-article-21; income-tax chapter rows: 150); the state code is posted by the state code publisher (legislature/revisor site; see queue candidate_sources)","Local income taxes (county, municipal, school district, city) authorized or imposed by the state code, where they exist",yes (2 income-tax files)
us-wv,R01,state,state regulation,EXTRACTABLE,,,n/a (document carrier; see the rule elements it carries),no selected regulation scope for this state is a revenue-department income tax regulation (the selected regulation scopes are benefit-program rules); the administrative code chapter is posted by the state's code publisher,State income tax regulations: the revenue department's administrative code chapter on the individual income tax,yes (2 income-tax files)
us-wv,F01,state,state form instructions and rate schedules,EXTRACTABLE,,,n/a (document carrier; see the rule elements it carries),no TY2025 resident return form in any selected form scope (form documents present: none); queue row 'done' points at None/None; publisher forms index: state revenue department forms page,Tax year 2025 resident individual income tax return form,yes (2 income-tax files)
us-wv,F02,state,state form instructions and rate schedules,EXTRACTABLE,,,n/a (document carrier; see the rule elements it carries),no TY2025 resident instruction booklet in any selected form scope (form documents present: none); queue row 'done' points at None/None; publisher forms index: state revenue department forms page,"Tax year 2025 resident return instruction booklet (line-by-line rules, worksheets)",yes (2 income-tax files)
us-wv,F03,state,state form instructions and rate schedules,EXTRACTABLE,,,"yes (income/rates, rates)",no TY2025 rate schedule/tax table/flat-rate body in the selection (form bodies: 0); publisher forms index revenue department forms page,"Tax year 2025 rate schedule, tax table or flat rate with the year's dollar thresholds (as printed)",yes (2 income-tax files)
us-wv,F04,state,state form instructions and rate schedules,EXTRACTABLE,,,no,no TY2025 instruction body carrying the printed standard deduction/exemption amounts in the selection; publisher forms index revenue department forms page,Tax year 2025 standard deduction and exemption dollar amounts as printed in the instructions,yes (2 income-tax files)
us-wv,F05,state,state form instructions and rate schedules,N/A,,,no,"N/A: no state EITC or child credit in TY2025 law (analyst knowledge, verify)","Tax year 2025 state EITC / child credit parameters as printed in the instructions (percentage of federal, amounts, worksheets)",yes (2 income-tax files)
us-wv,F06,state,state department bulletins,REVIEW,,,"yes (income/rates, rates)",no 2026-labelled body with amounts in any selected scope and the queue row records no 2026 product; whether the department has posted TY2026 figures (most publish them in the 2026 estimated-tax or withholding instructions) was not verified,"Tax year 2026 indexed amounts (rate schedule, standard deduction, exemptions) as published for the year (estimated-tax instructions or department bulletin)",yes (2 income-tax files)
us-wy,S01,state,state statute,EXTRACTABLE,,,no,"the queue row is 'done' pointing at guidance/2026-07-24-wy-individual-income-tax-absence, which exists on disk but is not in the 2026-09-11 union selector; no selected scope carries it; the fix is a selector change, not a fetch",Imposition of the individual income tax (or the constitutional/statutory bar for the nine no-tax states),no
us-wy,S02,state conformity,state statute,N/A,,,no,N/A: no broad-based individual income tax; the rule does not exist in this jurisdiction,Internal Revenue Code conformity date (static or rolling) as defined in the chapter,no
us-wy,S03,state,state statute,N/A,,,no,N/A: no broad-based individual income tax; the rule does not exist in this jurisdiction,"Resident, nonresident and part-year resident definitions (domicile, statutory residence day count)",no
us-wy,S04,state conformity,state statute,N/A,,,no,N/A: no broad-based individual income tax; the rule does not exist in this jurisdiction,"Filing statuses and joint/separate return rules (married joint, separate, head of household, surviving spouse)",no
us-wy,S05,state conformity,state statute,N/A,,,no,N/A: no broad-based individual income tax; the rule does not exist in this jurisdiction,"Starting point: state gross/adjusted gross/taxable income defined from federal AGI, federal taxable income, or own gross income",no
us-wy,S06,state,state statute,N/A,,,no,N/A: no broad-based individual income tax; the rule does not exist in this jurisdiction,"Rate schedule: bracket thresholds and marginal rates, or the flat rate (statute)",no
us-wy,S07,state,state statute,N/A,,,no,N/A: no broad-based individual income tax; the rule does not exist in this jurisdiction,"Bracket / deduction / exemption indexing rule (inflation adjustment method, base year, rounding)",no
us-wy,S08,state,state statute,N/A,,,no,N/A: no broad-based individual income tax; the rule does not exist in this jurisdiction,Standard deduction amount(s) by filing status (statute),no
us-wy,S09,state conformity,state statute,N/A,,,no,N/A: no broad-based individual income tax; the rule does not exist in this jurisdiction,"Itemized deductions: state treatment (federal itemized with modifications, SALT/mortgage limits, own list, or none)",no
us-wy,S10,state,state statute,N/A,,,no,N/A: no broad-based individual income tax; the rule does not exist in this jurisdiction,Personal exemption amount or personal exemption credit (taxpayer and spouse),no
us-wy,S11,state,state statute,N/A,,,no,N/A: no broad-based individual income tax; the rule does not exist in this jurisdiction,Dependent exemption or dependent credit amount,no
us-wy,S12,state,state statute,N/A,,,no,N/A: no broad-based individual income tax; the rule does not exist in this jurisdiction,Additional deduction/exemption/credit for age 65 or over and for blindness,no
us-wy,S13,state,state statute,N/A,,,no,N/A: no broad-based individual income tax; the rule does not exist in this jurisdiction,Addition: interest on obligations of other states and their subdivisions,no
us-wy,S14,state,state statute,N/A,,,no,N/A: no broad-based individual income tax; the rule does not exist in this jurisdiction,Subtraction: interest on United States obligations,no
us-wy,S15,state,state statute,N/A,,,no,N/A: no broad-based individual income tax; the rule does not exist in this jurisdiction,Social Security benefits: full exclusion or the partial-taxation rule and its thresholds,no
us-wy,S16,state,state statute,N/A,,,no,N/A: no broad-based individual income tax; the rule does not exist in this jurisdiction,"Pension and retirement income exclusion (amounts, age conditions, public vs private)",no
us-wy,S17,state,state statute,N/A,,,no,N/A: no broad-based individual income tax; the rule does not exist in this jurisdiction,Military pay and military retirement subtraction,no
us-wy,S18,state,state statute,N/A,,,no,"N/A: capital gains taxed as ordinary income with no state exclusion (analyst knowledge, verify)","Capital gains: exclusion, deduction, or separate rate (where the state departs from ordinary treatment)",no
us-wy,S19,state,state statute,N/A,,,no,"N/A: no state EITC in TY2025 law (analyst knowledge, verify)","State EITC: percentage of the federal credit or own schedule, and refundability",no
us-wy,S20,state,state statute,N/A,,,no,"N/A: no state EITC in TY2025 law (analyst knowledge, verify)","State EITC deviations from federal eligibility (ITIN filers, age 18-24, childless amount, non-custodial), read from the EITC section",no
us-wy,S21,state,state statute,N/A,,,no,N/A: no broad-based individual income tax; the rule does not exist in this jurisdiction,State child tax credit / dependent credit / young child credit amount,no
us-wy,S22,state,state statute,N/A,,,no,N/A: no broad-based individual income tax; the rule does not exist in this jurisdiction,State child credit phase-out / income limit and refundability,no
us-wy,S23,state,state statute,N/A,,,no,N/A: no broad-based individual income tax; the rule does not exist in this jurisdiction,Child and dependent care credit: percentage of the federal credit or own schedule,no
us-wy,S24,state,state statute,N/A,,,no,N/A: no broad-based individual income tax; the rule does not exist in this jurisdiction,"Credit for income taxes paid to other states (resident credit, limitation)",no
us-wy,S25,state,state statute,N/A,,,no,N/A: no broad-based individual income tax; the rule does not exist in this jurisdiction,"Low-income credit, no-tax floor, or low-income exclusion (poverty-level relief)",no
us-wy,S26,state,state statute,N/A,,,no,N/A: no broad-based individual income tax; the rule does not exist in this jurisdiction,"Property tax circuit breaker, renter or homestead credit claimed on the income tax return",no
us-wy,S27,state,state statute,N/A,,,no,N/A: no broad-based individual income tax; the rule does not exist in this jurisdiction,"Other personal credits enumerated in the credits article (education, adoption, charitable, long-term care, elderly, volunteer, etc.)",no
us-wy,S28,state,state statute,N/A,,,no,N/A: no broad-based individual income tax; the rule does not exist in this jurisdiction,"State alternative minimum tax (rate, exemption, AMTI base) where enacted",no
us-wy,S29,state,state statute or bulletin,N/A,,,no,"N/A: no surtax or special individual income tax (analyst knowledge, verify)","Surtax or special individual tax (millionaire surtax, mental health tax, capital gains excise, interest and dividends tax, high-earner tax) where enacted, incl. the year's threshold",no
us-wy,S30,state,state statute,N/A,,,no,N/A: no broad-based individual income tax; the rule does not exist in this jurisdiction,"Nonresident and part-year resident sourcing and apportionment (income from sources within the state, proration)",no
us-wy,S31,state,state statute,N/A,,,no,N/A: no broad-based individual income tax; the rule does not exist in this jurisdiction,Employer withholding requirement and withholding tables/formula,no
us-wy,S32,state,state statute,N/A,,,no,N/A: no broad-based individual income tax; the rule does not exist in this jurisdiction,"Individual estimated tax requirement, safe harbor and underpayment interest",no
us-wy,S33,state,state statute,N/A,,,no,N/A: no broad-based individual income tax; the rule does not exist in this jurisdiction,"Filing threshold: who must file a return (income floor, exemption-based, gross income test)",no
us-wy,S34,state,state statute,N/A,,,no,N/A: no broad-based individual income tax; the rule does not exist in this jurisdiction,"Return due date, extensions, joint return liability and innocent spouse",no
us-wy,S35,state,state statute,N/A,,,no,N/A: no broad-based individual income tax; the rule does not exist in this jurisdiction,"Local income taxes (county, municipal, school district, city) authorized or imposed by the state code, where they exist",no
us-wy,R01,state,state regulation,N/A,,,n/a (document carrier; see the rule elements it carries),N/A: no broad-based individual income tax; the rule does not exist in this jurisdiction,State income tax regulations: the revenue department's administrative code chapter on the individual income tax,no
us-wy,F01,state,state form instructions and rate schedules,N/A,,,n/a (document carrier; see the rule elements it carries),N/A: no resident individual income tax return exists (no broad-based income tax),Tax year 2025 resident individual income tax return form,no
us-wy,F02,state,state form instructions and rate schedules,N/A,,,n/a (document carrier; see the rule elements it carries),N/A: no resident individual income tax return exists (no broad-based income tax),"Tax year 2025 resident return instruction booklet (line-by-line rules, worksheets)",no
us-wy,F03,state,state form instructions and rate schedules,N/A,,,no,N/A: no broad-based individual income tax; the rule does not exist in this jurisdiction,"Tax year 2025 rate schedule, tax table or flat rate with the year's dollar thresholds (as printed)",no
us-wy,F04,state,state form instructions and rate schedules,N/A,,,no,N/A: no broad-based individual income tax; the rule does not exist in this jurisdiction,Tax year 2025 standard deduction and exemption dollar amounts as printed in the instructions,no
us-wy,F05,state,state form instructions and rate schedules,N/A,,,no,"N/A: no state EITC or child credit in TY2025 law (analyst knowledge, verify)","Tax year 2025 state EITC / child credit parameters as printed in the instructions (percentage of federal, amounts, worksheets)",no
us-wy,F06,state,state department bulletins,N/A,,,no,N/A: no broad-based individual income tax; the rule does not exist in this jurisdiction,"Tax year 2026 indexed amounts (rate schedule, standard deduction, exemptions) as published for the year (estimated-tax instructions or department bulletin)",no
