program,jurisdiction,element,old_status,new_status,scope_version,citation_path,note
ssi,us,SSI-F-CFR416-APPK,EXTRACTABLE,PRESENT,us/regulation/2026-09-15-title-20-part-416-appendix-k,us/regulation/20/416/subpart-K/appendix/block-1,"Appendix to Subpart K taken as an official document from the eCFR renderer API (22,885 characters; extract-ecfr --include-appendices rejects subpart-scoped identifiers); inherited by every state"
ssi,us-ak,SSI-F-CFR416-APPK,EXTRACTABLE,PRESENT,us/regulation/2026-09-15-title-20-part-416-appendix-k,us/regulation/20/416/subpart-K/appendix/block-1,"Appendix to Subpart K taken as an official document from the eCFR renderer API (22,885 characters; extract-ecfr --include-appendices rejects subpart-scoped identifiers); inherited by every state"
ssi,us-al,SSI-F-CFR416-APPK,EXTRACTABLE,PRESENT,us/regulation/2026-09-15-title-20-part-416-appendix-k,us/regulation/20/416/subpart-K/appendix/block-1,"Appendix to Subpart K taken as an official document from the eCFR renderer API (22,885 characters; extract-ecfr --include-appendices rejects subpart-scoped identifiers); inherited by every state"
ssi,us-ar,SSI-F-CFR416-APPK,EXTRACTABLE,PRESENT,us/regulation/2026-09-15-title-20-part-416-appendix-k,us/regulation/20/416/subpart-K/appendix/block-1,"Appendix to Subpart K taken as an official document from the eCFR renderer API (22,885 characters; extract-ecfr --include-appendices rejects subpart-scoped identifiers); inherited by every state"
ssi,us-az,SSI-F-CFR416-APPK,EXTRACTABLE,PRESENT,us/regulation/2026-09-15-title-20-part-416-appendix-k,us/regulation/20/416/subpart-K/appendix/block-1,"Appendix to Subpart K taken as an official document from the eCFR renderer API (22,885 characters; extract-ecfr --include-appendices rejects subpart-scoped identifiers); inherited by every state"
ssi,us-ca,SSI-F-CFR416-APPK,EXTRACTABLE,PRESENT,us/regulation/2026-09-15-title-20-part-416-appendix-k,us/regulation/20/416/subpart-K/appendix/block-1,"Appendix to Subpart K taken as an official document from the eCFR renderer API (22,885 characters; extract-ecfr --include-appendices rejects subpart-scoped identifiers); inherited by every state"
ssi,us-co,SSI-F-CFR416-APPK,EXTRACTABLE,PRESENT,us/regulation/2026-09-15-title-20-part-416-appendix-k,us/regulation/20/416/subpart-K/appendix/block-1,"Appendix to Subpart K taken as an official document from the eCFR renderer API (22,885 characters; extract-ecfr --include-appendices rejects subpart-scoped identifiers); inherited by every state"
ssi,us-ct,SSI-F-CFR416-APPK,EXTRACTABLE,PRESENT,us/regulation/2026-09-15-title-20-part-416-appendix-k,us/regulation/20/416/subpart-K/appendix/block-1,"Appendix to Subpart K taken as an official document from the eCFR renderer API (22,885 characters; extract-ecfr --include-appendices rejects subpart-scoped identifiers); inherited by every state"
ssi,us-dc,SSI-F-CFR416-APPK,EXTRACTABLE,PRESENT,us/regulation/2026-09-15-title-20-part-416-appendix-k,us/regulation/20/416/subpart-K/appendix/block-1,"Appendix to Subpart K taken as an official document from the eCFR renderer API (22,885 characters; extract-ecfr --include-appendices rejects subpart-scoped identifiers); inherited by every state"
ssi,us-de,SSI-F-CFR416-APPK,EXTRACTABLE,PRESENT,us/regulation/2026-09-15-title-20-part-416-appendix-k,us/regulation/20/416/subpart-K/appendix/block-1,"Appendix to Subpart K taken as an official document from the eCFR renderer API (22,885 characters; extract-ecfr --include-appendices rejects subpart-scoped identifiers); inherited by every state"
ssi,us-fl,SSI-F-CFR416-APPK,EXTRACTABLE,PRESENT,us/regulation/2026-09-15-title-20-part-416-appendix-k,us/regulation/20/416/subpart-K/appendix/block-1,"Appendix to Subpart K taken as an official document from the eCFR renderer API (22,885 characters; extract-ecfr --include-appendices rejects subpart-scoped identifiers); inherited by every state"
ssi,us-ga,SSI-F-CFR416-APPK,EXTRACTABLE,PRESENT,us/regulation/2026-09-15-title-20-part-416-appendix-k,us/regulation/20/416/subpart-K/appendix/block-1,"Appendix to Subpart K taken as an official document from the eCFR renderer API (22,885 characters; extract-ecfr --include-appendices rejects subpart-scoped identifiers); inherited by every state"
ssi,us-hi,SSI-F-CFR416-APPK,EXTRACTABLE,PRESENT,us/regulation/2026-09-15-title-20-part-416-appendix-k,us/regulation/20/416/subpart-K/appendix/block-1,"Appendix to Subpart K taken as an official document from the eCFR renderer API (22,885 characters; extract-ecfr --include-appendices rejects subpart-scoped identifiers); inherited by every state"
ssi,us-ia,SSI-F-CFR416-APPK,EXTRACTABLE,PRESENT,us/regulation/2026-09-15-title-20-part-416-appendix-k,us/regulation/20/416/subpart-K/appendix/block-1,"Appendix to Subpart K taken as an official document from the eCFR renderer API (22,885 characters; extract-ecfr --include-appendices rejects subpart-scoped identifiers); inherited by every state"
ssi,us-id,SSI-F-CFR416-APPK,EXTRACTABLE,PRESENT,us/regulation/2026-09-15-title-20-part-416-appendix-k,us/regulation/20/416/subpart-K/appendix/block-1,"Appendix to Subpart K taken as an official document from the eCFR renderer API (22,885 characters; extract-ecfr --include-appendices rejects subpart-scoped identifiers); inherited by every state"
ssi,us-il,SSI-F-CFR416-APPK,EXTRACTABLE,PRESENT,us/regulation/2026-09-15-title-20-part-416-appendix-k,us/regulation/20/416/subpart-K/appendix/block-1,"Appendix to Subpart K taken as an official document from the eCFR renderer API (22,885 characters; extract-ecfr --include-appendices rejects subpart-scoped identifiers); inherited by every state"
ssi,us-in,SSI-F-CFR416-APPK,EXTRACTABLE,PRESENT,us/regulation/2026-09-15-title-20-part-416-appendix-k,us/regulation/20/416/subpart-K/appendix/block-1,"Appendix to Subpart K taken as an official document from the eCFR renderer API (22,885 characters; extract-ecfr --include-appendices rejects subpart-scoped identifiers); inherited by every state"
ssi,us-ks,SSI-F-CFR416-APPK,EXTRACTABLE,PRESENT,us/regulation/2026-09-15-title-20-part-416-appendix-k,us/regulation/20/416/subpart-K/appendix/block-1,"Appendix to Subpart K taken as an official document from the eCFR renderer API (22,885 characters; extract-ecfr --include-appendices rejects subpart-scoped identifiers); inherited by every state"
ssi,us-ky,SSI-F-CFR416-APPK,EXTRACTABLE,PRESENT,us/regulation/2026-09-15-title-20-part-416-appendix-k,us/regulation/20/416/subpart-K/appendix/block-1,"Appendix to Subpart K taken as an official document from the eCFR renderer API (22,885 characters; extract-ecfr --include-appendices rejects subpart-scoped identifiers); inherited by every state"
ssi,us-la,SSI-F-CFR416-APPK,EXTRACTABLE,PRESENT,us/regulation/2026-09-15-title-20-part-416-appendix-k,us/regulation/20/416/subpart-K/appendix/block-1,"Appendix to Subpart K taken as an official document from the eCFR renderer API (22,885 characters; extract-ecfr --include-appendices rejects subpart-scoped identifiers); inherited by every state"
ssi,us-ma,SSI-F-CFR416-APPK,EXTRACTABLE,PRESENT,us/regulation/2026-09-15-title-20-part-416-appendix-k,us/regulation/20/416/subpart-K/appendix/block-1,"Appendix to Subpart K taken as an official document from the eCFR renderer API (22,885 characters; extract-ecfr --include-appendices rejects subpart-scoped identifiers); inherited by every state"
ssi,us-md,SSI-F-CFR416-APPK,EXTRACTABLE,PRESENT,us/regulation/2026-09-15-title-20-part-416-appendix-k,us/regulation/20/416/subpart-K/appendix/block-1,"Appendix to Subpart K taken as an official document from the eCFR renderer API (22,885 characters; extract-ecfr --include-appendices rejects subpart-scoped identifiers); inherited by every state"
ssi,us-me,SSI-F-CFR416-APPK,EXTRACTABLE,PRESENT,us/regulation/2026-09-15-title-20-part-416-appendix-k,us/regulation/20/416/subpart-K/appendix/block-1,"Appendix to Subpart K taken as an official document from the eCFR renderer API (22,885 characters; extract-ecfr --include-appendices rejects subpart-scoped identifiers); inherited by every state"
ssi,us-mi,SSI-F-CFR416-APPK,EXTRACTABLE,PRESENT,us/regulation/2026-09-15-title-20-part-416-appendix-k,us/regulation/20/416/subpart-K/appendix/block-1,"Appendix to Subpart K taken as an official document from the eCFR renderer API (22,885 characters; extract-ecfr --include-appendices rejects subpart-scoped identifiers); inherited by every state"
ssi,us-mn,SSI-F-CFR416-APPK,EXTRACTABLE,PRESENT,us/regulation/2026-09-15-title-20-part-416-appendix-k,us/regulation/20/416/subpart-K/appendix/block-1,"Appendix to Subpart K taken as an official document from the eCFR renderer API (22,885 characters; extract-ecfr --include-appendices rejects subpart-scoped identifiers); inherited by every state"
ssi,us-mo,SSI-F-CFR416-APPK,EXTRACTABLE,PRESENT,us/regulation/2026-09-15-title-20-part-416-appendix-k,us/regulation/20/416/subpart-K/appendix/block-1,"Appendix to Subpart K taken as an official document from the eCFR renderer API (22,885 characters; extract-ecfr --include-appendices rejects subpart-scoped identifiers); inherited by every state"
ssi,us-ms,SSI-F-CFR416-APPK,EXTRACTABLE,PRESENT,us/regulation/2026-09-15-title-20-part-416-appendix-k,us/regulation/20/416/subpart-K/appendix/block-1,"Appendix to Subpart K taken as an official document from the eCFR renderer API (22,885 characters; extract-ecfr --include-appendices rejects subpart-scoped identifiers); inherited by every state"
ssi,us-mt,SSI-F-CFR416-APPK,EXTRACTABLE,PRESENT,us/regulation/2026-09-15-title-20-part-416-appendix-k,us/regulation/20/416/subpart-K/appendix/block-1,"Appendix to Subpart K taken as an official document from the eCFR renderer API (22,885 characters; extract-ecfr --include-appendices rejects subpart-scoped identifiers); inherited by every state"
ssi,us-nc,SSI-F-CFR416-APPK,EXTRACTABLE,PRESENT,us/regulation/2026-09-15-title-20-part-416-appendix-k,us/regulation/20/416/subpart-K/appendix/block-1,"Appendix to Subpart K taken as an official document from the eCFR renderer API (22,885 characters; extract-ecfr --include-appendices rejects subpart-scoped identifiers); inherited by every state"
ssi,us-nd,SSI-F-CFR416-APPK,EXTRACTABLE,PRESENT,us/regulation/2026-09-15-title-20-part-416-appendix-k,us/regulation/20/416/subpart-K/appendix/block-1,"Appendix to Subpart K taken as an official document from the eCFR renderer API (22,885 characters; extract-ecfr --include-appendices rejects subpart-scoped identifiers); inherited by every state"
ssi,us-ne,SSI-F-CFR416-APPK,EXTRACTABLE,PRESENT,us/regulation/2026-09-15-title-20-part-416-appendix-k,us/regulation/20/416/subpart-K/appendix/block-1,"Appendix to Subpart K taken as an official document from the eCFR renderer API (22,885 characters; extract-ecfr --include-appendices rejects subpart-scoped identifiers); inherited by every state"
ssi,us-nh,SSI-F-CFR416-APPK,EXTRACTABLE,PRESENT,us/regulation/2026-09-15-title-20-part-416-appendix-k,us/regulation/20/416/subpart-K/appendix/block-1,"Appendix to Subpart K taken as an official document from the eCFR renderer API (22,885 characters; extract-ecfr --include-appendices rejects subpart-scoped identifiers); inherited by every state"
ssi,us-nj,SSI-F-CFR416-APPK,EXTRACTABLE,PRESENT,us/regulation/2026-09-15-title-20-part-416-appendix-k,us/regulation/20/416/subpart-K/appendix/block-1,"Appendix to Subpart K taken as an official document from the eCFR renderer API (22,885 characters; extract-ecfr --include-appendices rejects subpart-scoped identifiers); inherited by every state"
ssi,us-nm,SSI-F-CFR416-APPK,EXTRACTABLE,PRESENT,us/regulation/2026-09-15-title-20-part-416-appendix-k,us/regulation/20/416/subpart-K/appendix/block-1,"Appendix to Subpart K taken as an official document from the eCFR renderer API (22,885 characters; extract-ecfr --include-appendices rejects subpart-scoped identifiers); inherited by every state"
ssi,us-nv,SSI-F-CFR416-APPK,EXTRACTABLE,PRESENT,us/regulation/2026-09-15-title-20-part-416-appendix-k,us/regulation/20/416/subpart-K/appendix/block-1,"Appendix to Subpart K taken as an official document from the eCFR renderer API (22,885 characters; extract-ecfr --include-appendices rejects subpart-scoped identifiers); inherited by every state"
ssi,us-ny,SSI-F-CFR416-APPK,EXTRACTABLE,PRESENT,us/regulation/2026-09-15-title-20-part-416-appendix-k,us/regulation/20/416/subpart-K/appendix/block-1,"Appendix to Subpart K taken as an official document from the eCFR renderer API (22,885 characters; extract-ecfr --include-appendices rejects subpart-scoped identifiers); inherited by every state"
ssi,us-oh,SSI-F-CFR416-APPK,EXTRACTABLE,PRESENT,us/regulation/2026-09-15-title-20-part-416-appendix-k,us/regulation/20/416/subpart-K/appendix/block-1,"Appendix to Subpart K taken as an official document from the eCFR renderer API (22,885 characters; extract-ecfr --include-appendices rejects subpart-scoped identifiers); inherited by every state"
ssi,us-ok,SSI-F-CFR416-APPK,EXTRACTABLE,PRESENT,us/regulation/2026-09-15-title-20-part-416-appendix-k,us/regulation/20/416/subpart-K/appendix/block-1,"Appendix to Subpart K taken as an official document from the eCFR renderer API (22,885 characters; extract-ecfr --include-appendices rejects subpart-scoped identifiers); inherited by every state"
ssi,us-or,SSI-F-CFR416-APPK,EXTRACTABLE,PRESENT,us/regulation/2026-09-15-title-20-part-416-appendix-k,us/regulation/20/416/subpart-K/appendix/block-1,"Appendix to Subpart K taken as an official document from the eCFR renderer API (22,885 characters; extract-ecfr --include-appendices rejects subpart-scoped identifiers); inherited by every state"
ssi,us-pa,SSI-F-CFR416-APPK,EXTRACTABLE,PRESENT,us/regulation/2026-09-15-title-20-part-416-appendix-k,us/regulation/20/416/subpart-K/appendix/block-1,"Appendix to Subpart K taken as an official document from the eCFR renderer API (22,885 characters; extract-ecfr --include-appendices rejects subpart-scoped identifiers); inherited by every state"
ssi,us-ri,SSI-F-CFR416-APPK,EXTRACTABLE,PRESENT,us/regulation/2026-09-15-title-20-part-416-appendix-k,us/regulation/20/416/subpart-K/appendix/block-1,"Appendix to Subpart K taken as an official document from the eCFR renderer API (22,885 characters; extract-ecfr --include-appendices rejects subpart-scoped identifiers); inherited by every state"
ssi,us-sc,SSI-F-CFR416-APPK,EXTRACTABLE,PRESENT,us/regulation/2026-09-15-title-20-part-416-appendix-k,us/regulation/20/416/subpart-K/appendix/block-1,"Appendix to Subpart K taken as an official document from the eCFR renderer API (22,885 characters; extract-ecfr --include-appendices rejects subpart-scoped identifiers); inherited by every state"
ssi,us-sd,SSI-F-CFR416-APPK,EXTRACTABLE,PRESENT,us/regulation/2026-09-15-title-20-part-416-appendix-k,us/regulation/20/416/subpart-K/appendix/block-1,"Appendix to Subpart K taken as an official document from the eCFR renderer API (22,885 characters; extract-ecfr --include-appendices rejects subpart-scoped identifiers); inherited by every state"
ssi,us-tn,SSI-F-CFR416-APPK,EXTRACTABLE,PRESENT,us/regulation/2026-09-15-title-20-part-416-appendix-k,us/regulation/20/416/subpart-K/appendix/block-1,"Appendix to Subpart K taken as an official document from the eCFR renderer API (22,885 characters; extract-ecfr --include-appendices rejects subpart-scoped identifiers); inherited by every state"
ssi,us-tx,SSI-F-CFR416-APPK,EXTRACTABLE,PRESENT,us/regulation/2026-09-15-title-20-part-416-appendix-k,us/regulation/20/416/subpart-K/appendix/block-1,"Appendix to Subpart K taken as an official document from the eCFR renderer API (22,885 characters; extract-ecfr --include-appendices rejects subpart-scoped identifiers); inherited by every state"
ssi,us-ut,SSI-F-CFR416-APPK,EXTRACTABLE,PRESENT,us/regulation/2026-09-15-title-20-part-416-appendix-k,us/regulation/20/416/subpart-K/appendix/block-1,"Appendix to Subpart K taken as an official document from the eCFR renderer API (22,885 characters; extract-ecfr --include-appendices rejects subpart-scoped identifiers); inherited by every state"
ssi,us-va,SSI-F-CFR416-APPK,EXTRACTABLE,PRESENT,us/regulation/2026-09-15-title-20-part-416-appendix-k,us/regulation/20/416/subpart-K/appendix/block-1,"Appendix to Subpart K taken as an official document from the eCFR renderer API (22,885 characters; extract-ecfr --include-appendices rejects subpart-scoped identifiers); inherited by every state"
ssi,us-vt,SSI-F-CFR416-APPK,EXTRACTABLE,PRESENT,us/regulation/2026-09-15-title-20-part-416-appendix-k,us/regulation/20/416/subpart-K/appendix/block-1,"Appendix to Subpart K taken as an official document from the eCFR renderer API (22,885 characters; extract-ecfr --include-appendices rejects subpart-scoped identifiers); inherited by every state"
ssi,us-wa,SSI-F-CFR416-APPK,EXTRACTABLE,PRESENT,us/regulation/2026-09-15-title-20-part-416-appendix-k,us/regulation/20/416/subpart-K/appendix/block-1,"Appendix to Subpart K taken as an official document from the eCFR renderer API (22,885 characters; extract-ecfr --include-appendices rejects subpart-scoped identifiers); inherited by every state"
ssi,us-wi,SSI-F-CFR416-APPK,EXTRACTABLE,PRESENT,us/regulation/2026-09-15-title-20-part-416-appendix-k,us/regulation/20/416/subpart-K/appendix/block-1,"Appendix to Subpart K taken as an official document from the eCFR renderer API (22,885 characters; extract-ecfr --include-appendices rejects subpart-scoped identifiers); inherited by every state"
ssi,us-wv,SSI-F-CFR416-APPK,EXTRACTABLE,PRESENT,us/regulation/2026-09-15-title-20-part-416-appendix-k,us/regulation/20/416/subpart-K/appendix/block-1,"Appendix to Subpart K taken as an official document from the eCFR renderer API (22,885 characters; extract-ecfr --include-appendices rejects subpart-scoped identifiers); inherited by every state"
ssi,us-wy,SSI-F-CFR416-APPK,EXTRACTABLE,PRESENT,us/regulation/2026-09-15-title-20-part-416-appendix-k,us/regulation/20/416/subpart-K/appendix/block-1,"Appendix to Subpart K taken as an official document from the eCFR renderer API (22,885 characters; extract-ecfr --include-appendices rejects subpart-scoped identifiers); inherited by every state"
ssi,us,SSI-F-POMS-SI-00529,EXTRACTABLE,PRESENT,us/manual/2026-09-15-ssi-poms-si-00529,us/manual/ssa/poms/si/r00529.020/redacted-pdf,"SI 00529's only listed section (SI R00529.020) is a redacted regional page whose HTML links the text as a PDF; the PDF taken (11 text pages, 19,556 characters); the si-remainder scope holds only the 46-character HTML stub"
ssi,us-ak,SSI-F-POMS-SI-00529,EXTRACTABLE,PRESENT,us/manual/2026-09-15-ssi-poms-si-00529,us/manual/ssa/poms/si/r00529.020/redacted-pdf,"SI 00529's only listed section (SI R00529.020) is a redacted regional page whose HTML links the text as a PDF; the PDF taken (11 text pages, 19,556 characters); the si-remainder scope holds only the 46-character HTML stub"
ssi,us-al,SSI-F-POMS-SI-00529,EXTRACTABLE,PRESENT,us/manual/2026-09-15-ssi-poms-si-00529,us/manual/ssa/poms/si/r00529.020/redacted-pdf,"SI 00529's only listed section (SI R00529.020) is a redacted regional page whose HTML links the text as a PDF; the PDF taken (11 text pages, 19,556 characters); the si-remainder scope holds only the 46-character HTML stub"
ssi,us-ar,SSI-F-POMS-SI-00529,EXTRACTABLE,PRESENT,us/manual/2026-09-15-ssi-poms-si-00529,us/manual/ssa/poms/si/r00529.020/redacted-pdf,"SI 00529's only listed section (SI R00529.020) is a redacted regional page whose HTML links the text as a PDF; the PDF taken (11 text pages, 19,556 characters); the si-remainder scope holds only the 46-character HTML stub"
ssi,us-az,SSI-F-POMS-SI-00529,EXTRACTABLE,PRESENT,us/manual/2026-09-15-ssi-poms-si-00529,us/manual/ssa/poms/si/r00529.020/redacted-pdf,"SI 00529's only listed section (SI R00529.020) is a redacted regional page whose HTML links the text as a PDF; the PDF taken (11 text pages, 19,556 characters); the si-remainder scope holds only the 46-character HTML stub"
ssi,us-ca,SSI-F-POMS-SI-00529,EXTRACTABLE,PRESENT,us/manual/2026-09-15-ssi-poms-si-00529,us/manual/ssa/poms/si/r00529.020/redacted-pdf,"SI 00529's only listed section (SI R00529.020) is a redacted regional page whose HTML links the text as a PDF; the PDF taken (11 text pages, 19,556 characters); the si-remainder scope holds only the 46-character HTML stub"
ssi,us-co,SSI-F-POMS-SI-00529,EXTRACTABLE,PRESENT,us/manual/2026-09-15-ssi-poms-si-00529,us/manual/ssa/poms/si/r00529.020/redacted-pdf,"SI 00529's only listed section (SI R00529.020) is a redacted regional page whose HTML links the text as a PDF; the PDF taken (11 text pages, 19,556 characters); the si-remainder scope holds only the 46-character HTML stub"
ssi,us-ct,SSI-F-POMS-SI-00529,EXTRACTABLE,PRESENT,us/manual/2026-09-15-ssi-poms-si-00529,us/manual/ssa/poms/si/r00529.020/redacted-pdf,"SI 00529's only listed section (SI R00529.020) is a redacted regional page whose HTML links the text as a PDF; the PDF taken (11 text pages, 19,556 characters); the si-remainder scope holds only the 46-character HTML stub"
ssi,us-dc,SSI-F-POMS-SI-00529,EXTRACTABLE,PRESENT,us/manual/2026-09-15-ssi-poms-si-00529,us/manual/ssa/poms/si/r00529.020/redacted-pdf,"SI 00529's only listed section (SI R00529.020) is a redacted regional page whose HTML links the text as a PDF; the PDF taken (11 text pages, 19,556 characters); the si-remainder scope holds only the 46-character HTML stub"
ssi,us-de,SSI-F-POMS-SI-00529,EXTRACTABLE,PRESENT,us/manual/2026-09-15-ssi-poms-si-00529,us/manual/ssa/poms/si/r00529.020/redacted-pdf,"SI 00529's only listed section (SI R00529.020) is a redacted regional page whose HTML links the text as a PDF; the PDF taken (11 text pages, 19,556 characters); the si-remainder scope holds only the 46-character HTML stub"
ssi,us-fl,SSI-F-POMS-SI-00529,EXTRACTABLE,PRESENT,us/manual/2026-09-15-ssi-poms-si-00529,us/manual/ssa/poms/si/r00529.020/redacted-pdf,"SI 00529's only listed section (SI R00529.020) is a redacted regional page whose HTML links the text as a PDF; the PDF taken (11 text pages, 19,556 characters); the si-remainder scope holds only the 46-character HTML stub"
ssi,us-ga,SSI-F-POMS-SI-00529,EXTRACTABLE,PRESENT,us/manual/2026-09-15-ssi-poms-si-00529,us/manual/ssa/poms/si/r00529.020/redacted-pdf,"SI 00529's only listed section (SI R00529.020) is a redacted regional page whose HTML links the text as a PDF; the PDF taken (11 text pages, 19,556 characters); the si-remainder scope holds only the 46-character HTML stub"
ssi,us-hi,SSI-F-POMS-SI-00529,EXTRACTABLE,PRESENT,us/manual/2026-09-15-ssi-poms-si-00529,us/manual/ssa/poms/si/r00529.020/redacted-pdf,"SI 00529's only listed section (SI R00529.020) is a redacted regional page whose HTML links the text as a PDF; the PDF taken (11 text pages, 19,556 characters); the si-remainder scope holds only the 46-character HTML stub"
ssi,us-ia,SSI-F-POMS-SI-00529,EXTRACTABLE,PRESENT,us/manual/2026-09-15-ssi-poms-si-00529,us/manual/ssa/poms/si/r00529.020/redacted-pdf,"SI 00529's only listed section (SI R00529.020) is a redacted regional page whose HTML links the text as a PDF; the PDF taken (11 text pages, 19,556 characters); the si-remainder scope holds only the 46-character HTML stub"
ssi,us-id,SSI-F-POMS-SI-00529,EXTRACTABLE,PRESENT,us/manual/2026-09-15-ssi-poms-si-00529,us/manual/ssa/poms/si/r00529.020/redacted-pdf,"SI 00529's only listed section (SI R00529.020) is a redacted regional page whose HTML links the text as a PDF; the PDF taken (11 text pages, 19,556 characters); the si-remainder scope holds only the 46-character HTML stub"
ssi,us-il,SSI-F-POMS-SI-00529,EXTRACTABLE,PRESENT,us/manual/2026-09-15-ssi-poms-si-00529,us/manual/ssa/poms/si/r00529.020/redacted-pdf,"SI 00529's only listed section (SI R00529.020) is a redacted regional page whose HTML links the text as a PDF; the PDF taken (11 text pages, 19,556 characters); the si-remainder scope holds only the 46-character HTML stub"
ssi,us-in,SSI-F-POMS-SI-00529,EXTRACTABLE,PRESENT,us/manual/2026-09-15-ssi-poms-si-00529,us/manual/ssa/poms/si/r00529.020/redacted-pdf,"SI 00529's only listed section (SI R00529.020) is a redacted regional page whose HTML links the text as a PDF; the PDF taken (11 text pages, 19,556 characters); the si-remainder scope holds only the 46-character HTML stub"
ssi,us-ks,SSI-F-POMS-SI-00529,EXTRACTABLE,PRESENT,us/manual/2026-09-15-ssi-poms-si-00529,us/manual/ssa/poms/si/r00529.020/redacted-pdf,"SI 00529's only listed section (SI R00529.020) is a redacted regional page whose HTML links the text as a PDF; the PDF taken (11 text pages, 19,556 characters); the si-remainder scope holds only the 46-character HTML stub"
ssi,us-ky,SSI-F-POMS-SI-00529,EXTRACTABLE,PRESENT,us/manual/2026-09-15-ssi-poms-si-00529,us/manual/ssa/poms/si/r00529.020/redacted-pdf,"SI 00529's only listed section (SI R00529.020) is a redacted regional page whose HTML links the text as a PDF; the PDF taken (11 text pages, 19,556 characters); the si-remainder scope holds only the 46-character HTML stub"
ssi,us-la,SSI-F-POMS-SI-00529,EXTRACTABLE,PRESENT,us/manual/2026-09-15-ssi-poms-si-00529,us/manual/ssa/poms/si/r00529.020/redacted-pdf,"SI 00529's only listed section (SI R00529.020) is a redacted regional page whose HTML links the text as a PDF; the PDF taken (11 text pages, 19,556 characters); the si-remainder scope holds only the 46-character HTML stub"
ssi,us-ma,SSI-F-POMS-SI-00529,EXTRACTABLE,PRESENT,us/manual/2026-09-15-ssi-poms-si-00529,us/manual/ssa/poms/si/r00529.020/redacted-pdf,"SI 00529's only listed section (SI R00529.020) is a redacted regional page whose HTML links the text as a PDF; the PDF taken (11 text pages, 19,556 characters); the si-remainder scope holds only the 46-character HTML stub"
ssi,us-md,SSI-F-POMS-SI-00529,EXTRACTABLE,PRESENT,us/manual/2026-09-15-ssi-poms-si-00529,us/manual/ssa/poms/si/r00529.020/redacted-pdf,"SI 00529's only listed section (SI R00529.020) is a redacted regional page whose HTML links the text as a PDF; the PDF taken (11 text pages, 19,556 characters); the si-remainder scope holds only the 46-character HTML stub"
ssi,us-me,SSI-F-POMS-SI-00529,EXTRACTABLE,PRESENT,us/manual/2026-09-15-ssi-poms-si-00529,us/manual/ssa/poms/si/r00529.020/redacted-pdf,"SI 00529's only listed section (SI R00529.020) is a redacted regional page whose HTML links the text as a PDF; the PDF taken (11 text pages, 19,556 characters); the si-remainder scope holds only the 46-character HTML stub"
ssi,us-mi,SSI-F-POMS-SI-00529,EXTRACTABLE,PRESENT,us/manual/2026-09-15-ssi-poms-si-00529,us/manual/ssa/poms/si/r00529.020/redacted-pdf,"SI 00529's only listed section (SI R00529.020) is a redacted regional page whose HTML links the text as a PDF; the PDF taken (11 text pages, 19,556 characters); the si-remainder scope holds only the 46-character HTML stub"
ssi,us-mn,SSI-F-POMS-SI-00529,EXTRACTABLE,PRESENT,us/manual/2026-09-15-ssi-poms-si-00529,us/manual/ssa/poms/si/r00529.020/redacted-pdf,"SI 00529's only listed section (SI R00529.020) is a redacted regional page whose HTML links the text as a PDF; the PDF taken (11 text pages, 19,556 characters); the si-remainder scope holds only the 46-character HTML stub"
ssi,us-mo,SSI-F-POMS-SI-00529,EXTRACTABLE,PRESENT,us/manual/2026-09-15-ssi-poms-si-00529,us/manual/ssa/poms/si/r00529.020/redacted-pdf,"SI 00529's only listed section (SI R00529.020) is a redacted regional page whose HTML links the text as a PDF; the PDF taken (11 text pages, 19,556 characters); the si-remainder scope holds only the 46-character HTML stub"
ssi,us-ms,SSI-F-POMS-SI-00529,EXTRACTABLE,PRESENT,us/manual/2026-09-15-ssi-poms-si-00529,us/manual/ssa/poms/si/r00529.020/redacted-pdf,"SI 00529's only listed section (SI R00529.020) is a redacted regional page whose HTML links the text as a PDF; the PDF taken (11 text pages, 19,556 characters); the si-remainder scope holds only the 46-character HTML stub"
ssi,us-mt,SSI-F-POMS-SI-00529,EXTRACTABLE,PRESENT,us/manual/2026-09-15-ssi-poms-si-00529,us/manual/ssa/poms/si/r00529.020/redacted-pdf,"SI 00529's only listed section (SI R00529.020) is a redacted regional page whose HTML links the text as a PDF; the PDF taken (11 text pages, 19,556 characters); the si-remainder scope holds only the 46-character HTML stub"
ssi,us-nc,SSI-F-POMS-SI-00529,EXTRACTABLE,PRESENT,us/manual/2026-09-15-ssi-poms-si-00529,us/manual/ssa/poms/si/r00529.020/redacted-pdf,"SI 00529's only listed section (SI R00529.020) is a redacted regional page whose HTML links the text as a PDF; the PDF taken (11 text pages, 19,556 characters); the si-remainder scope holds only the 46-character HTML stub"
ssi,us-nd,SSI-F-POMS-SI-00529,EXTRACTABLE,PRESENT,us/manual/2026-09-15-ssi-poms-si-00529,us/manual/ssa/poms/si/r00529.020/redacted-pdf,"SI 00529's only listed section (SI R00529.020) is a redacted regional page whose HTML links the text as a PDF; the PDF taken (11 text pages, 19,556 characters); the si-remainder scope holds only the 46-character HTML stub"
ssi,us-ne,SSI-F-POMS-SI-00529,EXTRACTABLE,PRESENT,us/manual/2026-09-15-ssi-poms-si-00529,us/manual/ssa/poms/si/r00529.020/redacted-pdf,"SI 00529's only listed section (SI R00529.020) is a redacted regional page whose HTML links the text as a PDF; the PDF taken (11 text pages, 19,556 characters); the si-remainder scope holds only the 46-character HTML stub"
ssi,us-nh,SSI-F-POMS-SI-00529,EXTRACTABLE,PRESENT,us/manual/2026-09-15-ssi-poms-si-00529,us/manual/ssa/poms/si/r00529.020/redacted-pdf,"SI 00529's only listed section (SI R00529.020) is a redacted regional page whose HTML links the text as a PDF; the PDF taken (11 text pages, 19,556 characters); the si-remainder scope holds only the 46-character HTML stub"
ssi,us-nj,SSI-F-POMS-SI-00529,EXTRACTABLE,PRESENT,us/manual/2026-09-15-ssi-poms-si-00529,us/manual/ssa/poms/si/r00529.020/redacted-pdf,"SI 00529's only listed section (SI R00529.020) is a redacted regional page whose HTML links the text as a PDF; the PDF taken (11 text pages, 19,556 characters); the si-remainder scope holds only the 46-character HTML stub"
ssi,us-nm,SSI-F-POMS-SI-00529,EXTRACTABLE,PRESENT,us/manual/2026-09-15-ssi-poms-si-00529,us/manual/ssa/poms/si/r00529.020/redacted-pdf,"SI 00529's only listed section (SI R00529.020) is a redacted regional page whose HTML links the text as a PDF; the PDF taken (11 text pages, 19,556 characters); the si-remainder scope holds only the 46-character HTML stub"
ssi,us-nv,SSI-F-POMS-SI-00529,EXTRACTABLE,PRESENT,us/manual/2026-09-15-ssi-poms-si-00529,us/manual/ssa/poms/si/r00529.020/redacted-pdf,"SI 00529's only listed section (SI R00529.020) is a redacted regional page whose HTML links the text as a PDF; the PDF taken (11 text pages, 19,556 characters); the si-remainder scope holds only the 46-character HTML stub"
ssi,us-ny,SSI-F-POMS-SI-00529,EXTRACTABLE,PRESENT,us/manual/2026-09-15-ssi-poms-si-00529,us/manual/ssa/poms/si/r00529.020/redacted-pdf,"SI 00529's only listed section (SI R00529.020) is a redacted regional page whose HTML links the text as a PDF; the PDF taken (11 text pages, 19,556 characters); the si-remainder scope holds only the 46-character HTML stub"
ssi,us-oh,SSI-F-POMS-SI-00529,EXTRACTABLE,PRESENT,us/manual/2026-09-15-ssi-poms-si-00529,us/manual/ssa/poms/si/r00529.020/redacted-pdf,"SI 00529's only listed section (SI R00529.020) is a redacted regional page whose HTML links the text as a PDF; the PDF taken (11 text pages, 19,556 characters); the si-remainder scope holds only the 46-character HTML stub"
ssi,us-ok,SSI-F-POMS-SI-00529,EXTRACTABLE,PRESENT,us/manual/2026-09-15-ssi-poms-si-00529,us/manual/ssa/poms/si/r00529.020/redacted-pdf,"SI 00529's only listed section (SI R00529.020) is a redacted regional page whose HTML links the text as a PDF; the PDF taken (11 text pages, 19,556 characters); the si-remainder scope holds only the 46-character HTML stub"
ssi,us-or,SSI-F-POMS-SI-00529,EXTRACTABLE,PRESENT,us/manual/2026-09-15-ssi-poms-si-00529,us/manual/ssa/poms/si/r00529.020/redacted-pdf,"SI 00529's only listed section (SI R00529.020) is a redacted regional page whose HTML links the text as a PDF; the PDF taken (11 text pages, 19,556 characters); the si-remainder scope holds only the 46-character HTML stub"
ssi,us-pa,SSI-F-POMS-SI-00529,EXTRACTABLE,PRESENT,us/manual/2026-09-15-ssi-poms-si-00529,us/manual/ssa/poms/si/r00529.020/redacted-pdf,"SI 00529's only listed section (SI R00529.020) is a redacted regional page whose HTML links the text as a PDF; the PDF taken (11 text pages, 19,556 characters); the si-remainder scope holds only the 46-character HTML stub"
ssi,us-ri,SSI-F-POMS-SI-00529,EXTRACTABLE,PRESENT,us/manual/2026-09-15-ssi-poms-si-00529,us/manual/ssa/poms/si/r00529.020/redacted-pdf,"SI 00529's only listed section (SI R00529.020) is a redacted regional page whose HTML links the text as a PDF; the PDF taken (11 text pages, 19,556 characters); the si-remainder scope holds only the 46-character HTML stub"
ssi,us-sc,SSI-F-POMS-SI-00529,EXTRACTABLE,PRESENT,us/manual/2026-09-15-ssi-poms-si-00529,us/manual/ssa/poms/si/r00529.020/redacted-pdf,"SI 00529's only listed section (SI R00529.020) is a redacted regional page whose HTML links the text as a PDF; the PDF taken (11 text pages, 19,556 characters); the si-remainder scope holds only the 46-character HTML stub"
ssi,us-sd,SSI-F-POMS-SI-00529,EXTRACTABLE,PRESENT,us/manual/2026-09-15-ssi-poms-si-00529,us/manual/ssa/poms/si/r00529.020/redacted-pdf,"SI 00529's only listed section (SI R00529.020) is a redacted regional page whose HTML links the text as a PDF; the PDF taken (11 text pages, 19,556 characters); the si-remainder scope holds only the 46-character HTML stub"
ssi,us-tn,SSI-F-POMS-SI-00529,EXTRACTABLE,PRESENT,us/manual/2026-09-15-ssi-poms-si-00529,us/manual/ssa/poms/si/r00529.020/redacted-pdf,"SI 00529's only listed section (SI R00529.020) is a redacted regional page whose HTML links the text as a PDF; the PDF taken (11 text pages, 19,556 characters); the si-remainder scope holds only the 46-character HTML stub"
ssi,us-tx,SSI-F-POMS-SI-00529,EXTRACTABLE,PRESENT,us/manual/2026-09-15-ssi-poms-si-00529,us/manual/ssa/poms/si/r00529.020/redacted-pdf,"SI 00529's only listed section (SI R00529.020) is a redacted regional page whose HTML links the text as a PDF; the PDF taken (11 text pages, 19,556 characters); the si-remainder scope holds only the 46-character HTML stub"
ssi,us-ut,SSI-F-POMS-SI-00529,EXTRACTABLE,PRESENT,us/manual/2026-09-15-ssi-poms-si-00529,us/manual/ssa/poms/si/r00529.020/redacted-pdf,"SI 00529's only listed section (SI R00529.020) is a redacted regional page whose HTML links the text as a PDF; the PDF taken (11 text pages, 19,556 characters); the si-remainder scope holds only the 46-character HTML stub"
ssi,us-va,SSI-F-POMS-SI-00529,EXTRACTABLE,PRESENT,us/manual/2026-09-15-ssi-poms-si-00529,us/manual/ssa/poms/si/r00529.020/redacted-pdf,"SI 00529's only listed section (SI R00529.020) is a redacted regional page whose HTML links the text as a PDF; the PDF taken (11 text pages, 19,556 characters); the si-remainder scope holds only the 46-character HTML stub"
ssi,us-vt,SSI-F-POMS-SI-00529,EXTRACTABLE,PRESENT,us/manual/2026-09-15-ssi-poms-si-00529,us/manual/ssa/poms/si/r00529.020/redacted-pdf,"SI 00529's only listed section (SI R00529.020) is a redacted regional page whose HTML links the text as a PDF; the PDF taken (11 text pages, 19,556 characters); the si-remainder scope holds only the 46-character HTML stub"
ssi,us-wa,SSI-F-POMS-SI-00529,EXTRACTABLE,PRESENT,us/manual/2026-09-15-ssi-poms-si-00529,us/manual/ssa/poms/si/r00529.020/redacted-pdf,"SI 00529's only listed section (SI R00529.020) is a redacted regional page whose HTML links the text as a PDF; the PDF taken (11 text pages, 19,556 characters); the si-remainder scope holds only the 46-character HTML stub"
ssi,us-wi,SSI-F-POMS-SI-00529,EXTRACTABLE,PRESENT,us/manual/2026-09-15-ssi-poms-si-00529,us/manual/ssa/poms/si/r00529.020/redacted-pdf,"SI 00529's only listed section (SI R00529.020) is a redacted regional page whose HTML links the text as a PDF; the PDF taken (11 text pages, 19,556 characters); the si-remainder scope holds only the 46-character HTML stub"
ssi,us-wv,SSI-F-POMS-SI-00529,EXTRACTABLE,PRESENT,us/manual/2026-09-15-ssi-poms-si-00529,us/manual/ssa/poms/si/r00529.020/redacted-pdf,"SI 00529's only listed section (SI R00529.020) is a redacted regional page whose HTML links the text as a PDF; the PDF taken (11 text pages, 19,556 characters); the si-remainder scope holds only the 46-character HTML stub"
ssi,us-wy,SSI-F-POMS-SI-00529,EXTRACTABLE,PRESENT,us/manual/2026-09-15-ssi-poms-si-00529,us/manual/ssa/poms/si/r00529.020/redacted-pdf,"SI 00529's only listed section (SI R00529.020) is a redacted regional page whose HTML links the text as a PDF; the PDF taken (11 text pages, 19,556 characters); the si-remainder scope holds only the 46-character HTML stub"
ssi,us-or,SSI-ST-2,EXTRACTABLE,ALREADY-HELD,us-or/regulation/2026-09-10-tanf-state-policy-manual-chapter-461,us-or/regulation/chapter-461/division-155/rule-461-155-0250,already held: us-or/regulation/2026-09-10-tanf-state-policy-manual-chapter-461/us-or/regulation/chapter-461/division-155/rule-461-155-0250 (OAR chapter 461 taken whole by the TANF scope; also in its 2026-09-14 consolidated successor; 461-160-0780 likewise)
ssi,us-or,SSI-ST-4,EXTRACTABLE,ALREADY-HELD,us-or/regulation/2026-09-10-tanf-state-policy-manual-chapter-461,us-or/regulation/chapter-461/division-155/rule-461-155-0250,already held: us-or/regulation/2026-09-10-tanf-state-policy-manual-chapter-461/us-or/regulation/chapter-461/division-155/rule-461-155-0250 (OAR chapter 461 taken whole by the TANF scope; also in its 2026-09-14 consolidated successor; 461-160-0780 likewise)
ssi,us-or,SSI-ST-5,EXTRACTABLE,ALREADY-HELD,us-or/regulation/2026-09-10-tanf-state-policy-manual-chapter-461,us-or/regulation/chapter-461/division-160/rule-461-160-0550,already held: us-or/regulation/2026-09-10-tanf-state-policy-manual-chapter-461/us-or/regulation/chapter-461/division-160/rule-461-160-0550 (OAR chapter 461 taken whole by the TANF scope; also in its 2026-09-14 consolidated successor; 461-160-0780 likewise)
ssi,us-ut,SSI-ST-2,EXTRACTABLE,PRESENT,us-ut/regulation/2026-09-15-ssi-state-supplement-rules,us-ut/regulation/admin-rules/r414/306/6,Utah Admin. Code R414-306-6 State Supplemental Payments for Institutionalized SSI Recipients ($15 supplement) taken from the Office of Administrative Rules eRules public API (effective 2025-06-19)
ssi,us-va,SSI-ST-2,EXTRACTABLE,ALREADY-HELD,us-va/regulation/2026-09-14-ssi-state-supplement-standards,us-va/regulation/22vac30-80/15,already held: us-va/regulation/2026-09-14-ssi-state-supplement-standards/us-va/regulation/22vac30-80/15 (all 12 sections of 22VAC30-80 taken in wave 4)
ssi,us-wi,SSI-ST-2,EXTRACTABLE,PRESENT,us-wi/statute/2026-09-15-ssi-state-supplement-rules,us-wi/statute/49.77/section-1,"Wis. Stat. 49.77 State supplemental payments taken from docs.legis.wisconsin.gov (2023-24 statutes updated through 2025 Wis. Act 247, certified 2026-09-04)"
liheap,us,LIHEAP-F-CFR96-96-80,EXTRACTABLE,ABSENT,us/regulation/2026-09-13-title-45-part-96,us/regulation/45/96/subpart-H,45 CFR 96.80 is '[Reserved]' (reserved: true) in the eCFR title-45 structure of 2026-09-11 (read 2026-09-15); no text exists to take; the held part-96 scope is complete
liheap,us-ak,LIHEAP-F-CFR96-96-80,EXTRACTABLE,ABSENT,us/regulation/2026-09-13-title-45-part-96,us/regulation/45/96/subpart-H,45 CFR 96.80 is '[Reserved]' (reserved: true) in the eCFR title-45 structure of 2026-09-11 (read 2026-09-15); no text exists to take; the held part-96 scope is complete
liheap,us-al,LIHEAP-F-CFR96-96-80,EXTRACTABLE,ABSENT,us/regulation/2026-09-13-title-45-part-96,us/regulation/45/96/subpart-H,45 CFR 96.80 is '[Reserved]' (reserved: true) in the eCFR title-45 structure of 2026-09-11 (read 2026-09-15); no text exists to take; the held part-96 scope is complete
liheap,us-ar,LIHEAP-F-CFR96-96-80,EXTRACTABLE,ABSENT,us/regulation/2026-09-13-title-45-part-96,us/regulation/45/96/subpart-H,45 CFR 96.80 is '[Reserved]' (reserved: true) in the eCFR title-45 structure of 2026-09-11 (read 2026-09-15); no text exists to take; the held part-96 scope is complete
liheap,us-az,LIHEAP-F-CFR96-96-80,EXTRACTABLE,ABSENT,us/regulation/2026-09-13-title-45-part-96,us/regulation/45/96/subpart-H,45 CFR 96.80 is '[Reserved]' (reserved: true) in the eCFR title-45 structure of 2026-09-11 (read 2026-09-15); no text exists to take; the held part-96 scope is complete
liheap,us-ca,LIHEAP-F-CFR96-96-80,EXTRACTABLE,ABSENT,us/regulation/2026-09-13-title-45-part-96,us/regulation/45/96/subpart-H,45 CFR 96.80 is '[Reserved]' (reserved: true) in the eCFR title-45 structure of 2026-09-11 (read 2026-09-15); no text exists to take; the held part-96 scope is complete
liheap,us-co,LIHEAP-F-CFR96-96-80,EXTRACTABLE,ABSENT,us/regulation/2026-09-13-title-45-part-96,us/regulation/45/96/subpart-H,45 CFR 96.80 is '[Reserved]' (reserved: true) in the eCFR title-45 structure of 2026-09-11 (read 2026-09-15); no text exists to take; the held part-96 scope is complete
liheap,us-ct,LIHEAP-F-CFR96-96-80,EXTRACTABLE,ABSENT,us/regulation/2026-09-13-title-45-part-96,us/regulation/45/96/subpart-H,45 CFR 96.80 is '[Reserved]' (reserved: true) in the eCFR title-45 structure of 2026-09-11 (read 2026-09-15); no text exists to take; the held part-96 scope is complete
liheap,us-dc,LIHEAP-F-CFR96-96-80,EXTRACTABLE,ABSENT,us/regulation/2026-09-13-title-45-part-96,us/regulation/45/96/subpart-H,45 CFR 96.80 is '[Reserved]' (reserved: true) in the eCFR title-45 structure of 2026-09-11 (read 2026-09-15); no text exists to take; the held part-96 scope is complete
liheap,us-de,LIHEAP-F-CFR96-96-80,EXTRACTABLE,ABSENT,us/regulation/2026-09-13-title-45-part-96,us/regulation/45/96/subpart-H,45 CFR 96.80 is '[Reserved]' (reserved: true) in the eCFR title-45 structure of 2026-09-11 (read 2026-09-15); no text exists to take; the held part-96 scope is complete
liheap,us-fl,LIHEAP-F-CFR96-96-80,EXTRACTABLE,ABSENT,us/regulation/2026-09-13-title-45-part-96,us/regulation/45/96/subpart-H,45 CFR 96.80 is '[Reserved]' (reserved: true) in the eCFR title-45 structure of 2026-09-11 (read 2026-09-15); no text exists to take; the held part-96 scope is complete
liheap,us-ga,LIHEAP-F-CFR96-96-80,EXTRACTABLE,ABSENT,us/regulation/2026-09-13-title-45-part-96,us/regulation/45/96/subpart-H,45 CFR 96.80 is '[Reserved]' (reserved: true) in the eCFR title-45 structure of 2026-09-11 (read 2026-09-15); no text exists to take; the held part-96 scope is complete
liheap,us-hi,LIHEAP-F-CFR96-96-80,EXTRACTABLE,ABSENT,us/regulation/2026-09-13-title-45-part-96,us/regulation/45/96/subpart-H,45 CFR 96.80 is '[Reserved]' (reserved: true) in the eCFR title-45 structure of 2026-09-11 (read 2026-09-15); no text exists to take; the held part-96 scope is complete
liheap,us-ia,LIHEAP-F-CFR96-96-80,EXTRACTABLE,ABSENT,us/regulation/2026-09-13-title-45-part-96,us/regulation/45/96/subpart-H,45 CFR 96.80 is '[Reserved]' (reserved: true) in the eCFR title-45 structure of 2026-09-11 (read 2026-09-15); no text exists to take; the held part-96 scope is complete
liheap,us-id,LIHEAP-F-CFR96-96-80,EXTRACTABLE,ABSENT,us/regulation/2026-09-13-title-45-part-96,us/regulation/45/96/subpart-H,45 CFR 96.80 is '[Reserved]' (reserved: true) in the eCFR title-45 structure of 2026-09-11 (read 2026-09-15); no text exists to take; the held part-96 scope is complete
liheap,us-il,LIHEAP-F-CFR96-96-80,EXTRACTABLE,ABSENT,us/regulation/2026-09-13-title-45-part-96,us/regulation/45/96/subpart-H,45 CFR 96.80 is '[Reserved]' (reserved: true) in the eCFR title-45 structure of 2026-09-11 (read 2026-09-15); no text exists to take; the held part-96 scope is complete
liheap,us-in,LIHEAP-F-CFR96-96-80,EXTRACTABLE,ABSENT,us/regulation/2026-09-13-title-45-part-96,us/regulation/45/96/subpart-H,45 CFR 96.80 is '[Reserved]' (reserved: true) in the eCFR title-45 structure of 2026-09-11 (read 2026-09-15); no text exists to take; the held part-96 scope is complete
liheap,us-ks,LIHEAP-F-CFR96-96-80,EXTRACTABLE,ABSENT,us/regulation/2026-09-13-title-45-part-96,us/regulation/45/96/subpart-H,45 CFR 96.80 is '[Reserved]' (reserved: true) in the eCFR title-45 structure of 2026-09-11 (read 2026-09-15); no text exists to take; the held part-96 scope is complete
liheap,us-ky,LIHEAP-F-CFR96-96-80,EXTRACTABLE,ABSENT,us/regulation/2026-09-13-title-45-part-96,us/regulation/45/96/subpart-H,45 CFR 96.80 is '[Reserved]' (reserved: true) in the eCFR title-45 structure of 2026-09-11 (read 2026-09-15); no text exists to take; the held part-96 scope is complete
liheap,us-la,LIHEAP-F-CFR96-96-80,EXTRACTABLE,ABSENT,us/regulation/2026-09-13-title-45-part-96,us/regulation/45/96/subpart-H,45 CFR 96.80 is '[Reserved]' (reserved: true) in the eCFR title-45 structure of 2026-09-11 (read 2026-09-15); no text exists to take; the held part-96 scope is complete
liheap,us-ma,LIHEAP-F-CFR96-96-80,EXTRACTABLE,ABSENT,us/regulation/2026-09-13-title-45-part-96,us/regulation/45/96/subpart-H,45 CFR 96.80 is '[Reserved]' (reserved: true) in the eCFR title-45 structure of 2026-09-11 (read 2026-09-15); no text exists to take; the held part-96 scope is complete
liheap,us-md,LIHEAP-F-CFR96-96-80,EXTRACTABLE,ABSENT,us/regulation/2026-09-13-title-45-part-96,us/regulation/45/96/subpart-H,45 CFR 96.80 is '[Reserved]' (reserved: true) in the eCFR title-45 structure of 2026-09-11 (read 2026-09-15); no text exists to take; the held part-96 scope is complete
liheap,us-me,LIHEAP-F-CFR96-96-80,EXTRACTABLE,ABSENT,us/regulation/2026-09-13-title-45-part-96,us/regulation/45/96/subpart-H,45 CFR 96.80 is '[Reserved]' (reserved: true) in the eCFR title-45 structure of 2026-09-11 (read 2026-09-15); no text exists to take; the held part-96 scope is complete
liheap,us-mi,LIHEAP-F-CFR96-96-80,EXTRACTABLE,ABSENT,us/regulation/2026-09-13-title-45-part-96,us/regulation/45/96/subpart-H,45 CFR 96.80 is '[Reserved]' (reserved: true) in the eCFR title-45 structure of 2026-09-11 (read 2026-09-15); no text exists to take; the held part-96 scope is complete
liheap,us-mn,LIHEAP-F-CFR96-96-80,EXTRACTABLE,ABSENT,us/regulation/2026-09-13-title-45-part-96,us/regulation/45/96/subpart-H,45 CFR 96.80 is '[Reserved]' (reserved: true) in the eCFR title-45 structure of 2026-09-11 (read 2026-09-15); no text exists to take; the held part-96 scope is complete
liheap,us-mo,LIHEAP-F-CFR96-96-80,EXTRACTABLE,ABSENT,us/regulation/2026-09-13-title-45-part-96,us/regulation/45/96/subpart-H,45 CFR 96.80 is '[Reserved]' (reserved: true) in the eCFR title-45 structure of 2026-09-11 (read 2026-09-15); no text exists to take; the held part-96 scope is complete
liheap,us-ms,LIHEAP-F-CFR96-96-80,EXTRACTABLE,ABSENT,us/regulation/2026-09-13-title-45-part-96,us/regulation/45/96/subpart-H,45 CFR 96.80 is '[Reserved]' (reserved: true) in the eCFR title-45 structure of 2026-09-11 (read 2026-09-15); no text exists to take; the held part-96 scope is complete
liheap,us-mt,LIHEAP-F-CFR96-96-80,EXTRACTABLE,ABSENT,us/regulation/2026-09-13-title-45-part-96,us/regulation/45/96/subpart-H,45 CFR 96.80 is '[Reserved]' (reserved: true) in the eCFR title-45 structure of 2026-09-11 (read 2026-09-15); no text exists to take; the held part-96 scope is complete
liheap,us-nc,LIHEAP-F-CFR96-96-80,EXTRACTABLE,ABSENT,us/regulation/2026-09-13-title-45-part-96,us/regulation/45/96/subpart-H,45 CFR 96.80 is '[Reserved]' (reserved: true) in the eCFR title-45 structure of 2026-09-11 (read 2026-09-15); no text exists to take; the held part-96 scope is complete
liheap,us-nd,LIHEAP-F-CFR96-96-80,EXTRACTABLE,ABSENT,us/regulation/2026-09-13-title-45-part-96,us/regulation/45/96/subpart-H,45 CFR 96.80 is '[Reserved]' (reserved: true) in the eCFR title-45 structure of 2026-09-11 (read 2026-09-15); no text exists to take; the held part-96 scope is complete
liheap,us-ne,LIHEAP-F-CFR96-96-80,EXTRACTABLE,ABSENT,us/regulation/2026-09-13-title-45-part-96,us/regulation/45/96/subpart-H,45 CFR 96.80 is '[Reserved]' (reserved: true) in the eCFR title-45 structure of 2026-09-11 (read 2026-09-15); no text exists to take; the held part-96 scope is complete
liheap,us-nh,LIHEAP-F-CFR96-96-80,EXTRACTABLE,ABSENT,us/regulation/2026-09-13-title-45-part-96,us/regulation/45/96/subpart-H,45 CFR 96.80 is '[Reserved]' (reserved: true) in the eCFR title-45 structure of 2026-09-11 (read 2026-09-15); no text exists to take; the held part-96 scope is complete
liheap,us-nj,LIHEAP-F-CFR96-96-80,EXTRACTABLE,ABSENT,us/regulation/2026-09-13-title-45-part-96,us/regulation/45/96/subpart-H,45 CFR 96.80 is '[Reserved]' (reserved: true) in the eCFR title-45 structure of 2026-09-11 (read 2026-09-15); no text exists to take; the held part-96 scope is complete
liheap,us-nm,LIHEAP-F-CFR96-96-80,EXTRACTABLE,ABSENT,us/regulation/2026-09-13-title-45-part-96,us/regulation/45/96/subpart-H,45 CFR 96.80 is '[Reserved]' (reserved: true) in the eCFR title-45 structure of 2026-09-11 (read 2026-09-15); no text exists to take; the held part-96 scope is complete
liheap,us-nv,LIHEAP-F-CFR96-96-80,EXTRACTABLE,ABSENT,us/regulation/2026-09-13-title-45-part-96,us/regulation/45/96/subpart-H,45 CFR 96.80 is '[Reserved]' (reserved: true) in the eCFR title-45 structure of 2026-09-11 (read 2026-09-15); no text exists to take; the held part-96 scope is complete
liheap,us-ny,LIHEAP-F-CFR96-96-80,EXTRACTABLE,ABSENT,us/regulation/2026-09-13-title-45-part-96,us/regulation/45/96/subpart-H,45 CFR 96.80 is '[Reserved]' (reserved: true) in the eCFR title-45 structure of 2026-09-11 (read 2026-09-15); no text exists to take; the held part-96 scope is complete
liheap,us-oh,LIHEAP-F-CFR96-96-80,EXTRACTABLE,ABSENT,us/regulation/2026-09-13-title-45-part-96,us/regulation/45/96/subpart-H,45 CFR 96.80 is '[Reserved]' (reserved: true) in the eCFR title-45 structure of 2026-09-11 (read 2026-09-15); no text exists to take; the held part-96 scope is complete
liheap,us-ok,LIHEAP-F-CFR96-96-80,EXTRACTABLE,ABSENT,us/regulation/2026-09-13-title-45-part-96,us/regulation/45/96/subpart-H,45 CFR 96.80 is '[Reserved]' (reserved: true) in the eCFR title-45 structure of 2026-09-11 (read 2026-09-15); no text exists to take; the held part-96 scope is complete
liheap,us-or,LIHEAP-F-CFR96-96-80,EXTRACTABLE,ABSENT,us/regulation/2026-09-13-title-45-part-96,us/regulation/45/96/subpart-H,45 CFR 96.80 is '[Reserved]' (reserved: true) in the eCFR title-45 structure of 2026-09-11 (read 2026-09-15); no text exists to take; the held part-96 scope is complete
liheap,us-pa,LIHEAP-F-CFR96-96-80,EXTRACTABLE,ABSENT,us/regulation/2026-09-13-title-45-part-96,us/regulation/45/96/subpart-H,45 CFR 96.80 is '[Reserved]' (reserved: true) in the eCFR title-45 structure of 2026-09-11 (read 2026-09-15); no text exists to take; the held part-96 scope is complete
liheap,us-ri,LIHEAP-F-CFR96-96-80,EXTRACTABLE,ABSENT,us/regulation/2026-09-13-title-45-part-96,us/regulation/45/96/subpart-H,45 CFR 96.80 is '[Reserved]' (reserved: true) in the eCFR title-45 structure of 2026-09-11 (read 2026-09-15); no text exists to take; the held part-96 scope is complete
liheap,us-sc,LIHEAP-F-CFR96-96-80,EXTRACTABLE,ABSENT,us/regulation/2026-09-13-title-45-part-96,us/regulation/45/96/subpart-H,45 CFR 96.80 is '[Reserved]' (reserved: true) in the eCFR title-45 structure of 2026-09-11 (read 2026-09-15); no text exists to take; the held part-96 scope is complete
liheap,us-sd,LIHEAP-F-CFR96-96-80,EXTRACTABLE,ABSENT,us/regulation/2026-09-13-title-45-part-96,us/regulation/45/96/subpart-H,45 CFR 96.80 is '[Reserved]' (reserved: true) in the eCFR title-45 structure of 2026-09-11 (read 2026-09-15); no text exists to take; the held part-96 scope is complete
liheap,us-tn,LIHEAP-F-CFR96-96-80,EXTRACTABLE,ABSENT,us/regulation/2026-09-13-title-45-part-96,us/regulation/45/96/subpart-H,45 CFR 96.80 is '[Reserved]' (reserved: true) in the eCFR title-45 structure of 2026-09-11 (read 2026-09-15); no text exists to take; the held part-96 scope is complete
liheap,us-tx,LIHEAP-F-CFR96-96-80,EXTRACTABLE,ABSENT,us/regulation/2026-09-13-title-45-part-96,us/regulation/45/96/subpart-H,45 CFR 96.80 is '[Reserved]' (reserved: true) in the eCFR title-45 structure of 2026-09-11 (read 2026-09-15); no text exists to take; the held part-96 scope is complete
liheap,us-ut,LIHEAP-F-CFR96-96-80,EXTRACTABLE,ABSENT,us/regulation/2026-09-13-title-45-part-96,us/regulation/45/96/subpart-H,45 CFR 96.80 is '[Reserved]' (reserved: true) in the eCFR title-45 structure of 2026-09-11 (read 2026-09-15); no text exists to take; the held part-96 scope is complete
liheap,us-va,LIHEAP-F-CFR96-96-80,EXTRACTABLE,ABSENT,us/regulation/2026-09-13-title-45-part-96,us/regulation/45/96/subpart-H,45 CFR 96.80 is '[Reserved]' (reserved: true) in the eCFR title-45 structure of 2026-09-11 (read 2026-09-15); no text exists to take; the held part-96 scope is complete
liheap,us-vt,LIHEAP-F-CFR96-96-80,EXTRACTABLE,ABSENT,us/regulation/2026-09-13-title-45-part-96,us/regulation/45/96/subpart-H,45 CFR 96.80 is '[Reserved]' (reserved: true) in the eCFR title-45 structure of 2026-09-11 (read 2026-09-15); no text exists to take; the held part-96 scope is complete
liheap,us-wa,LIHEAP-F-CFR96-96-80,EXTRACTABLE,ABSENT,us/regulation/2026-09-13-title-45-part-96,us/regulation/45/96/subpart-H,45 CFR 96.80 is '[Reserved]' (reserved: true) in the eCFR title-45 structure of 2026-09-11 (read 2026-09-15); no text exists to take; the held part-96 scope is complete
liheap,us-wi,LIHEAP-F-CFR96-96-80,EXTRACTABLE,ABSENT,us/regulation/2026-09-13-title-45-part-96,us/regulation/45/96/subpart-H,45 CFR 96.80 is '[Reserved]' (reserved: true) in the eCFR title-45 structure of 2026-09-11 (read 2026-09-15); no text exists to take; the held part-96 scope is complete
liheap,us-wv,LIHEAP-F-CFR96-96-80,EXTRACTABLE,ABSENT,us/regulation/2026-09-13-title-45-part-96,us/regulation/45/96/subpart-H,45 CFR 96.80 is '[Reserved]' (reserved: true) in the eCFR title-45 structure of 2026-09-11 (read 2026-09-15); no text exists to take; the held part-96 scope is complete
liheap,us-wy,LIHEAP-F-CFR96-96-80,EXTRACTABLE,ABSENT,us/regulation/2026-09-13-title-45-part-96,us/regulation/45/96/subpart-H,45 CFR 96.80 is '[Reserved]' (reserved: true) in the eCFR title-45 structure of 2026-09-11 (read 2026-09-15); no text exists to take; the held part-96 scope is complete
liheap,us,LIHEAP-F-CFR96-96-87,EXTRACTABLE,ABSENT,us/regulation/2026-09-13-title-45-part-96,us/regulation/45/96/subpart-H,45 CFR 96.87 is '[Reserved]' (reserved: true) in the eCFR title-45 structure of 2026-09-11 (read 2026-09-15); no text exists to take; the held part-96 scope is complete
liheap,us-ak,LIHEAP-F-CFR96-96-87,EXTRACTABLE,ABSENT,us/regulation/2026-09-13-title-45-part-96,us/regulation/45/96/subpart-H,45 CFR 96.87 is '[Reserved]' (reserved: true) in the eCFR title-45 structure of 2026-09-11 (read 2026-09-15); no text exists to take; the held part-96 scope is complete
liheap,us-al,LIHEAP-F-CFR96-96-87,EXTRACTABLE,ABSENT,us/regulation/2026-09-13-title-45-part-96,us/regulation/45/96/subpart-H,45 CFR 96.87 is '[Reserved]' (reserved: true) in the eCFR title-45 structure of 2026-09-11 (read 2026-09-15); no text exists to take; the held part-96 scope is complete
liheap,us-ar,LIHEAP-F-CFR96-96-87,EXTRACTABLE,ABSENT,us/regulation/2026-09-13-title-45-part-96,us/regulation/45/96/subpart-H,45 CFR 96.87 is '[Reserved]' (reserved: true) in the eCFR title-45 structure of 2026-09-11 (read 2026-09-15); no text exists to take; the held part-96 scope is complete
liheap,us-az,LIHEAP-F-CFR96-96-87,EXTRACTABLE,ABSENT,us/regulation/2026-09-13-title-45-part-96,us/regulation/45/96/subpart-H,45 CFR 96.87 is '[Reserved]' (reserved: true) in the eCFR title-45 structure of 2026-09-11 (read 2026-09-15); no text exists to take; the held part-96 scope is complete
liheap,us-ca,LIHEAP-F-CFR96-96-87,EXTRACTABLE,ABSENT,us/regulation/2026-09-13-title-45-part-96,us/regulation/45/96/subpart-H,45 CFR 96.87 is '[Reserved]' (reserved: true) in the eCFR title-45 structure of 2026-09-11 (read 2026-09-15); no text exists to take; the held part-96 scope is complete
liheap,us-co,LIHEAP-F-CFR96-96-87,EXTRACTABLE,ABSENT,us/regulation/2026-09-13-title-45-part-96,us/regulation/45/96/subpart-H,45 CFR 96.87 is '[Reserved]' (reserved: true) in the eCFR title-45 structure of 2026-09-11 (read 2026-09-15); no text exists to take; the held part-96 scope is complete
liheap,us-ct,LIHEAP-F-CFR96-96-87,EXTRACTABLE,ABSENT,us/regulation/2026-09-13-title-45-part-96,us/regulation/45/96/subpart-H,45 CFR 96.87 is '[Reserved]' (reserved: true) in the eCFR title-45 structure of 2026-09-11 (read 2026-09-15); no text exists to take; the held part-96 scope is complete
liheap,us-dc,LIHEAP-F-CFR96-96-87,EXTRACTABLE,ABSENT,us/regulation/2026-09-13-title-45-part-96,us/regulation/45/96/subpart-H,45 CFR 96.87 is '[Reserved]' (reserved: true) in the eCFR title-45 structure of 2026-09-11 (read 2026-09-15); no text exists to take; the held part-96 scope is complete
liheap,us-de,LIHEAP-F-CFR96-96-87,EXTRACTABLE,ABSENT,us/regulation/2026-09-13-title-45-part-96,us/regulation/45/96/subpart-H,45 CFR 96.87 is '[Reserved]' (reserved: true) in the eCFR title-45 structure of 2026-09-11 (read 2026-09-15); no text exists to take; the held part-96 scope is complete
liheap,us-fl,LIHEAP-F-CFR96-96-87,EXTRACTABLE,ABSENT,us/regulation/2026-09-13-title-45-part-96,us/regulation/45/96/subpart-H,45 CFR 96.87 is '[Reserved]' (reserved: true) in the eCFR title-45 structure of 2026-09-11 (read 2026-09-15); no text exists to take; the held part-96 scope is complete
liheap,us-ga,LIHEAP-F-CFR96-96-87,EXTRACTABLE,ABSENT,us/regulation/2026-09-13-title-45-part-96,us/regulation/45/96/subpart-H,45 CFR 96.87 is '[Reserved]' (reserved: true) in the eCFR title-45 structure of 2026-09-11 (read 2026-09-15); no text exists to take; the held part-96 scope is complete
liheap,us-hi,LIHEAP-F-CFR96-96-87,EXTRACTABLE,ABSENT,us/regulation/2026-09-13-title-45-part-96,us/regulation/45/96/subpart-H,45 CFR 96.87 is '[Reserved]' (reserved: true) in the eCFR title-45 structure of 2026-09-11 (read 2026-09-15); no text exists to take; the held part-96 scope is complete
liheap,us-ia,LIHEAP-F-CFR96-96-87,EXTRACTABLE,ABSENT,us/regulation/2026-09-13-title-45-part-96,us/regulation/45/96/subpart-H,45 CFR 96.87 is '[Reserved]' (reserved: true) in the eCFR title-45 structure of 2026-09-11 (read 2026-09-15); no text exists to take; the held part-96 scope is complete
liheap,us-id,LIHEAP-F-CFR96-96-87,EXTRACTABLE,ABSENT,us/regulation/2026-09-13-title-45-part-96,us/regulation/45/96/subpart-H,45 CFR 96.87 is '[Reserved]' (reserved: true) in the eCFR title-45 structure of 2026-09-11 (read 2026-09-15); no text exists to take; the held part-96 scope is complete
liheap,us-il,LIHEAP-F-CFR96-96-87,EXTRACTABLE,ABSENT,us/regulation/2026-09-13-title-45-part-96,us/regulation/45/96/subpart-H,45 CFR 96.87 is '[Reserved]' (reserved: true) in the eCFR title-45 structure of 2026-09-11 (read 2026-09-15); no text exists to take; the held part-96 scope is complete
liheap,us-in,LIHEAP-F-CFR96-96-87,EXTRACTABLE,ABSENT,us/regulation/2026-09-13-title-45-part-96,us/regulation/45/96/subpart-H,45 CFR 96.87 is '[Reserved]' (reserved: true) in the eCFR title-45 structure of 2026-09-11 (read 2026-09-15); no text exists to take; the held part-96 scope is complete
liheap,us-ks,LIHEAP-F-CFR96-96-87,EXTRACTABLE,ABSENT,us/regulation/2026-09-13-title-45-part-96,us/regulation/45/96/subpart-H,45 CFR 96.87 is '[Reserved]' (reserved: true) in the eCFR title-45 structure of 2026-09-11 (read 2026-09-15); no text exists to take; the held part-96 scope is complete
liheap,us-ky,LIHEAP-F-CFR96-96-87,EXTRACTABLE,ABSENT,us/regulation/2026-09-13-title-45-part-96,us/regulation/45/96/subpart-H,45 CFR 96.87 is '[Reserved]' (reserved: true) in the eCFR title-45 structure of 2026-09-11 (read 2026-09-15); no text exists to take; the held part-96 scope is complete
liheap,us-la,LIHEAP-F-CFR96-96-87,EXTRACTABLE,ABSENT,us/regulation/2026-09-13-title-45-part-96,us/regulation/45/96/subpart-H,45 CFR 96.87 is '[Reserved]' (reserved: true) in the eCFR title-45 structure of 2026-09-11 (read 2026-09-15); no text exists to take; the held part-96 scope is complete
liheap,us-ma,LIHEAP-F-CFR96-96-87,EXTRACTABLE,ABSENT,us/regulation/2026-09-13-title-45-part-96,us/regulation/45/96/subpart-H,45 CFR 96.87 is '[Reserved]' (reserved: true) in the eCFR title-45 structure of 2026-09-11 (read 2026-09-15); no text exists to take; the held part-96 scope is complete
liheap,us-md,LIHEAP-F-CFR96-96-87,EXTRACTABLE,ABSENT,us/regulation/2026-09-13-title-45-part-96,us/regulation/45/96/subpart-H,45 CFR 96.87 is '[Reserved]' (reserved: true) in the eCFR title-45 structure of 2026-09-11 (read 2026-09-15); no text exists to take; the held part-96 scope is complete
liheap,us-me,LIHEAP-F-CFR96-96-87,EXTRACTABLE,ABSENT,us/regulation/2026-09-13-title-45-part-96,us/regulation/45/96/subpart-H,45 CFR 96.87 is '[Reserved]' (reserved: true) in the eCFR title-45 structure of 2026-09-11 (read 2026-09-15); no text exists to take; the held part-96 scope is complete
liheap,us-mi,LIHEAP-F-CFR96-96-87,EXTRACTABLE,ABSENT,us/regulation/2026-09-13-title-45-part-96,us/regulation/45/96/subpart-H,45 CFR 96.87 is '[Reserved]' (reserved: true) in the eCFR title-45 structure of 2026-09-11 (read 2026-09-15); no text exists to take; the held part-96 scope is complete
liheap,us-mn,LIHEAP-F-CFR96-96-87,EXTRACTABLE,ABSENT,us/regulation/2026-09-13-title-45-part-96,us/regulation/45/96/subpart-H,45 CFR 96.87 is '[Reserved]' (reserved: true) in the eCFR title-45 structure of 2026-09-11 (read 2026-09-15); no text exists to take; the held part-96 scope is complete
liheap,us-mo,LIHEAP-F-CFR96-96-87,EXTRACTABLE,ABSENT,us/regulation/2026-09-13-title-45-part-96,us/regulation/45/96/subpart-H,45 CFR 96.87 is '[Reserved]' (reserved: true) in the eCFR title-45 structure of 2026-09-11 (read 2026-09-15); no text exists to take; the held part-96 scope is complete
liheap,us-ms,LIHEAP-F-CFR96-96-87,EXTRACTABLE,ABSENT,us/regulation/2026-09-13-title-45-part-96,us/regulation/45/96/subpart-H,45 CFR 96.87 is '[Reserved]' (reserved: true) in the eCFR title-45 structure of 2026-09-11 (read 2026-09-15); no text exists to take; the held part-96 scope is complete
liheap,us-mt,LIHEAP-F-CFR96-96-87,EXTRACTABLE,ABSENT,us/regulation/2026-09-13-title-45-part-96,us/regulation/45/96/subpart-H,45 CFR 96.87 is '[Reserved]' (reserved: true) in the eCFR title-45 structure of 2026-09-11 (read 2026-09-15); no text exists to take; the held part-96 scope is complete
liheap,us-nc,LIHEAP-F-CFR96-96-87,EXTRACTABLE,ABSENT,us/regulation/2026-09-13-title-45-part-96,us/regulation/45/96/subpart-H,45 CFR 96.87 is '[Reserved]' (reserved: true) in the eCFR title-45 structure of 2026-09-11 (read 2026-09-15); no text exists to take; the held part-96 scope is complete
liheap,us-nd,LIHEAP-F-CFR96-96-87,EXTRACTABLE,ABSENT,us/regulation/2026-09-13-title-45-part-96,us/regulation/45/96/subpart-H,45 CFR 96.87 is '[Reserved]' (reserved: true) in the eCFR title-45 structure of 2026-09-11 (read 2026-09-15); no text exists to take; the held part-96 scope is complete
liheap,us-ne,LIHEAP-F-CFR96-96-87,EXTRACTABLE,ABSENT,us/regulation/2026-09-13-title-45-part-96,us/regulation/45/96/subpart-H,45 CFR 96.87 is '[Reserved]' (reserved: true) in the eCFR title-45 structure of 2026-09-11 (read 2026-09-15); no text exists to take; the held part-96 scope is complete
liheap,us-nh,LIHEAP-F-CFR96-96-87,EXTRACTABLE,ABSENT,us/regulation/2026-09-13-title-45-part-96,us/regulation/45/96/subpart-H,45 CFR 96.87 is '[Reserved]' (reserved: true) in the eCFR title-45 structure of 2026-09-11 (read 2026-09-15); no text exists to take; the held part-96 scope is complete
liheap,us-nj,LIHEAP-F-CFR96-96-87,EXTRACTABLE,ABSENT,us/regulation/2026-09-13-title-45-part-96,us/regulation/45/96/subpart-H,45 CFR 96.87 is '[Reserved]' (reserved: true) in the eCFR title-45 structure of 2026-09-11 (read 2026-09-15); no text exists to take; the held part-96 scope is complete
liheap,us-nm,LIHEAP-F-CFR96-96-87,EXTRACTABLE,ABSENT,us/regulation/2026-09-13-title-45-part-96,us/regulation/45/96/subpart-H,45 CFR 96.87 is '[Reserved]' (reserved: true) in the eCFR title-45 structure of 2026-09-11 (read 2026-09-15); no text exists to take; the held part-96 scope is complete
liheap,us-nv,LIHEAP-F-CFR96-96-87,EXTRACTABLE,ABSENT,us/regulation/2026-09-13-title-45-part-96,us/regulation/45/96/subpart-H,45 CFR 96.87 is '[Reserved]' (reserved: true) in the eCFR title-45 structure of 2026-09-11 (read 2026-09-15); no text exists to take; the held part-96 scope is complete
liheap,us-ny,LIHEAP-F-CFR96-96-87,EXTRACTABLE,ABSENT,us/regulation/2026-09-13-title-45-part-96,us/regulation/45/96/subpart-H,45 CFR 96.87 is '[Reserved]' (reserved: true) in the eCFR title-45 structure of 2026-09-11 (read 2026-09-15); no text exists to take; the held part-96 scope is complete
liheap,us-oh,LIHEAP-F-CFR96-96-87,EXTRACTABLE,ABSENT,us/regulation/2026-09-13-title-45-part-96,us/regulation/45/96/subpart-H,45 CFR 96.87 is '[Reserved]' (reserved: true) in the eCFR title-45 structure of 2026-09-11 (read 2026-09-15); no text exists to take; the held part-96 scope is complete
liheap,us-ok,LIHEAP-F-CFR96-96-87,EXTRACTABLE,ABSENT,us/regulation/2026-09-13-title-45-part-96,us/regulation/45/96/subpart-H,45 CFR 96.87 is '[Reserved]' (reserved: true) in the eCFR title-45 structure of 2026-09-11 (read 2026-09-15); no text exists to take; the held part-96 scope is complete
liheap,us-or,LIHEAP-F-CFR96-96-87,EXTRACTABLE,ABSENT,us/regulation/2026-09-13-title-45-part-96,us/regulation/45/96/subpart-H,45 CFR 96.87 is '[Reserved]' (reserved: true) in the eCFR title-45 structure of 2026-09-11 (read 2026-09-15); no text exists to take; the held part-96 scope is complete
liheap,us-pa,LIHEAP-F-CFR96-96-87,EXTRACTABLE,ABSENT,us/regulation/2026-09-13-title-45-part-96,us/regulation/45/96/subpart-H,45 CFR 96.87 is '[Reserved]' (reserved: true) in the eCFR title-45 structure of 2026-09-11 (read 2026-09-15); no text exists to take; the held part-96 scope is complete
liheap,us-ri,LIHEAP-F-CFR96-96-87,EXTRACTABLE,ABSENT,us/regulation/2026-09-13-title-45-part-96,us/regulation/45/96/subpart-H,45 CFR 96.87 is '[Reserved]' (reserved: true) in the eCFR title-45 structure of 2026-09-11 (read 2026-09-15); no text exists to take; the held part-96 scope is complete
liheap,us-sc,LIHEAP-F-CFR96-96-87,EXTRACTABLE,ABSENT,us/regulation/2026-09-13-title-45-part-96,us/regulation/45/96/subpart-H,45 CFR 96.87 is '[Reserved]' (reserved: true) in the eCFR title-45 structure of 2026-09-11 (read 2026-09-15); no text exists to take; the held part-96 scope is complete
liheap,us-sd,LIHEAP-F-CFR96-96-87,EXTRACTABLE,ABSENT,us/regulation/2026-09-13-title-45-part-96,us/regulation/45/96/subpart-H,45 CFR 96.87 is '[Reserved]' (reserved: true) in the eCFR title-45 structure of 2026-09-11 (read 2026-09-15); no text exists to take; the held part-96 scope is complete
liheap,us-tn,LIHEAP-F-CFR96-96-87,EXTRACTABLE,ABSENT,us/regulation/2026-09-13-title-45-part-96,us/regulation/45/96/subpart-H,45 CFR 96.87 is '[Reserved]' (reserved: true) in the eCFR title-45 structure of 2026-09-11 (read 2026-09-15); no text exists to take; the held part-96 scope is complete
liheap,us-tx,LIHEAP-F-CFR96-96-87,EXTRACTABLE,ABSENT,us/regulation/2026-09-13-title-45-part-96,us/regulation/45/96/subpart-H,45 CFR 96.87 is '[Reserved]' (reserved: true) in the eCFR title-45 structure of 2026-09-11 (read 2026-09-15); no text exists to take; the held part-96 scope is complete
liheap,us-ut,LIHEAP-F-CFR96-96-87,EXTRACTABLE,ABSENT,us/regulation/2026-09-13-title-45-part-96,us/regulation/45/96/subpart-H,45 CFR 96.87 is '[Reserved]' (reserved: true) in the eCFR title-45 structure of 2026-09-11 (read 2026-09-15); no text exists to take; the held part-96 scope is complete
liheap,us-va,LIHEAP-F-CFR96-96-87,EXTRACTABLE,ABSENT,us/regulation/2026-09-13-title-45-part-96,us/regulation/45/96/subpart-H,45 CFR 96.87 is '[Reserved]' (reserved: true) in the eCFR title-45 structure of 2026-09-11 (read 2026-09-15); no text exists to take; the held part-96 scope is complete
liheap,us-vt,LIHEAP-F-CFR96-96-87,EXTRACTABLE,ABSENT,us/regulation/2026-09-13-title-45-part-96,us/regulation/45/96/subpart-H,45 CFR 96.87 is '[Reserved]' (reserved: true) in the eCFR title-45 structure of 2026-09-11 (read 2026-09-15); no text exists to take; the held part-96 scope is complete
liheap,us-wa,LIHEAP-F-CFR96-96-87,EXTRACTABLE,ABSENT,us/regulation/2026-09-13-title-45-part-96,us/regulation/45/96/subpart-H,45 CFR 96.87 is '[Reserved]' (reserved: true) in the eCFR title-45 structure of 2026-09-11 (read 2026-09-15); no text exists to take; the held part-96 scope is complete
liheap,us-wi,LIHEAP-F-CFR96-96-87,EXTRACTABLE,ABSENT,us/regulation/2026-09-13-title-45-part-96,us/regulation/45/96/subpart-H,45 CFR 96.87 is '[Reserved]' (reserved: true) in the eCFR title-45 structure of 2026-09-11 (read 2026-09-15); no text exists to take; the held part-96 scope is complete
liheap,us-wv,LIHEAP-F-CFR96-96-87,EXTRACTABLE,ABSENT,us/regulation/2026-09-13-title-45-part-96,us/regulation/45/96/subpart-H,45 CFR 96.87 is '[Reserved]' (reserved: true) in the eCFR title-45 structure of 2026-09-11 (read 2026-09-15); no text exists to take; the held part-96 scope is complete
liheap,us-wy,LIHEAP-F-CFR96-96-87,EXTRACTABLE,ABSENT,us/regulation/2026-09-13-title-45-part-96,us/regulation/45/96/subpart-H,45 CFR 96.87 is '[Reserved]' (reserved: true) in the eCFR title-45 structure of 2026-09-11 (read 2026-09-15); no text exists to take; the held part-96 scope is complete
liheap,us,LIHEAP-F-GUID-MODELPLAN,EXTRACTABLE,PRESENT,us/guidance/2026-09-15-liheap-model-plan,us/guidance/acf/ocs/liheap-at/2026-4/attachment-3-model-plan-template,"FY 2027 (LIHEAP-AT-2026-4) and FY 2026 (LIHEAP-AT-2025-04) Model Plan Application action transmittals with the Model Plan template (OMB 0970-0075), reference guide and OLDC instructions, 10 documents, 176 rows; acf.gov fetched with the chrome120 fallback (AWS WAF challenge to the plain client)"
liheap,us-ak,LIHEAP-F-GUID-MODELPLAN,EXTRACTABLE,PRESENT,us/guidance/2026-09-15-liheap-model-plan,us/guidance/acf/ocs/liheap-at/2026-4/attachment-3-model-plan-template,"FY 2027 (LIHEAP-AT-2026-4) and FY 2026 (LIHEAP-AT-2025-04) Model Plan Application action transmittals with the Model Plan template (OMB 0970-0075), reference guide and OLDC instructions, 10 documents, 176 rows; acf.gov fetched with the chrome120 fallback (AWS WAF challenge to the plain client)"
liheap,us-al,LIHEAP-F-GUID-MODELPLAN,EXTRACTABLE,PRESENT,us/guidance/2026-09-15-liheap-model-plan,us/guidance/acf/ocs/liheap-at/2026-4/attachment-3-model-plan-template,"FY 2027 (LIHEAP-AT-2026-4) and FY 2026 (LIHEAP-AT-2025-04) Model Plan Application action transmittals with the Model Plan template (OMB 0970-0075), reference guide and OLDC instructions, 10 documents, 176 rows; acf.gov fetched with the chrome120 fallback (AWS WAF challenge to the plain client)"
liheap,us-ar,LIHEAP-F-GUID-MODELPLAN,EXTRACTABLE,PRESENT,us/guidance/2026-09-15-liheap-model-plan,us/guidance/acf/ocs/liheap-at/2026-4/attachment-3-model-plan-template,"FY 2027 (LIHEAP-AT-2026-4) and FY 2026 (LIHEAP-AT-2025-04) Model Plan Application action transmittals with the Model Plan template (OMB 0970-0075), reference guide and OLDC instructions, 10 documents, 176 rows; acf.gov fetched with the chrome120 fallback (AWS WAF challenge to the plain client)"
liheap,us-az,LIHEAP-F-GUID-MODELPLAN,EXTRACTABLE,PRESENT,us/guidance/2026-09-15-liheap-model-plan,us/guidance/acf/ocs/liheap-at/2026-4/attachment-3-model-plan-template,"FY 2027 (LIHEAP-AT-2026-4) and FY 2026 (LIHEAP-AT-2025-04) Model Plan Application action transmittals with the Model Plan template (OMB 0970-0075), reference guide and OLDC instructions, 10 documents, 176 rows; acf.gov fetched with the chrome120 fallback (AWS WAF challenge to the plain client)"
liheap,us-ca,LIHEAP-F-GUID-MODELPLAN,EXTRACTABLE,PRESENT,us/guidance/2026-09-15-liheap-model-plan,us/guidance/acf/ocs/liheap-at/2026-4/attachment-3-model-plan-template,"FY 2027 (LIHEAP-AT-2026-4) and FY 2026 (LIHEAP-AT-2025-04) Model Plan Application action transmittals with the Model Plan template (OMB 0970-0075), reference guide and OLDC instructions, 10 documents, 176 rows; acf.gov fetched with the chrome120 fallback (AWS WAF challenge to the plain client)"
liheap,us-co,LIHEAP-F-GUID-MODELPLAN,EXTRACTABLE,PRESENT,us/guidance/2026-09-15-liheap-model-plan,us/guidance/acf/ocs/liheap-at/2026-4/attachment-3-model-plan-template,"FY 2027 (LIHEAP-AT-2026-4) and FY 2026 (LIHEAP-AT-2025-04) Model Plan Application action transmittals with the Model Plan template (OMB 0970-0075), reference guide and OLDC instructions, 10 documents, 176 rows; acf.gov fetched with the chrome120 fallback (AWS WAF challenge to the plain client)"
liheap,us-ct,LIHEAP-F-GUID-MODELPLAN,EXTRACTABLE,PRESENT,us/guidance/2026-09-15-liheap-model-plan,us/guidance/acf/ocs/liheap-at/2026-4/attachment-3-model-plan-template,"FY 2027 (LIHEAP-AT-2026-4) and FY 2026 (LIHEAP-AT-2025-04) Model Plan Application action transmittals with the Model Plan template (OMB 0970-0075), reference guide and OLDC instructions, 10 documents, 176 rows; acf.gov fetched with the chrome120 fallback (AWS WAF challenge to the plain client)"
liheap,us-dc,LIHEAP-F-GUID-MODELPLAN,EXTRACTABLE,PRESENT,us/guidance/2026-09-15-liheap-model-plan,us/guidance/acf/ocs/liheap-at/2026-4/attachment-3-model-plan-template,"FY 2027 (LIHEAP-AT-2026-4) and FY 2026 (LIHEAP-AT-2025-04) Model Plan Application action transmittals with the Model Plan template (OMB 0970-0075), reference guide and OLDC instructions, 10 documents, 176 rows; acf.gov fetched with the chrome120 fallback (AWS WAF challenge to the plain client)"
liheap,us-de,LIHEAP-F-GUID-MODELPLAN,EXTRACTABLE,PRESENT,us/guidance/2026-09-15-liheap-model-plan,us/guidance/acf/ocs/liheap-at/2026-4/attachment-3-model-plan-template,"FY 2027 (LIHEAP-AT-2026-4) and FY 2026 (LIHEAP-AT-2025-04) Model Plan Application action transmittals with the Model Plan template (OMB 0970-0075), reference guide and OLDC instructions, 10 documents, 176 rows; acf.gov fetched with the chrome120 fallback (AWS WAF challenge to the plain client)"
liheap,us-fl,LIHEAP-F-GUID-MODELPLAN,EXTRACTABLE,PRESENT,us/guidance/2026-09-15-liheap-model-plan,us/guidance/acf/ocs/liheap-at/2026-4/attachment-3-model-plan-template,"FY 2027 (LIHEAP-AT-2026-4) and FY 2026 (LIHEAP-AT-2025-04) Model Plan Application action transmittals with the Model Plan template (OMB 0970-0075), reference guide and OLDC instructions, 10 documents, 176 rows; acf.gov fetched with the chrome120 fallback (AWS WAF challenge to the plain client)"
liheap,us-ga,LIHEAP-F-GUID-MODELPLAN,EXTRACTABLE,PRESENT,us/guidance/2026-09-15-liheap-model-plan,us/guidance/acf/ocs/liheap-at/2026-4/attachment-3-model-plan-template,"FY 2027 (LIHEAP-AT-2026-4) and FY 2026 (LIHEAP-AT-2025-04) Model Plan Application action transmittals with the Model Plan template (OMB 0970-0075), reference guide and OLDC instructions, 10 documents, 176 rows; acf.gov fetched with the chrome120 fallback (AWS WAF challenge to the plain client)"
liheap,us-hi,LIHEAP-F-GUID-MODELPLAN,EXTRACTABLE,PRESENT,us/guidance/2026-09-15-liheap-model-plan,us/guidance/acf/ocs/liheap-at/2026-4/attachment-3-model-plan-template,"FY 2027 (LIHEAP-AT-2026-4) and FY 2026 (LIHEAP-AT-2025-04) Model Plan Application action transmittals with the Model Plan template (OMB 0970-0075), reference guide and OLDC instructions, 10 documents, 176 rows; acf.gov fetched with the chrome120 fallback (AWS WAF challenge to the plain client)"
liheap,us-ia,LIHEAP-F-GUID-MODELPLAN,EXTRACTABLE,PRESENT,us/guidance/2026-09-15-liheap-model-plan,us/guidance/acf/ocs/liheap-at/2026-4/attachment-3-model-plan-template,"FY 2027 (LIHEAP-AT-2026-4) and FY 2026 (LIHEAP-AT-2025-04) Model Plan Application action transmittals with the Model Plan template (OMB 0970-0075), reference guide and OLDC instructions, 10 documents, 176 rows; acf.gov fetched with the chrome120 fallback (AWS WAF challenge to the plain client)"
liheap,us-id,LIHEAP-F-GUID-MODELPLAN,EXTRACTABLE,PRESENT,us/guidance/2026-09-15-liheap-model-plan,us/guidance/acf/ocs/liheap-at/2026-4/attachment-3-model-plan-template,"FY 2027 (LIHEAP-AT-2026-4) and FY 2026 (LIHEAP-AT-2025-04) Model Plan Application action transmittals with the Model Plan template (OMB 0970-0075), reference guide and OLDC instructions, 10 documents, 176 rows; acf.gov fetched with the chrome120 fallback (AWS WAF challenge to the plain client)"
liheap,us-il,LIHEAP-F-GUID-MODELPLAN,EXTRACTABLE,PRESENT,us/guidance/2026-09-15-liheap-model-plan,us/guidance/acf/ocs/liheap-at/2026-4/attachment-3-model-plan-template,"FY 2027 (LIHEAP-AT-2026-4) and FY 2026 (LIHEAP-AT-2025-04) Model Plan Application action transmittals with the Model Plan template (OMB 0970-0075), reference guide and OLDC instructions, 10 documents, 176 rows; acf.gov fetched with the chrome120 fallback (AWS WAF challenge to the plain client)"
liheap,us-in,LIHEAP-F-GUID-MODELPLAN,EXTRACTABLE,PRESENT,us/guidance/2026-09-15-liheap-model-plan,us/guidance/acf/ocs/liheap-at/2026-4/attachment-3-model-plan-template,"FY 2027 (LIHEAP-AT-2026-4) and FY 2026 (LIHEAP-AT-2025-04) Model Plan Application action transmittals with the Model Plan template (OMB 0970-0075), reference guide and OLDC instructions, 10 documents, 176 rows; acf.gov fetched with the chrome120 fallback (AWS WAF challenge to the plain client)"
liheap,us-ks,LIHEAP-F-GUID-MODELPLAN,EXTRACTABLE,PRESENT,us/guidance/2026-09-15-liheap-model-plan,us/guidance/acf/ocs/liheap-at/2026-4/attachment-3-model-plan-template,"FY 2027 (LIHEAP-AT-2026-4) and FY 2026 (LIHEAP-AT-2025-04) Model Plan Application action transmittals with the Model Plan template (OMB 0970-0075), reference guide and OLDC instructions, 10 documents, 176 rows; acf.gov fetched with the chrome120 fallback (AWS WAF challenge to the plain client)"
liheap,us-ky,LIHEAP-F-GUID-MODELPLAN,EXTRACTABLE,PRESENT,us/guidance/2026-09-15-liheap-model-plan,us/guidance/acf/ocs/liheap-at/2026-4/attachment-3-model-plan-template,"FY 2027 (LIHEAP-AT-2026-4) and FY 2026 (LIHEAP-AT-2025-04) Model Plan Application action transmittals with the Model Plan template (OMB 0970-0075), reference guide and OLDC instructions, 10 documents, 176 rows; acf.gov fetched with the chrome120 fallback (AWS WAF challenge to the plain client)"
liheap,us-la,LIHEAP-F-GUID-MODELPLAN,EXTRACTABLE,PRESENT,us/guidance/2026-09-15-liheap-model-plan,us/guidance/acf/ocs/liheap-at/2026-4/attachment-3-model-plan-template,"FY 2027 (LIHEAP-AT-2026-4) and FY 2026 (LIHEAP-AT-2025-04) Model Plan Application action transmittals with the Model Plan template (OMB 0970-0075), reference guide and OLDC instructions, 10 documents, 176 rows; acf.gov fetched with the chrome120 fallback (AWS WAF challenge to the plain client)"
liheap,us-ma,LIHEAP-F-GUID-MODELPLAN,EXTRACTABLE,PRESENT,us/guidance/2026-09-15-liheap-model-plan,us/guidance/acf/ocs/liheap-at/2026-4/attachment-3-model-plan-template,"FY 2027 (LIHEAP-AT-2026-4) and FY 2026 (LIHEAP-AT-2025-04) Model Plan Application action transmittals with the Model Plan template (OMB 0970-0075), reference guide and OLDC instructions, 10 documents, 176 rows; acf.gov fetched with the chrome120 fallback (AWS WAF challenge to the plain client)"
liheap,us-md,LIHEAP-F-GUID-MODELPLAN,EXTRACTABLE,PRESENT,us/guidance/2026-09-15-liheap-model-plan,us/guidance/acf/ocs/liheap-at/2026-4/attachment-3-model-plan-template,"FY 2027 (LIHEAP-AT-2026-4) and FY 2026 (LIHEAP-AT-2025-04) Model Plan Application action transmittals with the Model Plan template (OMB 0970-0075), reference guide and OLDC instructions, 10 documents, 176 rows; acf.gov fetched with the chrome120 fallback (AWS WAF challenge to the plain client)"
liheap,us-me,LIHEAP-F-GUID-MODELPLAN,EXTRACTABLE,PRESENT,us/guidance/2026-09-15-liheap-model-plan,us/guidance/acf/ocs/liheap-at/2026-4/attachment-3-model-plan-template,"FY 2027 (LIHEAP-AT-2026-4) and FY 2026 (LIHEAP-AT-2025-04) Model Plan Application action transmittals with the Model Plan template (OMB 0970-0075), reference guide and OLDC instructions, 10 documents, 176 rows; acf.gov fetched with the chrome120 fallback (AWS WAF challenge to the plain client)"
liheap,us-mi,LIHEAP-F-GUID-MODELPLAN,EXTRACTABLE,PRESENT,us/guidance/2026-09-15-liheap-model-plan,us/guidance/acf/ocs/liheap-at/2026-4/attachment-3-model-plan-template,"FY 2027 (LIHEAP-AT-2026-4) and FY 2026 (LIHEAP-AT-2025-04) Model Plan Application action transmittals with the Model Plan template (OMB 0970-0075), reference guide and OLDC instructions, 10 documents, 176 rows; acf.gov fetched with the chrome120 fallback (AWS WAF challenge to the plain client)"
liheap,us-mn,LIHEAP-F-GUID-MODELPLAN,EXTRACTABLE,PRESENT,us/guidance/2026-09-15-liheap-model-plan,us/guidance/acf/ocs/liheap-at/2026-4/attachment-3-model-plan-template,"FY 2027 (LIHEAP-AT-2026-4) and FY 2026 (LIHEAP-AT-2025-04) Model Plan Application action transmittals with the Model Plan template (OMB 0970-0075), reference guide and OLDC instructions, 10 documents, 176 rows; acf.gov fetched with the chrome120 fallback (AWS WAF challenge to the plain client)"
liheap,us-mo,LIHEAP-F-GUID-MODELPLAN,EXTRACTABLE,PRESENT,us/guidance/2026-09-15-liheap-model-plan,us/guidance/acf/ocs/liheap-at/2026-4/attachment-3-model-plan-template,"FY 2027 (LIHEAP-AT-2026-4) and FY 2026 (LIHEAP-AT-2025-04) Model Plan Application action transmittals with the Model Plan template (OMB 0970-0075), reference guide and OLDC instructions, 10 documents, 176 rows; acf.gov fetched with the chrome120 fallback (AWS WAF challenge to the plain client)"
liheap,us-ms,LIHEAP-F-GUID-MODELPLAN,EXTRACTABLE,PRESENT,us/guidance/2026-09-15-liheap-model-plan,us/guidance/acf/ocs/liheap-at/2026-4/attachment-3-model-plan-template,"FY 2027 (LIHEAP-AT-2026-4) and FY 2026 (LIHEAP-AT-2025-04) Model Plan Application action transmittals with the Model Plan template (OMB 0970-0075), reference guide and OLDC instructions, 10 documents, 176 rows; acf.gov fetched with the chrome120 fallback (AWS WAF challenge to the plain client)"
liheap,us-mt,LIHEAP-F-GUID-MODELPLAN,EXTRACTABLE,PRESENT,us/guidance/2026-09-15-liheap-model-plan,us/guidance/acf/ocs/liheap-at/2026-4/attachment-3-model-plan-template,"FY 2027 (LIHEAP-AT-2026-4) and FY 2026 (LIHEAP-AT-2025-04) Model Plan Application action transmittals with the Model Plan template (OMB 0970-0075), reference guide and OLDC instructions, 10 documents, 176 rows; acf.gov fetched with the chrome120 fallback (AWS WAF challenge to the plain client)"
liheap,us-nc,LIHEAP-F-GUID-MODELPLAN,EXTRACTABLE,PRESENT,us/guidance/2026-09-15-liheap-model-plan,us/guidance/acf/ocs/liheap-at/2026-4/attachment-3-model-plan-template,"FY 2027 (LIHEAP-AT-2026-4) and FY 2026 (LIHEAP-AT-2025-04) Model Plan Application action transmittals with the Model Plan template (OMB 0970-0075), reference guide and OLDC instructions, 10 documents, 176 rows; acf.gov fetched with the chrome120 fallback (AWS WAF challenge to the plain client)"
liheap,us-nd,LIHEAP-F-GUID-MODELPLAN,EXTRACTABLE,PRESENT,us/guidance/2026-09-15-liheap-model-plan,us/guidance/acf/ocs/liheap-at/2026-4/attachment-3-model-plan-template,"FY 2027 (LIHEAP-AT-2026-4) and FY 2026 (LIHEAP-AT-2025-04) Model Plan Application action transmittals with the Model Plan template (OMB 0970-0075), reference guide and OLDC instructions, 10 documents, 176 rows; acf.gov fetched with the chrome120 fallback (AWS WAF challenge to the plain client)"
liheap,us-ne,LIHEAP-F-GUID-MODELPLAN,EXTRACTABLE,PRESENT,us/guidance/2026-09-15-liheap-model-plan,us/guidance/acf/ocs/liheap-at/2026-4/attachment-3-model-plan-template,"FY 2027 (LIHEAP-AT-2026-4) and FY 2026 (LIHEAP-AT-2025-04) Model Plan Application action transmittals with the Model Plan template (OMB 0970-0075), reference guide and OLDC instructions, 10 documents, 176 rows; acf.gov fetched with the chrome120 fallback (AWS WAF challenge to the plain client)"
liheap,us-nh,LIHEAP-F-GUID-MODELPLAN,EXTRACTABLE,PRESENT,us/guidance/2026-09-15-liheap-model-plan,us/guidance/acf/ocs/liheap-at/2026-4/attachment-3-model-plan-template,"FY 2027 (LIHEAP-AT-2026-4) and FY 2026 (LIHEAP-AT-2025-04) Model Plan Application action transmittals with the Model Plan template (OMB 0970-0075), reference guide and OLDC instructions, 10 documents, 176 rows; acf.gov fetched with the chrome120 fallback (AWS WAF challenge to the plain client)"
liheap,us-nj,LIHEAP-F-GUID-MODELPLAN,EXTRACTABLE,PRESENT,us/guidance/2026-09-15-liheap-model-plan,us/guidance/acf/ocs/liheap-at/2026-4/attachment-3-model-plan-template,"FY 2027 (LIHEAP-AT-2026-4) and FY 2026 (LIHEAP-AT-2025-04) Model Plan Application action transmittals with the Model Plan template (OMB 0970-0075), reference guide and OLDC instructions, 10 documents, 176 rows; acf.gov fetched with the chrome120 fallback (AWS WAF challenge to the plain client)"
liheap,us-nm,LIHEAP-F-GUID-MODELPLAN,EXTRACTABLE,PRESENT,us/guidance/2026-09-15-liheap-model-plan,us/guidance/acf/ocs/liheap-at/2026-4/attachment-3-model-plan-template,"FY 2027 (LIHEAP-AT-2026-4) and FY 2026 (LIHEAP-AT-2025-04) Model Plan Application action transmittals with the Model Plan template (OMB 0970-0075), reference guide and OLDC instructions, 10 documents, 176 rows; acf.gov fetched with the chrome120 fallback (AWS WAF challenge to the plain client)"
liheap,us-nv,LIHEAP-F-GUID-MODELPLAN,EXTRACTABLE,PRESENT,us/guidance/2026-09-15-liheap-model-plan,us/guidance/acf/ocs/liheap-at/2026-4/attachment-3-model-plan-template,"FY 2027 (LIHEAP-AT-2026-4) and FY 2026 (LIHEAP-AT-2025-04) Model Plan Application action transmittals with the Model Plan template (OMB 0970-0075), reference guide and OLDC instructions, 10 documents, 176 rows; acf.gov fetched with the chrome120 fallback (AWS WAF challenge to the plain client)"
liheap,us-ny,LIHEAP-F-GUID-MODELPLAN,EXTRACTABLE,PRESENT,us/guidance/2026-09-15-liheap-model-plan,us/guidance/acf/ocs/liheap-at/2026-4/attachment-3-model-plan-template,"FY 2027 (LIHEAP-AT-2026-4) and FY 2026 (LIHEAP-AT-2025-04) Model Plan Application action transmittals with the Model Plan template (OMB 0970-0075), reference guide and OLDC instructions, 10 documents, 176 rows; acf.gov fetched with the chrome120 fallback (AWS WAF challenge to the plain client)"
liheap,us-oh,LIHEAP-F-GUID-MODELPLAN,EXTRACTABLE,PRESENT,us/guidance/2026-09-15-liheap-model-plan,us/guidance/acf/ocs/liheap-at/2026-4/attachment-3-model-plan-template,"FY 2027 (LIHEAP-AT-2026-4) and FY 2026 (LIHEAP-AT-2025-04) Model Plan Application action transmittals with the Model Plan template (OMB 0970-0075), reference guide and OLDC instructions, 10 documents, 176 rows; acf.gov fetched with the chrome120 fallback (AWS WAF challenge to the plain client)"
liheap,us-ok,LIHEAP-F-GUID-MODELPLAN,EXTRACTABLE,PRESENT,us/guidance/2026-09-15-liheap-model-plan,us/guidance/acf/ocs/liheap-at/2026-4/attachment-3-model-plan-template,"FY 2027 (LIHEAP-AT-2026-4) and FY 2026 (LIHEAP-AT-2025-04) Model Plan Application action transmittals with the Model Plan template (OMB 0970-0075), reference guide and OLDC instructions, 10 documents, 176 rows; acf.gov fetched with the chrome120 fallback (AWS WAF challenge to the plain client)"
liheap,us-or,LIHEAP-F-GUID-MODELPLAN,EXTRACTABLE,PRESENT,us/guidance/2026-09-15-liheap-model-plan,us/guidance/acf/ocs/liheap-at/2026-4/attachment-3-model-plan-template,"FY 2027 (LIHEAP-AT-2026-4) and FY 2026 (LIHEAP-AT-2025-04) Model Plan Application action transmittals with the Model Plan template (OMB 0970-0075), reference guide and OLDC instructions, 10 documents, 176 rows; acf.gov fetched with the chrome120 fallback (AWS WAF challenge to the plain client)"
liheap,us-pa,LIHEAP-F-GUID-MODELPLAN,EXTRACTABLE,PRESENT,us/guidance/2026-09-15-liheap-model-plan,us/guidance/acf/ocs/liheap-at/2026-4/attachment-3-model-plan-template,"FY 2027 (LIHEAP-AT-2026-4) and FY 2026 (LIHEAP-AT-2025-04) Model Plan Application action transmittals with the Model Plan template (OMB 0970-0075), reference guide and OLDC instructions, 10 documents, 176 rows; acf.gov fetched with the chrome120 fallback (AWS WAF challenge to the plain client)"
liheap,us-ri,LIHEAP-F-GUID-MODELPLAN,EXTRACTABLE,PRESENT,us/guidance/2026-09-15-liheap-model-plan,us/guidance/acf/ocs/liheap-at/2026-4/attachment-3-model-plan-template,"FY 2027 (LIHEAP-AT-2026-4) and FY 2026 (LIHEAP-AT-2025-04) Model Plan Application action transmittals with the Model Plan template (OMB 0970-0075), reference guide and OLDC instructions, 10 documents, 176 rows; acf.gov fetched with the chrome120 fallback (AWS WAF challenge to the plain client)"
liheap,us-sc,LIHEAP-F-GUID-MODELPLAN,EXTRACTABLE,PRESENT,us/guidance/2026-09-15-liheap-model-plan,us/guidance/acf/ocs/liheap-at/2026-4/attachment-3-model-plan-template,"FY 2027 (LIHEAP-AT-2026-4) and FY 2026 (LIHEAP-AT-2025-04) Model Plan Application action transmittals with the Model Plan template (OMB 0970-0075), reference guide and OLDC instructions, 10 documents, 176 rows; acf.gov fetched with the chrome120 fallback (AWS WAF challenge to the plain client)"
liheap,us-sd,LIHEAP-F-GUID-MODELPLAN,EXTRACTABLE,PRESENT,us/guidance/2026-09-15-liheap-model-plan,us/guidance/acf/ocs/liheap-at/2026-4/attachment-3-model-plan-template,"FY 2027 (LIHEAP-AT-2026-4) and FY 2026 (LIHEAP-AT-2025-04) Model Plan Application action transmittals with the Model Plan template (OMB 0970-0075), reference guide and OLDC instructions, 10 documents, 176 rows; acf.gov fetched with the chrome120 fallback (AWS WAF challenge to the plain client)"
liheap,us-tn,LIHEAP-F-GUID-MODELPLAN,EXTRACTABLE,PRESENT,us/guidance/2026-09-15-liheap-model-plan,us/guidance/acf/ocs/liheap-at/2026-4/attachment-3-model-plan-template,"FY 2027 (LIHEAP-AT-2026-4) and FY 2026 (LIHEAP-AT-2025-04) Model Plan Application action transmittals with the Model Plan template (OMB 0970-0075), reference guide and OLDC instructions, 10 documents, 176 rows; acf.gov fetched with the chrome120 fallback (AWS WAF challenge to the plain client)"
liheap,us-tx,LIHEAP-F-GUID-MODELPLAN,EXTRACTABLE,PRESENT,us/guidance/2026-09-15-liheap-model-plan,us/guidance/acf/ocs/liheap-at/2026-4/attachment-3-model-plan-template,"FY 2027 (LIHEAP-AT-2026-4) and FY 2026 (LIHEAP-AT-2025-04) Model Plan Application action transmittals with the Model Plan template (OMB 0970-0075), reference guide and OLDC instructions, 10 documents, 176 rows; acf.gov fetched with the chrome120 fallback (AWS WAF challenge to the plain client)"
liheap,us-ut,LIHEAP-F-GUID-MODELPLAN,EXTRACTABLE,PRESENT,us/guidance/2026-09-15-liheap-model-plan,us/guidance/acf/ocs/liheap-at/2026-4/attachment-3-model-plan-template,"FY 2027 (LIHEAP-AT-2026-4) and FY 2026 (LIHEAP-AT-2025-04) Model Plan Application action transmittals with the Model Plan template (OMB 0970-0075), reference guide and OLDC instructions, 10 documents, 176 rows; acf.gov fetched with the chrome120 fallback (AWS WAF challenge to the plain client)"
liheap,us-va,LIHEAP-F-GUID-MODELPLAN,EXTRACTABLE,PRESENT,us/guidance/2026-09-15-liheap-model-plan,us/guidance/acf/ocs/liheap-at/2026-4/attachment-3-model-plan-template,"FY 2027 (LIHEAP-AT-2026-4) and FY 2026 (LIHEAP-AT-2025-04) Model Plan Application action transmittals with the Model Plan template (OMB 0970-0075), reference guide and OLDC instructions, 10 documents, 176 rows; acf.gov fetched with the chrome120 fallback (AWS WAF challenge to the plain client)"
liheap,us-vt,LIHEAP-F-GUID-MODELPLAN,EXTRACTABLE,PRESENT,us/guidance/2026-09-15-liheap-model-plan,us/guidance/acf/ocs/liheap-at/2026-4/attachment-3-model-plan-template,"FY 2027 (LIHEAP-AT-2026-4) and FY 2026 (LIHEAP-AT-2025-04) Model Plan Application action transmittals with the Model Plan template (OMB 0970-0075), reference guide and OLDC instructions, 10 documents, 176 rows; acf.gov fetched with the chrome120 fallback (AWS WAF challenge to the plain client)"
liheap,us-wa,LIHEAP-F-GUID-MODELPLAN,EXTRACTABLE,PRESENT,us/guidance/2026-09-15-liheap-model-plan,us/guidance/acf/ocs/liheap-at/2026-4/attachment-3-model-plan-template,"FY 2027 (LIHEAP-AT-2026-4) and FY 2026 (LIHEAP-AT-2025-04) Model Plan Application action transmittals with the Model Plan template (OMB 0970-0075), reference guide and OLDC instructions, 10 documents, 176 rows; acf.gov fetched with the chrome120 fallback (AWS WAF challenge to the plain client)"
liheap,us-wi,LIHEAP-F-GUID-MODELPLAN,EXTRACTABLE,PRESENT,us/guidance/2026-09-15-liheap-model-plan,us/guidance/acf/ocs/liheap-at/2026-4/attachment-3-model-plan-template,"FY 2027 (LIHEAP-AT-2026-4) and FY 2026 (LIHEAP-AT-2025-04) Model Plan Application action transmittals with the Model Plan template (OMB 0970-0075), reference guide and OLDC instructions, 10 documents, 176 rows; acf.gov fetched with the chrome120 fallback (AWS WAF challenge to the plain client)"
liheap,us-wv,LIHEAP-F-GUID-MODELPLAN,EXTRACTABLE,PRESENT,us/guidance/2026-09-15-liheap-model-plan,us/guidance/acf/ocs/liheap-at/2026-4/attachment-3-model-plan-template,"FY 2027 (LIHEAP-AT-2026-4) and FY 2026 (LIHEAP-AT-2025-04) Model Plan Application action transmittals with the Model Plan template (OMB 0970-0075), reference guide and OLDC instructions, 10 documents, 176 rows; acf.gov fetched with the chrome120 fallback (AWS WAF challenge to the plain client)"
liheap,us-wy,LIHEAP-F-GUID-MODELPLAN,EXTRACTABLE,PRESENT,us/guidance/2026-09-15-liheap-model-plan,us/guidance/acf/ocs/liheap-at/2026-4/attachment-3-model-plan-template,"FY 2027 (LIHEAP-AT-2026-4) and FY 2026 (LIHEAP-AT-2025-04) Model Plan Application action transmittals with the Model Plan template (OMB 0970-0075), reference guide and OLDC instructions, 10 documents, 176 rows; acf.gov fetched with the chrome120 fallback (AWS WAF challenge to the plain client)"
liheap,us-ak,LIHEAP-ST-09,EXTRACTABLE,ALREADY-HELD,us-ak/policy/2026-09-14-liheap-benefit-matrix,us-ak/policy/acf/liheap-plan/fy2026-benefit-matrix,"already held: us-ak/policy/2026-09-14-liheap-benefit-matrix/us-ak/policy/acf/liheap-plan/fy2026-benefit-matrix (wave 4, matrix_status taken); the 09-14 list was built from the 09-11 literals"
liheap,us-ak,LIHEAP-ST-18,EXTRACTABLE,ALREADY-HELD,us-ak/manual/2026-09-14-liheap-benefit-matrix,us-ak/manual/dpa/hap/3000-2-definitions,already held: us-ak/manual/2026-09-14-liheap-benefit-matrix/us-ak/manual/dpa/hap/3000-2-definitions (wave 4 took the state manual or adopted rule)
liheap,us-al,LIHEAP-ST-09,EXTRACTABLE,ALREADY-HELD,us-al/manual/2026-09-14-liheap-benefit-matrix,us-al/manual/adeca/liheap-policy-manual,"already held: us-al/manual/2026-09-14-liheap-benefit-matrix/us-al/manual/adeca/liheap-policy-manual (wave 4, matrix_status in_manual); the 09-14 list was built from the 09-11 literals"
liheap,us-al,LIHEAP-ST-18,EXTRACTABLE,ALREADY-HELD,us-al/manual/2026-09-14-liheap-benefit-matrix,us-al/manual/adeca/liheap-policy-manual,already held: us-al/manual/2026-09-14-liheap-benefit-matrix/us-al/manual/adeca/liheap-policy-manual (wave 4 took the state manual or adopted rule)
liheap,us-ar,LIHEAP-ST-09,EXTRACTABLE,ALREADY-HELD,us-ar/policy/2026-09-14-liheap-benefit-matrix,us-ar/policy/aeo/liheap-benefit-matrix/ffy2026/electric,"already held: us-ar/policy/2026-09-14-liheap-benefit-matrix/us-ar/policy/aeo/liheap-benefit-matrix/ffy2026/electric (wave 4, matrix_status taken); the 09-14 list was built from the 09-11 literals"
liheap,us-ar,LIHEAP-ST-18,EXTRACTABLE,PRESENT,us-ar/manual/2026-09-15-liheap-policy-manual,us-ar/manual/aeo/liheap-policy-and-procedures-manual/ffy2025,"Arkansas Energy Office LIHEAP Policy and Procedures Manual FFY 2025 (190 pages, 191 rows), the Clearinghouse-hosted copy: the index's FFY 2026 link answers 404 and the agency posts no manual; taken 2026-09-15"
liheap,us-az,LIHEAP-ST-09,EXTRACTABLE,ALREADY-HELD,us-az/manual/2026-09-14-liheap-benefit-matrix,us-az/manual/des/liheap-policy,"already held: us-az/manual/2026-09-14-liheap-benefit-matrix/us-az/manual/des/liheap-policy (wave 4, matrix_status in_manual); the 09-14 list was built from the 09-11 literals"
liheap,us-az,LIHEAP-ST-18,EXTRACTABLE,ALREADY-HELD,us-az/manual/2026-09-14-liheap-benefit-matrix,us-az/manual/des/liheap-policy,already held: us-az/manual/2026-09-14-liheap-benefit-matrix/us-az/manual/des/liheap-policy (wave 4 took the state manual or adopted rule)
liheap,us-co,LIHEAP-ST-09,EXTRACTABLE,ALREADY-HELD,us-co/regulation/2026-09-14-liheap-benefit-matrix,us-co/regulation/9-ccr-2503-7,"already held: us-co/regulation/2026-09-14-liheap-benefit-matrix/us-co/regulation/9-ccr-2503-7 (wave 4, matrix_status in_manual); the 09-14 list was built from the 09-11 literals"
liheap,us-co,LIHEAP-ST-18,EXTRACTABLE,ALREADY-HELD,us-co/regulation/2026-09-14-liheap-benefit-matrix,us-co/regulation/9-ccr-2503-7,already held: us-co/regulation/2026-09-14-liheap-benefit-matrix/us-co/regulation/9-ccr-2503-7 (wave 4 took the state manual or adopted rule)
liheap,us-ct,LIHEAP-ST-09,EXTRACTABLE,ALREADY-HELD,us-ct/policy/2026-09-14-liheap-benefit-matrix,us-ct/policy/dss/liheap-allocation-plan/ffy2026,"already held: us-ct/policy/2026-09-14-liheap-benefit-matrix/us-ct/policy/dss/liheap-allocation-plan/ffy2026 (wave 4, matrix_status taken); the 09-14 list was built from the 09-11 literals"
liheap,us-ct,LIHEAP-ST-18,EXTRACTABLE,ALREADY-HELD,us-ct/policy/2026-09-14-liheap-benefit-matrix,us-ct/policy/dss/liheap-allocation-plan/ffy2026,already held: the FFY 2026 LIHEAP Allocation Plan is the DSS document the Clearinghouse index lists as Connecticut's manual (its FFY 2025 link is dead); no separate CEAP policy manual is posted
liheap,us-de,LIHEAP-ST-09,EXTRACTABLE,ABSENT,,,"absent (wave 4 finding, re-read 2026-09-15): DEAP Policies and Procedures Manual (102 pages, PDF dated 2015-04-22, posted with solicitation HSS-15-027); it says the benefit matrix is in the current Delaware State Plan (page 8) and prints no matrix."
liheap,us-de,LIHEAP-ST-18,EXTRACTABLE,ALREADY-HELD,us-de/manual/2026-09-14-liheap-benefit-matrix,us-de/manual/dhss/deap-policies-and-procedures-manual,already held: us-de/manual/2026-09-14-liheap-benefit-matrix/us-de/manual/dhss/deap-policies-and-procedures-manual (wave 4 took the state manual or adopted rule)
liheap,us-fl,LIHEAP-ST-09,EXTRACTABLE,ABSENT,,,"absent (wave 4 finding, re-read 2026-09-15): LIHEAP Policy Manual (73 pages, last revised 2021-11-17, effective 2022-05-27), the Clearinghouse-hosted copy; no dollar matrix is printed (benefit amounts are set in the state plan)."
liheap,us-fl,LIHEAP-ST-18,EXTRACTABLE,ALREADY-HELD,us-fl/manual/2026-09-14-liheap-benefit-matrix,us-fl/manual/commerce/liheap-policy-manual,already held: us-fl/manual/2026-09-14-liheap-benefit-matrix/us-fl/manual/commerce/liheap-policy-manual (wave 4 took the state manual or adopted rule)
liheap,us-ga,LIHEAP-ST-09,EXTRACTABLE,ABSENT,,,"absent (wave 4 finding, re-read 2026-09-15): DFCS LIHEAP Policy Manual revised January 2022 (89 pages), the Clearinghouse-hosted copy; no dollar matrix is printed."
liheap,us-ga,LIHEAP-ST-18,EXTRACTABLE,ALREADY-HELD,us-ga/manual/2026-09-14-liheap-benefit-matrix,us-ga/manual/dfcs/liheap-policy-manual,already held: us-ga/manual/2026-09-14-liheap-benefit-matrix/us-ga/manual/dfcs/liheap-policy-manual (wave 4 took the state manual or adopted rule)
liheap,us-hi,LIHEAP-ST-09,EXTRACTABLE,ALREADY-HELD,us-hi/policy/2026-09-14-liheap-benefit-matrix,us-hi/policy/acf/liheap-plan/fy2026-benefit-matrix,"already held: us-hi/policy/2026-09-14-liheap-benefit-matrix/us-hi/policy/acf/liheap-plan/fy2026-benefit-matrix (wave 4, matrix_status taken); the 09-14 list was built from the 09-11 literals"
liheap,us-hi,LIHEAP-ST-18,EXTRACTABLE,ALREADY-HELD,us-hi/manual/2026-09-14-liheap-benefit-matrix,us-hi/manual/dhs/liheap-policies-and-procedures,already held: us-hi/manual/2026-09-14-liheap-benefit-matrix/us-hi/manual/dhs/liheap-policies-and-procedures (wave 4 took the state manual or adopted rule)
liheap,us-ia,LIHEAP-ST-09,EXTRACTABLE,ALREADY-HELD,us-ia/manual/2026-09-14-liheap-benefit-matrix,us-ia/manual/hhs/liheap-policy-and-procedures-manual,"already held: us-ia/manual/2026-09-14-liheap-benefit-matrix/us-ia/manual/hhs/liheap-policy-and-procedures-manual (wave 4, matrix_status in_manual); the 09-14 list was built from the 09-11 literals"
liheap,us-ia,LIHEAP-ST-18,EXTRACTABLE,ALREADY-HELD,us-ia/manual/2026-09-14-liheap-benefit-matrix,us-ia/manual/hhs/liheap-policy-and-procedures-manual,already held: us-ia/manual/2026-09-14-liheap-benefit-matrix/us-ia/manual/hhs/liheap-policy-and-procedures-manual (wave 4 took the state manual or adopted rule)
liheap,us-in,LIHEAP-ST-09,EXTRACTABLE,ALREADY-HELD,us-in/manual/2026-09-14-liheap-benefit-matrix,us-in/manual/ihcda/liheap-intake-and-operations-manual,"already held: us-in/manual/2026-09-14-liheap-benefit-matrix/us-in/manual/ihcda/liheap-intake-and-operations-manual (wave 4, matrix_status in_manual); the 09-14 list was built from the 09-11 literals"
liheap,us-in,LIHEAP-ST-18,EXTRACTABLE,ALREADY-HELD,us-in/manual/2026-09-14-liheap-benefit-matrix,us-in/manual/ihcda/liheap-intake-and-operations-manual,already held: us-in/manual/2026-09-14-liheap-benefit-matrix/us-in/manual/ihcda/liheap-intake-and-operations-manual (wave 4 took the state manual or adopted rule)
liheap,us-ky,LIHEAP-ST-09,EXTRACTABLE,ABSENT,,,"absent (wave 4 finding, re-read 2026-09-15): Absent: the Clearinghouse-listed document (kyhousing.org '2022 Kentucky Health and Safety Plan') is the Weatherization Assistance Program health-and-safety plan, not a LIHEAP manual; the CHFS LIHEAP page posts narrative only (the only PDF is the LIHWAP plan) a"
liheap,us-ky,LIHEAP-ST-18,EXTRACTABLE,ABSENT,,,"the Clearinghouse-listed document (kyhousing.org 2022 Health and Safety Plan) is the Weatherization Assistance Program plan, not a LIHEAP manual; CHFS posts narrative only (wave 4, re-read 2026-09-15)"
liheap,us-la,LIHEAP-ST-09,EXTRACTABLE,ALREADY-HELD,us-la/policy/2026-09-14-liheap-benefit-matrix,us-la/policy/lhc/liheap/model-plan-ffy2026,"already held: us-la/policy/2026-09-14-liheap-benefit-matrix/us-la/policy/lhc/liheap/model-plan-ffy2026 (wave 4, matrix_status taken); the 09-14 list was built from the 09-11 literals"
liheap,us-la,LIHEAP-ST-18,EXTRACTABLE,ALREADY-HELD,us-la/manual/2026-09-14-liheap-benefit-matrix,us-la/manual/lhc/liheap/service-delivery-guide,already held: us-la/manual/2026-09-14-liheap-benefit-matrix/us-la/manual/lhc/liheap/service-delivery-guide (wave 4 took the state manual or adopted rule)
liheap,us-md,LIHEAP-ST-09,EXTRACTABLE,ALREADY-HELD,us-md/policy/2026-09-14-liheap-benefit-matrix,us-md/policy/dhs/ohep/fy27-meap-benefit-matrices,"already held: us-md/policy/2026-09-14-liheap-benefit-matrix/us-md/policy/dhs/ohep/fy27-meap-benefit-matrices (wave 4, matrix_status taken); the 09-14 list was built from the 09-11 literals"
liheap,us-md,LIHEAP-ST-18,EXTRACTABLE,ALREADY-HELD,us-md/manual/2026-09-14-liheap-benefit-matrix,us-md/manual/dhs/ohep/operations-manual,already held: us-md/manual/2026-09-14-liheap-benefit-matrix/us-md/manual/dhs/ohep/operations-manual (wave 4 took the state manual or adopted rule)
liheap,us-me,LIHEAP-ST-09,EXTRACTABLE,ABSENT,,,"absent (wave 4 finding, re-read 2026-09-15): MaineHousing Rule Chapter 24 Home Energy Assistance Program, effective 2026-06-29 (33 pages); the rule sets the benefit method and refers to the program-year HEAP Guide for the matrix."
liheap,us-me,LIHEAP-ST-18,EXTRACTABLE,ALREADY-HELD,us-me/regulation/2026-09-14-liheap-benefit-matrix,us-me/regulation/mainehousing-rules/chapter-24,already held: us-me/regulation/2026-09-14-liheap-benefit-matrix/us-me/regulation/mainehousing-rules/chapter-24 (wave 4 took the state manual or adopted rule)
liheap,us-mi,LIHEAP-ST-09,EXTRACTABLE,ALREADY-HELD,us-mi/manual/2026-09-14-liheap-benefit-matrix,us-mi/manual/mpsc/meap-policy-manual,"already held: us-mi/manual/2026-09-14-liheap-benefit-matrix/us-mi/manual/mpsc/meap-policy-manual (wave 4, matrix_status in_manual); the 09-14 list was built from the 09-11 literals"
liheap,us-mi,LIHEAP-ST-18,EXTRACTABLE,ALREADY-HELD,us-mi/manual/2026-09-14-liheap-benefit-matrix,us-mi/manual/mpsc/meap-policy-manual,already held: us-mi/manual/2026-09-14-liheap-benefit-matrix/us-mi/manual/mpsc/meap-policy-manual (wave 4 took the state manual or adopted rule)
liheap,us-mn,LIHEAP-ST-09,EXTRACTABLE,ABSENT,,,"absent (wave 4 finding, re-read 2026-09-15): FFY24 EAP Policy Manual (309 pages, PDF dated 2023-12-19); chapter 4 Primary Heat computes the benefit from the household's energy cost and income (no grid is printed; the Clearinghouse has no Minnesota matrix for 2025 or 2026)."
liheap,us-mn,LIHEAP-ST-18,EXTRACTABLE,ALREADY-HELD,us-mn/manual/2026-09-14-liheap-benefit-matrix,us-mn/manual/commerce/eap-policy-manual,already held: us-mn/manual/2026-09-14-liheap-benefit-matrix/us-mn/manual/commerce/eap-policy-manual (wave 4 took the state manual or adopted rule)
liheap,us-mo,LIHEAP-ST-09,EXTRACTABLE,ALREADY-HELD,us-mo/manual/2026-09-14-liheap-benefit-matrix,us-mo/manual/dss/liheap-policy-procedure-manual,"already held: us-mo/manual/2026-09-14-liheap-benefit-matrix/us-mo/manual/dss/liheap-policy-procedure-manual (wave 4, matrix_status in_manual); the 09-14 list was built from the 09-11 literals"
liheap,us-mo,LIHEAP-ST-18,EXTRACTABLE,ALREADY-HELD,us-mo/manual/2026-09-14-liheap-benefit-matrix,us-mo/manual/dss/liheap-policy-procedure-manual,already held: us-mo/manual/2026-09-14-liheap-benefit-matrix/us-mo/manual/dss/liheap-policy-procedure-manual (wave 4 took the state manual or adopted rule)
liheap,us-ms,LIHEAP-ST-09,EXTRACTABLE,ALREADY-HELD,us-ms/regulation/2026-09-14-liheap-benefit-matrix,us-ms/regulation/title-18/part-24,"already held: us-ms/regulation/2026-09-14-liheap-benefit-matrix/us-ms/regulation/title-18/part-24 (wave 4, matrix_status in_manual); the 09-14 list was built from the 09-11 literals"
liheap,us-ms,LIHEAP-ST-18,EXTRACTABLE,ALREADY-HELD,us-ms/regulation/2026-09-14-liheap-benefit-matrix,us-ms/regulation/title-18/part-24,already held: us-ms/regulation/2026-09-14-liheap-benefit-matrix/us-ms/regulation/title-18/part-24 (wave 4 took the state manual or adopted rule)
liheap,us-mt,LIHEAP-ST-09,EXTRACTABLE,ALREADY-HELD,us-mt/manual/2026-09-14-liheap-benefit-matrix,us-mt/manual/dphhs/liheap-policy-manual,"already held: us-mt/manual/2026-09-14-liheap-benefit-matrix/us-mt/manual/dphhs/liheap-policy-manual (wave 4, matrix_status in_manual); the 09-14 list was built from the 09-11 literals"
liheap,us-mt,LIHEAP-ST-18,EXTRACTABLE,ALREADY-HELD,us-mt/manual/2026-09-14-liheap-benefit-matrix,us-mt/manual/dphhs/liheap-policy-manual,already held: us-mt/manual/2026-09-14-liheap-benefit-matrix/us-mt/manual/dphhs/liheap-policy-manual (wave 4 took the state manual or adopted rule)
liheap,us-nd,LIHEAP-ST-09,EXTRACTABLE,ALREADY-HELD,us-nd/manual/2026-09-14-liheap-benefit-matrix,us-nd/manual/hhs/liheap-service-chapter-415,"already held: us-nd/manual/2026-09-14-liheap-benefit-matrix/us-nd/manual/hhs/liheap-service-chapter-415 (wave 4, matrix_status in_manual); the 09-14 list was built from the 09-11 literals"
liheap,us-nd,LIHEAP-ST-18,EXTRACTABLE,ALREADY-HELD,us-nd/manual/2026-09-14-liheap-benefit-matrix,us-nd/manual/hhs/liheap-service-chapter-415,already held: us-nd/manual/2026-09-14-liheap-benefit-matrix/us-nd/manual/hhs/liheap-service-chapter-415 (wave 4 took the state manual or adopted rule)
liheap,us-ne,LIHEAP-ST-09,EXTRACTABLE,ALREADY-HELD,us-ne/guidance/2026-09-14-liheap-benefit-matrix,us-ne/guidance/dhhs/liheap-guidance-document,"already held: us-ne/guidance/2026-09-14-liheap-benefit-matrix/us-ne/guidance/dhhs/liheap-guidance-document (wave 4, matrix_status in_manual); the 09-14 list was built from the 09-11 literals"
liheap,us-ne,LIHEAP-ST-18,EXTRACTABLE,ALREADY-HELD,us-ne/guidance/2026-09-14-liheap-benefit-matrix,us-ne/guidance/dhhs/liheap-guidance-document,already held: us-ne/guidance/2026-09-14-liheap-benefit-matrix/us-ne/guidance/dhhs/liheap-guidance-document (wave 4 took the state manual or adopted rule)
liheap,us-nh,LIHEAP-ST-09,EXTRACTABLE,ALREADY-HELD,us-nh/policy/2026-09-14-liheap-benefit-matrix,us-nh/policy/acf/liheap-plan/fy2026-benefit-matrix,"already held: us-nh/policy/2026-09-14-liheap-benefit-matrix/us-nh/policy/acf/liheap-plan/fy2026-benefit-matrix (wave 4, matrix_status taken); the 09-14 list was built from the 09-11 literals"
liheap,us-nh,LIHEAP-ST-18,EXTRACTABLE,ALREADY-HELD,us-nh/manual/2026-09-14-liheap-benefit-matrix,us-nh/manual/energy/fuel-assistance-program-procedures-manual,already held: us-nh/manual/2026-09-14-liheap-benefit-matrix/us-nh/manual/energy/fuel-assistance-program-procedures-manual (wave 4 took the state manual or adopted rule)
liheap,us-nj,LIHEAP-ST-09,EXTRACTABLE,ALREADY-HELD,us-nj/policy/2026-09-14-liheap-benefit-matrix,us-nj/policy/dca/liheap/fy2026,"already held: us-nj/policy/2026-09-14-liheap-benefit-matrix/us-nj/policy/dca/liheap/fy2026 (wave 4, matrix_status taken); the 09-14 list was built from the 09-11 literals"
liheap,us-nj,LIHEAP-ST-18,EXTRACTABLE,ALREADY-HELD,us-nj/manual/2026-09-14-liheap-benefit-matrix,us-nj/manual/dca/liheap/fy2026/handbook,already held: us-nj/manual/2026-09-14-liheap-benefit-matrix/us-nj/manual/dca/liheap/fy2026/handbook (wave 4 took the state manual or adopted rule)
liheap,us-nv,LIHEAP-ST-09,EXTRACTABLE,ALREADY-HELD,us-nv/policy/2026-09-14-liheap-benefit-matrix,us-nv/policy/acf/liheap-plan/fy2026-benefit-matrix,"already held: us-nv/policy/2026-09-14-liheap-benefit-matrix/us-nv/policy/acf/liheap-plan/fy2026-benefit-matrix (wave 4, matrix_status taken); the 09-14 list was built from the 09-11 literals"
liheap,us-nv,LIHEAP-ST-18,EXTRACTABLE,ALREADY-HELD,us-nv/manual/2026-09-14-liheap-benefit-matrix,us-nv/manual/dwss/eap-manual,already held: us-nv/manual/2026-09-14-liheap-benefit-matrix/us-nv/manual/dwss/eap-manual (wave 4 took the state manual or adopted rule)
liheap,us-ny,LIHEAP-ST-09,EXTRACTABLE,OUTREACH,,,"blocked publisher: otda.ny.gov: HTTPS connection reset with no HTTP response to plain and Chrome-UA clients; HTTP 200 text/html 7,510-byte JavaScript challenge (F5/Shape, window['bobcmn']) to a chrome120 TLS fingerprint on 2026-09-13, for "
liheap,us-oh,LIHEAP-ST-09,EXTRACTABLE,ALREADY-HELD,us-oh/policy/2026-09-14-liheap-benefit-matrix,us-oh/policy/acf/liheap-plan/fy2026-benefit-matrix,"already held: us-oh/policy/2026-09-14-liheap-benefit-matrix/us-oh/policy/acf/liheap-plan/fy2026-benefit-matrix (wave 4, matrix_status taken); the 09-14 list was built from the 09-11 literals"
liheap,us-oh,LIHEAP-ST-18,EXTRACTABLE,OUTREACH,,,"the Clearinghouse-listed EAP guidelines sit on a third-party CDN (irp.cdn-website.com), not an official publisher; jfs.ohio.gov HEAP page unreachable to every client (wave 4); ask ODJFS/Development for an official copy"
liheap,us-or,LIHEAP-ST-09,EXTRACTABLE,ALREADY-HELD,us-or/manual/2026-09-14-liheap-benefit-matrix,us-or/manual/ohcs/energy-assistance-intake-operations-policy-manual,"already held: us-or/manual/2026-09-14-liheap-benefit-matrix/us-or/manual/ohcs/energy-assistance-intake-operations-policy-manual (wave 4, matrix_status in_manual); the 09-14 list was built from the 09-11 literals"
liheap,us-or,LIHEAP-ST-18,EXTRACTABLE,ALREADY-HELD,us-or/manual/2026-09-14-liheap-benefit-matrix,us-or/manual/ohcs/energy-assistance-intake-operations-policy-manual,already held: us-or/manual/2026-09-14-liheap-benefit-matrix/us-or/manual/ohcs/energy-assistance-intake-operations-policy-manual (wave 4 took the state manual or adopted rule)
liheap,us-pa,LIHEAP-ST-09,EXTRACTABLE,ALREADY-HELD,us-pa/policy/2026-09-14-liheap-benefit-matrix,us-pa/policy/acf/liheap-plan/fy2026-benefit-matrix,"already held: us-pa/policy/2026-09-14-liheap-benefit-matrix/us-pa/policy/acf/liheap-plan/fy2026-benefit-matrix (wave 4, matrix_status taken); the 09-14 list was built from the 09-11 literals"
liheap,us-pa,LIHEAP-ST-18,EXTRACTABLE,ALREADY-HELD,us-pa/manual/2026-09-14-liheap-benefit-matrix,us-pa/manual/dhs/liheap-handbook/600-policy-clarifications,already held: us-pa/manual/2026-09-14-liheap-benefit-matrix/us-pa/manual/dhs/liheap-handbook/600-policy-clarifications (wave 4 took the state manual or adopted rule)
liheap,us-sd,LIHEAP-ST-09,EXTRACTABLE,ALREADY-HELD,us-sd/policy/2026-09-14-liheap-benefit-matrix,us-sd/policy/acf/liheap-plan/fy2026-benefit-matrix,"already held: us-sd/policy/2026-09-14-liheap-benefit-matrix/us-sd/policy/acf/liheap-plan/fy2026-benefit-matrix (wave 4, matrix_status taken); the 09-14 list was built from the 09-11 literals"
liheap,us-sd,LIHEAP-ST-18,EXTRACTABLE,ALREADY-HELD,us-sd/manual/2026-09-14-liheap-benefit-matrix,us-sd/manual/dss/oea-policies-and-procedures-manual,already held: us-sd/manual/2026-09-14-liheap-benefit-matrix/us-sd/manual/dss/oea-policies-and-procedures-manual (wave 4 took the state manual or adopted rule)
liheap,us-tn,LIHEAP-ST-09,EXTRACTABLE,ALREADY-HELD,us-tn/policy/2026-09-14-liheap-benefit-matrix,us-tn/policy/thda/liheap/benefit-matrix-2026,"already held: us-tn/policy/2026-09-14-liheap-benefit-matrix/us-tn/policy/thda/liheap/benefit-matrix-2026 (wave 4, matrix_status taken); the 09-14 list was built from the 09-11 literals"
liheap,us-tn,LIHEAP-ST-18,EXTRACTABLE,ALREADY-HELD,us-tn/manual/2026-09-14-liheap-benefit-matrix,us-tn/manual/thda/liheap/policy-manual-2026,already held: us-tn/manual/2026-09-14-liheap-benefit-matrix/us-tn/manual/thda/liheap/policy-manual-2026 (wave 4 took the state manual or adopted rule)
liheap,us-ut,LIHEAP-ST-09,EXTRACTABLE,ALREADY-HELD,us-ut/manual/2026-09-14-liheap-benefit-matrix,us-ut/manual/dws/heat-policy-manual,"already held: us-ut/manual/2026-09-14-liheap-benefit-matrix/us-ut/manual/dws/heat-policy-manual (wave 4, matrix_status in_manual); the 09-14 list was built from the 09-11 literals"
liheap,us-ut,LIHEAP-ST-18,EXTRACTABLE,ALREADY-HELD,us-ut/manual/2026-09-14-liheap-benefit-matrix,us-ut/manual/dws/heat-policy-manual,already held: us-ut/manual/2026-09-14-liheap-benefit-matrix/us-ut/manual/dws/heat-policy-manual (wave 4 took the state manual or adopted rule)
liheap,us-va,LIHEAP-ST-09,EXTRACTABLE,ALREADY-HELD,us-va/policy/2026-09-14-liheap-benefit-matrix,us-va/policy/acf/liheap-plan/fy2026-benefit-matrix,"already held: us-va/policy/2026-09-14-liheap-benefit-matrix/us-va/policy/acf/liheap-plan/fy2026-benefit-matrix (wave 4, matrix_status taken); the 09-14 list was built from the 09-11 literals"
liheap,us-va,LIHEAP-ST-18,EXTRACTABLE,ALREADY-HELD,us-va/manual/2026-09-14-liheap-benefit-matrix,us-va/manual/vdss/energy-assistance-manual,already held: us-va/manual/2026-09-14-liheap-benefit-matrix/us-va/manual/vdss/energy-assistance-manual (wave 4 took the state manual or adopted rule)
liheap,us-vt,LIHEAP-ST-09,EXTRACTABLE,ALREADY-HELD,us-vt/manual/2026-09-14-liheap-benefit-matrix,us-vt/manual/dcf/esd-procedures/p2914a,"already held: us-vt/manual/2026-09-14-liheap-benefit-matrix/us-vt/manual/dcf/esd-procedures/p2914a (wave 4, matrix_status in_manual); the 09-14 list was built from the 09-11 literals"
liheap,us-vt,LIHEAP-ST-18,EXTRACTABLE,ALREADY-HELD,us-vt/manual/2026-09-14-liheap-benefit-matrix,us-vt/manual/dcf/esd-procedures/p2914a,already held: us-vt/manual/2026-09-14-liheap-benefit-matrix/us-vt/manual/dcf/esd-procedures/p2914a (wave 4 took the state manual or adopted rule)
liheap,us-wi,LIHEAP-ST-09,EXTRACTABLE,ABSENT,,,"absent (wave 4 finding, re-read 2026-09-15): WHEAP Manual Program Year 2026, revised August 2025 (178 pages; the program year in force on the fetch date, PY 2027 is also posted); section 2.3 says the HE+ system calculates benefits from income, household size, fuel type, fuel use and rooms, so no matrix i"
liheap,us-wi,LIHEAP-ST-18,EXTRACTABLE,ALREADY-HELD,us-wi/manual/2026-09-14-liheap-benefit-matrix,us-wi/manual/dehcr/wheap-manual/py2026,already held: us-wi/manual/2026-09-14-liheap-benefit-matrix/us-wi/manual/dehcr/wheap-manual/py2026 (wave 4 took the state manual or adopted rule)
liheap,us-wv,LIHEAP-ST-09,EXTRACTABLE,ABSENT,,,"absent (wave 4 finding, re-read 2026-09-15): Absent: the Clearinghouse-listed chapter 26 files (wvdhhr.org legacy Income Maintenance Manual, sections 26.1-26.5 dated to 2014) refer to a 'LIEAP benefit payment chart' that is not published; the current DoHS Income Maintenance Manual (bfa.wv.gov, effective "
medicare,us,MED-F-IOM-100-03,EXTRACTABLE,PRESENT,us/manual/2026-09-15-medicare-cms-iom-100-03,us/manual/cms/iom/100-03/chapter-1-part-1,"Pub 100-03 NCD Manual: chapter 1 in four part PDFs (391 sections, 965,352 characters) through the CMS IOM generator"
medicare,us-ak,MED-F-IOM-100-03,EXTRACTABLE,PRESENT,us/manual/2026-09-15-medicare-cms-iom-100-03,us/manual/cms/iom/100-03/chapter-1-part-1,"Pub 100-03 NCD Manual: chapter 1 in four part PDFs (391 sections, 965,352 characters) through the CMS IOM generator"
medicare,us-al,MED-F-IOM-100-03,EXTRACTABLE,PRESENT,us/manual/2026-09-15-medicare-cms-iom-100-03,us/manual/cms/iom/100-03/chapter-1-part-1,"Pub 100-03 NCD Manual: chapter 1 in four part PDFs (391 sections, 965,352 characters) through the CMS IOM generator"
medicare,us-ar,MED-F-IOM-100-03,EXTRACTABLE,PRESENT,us/manual/2026-09-15-medicare-cms-iom-100-03,us/manual/cms/iom/100-03/chapter-1-part-1,"Pub 100-03 NCD Manual: chapter 1 in four part PDFs (391 sections, 965,352 characters) through the CMS IOM generator"
medicare,us-az,MED-F-IOM-100-03,EXTRACTABLE,PRESENT,us/manual/2026-09-15-medicare-cms-iom-100-03,us/manual/cms/iom/100-03/chapter-1-part-1,"Pub 100-03 NCD Manual: chapter 1 in four part PDFs (391 sections, 965,352 characters) through the CMS IOM generator"
medicare,us-ca,MED-F-IOM-100-03,EXTRACTABLE,PRESENT,us/manual/2026-09-15-medicare-cms-iom-100-03,us/manual/cms/iom/100-03/chapter-1-part-1,"Pub 100-03 NCD Manual: chapter 1 in four part PDFs (391 sections, 965,352 characters) through the CMS IOM generator"
medicare,us-co,MED-F-IOM-100-03,EXTRACTABLE,PRESENT,us/manual/2026-09-15-medicare-cms-iom-100-03,us/manual/cms/iom/100-03/chapter-1-part-1,"Pub 100-03 NCD Manual: chapter 1 in four part PDFs (391 sections, 965,352 characters) through the CMS IOM generator"
medicare,us-ct,MED-F-IOM-100-03,EXTRACTABLE,PRESENT,us/manual/2026-09-15-medicare-cms-iom-100-03,us/manual/cms/iom/100-03/chapter-1-part-1,"Pub 100-03 NCD Manual: chapter 1 in four part PDFs (391 sections, 965,352 characters) through the CMS IOM generator"
medicare,us-dc,MED-F-IOM-100-03,EXTRACTABLE,PRESENT,us/manual/2026-09-15-medicare-cms-iom-100-03,us/manual/cms/iom/100-03/chapter-1-part-1,"Pub 100-03 NCD Manual: chapter 1 in four part PDFs (391 sections, 965,352 characters) through the CMS IOM generator"
medicare,us-de,MED-F-IOM-100-03,EXTRACTABLE,PRESENT,us/manual/2026-09-15-medicare-cms-iom-100-03,us/manual/cms/iom/100-03/chapter-1-part-1,"Pub 100-03 NCD Manual: chapter 1 in four part PDFs (391 sections, 965,352 characters) through the CMS IOM generator"
medicare,us-fl,MED-F-IOM-100-03,EXTRACTABLE,PRESENT,us/manual/2026-09-15-medicare-cms-iom-100-03,us/manual/cms/iom/100-03/chapter-1-part-1,"Pub 100-03 NCD Manual: chapter 1 in four part PDFs (391 sections, 965,352 characters) through the CMS IOM generator"
medicare,us-ga,MED-F-IOM-100-03,EXTRACTABLE,PRESENT,us/manual/2026-09-15-medicare-cms-iom-100-03,us/manual/cms/iom/100-03/chapter-1-part-1,"Pub 100-03 NCD Manual: chapter 1 in four part PDFs (391 sections, 965,352 characters) through the CMS IOM generator"
medicare,us-hi,MED-F-IOM-100-03,EXTRACTABLE,PRESENT,us/manual/2026-09-15-medicare-cms-iom-100-03,us/manual/cms/iom/100-03/chapter-1-part-1,"Pub 100-03 NCD Manual: chapter 1 in four part PDFs (391 sections, 965,352 characters) through the CMS IOM generator"
medicare,us-ia,MED-F-IOM-100-03,EXTRACTABLE,PRESENT,us/manual/2026-09-15-medicare-cms-iom-100-03,us/manual/cms/iom/100-03/chapter-1-part-1,"Pub 100-03 NCD Manual: chapter 1 in four part PDFs (391 sections, 965,352 characters) through the CMS IOM generator"
medicare,us-id,MED-F-IOM-100-03,EXTRACTABLE,PRESENT,us/manual/2026-09-15-medicare-cms-iom-100-03,us/manual/cms/iom/100-03/chapter-1-part-1,"Pub 100-03 NCD Manual: chapter 1 in four part PDFs (391 sections, 965,352 characters) through the CMS IOM generator"
medicare,us-il,MED-F-IOM-100-03,EXTRACTABLE,PRESENT,us/manual/2026-09-15-medicare-cms-iom-100-03,us/manual/cms/iom/100-03/chapter-1-part-1,"Pub 100-03 NCD Manual: chapter 1 in four part PDFs (391 sections, 965,352 characters) through the CMS IOM generator"
medicare,us-in,MED-F-IOM-100-03,EXTRACTABLE,PRESENT,us/manual/2026-09-15-medicare-cms-iom-100-03,us/manual/cms/iom/100-03/chapter-1-part-1,"Pub 100-03 NCD Manual: chapter 1 in four part PDFs (391 sections, 965,352 characters) through the CMS IOM generator"
medicare,us-ks,MED-F-IOM-100-03,EXTRACTABLE,PRESENT,us/manual/2026-09-15-medicare-cms-iom-100-03,us/manual/cms/iom/100-03/chapter-1-part-1,"Pub 100-03 NCD Manual: chapter 1 in four part PDFs (391 sections, 965,352 characters) through the CMS IOM generator"
medicare,us-ky,MED-F-IOM-100-03,EXTRACTABLE,PRESENT,us/manual/2026-09-15-medicare-cms-iom-100-03,us/manual/cms/iom/100-03/chapter-1-part-1,"Pub 100-03 NCD Manual: chapter 1 in four part PDFs (391 sections, 965,352 characters) through the CMS IOM generator"
medicare,us-la,MED-F-IOM-100-03,EXTRACTABLE,PRESENT,us/manual/2026-09-15-medicare-cms-iom-100-03,us/manual/cms/iom/100-03/chapter-1-part-1,"Pub 100-03 NCD Manual: chapter 1 in four part PDFs (391 sections, 965,352 characters) through the CMS IOM generator"
medicare,us-ma,MED-F-IOM-100-03,EXTRACTABLE,PRESENT,us/manual/2026-09-15-medicare-cms-iom-100-03,us/manual/cms/iom/100-03/chapter-1-part-1,"Pub 100-03 NCD Manual: chapter 1 in four part PDFs (391 sections, 965,352 characters) through the CMS IOM generator"
medicare,us-md,MED-F-IOM-100-03,EXTRACTABLE,PRESENT,us/manual/2026-09-15-medicare-cms-iom-100-03,us/manual/cms/iom/100-03/chapter-1-part-1,"Pub 100-03 NCD Manual: chapter 1 in four part PDFs (391 sections, 965,352 characters) through the CMS IOM generator"
medicare,us-me,MED-F-IOM-100-03,EXTRACTABLE,PRESENT,us/manual/2026-09-15-medicare-cms-iom-100-03,us/manual/cms/iom/100-03/chapter-1-part-1,"Pub 100-03 NCD Manual: chapter 1 in four part PDFs (391 sections, 965,352 characters) through the CMS IOM generator"
medicare,us-mi,MED-F-IOM-100-03,EXTRACTABLE,PRESENT,us/manual/2026-09-15-medicare-cms-iom-100-03,us/manual/cms/iom/100-03/chapter-1-part-1,"Pub 100-03 NCD Manual: chapter 1 in four part PDFs (391 sections, 965,352 characters) through the CMS IOM generator"
medicare,us-mn,MED-F-IOM-100-03,EXTRACTABLE,PRESENT,us/manual/2026-09-15-medicare-cms-iom-100-03,us/manual/cms/iom/100-03/chapter-1-part-1,"Pub 100-03 NCD Manual: chapter 1 in four part PDFs (391 sections, 965,352 characters) through the CMS IOM generator"
medicare,us-mo,MED-F-IOM-100-03,EXTRACTABLE,PRESENT,us/manual/2026-09-15-medicare-cms-iom-100-03,us/manual/cms/iom/100-03/chapter-1-part-1,"Pub 100-03 NCD Manual: chapter 1 in four part PDFs (391 sections, 965,352 characters) through the CMS IOM generator"
medicare,us-ms,MED-F-IOM-100-03,EXTRACTABLE,PRESENT,us/manual/2026-09-15-medicare-cms-iom-100-03,us/manual/cms/iom/100-03/chapter-1-part-1,"Pub 100-03 NCD Manual: chapter 1 in four part PDFs (391 sections, 965,352 characters) through the CMS IOM generator"
medicare,us-mt,MED-F-IOM-100-03,EXTRACTABLE,PRESENT,us/manual/2026-09-15-medicare-cms-iom-100-03,us/manual/cms/iom/100-03/chapter-1-part-1,"Pub 100-03 NCD Manual: chapter 1 in four part PDFs (391 sections, 965,352 characters) through the CMS IOM generator"
medicare,us-nc,MED-F-IOM-100-03,EXTRACTABLE,PRESENT,us/manual/2026-09-15-medicare-cms-iom-100-03,us/manual/cms/iom/100-03/chapter-1-part-1,"Pub 100-03 NCD Manual: chapter 1 in four part PDFs (391 sections, 965,352 characters) through the CMS IOM generator"
medicare,us-nd,MED-F-IOM-100-03,EXTRACTABLE,PRESENT,us/manual/2026-09-15-medicare-cms-iom-100-03,us/manual/cms/iom/100-03/chapter-1-part-1,"Pub 100-03 NCD Manual: chapter 1 in four part PDFs (391 sections, 965,352 characters) through the CMS IOM generator"
medicare,us-ne,MED-F-IOM-100-03,EXTRACTABLE,PRESENT,us/manual/2026-09-15-medicare-cms-iom-100-03,us/manual/cms/iom/100-03/chapter-1-part-1,"Pub 100-03 NCD Manual: chapter 1 in four part PDFs (391 sections, 965,352 characters) through the CMS IOM generator"
medicare,us-nh,MED-F-IOM-100-03,EXTRACTABLE,PRESENT,us/manual/2026-09-15-medicare-cms-iom-100-03,us/manual/cms/iom/100-03/chapter-1-part-1,"Pub 100-03 NCD Manual: chapter 1 in four part PDFs (391 sections, 965,352 characters) through the CMS IOM generator"
medicare,us-nj,MED-F-IOM-100-03,EXTRACTABLE,PRESENT,us/manual/2026-09-15-medicare-cms-iom-100-03,us/manual/cms/iom/100-03/chapter-1-part-1,"Pub 100-03 NCD Manual: chapter 1 in four part PDFs (391 sections, 965,352 characters) through the CMS IOM generator"
medicare,us-nm,MED-F-IOM-100-03,EXTRACTABLE,PRESENT,us/manual/2026-09-15-medicare-cms-iom-100-03,us/manual/cms/iom/100-03/chapter-1-part-1,"Pub 100-03 NCD Manual: chapter 1 in four part PDFs (391 sections, 965,352 characters) through the CMS IOM generator"
medicare,us-nv,MED-F-IOM-100-03,EXTRACTABLE,PRESENT,us/manual/2026-09-15-medicare-cms-iom-100-03,us/manual/cms/iom/100-03/chapter-1-part-1,"Pub 100-03 NCD Manual: chapter 1 in four part PDFs (391 sections, 965,352 characters) through the CMS IOM generator"
medicare,us-ny,MED-F-IOM-100-03,EXTRACTABLE,PRESENT,us/manual/2026-09-15-medicare-cms-iom-100-03,us/manual/cms/iom/100-03/chapter-1-part-1,"Pub 100-03 NCD Manual: chapter 1 in four part PDFs (391 sections, 965,352 characters) through the CMS IOM generator"
medicare,us-oh,MED-F-IOM-100-03,EXTRACTABLE,PRESENT,us/manual/2026-09-15-medicare-cms-iom-100-03,us/manual/cms/iom/100-03/chapter-1-part-1,"Pub 100-03 NCD Manual: chapter 1 in four part PDFs (391 sections, 965,352 characters) through the CMS IOM generator"
medicare,us-ok,MED-F-IOM-100-03,EXTRACTABLE,PRESENT,us/manual/2026-09-15-medicare-cms-iom-100-03,us/manual/cms/iom/100-03/chapter-1-part-1,"Pub 100-03 NCD Manual: chapter 1 in four part PDFs (391 sections, 965,352 characters) through the CMS IOM generator"
medicare,us-or,MED-F-IOM-100-03,EXTRACTABLE,PRESENT,us/manual/2026-09-15-medicare-cms-iom-100-03,us/manual/cms/iom/100-03/chapter-1-part-1,"Pub 100-03 NCD Manual: chapter 1 in four part PDFs (391 sections, 965,352 characters) through the CMS IOM generator"
medicare,us-pa,MED-F-IOM-100-03,EXTRACTABLE,PRESENT,us/manual/2026-09-15-medicare-cms-iom-100-03,us/manual/cms/iom/100-03/chapter-1-part-1,"Pub 100-03 NCD Manual: chapter 1 in four part PDFs (391 sections, 965,352 characters) through the CMS IOM generator"
medicare,us-ri,MED-F-IOM-100-03,EXTRACTABLE,PRESENT,us/manual/2026-09-15-medicare-cms-iom-100-03,us/manual/cms/iom/100-03/chapter-1-part-1,"Pub 100-03 NCD Manual: chapter 1 in four part PDFs (391 sections, 965,352 characters) through the CMS IOM generator"
medicare,us-sc,MED-F-IOM-100-03,EXTRACTABLE,PRESENT,us/manual/2026-09-15-medicare-cms-iom-100-03,us/manual/cms/iom/100-03/chapter-1-part-1,"Pub 100-03 NCD Manual: chapter 1 in four part PDFs (391 sections, 965,352 characters) through the CMS IOM generator"
medicare,us-sd,MED-F-IOM-100-03,EXTRACTABLE,PRESENT,us/manual/2026-09-15-medicare-cms-iom-100-03,us/manual/cms/iom/100-03/chapter-1-part-1,"Pub 100-03 NCD Manual: chapter 1 in four part PDFs (391 sections, 965,352 characters) through the CMS IOM generator"
medicare,us-tn,MED-F-IOM-100-03,EXTRACTABLE,PRESENT,us/manual/2026-09-15-medicare-cms-iom-100-03,us/manual/cms/iom/100-03/chapter-1-part-1,"Pub 100-03 NCD Manual: chapter 1 in four part PDFs (391 sections, 965,352 characters) through the CMS IOM generator"
medicare,us-tx,MED-F-IOM-100-03,EXTRACTABLE,PRESENT,us/manual/2026-09-15-medicare-cms-iom-100-03,us/manual/cms/iom/100-03/chapter-1-part-1,"Pub 100-03 NCD Manual: chapter 1 in four part PDFs (391 sections, 965,352 characters) through the CMS IOM generator"
medicare,us-ut,MED-F-IOM-100-03,EXTRACTABLE,PRESENT,us/manual/2026-09-15-medicare-cms-iom-100-03,us/manual/cms/iom/100-03/chapter-1-part-1,"Pub 100-03 NCD Manual: chapter 1 in four part PDFs (391 sections, 965,352 characters) through the CMS IOM generator"
medicare,us-va,MED-F-IOM-100-03,EXTRACTABLE,PRESENT,us/manual/2026-09-15-medicare-cms-iom-100-03,us/manual/cms/iom/100-03/chapter-1-part-1,"Pub 100-03 NCD Manual: chapter 1 in four part PDFs (391 sections, 965,352 characters) through the CMS IOM generator"
medicare,us-vt,MED-F-IOM-100-03,EXTRACTABLE,PRESENT,us/manual/2026-09-15-medicare-cms-iom-100-03,us/manual/cms/iom/100-03/chapter-1-part-1,"Pub 100-03 NCD Manual: chapter 1 in four part PDFs (391 sections, 965,352 characters) through the CMS IOM generator"
medicare,us-wa,MED-F-IOM-100-03,EXTRACTABLE,PRESENT,us/manual/2026-09-15-medicare-cms-iom-100-03,us/manual/cms/iom/100-03/chapter-1-part-1,"Pub 100-03 NCD Manual: chapter 1 in four part PDFs (391 sections, 965,352 characters) through the CMS IOM generator"
medicare,us-wi,MED-F-IOM-100-03,EXTRACTABLE,PRESENT,us/manual/2026-09-15-medicare-cms-iom-100-03,us/manual/cms/iom/100-03/chapter-1-part-1,"Pub 100-03 NCD Manual: chapter 1 in four part PDFs (391 sections, 965,352 characters) through the CMS IOM generator"
medicare,us-wv,MED-F-IOM-100-03,EXTRACTABLE,PRESENT,us/manual/2026-09-15-medicare-cms-iom-100-03,us/manual/cms/iom/100-03/chapter-1-part-1,"Pub 100-03 NCD Manual: chapter 1 in four part PDFs (391 sections, 965,352 characters) through the CMS IOM generator"
medicare,us-wy,MED-F-IOM-100-03,EXTRACTABLE,PRESENT,us/manual/2026-09-15-medicare-cms-iom-100-03,us/manual/cms/iom/100-03/chapter-1-part-1,"Pub 100-03 NCD Manual: chapter 1 in four part PDFs (391 sections, 965,352 characters) through the CMS IOM generator"
medicare,us,MED-F-IOM-100-05,EXTRACTABLE,PRESENT,us/manual/2026-09-15-medicare-cms-iom-100-05,us/manual/cms/iom/100-05/chapter-1,"Pub 100-05 MSP Manual: chapters 1, 2, 3, 5, 6, 7 (423 sections, 995,170 characters); chapters 4 and 8 deleted by R11756MSP (2022-12-22), recorded not taken"
medicare,us-ak,MED-F-IOM-100-05,EXTRACTABLE,PRESENT,us/manual/2026-09-15-medicare-cms-iom-100-05,us/manual/cms/iom/100-05/chapter-1,"Pub 100-05 MSP Manual: chapters 1, 2, 3, 5, 6, 7 (423 sections, 995,170 characters); chapters 4 and 8 deleted by R11756MSP (2022-12-22), recorded not taken"
medicare,us-al,MED-F-IOM-100-05,EXTRACTABLE,PRESENT,us/manual/2026-09-15-medicare-cms-iom-100-05,us/manual/cms/iom/100-05/chapter-1,"Pub 100-05 MSP Manual: chapters 1, 2, 3, 5, 6, 7 (423 sections, 995,170 characters); chapters 4 and 8 deleted by R11756MSP (2022-12-22), recorded not taken"
medicare,us-ar,MED-F-IOM-100-05,EXTRACTABLE,PRESENT,us/manual/2026-09-15-medicare-cms-iom-100-05,us/manual/cms/iom/100-05/chapter-1,"Pub 100-05 MSP Manual: chapters 1, 2, 3, 5, 6, 7 (423 sections, 995,170 characters); chapters 4 and 8 deleted by R11756MSP (2022-12-22), recorded not taken"
medicare,us-az,MED-F-IOM-100-05,EXTRACTABLE,PRESENT,us/manual/2026-09-15-medicare-cms-iom-100-05,us/manual/cms/iom/100-05/chapter-1,"Pub 100-05 MSP Manual: chapters 1, 2, 3, 5, 6, 7 (423 sections, 995,170 characters); chapters 4 and 8 deleted by R11756MSP (2022-12-22), recorded not taken"
medicare,us-ca,MED-F-IOM-100-05,EXTRACTABLE,PRESENT,us/manual/2026-09-15-medicare-cms-iom-100-05,us/manual/cms/iom/100-05/chapter-1,"Pub 100-05 MSP Manual: chapters 1, 2, 3, 5, 6, 7 (423 sections, 995,170 characters); chapters 4 and 8 deleted by R11756MSP (2022-12-22), recorded not taken"
medicare,us-co,MED-F-IOM-100-05,EXTRACTABLE,PRESENT,us/manual/2026-09-15-medicare-cms-iom-100-05,us/manual/cms/iom/100-05/chapter-1,"Pub 100-05 MSP Manual: chapters 1, 2, 3, 5, 6, 7 (423 sections, 995,170 characters); chapters 4 and 8 deleted by R11756MSP (2022-12-22), recorded not taken"
medicare,us-ct,MED-F-IOM-100-05,EXTRACTABLE,PRESENT,us/manual/2026-09-15-medicare-cms-iom-100-05,us/manual/cms/iom/100-05/chapter-1,"Pub 100-05 MSP Manual: chapters 1, 2, 3, 5, 6, 7 (423 sections, 995,170 characters); chapters 4 and 8 deleted by R11756MSP (2022-12-22), recorded not taken"
medicare,us-dc,MED-F-IOM-100-05,EXTRACTABLE,PRESENT,us/manual/2026-09-15-medicare-cms-iom-100-05,us/manual/cms/iom/100-05/chapter-1,"Pub 100-05 MSP Manual: chapters 1, 2, 3, 5, 6, 7 (423 sections, 995,170 characters); chapters 4 and 8 deleted by R11756MSP (2022-12-22), recorded not taken"
medicare,us-de,MED-F-IOM-100-05,EXTRACTABLE,PRESENT,us/manual/2026-09-15-medicare-cms-iom-100-05,us/manual/cms/iom/100-05/chapter-1,"Pub 100-05 MSP Manual: chapters 1, 2, 3, 5, 6, 7 (423 sections, 995,170 characters); chapters 4 and 8 deleted by R11756MSP (2022-12-22), recorded not taken"
medicare,us-fl,MED-F-IOM-100-05,EXTRACTABLE,PRESENT,us/manual/2026-09-15-medicare-cms-iom-100-05,us/manual/cms/iom/100-05/chapter-1,"Pub 100-05 MSP Manual: chapters 1, 2, 3, 5, 6, 7 (423 sections, 995,170 characters); chapters 4 and 8 deleted by R11756MSP (2022-12-22), recorded not taken"
medicare,us-ga,MED-F-IOM-100-05,EXTRACTABLE,PRESENT,us/manual/2026-09-15-medicare-cms-iom-100-05,us/manual/cms/iom/100-05/chapter-1,"Pub 100-05 MSP Manual: chapters 1, 2, 3, 5, 6, 7 (423 sections, 995,170 characters); chapters 4 and 8 deleted by R11756MSP (2022-12-22), recorded not taken"
medicare,us-hi,MED-F-IOM-100-05,EXTRACTABLE,PRESENT,us/manual/2026-09-15-medicare-cms-iom-100-05,us/manual/cms/iom/100-05/chapter-1,"Pub 100-05 MSP Manual: chapters 1, 2, 3, 5, 6, 7 (423 sections, 995,170 characters); chapters 4 and 8 deleted by R11756MSP (2022-12-22), recorded not taken"
medicare,us-ia,MED-F-IOM-100-05,EXTRACTABLE,PRESENT,us/manual/2026-09-15-medicare-cms-iom-100-05,us/manual/cms/iom/100-05/chapter-1,"Pub 100-05 MSP Manual: chapters 1, 2, 3, 5, 6, 7 (423 sections, 995,170 characters); chapters 4 and 8 deleted by R11756MSP (2022-12-22), recorded not taken"
medicare,us-id,MED-F-IOM-100-05,EXTRACTABLE,PRESENT,us/manual/2026-09-15-medicare-cms-iom-100-05,us/manual/cms/iom/100-05/chapter-1,"Pub 100-05 MSP Manual: chapters 1, 2, 3, 5, 6, 7 (423 sections, 995,170 characters); chapters 4 and 8 deleted by R11756MSP (2022-12-22), recorded not taken"
medicare,us-il,MED-F-IOM-100-05,EXTRACTABLE,PRESENT,us/manual/2026-09-15-medicare-cms-iom-100-05,us/manual/cms/iom/100-05/chapter-1,"Pub 100-05 MSP Manual: chapters 1, 2, 3, 5, 6, 7 (423 sections, 995,170 characters); chapters 4 and 8 deleted by R11756MSP (2022-12-22), recorded not taken"
medicare,us-in,MED-F-IOM-100-05,EXTRACTABLE,PRESENT,us/manual/2026-09-15-medicare-cms-iom-100-05,us/manual/cms/iom/100-05/chapter-1,"Pub 100-05 MSP Manual: chapters 1, 2, 3, 5, 6, 7 (423 sections, 995,170 characters); chapters 4 and 8 deleted by R11756MSP (2022-12-22), recorded not taken"
medicare,us-ks,MED-F-IOM-100-05,EXTRACTABLE,PRESENT,us/manual/2026-09-15-medicare-cms-iom-100-05,us/manual/cms/iom/100-05/chapter-1,"Pub 100-05 MSP Manual: chapters 1, 2, 3, 5, 6, 7 (423 sections, 995,170 characters); chapters 4 and 8 deleted by R11756MSP (2022-12-22), recorded not taken"
medicare,us-ky,MED-F-IOM-100-05,EXTRACTABLE,PRESENT,us/manual/2026-09-15-medicare-cms-iom-100-05,us/manual/cms/iom/100-05/chapter-1,"Pub 100-05 MSP Manual: chapters 1, 2, 3, 5, 6, 7 (423 sections, 995,170 characters); chapters 4 and 8 deleted by R11756MSP (2022-12-22), recorded not taken"
medicare,us-la,MED-F-IOM-100-05,EXTRACTABLE,PRESENT,us/manual/2026-09-15-medicare-cms-iom-100-05,us/manual/cms/iom/100-05/chapter-1,"Pub 100-05 MSP Manual: chapters 1, 2, 3, 5, 6, 7 (423 sections, 995,170 characters); chapters 4 and 8 deleted by R11756MSP (2022-12-22), recorded not taken"
medicare,us-ma,MED-F-IOM-100-05,EXTRACTABLE,PRESENT,us/manual/2026-09-15-medicare-cms-iom-100-05,us/manual/cms/iom/100-05/chapter-1,"Pub 100-05 MSP Manual: chapters 1, 2, 3, 5, 6, 7 (423 sections, 995,170 characters); chapters 4 and 8 deleted by R11756MSP (2022-12-22), recorded not taken"
medicare,us-md,MED-F-IOM-100-05,EXTRACTABLE,PRESENT,us/manual/2026-09-15-medicare-cms-iom-100-05,us/manual/cms/iom/100-05/chapter-1,"Pub 100-05 MSP Manual: chapters 1, 2, 3, 5, 6, 7 (423 sections, 995,170 characters); chapters 4 and 8 deleted by R11756MSP (2022-12-22), recorded not taken"
medicare,us-me,MED-F-IOM-100-05,EXTRACTABLE,PRESENT,us/manual/2026-09-15-medicare-cms-iom-100-05,us/manual/cms/iom/100-05/chapter-1,"Pub 100-05 MSP Manual: chapters 1, 2, 3, 5, 6, 7 (423 sections, 995,170 characters); chapters 4 and 8 deleted by R11756MSP (2022-12-22), recorded not taken"
medicare,us-mi,MED-F-IOM-100-05,EXTRACTABLE,PRESENT,us/manual/2026-09-15-medicare-cms-iom-100-05,us/manual/cms/iom/100-05/chapter-1,"Pub 100-05 MSP Manual: chapters 1, 2, 3, 5, 6, 7 (423 sections, 995,170 characters); chapters 4 and 8 deleted by R11756MSP (2022-12-22), recorded not taken"
medicare,us-mn,MED-F-IOM-100-05,EXTRACTABLE,PRESENT,us/manual/2026-09-15-medicare-cms-iom-100-05,us/manual/cms/iom/100-05/chapter-1,"Pub 100-05 MSP Manual: chapters 1, 2, 3, 5, 6, 7 (423 sections, 995,170 characters); chapters 4 and 8 deleted by R11756MSP (2022-12-22), recorded not taken"
medicare,us-mo,MED-F-IOM-100-05,EXTRACTABLE,PRESENT,us/manual/2026-09-15-medicare-cms-iom-100-05,us/manual/cms/iom/100-05/chapter-1,"Pub 100-05 MSP Manual: chapters 1, 2, 3, 5, 6, 7 (423 sections, 995,170 characters); chapters 4 and 8 deleted by R11756MSP (2022-12-22), recorded not taken"
medicare,us-ms,MED-F-IOM-100-05,EXTRACTABLE,PRESENT,us/manual/2026-09-15-medicare-cms-iom-100-05,us/manual/cms/iom/100-05/chapter-1,"Pub 100-05 MSP Manual: chapters 1, 2, 3, 5, 6, 7 (423 sections, 995,170 characters); chapters 4 and 8 deleted by R11756MSP (2022-12-22), recorded not taken"
medicare,us-mt,MED-F-IOM-100-05,EXTRACTABLE,PRESENT,us/manual/2026-09-15-medicare-cms-iom-100-05,us/manual/cms/iom/100-05/chapter-1,"Pub 100-05 MSP Manual: chapters 1, 2, 3, 5, 6, 7 (423 sections, 995,170 characters); chapters 4 and 8 deleted by R11756MSP (2022-12-22), recorded not taken"
medicare,us-nc,MED-F-IOM-100-05,EXTRACTABLE,PRESENT,us/manual/2026-09-15-medicare-cms-iom-100-05,us/manual/cms/iom/100-05/chapter-1,"Pub 100-05 MSP Manual: chapters 1, 2, 3, 5, 6, 7 (423 sections, 995,170 characters); chapters 4 and 8 deleted by R11756MSP (2022-12-22), recorded not taken"
medicare,us-nd,MED-F-IOM-100-05,EXTRACTABLE,PRESENT,us/manual/2026-09-15-medicare-cms-iom-100-05,us/manual/cms/iom/100-05/chapter-1,"Pub 100-05 MSP Manual: chapters 1, 2, 3, 5, 6, 7 (423 sections, 995,170 characters); chapters 4 and 8 deleted by R11756MSP (2022-12-22), recorded not taken"
medicare,us-ne,MED-F-IOM-100-05,EXTRACTABLE,PRESENT,us/manual/2026-09-15-medicare-cms-iom-100-05,us/manual/cms/iom/100-05/chapter-1,"Pub 100-05 MSP Manual: chapters 1, 2, 3, 5, 6, 7 (423 sections, 995,170 characters); chapters 4 and 8 deleted by R11756MSP (2022-12-22), recorded not taken"
medicare,us-nh,MED-F-IOM-100-05,EXTRACTABLE,PRESENT,us/manual/2026-09-15-medicare-cms-iom-100-05,us/manual/cms/iom/100-05/chapter-1,"Pub 100-05 MSP Manual: chapters 1, 2, 3, 5, 6, 7 (423 sections, 995,170 characters); chapters 4 and 8 deleted by R11756MSP (2022-12-22), recorded not taken"
medicare,us-nj,MED-F-IOM-100-05,EXTRACTABLE,PRESENT,us/manual/2026-09-15-medicare-cms-iom-100-05,us/manual/cms/iom/100-05/chapter-1,"Pub 100-05 MSP Manual: chapters 1, 2, 3, 5, 6, 7 (423 sections, 995,170 characters); chapters 4 and 8 deleted by R11756MSP (2022-12-22), recorded not taken"
medicare,us-nm,MED-F-IOM-100-05,EXTRACTABLE,PRESENT,us/manual/2026-09-15-medicare-cms-iom-100-05,us/manual/cms/iom/100-05/chapter-1,"Pub 100-05 MSP Manual: chapters 1, 2, 3, 5, 6, 7 (423 sections, 995,170 characters); chapters 4 and 8 deleted by R11756MSP (2022-12-22), recorded not taken"
medicare,us-nv,MED-F-IOM-100-05,EXTRACTABLE,PRESENT,us/manual/2026-09-15-medicare-cms-iom-100-05,us/manual/cms/iom/100-05/chapter-1,"Pub 100-05 MSP Manual: chapters 1, 2, 3, 5, 6, 7 (423 sections, 995,170 characters); chapters 4 and 8 deleted by R11756MSP (2022-12-22), recorded not taken"
medicare,us-ny,MED-F-IOM-100-05,EXTRACTABLE,PRESENT,us/manual/2026-09-15-medicare-cms-iom-100-05,us/manual/cms/iom/100-05/chapter-1,"Pub 100-05 MSP Manual: chapters 1, 2, 3, 5, 6, 7 (423 sections, 995,170 characters); chapters 4 and 8 deleted by R11756MSP (2022-12-22), recorded not taken"
medicare,us-oh,MED-F-IOM-100-05,EXTRACTABLE,PRESENT,us/manual/2026-09-15-medicare-cms-iom-100-05,us/manual/cms/iom/100-05/chapter-1,"Pub 100-05 MSP Manual: chapters 1, 2, 3, 5, 6, 7 (423 sections, 995,170 characters); chapters 4 and 8 deleted by R11756MSP (2022-12-22), recorded not taken"
medicare,us-ok,MED-F-IOM-100-05,EXTRACTABLE,PRESENT,us/manual/2026-09-15-medicare-cms-iom-100-05,us/manual/cms/iom/100-05/chapter-1,"Pub 100-05 MSP Manual: chapters 1, 2, 3, 5, 6, 7 (423 sections, 995,170 characters); chapters 4 and 8 deleted by R11756MSP (2022-12-22), recorded not taken"
medicare,us-or,MED-F-IOM-100-05,EXTRACTABLE,PRESENT,us/manual/2026-09-15-medicare-cms-iom-100-05,us/manual/cms/iom/100-05/chapter-1,"Pub 100-05 MSP Manual: chapters 1, 2, 3, 5, 6, 7 (423 sections, 995,170 characters); chapters 4 and 8 deleted by R11756MSP (2022-12-22), recorded not taken"
medicare,us-pa,MED-F-IOM-100-05,EXTRACTABLE,PRESENT,us/manual/2026-09-15-medicare-cms-iom-100-05,us/manual/cms/iom/100-05/chapter-1,"Pub 100-05 MSP Manual: chapters 1, 2, 3, 5, 6, 7 (423 sections, 995,170 characters); chapters 4 and 8 deleted by R11756MSP (2022-12-22), recorded not taken"
medicare,us-ri,MED-F-IOM-100-05,EXTRACTABLE,PRESENT,us/manual/2026-09-15-medicare-cms-iom-100-05,us/manual/cms/iom/100-05/chapter-1,"Pub 100-05 MSP Manual: chapters 1, 2, 3, 5, 6, 7 (423 sections, 995,170 characters); chapters 4 and 8 deleted by R11756MSP (2022-12-22), recorded not taken"
medicare,us-sc,MED-F-IOM-100-05,EXTRACTABLE,PRESENT,us/manual/2026-09-15-medicare-cms-iom-100-05,us/manual/cms/iom/100-05/chapter-1,"Pub 100-05 MSP Manual: chapters 1, 2, 3, 5, 6, 7 (423 sections, 995,170 characters); chapters 4 and 8 deleted by R11756MSP (2022-12-22), recorded not taken"
medicare,us-sd,MED-F-IOM-100-05,EXTRACTABLE,PRESENT,us/manual/2026-09-15-medicare-cms-iom-100-05,us/manual/cms/iom/100-05/chapter-1,"Pub 100-05 MSP Manual: chapters 1, 2, 3, 5, 6, 7 (423 sections, 995,170 characters); chapters 4 and 8 deleted by R11756MSP (2022-12-22), recorded not taken"
medicare,us-tn,MED-F-IOM-100-05,EXTRACTABLE,PRESENT,us/manual/2026-09-15-medicare-cms-iom-100-05,us/manual/cms/iom/100-05/chapter-1,"Pub 100-05 MSP Manual: chapters 1, 2, 3, 5, 6, 7 (423 sections, 995,170 characters); chapters 4 and 8 deleted by R11756MSP (2022-12-22), recorded not taken"
medicare,us-tx,MED-F-IOM-100-05,EXTRACTABLE,PRESENT,us/manual/2026-09-15-medicare-cms-iom-100-05,us/manual/cms/iom/100-05/chapter-1,"Pub 100-05 MSP Manual: chapters 1, 2, 3, 5, 6, 7 (423 sections, 995,170 characters); chapters 4 and 8 deleted by R11756MSP (2022-12-22), recorded not taken"
medicare,us-ut,MED-F-IOM-100-05,EXTRACTABLE,PRESENT,us/manual/2026-09-15-medicare-cms-iom-100-05,us/manual/cms/iom/100-05/chapter-1,"Pub 100-05 MSP Manual: chapters 1, 2, 3, 5, 6, 7 (423 sections, 995,170 characters); chapters 4 and 8 deleted by R11756MSP (2022-12-22), recorded not taken"
medicare,us-va,MED-F-IOM-100-05,EXTRACTABLE,PRESENT,us/manual/2026-09-15-medicare-cms-iom-100-05,us/manual/cms/iom/100-05/chapter-1,"Pub 100-05 MSP Manual: chapters 1, 2, 3, 5, 6, 7 (423 sections, 995,170 characters); chapters 4 and 8 deleted by R11756MSP (2022-12-22), recorded not taken"
medicare,us-vt,MED-F-IOM-100-05,EXTRACTABLE,PRESENT,us/manual/2026-09-15-medicare-cms-iom-100-05,us/manual/cms/iom/100-05/chapter-1,"Pub 100-05 MSP Manual: chapters 1, 2, 3, 5, 6, 7 (423 sections, 995,170 characters); chapters 4 and 8 deleted by R11756MSP (2022-12-22), recorded not taken"
medicare,us-wa,MED-F-IOM-100-05,EXTRACTABLE,PRESENT,us/manual/2026-09-15-medicare-cms-iom-100-05,us/manual/cms/iom/100-05/chapter-1,"Pub 100-05 MSP Manual: chapters 1, 2, 3, 5, 6, 7 (423 sections, 995,170 characters); chapters 4 and 8 deleted by R11756MSP (2022-12-22), recorded not taken"
medicare,us-wi,MED-F-IOM-100-05,EXTRACTABLE,PRESENT,us/manual/2026-09-15-medicare-cms-iom-100-05,us/manual/cms/iom/100-05/chapter-1,"Pub 100-05 MSP Manual: chapters 1, 2, 3, 5, 6, 7 (423 sections, 995,170 characters); chapters 4 and 8 deleted by R11756MSP (2022-12-22), recorded not taken"
medicare,us-wv,MED-F-IOM-100-05,EXTRACTABLE,PRESENT,us/manual/2026-09-15-medicare-cms-iom-100-05,us/manual/cms/iom/100-05/chapter-1,"Pub 100-05 MSP Manual: chapters 1, 2, 3, 5, 6, 7 (423 sections, 995,170 characters); chapters 4 and 8 deleted by R11756MSP (2022-12-22), recorded not taken"
medicare,us-wy,MED-F-IOM-100-05,EXTRACTABLE,PRESENT,us/manual/2026-09-15-medicare-cms-iom-100-05,us/manual/cms/iom/100-05/chapter-1,"Pub 100-05 MSP Manual: chapters 1, 2, 3, 5, 6, 7 (423 sections, 995,170 characters); chapters 4 and 8 deleted by R11756MSP (2022-12-22), recorded not taken"
medicare,us-az,MED-ST-7,REVIEW,PRESENT,us-az/guidance/2026-09-14-msp-income-standards,us-az/guidance/ahcccs/eligibility-requirements-chart/2026-02/page-2,"AHCCCS chart Feb 2026: ""QMB ... 100% FPL $1,330 Individual $1,804 Couple""; SLMB 120% FPL band $1,330.01-$1,596.00"
medicare,us-co,MED-ST-7,REVIEW,PRESENT,us-co/guidance/2026-09-14-msp-income-standards,us-co/guidance/hcpf/operational-memo/om-26-025/page-2,"OM 26-025 table ""2025 2026 QMB 100% FPL Individual $1,325 $1,350 Couple $1,783 $1,824"" plus QI-1/SLMB/QDWI"
medicare,us-ct,MED-ST-7,REVIEW,PRESENT,us-ct/policy/2026-09-14-msp-income-standards,us-ct/policy/dss/program-standards/2026-07-01/page-1,"DSS program standards eff. 3/1/2026: ""Q01/QMB (211% FPL) $2,807 $3,806"" and Q03/SLMB (231% FPL) $3,073"
medicare,us-dc,MED-ST-7,REVIEW,PRESENT,us-dc/guidance/2026-09-14-msp-income-standards,us-dc/guidance/dhcf/qmb-income-limits/2026/block-1,"DHCF QMB limits: ""300% FPL +$20 disregard ... 1 person $3,990+20 = $4,010 2 person $5,430"" using 2026 FPL"
medicare,us-de,MED-ST-7,REVIEW,PRESENT,us-de/guidance/2026-09-14-msp-income-standards,us-de/guidance/dmma/administrative-notice/a-03-2026/page-4,"Notice A-03-2026 table ""100% FPL QMB ... 120% FPL SLMB ... 135% FPL QI-1 ... 1 $1,330 $1,596 $1,796 $2,660"""
medicare,us-ga,MED-ST-7,REVIEW,PRESENT,us-ga/guidance/2026-09-14-msp-income-standards,us-ga/guidance/dch/medicaid/financial-limits-all-programs/2026/page-1,"DCH limits chart rev. 3/5/2026: ""QMB/SLMB/QI $9,950 (Individual) $14,910 (Couple)"" and QMB (100% + $20) $1,350 SLMB $1,616 QI-1 $1,816"
medicare,us-hi,MED-ST-7,REVIEW,PRESENT,us-hi/guidance/2026-09-14-msp-income-standards,us-hi/guidance/med-quest/magi-and-magi-excepted-income-standards-chart/2026/page-2,"Med-QUEST 2026 chart: QMB/SLMB/QI-1 columns 100%/120%/135% with HH-1 $1,530 $1,836 $2,066 and asset limits ""QMB, SLMB, QI-1 ... $9,950"""
medicare,us-id,MED-ST-7,REVIEW,PRESENT,us-id/guidance/2026-09-14-msp-income-standards,us-id/guidance/dhw/medicaid-program-income-limits/2026/block-3,"DHW Jan 2026 limits: ""QMB (Income between 0-100% FPL) $1,350 $9,950 ... SLMB I ... $1,616 $9,950 ... QI ... $1,816"""
medicare,us-ks,MED-ST-7,REVIEW,PRESENT,us-ks/guidance/2026-09-14-msp-income-standards,us-ks/guidance/kdhe/medical-assistance-standards-f-8/2026-07/page-3,"F-8 standards 07-26: ""Income Standards for QMB, LMB, and QWD Programs - Updated 4/1/2026 ... 1 0 - 1330 1330.01 - 1596 1596.01 - 1796"""
medicare,us-me,MED-ST-7,REVIEW,PRESENT,us-me/guidance/2026-09-14-msp-income-standards,us-me/guidance/ofi/mainecare-eligibility-guidelines/2026/page-3,"MaineCare guidelines 2026: ""QMB ... 185% $2,461 $3,337 ... No asset test. QI ... 250% $3,325 $4,509"""
medicare,us-mi,MED-ST-7,REVIEW,PRESENT,us-mi/manual/2026-09-14-msp-income-standards,us-mi/manual/mdhhs/bridges-reference-tables/rft-242/page-1,"RFT 242: ""FULL-COVERAGE QMB MONTHLY INCOME LIMITS ... Effective 4/1/2026 ... 1 $1350.00 2 $1824.00"" plus SLM table"
medicare,us-mn,MED-ST-7,REVIEW,PRESENT,us-mn/guidance/2026-09-14-msp-income-standards,us-mn/guidance/dhs/dhs-3461a/2026-06/document-1,"DHS-3461A eff. 7/1/26: columns ""MSP Qualified Medicare Beneficiaries (QMB) ... 100% FPG ... 1 $1,350"" with SLMB 120% and QI 135% columns"
medicare,us-ms,MED-ST-7,REVIEW,PRESENT,us-ms/guidance/2026-09-14-msp-income-standards,us-ms/guidance/dom/medicare-cost-sharing-eligibility-guide/2026-03/page-1,"DOM guide 03/2026: ""In the QMB Program ... monthly income must be less than $1,380 for an individual or $1,854 for a couple ... no resource test"""
medicare,us-nh,MED-ST-7,REVIEW,PRESENT,us-nh/manual/2026-09-14-msp-income-standards,us-nh/manual/dhhs/sr/26-03/block-1,"SR 26-03 eff. 3/1/2026: ""For QMB, monthly net income must be less than or equal to 100% FPG ... Group Size 2026 1 $1,330 2 $1,804"" plus SLMB table"
medicare,us-nj,MED-ST-7,REVIEW,PRESENT,us-nj/guidance/2026-09-14-msp-income-standards,us-nj/guidance/dmahs/medicaid-communication/26-03/page-3,"Medicaid Communication 26-03 income standards eff. 1/1/2026 list ""QMB Only 100% FPL ... SLMB ... QI-1 135% FPL"" with $1,330/$1,596/$1,796 and resources $9,950/$14,910 (table is column-scrambled)"
medicare,us-nm,MED-ST-7,REVIEW,PRESENT,us-nm/guidance/2026-09-14-msp-income-standards,us-nm/guidance/hca/mad-029/2026-04-01/page-1,"MAD-029 eff. 4/1/2026: ""Medicare Savings Programs ... Qualified Medicare Beneficiary-QMB Income up to 100% FPL"" with the FPL dollar table above and ""*Resource Guidelines no longer apply to MSP Categories"""
medicare,us-nv,MED-ST-7,REVIEW,PRESENT,us-nv/guidance/2026-09-14-msp-income-standards,us-nv/guidance/dss/income-limit-charts-maabd/2026/block-1,"2026 MAABD chart: ""$0.00 $1,330.00 QMB (100% Poverty) $0.00 $1,804.00 ... SLMB ... QI1 (120-135% Poverty)"""
medicare,us-ny,MED-ST-7,REVIEW,PRESENT,us-ny/guidance/2026-09-14-msp-income-standards,us-ny/guidance/doh/medicare-savings-programs/2026/block-3,"DOH MSP page 2026: ""Income at or Below 138% FPL + $20 Single: $1,836 per month ... Couple: $2,489"" for QMB; block-4 gives QI $2,474/$3,355"
medicare,us-oh,MED-ST-7,REVIEW,PRESENT,us-oh/guidance/2026-09-14-msp-income-standards,us-oh/guidance/odm/mepl/194/page-2,"MEPL 194 eff. 3/1/2026: ""2026 Monthly Federal Poverty Level Income Guidelines for MPAP ... QMB 100% SLMB 120% QI-1 135% ... 1 $1,330 $1,596 $1,796"""
medicare,us-or,MED-ST-7,REVIEW,PRESENT,us-or/guidance/2026-09-14-msp-income-standards,us-or/guidance/odhs/medicare-savings-programs/2026/block-4,"ODHS MSP page 2026: ""QMB ... Monthly income limit*: $1,330 for an individual and $1,804 for a couple (100% of the federal poverty level)""; SLMB/QI in blocks 6-7"
medicare,us-ri,MED-ST-7,REVIEW,PRESENT,us-ri/guidance/2026-09-14-msp-income-standards,us-ri/guidance/eohhs/medicare-premium-payment-program/2026/block-3,"EOHHS MPP page 2026: ""Qualified Medicare Beneficiary (QMB) ... $1,683 $9,950 $2,275 $14,910 ... Qualified Individual (QI) ... $2,255"""
medicare,us-sc,MED-ST-7,REVIEW,PRESENT,us-sc/guidance/2026-09-14-msp-income-standards,us-sc/guidance/scdhhs/medicaid-eligibility-programs/2026-03-01/page-1,"SCDHHS programs sheet 3/1/2026: ""Qualifying Individual ... $1,796 for an individual, or $2,435 for a couple $9,950 per individual""; SLMB $1,596"
medicare,us-sd,MED-ST-7,REVIEW,PRESENT,us-sd/guidance/2026-09-14-msp-income-standards,us-sd/guidance/dss/medicare-savings-program-brochure/2026-05/page-2,"DSS MSP brochure 05/2026: ""monthly income of less than $1,816* or a couple ... $2,455"" and ""savings of $9,950 or less or a couple ... $14,910"""
medicare,us-vt,MED-ST-7,REVIEW,PRESENT,us-vt/guidance/2026-09-14-msp-income-standards,us-vt/guidance/dvha/standards-change-for-healthcare/2026/page-2,"DVHA 2026 standards change: ""Qualified Medicare Beneficiaries (QMB)* 150% 1,995* 2,707 ... QI-1 202% 2,687* 3,645"" eff. 4/1/26"
medicare,us-wa,MED-ST-7,REVIEW,PRESENT,us-wa/guidance/2026-09-14-msp-income-standards,us-wa/guidance/hca/income-and-resource-standards/2026-07-01/page-2,"HCA standards 7/1/2026: ""QMB Income 110% FPL (S03) $1,483 $2,004 ... SLMB 120% ... QI-1 138% FPL (S06) $1,855"""
medicare,us-ma,MED-ST-7,REVIEW,REVIEW,us-ma/guidance/2026-09-14-msp-income-standards,us-ma/guidance/masshealth/income-standards-and-fpl/2026-03/page-1,"wave-4 scope has EOM 24-03 (March 2024) ""Less than or equal to 190% FPL QMB"" and a 2026 FPL chart with a 190% column ($2,527) but no row labels the MSP figure; no cited provision to read"
medicare,us-nc,MED-ST-7,REVIEW,REVIEW,us-nc/manual/2026-09-14-msp-income-standards,us-nc/manual/dhb/medicaid/change-notice/cn-03-26/page-1,"wave-4 scope is Change Notice 03-26 which only says ""MA-2252 Non-MAGI Medicaid Income/Reserve Limits chart"" was updated; the chart itself is not in the scope; no cited provision to read"
medicare,us-ga,MED-ST-2,REVIEW,PRESENT,us-ga/guidance/2026-09-14-msp-income-standards,us-ga/guidance/dch/medicaid/financial-limits-all-programs/2026/page-1,"(wave-4 MSP scope; outside the MED-ST-7 instruction, drop if unwanted) chart columns ""QMB (100% + $20) SLMB (120% + $20) QI-1 (135% + $20)"""
medicare,us-id,MED-ST-2,REVIEW,PRESENT,us-id/guidance/2026-09-14-msp-income-standards,us-id/guidance/dhw/medicaid-program-income-limits/2026/block-3,"(wave-4 MSP scope; outside the MED-ST-7 instruction, drop if unwanted) ""QMB (Income between 0-100% FPL) ... SLMB I (Income between 100-120% FPL) ... QI (Income between 120-135%"""
medicare,us-mn,MED-ST-2,REVIEW,PRESENT,us-mn/guidance/2026-09-14-msp-income-standards,us-mn/guidance/dhs/dhs-3461a/2026-06/document-1,"(wave-4 MSP scope; outside the MED-ST-7 instruction, drop if unwanted) QMB 100% FPG SLMB 120% FPG QI 135% FPG QWD 200% FPG columns; ""$20 disregard is included for QMB, SLMB, QI, and QWD"""
medicare,us-oh,MED-ST-2,REVIEW,PRESENT,us-oh/guidance/2026-09-14-msp-income-standards,us-oh/guidance/odm/mepl/194/page-2,"(wave-4 MSP scope; outside the MED-ST-7 instruction, drop if unwanted) ""Qualified Medicare Beneficiary (QMB) 100% Specified Low-Income Medicare Beneficiary (SLMB) 120% Qualified Individual-1 (QI-1) 135%"""
medicare,us-or,MED-ST-2,REVIEW,PRESENT,us-or/guidance/2026-09-14-msp-income-standards,us-or/guidance/odhs/medicare-savings-programs/2026/block-4,"(wave-4 MSP scope; outside the MED-ST-7 instruction, drop if unwanted) ""$1,330 for an individual and $1,804 for a couple (100% of the federal poverty level)""; SLMB 120% and QI 120-135% in blocks 6-7"
medicare,us-az,MED-ST-3,REVIEW,PRESENT,us-az/guidance/2026-09-14-msp-income-standards,us-az/guidance/ahcccs/eligibility-requirements-chart/2026-02/page-2,"(wave-4 MSP scope; outside the MED-ST-7 instruction, drop if unwanted) QMB and SLMB rows show ""N/A"" in the Resource Limits (Equity) column"
medicare,us-hi,MED-ST-3,REVIEW,PRESENT,us-hi/guidance/2026-09-14-msp-income-standards,us-hi/guidance/med-quest/magi-and-magi-excepted-income-standards-chart/2026/page-2,"(wave-4 MSP scope; outside the MED-ST-7 instruction, drop if unwanted) ""2026 MAGI-EXCEPTED ASSET LIMITS ... QMB, SLMB, QI-1 HH-1 ... $9,950 HH-2 ... $14,910"""
medicare,us-nj,MED-ST-3,REVIEW,PRESENT,us-nj/guidance/2026-09-14-msp-income-standards,us-nj/guidance/dmahs/medicaid-communication/26-03/page-3,"(wave-4 MSP scope; outside the MED-ST-7 instruction, drop if unwanted) MSP rows carry resource limits ""9,950 ... 14,910"" next to QMB/SLMB/QI-1 income figures"
medicare,us-or,MED-ST-3,REVIEW,PRESENT,us-or/guidance/2026-09-14-msp-income-standards,us-or/guidance/odhs/medicare-savings-programs/2026/block-1,"(wave-4 MSP scope; outside the MED-ST-7 instruction, drop if unwanted) ""There are no asset limits for these programs in Oregon."""
medicare,us-sd,MED-ST-3,REVIEW,PRESENT,us-sd/guidance/2026-09-14-msp-income-standards,us-sd/guidance/dss/medicaid-coverage-groups/2026/block-7,"(wave-4 MSP scope; outside the MED-ST-7 instruction, drop if unwanted) Medicare Savings Program: ""Resource limit is $9,950 for an individual and $14,910 for a couple."""
medicare,us-vt,MED-ST-3,REVIEW,PRESENT,us-vt/guidance/2026-09-14-msp-income-standards,us-vt/guidance/dvha/mabd-pil-fpl-income-chart/2026/page-1,"(wave-4 MSP scope; outside the MED-ST-7 instruction, drop if unwanted) ""150%: QMB NO resource test 202%: QI-1 NO resource test"""
medicare,us-or,MED-ST-6,REVIEW,PRESENT,us-or/guidance/2026-09-14-msp-income-standards,us-or/guidance/odhs/medicare-savings-programs/2026/block-4,"(wave-4 MSP scope; outside the MED-ST-7 instruction, drop if unwanted) QMB ""Helps pay for: Medicare Part A and Part B premiums, deductibles and co-insurance."""
liheap,us-ca,LIHEAP-ST-09,REVIEW,PRESENT,us-ca/policy/2026-09-14-liheap-benefit-matrix,us-ca/policy/acf/liheap-plan/fy2026-benefit-matrix/page-3,"plan attachment payment table by household size and poverty group: ""1 $0 - $1,304.17 $837 $1,304.18 - $1,630.21 $684 ..."""
liheap,us-dc,LIHEAP-ST-09,REVIEW,PRESENT,us-dc/policy/2026-09-14-liheap-benefit-matrix,us-dc/policy/doee/liheap-benefit-matrix/fy2026/block-1,"DOEE FY2026 Regular Benefits Table: ""MF | 0 | 1 | Gas | $1,512 | Oil | $1,500 ... Electric | $904 | HIR | $200"" by home type/income/people"
liheap,us-ma,LIHEAP-ST-09,REVIEW,PRESENT,us-ma/policy/2026-09-14-liheap-benefit-matrix,us-ma/policy/acf/liheap-plan/fy2026-benefit-matrix/page-1,"HEAP Income Eligibility and Benefit Levels chart by household size and FPL/SMI band (""1 15,650 $ 19,563 $ ... 60% of Estimated State Median Income""); page-2 explains benefit rows"
liheap,us-nc,LIHEAP-ST-09,REVIEW,PRESENT,us-nc/manual/2026-09-14-liheap-benefit-matrix,us-nc/manual/dss/energy-programs/ep-300/page-20,"EP-300 Change #2-2026: ""Percentages of 150% Poverty Income Limit ... Payment Amount $400.00 $300 1 $0-$978 $979-$1,956 ..."" and coal/wood $300"
liheap,us-nm,LIHEAP-ST-09,REVIEW,PRESENT,us-nm/policy/2026-09-14-liheap-benefit-matrix,us-nm/policy/hca/liheap-point-and-income-guide/ffy2026/page-1,"FFY2026 Point and Income Guide: ""Energy Standard Allowance $291 ... Point Values - $35 per point 2 $70 3 $105 ... 14 $490"" with income table"
liheap,us-ok,LIHEAP-ST-09,REVIEW,PRESENT,us-ok/manual/2026-09-14-liheap-benefit-matrix,us-ok/manual/okdhs/oac-340-appendix/c-7-a/page-1,"Appendix C-7-A: ""Net Income Household size 1-3 Household size 4-6 Household size 7+ $0 - $400 $365 $402 $430 $401 - $700 $265 ..."" by fuel type"
liheap,us-sc,LIHEAP-ST-09,REVIEW,PRESENT,us-sc/policy/2026-09-14-liheap-benefit-matrix,us-sc/policy/acf/liheap-plan/fy2026-benefit-matrix/page-1,"2026 Benefit Matrix: ""minimum non-emergency benefit of $200 ... elderly ($75); disabled ($50) ... Maximum Non-Emergency Heating Award: $850.00"""
liheap,us-wa,LIHEAP-ST-09,REVIEW,PRESENT,us-wa/policy/2026-09-14-liheap-benefit-matrix,us-wa/policy/acf/liheap-plan/fy2026-benefit-matrix/page-2,"plan attachment is a Benefit Calculation Worksheet (income adjuster table ""$1,883 1 1.00 $2,555 2 1.36 ..."") plus FPL%-to-benefit% table on page-3, not a dollar matrix; treat as PRESENT-by-formula"
liheap,us-nc,LIHEAP-ST-18,REVIEW,PRESENT,us-nc/manual/2026-09-14-liheap-benefit-matrix,us-nc/manual/dss/energy-programs/ep-300/page-1,NC DSS Energy Programs Manual EP-300 (22 pages) is the state LIHEAP policy manual chapter
liheap,us-ca,LIHEAP-ST-18,REVIEW,REVIEW,us-ca/policy/2026-09-14-liheap-benefit-matrix,,"wave-4 scope is a plan attachment (county base benefit tables), not a policy/operations manual or adopted rule chapter; no cited provision to read"
liheap,us-dc,LIHEAP-ST-18,REVIEW,REVIEW,us-dc/policy/2026-09-14-liheap-benefit-matrix,,"wave-4 scope is a DOEE benefit table, not a policy/operations manual or adopted rule chapter; no cited provision to read"
liheap,us-ma,LIHEAP-ST-18,REVIEW,REVIEW,us-ma/policy/2026-09-14-liheap-benefit-matrix,,"wave-4 scope is a plan attachment (income/benefit chart), not a policy/operations manual or adopted rule chapter; no cited provision to read"
liheap,us-nm,LIHEAP-ST-18,REVIEW,REVIEW,us-nm/policy/2026-09-14-liheap-benefit-matrix,,"wave-4 scope is a point and income guide, not a policy/operations manual or adopted rule chapter; no cited provision to read"
liheap,us-sc,LIHEAP-ST-18,REVIEW,REVIEW,us-sc/policy/2026-09-14-liheap-benefit-matrix,,"wave-4 scope is a plan attachment (benefit matrix), not a policy/operations manual or adopted rule chapter; no cited provision to read"
liheap,us-wa,LIHEAP-ST-18,REVIEW,REVIEW,us-wa/policy/2026-09-14-liheap-benefit-matrix,,"wave-4 scope is a plan attachment (calculation worksheet), not a policy/operations manual or adopted rule chapter; no cited provision to read"
liheap,us-ok,LIHEAP-ST-18,REVIEW,REVIEW,us-ok/manual/2026-09-14-liheap-benefit-matrix,us-ok/manual/okdhs/oac-340-appendix/c-7-a/page-1,"wave-4 scope is only OKDHS Appendix C-7-A which says ""Refer to Oklahoma Administrative Code (OAC) for program details"" (OAC 340:20-1); the rule chapter itself is not in scope"
liheap,us-ak,LIHEAP-ST-05,REVIEW,PRESENT,us-ak/policy/2026-09-10,us-ak/policy/acf/liheap-plan/fy2026/1,"1.8/1.9 checkbox state is lost but the ""Other"" narrative carries state rules: ""The following income is considered countable: Educational income ... Cash gifts under $20 ... exempt"""
liheap,us-al,LIHEAP-ST-05,REVIEW,ABSENT-IN-CITED,us-al/policy/2026-09-10,us-al/policy/acf/liheap-plan/fy2026/1,"only the unmarked template text ""do you use gross income or net income? Gross Income Net Income Other"" and the full option list; no state narrative; carried by the plan checkbox state or the state LIHEAP manual"
liheap,us-ar,LIHEAP-ST-05,REVIEW,PRESENT,us-ar/policy/2026-09-10,us-ar/policy/acf/liheap-plan/fy2026/1,"narrative ""For work income, we collect data for gross income and subtract 20%. For non-work income, we use gross amount"" and ""only one-time lump sum payment counted ... is lottery winnings"""
liheap,us-az,LIHEAP-ST-05,REVIEW,PRESENT,us-az/policy/2026-09-10,us-az/policy/acf/liheap-plan/fy2026/1,"checkbox state lost; thin narrative ""Cash gifts over $50 are counted. Funds received by household for the care of an adopted child."""
liheap,us-ca,LIHEAP-ST-05,REVIEW,ABSENT-IN-CITED,us-ca/policy/2026-09-10,us-ca/policy/acf/liheap-plan/fy2026/1,"only the unmarked template ""Gross Income Net Income Other - Describe"" and option list; 1.11-1.12 are phone/in-person application questions, not household definition; carried by plan checkbox state or the state LIHEAP manual"
liheap,us-co,LIHEAP-ST-05,REVIEW,ABSENT-IN-CITED,us-co/policy/2026-09-10,us-co/policy/acf/liheap-plan/fy2026/1,only the unmarked template and option list; no state narrative in 1.8-1.12; carried by plan checkbox state or the state LIHEAP manual
liheap,us-al,LIHEAP-ST-03,REVIEW,ABSENT-IN-CITED,us-al/policy/2026-09-10,us-al/policy/acf/liheap-plan/fy2026/1,"1.4-1.6 are the unmarked template (""Yes No ... 1.4a. Provide your definition of categorical eligibility"" with no answer); carried by plan checkbox state or the state LIHEAP manual"
liheap,us-ar,LIHEAP-ST-03,REVIEW,ABSENT-IN-CITED,us-ar/policy/2026-09-10,us-ar/policy/acf/liheap-plan/fy2026/1,1.4-1.6 unmarked template with empty 1.4a/1.5/1.6 answers; carried by plan checkbox state or the state LIHEAP manual
liheap,us-co,LIHEAP-ST-03,REVIEW,ABSENT-IN-CITED,us-co/policy/2026-09-10,us-co/policy/acf/liheap-plan/fy2026/1,1.4-1.6 unmarked template with empty answers; carried by plan checkbox state or the state LIHEAP manual
liheap,us-dc,LIHEAP-ST-03,REVIEW,PRESENT,us-dc/policy/2026-09-10,us-dc/policy/acf/liheap-plan/fy2026/1,"1.6 narrative: ""A household where at least one member of the household receives a SNAP, TANF, or SSI benefit is categorically eligible for LIHEAP payment assistance"""
liheap,us-de,LIHEAP-ST-03,REVIEW,ABSENT-IN-CITED,us-de/policy/2026-09-10,us-de/policy/acf/liheap-plan/fy2026/1,1.4-1.6 unmarked template with empty answers; carried by plan checkbox state or the state LIHEAP manual
liheap,us-ia,LIHEAP-ST-03,REVIEW,ABSENT-IN-CITED,us-ia/policy/2026-09-10,us-ia/policy/acf/liheap-plan/fy2026/1,1.4-1.6 unmarked template with empty answers; carried by plan checkbox state or the state LIHEAP manual
liheap,*,LIHEAP-ST-03,REVIEW,ABSENT-IN-CITED,,,"1 of 6 read (al ar co dc de ia) carries it; the ACF model plan 1.4-1.6 text is yes/no boxes whose state the extractor drops, so the element is carried by the state LIHEAP policy manual (or a checkbox-aware plan extraction); DC is the exception with narrative in 1.6"
ssi,us-ma,SSI-ST-4,REVIEW,PRESENT,us-ma/guidance/2026-09-14-ssi-state-supplement-standards,us-ma/guidance/dta/ssp-payment-levels/cy2026/page-1,"DTA SSP payment levels CY2026 by living arrangement: ""Individual $994.00 $128.82 $1,122.82 ... Spouse $745.50 $100.86 $846.36 ..."""
ssi,us-mn,SSI-ST-4,REVIEW,PRESENT,us-mn/manual/2026-09-14-ssi-state-supplement-standards,us-mn/manual/dhs/combined-manual/0020-21/block-2,"""2026 MSA MONTHLY ASSISTANCE STANDARDS Person living alone $1,055.00 Person living with others $755.33 Married couple living alone $1,582.00 ..."""
ssi,us-ne,SSI-ST-4,REVIEW,PRESENT,us-ne/manual/2026-09-14-ssi-state-supplement-standards,us-ne/manual/dhhs/469-000-211/page-1,"469-000-211 ""AABD or SDP STANDARD OF NEED Effective 01-01-2021 ... Standard $564 $887 $1109 ..."" is the latest revision on file (2021); 477-000-044 carries the 2026 Medicaid ABD standard instead"
ssi,us-nh,SSI-ST-4,REVIEW,PRESENT,us-nh/guidance/2026-09-14-ssi-state-supplement-standards,us-nh/guidance/dhhs/sr/26-01/block-1,"SR 26-01: ""The 2026 Adult Standards of Need (SON) for OAA, ANB, and APTD ... Group Size Independent Living Arrangement ... 1 $1,008 ... Residential Care Facility ... $1,188"""
ssi,us-oh,SSI-ST-4,REVIEW,PRESENT,us-oh/guidance/2026-09-14-ssi-state-supplement-standards,us-oh/guidance/dbh/residential-state-supplement-brochure/page-1,"OhioMHAS RSS brochure: ""Allowable Fee ... that Residential Facilities may charge residents with RSS is $1,600* per month ... about $200 remaining for your Personal Needs Allowance"""
ssi,us-ok,SSI-ST-4,REVIEW,PRESENT,us-ok/manual/2026-09-14-ssi-state-supplement-standards,us-ok/manual/okdhs/oac-340-appendix/c-1/page-3,"Appendix C-1 Schedule VIII.A: ""SSP categorically needy standard $1,034 $1,532 $1,571 ... SSP amount ... cannot exceed $40"""
ssi,us-sc,SSI-ST-4,REVIEW,PRESENT,us-sc/guidance/2026-09-14-ssi-state-supplement-standards,us-sc/guidance/scdhhs/program-eligibility-and-income-limits/block-40,"OSS Income Limit: ""Monthly Net Income Limit may not exceed $1,804 per month. The individual's resources must not exceed $2,000. January 1, 2026."""
ssi,us-va,SSI-ST-4,REVIEW,PRESENT,us-va/guidance/2026-09-14-ssi-state-supplement-standards,us-va/guidance/dars/auxiliary-grant-rate-letter/2026/page-1,"DARS rate letter: ""Auxiliary Grant rate will increase by $27 dollars from $2,103 to $2,130 ... Planning District 8 ... $2,450 ... personal needs allowance will remain at $87"" eff. 1/1/2026"
ssi,us-ks,SSI-ST-4,REVIEW,ABSENT-IN-CITED,us-ks/guidance/2026-07-04-ks-sspp-guidance,us-ks/guidance/khpa/policy-memo/2007-05-01/state-supplemental-payment-program/page-2,"2007 memo says ""Each individual determined eligible for SSPP will receive a $20.00 monthly cash benefit"" but is not current-year; K.S.A. 39-972(b) on disk sets only a floor (""not less than $30"") so the current figure sits in KDHE rule/standards (regulation family)"
ssi,us-sd,SSI-ST-4,REVIEW,ABSENT-IN-CITED,us-sd/regulation/2026-09-10-ssi-state-supplement,us-sd/regulation/arsd/67/12/14/04,"rule pays ""at a rate approved by the department based on the annual appropriation""; no dollar figure; carried by a DSS rate notice or POMS SI DEN01415 (standards-table family)"
ssi,us-al,SSI-ST-5,REVIEW,PRESENT,us-al/regulation/2026-06-30-al-admin-code-660-2-4,us-al/regulation/alabama-administrative-code/660/2/4/page-13,"cited page-10 is 660-2-4-.17 homelife-care definitions (absent); page-13 660-2-4-.26 carries it: ""supplement in the amount of the difference in countable income and the amount of the applicable supplement ... 20 C.F.R. 416, Subpart K, govern types of countable income"""
ssi,us-sd,SSI-ST-5,REVIEW,PRESENT,us-sd/regulation/2026-09-10-ssi-state-supplement,us-sd/regulation/arsd/67/12/14/02,"cited 67:12:14:01 is definitions only; 67:12:14:02-:03 carry the income rule (""The person is receiving SSI and may be receiving in-kind income"" / discontinued if ""receiving other income in addition to SSI"") and :10 disregards COLA pass-on"
ssi,us-va,SSI-ST-5,REVIEW,PRESENT,us-va/manual/2026-09-10-ssi-state-supplement,us-va/manual/dars/auxiliary-grant/chapter-g/page-13,"AG manual chapter G (Non-SSI Resource Transfers): ""Prior to spending this money, Mr. Jones was over the AG resource limit ... 9. Value Of Compensation Received""; resource-transfer methodology only, the resource limit itself is in chapter E"
ssi,us-or,SSI-ST-3,REVIEW,PRESENT,us-or/manual/2026-07-16-or-programs-eligibility-notebook,us-or/manual/odhs/open/page-33,"OPEN p.33 lists OSIPM groups (SSI/1619(b), DAC/Pickle, ""income below the SSI standard"", LTC under 300% SSI, EPD) and ""To be eligible for OSIP, individuals must first be eligible for OSIPM""; categories only, living-arrangement definitions sit in OAR 461-155 (not in scope)"
ssi,us-ks,SSI-ST-2,REVIEW,PRESENT,us-ks/statute/2026-07-04-ks-sspp-statute,us-ks/statute/39/972/supplemental-income/block-1,"K.S.A. 39-972(b): agency ""shall authorize for persons receiving long-term care in a medicaid approved institution who also receive supplemental security income payments of a certain amount of money per month to supplement such income ... not less than $30"" (on disk, not in the draft selector)"
ssi,us-de,SSI-ST-2,REVIEW,ABSENT-IN-CITED,us-de/regulation/2026-07-03-de-dssm-13000,us-de/regulation/admin-code/title16/dssm/13000/page-3,"DSSM 13000 is a Medicaid overview; page-3 only lists ""1/74 Mandatory State Supplement X Optional State Supplement X"" in a history table; the establishing authority is Del. Code title 31 / DSSM 5000-series (state statute family)"
ssi,us-ak,SSI-ST-2,REVIEW,REVIEW,,,not read: the review row cites no corpus provision (builder note: AS 47.25.430-.615 (APA statute) not inventoried; the queue took the DPA APA Manual only); stays a research item for the next check
ssi,us-ct,SSI-ST-2,REVIEW,REVIEW,,,not read: the review row cites no corpus provision (builder note: Conn. Gen. Stat. 17b-600 et seq. not inventoried; DSS UPM sections are the operating rule); stays a research item for the next check
ssi,us-dc,SSI-ST-2,REVIEW,REVIEW,,,not read: the review row cites no corpus provision (builder note: DC Code 4-205.05 et seq. / DCMR not inventoried for the state-administered part); stays a research item for the next check
ssi,us-dc,SSI-ST-5,REVIEW,REVIEW,,,"not read: the review row cites no corpus provision (builder note: F/S: the state-administered part (DHCF OSSP for adult foster care, DC Code 4-205.05) is not covered by the queue; SSA rules apply to the federally administered part); stays a research item for the next check"
ssi,us-de,SSI-ST-5,REVIEW,REVIEW,,,not read: the review row cites no corpus provision (builder note: F/S: the state-administered part is not covered by the queue; SSA rules apply to the federally administered part); stays a research item for the next check
ssi,us-ga,SSI-ST-2,REVIEW,REVIEW,,,not read: the review row cites no corpus provision (builder note: O.C.G.A. 49-4-3 not inventoried; DFCS manual sections are the operating text); stays a research item for the next check
ssi,us-hi,SSI-ST-2,REVIEW,REVIEW,,,not read: the review row cites no corpus provision (builder note: HRS 346-53 not inventoried); stays a research item for the next check
ssi,us-ia,SSI-ST-2,REVIEW,REVIEW,,,not read: the review row cites no corpus provision (builder note: Iowa Code 249 / 441 IAC 51-52 not inventoried); stays a research item for the next check
ssi,us-ia,SSI-ST-5,REVIEW,REVIEW,,,"not read: the review row cites no corpus provision (builder note: F/S: the state-administered part (441 IAC chapter 52, in-home health related care) is not covered by the queue; SSA rules apply to the federally administered part); stays a research item for the next check"
ssi,us-il,SSI-ST-2,REVIEW,REVIEW,,,not read: the review row cites no corpus provision (builder note: 305 ILCS 5/3 (AABD article) not inventoried; the IDHS manual is the operating text); stays a research item for the next check
ssi,us-in,SSI-ST-2,REVIEW,REVIEW,,,not read: the review row cites no corpus provision (builder note: IC 12-10-6 not inventoried); stays a research item for the next check
ssi,us-la,SSI-ST-2,REVIEW,REVIEW,,,not read: the review row cites no corpus provision (builder note: La. R.S. 46:1 et seq. not inventoried; LDH manual J-0000 is the operating text); stays a research item for the next check
ssi,us-mi,SSI-ST-2,REVIEW,REVIEW,,,not read: the review row cites no corpus provision (builder note: MCL 400.1 et seq. not inventoried); stays a research item for the next check
ssi,us-mi,SSI-ST-5,REVIEW,REVIEW,,,not read: the review row cites no corpus provision (builder note: F/S: the state-administered part is not covered by the queue; SSA rules apply to the federally administered part); stays a research item for the next check
ssi,us-mn,SSI-ST-2,REVIEW,REVIEW,,,not read: the review row cites no corpus provision (builder note: Minn. Stat. 256D.33-.54 (MSA) not inventoried; DHS Combined Manual is the operating text); stays a research item for the next check
ssi,us-mo,SSI-ST-2,REVIEW,REVIEW,,,not read: the review row cites no corpus provision (builder note: RSMo 208.030 (SAB) / 208.030-.040 (SNC) not inventoried; 13 CSR 40-2 has no SNC/SAB rule (queue)); stays a research item for the next check
ssi,us-mt,SSI-ST-2,REVIEW,REVIEW,,,not read: the review row cites no corpus provision (builder note: MCA 53-2 not inventoried); stays a research item for the next check
ssi,us-nc,SSI-ST-2,REVIEW,REVIEW,,,not read: the review row cites no corpus provision (builder note: G.S. 108A-40 et seq. not inventoried; NCDHHS SA manuals are the operating text); stays a research item for the next check
ssi,us-nh,SSI-ST-2,REVIEW,REVIEW,,,not read: the review row cites no corpus provision (builder note: RSA 167 / He-W 600 rules not inventoried; DHHS Adult Assistance Manual is the operating text); stays a research item for the next check
ssi,us-nj,SSI-ST-2,REVIEW,REVIEW,,,not read: the review row cites no corpus provision (builder note: N.J.S.A. 44:7-85 et seq. not inventoried); stays a research item for the next check
ssi,us-nv,SSI-ST-2,REVIEW,REVIEW,,,not read: the review row cites no corpus provision (builder note: NRS 422 not inventoried); stays a research item for the next check
ssi,us-pa,SSI-ST-2,REVIEW,REVIEW,,,not read: the review row cites no corpus provision (builder note: 62 P.S. 432.4 / 55 Pa. Code 297 not inventoried); stays a research item for the next check
ssi,us-pa,SSI-ST-5,REVIEW,REVIEW,,,"not read: the review row cites no corpus provision (builder note: F/S: the state-administered part (domiciliary care, 55 Pa. Code 297) is not covered by the queue; SSA rules apply to the federally administered part); stays a research item for the next check"
ssi,us-ri,SSI-ST-2,REVIEW,REVIEW,,,not read: the review row cites no corpus provision (builder note: R.I. Gen. Laws 40-6-27 not inventoried); stays a research item for the next check
ssi,us-ri,SSI-ST-5,REVIEW,REVIEW,,,not read: the review row cites no corpus provision (builder note: F/S: the state-administered part is not covered by the queue; SSA rules apply to the federally administered part); stays a research item for the next check
ssi,us-sc,SSI-ST-2,REVIEW,REVIEW,,,not read: the review row cites no corpus provision (builder note: S.C. Code 43-5-10 et seq. not inventoried; SCDHHS MPPM chapter 403 is the operating text); stays a research item for the next check
ssi,us-tx,SSI-ST-2,REVIEW,REVIEW,,,not read: the review row cites no corpus provision (builder note: Tex. Hum. Res. Code 32 not inventoried; HHSC MEPD H-6000 is the operating text); stays a research item for the next check
ssi,us-vt,SSI-ST-2,REVIEW,REVIEW,,,not read: the review row cites no corpus provision (builder note: 33 V.S.A. 1301 et seq. not inventoried); stays a research item for the next check
liheap,us-ct,LIHEAP-ST-05,REVIEW,REVIEW,2026-09-10,us-ct/policy/acf/liheap-plan/fy2026/1,not read: beyond the six-state sample the preamble caps per element (see the element's PATTERN/mixed verdict); stays REVIEW
liheap,us-dc,LIHEAP-ST-05,REVIEW,REVIEW,2026-09-10,us-dc/policy/acf/liheap-plan/fy2026/1,not read: beyond the six-state sample the preamble caps per element (see the element's PATTERN/mixed verdict); stays REVIEW
liheap,us-de,LIHEAP-ST-05,REVIEW,REVIEW,2026-09-10,us-de/policy/acf/liheap-plan/fy2026/1,not read: beyond the six-state sample the preamble caps per element (see the element's PATTERN/mixed verdict); stays REVIEW
liheap,us-fl,LIHEAP-ST-05,REVIEW,REVIEW,2026-09-10,us-fl/policy/acf/liheap-plan/fy2026/1,not read: beyond the six-state sample the preamble caps per element (see the element's PATTERN/mixed verdict); stays REVIEW
liheap,us-ga,LIHEAP-ST-05,REVIEW,REVIEW,2026-09-10,us-ga/policy/acf/liheap-plan/fy2026/1,not read: beyond the six-state sample the preamble caps per element (see the element's PATTERN/mixed verdict); stays REVIEW
liheap,us-hi,LIHEAP-ST-05,REVIEW,REVIEW,2026-09-10,us-hi/policy/acf/liheap-plan/fy2026/1,not read: beyond the six-state sample the preamble caps per element (see the element's PATTERN/mixed verdict); stays REVIEW
liheap,us-ia,LIHEAP-ST-05,REVIEW,REVIEW,2026-09-10,us-ia/policy/acf/liheap-plan/fy2026/1,not read: beyond the six-state sample the preamble caps per element (see the element's PATTERN/mixed verdict); stays REVIEW
liheap,us-id,LIHEAP-ST-05,REVIEW,REVIEW,2026-09-10,us-id/policy/acf/liheap-plan/fy2026/1,not read: beyond the six-state sample the preamble caps per element (see the element's PATTERN/mixed verdict); stays REVIEW
liheap,us-id,LIHEAP-ST-09,REVIEW,REVIEW,,,not read: the review row cites no corpus provision (builder note: matrix is a plan attachment not in the extracted PDF; the clearinghouse index lists no policy manual for this state; state agency site not inventoried); stays a research item for the next check
liheap,us-id,LIHEAP-ST-18,REVIEW,REVIEW,,,not read: the review row cites no corpus provision (builder note: clearinghouse index lists no policy manual for this state; state agency site not inventoried in the queue); stays a research item for the next check
liheap,us-il,LIHEAP-ST-05,REVIEW,REVIEW,2026-09-10,us-il/policy/acf/liheap-plan/fy2026/1,not read: beyond the six-state sample the preamble caps per element (see the element's PATTERN/mixed verdict); stays REVIEW
liheap,us-il,LIHEAP-ST-09,REVIEW,REVIEW,,,not read: the review row cites no corpus provision (builder note: matrix is a plan attachment not in the extracted PDF; the clearinghouse index lists no policy manual for this state; state agency site not inventoried); stays a research item for the next check
liheap,us-il,LIHEAP-ST-18,REVIEW,REVIEW,,,not read: the review row cites no corpus provision (builder note: clearinghouse index lists no policy manual for this state; state agency site not inventoried in the queue); stays a research item for the next check
liheap,us-in,LIHEAP-ST-03,REVIEW,REVIEW,2026-09-10,us-in/policy/acf/liheap-plan/fy2026/1,not read: beyond the six-state sample the preamble caps per element (see the element's PATTERN/mixed verdict); stays REVIEW
liheap,us-in,LIHEAP-ST-05,REVIEW,REVIEW,2026-09-10,us-in/policy/acf/liheap-plan/fy2026/1,not read: beyond the six-state sample the preamble caps per element (see the element's PATTERN/mixed verdict); stays REVIEW
liheap,us-ks,LIHEAP-ST-05,REVIEW,REVIEW,2026-09-10,us-ks/policy/acf/liheap-plan/fy2026/1,not read: beyond the six-state sample the preamble caps per element (see the element's PATTERN/mixed verdict); stays REVIEW
liheap,us-ky,LIHEAP-ST-03,REVIEW,REVIEW,2026-09-10,us-ky/policy/acf/liheap-plan/fy2026/1,not read: beyond the six-state sample the preamble caps per element (see the element's PATTERN/mixed verdict); stays REVIEW
liheap,us-ky,LIHEAP-ST-05,REVIEW,REVIEW,2026-09-10,us-ky/policy/acf/liheap-plan/fy2026/1,not read: beyond the six-state sample the preamble caps per element (see the element's PATTERN/mixed verdict); stays REVIEW
liheap,us-la,LIHEAP-ST-03,REVIEW,REVIEW,2026-09-10,us-la/policy/acf/liheap-plan/fy2026/1,not read: beyond the six-state sample the preamble caps per element (see the element's PATTERN/mixed verdict); stays REVIEW
liheap,us-la,LIHEAP-ST-05,REVIEW,REVIEW,2026-09-10,us-la/policy/acf/liheap-plan/fy2026/1,not read: beyond the six-state sample the preamble caps per element (see the element's PATTERN/mixed verdict); stays REVIEW
liheap,us-ma,LIHEAP-ST-05,REVIEW,REVIEW,2026-09-10,us-ma/policy/acf/liheap-plan/fy2026/1,not read: beyond the six-state sample the preamble caps per element (see the element's PATTERN/mixed verdict); stays REVIEW
liheap,us-md,LIHEAP-ST-05,REVIEW,REVIEW,2026-09-10,us-md/policy/acf/liheap-plan/fy2026/1,not read: beyond the six-state sample the preamble caps per element (see the element's PATTERN/mixed verdict); stays REVIEW
liheap,us-me,LIHEAP-ST-05,REVIEW,REVIEW,2026-09-10,us-me/policy/acf/liheap-plan/fy2026/1,not read: beyond the six-state sample the preamble caps per element (see the element's PATTERN/mixed verdict); stays REVIEW
liheap,us-mi,LIHEAP-ST-05,REVIEW,REVIEW,2026-09-10,us-mi/policy/acf/liheap-plan/fy2026/1,not read: beyond the six-state sample the preamble caps per element (see the element's PATTERN/mixed verdict); stays REVIEW
liheap,us-mn,LIHEAP-ST-03,REVIEW,REVIEW,2026-09-10,us-mn/policy/acf/liheap-plan/fy2026/1,not read: beyond the six-state sample the preamble caps per element (see the element's PATTERN/mixed verdict); stays REVIEW
liheap,us-mn,LIHEAP-ST-05,REVIEW,REVIEW,2026-09-10,us-mn/policy/acf/liheap-plan/fy2026/1,not read: beyond the six-state sample the preamble caps per element (see the element's PATTERN/mixed verdict); stays REVIEW
liheap,us-mo,LIHEAP-ST-03,REVIEW,REVIEW,2026-09-10,us-mo/policy/acf/liheap-plan/fy2026/1,not read: beyond the six-state sample the preamble caps per element (see the element's PATTERN/mixed verdict); stays REVIEW
liheap,us-mo,LIHEAP-ST-05,REVIEW,REVIEW,2026-09-10,us-mo/policy/acf/liheap-plan/fy2026/1,not read: beyond the six-state sample the preamble caps per element (see the element's PATTERN/mixed verdict); stays REVIEW
liheap,us-ms,LIHEAP-ST-03,REVIEW,REVIEW,2026-09-10,us-ms/policy/acf/liheap-plan/fy2026/1,not read: beyond the six-state sample the preamble caps per element (see the element's PATTERN/mixed verdict); stays REVIEW
liheap,us-ms,LIHEAP-ST-05,REVIEW,REVIEW,2026-09-10,us-ms/policy/acf/liheap-plan/fy2026/1,not read: beyond the six-state sample the preamble caps per element (see the element's PATTERN/mixed verdict); stays REVIEW
liheap,us-mt,LIHEAP-ST-05,REVIEW,REVIEW,2026-09-10,us-mt/policy/acf/liheap-plan/fy2026/1,not read: beyond the six-state sample the preamble caps per element (see the element's PATTERN/mixed verdict); stays REVIEW
liheap,us-nc,LIHEAP-ST-03,REVIEW,REVIEW,2026-09-10,us-nc/policy/acf/liheap-plan/fy2026/1,not read: beyond the six-state sample the preamble caps per element (see the element's PATTERN/mixed verdict); stays REVIEW
liheap,us-nc,LIHEAP-ST-05,REVIEW,REVIEW,2026-09-10,us-nc/policy/acf/liheap-plan/fy2026/1,not read: beyond the six-state sample the preamble caps per element (see the element's PATTERN/mixed verdict); stays REVIEW
liheap,us-nd,LIHEAP-ST-03,REVIEW,REVIEW,2026-09-10,us-nd/policy/acf/liheap-plan/fy2026/1,not read: beyond the six-state sample the preamble caps per element (see the element's PATTERN/mixed verdict); stays REVIEW
liheap,us-nd,LIHEAP-ST-05,REVIEW,REVIEW,2026-09-10,us-nd/policy/acf/liheap-plan/fy2026/1,not read: beyond the six-state sample the preamble caps per element (see the element's PATTERN/mixed verdict); stays REVIEW
liheap,us-ne,LIHEAP-ST-03,REVIEW,REVIEW,2026-09-10,us-ne/policy/acf/liheap-plan/fy2026/1,not read: beyond the six-state sample the preamble caps per element (see the element's PATTERN/mixed verdict); stays REVIEW
liheap,us-ne,LIHEAP-ST-05,REVIEW,REVIEW,2026-09-10,us-ne/policy/acf/liheap-plan/fy2026/1,not read: beyond the six-state sample the preamble caps per element (see the element's PATTERN/mixed verdict); stays REVIEW
liheap,us-nh,LIHEAP-ST-03,REVIEW,REVIEW,2026-09-10,us-nh/policy/acf/liheap-plan/fy2026/1,not read: beyond the six-state sample the preamble caps per element (see the element's PATTERN/mixed verdict); stays REVIEW
liheap,us-nh,LIHEAP-ST-05,REVIEW,REVIEW,2026-09-10,us-nh/policy/acf/liheap-plan/fy2026/1,not read: beyond the six-state sample the preamble caps per element (see the element's PATTERN/mixed verdict); stays REVIEW
liheap,us-nj,LIHEAP-ST-05,REVIEW,REVIEW,2026-09-10,us-nj/policy/acf/liheap-plan/fy2026/1,not read: beyond the six-state sample the preamble caps per element (see the element's PATTERN/mixed verdict); stays REVIEW
liheap,us-nm,LIHEAP-ST-03,REVIEW,REVIEW,2026-09-10,us-nm/policy/acf/liheap-plan/fy2026/1,not read: beyond the six-state sample the preamble caps per element (see the element's PATTERN/mixed verdict); stays REVIEW
liheap,us-nm,LIHEAP-ST-05,REVIEW,REVIEW,2026-09-10,us-nm/policy/acf/liheap-plan/fy2026/1,not read: beyond the six-state sample the preamble caps per element (see the element's PATTERN/mixed verdict); stays REVIEW
liheap,us-nv,LIHEAP-ST-03,REVIEW,REVIEW,2026-09-10,us-nv/policy/acf/liheap-plan/fy2026/1,not read: beyond the six-state sample the preamble caps per element (see the element's PATTERN/mixed verdict); stays REVIEW
liheap,us-nv,LIHEAP-ST-05,REVIEW,REVIEW,2026-09-10,us-nv/policy/acf/liheap-plan/fy2026/1,not read: beyond the six-state sample the preamble caps per element (see the element's PATTERN/mixed verdict); stays REVIEW
liheap,us-ny,LIHEAP-ST-05,REVIEW,REVIEW,2026-09-10,us-ny/policy/acf/liheap-plan/fy2026/1,not read: beyond the six-state sample the preamble caps per element (see the element's PATTERN/mixed verdict); stays REVIEW
liheap,us-oh,LIHEAP-ST-03,REVIEW,REVIEW,2026-09-10,us-oh/policy/acf/liheap-plan/fy2026/1,not read: beyond the six-state sample the preamble caps per element (see the element's PATTERN/mixed verdict); stays REVIEW
liheap,us-oh,LIHEAP-ST-05,REVIEW,REVIEW,2026-09-10,us-oh/policy/acf/liheap-plan/fy2026/1,not read: beyond the six-state sample the preamble caps per element (see the element's PATTERN/mixed verdict); stays REVIEW
liheap,us-ok,LIHEAP-ST-03,REVIEW,REVIEW,2026-09-10,us-ok/policy/acf/liheap-plan/fy2026/1,not read: beyond the six-state sample the preamble caps per element (see the element's PATTERN/mixed verdict); stays REVIEW
liheap,us-ok,LIHEAP-ST-05,REVIEW,REVIEW,2026-09-10,us-ok/policy/acf/liheap-plan/fy2026/1,not read: beyond the six-state sample the preamble caps per element (see the element's PATTERN/mixed verdict); stays REVIEW
liheap,us-or,LIHEAP-ST-03,REVIEW,REVIEW,2026-09-10,us-or/policy/acf/liheap-plan/fy2026/1,not read: beyond the six-state sample the preamble caps per element (see the element's PATTERN/mixed verdict); stays REVIEW
liheap,us-or,LIHEAP-ST-05,REVIEW,REVIEW,2026-09-10,us-or/policy/acf/liheap-plan/fy2026/1,not read: beyond the six-state sample the preamble caps per element (see the element's PATTERN/mixed verdict); stays REVIEW
liheap,us-pa,LIHEAP-ST-03,REVIEW,REVIEW,2026-09-10,us-pa/policy/acf/liheap-plan/fy2026/1,not read: beyond the six-state sample the preamble caps per element (see the element's PATTERN/mixed verdict); stays REVIEW
liheap,us-pa,LIHEAP-ST-05,REVIEW,REVIEW,2026-09-10,us-pa/policy/acf/liheap-plan/fy2026/1,not read: beyond the six-state sample the preamble caps per element (see the element's PATTERN/mixed verdict); stays REVIEW
liheap,us-ri,LIHEAP-ST-03,REVIEW,REVIEW,2026-09-10,us-ri/policy/acf/liheap-plan/fy2026/1,not read: beyond the six-state sample the preamble caps per element (see the element's PATTERN/mixed verdict); stays REVIEW
liheap,us-ri,LIHEAP-ST-05,REVIEW,REVIEW,2026-09-10,us-ri/policy/acf/liheap-plan/fy2026/1,not read: beyond the six-state sample the preamble caps per element (see the element's PATTERN/mixed verdict); stays REVIEW
liheap,us-ri,LIHEAP-ST-09,REVIEW,REVIEW,,,not read: the review row cites no corpus provision (builder note: matrix is a plan attachment not in the extracted PDF; the clearinghouse index lists no policy manual for this state; state agency site not inventoried); stays a research item for the next check
liheap,us-ri,LIHEAP-ST-18,REVIEW,REVIEW,,,not read: the review row cites no corpus provision (builder note: clearinghouse index lists no policy manual for this state; state agency site not inventoried in the queue); stays a research item for the next check
liheap,us-sc,LIHEAP-ST-03,REVIEW,REVIEW,2026-09-10,us-sc/policy/acf/liheap-plan/fy2026/1,not read: beyond the six-state sample the preamble caps per element (see the element's PATTERN/mixed verdict); stays REVIEW
liheap,us-sc,LIHEAP-ST-05,REVIEW,REVIEW,2026-09-10,us-sc/policy/acf/liheap-plan/fy2026/1,not read: beyond the six-state sample the preamble caps per element (see the element's PATTERN/mixed verdict); stays REVIEW
liheap,us-sd,LIHEAP-ST-05,REVIEW,REVIEW,2026-09-10,us-sd/policy/acf/liheap-plan/fy2026/1,not read: beyond the six-state sample the preamble caps per element (see the element's PATTERN/mixed verdict); stays REVIEW
liheap,us-tn,LIHEAP-ST-03,REVIEW,REVIEW,2026-09-10,us-tn/policy/acf/liheap-plan/fy2026/1,not read: beyond the six-state sample the preamble caps per element (see the element's PATTERN/mixed verdict); stays REVIEW
liheap,us-tn,LIHEAP-ST-05,REVIEW,REVIEW,2026-09-10,us-tn/policy/acf/liheap-plan/fy2026/1,not read: beyond the six-state sample the preamble caps per element (see the element's PATTERN/mixed verdict); stays REVIEW
liheap,us-tx,LIHEAP-ST-05,REVIEW,REVIEW,2026-09-10,us-tx/policy/acf/liheap-plan/fy2026/1,not read: beyond the six-state sample the preamble caps per element (see the element's PATTERN/mixed verdict); stays REVIEW
liheap,us-tx,LIHEAP-ST-09,REVIEW,REVIEW,,,not read: the review row cites no corpus provision (builder note: matrix is a plan attachment not in the extracted PDF; the clearinghouse index lists no policy manual for this state; state agency site not inventoried); stays a research item for the next check
liheap,us-tx,LIHEAP-ST-18,REVIEW,REVIEW,,,not read: the review row cites no corpus provision (builder note: clearinghouse index lists no policy manual for this state; state agency site not inventoried in the queue); stays a research item for the next check
liheap,us-ut,LIHEAP-ST-03,REVIEW,REVIEW,2026-09-10,us-ut/policy/acf/liheap-plan/fy2026/1,not read: beyond the six-state sample the preamble caps per element (see the element's PATTERN/mixed verdict); stays REVIEW
liheap,us-ut,LIHEAP-ST-05,REVIEW,REVIEW,2026-09-10,us-ut/policy/acf/liheap-plan/fy2026/1,not read: beyond the six-state sample the preamble caps per element (see the element's PATTERN/mixed verdict); stays REVIEW
liheap,us-va,LIHEAP-ST-03,REVIEW,REVIEW,2026-09-10,us-va/policy/acf/liheap-plan/fy2026/1,not read: beyond the six-state sample the preamble caps per element (see the element's PATTERN/mixed verdict); stays REVIEW
liheap,us-va,LIHEAP-ST-05,REVIEW,REVIEW,2026-09-10,us-va/policy/acf/liheap-plan/fy2026/1,not read: beyond the six-state sample the preamble caps per element (see the element's PATTERN/mixed verdict); stays REVIEW
liheap,us-vt,LIHEAP-ST-03,REVIEW,REVIEW,2026-09-10,us-vt/policy/acf/liheap-plan/fy2026/1,not read: beyond the six-state sample the preamble caps per element (see the element's PATTERN/mixed verdict); stays REVIEW
liheap,us-vt,LIHEAP-ST-05,REVIEW,REVIEW,2026-09-10,us-vt/policy/acf/liheap-plan/fy2026/1,not read: beyond the six-state sample the preamble caps per element (see the element's PATTERN/mixed verdict); stays REVIEW
liheap,us-wa,LIHEAP-ST-03,REVIEW,REVIEW,2026-09-10,us-wa/policy/acf/liheap-plan/fy2026/1,not read: beyond the six-state sample the preamble caps per element (see the element's PATTERN/mixed verdict); stays REVIEW
liheap,us-wa,LIHEAP-ST-05,REVIEW,REVIEW,2026-09-10,us-wa/policy/acf/liheap-plan/fy2026/1,not read: beyond the six-state sample the preamble caps per element (see the element's PATTERN/mixed verdict); stays REVIEW
liheap,us-wi,LIHEAP-ST-05,REVIEW,REVIEW,2026-09-10,us-wi/policy/acf/liheap-plan/fy2026/1,not read: beyond the six-state sample the preamble caps per element (see the element's PATTERN/mixed verdict); stays REVIEW
liheap,us-wv,LIHEAP-ST-05,REVIEW,REVIEW,2026-09-10,us-wv/policy/acf/liheap-plan/fy2026/1,not read: beyond the six-state sample the preamble caps per element (see the element's PATTERN/mixed verdict); stays REVIEW
liheap,us-wy,LIHEAP-ST-03,REVIEW,REVIEW,2026-09-10,us-wy/policy/acf/liheap-plan/fy2026/1,not read: beyond the six-state sample the preamble caps per element (see the element's PATTERN/mixed verdict); stays REVIEW
liheap,us-wy,LIHEAP-ST-05,REVIEW,REVIEW,2026-09-10,us-wy/policy/acf/liheap-plan/fy2026/1,not read: beyond the six-state sample the preamble caps per element (see the element's PATTERN/mixed verdict); stays REVIEW
liheap,us-wy,LIHEAP-ST-09,REVIEW,REVIEW,,,not read: the review row cites no corpus provision (builder note: matrix is a plan attachment not in the extracted PDF; the clearinghouse index lists no policy manual for this state; state agency site not inventoried); stays a research item for the next check
liheap,us-wy,LIHEAP-ST-18,REVIEW,REVIEW,,,not read: the review row cites no corpus provision (builder note: clearinghouse index lists no policy manual for this state; state agency site not inventoried in the queue); stays a research item for the next check
medicare,us-dc,MED-ST-3,REVIEW,REVIEW,2026-09-10-medicaid-state-eligibility-manual,,not read: the review row cites no corpus provision (builder note: 3 MSP rows in the scope but none carries a resource/asset limit or no-resource-test statement near the group term; the figure may sit in a standards chart or appendix outside this scope); stays a research item for the next check
medicare,us-de,MED-ST-3,REVIEW,REVIEW,2026-09-10-medicaid-state-eligibility-manual,,not read: the review row cites no corpus provision (builder note: 9 MSP rows in the scope but none carries a resource/asset limit or no-resource-test statement near the group term; the figure may sit in a standards chart or appendix outside this scope); stays a research item for the next check
medicare,us-fl,MED-ST-7,REVIEW,REVIEW,2026-05-27-fl-ess-manual-r2026-07-15-self-contained,,not read: the review row cites no corpus provision (builder note: 46 MSP rows in the scope but none carries a 2025/2026-dated dollar figure near the group term; the figure may sit in a standards chart or appendix outside this scope); stays a research item for the next check
medicare,us-il,MED-ST-4,REVIEW,REVIEW,2026-05-27-il-cash-snap-medical-manual-r2026-07-15-self-contained,,"not read: the review row cites no corpus provision (builder note: hand-reviewed: the scan's hit (PM 15000 Partnership asset-protection disregard) is not an MSP disregard; the manual index lists PM 06-12-01-c Income Exemption, which should be opened); stays a research item for the next check"
medicare,us-in,MED-ST-7,REVIEW,REVIEW,2026-09-10-medicaid-state-eligibility-manual,,not read: the review row cites no corpus provision (builder note: 46 MSP rows in the scope but none carries a 2025/2026-dated dollar figure near the group term; the figure may sit in a standards chart or appendix outside this scope); stays a research item for the next check
medicare,us-ky,MED-ST-7,REVIEW,REVIEW,2026-09-10-medicaid-state-eligibility-manual,,not read: the review row cites no corpus provision (builder note: 51 MSP rows in the scope but none carries a 2025/2026-dated dollar figure near the group term; the figure may sit in a standards chart or appendix outside this scope); stays a research item for the next check
medicare,us-la,MED-ST-7,REVIEW,REVIEW,2026-09-10-medicaid-state-eligibility-manual,,not read: the review row cites no corpus provision (builder note: 78 MSP rows in the scope but none carries a 2025/2026-dated dollar figure near the group term; the figure may sit in a standards chart or appendix outside this scope); stays a research item for the next check
medicare,us-me,MED-ST-4,REVIEW,REVIEW,2026-09-10-medicaid-state-eligibility-manual,,not read: the review row cites no corpus provision (builder note: 11 MSP rows in the scope but none carries a disregard or SSI-methodology statement near the group term; the figure may sit in a standards chart or appendix outside this scope); stays a research item for the next check
medicare,us-mi,MED-ST-6,REVIEW,REVIEW,2026-07-17-mi-bridges-manual,,not read: the review row cites no corpus provision (builder note: hand-reviewed: the scan's hit is the BEM 101 program-code table; BEM 165 (MSP) should be opened for the cost-sharing payment statement); stays a research item for the next check
medicare,us-mo,MED-ST-7,REVIEW,REVIEW,2026-09-10-medicaid-state-eligibility-manual,,not read: the review row cites no corpus provision (builder note: 95 MSP rows in the scope but none carries a 2025/2026-dated dollar figure near the group term; the figure may sit in a standards chart or appendix outside this scope); stays a research item for the next check
medicare,us-ms,MED-ST-4,REVIEW,REVIEW,2026-09-10-medicaid-state-eligibility-manual,,"not read: the review row cites no corpus provision (builder note: hand-reviewed: the scan's hit is the Disabled Adult Child disregard example (ch. 400 p.20), not an MSP disregard; the MSP budgeting page should be opened); stays a research item for the next check"
medicare,us-nc,MED-ST-4,REVIEW,REVIEW,2026-09-10-medicaid-state-eligibility-manual,,not read: the review row cites no corpus provision (builder note: 52 MSP rows in the scope but none carries a disregard or SSI-methodology statement near the group term; the figure may sit in a standards chart or appendix outside this scope); stays a research item for the next check
medicare,us-nc,MED-ST-6,REVIEW,REVIEW,2026-09-10-medicaid-state-eligibility-manual,,"not read: the review row cites no corpus provision (builder note: hand-reviewed: the scan's hit ('pend to meet a deductible', MA-2160 p.5) is the Medicaid deductible, not Medicare cost-sharing; MA-2130 QMB benefits should be opened); stays a research item for the next check"
medicare,us-nj,MED-ST-4,REVIEW,REVIEW,2026-09-10-medicaid-state-eligibility-manual,,not read: the review row cites no corpus provision (builder note: 5 MSP rows in the scope but none carries a disregard or SSI-methodology statement near the group term; the figure may sit in a standards chart or appendix outside this scope); stays a research item for the next check
medicare,us-nj,MED-ST-6,REVIEW,REVIEW,2026-09-10-medicaid-state-eligibility-manual,,not read: the review row cites no corpus provision (builder note: 5 MSP rows in the scope but none carries a coinsurance/deductible/cost-sharing payment statement near the group term; the figure may sit in a standards chart or appendix outside this scope); stays a research item for the next check
medicare,us-oh,MED-ST-4,REVIEW,REVIEW,2026-09-10-medicaid-state-eligibility-manual,,not read: the review row cites no corpus provision (builder note: 8 MSP rows in the scope but none carries a disregard or SSI-methodology statement near the group term; the figure may sit in a standards chart or appendix outside this scope); stays a research item for the next check
medicare,us-ok,MED-ST-7,REVIEW,REVIEW,2026-09-10-medicaid-state-eligibility-manual,,not read: the review row cites no corpus provision (builder note: 18 MSP rows in the scope but none carries a 2025/2026-dated dollar figure near the group term; the figure may sit in a standards chart or appendix outside this scope); stays a research item for the next check
medicare,us-or,MED-ST-1,REVIEW,REVIEW,,,"not read: the review row cites no corpus provision (builder note: the selected Oregon scope is OAR 410-200 (CHIP/Medicaid MAGI rules, 41 rules) which carries no MSP standard; Oregon's MSP rules sit in OAR chapter 461 / 410-200-0435-0440 region, not taken (OARD, HTTP); stays a research item for the next check"
medicare,us-or,MED-ST-4,REVIEW,REVIEW,,,"not read: the review row cites no corpus provision (builder note: the selected Oregon scope is OAR 410-200 (CHIP/Medicaid MAGI rules, 41 rules) which carries no MSP standard; Oregon's MSP rules sit in OAR chapter 461 / 410-200-0435-0440 region, not taken (OARD, HTTP); stays a research item for the next check"
medicare,us-ri,MED-ST-4,REVIEW,REVIEW,2026-09-10-medicaid-state-eligibility-manual,,"not read: the review row cites no corpus provision (builder note: hand-reviewed: the scan's hit is the LTSS/MAGI 5% disregard table (210-RICR-40-00-3 p.8), not an MSP disregard); stays a research item for the next check"
medicare,us-ut,MED-ST-7,REVIEW,REVIEW,2026-09-10-medicaid-state-eligibility-manual,,not read: the review row cites no corpus provision (builder note: 98 MSP rows in the scope but none carries a 2025/2026-dated dollar figure near the group term; the figure may sit in a standards chart or appendix outside this scope); stays a research item for the next check
medicare,us-vt,MED-ST-4,REVIEW,REVIEW,2026-09-10-medicaid-state-eligibility-manual,,not read: the review row cites no corpus provision (builder note: 5 MSP rows in the scope but none carries a disregard or SSI-methodology statement near the group term; the figure may sit in a standards chart or appendix outside this scope); stays a research item for the next check
medicare,us-wv,MED-ST-7,REVIEW,REVIEW,2026-07-21-wv-income-maintenance-manual,,not read: the review row cites no corpus provision (builder note: 125 MSP rows in the scope but none carries a 2025/2026-dated dollar figure near the group term; the figure may sit in a standards chart or appendix outside this scope); stays a research item for the next check
medicare,us-wy,MED-ST-1,REVIEW,REVIEW,,,"not read: the review row cites no corpus provision (builder note: Medicaid queue needs_review: the WDH Eligibility Online Manual (ecom.wyo.gov, Google Sites) was inventoried (107 policy pages, 17 tables) but not extracted; the selected WY scope is the SNAP/POWER man); stays a research item for the next check"
medicare,us-wy,MED-ST-2,REVIEW,REVIEW,,,"not read: the review row cites no corpus provision (builder note: Medicaid queue needs_review: the WDH Eligibility Online Manual (ecom.wyo.gov, Google Sites) was inventoried (107 policy pages, 17 tables) but not extracted; the selected WY scope is the SNAP/POWER man); stays a research item for the next check"
medicare,us-wy,MED-ST-3,REVIEW,REVIEW,,,"not read: the review row cites no corpus provision (builder note: Medicaid queue needs_review: the WDH Eligibility Online Manual (ecom.wyo.gov, Google Sites) was inventoried (107 policy pages, 17 tables) but not extracted; the selected WY scope is the SNAP/POWER man); stays a research item for the next check"
medicare,us-wy,MED-ST-4,REVIEW,REVIEW,,,"not read: the review row cites no corpus provision (builder note: Medicaid queue needs_review: the WDH Eligibility Online Manual (ecom.wyo.gov, Google Sites) was inventoried (107 policy pages, 17 tables) but not extracted; the selected WY scope is the SNAP/POWER man); stays a research item for the next check"
medicare,us-wy,MED-ST-6,REVIEW,REVIEW,,,"not read: the review row cites no corpus provision (builder note: Medicaid queue needs_review: the WDH Eligibility Online Manual (ecom.wyo.gov, Google Sites) was inventoried (107 policy pages, 17 tables) but not extracted; the selected WY scope is the SNAP/POWER man); stays a research item for the next check"
medicare,us-wy,MED-ST-7,REVIEW,REVIEW,,,"not read: the review row cites no corpus provision (builder note: Medicaid queue needs_review: the WDH Eligibility Online Manual (ecom.wyo.gov, Google Sites) was inventoried (107 policy pages, 17 tables) but not extracted; the selected WY scope is the SNAP/POWER man); stays a research item for the next check"
