id,jurisdiction,programs,action,new_status,scope_version,citation_path,official_url,note
us-ia/guidance/revenue/individual-income-tax/iowa-taxable-income,us-ia,income_tax,EXTRACT-MANIFEST,PRESENT,us-ia/guidance/2026-10-06-w6-income-tax-guidance-ia,us-ia/guidance/revenue/individual-income-tax/iowa-taxable-income,https://revenue.iowa.gov/taxes/tax-guidance/individual-income-tax/1040-expanded-instructions/iowa-taxable-income,extracted 2026-10-06
us-ia/guidance/revenue/individual-income-tax/retirement-income,us-ia,income_tax,EXTRACT-MANIFEST,PRESENT,us-ia/guidance/2026-10-06-w6-income-tax-guidance-ia,us-ia/guidance/revenue/individual-income-tax/retirement-income,https://revenue.iowa.gov/retirement-income-tax-guidance,extracted 2026-10-06
https://revenue.iowa.gov/media/2650/download?inline,us-ia,eitc income_tax,FETCH,PRESENT,us-ia/form/2026-10-06-w6-income-tax-forms-ia,us-ia/form/idr/ty2021/ia-1040-instructions-rev-2023-01-03,https://revenue.iowa.gov/media/2650/download?inline,extracted 2026-10-06
https://revenue.iowa.gov/media/2721/download?inline,us-ia,eitc income_tax,FETCH,PRESENT,us-ia/form/2026-10-06-w6-income-tax-forms-ia,us-ia/form/idr/ty2022/ia-1040-instructions-rev-2023-02-20,https://revenue.iowa.gov/media/2721/download?inline,extracted 2026-10-06
https://revenue.iowa.gov/media/2746/download?inline,us-ia,income_tax,FETCH,PRESENT,us-ia/form/2026-10-06-w6-income-tax-forms-ia,us-ia/form/idr/ty2023/ia-1040,https://revenue.iowa.gov/media/2746/download?inline,extracted 2026-10-06
https://revenue.iowa.gov/media/2748/download?inline,us-ia,income_tax,FETCH,PRESENT,us-ia/form/2026-10-06-w6-income-tax-forms-ia,us-ia/form/idr/ty2023/41-026a-tax-calculation-worksheet-non-joint,https://revenue.iowa.gov/media/2748/download?inline,extracted 2026-10-06
https://revenue.iowa.gov/media/2754/download?inline,us-ia,income_tax,FETCH,PRESENT,us-ia/form/2026-10-06-w6-income-tax-forms-ia,us-ia/form/idr/ty2023/41-145-alternate-tax-worksheet,https://revenue.iowa.gov/media/2754/download?inline,extracted 2026-10-06
https://revenue.iowa.gov/media/3305/download?inline,us-ia,income_tax,FETCH,OUT-OF-SCOPE,,,https://revenue.iowa.gov/media/3305/download?inline,"2021 Iowa Individual Income Tax Annual Statistical Report (IDR Research and Policy Division): statistics, not rules"
https://revenue.iowa.gov/media/3379/download?inline,us-ia,income_tax,FETCH,OUT-OF-SCOPE,,,https://revenue.iowa.gov/media/3379/download?inline,"2022 Iowa Individual Income Tax Annual Statistical Report (IDR Research and Policy Division): statistics, not rules"
https://revenue.iowa.gov/media/4093/download?inline,us-ia,income_tax,FETCH,PRESENT,us-ia/form/2026-10-06-w6-income-tax-forms-ia,us-ia/form/idr/ty2024/41-026a-tax-calculation-worksheet-non-joint,https://revenue.iowa.gov/media/4093/download?inline,extracted 2026-10-06
https://revenue.iowa.gov/media/4152/download?inline,us-ia,eitc income_tax,FETCH,PRESENT,us-ia/form/2026-10-06-w6-income-tax-forms-ia,us-ia/form/idr/ty2024/ia-1040-instructions,https://revenue.iowa.gov/media/4152/download?inline,extracted 2026-10-06
https://revenue.iowa.gov/press-release/2024-10-16/idr-announces-2025-individual-income-tax-brackets-and-interest-rates,us-ia,income_tax,FETCH,PRESENT,us-ia/guidance/2026-10-06-w6-income-tax-guidance-ia,us-ia/guidance/idr/press-releases/2024-10-16-2025-individual-income-tax-brackets,https://revenue.iowa.gov/press-release/2024-10-16/idr-announces-2025-individual-income-tax-brackets-and-interest-rates,extracted 2026-10-06
https://revenue.iowa.gov/sites/default/files/2021-12/IA6251%2841131%29.pdf,us-ia,income_tax,FETCH,PRESENT,us-ia/form/2026-10-06-w6-income-tax-forms-ia,us-ia/form/idr/ty2021/ia-6251,https://revenue.iowa.gov/sites/default/files/2021-12/IA6251%2841131%29.pdf,extracted 2026-10-06
https://revenue.iowa.gov/sites/default/files/2022-01/IA1040%2841-001%29.pdf,us-ia,eitc income_tax,FETCH,PRESENT,us-ia/form/2026-10-06-w6-income-tax-forms-ia,us-ia/form/idr/ty2021/ia-1040,https://revenue.iowa.gov/sites/default/files/2022-01/IA1040%2841-001%29.pdf,extracted 2026-10-06
https://revenue.iowa.gov/sites/default/files/2023-01/2022IA1040%2841001%29.pdf,us-ia,eitc income_tax,FETCH,PRESENT,us-ia/form/2026-10-06-w6-income-tax-forms-ia,us-ia/form/idr/ty2022/ia-1040,https://revenue.iowa.gov/sites/default/files/2023-01/2022IA1040%2841001%29.pdf,extracted 2026-10-06
https://revenue.iowa.gov/sites/default/files/2023-01/IA6251%2841131%29.pdf,us-ia,income_tax,FETCH,PRESENT,us-ia/form/2026-10-06-w6-income-tax-forms-ia,us-ia/form/idr/ty2022/ia-6251,https://revenue.iowa.gov/sites/default/files/2023-01/IA6251%2841131%29.pdf,extracted 2026-10-06
https://revenue.iowa.gov/sites/default/files/2023-11/IA1041Inst%2863002%29.pdf,us-ia,income_tax,FETCH,PRESENT,us-ia/form/2026-10-06-w6-income-tax-forms-ia,us-ia/form/idr/ty2023/ia-1041-instructions,https://revenue.iowa.gov/sites/default/files/2023-11/IA1041Inst%2863002%29.pdf,extracted 2026-10-06
https://revenue.iowa.gov/taxes/tax-guidance/individual-income-tax/1040-expanded-instructions/child-dependent-care-credit,us-ia,income_tax,FETCH,PRESENT,us-ia/guidance/2026-10-06-w6-income-tax-guidance-ia,us-ia/guidance/revenue/individual-income-tax/child-dependent-care-credit,https://revenue.iowa.gov/taxes/tax-guidance/individual-income-tax/1040-expanded-instructions/child-dependent-care-credit,extracted 2026-10-06
https://revenue.iowa.gov/taxes/tax-guidance/individual-income-tax/1040-expanded-instructions/exemption-credits,us-ia,income_tax,FETCH,PRESENT,us-ia/guidance/2026-10-06-w6-income-tax-guidance-ia,us-ia/guidance/revenue/individual-income-tax/exemption-credits,https://revenue.iowa.gov/taxes/tax-guidance/individual-income-tax/1040-expanded-instructions/exemption-credits,extracted 2026-10-06
https://revenue.iowa.gov/taxes/tax-guidance/individual-income-tax/1040-expanded-instructions/ia-1040-schedule-1,us-ia,income_tax,FETCH,PRESENT,us-ia/guidance/2026-10-06-w6-income-tax-guidance-ia,us-ia/guidance/revenue/individual-income-tax/ia-1040-schedule-1,https://revenue.iowa.gov/taxes/tax-guidance/individual-income-tax/1040-expanded-instructions/ia-1040-schedule-1,extracted 2026-10-06
https://revenue.iowa.gov/taxes/tax-guidance/individual-income-tax/1040-expanded-instructions/iowa-earned-income-tax-credit,us-ia,eitc income_tax,FETCH,PRESENT,us-ia/guidance/2026-10-06-w6-income-tax-guidance-ia,us-ia/guidance/revenue/individual-income-tax/iowa-earned-income-tax-credit,https://revenue.iowa.gov/taxes/tax-guidance/individual-income-tax/1040-expanded-instructions/iowa-earned-income-tax-credit,extracted 2026-10-06
https://revenue.iowa.gov/taxes/tax-guidance/individual-income-tax/1040-expanded-instructions/iowa-tax,us-ia,income_tax,FETCH,PRESENT,us-ia/guidance/2026-10-06-w6-income-tax-guidance-ia,us-ia/guidance/revenue/individual-income-tax/iowa-tax,https://revenue.iowa.gov/taxes/tax-guidance/individual-income-tax/1040-expanded-instructions/iowa-tax,extracted 2026-10-06
https://revenue.iowa.gov/taxes/tax-guidance/individual-income-tax/2023-changes-iowa-individual-income-tax,us-ia,income_tax,FETCH,ABSENT,,,https://revenue.iowa.gov/taxes/tax-guidance,the page now redirects to the general Tax Guidance index (https://revenue.iowa.gov/taxes/tax-guidance); the 2023 changes page is no longer published (its alias answers 'no longer available')
https://www.iowatreasurer.gov/the-treasurers-office/news/treasurer-smith-announces-2025-isave-529-state-tax-deduction-amount,us-ia,income_tax,FETCH,PRESENT,us-ia/guidance/2026-10-06-w6-income-tax-guidance-ia,us-ia/guidance/treasurer/news/2025-isave-529-state-tax-deduction-amount,https://www.iowatreasurer.gov/the-treasurers-office/news/treasurer-smith-announces-2025-isave-529-state-tax-deduction-amount,extracted 2026-10-06
https://www.legis.iowa.gov/docs/code/422.7.pdf,us-ia,income_tax,FETCH,ALREADY-HELD,us-ia/statute/2026-07-16-pit-east-us-ia-title-x-chapter-422-r2026-07-24-immutable,us-ia/statute/422.7,,"Iowa Code 422.7 is held (current text, chapter 422 scope)"
https://www.legis.iowa.gov/docs/iac/agency/01-24-2024.701.pdf,us-ia,income_tax,FETCH,ALREADY-HELD,us-ia/regulation/2026-09-14-income-tax-regulations,us-ia/regulation/iac/701,,"the 2024-01-24 IAC agency 701 compilation (1,545 pages, all Revenue rules) is superseded; the current income-tax chapters 300-308 of agency 701 are held from the LSA chapter PDFs; not re-taken"
https://www.legis.iowa.gov/docs/iac/rule/701.302.47.pdf,us-ia,income_tax,FETCH,ALREADY-HELD,us-ia/regulation/2026-09-14-income-tax-regulations,us-ia/regulation/iac/701/302/47,,701-302.47 held in the IAC 701 chapter 302 scope
https://www.legis.iowa.gov/docs/iac/rule/701.304.15.pdf,us-ia,income_tax,FETCH,ALREADY-HELD,us-ia/regulation/2026-09-14-income-tax-regulations,us-ia/regulation/iac/701/304/15,,701-304.15 held in the IAC 701 chapter 304 scope
https://www.legis.iowa.gov/legislation/BillBook?ga=90&ba=SF%202442,us-ia,income_tax,FETCH,PRESENT,us-ia/statute/2026-10-06-w6-income-tax-statute-ia,us-ia/statute/session-laws/2024/sf2442,https://www.legis.iowa.gov/docs/publications/LGE/90/Attachments/SF2442_GovLetter.pdf,extracted 2026-10-06; same document as the bundle address (https://www.legis.iowa.gov/legislation/BillBook?ga=90&ba=SF%202442)
https://content.govdelivery.com/accounts/IACIO/bulletins/3779769,us-ia,income_tax,CHECK-PUBLISHER,PRESENT,us-ia/guidance/2026-10-06-w6-income-tax-guidance-ia,us-ia/guidance/idr/press-releases/2023-2024-individual-income-tax-brackets,https://content.govdelivery.com/accounts/IACIO/bulletins/3779769,extracted 2026-10-06
https://taxsim.nber.org/historical_state_tax_forms/IA/2021/2021%20Expanded%20Instructions_0.pdf,us-ia,income_tax,CHECK-PUBLISHER,PRESENT,us-ia/form/2026-10-06-w6-income-tax-forms-ia,us-ia/form/idr/ty2021/ia-1040-instructions-rev-2023-01-03,https://revenue.iowa.gov/media/2650/download?inline,extracted 2026-10-06; same document as the bundle address (https://taxsim.nber.org/historical_state_tax_forms/IA/2021/2021%20Expanded%20Instructions_0.pdf)
https://taxsim.nber.org/historical_state_tax_forms/IA/2022/2022%20Expanded%20Instructions_022023.pdf,us-ia,income_tax,CHECK-PUBLISHER,PRESENT,us-ia/form/2026-10-06-w6-income-tax-forms-ia,us-ia/form/idr/ty2022/ia-1040-instructions-rev-2023-02-20,https://revenue.iowa.gov/media/2721/download?inline,extracted 2026-10-06; same document as the bundle address (https://taxsim.nber.org/historical_state_tax_forms/IA/2022/2022%20Expanded%20Instructions_022023.pdf)
https://www.isave529.com/save/tax-benefits,us-ia,income_tax,CHECK-PUBLISHER,ALREADY-HELD,us-ia/statute/2026-07-16-pit-east-us-ia-title-x-chapter-422-r2026-07-24-immutable,us-ia/statute/422.7,,"isave529.com is the plan manager's marketing site, not the official publisher; the deduction it describes is Iowa Code 422.7 (held); the 2025 deduction amount is in the Treasurer's notice (PRESENT)"
https://www.law.cornell.edu/regulations/iowa/Iowa-Code-r-701-304.15,us-ia,income_tax,OFFICIAL-SOURCE,ALREADY-HELD,us-ia/regulation/2026-09-14-income-tax-regulations,us-ia/regulation/iac/701/304/15,https://www.legis.iowa.gov/docs/iac/chapter/701.304.pdf,mirror; the official LSA text of 701-304.15 is held
https://revenue.iowa.gov/2023-changes-iowa-individual-income-tax,us-ia,income_tax,BLOCKED-CHECK,ABSENT,,,https://revenue.iowa.gov/2023-changes-iowa-individual-income-tax,"HTTP 403 page 'We can't find that page ... no longer available' (plain and browser user agents, 2026-10-06)"
us-id/form/tax_forms/tax.idaho.gov/wp-content/uploads/forms/efo00086/efo00086_09-15-2021,us-id,income_tax,EXTRACT-MANIFEST,PRESENT,us-id/form/2026-10-06-w6-income-tax-forms-id,us-id/form/istc/ty2021/form-24-efo00086-2021-09-15,https://tax.idaho.gov/wp-content/uploads/forms/EFO00086/EFO00086_09-15-2021.pdf,extracted 2026-10-06
us-id/form/tax_forms/tax.idaho.gov/wp-content/uploads/forms/efo00086/efo00086_12-30-2022,us-id,income_tax,EXTRACT-MANIFEST,PRESENT,us-id/form/2026-10-06-w6-income-tax-forms-id,us-id/form/istc/ty2022/form-24-efo00086-2022-12-30,https://tax.idaho.gov/wp-content/uploads/forms/EFO00086/EFO00086_12-30-2022.pdf,extracted 2026-10-06
us-id/form/tax_forms/tax.idaho.gov/wp-content/uploads/forms/efo00088/efo00088_03-01-2023,us-id,income_tax,EXTRACT-MANIFEST,PRESENT,us-id/form/2026-10-06-w6-income-tax-forms-id,us-id/form/istc/ty2022/form-39r-efo00088-2023-03-01,https://tax.idaho.gov/wp-content/uploads/forms/EFO00088/EFO00088_03-01-2023.pdf,extracted 2026-10-06
us-id/form/tax_forms/tax.idaho.gov/wp-content/uploads/forms/efo00088/efo00088_08-22-2024,us-id,income_tax,EXTRACT-MANIFEST,PRESENT,us-id/form/2026-10-06-w6-income-tax-forms-id,us-id/form/istc/ty2024/form-39r-efo00088-2024-08-22,https://tax.idaho.gov/wp-content/uploads/forms/EFO00088/EFO00088_08-22-2024.pdf,extracted 2026-10-06
us-id/form/tax_forms/tax.idaho.gov/wp-content/uploads/forms/efo00088/efo00088_09-07-2023,us-id,income_tax,EXTRACT-MANIFEST,PRESENT,us-id/form/2026-10-06-w6-income-tax-forms-id,us-id/form/istc/ty2023/form-39r-efo00088-2023-09-07,https://tax.idaho.gov/wp-content/uploads/forms/EFO00088/EFO00088_09-07-2023.pdf,extracted 2026-10-06
us-id/form/tax_forms/tax.idaho.gov/wp-content/uploads/forms/efo00088/efo00088_09-23-2021,us-id,income_tax,EXTRACT-MANIFEST,PRESENT,us-id/form/2026-10-06-w6-income-tax-forms-id,us-id/form/istc/ty2021/form-39r-efo00088-2021-09-23,https://tax.idaho.gov/wp-content/uploads/forms/EFO00088/EFO00088_09-23-2021.pdf,extracted 2026-10-06
us-id/form/tax_forms/tax.idaho.gov/wp-content/uploads/forms/efo00088/efo00088_12-30-2022,us-id,income_tax,EXTRACT-MANIFEST,PRESENT,us-id/form/2026-10-06-w6-income-tax-forms-id,us-id/form/istc/ty2022/form-39r-efo00088-2022-12-30,https://tax.idaho.gov/wp-content/uploads/forms/EFO00088/EFO00088_12-30-2022.pdf,extracted 2026-10-06
us-id/form/tax_forms/tax.idaho.gov/wp-content/uploads/forms/efo00089/efo00089_08-23-2023,us-id,ctc income_tax,EXTRACT-MANIFEST,PRESENT,us-id/form/2026-10-06-w6-income-tax-forms-id,us-id/form/istc/ty2023/form-40-efo00089-2023-08-23,https://tax.idaho.gov/wp-content/uploads/forms/EFO00089/EFO00089_08-23-2023.pdf,extracted 2026-10-06
us-id/form/tax_forms/tax.idaho.gov/wp-content/uploads/forms/efo00089/efo00089_09-23-2021,us-id,income_tax,EXTRACT-MANIFEST,PRESENT,us-id/form/2026-10-06-w6-income-tax-forms-id,us-id/form/istc/ty2021/form-40-efo00089-2021-09-23,https://tax.idaho.gov/wp-content/uploads/forms/EFO00089/EFO00089_09-23-2021.pdf,extracted 2026-10-06
us-id/form/tax_forms/tax.idaho.gov/wp-content/uploads/forms/efo00089/efo00089_12-30-2022,us-id,ctc income_tax,EXTRACT-MANIFEST,PRESENT,us-id/form/2026-10-06-w6-income-tax-forms-id,us-id/form/istc/ty2022/form-40-efo00089-2022-12-30,https://tax.idaho.gov/wp-content/uploads/forms/EFO00089/EFO00089_12-30-2022.pdf,extracted 2026-10-06
us-id/form/tax_forms/tax.idaho.gov/wp-content/uploads/forms/efo00093/efo00093_05-19-2022,us-id,income_tax,EXTRACT-MANIFEST,PRESENT,us-id/form/2026-10-06-w6-income-tax-forms-id,us-id/form/istc/ty2022/form-cg-efo00093-2022-05-19,https://tax.idaho.gov/wp-content/uploads/forms/EFO00093/EFO00093_05-19-2022.pdf,extracted 2026-10-06
us-id/form/tax_forms/tax.idaho.gov/wp-content/uploads/forms/efo00093/efo00093_08-23-2023,us-id,income_tax,EXTRACT-MANIFEST,PRESENT,us-id/form/2026-10-06-w6-income-tax-forms-id,us-id/form/istc/ty2023/form-cg-efo00093-2023-08-23,https://tax.idaho.gov/wp-content/uploads/forms/EFO00093/EFO00093_08-23-2023.pdf,extracted 2026-10-06
us-id/form/tax_forms/tax.idaho.gov/wp-content/uploads/forms/efo00093/efo00093_09-15-2021,us-id,income_tax,EXTRACT-MANIFEST,PRESENT,us-id/form/2026-10-06-w6-income-tax-forms-id,us-id/form/istc/ty2021/form-cg-efo00093-2021-09-15,https://tax.idaho.gov/wp-content/uploads/forms/EFO00093/EFO00093_09-15-2021.pdf,extracted 2026-10-06
us-id/form/tax_forms/tax.idaho.gov/wp-content/uploads/forms/efo00093/efo00093_09-17-2024,us-id,income_tax,EXTRACT-MANIFEST,PRESENT,us-id/form/2026-10-06-w6-income-tax-forms-id,us-id/form/istc/ty2024/form-cg-efo00093-2024-09-17,https://tax.idaho.gov/wp-content/uploads/forms/EFO00093/EFO00093_09-17-2024.pdf,extracted 2026-10-06
us-id/form/tax_forms/tax.idaho.gov/wp-content/uploads/forms/ein00046/ein00046_03-01-2023,us-id,income_tax,EXTRACT-MANIFEST,PRESENT,us-id/form/2026-10-06-w6-income-tax-forms-id,us-id/form/istc/ty2022/individual-income-tax-instructions-ein00046-2023-03-01,https://tax.idaho.gov/wp-content/uploads/forms/EIN00046/EIN00046_03-01-2023.pdf,extracted 2026-10-06
us-id/form/tax_forms/tax.idaho.gov/wp-content/uploads/forms/ein00046/ein00046_10-23-2024,us-id,ctc income_tax,EXTRACT-MANIFEST,PRESENT,us-id/form/2026-10-06-w6-income-tax-forms-id,us-id/form/istc/ty2024/individual-income-tax-instructions-ein00046-2024-10-23,https://tax.idaho.gov/wp-content/uploads/forms/EIN00046/EIN00046_10-23-2024.pdf,extracted 2026-10-06
us-id/form/tax_forms/tax.idaho.gov/wp-content/uploads/forms/ein00046/ein00046_11-06-2023,us-id,income_tax,EXTRACT-MANIFEST,PRESENT,us-id/form/2026-10-06-w6-income-tax-forms-id,us-id/form/istc/ty2023/individual-income-tax-instructions-ein00046-2023-11-06,https://tax.idaho.gov/wp-content/uploads/forms/EIN00046/EIN00046_11-06-2023.pdf,extracted 2026-10-06
us-id/form/tax_forms/tax.idaho.gov/wp-content/uploads/forms/ein00046/ein00046_11-15-2021,us-id,income_tax,EXTRACT-MANIFEST,PRESENT,us-id/form/2026-10-06-w6-income-tax-forms-id,us-id/form/istc/ty2021/individual-income-tax-instructions-ein00046-2021-11-15,https://tax.idaho.gov/wp-content/uploads/forms/EIN00046/EIN00046_11-15-2021.pdf,extracted 2026-10-06
https://legislature.idaho.gov/sessioninfo/2022extra1/legislation/H0001/,us-id,income_tax,FETCH,PRESENT,us-id/statute/2026-10-06-w6-income-tax-statute-id,us-id/statute/session-laws/2022/h0001-legislation-page,https://legislature.idaho.gov/sessioninfo/2022extra1/legislation/H0001/,extracted 2026-10-06
https://legislature.idaho.gov/sessioninfo/2025/legislation/H0040/,us-id,income_tax,FETCH,PRESENT,us-id/statute/2026-10-06-w6-income-tax-statute-id,us-id/statute/session-laws/2025/h0040-legislation-page,https://legislature.idaho.gov/sessioninfo/2025/legislation/H0040/,extracted 2026-10-06
https://legislature.idaho.gov/sessioninfo/2025/legislation/h0231/,us-id,income_tax,FETCH,PRESENT,us-id/statute/2026-10-06-w6-income-tax-statute-id,us-id/statute/session-laws/2025/h0231-legislation-page,https://legislature.idaho.gov/sessioninfo/2025/legislation/h0231/,extracted 2026-10-06
https://legislature.idaho.gov/sessioninfo/2026/legislation/H0559/,us-id,income_tax,FETCH,PRESENT,us-id/statute/2026-10-06-w6-income-tax-statute-id,us-id/statute/session-laws/2026/h0559-legislation-page,https://legislature.idaho.gov/sessioninfo/2026/legislation/H0559/,extracted 2026-10-06
https://legislature.idaho.gov/statutesrules/idstat/Title63/T63CH30/SECT63-3004/,us-id,income_tax,FETCH,ALREADY-HELD,us-id/statute/2026-09-14-income-tax-chapter-us-id-title-63-chapter-30,us-id/statute/63-3004,,Idaho Code 63-3004 held (Title 63 chapter 30 scope)
https://legislature.idaho.gov/statutesrules/idstat/Title63/T63CH30/SECT63-3022/,us-id,income_tax,FETCH,ALREADY-HELD,us-id/statute/2026-09-14-income-tax-chapter-us-id-title-63-chapter-30,us-id/statute/63-3022,,Idaho Code 63-3022 held (Title 63 chapter 30 scope)
https://legislature.idaho.gov/statutesrules/idstat/Title63/T63CH30/SECT63-3029L/,us-id,ctc income_tax,FETCH,ALREADY-HELD,us-id/statute/2026-09-14-income-tax-chapter-us-id-title-63-chapter-30,us-id/statute/63-3029L,,Idaho Code 63-3029L held (Title 63 chapter 30 scope)
https://legislature.idaho.gov/statutesrules/idstat/title63/t63ch30/sect63-3022a/,us-id,income_tax,FETCH,ALREADY-HELD,us-id/statute/2026-09-14-income-tax-chapter-us-id-title-63-chapter-30,us-id/statute/63-3022A,,Idaho Code 63-3022A held (Title 63 chapter 30 scope)
https://legislature.idaho.gov/statutesrules/idstat/title63/t63ch30/sect63-3022d/,us-id,income_tax,FETCH,ALREADY-HELD,us-id/statute/2026-09-14-income-tax-chapter-us-id-title-63-chapter-30,us-id/statute/63-3022D,,Idaho Code 63-3022D held (Title 63 chapter 30 scope)
https://legislature.idaho.gov/statutesrules/idstat/title63/t63ch30/sect63-3022e/,us-id,income_tax,FETCH,ALREADY-HELD,us-id/statute/2026-09-14-income-tax-chapter-us-id-title-63-chapter-30,us-id/statute/63-3022E,,Idaho Code 63-3022E held (Title 63 chapter 30 scope)
https://legislature.idaho.gov/statutesrules/idstat/title63/t63ch30/sect63-3022h/,us-id,income_tax,FETCH,ALREADY-HELD,us-id/statute/2026-09-14-income-tax-chapter-us-id-title-63-chapter-30,us-id/statute/63-3022H,,Idaho Code 63-3022H held (Title 63 chapter 30 scope)
https://legislature.idaho.gov/statutesrules/idstat/title63/t63ch30/sect63-3024/,us-id,income_tax,FETCH,ALREADY-HELD,us-id/statute/2026-09-14-income-tax-chapter-us-id-title-63-chapter-30,us-id/statute/63-3024,,Idaho Code 63-3024 held (Title 63 chapter 30 scope)
https://legislature.idaho.gov/statutesrules/idstat/title63/t63ch30/sect63-3024b/,us-id,income_tax,FETCH,ALREADY-HELD,us-id/statute/2026-09-14-income-tax-chapter-us-id-title-63-chapter-30,us-id/statute/63-3024B,,Idaho Code 63-3024B held (Title 63 chapter 30 scope)
https://legislature.idaho.gov/statutesrules/idstat/title63/t63ch30/sect63-3025d/,us-id,income_tax,FETCH,ALREADY-HELD,us-id/statute/2026-09-14-income-tax-chapter-us-id-title-63-chapter-30,us-id/statute/63-3025D,,Idaho Code 63-3025D held (Title 63 chapter 30 scope)
https://legislature.idaho.gov/wp-content/uploads/sessioninfo/2024/legislation/H0521.pdf,us-id,income_tax,FETCH,PRESENT,us-id/statute/2026-10-06-w6-income-tax-statute-id,us-id/statute/session-laws/2024/h0521,https://legislature.idaho.gov/wp-content/uploads/sessioninfo/2024/legislation/H0521.pdf,extracted 2026-10-06
https://legislature.idaho.gov/wp-content/uploads/sessioninfo/2025/legislation/H0040.pdf,us-id,income_tax,FETCH,PRESENT,us-id/statute/2026-10-06-w6-income-tax-statute-id,us-id/statute/session-laws/2025/h0040,https://legislature.idaho.gov/wp-content/uploads/sessioninfo/2025/legislation/H0040.pdf,extracted 2026-10-06
https://legislature.idaho.gov/wp-content/uploads/sessioninfo/2025/legislation/H0231.pdf,us-id,income_tax,FETCH,PRESENT,us-id/statute/2026-10-06-w6-income-tax-statute-id,us-id/statute/session-laws/2025/h0231,https://legislature.idaho.gov/wp-content/uploads/sessioninfo/2025/legislation/H0231.pdf,extracted 2026-10-06
https://tax.idaho.gov/governance/statutes/irc/,us-id,income_tax,FETCH,PRESENT,us-id/guidance/2026-10-06-w6-income-tax-guidance-id,us-id/guidance/istc/irc-conformity,https://tax.idaho.gov/governance/statutes/irc/,extracted 2026-10-06
https://tax.idaho.gov/pressrelease/update-on-filing-2025-idaho-income-taxes-now-that-conformity-is-law/,us-id,income_tax,FETCH,PRESENT,us-id/guidance/2026-10-06-w6-income-tax-guidance-id,us-id/guidance/istc/press-releases/2026-02-17-filing-2025-income-taxes-conformity,https://tax.idaho.gov/pressrelease/update-on-filing-2025-idaho-income-taxes-now-that-conformity-is-law/,extracted 2026-10-06
https://tax.idaho.gov/taxes/income-tax/individual-income/popular-credits-and-deductions/ideal-college-savings-program/,us-id,income_tax,FETCH,PRESENT,us-id/guidance/2026-10-06-w6-income-tax-guidance-id,us-id/guidance/istc/ideal-college-savings-program,https://tax.idaho.gov/taxes/income-tax/individual-income/popular-credits-and-deductions/ideal-college-savings-program/,extracted 2026-10-06
https://www.cassia.gov/media/Assessor/Forms/Forms_Property/PTR_Tax%20Form-40.pdf,us-id,income_tax,FETCH,PRESENT,us-id/form/2026-10-06-w6-income-tax-forms-id,us-id/form/istc/ty2024/form-40-efo00089-2024-09-04,https://tax.idaho.gov/wp-content/uploads/forms/EFO00089/EFO00089_09-04-2024.pdf,extracted 2026-10-06; same document as the bundle address (https://www.cassia.gov/media/Assessor/Forms/Forms_Property/PTR_Tax%20Form-40.pdf)
https://www.idsaves.org/tax-benefits/,us-id,income_tax,CHECK-PUBLISHER,ALREADY-HELD,us-id/statute/2026-09-14-income-tax-chapter-us-id-title-63-chapter-30,us-id/statute/63-3022,,idsaves.org is the IDeal plan's program site; the deduction is Idaho Code 63-3022 (held); the State Tax Commission's IDeal page is PRESENT
https://law.justia.com/codes/idaho/2022/title-57/chapter-11/section-57-1110/,us-id,income_tax,OFFICIAL-SOURCE,PRESENT,us-id/statute/2026-10-06-w6-income-tax-statute-id,us-id/statute/57-1110,https://legislature.idaho.gov/statutesrules/idstat/Title57/T57CH11/SECT57-1110/,extracted 2026-10-06; same document as the bundle address (https://law.justia.com/codes/idaho/2022/title-57/chapter-11/section-57-1110/)
us-il/regulation/title-86/part-100,us-il,income_tax,EXTRACT-MANIFEST,ALREADY-HELD,us-il/regulation/2026-09-14-income-tax-regulations-title-086-part-00100,us-il/regulation/title-086/chapter-i/part-100,https://www.ilga.gov/ftp/JCAR/AdminCode/086/086001000sections.html,86 Ill. Adm. Code Part 100 held (wave-4 JCAR scope)
https://gov.illinois.gov/newsroom/press-release.25425.html,us-il,income_tax,FETCH,PRESENT,us-il/guidance/2026-10-06-w6-income-tax-guidance-il,us-il/guidance/governor/press-releases/2022-09-12-tax-rebate-payments,https://gov.illinois.gov/newsroom/press-release.25425.html,extracted 2026-10-06
https://tax.illinois.gov/content/dam/soi/en/web/tax/forms/incometax/documents/2021/individual/il-1040-instr.pdf,us-il,income_tax,FETCH,PRESENT,us-il/form/2026-10-06-w6-income-tax-forms-il,us-il/form/idor/ty2021/form-il-1040-instructions,https://tax.illinois.gov/content/dam/soi/en/web/tax/forms/incometax/documents/2021/individual/il-1040-instr.pdf,extracted 2026-10-06
https://tax.illinois.gov/content/dam/soi/en/web/tax/forms/incometax/documents/2022/individual/il-1040-instr.pdf,us-il,income_tax,FETCH,PRESENT,us-il/form/2026-10-06-w6-income-tax-forms-il,us-il/form/idor/ty2022/form-il-1040-instructions,https://tax.illinois.gov/content/dam/soi/en/web/tax/forms/incometax/documents/2022/individual/il-1040-instr.pdf,extracted 2026-10-06
https://tax.illinois.gov/content/dam/soi/en/web/tax/forms/incometax/documents/2023/individual/il-1040-instr.pdf,us-il,income_tax,FETCH,PRESENT,us-il/form/2026-10-06-w6-income-tax-forms-il,us-il/form/idor/ty2023/form-il-1040-instructions,https://tax.illinois.gov/content/dam/soi/en/web/tax/forms/incometax/documents/2023/individual/il-1040-instr.pdf,extracted 2026-10-06
https://tax.illinois.gov/content/dam/soi/en/web/tax/forms/incometax/documents/2024/individual/il-1040-instr.pdf,us-il,income_tax,FETCH,PRESENT,us-il/form/2026-10-06-w6-income-tax-forms-il,us-il/form/idor/ty2024/form-il-1040-instructions,https://tax.illinois.gov/content/dam/soi/en/web/tax/forms/incometax/documents/2024/individual/il-1040-instr.pdf,extracted 2026-10-06
https://tax.illinois.gov/content/dam/soi/en/web/tax/forms/incometax/documents/currentyear/individual/il-1040-schedule-icr.pdf,us-il,income_tax,FETCH,PRESENT,us-il/form/2026-10-06-w6-income-tax-forms-il,us-il/form/idor/ty2025/schedule-icr,https://tax.illinois.gov/content/dam/soi/en/web/tax/forms/incometax/documents/currentyear/individual/il-1040-schedule-icr.pdf,extracted 2026-10-06
https://tax.illinois.gov/content/dam/soi/en/web/tax/forms/incometax/documents/currentyear/individual/il-1040-schedule-il-e-eic.pdf,us-il,ctc eitc income_tax,FETCH,PRESENT,us-il/form/2026-10-06-w6-income-tax-forms-il,us-il/form/idor/ty2025/schedule-il-e-eitc,https://tax.illinois.gov/content/dam/soi/en/web/tax/forms/incometax/documents/currentyear/individual/il-1040-schedule-il-e-eic.pdf,extracted 2026-10-06
https://tax.illinois.gov/content/dam/soi/en/web/tax/research/publications/pubs/documents/pub-120.pdf,us-il,income_tax,FETCH,PRESENT,us-il/guidance/2026-10-06-w6-income-tax-guidance-il,us-il/guidance/idor/pub-120,https://tax.illinois.gov/content/dam/soi/en/web/tax/research/publications/pubs/documents/pub-120.pdf,extracted 2026-10-06
https://tax.illinois.gov/programs/eitc.html,us-il,eitc income_tax,FETCH,PRESENT,us-il/guidance/2026-10-06-w6-income-tax-guidance-il,us-il/guidance/idor/eitc,https://tax.illinois.gov/programs/eitc.html,extracted 2026-10-06
https://tax.illinois.gov/questionsandanswers/answer.206.html,us-il,income_tax,FETCH,PRESENT,us-il/guidance/2026-10-06-w6-income-tax-guidance-il,us-il/guidance/idor/questions-and-answers/206,https://tax.illinois.gov/questionsandanswers/answer.206.html,extracted 2026-10-06
https://tax.illinois.gov/research/taxrates/income.html,us-il,income_tax,FETCH,PRESENT,us-il/guidance/2026-10-06-w6-income-tax-guidance-il,us-il/guidance/idor/income-tax-rates,https://tax.illinois.gov/research/taxrates/income.html,extracted 2026-10-06
https://taxarchive.illinois.gov/content/dam/soi/en/web/taxarchive/forms/income-tax/2019/individual/il-1040-schedule-m.pdf,us-il,income_tax,FETCH,PRESENT,us-il/form/2026-10-06-w6-income-tax-forms-il,us-il/form/idor/ty2019/schedule-m,https://taxarchive.illinois.gov/content/dam/soi/en/web/taxarchive/forms/income-tax/2019/individual/il-1040-schedule-m.pdf,extracted 2026-10-06
https://taxarchive.illinois.gov/content/dam/soi/en/web/taxarchive/forms/income-tax/2021/individual/il-1040-schedule-icr.pdf,us-il,income_tax,FETCH,PRESENT,us-il/form/2026-10-06-w6-income-tax-forms-il,us-il/form/idor/ty2021/schedule-icr,https://taxarchive.illinois.gov/content/dam/soi/en/web/taxarchive/forms/income-tax/2021/individual/il-1040-schedule-icr.pdf,extracted 2026-10-06
https://taxarchive.illinois.gov/content/dam/soi/en/web/taxarchive/forms/income-tax/2021/individual/il-1040-schedule-il-e-eic.pdf,us-il,eitc income_tax,FETCH,PRESENT,us-il/form/2026-10-06-w6-income-tax-forms-il,us-il/form/idor/ty2021/schedule-il-e-eic,https://taxarchive.illinois.gov/content/dam/soi/en/web/taxarchive/forms/income-tax/2021/individual/il-1040-schedule-il-e-eic.pdf,extracted 2026-10-06
https://taxarchive.illinois.gov/content/dam/soi/en/web/taxarchive/forms/income-tax/2021/individual/il-1040.pdf,us-il,income_tax,FETCH,PRESENT,us-il/form/2026-10-06-w6-income-tax-forms-il,us-il/form/idor/ty2021/form-il-1040,https://taxarchive.illinois.gov/content/dam/soi/en/web/taxarchive/forms/income-tax/2021/individual/il-1040.pdf,extracted 2026-10-06
https://taxarchive.illinois.gov/content/dam/soi/en/web/taxarchive/forms/income-tax/2022/individual/il-1040-schedule-icr.pdf,us-il,income_tax,FETCH,PRESENT,us-il/form/2026-10-06-w6-income-tax-forms-il,us-il/form/idor/ty2022/schedule-icr,https://taxarchive.illinois.gov/content/dam/soi/en/web/taxarchive/forms/income-tax/2022/individual/il-1040-schedule-icr.pdf,extracted 2026-10-06
https://taxarchive.illinois.gov/content/dam/soi/en/web/taxarchive/forms/income-tax/2022/individual/il-1040-schedule-il-e-eic.pdf,us-il,eitc income_tax,FETCH,PRESENT,us-il/form/2026-10-06-w6-income-tax-forms-il,us-il/form/idor/ty2022/schedule-il-e-eic,https://taxarchive.illinois.gov/content/dam/soi/en/web/taxarchive/forms/income-tax/2022/individual/il-1040-schedule-il-e-eic.pdf,extracted 2026-10-06
https://taxarchive.illinois.gov/content/dam/soi/en/web/taxarchive/forms/income-tax/2022/individual/il-1040.pdf,us-il,income_tax,FETCH,PRESENT,us-il/form/2026-10-06-w6-income-tax-forms-il,us-il/form/idor/ty2022/form-il-1040,https://taxarchive.illinois.gov/content/dam/soi/en/web/taxarchive/forms/income-tax/2022/individual/il-1040.pdf,extracted 2026-10-06
https://taxarchive.illinois.gov/content/dam/soi/en/web/taxarchive/forms/income-tax/2023/individual/il-1040-schedule-icr.pdf,us-il,income_tax,FETCH,PRESENT,us-il/form/2026-10-06-w6-income-tax-forms-il,us-il/form/idor/ty2023/schedule-icr,https://taxarchive.illinois.gov/content/dam/soi/en/web/taxarchive/forms/income-tax/2023/individual/il-1040-schedule-icr.pdf,extracted 2026-10-06
https://taxarchive.illinois.gov/content/dam/soi/en/web/taxarchive/forms/income-tax/2023/individual/il-1040-schedule-il-e-eic.pdf,us-il,eitc income_tax,FETCH,PRESENT,us-il/form/2026-10-06-w6-income-tax-forms-il,us-il/form/idor/ty2023/schedule-il-e-eitc,https://taxarchive.illinois.gov/content/dam/soi/en/web/taxarchive/forms/income-tax/2023/individual/il-1040-schedule-il-e-eic.pdf,extracted 2026-10-06
https://taxarchive.illinois.gov/content/dam/soi/en/web/taxarchive/forms/income-tax/2023/individual/il-1040.pdf,us-il,income_tax,FETCH,PRESENT,us-il/form/2026-10-06-w6-income-tax-forms-il,us-il/form/idor/ty2023/form-il-1040,https://taxarchive.illinois.gov/content/dam/soi/en/web/taxarchive/forms/income-tax/2023/individual/il-1040.pdf,extracted 2026-10-06
https://taxarchive.illinois.gov/content/dam/soi/en/web/taxarchive/forms/income-tax/2024/individual/il-1040-schedule-icr.pdf,us-il,income_tax,FETCH,PRESENT,us-il/form/2026-10-06-w6-income-tax-forms-il,us-il/form/idor/ty2024/schedule-icr,https://taxarchive.illinois.gov/content/dam/soi/en/web/taxarchive/forms/income-tax/2024/individual/il-1040-schedule-icr.pdf,extracted 2026-10-06
https://taxarchive.illinois.gov/content/dam/soi/en/web/taxarchive/forms/income-tax/2024/individual/il-1040-schedule-il-e-eic.pdf,us-il,ctc eitc income_tax,FETCH,PRESENT,us-il/form/2026-10-06-w6-income-tax-forms-il,us-il/form/idor/ty2024/schedule-il-e-eitc,https://taxarchive.illinois.gov/content/dam/soi/en/web/taxarchive/forms/income-tax/2024/individual/il-1040-schedule-il-e-eic.pdf,extracted 2026-10-06
https://taxarchive.illinois.gov/content/dam/soi/en/web/taxarchive/forms/income-tax/2024/individual/il-1040.pdf,us-il,income_tax,FETCH,PRESENT,us-il/form/2026-10-06-w6-income-tax-forms-il,us-il/form/idor/ty2024/form-il-1040,https://taxarchive.illinois.gov/content/dam/soi/en/web/taxarchive/forms/income-tax/2024/individual/il-1040.pdf,extracted 2026-10-06
https://www.illinois.gov/news/release.html?releaseid=25425,us-il,income_tax,FETCH,PRESENT,us-il/guidance/2026-10-06-w6-income-tax-guidance-il,us-il/guidance/governor/press-releases/2022-09-12-tax-rebate-payments,https://gov.illinois.gov/newsroom/press-release.25425.html,extracted 2026-10-06; same document as the bundle address (https://www.illinois.gov/news/release.html?releaseid=25425)
https://brightstart.com/account/illinois-taxpayer-guide/,us-il,income_tax,CHECK-PUBLISHER,ALREADY-HELD,us-il/statute/2026-07-24-il-individual-income-tax-resident-core,us-il/statute/35/5/203-current,,brightstart.com is the plan's program site; the deduction is 35 ILCS 5/203(a)(2)(Y) (held)
https://ilga.gov/documents/legislation/publicacts/102/102-0700.htm,us-il,income_tax,DEAD-LINK,OUTREACH,,,https://ilga.gov/documents/legislation/publicacts/102/102-0700.htm,"ilga.gov answers HTTP 403 'Access Denied ... Automated Request Blocked' to the corpus client (2026-10-06, one retry; wave-5 recorded the same block); the extractor's browser user agent receives the page, which a reviewer may allow; not worked around"
https://witnessslips.ilga.gov/legislation/ilcs/ilcs5.asp?ActID=577&ChapterID=8,us-il,income_tax,DEAD-LINK,OUTREACH,,,https://witnessslips.ilga.gov/legislation/ilcs/ilcs5.asp?ActID=577&ChapterID=8,"ilga.gov answers HTTP 403 'Access Denied ... Automated Request Blocked' to the corpus client (2026-10-06, one retry; wave-5 recorded the same block); the extractor's browser user agent receives the page, which a reviewer may allow; not worked around; 7 sections of 35 ILCS 5 are held in the resident core"
https://www.ilga.gov/Documents/legislation/103/HB/10300HB4917.htm,us-il,income_tax,DEAD-LINK,OUTREACH,,,https://www.ilga.gov/Documents/legislation/103/HB/10300HB4917.htm,"ilga.gov answers HTTP 403 'Access Denied ... Automated Request Blocked' to the corpus client (2026-10-06, one retry; wave-5 recorded the same block); the extractor's browser user agent receives the page, which a reviewer may allow; not worked around"
https://www.ilga.gov/Documents/legislation/ilcs/documents/003500050K244.htm,us-il,ctc income_tax,DEAD-LINK,ALREADY-HELD,us-il/statute/2026-07-24-il-individual-income-tax-resident-core,us-il/statute/35/5/244-current,,35 ILCS 5/244 held (resident core)
https://www.ilga.gov/Documents/legislation/publicacts/102/PDF/102-0700.pdf,us-il,income_tax,DEAD-LINK,OUTREACH,,,https://www.ilga.gov/Documents/legislation/publicacts/102/PDF/102-0700.pdf,"ilga.gov answers HTTP 403 'Access Denied ... Automated Request Blocked' to the corpus client (2026-10-06, one retry; wave-5 recorded the same block); the extractor's browser user agent receives the page, which a reviewer may allow; not worked around"
https://www.ilga.gov/Legislation/ILCS/fulltext.asp?DocName=003500050K212&SeqStart=15400000&SeqEnd=16000000,us-il,eitc income_tax,DEAD-LINK,ALREADY-HELD,us-il/statute/2026-07-24-il-individual-income-tax-resident-core,us-il/statute/35/5/212-current,,35 ILCS 5/212 held (resident core)
https://www.ilga.gov/Legislation/PublicActs/Fulltext.asp?Name=102-0700&GA=102,us-il,eitc income_tax,DEAD-LINK,OUTREACH,,,https://www.ilga.gov/Legislation/PublicActs/Fulltext.asp?Name=102-0700&GA=102,"ilga.gov answers HTTP 403 'Access Denied ... Automated Request Blocked' to the corpus client (2026-10-06, one retry; wave-5 recorded the same block); the extractor's browser user agent receives the page, which a reviewer may allow; not worked around"
https://www.ilga.gov/documents/legislation/ilcs/documents/003500050K208.htm,us-il,income_tax,DEAD-LINK,ALREADY-HELD,us-il/statute/2026-07-24-il-individual-income-tax-resident-core,us-il/statute/35/5/208-current,,35 ILCS 5/208 held (resident core)
https://www.ilga.gov/legislation/ilcs/fulltext.asp?DocName=003500050K212,us-il,income_tax,DEAD-LINK,ALREADY-HELD,us-il/statute/2026-07-24-il-individual-income-tax-resident-core,us-il/statute/35/5/212-current,,35 ILCS 5/212 held (resident core)
https://www.ilga.gov/legislation/ilcs/ilcs5.asp?ActID=577&ChapterID=8,us-il,income_tax,DEAD-LINK,OUTREACH,,,https://www.ilga.gov/legislation/ilcs/ilcs5.asp?ActID=577&ChapterID=8,"ilga.gov answers HTTP 403 'Access Denied ... Automated Request Blocked' to the corpus client (2026-10-06, one retry; wave-5 recorded the same block); the extractor's browser user agent receives the page, which a reviewer may allow; not worked around; 7 sections of 35 ILCS 5 are held in the resident core"
http://iga.in.gov/legislative/laws/2021/ic/titles/006,us-in,income_tax,FETCH,ALREADY-HELD,us-in/statute/2026-07-16-pit-east-us-in-title-6,us-in/statute/6,,IC Title 6 is held as its 2025 edition (iga.in.gov/ic/2025/Title_6.html); the earlier-year title pages are the IGA JavaScript application and serve no text
http://iga.in.gov/legislative/laws/2021/ic/titles/6,us-in,income_tax,FETCH,ALREADY-HELD,us-in/statute/2026-07-16-pit-east-us-in-title-6,us-in/statute/6,,IC Title 6 is held as its 2025 edition (iga.in.gov/ic/2025/Title_6.html); the earlier-year title pages are the IGA JavaScript application and serve no text
https://iga.in.gov/laws/2021/ic/titles/6,us-in,eitc income_tax,FETCH,ALREADY-HELD,us-in/statute/2026-07-16-pit-east-us-in-title-6,us-in/statute/6,,IC Title 6 is held as its 2025 edition (iga.in.gov/ic/2025/Title_6.html); the earlier-year title pages are the IGA JavaScript application and serve no text
https://iga.in.gov/laws/2022/ic/titles/6,us-in,income_tax,FETCH,ALREADY-HELD,us-in/statute/2026-07-16-pit-east-us-in-title-6,us-in/statute/6,,IC Title 6 is held as its 2025 edition (iga.in.gov/ic/2025/Title_6.html); the earlier-year title pages are the IGA JavaScript application and serve no text
https://iga.in.gov/laws/2024/ic/titles/6,us-in,eitc income_tax,FETCH,ALREADY-HELD,us-in/statute/2026-07-16-pit-east-us-in-title-6,us-in/statute/6,,IC Title 6 is held as its 2025 edition (iga.in.gov/ic/2025/Title_6.html); the earlier-year title pages are the IGA JavaScript application and serve no text
https://iga.in.gov/legislative/2025/bills/senate/243,us-in,eitc income_tax,FETCH,OUTREACH,,,https://iga.in.gov/legislative/2025/bills/senate/243,the IGA bill page is a JavaScript application (691-byte shell to the corpus client); no enrolled-act link in the served HTML for the 2025 SB 243
https://iga.in.gov/legislative/2026/bills/senate/243,us-in,income_tax,FETCH,PRESENT,us-in/statute/2026-10-06-w6-income-tax-statute-in,us-in/statute/session-laws/2026/sb0243,https://iga.in.gov/pdf-documents/124/2026/senate/bills/SB0243/SB0243.05.ENRH.pdf,extracted 2026-10-06; same document as the bundle address (https://iga.in.gov/legislative/2026/bills/senate/243)
https://iga.in.gov/pdf-documents/124/2026/senate/bills/SB0243/SB0243.05.ENRH.pdf,us-in,income_tax,FETCH,PRESENT,us-in/statute/2026-10-06-w6-income-tax-statute-in,us-in/statute/session-laws/2026/sb0243,https://iga.in.gov/pdf-documents/124/2026/senate/bills/SB0243/SB0243.05.ENRH.pdf,extracted 2026-10-06
https://www.in.gov/dor/files/ib117.pdf,us-in,income_tax,FETCH,PRESENT,us-in/guidance/2026-10-06-w6-income-tax-guidance-in,us-in/guidance/dor/income-tax-information-bulletin-117,https://www.in.gov/dor/files/ib117.pdf,extracted 2026-10-06
https://www.in.gov/dor/files/ib98.pdf,us-in,income_tax,FETCH,PRESENT,us-in/guidance/2026-10-06-w6-income-tax-guidance-in,us-in/guidance/dor/income-tax-information-bulletin-98,https://www.in.gov/dor/files/ib98.pdf,extracted 2026-10-06
https://www.in.gov/dor/tax-forms/individual/individual-prior-year/2023-individual-tax-forms/,us-in,income_tax,FETCH,PRESENT,us-in/guidance/2026-10-06-w6-income-tax-guidance-in,us-in/guidance/dor/2023-individual-tax-forms,https://www.in.gov/dor/tax-forms/individual/individual-prior-year/2023-individual-tax-forms/,extracted 2026-10-06
https://law.justia.com/codes/indiana/2022/title-4/article-10/chapter-22/,us-in,income_tax,OFFICIAL-SOURCE,PRESENT,us-in/statute/2026-10-06-w6-income-tax-statute-in-us-in-title-4,us-in/statute/4-10-22,https://iga.in.gov/ic/2026/2026-Indiana-Code-html.zip,"mirror; IC 4-10-22 (use of excess reserves; automatic taxpayer refund) extracted from the General Assembly's 2026 Indiana Code HTML release with the indiana-code adapter (Title 4, manifests/us-in-w6-indiana-code-title-4.yaml)"
https://law.justia.com/codes/indiana/2022/title-4/article-10/chapter-22/section-4-10-22-2/,us-in,income_tax,OFFICIAL-SOURCE,PRESENT,us-in/statute/2026-10-06-w6-income-tax-statute-in-us-in-title-4,us-in/statute/4-10-22-2,https://iga.in.gov/ic/2026/2026-Indiana-Code-html.zip,"mirror; IC 4-10-22 (use of excess reserves; automatic taxpayer refund) extracted from the General Assembly's 2026 Indiana Code HTML release with the indiana-code adapter (Title 4, manifests/us-in-w6-indiana-code-title-4.yaml)"
https://law.justia.com/codes/indiana/2022/title-4/article-10/chapter-22/section-4-10-22-4/,us-in,income_tax,OFFICIAL-SOURCE,PRESENT,us-in/statute/2026-10-06-w6-income-tax-statute-in-us-in-title-4,us-in/statute/4-10-22-4,https://iga.in.gov/ic/2026/2026-Indiana-Code-html.zip,"mirror; IC 4-10-22 (use of excess reserves; automatic taxpayer refund) extracted from the General Assembly's 2026 Indiana Code HTML release with the indiana-code adapter (Title 4, manifests/us-in-w6-indiana-code-title-4.yaml)"
https://law.justia.com/codes/indiana/title-6/article-3/chapter-1/section-6-3-1-3-5/,us-in,income_tax,OFFICIAL-SOURCE,ALREADY-HELD,us-in/statute/2026-07-16-pit-east-us-in-title-6,us-in/statute/6-3-1-3.5,,mirror; IC 6-3-1-3.5 held (official IGA 2025 edition)
us-ks/guidance/revenue/notice-24-08,us-ks,income_tax,EXTRACT-MANIFEST,PRESENT,us-ks/guidance/2026-10-06-w6-income-tax-guidance-ks,us-ks/guidance/revenue/notice-24-08,https://ksrevenue.gov/taxnotices/notice24-08.pdf,extracted 2026-10-06
us-ks/guidance/revenue/notice-24-09,us-ks,income_tax,EXTRACT-MANIFEST,PRESENT,us-ks/guidance/2026-10-06-w6-income-tax-guidance-ks,us-ks/guidance/revenue/notice-24-09,https://ksrevenue.gov/taxnotices/notice24-09.pdf,extracted 2026-10-06
https://kslegislature.gov/b2023_24/laws/079_000_0000_chapter/079_032_0000_article/079_032_0205_section/079_032_0205_k/,us-ks,eitc income_tax,FETCH,ALREADY-HELD,us-ks/statute/2026-07-16-pit-west-us-ks-chapter-79-article-32,us-ks/statute/79-32-205,,"K.S.A. 79-32-205 held (current Revisor text, chapter 79 article 32 scope); the Legislature's biennium page is an earlier edition of the same section"
https://kslegislature.gov/b2023_24/laws/079_000_0000_chapter/079_032_0000_article/079_032_0271_section/079_032_0271_k/,us-ks,income_tax,FETCH,ALREADY-HELD,us-ks/statute/2026-07-16-pit-west-us-ks-chapter-79-article-32,us-ks/statute/79-32-271,,"K.S.A. 79-32-271 held (current Revisor text, chapter 79 article 32 scope); the Legislature's biennium page is an earlier edition of the same section"
https://kslegislature.gov/li/b2025_26/measures/documents/hb2231_01_0000.pdf?,us-ks,income_tax,FETCH,PRESENT,us-ks/statute/2026-10-06-w6-income-tax-statute-ks,us-ks/statute/session-laws/2025/hb2231,https://kslegislature.gov/li/b2025_26/measures/documents/hb2231_01_0000.pdf?,extracted 2026-10-06
https://kslegislature.gov/li_2022/b2021_22/measures/hb2106/,us-ks,income_tax,FETCH,PRESENT,us-ks/statute/2026-10-06-w6-income-tax-statute-ks,us-ks/statute/session-laws/2021/hb2106,https://kslegislature.gov/li_2022/b2021_22/measures/hb2106/,extracted 2026-10-06
https://kslegislature.gov/li_2022/b2021_22/statute/079_000_0000_chapter/079_032_0000_article/079_032_0110_section/079_032_0110_k/,us-ks,income_tax,FETCH,ALREADY-HELD,us-ks/statute/2026-07-16-pit-west-us-ks-chapter-79-article-32,us-ks/statute/79-32-110,,"K.S.A. 79-32-110 held (current Revisor text, chapter 79 article 32 scope); the Legislature's biennium page is an earlier edition of the same section"
https://kslegislature.gov/li_2022/b2021_22/statute/079_000_0000_chapter/079_032_0000_article/079_032_0111c_section/079_032_0111c_k/,us-ks,income_tax,FETCH,ALREADY-HELD,us-ks/statute/2026-07-16-pit-west-us-ks-chapter-79-article-32,us-ks/statute/79-32-111c,,"K.S.A. 79-32-111c held (current Revisor text, chapter 79 article 32 scope); the Legislature's biennium page is an earlier edition of the same section"
https://kslegislature.gov/li_2022/b2021_22/statute/079_000_0000_chapter/079_032_0000_article/079_032_0119_section/079_032_0119_k/,us-ks,income_tax,FETCH,ALREADY-HELD,us-ks/statute/2026-07-16-pit-west-us-ks-chapter-79-article-32,us-ks/statute/79-32-119,,"K.S.A. 79-32-119 held (current Revisor text, chapter 79 article 32 scope); the Legislature's biennium page is an earlier edition of the same section"
https://ksrevisor.gov/statutes/chapters/ch79/079_032_0117.html,us-ks,income_tax,FETCH,ALREADY-HELD,us-ks/statute/2026-07-16-pit-west-us-ks-chapter-79-article-32,us-ks/statute/79-32-117,,"K.S.A. 79-32-117 held (current Revisor text, chapter 79 article 32 scope)"
https://ksrevisor.gov/statutes/chapters/ch79/079_032_0121.html,us-ks,income_tax,FETCH,ALREADY-HELD,us-ks/statute/2026-07-16-pit-west-us-ks-chapter-79-article-32,us-ks/statute/79-32-121,,"K.S.A. 79-32-121 held (current Revisor text, chapter 79 article 32 scope)"
https://www.kansasstatetreasurer.ks.gov/learn_quest.html,us-ks,income_tax,FETCH,PRESENT,us-ks/guidance/2026-10-06-w6-income-tax-guidance-ks,us-ks/guidance/treasurer/quest529-savings-program,https://www.kansasstatetreasurer.ks.gov/learn_quest.html,extracted 2026-10-06
https://www.ksrevenue.gov/faqs-taxii.html,us-ks,income_tax,FETCH,PRESENT,us-ks/guidance/2026-10-06-w6-income-tax-guidance-ks,us-ks/guidance/revenue/faqs-individual-income-tax,https://www.ksrevenue.gov/faqs-taxii.html,extracted 2026-10-06
https://www.ksrevenue.gov/pdf/ip21.pdf,us-ks,eitc income_tax,FETCH,PRESENT,us-ks/form/2026-10-06-w6-income-tax-forms-ks,us-ks/form/kdor/ty2021/individual-income-tax-instruction-booklet,https://www.ksrevenue.gov/pdf/ip21.pdf,extracted 2026-10-06
https://www.ksrevenue.gov/pdf/ip22.pdf,us-ks,eitc income_tax,FETCH,PRESENT,us-ks/form/2026-10-06-w6-income-tax-forms-ks,us-ks/form/kdor/ty2022/individual-income-tax-instruction-booklet,https://www.ksrevenue.gov/pdf/ip22.pdf,extracted 2026-10-06
https://www.ksrevenue.gov/pdf/ip23.pdf,us-ks,eitc income_tax,FETCH,PRESENT,us-ks/form/2026-10-06-w6-income-tax-forms-ks,us-ks/form/kdor/ty2023/individual-income-tax-instruction-booklet,https://www.ksrevenue.gov/pdf/ip23.pdf,extracted 2026-10-06
https://www.ksrevenue.gov/pdf/ip24.pdf,us-ks,eitc income_tax,FETCH,PRESENT,us-ks/form/2026-10-06-w6-income-tax-forms-ks,us-ks/form/kdor/ty2024/individual-income-tax-instruction-booklet,https://www.ksrevenue.gov/pdf/ip24.pdf,extracted 2026-10-06
https://www.ksrevenue.gov/pdf/k-4023.pdf,us-ks,income_tax,FETCH,PRESENT,us-ks/form/2026-10-06-w6-income-tax-forms-ks,us-ks/form/kdor/ty2023/form-k-40,https://www.ksrevenue.gov/pdf/k-4023.pdf,extracted 2026-10-06
https://www.ksrevenue.gov/pdf/k-4024.pdf,us-ks,income_tax,FETCH,PRESENT,us-ks/form/2026-10-06-w6-income-tax-forms-ks,us-ks/form/kdor/ty2024/form-k-40,https://www.ksrevenue.gov/pdf/k-4024.pdf,extracted 2026-10-06
http://www.kslegislature.org/li_2022/b2021_22/statute/079_000_0000_chapter/079_032_0000_article/079_032_0271_section/079_032_0271_k/,us-ks,income_tax,CHECK-PUBLISHER,ALREADY-HELD,us-ks/statute/2026-07-16-pit-west-us-ks-chapter-79-article-32,us-ks/statute/79-32-271,,"K.S.A. 79-32-271 held (current Revisor text, chapter 79 article 32 scope); the Legislature's biennium page is an earlier edition of the same section"
https://law.justia.com/codes/kansas/chapter-79/article-32/section-79-32-121/,us-ks,income_tax,OFFICIAL-SOURCE,ALREADY-HELD,us-ks/statute/2026-07-16-pit-west-us-ks-chapter-79-article-32,us-ks/statute/79-32-121,,"K.S.A. 79-32-121 held (current Revisor text, chapter 79 article 32 scope); mirror"
https://apps.legislature.ky.gov/record/25rs/hb1.html,us-ky,income_tax,FETCH,PRESENT,us-ky/statute/2026-10-06-w6-income-tax-statute-ky,us-ky/statute/session-laws/2025/hb1-record,https://apps.legislature.ky.gov/record/25rs/hb1.html,extracted 2026-10-06
https://apps.legislature.ky.gov/recorddocuments/bill/25RS/hb1/bill.pdf,us-ky,income_tax,FETCH,PRESENT,us-ky/statute/2026-10-06-w6-income-tax-statute-ky,us-ky/statute/session-laws/2025/hb1,https://apps.legislature.ky.gov/recorddocuments/bill/25RS/hb1/bill.pdf,extracted 2026-10-06
https://revenue.ky.gov/Forms/2001_42A740P.pdf,us-ky,income_tax,FETCH,PRESENT,us-ky/form/2026-10-06-w6-income-tax-forms-ky,us-ky/form/dor/ty2001/schedule-p,https://revenue.ky.gov/Forms/2001_42A740P.pdf,extracted 2026-10-06
https://revenue.ky.gov/Forms/2002_42A740P.pdf,us-ky,income_tax,FETCH,PRESENT,us-ky/form/2026-10-06-w6-income-tax-forms-ky,us-ky/form/dor/ty2002/schedule-p,https://revenue.ky.gov/Forms/2002_42A740P.pdf,extracted 2026-10-06
https://revenue.ky.gov/Forms/2003_42A740P.pdf,us-ky,income_tax,FETCH,PRESENT,us-ky/form/2026-10-06-w6-income-tax-forms-ky,us-ky/form/dor/ty2003/schedule-p,https://revenue.ky.gov/Forms/2003_42A740P.pdf,extracted 2026-10-06
https://revenue.ky.gov/Forms/2004_42A740P.pdf,us-ky,income_tax,FETCH,PRESENT,us-ky/form/2026-10-06-w6-income-tax-forms-ky,us-ky/form/dor/ty2004/schedule-p,https://revenue.ky.gov/Forms/2004_42A740P.pdf,extracted 2026-10-06
https://revenue.ky.gov/Forms/2005_42A740P.pdf,us-ky,income_tax,FETCH,PRESENT,us-ky/form/2026-10-06-w6-income-tax-forms-ky,us-ky/form/dor/ty2005/schedule-p,https://revenue.ky.gov/Forms/2005_42A740P.pdf,extracted 2026-10-06
https://revenue.ky.gov/Forms/740%20(2025).pdf,us-ky,income_tax,FETCH,PRESENT,us-ky/form/2026-10-06-w6-income-tax-forms-ky,us-ky/form/dor/ty2025/form-740,https://revenue.ky.gov/Forms/740%20(2025).pdf,extracted 2026-10-06
https://revenue.ky.gov/Forms/740%20Packet%20Instructions%202023.pdf,us-ky,income_tax,FETCH,PRESENT,us-ky/form/2026-10-06-w6-income-tax-forms-ky,us-ky/form/dor/ty2023/form-740-instructions,https://revenue.ky.gov/Forms/740%20Packet%20Instructions%202023.pdf,extracted 2026-10-06
https://revenue.ky.gov/Forms/740%20Packet%20Instructions%205-9-23.pdf,us-ky,income_tax,FETCH,PRESENT,us-ky/form/2026-10-06-w6-income-tax-forms-ky,us-ky/form/dor/ty2022/form-740-instructions-rev-2023-05-09,https://revenue.ky.gov/Forms/740%20Packet%20Instructions%205-9-23.pdf,extracted 2026-10-06
https://revenue.ky.gov/Forms/740%20Packet%20Instructions.pdf,us-ky,income_tax,FETCH,PRESENT,us-ky/form/2026-10-06-w6-income-tax-forms-ky,us-ky/form/dor/ty2025/form-740-instructions,https://revenue.ky.gov/Forms/740%20Packet%20Instructions.pdf,extracted 2026-10-06
https://revenue.ky.gov/Forms/740%20instructions%20packet%20(2024).pdf,us-ky,income_tax,FETCH,PRESENT,us-ky/form/2026-10-06-w6-income-tax-forms-ky,us-ky/form/dor/ty2024/form-740-instructions,https://revenue.ky.gov/Forms/740%20instructions%20packet%20(2024).pdf,extracted 2026-10-06
https://revenue.ky.gov/Forms/740-ES%20Instructions%203-21-23.pdf,us-ky,income_tax,FETCH,PRESENT,us-ky/form/2026-10-06-w6-income-tax-forms-ky,us-ky/form/dor/ty2023/form-740-es-instructions,https://revenue.ky.gov/Forms/740-ES%20Instructions%203-21-23.pdf,extracted 2026-10-06
https://revenue.ky.gov/Forms/8863-K%20(2025).pdf,us-ky,income_tax,FETCH,PRESENT,us-ky/form/2026-10-06-w6-income-tax-forms-ky,us-ky/form/dor/ty2025/form-8863-k,https://revenue.ky.gov/Forms/8863-K%20(2025).pdf,extracted 2026-10-06
https://revenue.ky.gov/Forms/Form%20740%205-9-23.pdf,us-ky,income_tax,FETCH,PRESENT,us-ky/form/2026-10-06-w6-income-tax-forms-ky,us-ky/form/dor/ty2022/form-740-rev-2023-05-09,https://revenue.ky.gov/Forms/Form%20740%205-9-23.pdf,extracted 2026-10-06
https://revenue.ky.gov/Forms/Form%20740%20Schedule%20A%202022.pdf,us-ky,income_tax,FETCH,PRESENT,us-ky/form/2026-10-06-w6-income-tax-forms-ky,us-ky/form/dor/ty2022/schedule-a,https://revenue.ky.gov/Forms/Form%20740%20Schedule%20A%202022.pdf,extracted 2026-10-06
https://revenue.ky.gov/Forms/Form%20740-2021.pdf,us-ky,income_tax,FETCH,PRESENT,us-ky/form/2026-10-06-w6-income-tax-forms-ky,us-ky/form/dor/ty2021/form-740,https://revenue.ky.gov/Forms/Form%20740-2021.pdf,extracted 2026-10-06
https://revenue.ky.gov/Forms/Form%208863-K%202022.pdf,us-ky,income_tax,FETCH,PRESENT,us-ky/form/2026-10-06-w6-income-tax-forms-ky,us-ky/form/dor/ty2022/form-8863-k,https://revenue.ky.gov/Forms/Form%208863-K%202022.pdf,extracted 2026-10-06
https://revenue.ky.gov/Forms/Form%208863-K%202023.pdf,us-ky,income_tax,FETCH,PRESENT,us-ky/form/2026-10-06-w6-income-tax-forms-ky,us-ky/form/dor/ty2023/form-8863-k,https://revenue.ky.gov/Forms/Form%208863-K%202023.pdf,extracted 2026-10-06
https://revenue.ky.gov/Forms/Schedule%20ITC%20(2025).pdf,us-ky,income_tax,FETCH,PRESENT,us-ky/form/2026-10-06-w6-income-tax-forms-ky,us-ky/form/dor/ty2025/schedule-itc,https://revenue.ky.gov/Forms/Schedule%20ITC%20(2025).pdf,extracted 2026-10-06
https://revenue.ky.gov/Forms/Schedule%20ITC%202022.pdf,us-ky,income_tax,FETCH,PRESENT,us-ky/form/2026-10-06-w6-income-tax-forms-ky,us-ky/form/dor/ty2022/schedule-itc,https://revenue.ky.gov/Forms/Schedule%20ITC%202022.pdf,extracted 2026-10-06
https://revenue.ky.gov/Forms/Schedule%20ITC%202023.pdf,us-ky,income_tax,FETCH,PRESENT,us-ky/form/2026-10-06-w6-income-tax-forms-ky,us-ky/form/dor/ty2023/schedule-itc,https://revenue.ky.gov/Forms/Schedule%20ITC%202023.pdf,extracted 2026-10-06
https://revenue.ky.gov/Forms/Schedule%20ITC-2021.pdf,us-ky,income_tax,FETCH,PRESENT,us-ky/form/2026-10-06-w6-income-tax-forms-ky,us-ky/form/dor/ty2021/schedule-itc,https://revenue.ky.gov/Forms/Schedule%20ITC-2021.pdf,extracted 2026-10-06
https://revenue.ky.gov/Forms/Schedule%20M%202022.pdf,us-ky,income_tax,FETCH,PRESENT,us-ky/form/2026-10-06-w6-income-tax-forms-ky,us-ky/form/dor/ty2022/schedule-m,https://revenue.ky.gov/Forms/Schedule%20M%202022.pdf,extracted 2026-10-06
https://revenue.ky.gov/Forms/Schedule%20M%202023.pdf,us-ky,income_tax,FETCH,PRESENT,us-ky/form/2026-10-06-w6-income-tax-forms-ky,us-ky/form/dor/ty2023/schedule-m,https://revenue.ky.gov/Forms/Schedule%20M%202023.pdf,extracted 2026-10-06
https://revenue.ky.gov/Forms/Schedule%20M-2021.pdf,us-ky,income_tax,FETCH,PRESENT,us-ky/form/2026-10-06-w6-income-tax-forms-ky,us-ky/form/dor/ty2021/schedule-m,https://revenue.ky.gov/Forms/Schedule%20M-2021.pdf,extracted 2026-10-06
https://revenue.ky.gov/Forms/Schedule%20P%20(2025).pdf,us-ky,income_tax,FETCH,PRESENT,us-ky/form/2026-10-06-w6-income-tax-forms-ky,us-ky/form/dor/ty2025/schedule-p,https://revenue.ky.gov/Forms/Schedule%20P%20(2025).pdf,extracted 2026-10-06
https://revenue.ky.gov/Forms/Schedule%20P%202018.pdf,us-ky,income_tax,FETCH,PRESENT,us-ky/form/2026-10-06-w6-income-tax-forms-ky,us-ky/form/dor/ty2018/schedule-p,https://revenue.ky.gov/Forms/Schedule%20P%202018.pdf,extracted 2026-10-06
https://revenue.ky.gov/Forms/Schedule%20P%202022.pdf,us-ky,income_tax,FETCH,PRESENT,us-ky/form/2026-10-06-w6-income-tax-forms-ky,us-ky/form/dor/ty2022/schedule-p,https://revenue.ky.gov/Forms/Schedule%20P%202022.pdf,extracted 2026-10-06
https://revenue.ky.gov/Forms/Schedule%20P%202023.pdf,us-ky,income_tax,FETCH,PRESENT,us-ky/form/2026-10-06-w6-income-tax-forms-ky,us-ky/form/dor/ty2023/schedule-p,https://revenue.ky.gov/Forms/Schedule%20P%202023.pdf,extracted 2026-10-06
https://revenue.ky.gov/News/Pages/DOR-Announces-Updates-to-Individual-Income-Tax-for-2023-Tax-Year.aspx,us-ky,income_tax,FETCH,PRESENT,us-ky/guidance/2026-10-06-w6-income-tax-guidance-ky,us-ky/guidance/dor/news/2022-09-21-individual-income-tax-updates-2023,https://revenue.ky.gov/News/Pages/DOR-Announces-Updates-to-Individual-Income-Tax-for-2023-Tax-Year.aspx,extracted 2026-10-06
https://revenue.ky.gov/News/Pages/Kentucky-DOR-Announces-2025-Standard-Deduction.aspx,us-ky,income_tax,FETCH,PRESENT,us-ky/guidance/2026-10-06-w6-income-tax-guidance-ky,us-ky/guidance/dor/news/2025-standard-deduction,https://revenue.ky.gov/News/Pages/Kentucky-DOR-Announces-2025-Standard-Deduction.aspx,extracted 2026-10-06
https://taxsim.nber.org/historical_state_tax_forms/KY/2021/Form%20740%20Packet%20Instructions-2021.pdf,us-ky,income_tax,CHECK-PUBLISHER,PRESENT,us-ky/form/2026-10-06-w6-income-tax-forms-ky,us-ky/form/dor/ty2021/form-740-instructions,https://revenue.ky.gov/Forms/Form%20740%20Packet%20Instructions-2021.pdf,extracted 2026-10-06; same document as the bundle address (https://taxsim.nber.org/historical_state_tax_forms/KY/2021/Form%20740%20Packet%20Instructions-2021.pdf)
https://codes.findlaw.com/ky/title-xi-revenue-and-taxation/ky-rev-st-sect-141-066.html,us-ky,income_tax,OFFICIAL-SOURCE,ALREADY-HELD,us-ky/statute/2026-09-14-income-tax-chapter,us-ky/statute/krs/141.066,,mirror; KRS 141.066 held (LRC chapter 141 scope)
https://www.taxformfinder.org/forms/2021/2021-kentucky-form-740.pdf,us-ky,income_tax,OFFICIAL-SOURCE,PRESENT,us-ky/form/2026-10-06-w6-income-tax-forms-ky,us-ky/form/dor/ty2021/form-740,https://revenue.ky.gov/Forms/Form%20740-2021.pdf,extracted 2026-10-06; same document as the bundle address (https://www.taxformfinder.org/forms/2021/2021-kentucky-form-740.pdf)
https://revenue.ky.gov/Forms/1999_42a740p.pdf,us-ky,income_tax,DEAD-LINK,ABSENT,,,https://revenue.ky.gov/Forms/1999_42a740p.pdf,"HTTP 404 'File Not Found' (also with the upper-case 42A740P spelling the 2001-2005 files use, 2026-10-06); the Forms library serves Schedule P from 2001"
https://revenue.ky.gov/Forms/2000_42a740p.pdf,us-ky,income_tax,DEAD-LINK,ABSENT,,,https://revenue.ky.gov/Forms/2000_42a740p.pdf,"HTTP 404 'File Not Found' (also with the upper-case 42A740P spelling the 2001-2005 files use, 2026-10-06); the Forms library serves Schedule P from 2001"
https://dam.ldr.la.gov/lawspolicies/RIB%2026-019.pdf,us-la,income_tax,FETCH,PRESENT,us-la/guidance/2026-10-06-w6-income-tax-guidance-la,us-la/guidance/ldr/rib-26-019,https://dam.ldr.la.gov/lawspolicies/RIB%2026-019.pdf,extracted 2026-10-06
https://dam.ldr.la.gov/taxforms/6935(11_02)F.pdf,us-la,income_tax,FETCH,PRESENT,us-la/form/2026-10-06-w6-income-tax-forms-la,us-la/form/ldr/r-6935-tax-computation-worksheet-rev-2002-11,https://dam.ldr.la.gov/taxforms/6935(11_02)F.pdf,extracted 2026-10-06
https://dam.ldr.la.gov/taxforms/IT-540-WEB-2021-F.pdf,us-la,income_tax,FETCH,PRESENT,us-la/form/2026-10-06-w6-income-tax-forms-la,us-la/form/ldr/ty2021/form-it-540,https://dam.ldr.la.gov/taxforms/IT-540-WEB-2021-F.pdf,extracted 2026-10-06
https://dam.ldr.la.gov/taxforms/IT-540-WEB-2022-F.pdf,us-la,income_tax,FETCH,PRESENT,us-la/form/2026-10-06-w6-income-tax-forms-la,us-la/form/ldr/ty2022/form-it-540,https://dam.ldr.la.gov/taxforms/IT-540-WEB-2022-F.pdf,extracted 2026-10-06
https://dam.ldr.la.gov/taxforms/IT540(2022)%20Tax%20Table.pdf,us-la,income_tax,FETCH,PRESENT,us-la/form/2026-10-06-w6-income-tax-forms-la,us-la/form/ldr/ty2022/tax-table,https://dam.ldr.la.gov/taxforms/IT540(2022)%20Tax%20Table.pdf,extracted 2026-10-06
https://dam.ldr.la.gov/taxforms/IT540(2023)%20TT.pdf,us-la,income_tax,FETCH,PRESENT,us-la/form/2026-10-06-w6-income-tax-forms-la,us-la/form/ldr/ty2023/tax-table,https://dam.ldr.la.gov/taxforms/IT540(2023)%20TT.pdf,extracted 2026-10-06
https://dam.ldr.la.gov/taxforms/IT540WEB(2022)%20F%20D2.pdf,us-la,income_tax,FETCH,PRESENT,us-la/form/2026-10-06-w6-income-tax-forms-la,us-la/form/ldr/ty2022/form-it-540-d2,https://dam.ldr.la.gov/taxforms/IT540WEB(2022)%20F%20D2.pdf,extracted 2026-10-06
https://dam.ldr.la.gov/taxforms/IT540WEB(2023)%20F.pdf,us-la,eitc income_tax,FETCH,PRESENT,us-la/form/2026-10-06-w6-income-tax-forms-la,us-la/form/ldr/ty2023/form-it-540,https://dam.ldr.la.gov/taxforms/IT540WEB(2023)%20F.pdf,extracted 2026-10-06
https://dam.ldr.la.gov/taxforms/IT540i%20WEB%20(2024)D18%20INSTRUCTIONS.pdf,us-la,eitc income_tax,FETCH,PRESENT,us-la/form/2026-10-06-w6-income-tax-forms-la,us-la/form/ldr/ty2024/form-it-540-instructions,https://dam.ldr.la.gov/taxforms/IT540i%20WEB%20(2024)D18%20INSTRUCTIONS.pdf,extracted 2026-10-06
https://dam.ldr.la.gov/taxforms/IT540i%20WEB(2023)%20INSTRUCTIONS.pdf,us-la,income_tax,FETCH,PRESENT,us-la/form/2026-10-06-w6-income-tax-forms-la,us-la/form/ldr/ty2023/form-it-540-instructions,https://dam.ldr.la.gov/taxforms/IT540i%20WEB(2023)%20INSTRUCTIONS.pdf,extracted 2026-10-06
https://dam.ldr.la.gov/taxforms/IT540i%20WEB(2025)D11.pdf,us-la,eitc income_tax,FETCH,PRESENT,us-la/form/2026-10-06-w6-income-tax-forms-la,us-la/form/ldr/ty2025/form-it-540-instructions-d11,https://dam.ldr.la.gov/taxforms/IT540i%20WEB(2025)D11.pdf,extracted 2026-10-06
https://dam.ldr.la.gov/taxforms/IT540i(2021)%20Instructions.pdf,us-la,income_tax,FETCH,PRESENT,us-la/form/2026-10-06-w6-income-tax-forms-la,us-la/form/ldr/ty2021/form-it-540-instructions,https://dam.ldr.la.gov/taxforms/IT540i(2021)%20Instructions.pdf,extracted 2026-10-06
https://dam.ldr.la.gov/taxforms/IT540iWEB(2022)D1.pdf,us-la,eitc income_tax,FETCH,PRESENT,us-la/form/2026-10-06-w6-income-tax-forms-la,us-la/form/ldr/ty2022/form-it-540-instructions,https://dam.ldr.la.gov/taxforms/IT540iWEB(2022)D1.pdf,extracted 2026-10-06
https://legis.la.gov/Legis/Law.aspx?d=101769,us-la,income_tax,FETCH,ALREADY-HELD,us-la/statute/2026-07-22-la-title-47-official-current-us-la-title-47,us-la/statute/47:297.4,,La. R.S. 47:297.4 held (Title 47 scope; Law.aspx?d=101769)
https://legis.la.gov/Legis/Law.aspx?d=453233,us-la,income_tax,FETCH,ALREADY-HELD,us-la/statute/2026-07-22-la-title-47-official-current-us-la-title-47,us-la/statute/47:6104,,La. R.S. 47:6104 held (Title 47 scope; Law.aspx?d=453233)
https://revenue.louisiana.gov/individuals/general-resources/school-readiness-credit/,us-la,income_tax,FETCH,PRESENT,us-la/guidance/2026-10-06-w6-income-tax-guidance-la,us-la/guidance/ldr/school-readiness-credit,https://revenue.louisiana.gov/individuals/general-resources/school-readiness-credit/,extracted 2026-10-06
https://revenue.louisiana.gov/tax-education-and-faqs/faqs/income-tax-reform/what-are-the-individual-income-tax-rates-and-brackets/,us-la,income_tax,FETCH,PRESENT,us-la/guidance/2026-10-06-w6-income-tax-guidance-la,us-la/guidance/ldr/faqs/income-tax-reform/individual-income-tax-rates-and-brackets,https://revenue.louisiana.gov/tax-education-and-faqs/faqs/income-tax-reform/what-are-the-individual-income-tax-rates-and-brackets/,extracted 2026-10-06
https://www.bls.gov/news.release/archives/cpi_01132026.htm,us-la,income_tax,FETCH,OUT-OF-SCOPE,,,https://www.bls.gov/news.release/archives/cpi_01132026.htm,"BLS Consumer Price Index news release (December 2025 data): a federal statistical release, not a Louisiana rule"
https://www.legis.la.gov/Legis/Law.aspx?d=101760,us-la,income_tax,FETCH,ALREADY-HELD,us-la/statute/2026-07-22-la-title-47-official-current-us-la-title-47,us-la/statute/47:293,,La. R.S. 47:293 held (Title 47 scope; Law.aspx?d=101760)
https://www.legis.la.gov/legis/Law.aspx?d=101760,us-la,income_tax,FETCH,ALREADY-HELD,us-la/statute/2026-07-22-la-title-47-official-current-us-la-title-47,us-la/statute/47:293,,La. R.S. 47:293 held (Title 47 scope; Law.aspx?d=101760)
https://www.legis.la.gov/legis/Law.aspx?d=101761,us-la,income_tax,FETCH,ALREADY-HELD,us-la/statute/2026-07-22-la-title-47-official-current-us-la-title-47,us-la/statute/47:294,,La. R.S. 47:294 held (Title 47 scope; Law.aspx?d=101761)
https://www.legis.la.gov/legis/Law.aspx?d=101946,us-la,income_tax,FETCH,ALREADY-HELD,us-la/statute/2026-07-22-la-title-47-official-current-us-la-title-47,us-la/statute/47:32,,La. R.S. 47:32 held (Title 47 scope; Law.aspx?d=101946)
https://www.legis.la.gov/legis/Law.aspx?d=102133,us-la,income_tax,FETCH,ALREADY-HELD,us-la/statute/2026-07-22-la-title-47-official-current-us-la-title-47,us-la/statute/47:44.1,,La. R.S. 47:44.1 held (Title 47 scope; Law.aspx?d=102133)
https://www.legis.la.gov/legis/Law.aspx?d=102518,us-la,income_tax,FETCH,ALREADY-HELD,us-la/statute/2026-07-22-la-title-47-official-current-us-la-title-47,us-la/statute/47:79,,La. R.S. 47:79 held (Title 47 scope; Law.aspx?d=102518)
https://www.legis.la.gov/legis/Law.aspx?d=453085,us-la,eitc income_tax,FETCH,ALREADY-HELD,us-la/statute/2026-07-22-la-title-47-official-current-us-la-title-47,us-la/statute/47:297.8,,La. R.S. 47:297.8 held (Title 47 scope; Law.aspx?d=453085)
https://www.startsaving.la.gov/startfaqs.aspx,us-la,income_tax,FETCH,PRESENT,us-la/guidance/2026-10-06-w6-income-tax-guidance-la,us-la/guidance/losfa/start-faqs,https://www.startsaving.la.gov/startfaqs.aspx,extracted 2026-10-06
https://law.justia.com/codes/louisiana/2021/revised-statutes/title-47/rs-298/,us-la,income_tax,OFFICIAL-SOURCE,ALREADY-HELD,us-la/statute/2026-07-22-la-title-47-official-current-us-la-title-47,us-la/statute/47:298,,"mirror; La. R.S. 47:298 held (repealed by Acts 2021, No. 395, eff. 2022-01-01, as the official page prints)"
https://law.justia.com/codes/louisiana/revised-statutes/title-47/rs-47-293/,us-la,income_tax,OFFICIAL-SOURCE,ALREADY-HELD,us-la/statute/2026-07-22-la-title-47-official-current-us-la-title-47,us-la/statute/47:293,,mirror; La. R.S. 47:293 held
us-ma/guidance/department-of-revenue/tir-02-21,us-ma,income_tax,EXTRACT-MANIFEST,PRESENT,us-ma/guidance/2026-10-06-w6-income-tax-guidance-ma,us-ma/guidance/department-of-revenue/tir-02-21,https://www.mass.gov/technical-information-release/tir-02-21-capital-gains-and-losses-massachusetts-tax-law-changes,extracted 2026-10-06
https://law.justia.com/codes/massachusetts/2022/part-i/title-ix/chapter-62/section-6/,us-ma,income_tax,OFFICIAL-SOURCE,ALREADY-HELD,us-ma/statute/2026-09-15-income-tax-chapter-us-ma-part-i-title-ix-chapter-62,us-ma/statute/62/6,,"mirror; M.G.L. c. 62, s. 6 held"
https://malegislature.gov/Bills/191/H86,us-ma,income_tax,DEAD-LINK,PRESENT,us-ma/statute/2026-10-06-w6-income-tax-statute-ma,us-ma/statute/session-laws/2019/h86,https://malegislature.gov/Bills/191/H86,extracted 2026-10-06
https://malegislature.gov/Bills/193/H4104/BillHistory,us-ma,income_tax,DEAD-LINK,PRESENT,us-ma/statute/2026-10-06-w6-income-tax-statute-ma,us-ma/statute/session-laws/2023/h4104-bill-history,https://malegislature.gov/Bills/193/H4104/BillHistory,extracted 2026-10-06
https://malegislature.gov/Laws/GeneralLaws/PartI/TitleIX/Chapter62/Section2,us-ma,income_tax,DEAD-LINK,ALREADY-HELD,us-ma/statute/2026-09-15-income-tax-chapter-us-ma-part-i-title-ix-chapter-62,us-ma/statute/62/2,,"M.G.L. c. 62, s. 2 held (chapter 62 scope)"
https://malegislature.gov/Laws/GeneralLaws/PartI/TitleIX/Chapter62/Section3,us-ma,income_tax,DEAD-LINK,ALREADY-HELD,us-ma/statute/2026-09-15-income-tax-chapter-us-ma-part-i-title-ix-chapter-62,us-ma/statute/62/3,,"M.G.L. c. 62, s. 3 held (chapter 62 scope)"
https://malegislature.gov/Laws/GeneralLaws/PartI/TitleIX/Chapter62/Section4,us-ma,income_tax,DEAD-LINK,ALREADY-HELD,us-ma/statute/2026-09-15-income-tax-chapter-us-ma-part-i-title-ix-chapter-62,us-ma/statute/62/4,,"M.G.L. c. 62, s. 4 held (chapter 62 scope)"
https://malegislature.gov/Laws/GeneralLaws/PartI/TitleIX/Chapter62/Section5,us-ma,income_tax,DEAD-LINK,ALREADY-HELD,us-ma/statute/2026-09-15-income-tax-chapter-us-ma-part-i-title-ix-chapter-62,us-ma/statute/62/5,,"M.G.L. c. 62, s. 5 held (chapter 62 scope)"
https://malegislature.gov/Laws/GeneralLaws/PartI/TitleIX/Chapter62/Section6,us-ma,income_tax,DEAD-LINK,ALREADY-HELD,us-ma/statute/2026-09-15-income-tax-chapter-us-ma-part-i-title-ix-chapter-62,us-ma/statute/62/6,,"M.G.L. c. 62, s. 6 held (chapter 62 scope)"
https://malegislature.gov/Laws/GeneralLaws/PartI/TitleIX/Chapter62/Section9,us-ma,income_tax,DEAD-LINK,ALREADY-HELD,us-ma/statute/2026-09-15-income-tax-chapter-us-ma-part-i-title-ix-chapter-62,us-ma/statute/62/9,,"M.G.L. c. 62, s. 9 held (chapter 62 scope)"
https://malegislature.gov/Laws/GeneralLaws/PartI/TitleIX/Chapter62/section4,us-ma,income_tax,DEAD-LINK,ALREADY-HELD,us-ma/statute/2026-09-15-income-tax-chapter-us-ma-part-i-title-ix-chapter-62,us-ma/statute/62/4,,"M.G.L. c. 62, s. 4 held (chapter 62 scope)"
https://malegislature.gov/Laws/SessionLaws/Acts/2023/Chapter50,us-ma,income_tax,DEAD-LINK,PRESENT,us-ma/statute/2026-10-06-w6-income-tax-statute-ma,us-ma/statute/session-laws/2023/chapter-50,https://malegislature.gov/Laws/SessionLaws/Acts/2023/Chapter50,extracted 2026-10-06
https://www.mass.gov/audit/audit-of-the-determination-of-whether-net-state-tax-revenues-exceeded-allowable-state-tax-revenues-0,us-ma,income_tax,BLOCKED-CHECK,PRESENT,us-ma/guidance/2026-10-06-w6-income-tax-guidance-ma,us-ma/guidance/state-auditor/determination-net-state-tax-revenues-exceeded-allowable-fy2022,https://www.mass.gov/audit/audit-of-the-determination-of-whether-net-state-tax-revenues-exceeded-allowable-state-tax-revenues-0,extracted 2026-10-06
https://www.mass.gov/doc/2011-form-1-instructions/download,us-ma,income_tax,BLOCKED-CHECK,ABSENT,,,https://www.mass.gov/doc/2011-form-1-instructions/download,"HTTP 404 (plain and chrome120, 2026-10-06); mass.gov's personal income tax forms page (/info-details/personal-income-tax-forms-and-instructions) lists 2022 (forms only, no Form 1 instructions) and 2023-2025; no earlier year is published"
https://www.mass.gov/doc/2012-form-1-instructions/download,us-ma,income_tax,BLOCKED-CHECK,ABSENT,,,https://www.mass.gov/doc/2012-form-1-instructions/download,"HTTP 404 (plain and chrome120, 2026-10-06); mass.gov's personal income tax forms page (/info-details/personal-income-tax-forms-and-instructions) lists 2022 (forms only, no Form 1 instructions) and 2023-2025; no earlier year is published"
https://www.mass.gov/doc/2013-form-1-instructions/download,us-ma,income_tax,BLOCKED-CHECK,ABSENT,,,https://www.mass.gov/doc/2013-form-1-instructions/download,"HTTP 404 (plain and chrome120, 2026-10-06); mass.gov's personal income tax forms page (/info-details/personal-income-tax-forms-and-instructions) lists 2022 (forms only, no Form 1 instructions) and 2023-2025; no earlier year is published"
https://www.mass.gov/doc/2014-form-1-instructions/download,us-ma,income_tax,BLOCKED-CHECK,ABSENT,,,https://www.mass.gov/doc/2014-form-1-instructions/download,"HTTP 404 (plain and chrome120, 2026-10-06); mass.gov's personal income tax forms page (/info-details/personal-income-tax-forms-and-instructions) lists 2022 (forms only, no Form 1 instructions) and 2023-2025; no earlier year is published"
https://www.mass.gov/doc/2015-form-1-instructions/download,us-ma,income_tax,BLOCKED-CHECK,ABSENT,,,https://www.mass.gov/doc/2015-form-1-instructions/download,"HTTP 404 (plain and chrome120, 2026-10-06); mass.gov's personal income tax forms page (/info-details/personal-income-tax-forms-and-instructions) lists 2022 (forms only, no Form 1 instructions) and 2023-2025; no earlier year is published"
https://www.mass.gov/doc/2016-form-1-instructions/download,us-ma,income_tax,BLOCKED-CHECK,ABSENT,,,https://www.mass.gov/doc/2016-form-1-instructions/download,"HTTP 404 (plain and chrome120, 2026-10-06); mass.gov's personal income tax forms page (/info-details/personal-income-tax-forms-and-instructions) lists 2022 (forms only, no Form 1 instructions) and 2023-2025; no earlier year is published"
https://www.mass.gov/doc/2017-form-1-instructions/download,us-ma,income_tax,BLOCKED-CHECK,ABSENT,,,https://www.mass.gov/doc/2017-form-1-instructions/download,"HTTP 404 (plain and chrome120, 2026-10-06); mass.gov's personal income tax forms page (/info-details/personal-income-tax-forms-and-instructions) lists 2022 (forms only, no Form 1 instructions) and 2023-2025; no earlier year is published"
https://www.mass.gov/doc/2018-form-1-instructions/download,us-ma,income_tax,BLOCKED-CHECK,ABSENT,,,https://www.mass.gov/doc/2018-form-1-instructions/download,"HTTP 404 (plain and chrome120, 2026-10-06); mass.gov's personal income tax forms page (/info-details/personal-income-tax-forms-and-instructions) lists 2022 (forms only, no Form 1 instructions) and 2023-2025; no earlier year is published"
https://www.mass.gov/doc/2019-form-1-instructions/download,us-ma,income_tax,BLOCKED-CHECK,ABSENT,,,https://www.mass.gov/doc/2019-form-1-instructions/download,"HTTP 404 (plain and chrome120, 2026-10-06); mass.gov's personal income tax forms page (/info-details/personal-income-tax-forms-and-instructions) lists 2022 (forms only, no Form 1 instructions) and 2023-2025; no earlier year is published"
https://www.mass.gov/doc/2020-form-1-instructions/download,us-ma,income_tax,BLOCKED-CHECK,ABSENT,,,https://www.mass.gov/doc/2020-form-1-instructions/download,"HTTP 404 (plain and chrome120, 2026-10-06); mass.gov's personal income tax forms page (/info-details/personal-income-tax-forms-and-instructions) lists 2022 (forms only, no Form 1 instructions) and 2023-2025; no earlier year is published"
https://www.mass.gov/doc/2021-form-1-instructions/download,us-ma,income_tax,BLOCKED-CHECK,ABSENT,,,https://www.mass.gov/doc/2021-form-1-instructions/download,"HTTP 404 (plain and chrome120, 2026-10-06); mass.gov's personal income tax forms page (/info-details/personal-income-tax-forms-and-instructions) lists 2022 (forms only, no Form 1 instructions) and 2023-2025; no earlier year is published"
https://www.mass.gov/doc/2021-form-1-massachusetts-resident-income-tax-return/download,us-ma,income_tax,BLOCKED-CHECK,ABSENT,,,https://www.mass.gov/doc/2021-form-1-massachusetts-resident-income-tax-return/download,"HTTP 404 (plain and chrome120, 2026-10-06); mass.gov's forms page lists 2022-2025 only (the 2021 list redirects to the general forms page)"
https://www.mass.gov/doc/2021-schedule-b-interest-dividends-and-certain-capital-gains-and-losses/download,us-ma,income_tax,BLOCKED-CHECK,ABSENT,,,https://www.mass.gov/doc/2021-schedule-b-interest-dividends-and-certain-capital-gains-and-losses/download,"HTTP 404 (plain and chrome120, 2026-10-06); mass.gov's forms page lists 2022-2025 only (the 2021 list redirects to the general forms page)"
https://www.mass.gov/doc/2021-schedule-nts-l-nrpy-no-tax-status-and-limited-income-credit/download,us-ma,income_tax,BLOCKED-CHECK,ABSENT,,,https://www.mass.gov/doc/2021-schedule-nts-l-nrpy-no-tax-status-and-limited-income-credit/download,"HTTP 404 (plain and chrome120, 2026-10-06); mass.gov's forms page lists 2022-2025 only (the 2021 list redirects to the general forms page)"
https://www.mass.gov/doc/2022-form-1-instructions/download,us-ma,eitc income_tax,BLOCKED-CHECK,ABSENT,,,https://www.mass.gov/doc/2022-form-1-instructions/download,"HTTP 404 (plain and chrome120, 2026-10-06); mass.gov's personal income tax forms page (/info-details/personal-income-tax-forms-and-instructions) lists 2022 (forms only, no Form 1 instructions) and 2023-2025; no earlier year is published"
https://www.mass.gov/doc/2022-form-1-massachusetts-resident-income-tax-return/download,us-ma,income_tax,BLOCKED-CHECK,PRESENT,us-ma/form/2026-10-06-w6-income-tax-forms-ma,us-ma/form/dor/ty2022/form-1,https://www.mass.gov/doc/2022-form-1-massachusetts-resident-income-tax-return/download,extracted 2026-10-06
https://www.mass.gov/doc/2022-schedule-cb-circuit-breaker-credit/download,us-ma,income_tax,BLOCKED-CHECK,PRESENT,us-ma/form/2026-10-06-w6-income-tax-forms-ma,us-ma/form/dor/ty2022/schedule-cb,https://www.mass.gov/doc/2022-schedule-cb-circuit-breaker-credit/download,extracted 2026-10-06
https://www.mass.gov/doc/2023-form-1-instructions/download,us-ma,eitc income_tax,BLOCKED-CHECK,PRESENT,us-ma/form/2026-10-06-w6-income-tax-forms-ma,us-ma/form/dor/ty2023/form-1-instructions,https://www.mass.gov/doc/2023-form-1-instructions/download,extracted 2026-10-06
https://www.mass.gov/doc/2023-schedule-cb-circuit-breaker-credit/download,us-ma,income_tax,BLOCKED-CHECK,PRESENT,us-ma/form/2026-10-06-w6-income-tax-forms-ma,us-ma/form/dor/ty2023/schedule-cb,https://www.mass.gov/doc/2023-schedule-cb-circuit-breaker-credit/download,extracted 2026-10-06
https://www.mass.gov/doc/2024-form-1-instructions/download,us-ma,eitc income_tax,BLOCKED-CHECK,PRESENT,us-ma/form/2026-10-06-w6-income-tax-forms-ma,us-ma/form/dor/ty2024/form-1-instructions,https://www.mass.gov/doc/2024-form-1-instructions/download,extracted 2026-10-06
https://www.mass.gov/doc/2025-schedule-cb-circuit-breaker-credit/download,us-ma,income_tax,BLOCKED-CHECK,PRESENT,us-ma/form/2026-10-06-w6-income-tax-forms-ma,us-ma/form/dor/ty2025/schedule-cb,https://www.mass.gov/doc/2025-schedule-cb-circuit-breaker-credit/download,extracted 2026-10-06
https://www.mass.gov/info-details/covid-19-essential-employee-premium-pay-program,us-ma,income_tax,BLOCKED-CHECK,PRESENT,us-ma/guidance/2026-10-06-w6-income-tax-guidance-ma,us-ma/guidance/executive-office-for-administration-and-finance/covid-19-essential-employee-premium-pay-program,https://www.mass.gov/info-details/covid-19-essential-employee-premium-pay-program,extracted 2026-10-06
https://www.mass.gov/info-details/filing-status-on-massachusetts-personal-income-tax,us-ma,income_tax,BLOCKED-CHECK,PRESENT,us-ma/guidance/2026-10-06-w6-income-tax-guidance-ma,us-ma/guidance/department-of-revenue/filing-status-on-personal-income-tax,https://www.mass.gov/info-details/filing-status-on-massachusetts-personal-income-tax,extracted 2026-10-06
https://www.mass.gov/info-details/mass-general-laws-c62-ss-2,us-ma,income_tax,BLOCKED-CHECK,ALREADY-HELD,us-ma/statute/2026-09-15-income-tax-chapter-us-ma-part-i-title-ix-chapter-62,us-ma/statute/62/2,,"Trial Court Law Libraries' reproduction of M.G.L. c. 62, s. 2; the General Court's text is held"
https://www.mass.gov/info-details/mass-general-laws-c62-ss-3,us-ma,income_tax,BLOCKED-CHECK,ALREADY-HELD,us-ma/statute/2026-09-15-income-tax-chapter-us-ma-part-i-title-ix-chapter-62,us-ma/statute/62/3,,"Trial Court Law Libraries' reproduction of M.G.L. c. 62, s. 3; the General Court's text is held"
https://www.mass.gov/info-details/mass-general-laws-c62-ss-6,us-ma,eitc income_tax,BLOCKED-CHECK,ALREADY-HELD,us-ma/statute/2026-09-15-income-tax-chapter-us-ma-part-i-title-ix-chapter-62,us-ma/statute/62/6,,"Trial Court Law Libraries' reproduction of M.G.L. c. 62, s. 6; the General Court's text is held"
https://www.mass.gov/info-details/massachusetts-child-and-family-tax-credit,us-ma,income_tax,BLOCKED-CHECK,PRESENT,us-ma/guidance/2026-10-06-w6-income-tax-guidance-ma,us-ma/guidance/department-of-revenue/child-and-family-tax-credit,https://www.mass.gov/info-details/massachusetts-child-and-family-tax-credit,extracted 2026-10-06
https://www.mass.gov/info-details/massachusetts-senior-circuit-breaker-tax-credit,us-ma,income_tax,BLOCKED-CHECK,PRESENT,us-ma/guidance/2026-10-06-w6-income-tax-guidance-ma,us-ma/guidance/department-of-revenue/senior-circuit-breaker-tax-credit,https://www.mass.gov/info-details/massachusetts-senior-circuit-breaker-tax-credit,extracted 2026-10-06
https://www.mass.gov/info-details/personal-income-tax-exemptions,us-ma,income_tax,BLOCKED-CHECK,PRESENT,us-ma/guidance/2026-10-06-w6-income-tax-guidance-ma,us-ma/guidance/department-of-revenue/personal-income-tax-exemptions,https://www.mass.gov/info-details/personal-income-tax-exemptions,extracted 2026-10-06
https://www.mass.gov/service-details/massachusetts-tax-rates,us-ma,income_tax,BLOCKED-CHECK,PRESENT,us-ma/guidance/2026-10-06-w6-income-tax-guidance-ma,us-ma/guidance/department-of-revenue/tax-rates,https://www.mass.gov/service-details/massachusetts-tax-rates,extracted 2026-10-06
https://www.mass.gov/service-details/view-massachusetts-personal-income-tax-exemptions,us-ma,income_tax,BLOCKED-CHECK,PRESENT,us-ma/guidance/2026-10-06-w6-income-tax-guidance-ma,us-ma/guidance/department-of-revenue/personal-income-tax-exemptions,https://www.mass.gov/info-details/personal-income-tax-exemptions,extracted 2026-10-06; same document as the bundle address (https://www.mass.gov/service-details/view-massachusetts-personal-income-tax-exemptions)
https://www.mass.gov/technical-information-release/tir-22-5-tax-provisions-in-recent-massachusetts-legislation,us-ma,income_tax,BLOCKED-CHECK,PRESENT,us-ma/guidance/2026-10-06-w6-income-tax-guidance-ma,us-ma/guidance/department-of-revenue/tir-22-5,https://www.mass.gov/technical-information-release/tir-22-5-tax-provisions-in-recent-massachusetts-legislation,extracted 2026-10-06
us-md/form/tax_forms/marylandtaxes.gov/content/dam/mdcomp/tax/forms/2024/502cr,us-md,income_tax,EXTRACT-MANIFEST,PRESENT,us-md/form/2026-10-06-w6-income-tax-forms-md,us-md/form/comptroller/ty2024/502cr,https://www.marylandcomptroller.gov/content/dam/mdcomp/tax/forms/2024/502CR.pdf,extracted 2026-10-06
us-md/form/tax_forms/marylandtaxes.gov/content/dam/mdcomp/tax/instructions/2023/resident-booklet,us-md,income_tax,EXTRACT-MANIFEST,PRESENT,us-md/form/2026-10-06-w6-income-tax-forms-md,us-md/form/comptroller/ty2023/resident-booklet,https://www.marylandcomptroller.gov/content/dam/mdcomp/tax/instructions/2023/Resident-Booklet.pdf,extracted 2026-10-06
us-md/form/tax_forms/marylandtaxes.gov/content/dam/mdcomp/tax/instructions/2024/nonresident-booklet,us-md,income_tax,EXTRACT-MANIFEST,PRESENT,us-md/form/2026-10-06-w6-income-tax-forms-md,us-md/form/comptroller/ty2024/nonresident-booklet,https://www.marylandcomptroller.gov/content/dam/mdcomp/tax/instructions/2024/Nonresident-Booklet.pdf,extracted 2026-10-06
us-md/form/tax_forms/marylandtaxes.gov/content/dam/mdcomp/tax/instructions/2024/resident-booklet,us-md,ctc eitc income_tax,EXTRACT-MANIFEST,PRESENT,us-md/form/2026-10-06-w6-income-tax-forms-md,us-md/form/comptroller/ty2024/resident-booklet,https://www.marylandcomptroller.gov/content/dam/mdcomp/tax/instructions/2024/Resident-Booklet.pdf,extracted 2026-10-06
us-md/form/tax_forms/marylandtaxes.gov/content/dam/mdcomp/tax/forms/2023/502cr,us-md,income_tax,EXTRACT-MANIFEST,PRESENT,us-md/form/2026-10-06-w6-income-tax-forms-md,us-md/form/comptroller/ty2023/502cr,https://www.marylandcomptroller.gov/content/dam/mdcomp/tax/forms/2023/502CR.pdf,extracted 2026-10-06
https://interactive.marylandtaxes.gov/Individuals/iFile_ChooseForm/PriorYearForms/Resident_Booklet_2020.pdf,us-md,income_tax,FETCH,PRESENT,us-md/form/2026-10-06-w6-income-tax-forms-md,us-md/form/comptroller/ty2020/resident-booklet,https://interactive.marylandtaxes.gov/Individuals/iFile_ChooseForm/PriorYearForms/Resident_Booklet_2020.pdf,extracted 2026-10-06
https://interactive.marylandtaxes.gov/Individuals/iFile_ChooseForm/PriorYearForms/Resident_Booklet_2021.pdf,us-md,eitc income_tax,FETCH,PRESENT,us-md/form/2026-10-06-w6-income-tax-forms-md,us-md/form/comptroller/ty2021/resident-booklet,https://interactive.marylandtaxes.gov/Individuals/iFile_ChooseForm/PriorYearForms/Resident_Booklet_2021.pdf,extracted 2026-10-06
https://interactive.marylandtaxes.gov/Individuals/iFile_ChooseForm/PriorYearForms/Resident_Booklet_2022.pdf,us-md,ctc income_tax,FETCH,PRESENT,us-md/form/2026-10-06-w6-income-tax-forms-md,us-md/form/comptroller/ty2022/resident-booklet,https://interactive.marylandtaxes.gov/Individuals/iFile_ChooseForm/PriorYearForms/Resident_Booklet_2022.pdf,extracted 2026-10-06
https://marylandtaxes.gov/forms/23_forms/502CR.pdf,us-md,income_tax,FETCH,PRESENT,us-md/form/2026-10-06-w6-income-tax-forms-md,us-md/form/comptroller/ty2023/502cr,https://www.marylandcomptroller.gov/content/dam/mdcomp/tax/forms/2023/502CR.pdf,extracted 2026-10-06; same document as the bundle address (https://marylandtaxes.gov/forms/23_forms/502CR.pdf)
https://mgaleg.maryland.gov/2023RS/chapters_noln/Ch_613_hb0554T.pdf,us-md,income_tax,FETCH,PRESENT,us-md/statute/2026-10-06-w6-income-tax-statute-md,us-md/statute/session-laws/2023/chapter-613,https://mgaleg.maryland.gov/2023RS/chapters_noln/Ch_613_hb0554T.pdf,extracted 2026-10-06
https://mgaleg.maryland.gov/2023RS/fnotes/bil_0007/hb0547.pdf,us-md,eitc income_tax,FETCH,PRESENT,us-md/guidance/2026-10-06-w6-income-tax-guidance-md,us-md/guidance/dls/fiscal-notes/2023/hb0547,https://mgaleg.maryland.gov/2023RS/fnotes/bil_0007/hb0547.pdf,extracted 2026-10-06
https://mgaleg.maryland.gov/2025RS/Chapters_noln/CH_604_hb0352e.pdf,us-md,ctc income_tax,FETCH,PRESENT,us-md/statute/2026-10-06-w6-income-tax-statute-md,us-md/statute/session-laws/2025/chapter-604,https://mgaleg.maryland.gov/2025RS/Chapters_noln/CH_604_hb0352e.pdf,extracted 2026-10-06
https://mgaleg.maryland.gov/mgawebsite/Legislation/Details/hb0186?ys=2022RS,us-md,income_tax,FETCH,PRESENT,us-md/statute/2026-10-06-w6-income-tax-statute-md,us-md/statute/session-laws/2022/hb0186,https://mgaleg.maryland.gov/mgawebsite/Legislation/Details/hb0186?ys=2022RS,extracted 2026-10-06
https://services.marylandcomptroller.gov/taxes/en/maryland-pension-exclusion?id=kb_article_view&sysparm_article=KB0010012,us-md,income_tax,FETCH,OUTREACH,,,https://services.marylandcomptroller.gov/taxes/en/maryland-pension-exclusion?id=kb_article_view&sysparm_article=KB0010012,Comptroller ServiceNow knowledge base: HTTP 200 JavaScript shell with no article text (known block)
https://www.marylandcomptroller.gov/content/dam/mdcomp/tax/forms/2025/502cr.pdf,us-md,income_tax,FETCH,PRESENT,us-md/form/2026-10-06-w6-income-tax-forms-md,us-md/form/comptroller/ty2025/502cr,https://www.marylandcomptroller.gov/content/dam/mdcomp/tax/forms/2025/502cr.pdf,extracted 2026-10-06
https://www.marylandcomptroller.gov/content/dam/mdcomp/tax/instructions/2025/resident-booklet.pdf,us-md,ctc eitc income_tax,FETCH,PRESENT,us-md/form/2026-10-06-w6-income-tax-forms-md,us-md/form/comptroller/ty2025/resident-booklet,https://www.marylandcomptroller.gov/content/dam/mdcomp/tax/instructions/2025/resident-booklet.pdf,extracted 2026-10-06
https://www.marylandtaxes.gov/forms/23_forms/Resident-Booklet.pdf,us-md,ctc eitc income_tax,FETCH,PRESENT,us-md/form/2026-10-06-w6-income-tax-forms-md,us-md/form/comptroller/ty2023/resident-booklet,https://www.marylandcomptroller.gov/content/dam/mdcomp/tax/instructions/2023/Resident-Booklet.pdf,extracted 2026-10-06; same document as the bundle address (https://www.marylandtaxes.gov/forms/23_forms/Resident-Booklet.pdf)
https://www.marylandtaxes.gov/new-tax-year-update.php,us-md,income_tax,FETCH,OUTREACH,,,https://www.marylandtaxes.gov/new-tax-year-update.php,"redirects into the Comptroller ServiceNow knowledge base ('What's New for the 2026 Tax Filing'), a JavaScript shell with no text"
https://law.justia.com/codes/maryland/2022/tax-general/title-10/subtitle-2/part-ii/,us-md,income_tax,OFFICIAL-SOURCE,ALREADY-HELD,us-md/statute/2026-09-14-income-tax-chapter-us-md-article-gtg,us-md/statute/gtg/10-204,,"mirror; Tax-General Title 10, Subtitle 2, Part II (Maryland adjusted gross income, 10-204 to 10-210) held in the Maryland General Assembly article scope"
https://marylandtaxes.gov/forms/22_forms/502CR.pdf,us-md,income_tax,DEAD-LINK,ABSENT,,,https://marylandtaxes.gov/forms/22_forms/502CR.pdf,HTTP 404; the Comptroller's content/dam/mdcomp/tax/forms/<year>/502CR.pdf path also answers 404 for 2020-2022 (2023-2025 are PRESENT); the prior-year forms index is a ServiceNow knowledge base (known block)
https://www.marylandtaxes.gov/forms/20_forms/502CR.pdf,us-md,income_tax,DEAD-LINK,ABSENT,,,https://www.marylandtaxes.gov/forms/20_forms/502CR.pdf,HTTP 404; the Comptroller's content/dam/mdcomp/tax/forms/<year>/502CR.pdf path also answers 404 for 2020-2022 (2023-2025 are PRESENT); the prior-year forms index is a ServiceNow knowledge base (known block)
https://www.marylandtaxes.gov/forms/21_forms/502CR.pdf,us-md,income_tax,DEAD-LINK,ABSENT,,,https://www.marylandtaxes.gov/forms/21_forms/502CR.pdf,HTTP 404; the Comptroller's content/dam/mdcomp/tax/forms/<year>/502CR.pdf path also answers 404 for 2020-2022 (2023-2025 are PRESENT); the prior-year forms index is a ServiceNow knowledge base (known block)
https://www.marylandtaxes.gov/forms/current_forms/Md_Tax_Computation.pdf,us-md,income_tax,DEAD-LINK,ABSENT,,,https://www.marylandtaxes.gov/forms/current_forms/Md_Tax_Computation.pdf,HTTP 404 (2026-10-06); the tax computation worksheet is printed in the Resident Booklets (PRESENT)
https://govt.westlaw.com/mdc/Browse/Home/Maryland/MarylandCodeCourtRules?guid=NAE804370A64411DBB5DDAC3692B918BC&transitionType=Default&contextData=%28sc.Default%29,us-md,income_tax,VENDOR,OUTREACH,,,https://govt.westlaw.com/mdc/Browse/Home/Maryland/MarylandCodeCourtRules?guid=NAE804370A64411DBB5DDAC3692B918BC&transitionType=Default&contextData=%28sc.Default%29,vendor (Westlaw); govt.westlaw.com answers a Cloudflare 'Just a moment' challenge (HTTP 403); the Maryland Code text is held from mgaleg.maryland.gov (gtg article) but the section behind this link cannot be read
https://govt.westlaw.com/mdc/Document/NF59A76006EA511E8ABBEE50DE853DFF4?viewType=FullText&originationContext=documenttoc&transitionType=CategoryPageItem&contextData=(sc.Default),us-md,income_tax,VENDOR,OUTREACH,,,https://govt.westlaw.com/mdc/Document/NF59A76006EA511E8ABBEE50DE853DFF4?viewType=FullText&originationContext=documenttoc&transitionType=CategoryPageItem&contextData=(sc.Default),vendor (Westlaw); govt.westlaw.com answers a Cloudflare 'Just a moment' challenge (HTTP 403); the Maryland Code text is held from mgaleg.maryland.gov (gtg article) but the section behind this link cannot be read
https://legislature.maine.gov/backend/App/services/getDocument.aspx?documentId=120256,us-me,income_tax,FETCH,PRESENT,us-me/statute/2026-10-06-w6-income-tax-statute-me,us-me/statute/session-laws/132/ld210-committee-amendment-120256,https://legislature.maine.gov/backend/App/services/getDocument.aspx?documentId=120256,extracted 2026-10-06
https://legislature.maine.gov/legis/bills/getPDF.asp?paper=HP1491&item=37&snum=132,us-me,income_tax,FETCH,PRESENT,us-me/statute/2026-10-06-w6-income-tax-statute-me,us-me/statute/session-laws/132/ld2212,https://legislature.maine.gov/legis/bills/getPDF.asp?paper=HP1491&item=37&snum=132,extracted 2026-10-06
https://legislature.maine.gov/legis/bills/getPDF.asp?paper=SP0031&item=5&snum=130,us-me,income_tax,FETCH,PRESENT,us-me/statute/2026-10-06-w6-income-tax-statute-me,us-me/statute/session-laws/130/ld23,https://legislature.maine.gov/legis/bills/getPDF.asp?paper=SP0031&item=5&snum=130,extracted 2026-10-06
https://legislature.maine.gov/statutes/36/title36sec5111.html,us-me,income_tax,FETCH,ALREADY-HELD,us-me/statute/2026-09-14-income-tax-chapter-us-me-title-36,us-me/statute/36/5111,,36 M.R.S. 5111 held (Title 36 scope)
https://legislature.maine.gov/statutes/36/title36sec5122.html,us-me,income_tax,FETCH,ALREADY-HELD,us-me/statute/2026-09-14-income-tax-chapter-us-me-title-36,us-me/statute/36/5122,,36 M.R.S. 5122 held (Title 36 scope)
https://legislature.maine.gov/statutes/36/title36sec5124-C.html,us-me,income_tax,FETCH,ALREADY-HELD,us-me/statute/2026-09-14-income-tax-chapter-us-me-title-36,us-me/statute/36/5124-C,,36 M.R.S. 5124-C held (Title 36 scope)
https://legislature.maine.gov/statutes/36/title36sec5126-A.html,us-me,income_tax,FETCH,ALREADY-HELD,us-me/statute/2026-09-14-income-tax-chapter-us-me-title-36,us-me/statute/36/5126-A,,36 M.R.S. 5126-A held (Title 36 scope)
https://legislature.maine.gov/statutes/36/title36sec5213-A.html,us-me,income_tax,FETCH,ALREADY-HELD,us-me/statute/2026-09-14-income-tax-chapter-us-me-title-36,us-me/statute/36/5213-A,,36 M.R.S. 5213-A held (Title 36 scope)
https://legislature.maine.gov/statutes/36/title36sec5219-KK.html,us-me,income_tax,FETCH,ALREADY-HELD,us-me/statute/2026-09-14-income-tax-chapter-us-me-title-36,us-me/statute/36/5219-KK,,36 M.R.S. 5219-KK held (Title 36 scope)
https://legislature.maine.gov/statutes/36/title36sec5219-S.html,us-me,eitc income_tax,FETCH,ALREADY-HELD,us-me/statute/2026-09-14-income-tax-chapter-us-me-title-36,us-me/statute/36/5219-S,,36 M.R.S. 5219-S held (Title 36 scope)
https://legislature.maine.gov/statutes/36/title36sec5403.html,us-me,income_tax,FETCH,ALREADY-HELD,us-me/statute/2026-09-14-income-tax-chapter-us-me-title-36,us-me/statute/36/5403,,36 M.R.S. 5403 held (Title 36 scope)
https://www.maine.gov/governor/mills/relief-checks,us-me,income_tax,FETCH,PRESENT,us-me/guidance/2026-10-06-w6-income-tax-guidance-me,us-me/guidance/governor/relief-checks,https://www.maine.gov/governor/mills/relief-checks,extracted 2026-10-06
https://www.maine.gov/revenue/sites/maine.gov.revenue/files/inline-files/13_1040_sched2_downloadable.pdf,us-me,income_tax,FETCH,PRESENT,us-me/form/2026-10-06-w6-income-tax-forms-me,us-me/form/mrs/ty2013/schedule-2,https://www.maine.gov/revenue/sites/maine.gov.revenue/files/inline-files/13_1040_sched2_downloadable.pdf,extracted 2026-10-06
https://www.maine.gov/revenue/sites/maine.gov.revenue/files/inline-files/14_1040%20sched%202_download.pdf,us-me,income_tax,FETCH,PRESENT,us-me/form/2026-10-06-w6-income-tax-forms-me,us-me/form/mrs/ty2014/schedule-2,https://www.maine.gov/revenue/sites/maine.gov.revenue/files/inline-files/14_1040%20sched%202_download.pdf,extracted 2026-10-06
https://www.maine.gov/revenue/sites/maine.gov.revenue/files/inline-files/14_1040_sched%20ptfc_download.pdf,us-me,income_tax,FETCH,PRESENT,us-me/form/2026-10-06-w6-income-tax-forms-me,us-me/form/mrs/ty2014/schedule-ptfc,https://www.maine.gov/revenue/sites/maine.gov.revenue/files/inline-files/14_1040_sched%20ptfc_download.pdf,extracted 2026-10-06
https://www.maine.gov/revenue/sites/maine.gov.revenue/files/inline-files/15_1040%20sched%202_download.pdf,us-me,income_tax,FETCH,PRESENT,us-me/form/2026-10-06-w6-income-tax-forms-me,us-me/form/mrs/ty2015/schedule-2,https://www.maine.gov/revenue/sites/maine.gov.revenue/files/inline-files/15_1040%20sched%202_download.pdf,extracted 2026-10-06
https://www.maine.gov/revenue/sites/maine.gov.revenue/files/inline-files/16_1040%20sched%202_download.pdf,us-me,income_tax,FETCH,PRESENT,us-me/form/2026-10-06-w6-income-tax-forms-me,us-me/form/mrs/ty2016/schedule-2,https://www.maine.gov/revenue/sites/maine.gov.revenue/files/inline-files/16_1040%20sched%202_download.pdf,extracted 2026-10-06
https://www.maine.gov/revenue/sites/maine.gov.revenue/files/inline-files/16_1040me_book_download.pdf,us-me,income_tax,FETCH,PRESENT,us-me/form/2026-10-06-w6-income-tax-forms-me,us-me/form/mrs/ty2016/form-1040me-instructions,https://www.maine.gov/revenue/sites/maine.gov.revenue/files/inline-files/16_1040me_book_download.pdf,extracted 2026-10-06
https://www.maine.gov/revenue/sites/maine.gov.revenue/files/inline-files/17_1040me_book_dwnld_sept18.pdf,us-me,income_tax,FETCH,PRESENT,us-me/form/2026-10-06-w6-income-tax-forms-me,us-me/form/mrs/ty2017/form-1040me-instructions,https://www.maine.gov/revenue/sites/maine.gov.revenue/files/inline-files/17_1040me_book_dwnld_sept18.pdf,extracted 2026-10-06
https://www.maine.gov/revenue/sites/maine.gov.revenue/files/inline-files/17_1040me_sch2_d_sept18.pdf,us-me,income_tax,FETCH,PRESENT,us-me/form/2026-10-06-w6-income-tax-forms-me,us-me/form/mrs/ty2017/schedule-2,https://www.maine.gov/revenue/sites/maine.gov.revenue/files/inline-files/17_1040me_sch2_d_sept18.pdf,extracted 2026-10-06
https://www.maine.gov/revenue/sites/maine.gov.revenue/files/inline-files/18_1040_2_d.pdf,us-me,income_tax,FETCH,PRESENT,us-me/form/2026-10-06-w6-income-tax-forms-me,us-me/form/mrs/ty2018/schedule-2,https://www.maine.gov/revenue/sites/maine.gov.revenue/files/inline-files/18_1040_2_d.pdf,extracted 2026-10-06
https://www.maine.gov/revenue/sites/maine.gov.revenue/files/inline-files/18_1040me_a_d.pdf,us-me,income_tax,FETCH,PRESENT,us-me/form/2026-10-06-w6-income-tax-forms-me,us-me/form/mrs/ty2018/schedule-a,https://www.maine.gov/revenue/sites/maine.gov.revenue/files/inline-files/18_1040me_a_d.pdf,extracted 2026-10-06
https://www.maine.gov/revenue/sites/maine.gov.revenue/files/inline-files/18_1040me_book_noncon.pdf,us-me,income_tax,FETCH,PRESENT,us-me/form/2026-10-06-w6-income-tax-forms-me,us-me/form/mrs/ty2018/form-1040me-instructions,https://www.maine.gov/revenue/sites/maine.gov.revenue/files/inline-files/18_1040me_book_noncon.pdf,extracted 2026-10-06
https://www.maine.gov/revenue/sites/maine.gov.revenue/files/inline-files/19_1040me_2_dwnldff.pdf,us-me,income_tax,FETCH,PRESENT,us-me/form/2026-10-06-w6-income-tax-forms-me,us-me/form/mrs/ty2019/schedule-2,https://www.maine.gov/revenue/sites/maine.gov.revenue/files/inline-files/19_1040me_2_dwnldff.pdf,extracted 2026-10-06
https://www.maine.gov/revenue/sites/maine.gov.revenue/files/inline-files/19_1040me_a_dwnldff.pdf,us-me,income_tax,FETCH,PRESENT,us-me/form/2026-10-06-w6-income-tax-forms-me,us-me/form/mrs/ty2019/schedule-a,https://www.maine.gov/revenue/sites/maine.gov.revenue/files/inline-files/19_1040me_a_dwnldff.pdf,extracted 2026-10-06
https://www.maine.gov/revenue/sites/maine.gov.revenue/files/inline-files/19_1040me_instr_noncon.pdf,us-me,income_tax,FETCH,PRESENT,us-me/form/2026-10-06-w6-income-tax-forms-me,us-me/form/mrs/ty2019/form-1040me-instructions,https://www.maine.gov/revenue/sites/maine.gov.revenue/files/inline-files/19_1040me_instr_noncon.pdf,extracted 2026-10-06
https://www.maine.gov/revenue/sites/maine.gov.revenue/files/inline-files/20_1040me_2_dwnldff.pdf,us-me,income_tax,FETCH,PRESENT,us-me/form/2026-10-06-w6-income-tax-forms-me,us-me/form/mrs/ty2020/schedule-2,https://www.maine.gov/revenue/sites/maine.gov.revenue/files/inline-files/20_1040me_2_dwnldff.pdf,extracted 2026-10-06
https://www.maine.gov/revenue/sites/maine.gov.revenue/files/inline-files/20_1040me_gen_instr.pdf,us-me,income_tax,FETCH,PRESENT,us-me/form/2026-10-06-w6-income-tax-forms-me,us-me/form/mrs/ty2020/form-1040me-instructions,https://www.maine.gov/revenue/sites/maine.gov.revenue/files/inline-files/20_1040me_gen_instr.pdf,extracted 2026-10-06
https://www.maine.gov/revenue/sites/maine.gov.revenue/files/inline-files/20_1040me_sched_a_dwnloadff.pdf,us-me,income_tax,FETCH,PRESENT,us-me/form/2026-10-06-w6-income-tax-forms-me,us-me/form/mrs/ty2020/schedule-a,https://www.maine.gov/revenue/sites/maine.gov.revenue/files/inline-files/20_1040me_sched_a_dwnloadff.pdf,extracted 2026-10-06
https://www.maine.gov/revenue/sites/maine.gov.revenue/files/inline-files/21_1040me_2_dwnldff.pdf,us-me,income_tax,FETCH,PRESENT,us-me/form/2026-10-06-w6-income-tax-forms-me,us-me/form/mrs/ty2021/schedule-2,https://www.maine.gov/revenue/sites/maine.gov.revenue/files/inline-files/21_1040me_2_dwnldff.pdf,extracted 2026-10-06
https://www.maine.gov/revenue/sites/maine.gov.revenue/files/inline-files/21_1040me_book_gen_instr_revMay2022.pdf,us-me,income_tax,FETCH,PRESENT,us-me/form/2026-10-06-w6-income-tax-forms-me,us-me/form/mrs/ty2021/form-1040me-instructions,https://www.maine.gov/revenue/sites/maine.gov.revenue/files/inline-files/21_1040me_book_gen_instr_revMay2022.pdf,extracted 2026-10-06
https://www.maine.gov/revenue/sites/maine.gov.revenue/files/inline-files/21_1040me_sched_a_dwnldff.pdf,us-me,income_tax,FETCH,PRESENT,us-me/form/2026-10-06-w6-income-tax-forms-me,us-me/form/mrs/ty2021/schedule-a,https://www.maine.gov/revenue/sites/maine.gov.revenue/files/inline-files/21_1040me_sched_a_dwnldff.pdf,extracted 2026-10-06
https://www.maine.gov/revenue/sites/maine.gov.revenue/files/inline-files/21_1040me_sched_pstfc_dwnldff.pdf,us-me,income_tax,FETCH,PRESENT,us-me/form/2026-10-06-w6-income-tax-forms-me,us-me/form/mrs/ty2021/schedule-pstfc,https://www.maine.gov/revenue/sites/maine.gov.revenue/files/inline-files/21_1040me_sched_pstfc_dwnldff.pdf,extracted 2026-10-06
https://www.maine.gov/revenue/sites/maine.gov.revenue/files/inline-files/21_1040me_tax_tables.pdf,us-me,income_tax,FETCH,PRESENT,us-me/form/2026-10-06-w6-income-tax-forms-me,us-me/form/mrs/ty2021/tax-tables,https://www.maine.gov/revenue/sites/maine.gov.revenue/files/inline-files/21_1040me_tax_tables.pdf,extracted 2026-10-06
https://www.maine.gov/revenue/sites/maine.gov.revenue/files/inline-files/22_1040me_book_gen_instruc_revisedFeb23.pdf,us-me,income_tax,FETCH,PRESENT,us-me/form/2026-10-06-w6-income-tax-forms-me,us-me/form/mrs/ty2022/form-1040me-instructions,https://www.maine.gov/revenue/sites/maine.gov.revenue/files/inline-files/22_1040me_book_gen_instruc_revisedFeb23.pdf,extracted 2026-10-06
https://www.maine.gov/revenue/sites/maine.gov.revenue/files/inline-files/22_1040me_dwnld_ff.pdf,us-me,income_tax,FETCH,PRESENT,us-me/form/2026-10-06-w6-income-tax-forms-me,us-me/form/mrs/ty2022/form-1040me,https://www.maine.gov/revenue/sites/maine.gov.revenue/files/inline-files/22_1040me_dwnld_ff.pdf,extracted 2026-10-06
https://www.maine.gov/revenue/sites/maine.gov.revenue/files/inline-files/22_1040me_sched_1a_ff.pdf,us-me,income_tax,FETCH,PRESENT,us-me/form/2026-10-06-w6-income-tax-forms-me,us-me/form/mrs/ty2022/schedule-1a,https://www.maine.gov/revenue/sites/maine.gov.revenue/files/inline-files/22_1040me_sched_1a_ff.pdf,extracted 2026-10-06
https://www.maine.gov/revenue/sites/maine.gov.revenue/files/inline-files/22_1040me_sched_1s_ff.pdf,us-me,income_tax,FETCH,PRESENT,us-me/form/2026-10-06-w6-income-tax-forms-me,us-me/form/mrs/ty2022/schedule-1s,https://www.maine.gov/revenue/sites/maine.gov.revenue/files/inline-files/22_1040me_sched_1s_ff.pdf,extracted 2026-10-06
https://www.maine.gov/revenue/sites/maine.gov.revenue/files/inline-files/22_1040me_sched_2_ff.pdf,us-me,income_tax,FETCH,PRESENT,us-me/form/2026-10-06-w6-income-tax-forms-me,us-me/form/mrs/ty2022/schedule-2,https://www.maine.gov/revenue/sites/maine.gov.revenue/files/inline-files/22_1040me_sched_2_ff.pdf,extracted 2026-10-06
https://www.maine.gov/revenue/sites/maine.gov.revenue/files/inline-files/22_1040me_sched_a_ff.pdf,us-me,income_tax,FETCH,PRESENT,us-me/form/2026-10-06-w6-income-tax-forms-me,us-me/form/mrs/ty2022/schedule-a,https://www.maine.gov/revenue/sites/maine.gov.revenue/files/inline-files/22_1040me_sched_a_ff.pdf,extracted 2026-10-06
https://www.maine.gov/revenue/sites/maine.gov.revenue/files/inline-files/22_1040me_sched_pstfc_ff.pdf,us-me,income_tax,FETCH,PRESENT,us-me/form/2026-10-06-w6-income-tax-forms-me,us-me/form/mrs/ty2022/schedule-pstfc,https://www.maine.gov/revenue/sites/maine.gov.revenue/files/inline-files/22_1040me_sched_pstfc_ff.pdf,extracted 2026-10-06
https://www.maine.gov/revenue/sites/maine.gov.revenue/files/inline-files/22_1040me_tax_tables.pdf,us-me,income_tax,FETCH,PRESENT,us-me/form/2026-10-06-w6-income-tax-forms-me,us-me/form/mrs/ty2022/tax-tables,https://www.maine.gov/revenue/sites/maine.gov.revenue/files/inline-files/22_1040me_tax_tables.pdf,extracted 2026-10-06
https://www.maine.gov/revenue/sites/maine.gov.revenue/files/inline-files/22_earned_income_cred_ff.pdf,us-me,eitc income_tax,FETCH,PRESENT,us-me/form/2026-10-06-w6-income-tax-forms-me,us-me/form/mrs/ty2022/earned-income-tax-credit-worksheet,https://www.maine.gov/revenue/sites/maine.gov.revenue/files/inline-files/22_earned_income_cred_ff.pdf,extracted 2026-10-06
https://www.maine.gov/revenue/sites/maine.gov.revenue/files/inline-files/22_item_stand_%20ded_phaseout_wksht.pdf,us-me,income_tax,FETCH,PRESENT,us-me/form/2026-10-06-w6-income-tax-forms-me,us-me/form/mrs/ty2022/itemized-standard-deduction-phaseout-worksheet,https://www.maine.gov/revenue/sites/maine.gov.revenue/files/inline-files/22_item_stand_%20ded_phaseout_wksht.pdf,extracted 2026-10-06
https://www.maine.gov/revenue/sites/maine.gov.revenue/files/inline-files/23_1040me_book_gen_instr.pdf,us-me,income_tax,FETCH,PRESENT,us-me/form/2026-10-06-w6-income-tax-forms-me,us-me/form/mrs/ty2023/form-1040me-instructions,https://www.maine.gov/revenue/sites/maine.gov.revenue/files/inline-files/23_1040me_book_gen_instr.pdf,extracted 2026-10-06
https://www.maine.gov/revenue/sites/maine.gov.revenue/files/inline-files/23_1040me_sched_1s.pdf,us-me,income_tax,FETCH,PRESENT,us-me/form/2026-10-06-w6-income-tax-forms-me,us-me/form/mrs/ty2023/schedule-1s,https://www.maine.gov/revenue/sites/maine.gov.revenue/files/inline-files/23_1040me_sched_1s.pdf,extracted 2026-10-06
https://www.maine.gov/revenue/sites/maine.gov.revenue/files/inline-files/23_1040me_sched_2_ff_0.pdf,us-me,income_tax,FETCH,PRESENT,us-me/form/2026-10-06-w6-income-tax-forms-me,us-me/form/mrs/ty2023/schedule-2,https://www.maine.gov/revenue/sites/maine.gov.revenue/files/inline-files/23_1040me_sched_2_ff_0.pdf,extracted 2026-10-06
https://www.maine.gov/revenue/sites/maine.gov.revenue/files/inline-files/23_1040me_sched_a_ff.pdf,us-me,income_tax,FETCH,PRESENT,us-me/form/2026-10-06-w6-income-tax-forms-me,us-me/form/mrs/ty2023/schedule-a,https://www.maine.gov/revenue/sites/maine.gov.revenue/files/inline-files/23_1040me_sched_a_ff.pdf,extracted 2026-10-06
https://www.maine.gov/revenue/sites/maine.gov.revenue/files/inline-files/23_1040me_sched_pstfc_ff.pdf,us-me,income_tax,FETCH,PRESENT,us-me/form/2026-10-06-w6-income-tax-forms-me,us-me/form/mrs/ty2023/schedule-pstfc,https://www.maine.gov/revenue/sites/maine.gov.revenue/files/inline-files/23_1040me_sched_pstfc_ff.pdf,extracted 2026-10-06
https://www.maine.gov/revenue/sites/maine.gov.revenue/files/inline-files/23_1040me_tax_tables.pdf,us-me,income_tax,FETCH,PRESENT,us-me/form/2026-10-06-w6-income-tax-forms-me,us-me/form/mrs/ty2023/tax-tables,https://www.maine.gov/revenue/sites/maine.gov.revenue/files/inline-files/23_1040me_tax_tables.pdf,extracted 2026-10-06
https://www.maine.gov/revenue/sites/maine.gov.revenue/files/inline-files/23_earned_income_cred_ff.pdf,us-me,eitc income_tax,FETCH,PRESENT,us-me/form/2026-10-06-w6-income-tax-forms-me,us-me/form/mrs/ty2023/earned-income-tax-credit-worksheet,https://www.maine.gov/revenue/sites/maine.gov.revenue/files/inline-files/23_earned_income_cred_ff.pdf,extracted 2026-10-06
https://www.maine.gov/revenue/sites/maine.gov.revenue/files/inline-files/24_1040me_book_gen_instr.pdf,us-me,income_tax,FETCH,PRESENT,us-me/form/2026-10-06-w6-income-tax-forms-me,us-me/form/mrs/ty2024/form-1040me-instructions,https://www.maine.gov/revenue/sites/maine.gov.revenue/files/inline-files/24_1040me_book_gen_instr.pdf,extracted 2026-10-06
https://www.maine.gov/revenue/sites/maine.gov.revenue/files/inline-files/24_1040me_sched_2%20_ff.pdf,us-me,income_tax,FETCH,PRESENT,us-me/form/2026-10-06-w6-income-tax-forms-me,us-me/form/mrs/ty2024/schedule-2,https://www.maine.gov/revenue/sites/maine.gov.revenue/files/inline-files/24_1040me_sched_2%20_ff.pdf,extracted 2026-10-06
https://www.maine.gov/revenue/sites/maine.gov.revenue/files/inline-files/24_Form%201040ME_Sch%201S_ff.pdf,us-me,income_tax,FETCH,PRESENT,us-me/form/2026-10-06-w6-income-tax-forms-me,us-me/form/mrs/ty2024/schedule-1s,https://www.maine.gov/revenue/sites/maine.gov.revenue/files/inline-files/24_Form%201040ME_Sch%201S_ff.pdf,extracted 2026-10-06
https://www.maine.gov/revenue/sites/maine.gov.revenue/files/inline-files/24_Form%201040ME_Sch%20PTFC_ff.pdf,us-me,income_tax,FETCH,PRESENT,us-me/form/2026-10-06-w6-income-tax-forms-me,us-me/form/mrs/ty2024/schedule-ptfc,https://www.maine.gov/revenue/sites/maine.gov.revenue/files/inline-files/24_Form%201040ME_Sch%20PTFC_ff.pdf,extracted 2026-10-06
https://www.maine.gov/revenue/sites/maine.gov.revenue/files/inline-files/24_Form%201040ME_Sch%20PTFC_ff_0.pdf,us-me,income_tax,FETCH,PRESENT,us-me/form/2026-10-06-w6-income-tax-forms-me,us-me/form/mrs/ty2024/schedule-ptfc-2,https://www.maine.gov/revenue/sites/maine.gov.revenue/files/inline-files/24_Form%201040ME_Sch%20PTFC_ff_0.pdf,extracted 2026-10-06
https://www.maine.gov/revenue/sites/maine.gov.revenue/files/inline-files/24_Form1040me_Sch%20A_ff.pdf,us-me,income_tax,FETCH,PRESENT,us-me/form/2026-10-06-w6-income-tax-forms-me,us-me/form/mrs/ty2024/schedule-a,https://www.maine.gov/revenue/sites/maine.gov.revenue/files/inline-files/24_Form1040me_Sch%20A_ff.pdf,extracted 2026-10-06
https://www.maine.gov/revenue/sites/maine.gov.revenue/files/inline-files/24_earned_income_cred_ff_0.pdf,us-me,eitc income_tax,FETCH,PRESENT,us-me/form/2026-10-06-w6-income-tax-forms-me,us-me/form/mrs/ty2024/earned-income-tax-credit-worksheet,https://www.maine.gov/revenue/sites/maine.gov.revenue/files/inline-files/24_earned_income_cred_ff_0.pdf,extracted 2026-10-06
https://www.maine.gov/revenue/sites/maine.gov.revenue/files/inline-files/25_1040me_sch_ptfc_fillable.pdf,us-me,income_tax,FETCH,PRESENT,us-me/form/2026-10-06-w6-income-tax-forms-me,us-me/form/mrs/ty2025/schedule-ptfc,https://www.maine.gov/revenue/sites/maine.gov.revenue/files/inline-files/25_1040me_sch_ptfc_fillable.pdf,extracted 2026-10-06
https://www.maine.gov/revenue/sites/maine.gov.revenue/files/inline-files/26_1040es_pers_exempt_phaseout_wksht.pdf,us-me,income_tax,FETCH,PRESENT,us-me/form/2026-10-06-w6-income-tax-forms-me,us-me/form/mrs/ty2026/personal-exemption-phaseout-worksheet,https://www.maine.gov/revenue/sites/maine.gov.revenue/files/inline-files/26_1040es_pers_exempt_phaseout_wksht.pdf,extracted 2026-10-06
https://www.maine.gov/revenue/sites/maine.gov.revenue/files/inline-files/26_item_stand_%20ded_phaseout_wksht_0.pdf,us-me,income_tax,FETCH,PRESENT,us-me/form/2026-10-06-w6-income-tax-forms-me,us-me/form/mrs/ty2026/itemized-standard-deduction-phaseout-worksheet,https://www.maine.gov/revenue/sites/maine.gov.revenue/files/inline-files/26_item_stand_%20ded_phaseout_wksht_0.pdf,extracted 2026-10-06
https://www.maine.gov/revenue/sites/maine.gov.revenue/files/inline-files/ind_tax_rate_sched_2024.pdf,us-me,income_tax,FETCH,PRESENT,us-me/form/2026-10-06-w6-income-tax-forms-me,us-me/form/mrs/ty2024/tax-rate-schedules,https://www.maine.gov/revenue/sites/maine.gov.revenue/files/inline-files/ind_tax_rate_sched_2024.pdf,extracted 2026-10-06
https://www.maine.gov/revenue/sites/maine.gov.revenue/files/inline-files/legischange26.pdf,us-me,income_tax,FETCH,PRESENT,us-me/guidance/2026-10-06-w6-income-tax-guidance-me,us-me/guidance/mrs/2026-session-legislation-enacted,https://www.maine.gov/revenue/sites/maine.gov.revenue/files/inline-files/legischange26.pdf,extracted 2026-10-06
https://www.mainelegislature.org/legis/statutes/36/title36sec111.html,us-me,income_tax,CHECK-PUBLISHER,ALREADY-HELD,us-me/statute/2026-09-14-income-tax-chapter-us-me-title-36,us-me/statute/36/111,,36 M.R.S. 111 held (Title 36 scope); mainelegislature.org is the Legislature's own domain
https://www.mainelegislature.org/legis/statutes/36/title36sec5111.html,us-me,income_tax,CHECK-PUBLISHER,ALREADY-HELD,us-me/statute/2026-09-14-income-tax-chapter-us-me-title-36,us-me/statute/36/5111,,36 M.R.S. 5111 held (Title 36 scope); mainelegislature.org is the Legislature's own domain
https://www.mainelegislature.org/legis/statutes/36/title36sec5122.html,us-me,income_tax,CHECK-PUBLISHER,ALREADY-HELD,us-me/statute/2026-09-14-income-tax-chapter-us-me-title-36,us-me/statute/36/5122,,36 M.R.S. 5122 held (Title 36 scope); mainelegislature.org is the Legislature's own domain
https://www.mainelegislature.org/legis/statutes/36/title36sec5124-C.html,us-me,income_tax,CHECK-PUBLISHER,ALREADY-HELD,us-me/statute/2026-09-14-income-tax-chapter-us-me-title-36,us-me/statute/36/5124-C,,36 M.R.S. 5124-C held (Title 36 scope); mainelegislature.org is the Legislature's own domain
https://www.mainelegislature.org/legis/statutes/36/title36sec5125.html,us-me,income_tax,CHECK-PUBLISHER,ALREADY-HELD,us-me/statute/2026-09-14-income-tax-chapter-us-me-title-36,us-me/statute/36/5125,,36 M.R.S. 5125 held (Title 36 scope); mainelegislature.org is the Legislature's own domain
https://www.mainelegislature.org/legis/statutes/36/title36sec5126-A.html,us-me,income_tax,CHECK-PUBLISHER,ALREADY-HELD,us-me/statute/2026-09-14-income-tax-chapter-us-me-title-36,us-me/statute/36/5126-A,,36 M.R.S. 5126-A held (Title 36 scope); mainelegislature.org is the Legislature's own domain
https://www.mainelegislature.org/legis/statutes/36/title36sec5218.html,us-me,income_tax,CHECK-PUBLISHER,ALREADY-HELD,us-me/statute/2026-09-14-income-tax-chapter-us-me-title-36,us-me/statute/36/5218,,36 M.R.S. 5218 held (Title 36 scope); mainelegislature.org is the Legislature's own domain
https://www.mainelegislature.org/legis/statutes/36/title36sec5219-KK.html,us-me,income_tax,CHECK-PUBLISHER,ALREADY-HELD,us-me/statute/2026-09-14-income-tax-chapter-us-me-title-36,us-me/statute/36/5219-KK,,36 M.R.S. 5219-KK held (Title 36 scope); mainelegislature.org is the Legislature's own domain
https://www.mainelegislature.org/legis/statutes/36/title36sec5219-S.html,us-me,eitc income_tax,CHECK-PUBLISHER,ALREADY-HELD,us-me/statute/2026-09-14-income-tax-chapter-us-me-title-36,us-me/statute/36/5219-S,,36 M.R.S. 5219-S held (Title 36 scope); mainelegislature.org is the Legislature's own domain
https://www.mainelegislature.org/legis/statutes/36/title36sec5219-SS.html,us-me,income_tax,CHECK-PUBLISHER,ALREADY-HELD,us-me/statute/2026-09-14-income-tax-chapter-us-me-title-36,us-me/statute/36/5219-SS,,36 M.R.S. 5219-SS held (Title 36 scope); mainelegislature.org is the Legislature's own domain
https://www.mainelegislature.org/legis/statutes/36/title36sec5403.html,us-me,income_tax,CHECK-PUBLISHER,ALREADY-HELD,us-me/statute/2026-09-14-income-tax-chapter-us-me-title-36,us-me/statute/36/5403,,36 M.R.S. 5403 held (Title 36 scope); mainelegislature.org is the Legislature's own domain
https://www.nextgenforme.com/maine-state-tax-deduction/,us-me,income_tax,CHECK-PUBLISHER,ALREADY-HELD,us-me/statute/2026-09-14-income-tax-chapter-us-me-title-36,us-me/statute/36/5122,,nextgenforme.com is the plan's program site (Finance Authority of Maine); the deduction is 36 M.R.S. 5122 (held)
us-mi/form/individual_income_tax_forms/michigan.gov/taxes/source/media/project/websites/taxes/forms/iit/ty2020/book_mi-1040_instructions_only,us-mi,income_tax,EXTRACT-MANIFEST,PRESENT,us-mi/form/2026-10-06-w6-income-tax-forms-mi,us-mi/form/treasury/ty2020/mi-1040-instructions,https://www.michigan.gov/taxes/-/media/Project/Websites/taxes/Forms/IIT/TY2020/Book_MI-1040_instructions_only.pdf,extracted 2026-10-06
us-mi/form/individual_income_tax_forms/michigan.gov/taxes/source/media/project/websites/taxes/forms/iit/ty2022/book_mi-1040,us-mi,income_tax,EXTRACT-MANIFEST,PRESENT,us-mi/form/2026-10-06-w6-income-tax-forms-mi,us-mi/form/treasury/ty2022/mi-1040-book,https://www.michigan.gov/taxes/-/media/Project/Websites/taxes/Forms/IIT/TY2022/BOOK_MI-1040.pdf,extracted 2026-10-06
us-mi/form/individual_income_tax_forms/michigan.gov/taxes/source/media/project/websites/taxes/forms/iit/ty2022/mi-1040,us-mi,eitc income_tax,EXTRACT-MANIFEST,PRESENT,us-mi/form/2026-10-06-w6-income-tax-forms-mi,us-mi/form/treasury/ty2022/form-mi-1040,https://www.michigan.gov/taxes/-/media/Project/Websites/taxes/Forms/IIT/TY2022/MI-1040.pdf,extracted 2026-10-06
us-mi/form/individual_income_tax_forms/michigan.gov/taxes/source/media/project/websites/taxes/forms/iit/ty2022/mi-1040cr,us-mi,income_tax,EXTRACT-MANIFEST,PRESENT,us-mi/form/2026-10-06-w6-income-tax-forms-mi,us-mi/form/treasury/ty2022/form-mi-1040cr,https://www.michigan.gov/taxes/-/media/Project/Websites/taxes/Forms/IIT/TY2022/MI-1040CR.pdf,extracted 2026-10-06
us-mi/form/individual_income_tax_forms/michigan.gov/taxes/source/media/project/websites/taxes/forms/iit/ty2023/book_mi-1040,us-mi,income_tax,EXTRACT-MANIFEST,PRESENT,us-mi/form/2026-10-06-w6-income-tax-forms-mi,us-mi/form/treasury/ty2023/mi-1040-book,https://www.michigan.gov/taxes/-/media/Project/Websites/taxes/Forms/IIT/TY2023/BOOK_MI-1040.pdf,extracted 2026-10-06
us-mi/form/individual_income_tax_forms/michigan.gov/taxes/source/media/project/websites/taxes/forms/iit/ty2023/mi-1040,us-mi,eitc income_tax,EXTRACT-MANIFEST,PRESENT,us-mi/form/2026-10-06-w6-income-tax-forms-mi,us-mi/form/treasury/ty2023/form-mi-1040,https://www.michigan.gov/taxes/-/media/Project/Websites/taxes/Forms/IIT/TY2023/MI-1040.pdf,extracted 2026-10-06
us-mi/form/individual_income_tax_forms/michigan.gov/taxes/source/media/project/websites/taxes/forms/iit/ty2023/mi-1040cr,us-mi,income_tax,EXTRACT-MANIFEST,PRESENT,us-mi/form/2026-10-06-w6-income-tax-forms-mi,us-mi/form/treasury/ty2023/form-mi-1040cr,https://www.michigan.gov/taxes/-/media/Project/Websites/taxes/Forms/IIT/TY2023/MI-1040CR.pdf,extracted 2026-10-06
us-mi/form/individual_income_tax_forms/michigan.gov/taxes/source/media/project/websites/taxes/forms/iit/ty2024/mi-1040-instructions,us-mi,eitc income_tax,EXTRACT-MANIFEST,PRESENT,us-mi/form/2026-10-06-w6-income-tax-forms-mi,us-mi/form/treasury/ty2024/mi-1040-instructions,https://www.michigan.gov/taxes/-/media/Project/Websites/taxes/Forms/IIT/TY2024/MI-1040-Instructions.pdf,extracted 2026-10-06
us-mi/form/individual_income_tax_forms/michigan.gov/taxes/source/media/project/websites/taxes/forms/iit/ty2024/mi-1040cr,us-mi,income_tax,EXTRACT-MANIFEST,PRESENT,us-mi/form/2026-10-06-w6-income-tax-forms-mi,us-mi/form/treasury/ty2024/form-mi-1040cr,https://www.michigan.gov/taxes/-/media/Project/Websites/taxes/Forms/IIT/TY2024/MI-1040CR.pdf,extracted 2026-10-06
us-mi/form/individual_income_tax_forms/michigan.gov/taxes/source/media/project/websites/taxes/forms/iit/ty2025/mi-1040-book,us-mi,eitc income_tax,EXTRACT-MANIFEST,ALREADY-HELD,us-mi/form/2026-09-15-income-tax-forms-ty2025,us-mi/form/treasury/ty2025/mi-1040-book,https://www.michigan.gov/taxes/-/media/Project/Websites/taxes/Forms/IIT/TY2025/MI-1040-Book.pdf,"the 2025 MI-1040 Book is held (wave-5 forms scope, same file)"
us-mi/form/individual_income_tax_forms/michigan.gov/taxes/source/media/project/websites/taxes/forms/iit/ty2025/mi-1040cr,us-mi,income_tax,EXTRACT-MANIFEST,PRESENT,us-mi/form/2026-10-06-w6-income-tax-forms-mi,us-mi/form/treasury/ty2025/form-mi-1040cr,https://www.michigan.gov/taxes/-/media/Project/Websites/taxes/Forms/IIT/TY2025/MI-1040CR.pdf,extracted 2026-10-06
https://legislature.mi.gov/Bills/Bill?ObjectName=2025-HB-4961,us-mi,income_tax,FETCH,PRESENT,us-mi/statute/2026-10-06-w6-income-tax-statute-mi,us-mi/statute/session-laws/2025/hb4961,https://legislature.mi.gov/Bills/Bill?ObjectName=2025-HB-4961,extracted 2026-10-06
https://www.legislature.mi.gov/Publications/TaxpayerGuide.pdf,us-mi,income_tax,FETCH,PRESENT,us-mi/guidance/2026-10-06-w6-income-tax-guidance-mi,us-mi/guidance/legislature/taxpayers-guide-2025,https://www.legislature.mi.gov/Publications/TaxpayerGuide.pdf,extracted 2026-10-06
https://www.legislature.mi.gov/documents/mcl/pdf/mcl-act-281-of-1967.pdf,us-mi,income_tax,FETCH,ALREADY-HELD,us-mi/statute/2026-09-14-income-tax-chapter-us-mi-chapter-206,us-mi/statute/206,,"the Income Tax Act of 1967 (Act 281) is MCL chapter 206, held section by section (307 sections)"
https://www.semcoenergygas.com/wp-content/uploads/2022-MI-1040CR7.pdf,us-mi,income_tax,CHECK-PUBLISHER,ABSENT,,,https://www.semcoenergygas.com/wp-content/uploads/2022-MI-1040CR7.pdf,third-party repost (a utility's copy) of the 2022 MI-1040CR-7; the official copy is gone: michigan.gov answers HTTP 404 to the chrome120 client (2026-10-06); no year's forms index (2021-2025 read) lists the MI-1040CR-7 home heating credit forms any more
https://www.michigan.gov/-/media/Project/Websites/ors/ORS-Forms/R0012X_Income_Tax_Withholding_Authorization.pdf,us-mi,income_tax,BLOCKED-CHECK,PRESENT,us-mi/form/2026-10-06-w6-income-tax-forms-mi,us-mi/form/ors/r0012x-income-tax-withholding-authorization,https://www.michigan.gov/-/media/Project/Websites/ors/ORS-Forms/R0012X_Income_Tax_Withholding_Authorization.pdf,extracted 2026-10-06
https://www.michigan.gov/-/media/Project/Websites/taxes/2022RM/IIT/BOOK_MI-1040CR-7.pdf?rev=d7990c15e0034d768a43c47b6d3ba0ac,us-mi,income_tax,BLOCKED-CHECK,ABSENT,,,https://www.michigan.gov/-/media/Project/Websites/taxes/2022RM/IIT/BOOK_MI-1040CR-7.pdf?rev=d7990c15e0034d768a43c47b6d3ba0ac,michigan.gov answers HTTP 404 to the chrome120 client (2026-10-06); no year's forms index (2021-2025 read) lists the MI-1040CR-7 home heating credit forms any more
https://www.michigan.gov/-/media/Project/Websites/taxes/2022RM/IIT/MI-1040CR7.pdf?rev=84f72df3f8664b96903aa6b655dc34d2,us-mi,income_tax,BLOCKED-CHECK,ABSENT,,,https://www.michigan.gov/-/media/Project/Websites/taxes/2022RM/IIT/MI-1040CR7.pdf?rev=84f72df3f8664b96903aa6b655dc34d2,michigan.gov answers HTTP 404 to the chrome120 client (2026-10-06); no year's forms index (2021-2025 read) lists the MI-1040CR-7 home heating credit forms any more
https://www.michigan.gov/-/media/Project/Websites/taxes/2022RM/UNCAT/2019_Taxpayer_Assistance_Manual.pdf,us-mi,income_tax,BLOCKED-CHECK,ABSENT,,,https://www.michigan.gov/-/media/Project/Websites/taxes/2022RM/UNCAT/2019_Taxpayer_Assistance_Manual.pdf,"HTTP 404 (chrome120, 2026-10-06); no current address found"
https://www.michigan.gov/taxes/-/media/Project/Websites/taxes/,us-mi,income_tax,BLOCKED-CHECK,OUT-OF-SCOPE,,,https://www.michigan.gov/taxes/-/media/Project/Websites/taxes/,"a media-library folder path, not a document (HTTP 404 to chrome120)"
https://www.michigan.gov/taxes/-/media/Project/Websites/taxes/Forms/2022/2022-IIT-Forms/BOOK_MI-1040CR-7.pdf?rev=d765b421bc7343c0a54793499dc550db&hash=0B10BE7DD0B91D7F609230E8F636EBC8,us-mi,income_tax,BLOCKED-CHECK,ABSENT,,,https://www.michigan.gov/taxes/-/media/Project/Websites/taxes/Forms/2022/2022-IIT-Forms/BOOK_MI-1040CR-7.pdf?rev=d765b421bc7343c0a54793499dc550db&hash=0B10BE7DD0B91D7F609230E8F636EBC8,michigan.gov answers HTTP 404 to the chrome120 client (2026-10-06); no year's forms index (2021-2025 read) lists the MI-1040CR-7 home heating credit forms any more
https://www.michigan.gov/taxes/-/media/Project/Websites/taxes/Forms/2022/2022-IIT-Forms/MI-1040CR7.pdf,us-mi,income_tax,BLOCKED-CHECK,ABSENT,,,https://www.michigan.gov/taxes/-/media/Project/Websites/taxes/Forms/2022/2022-IIT-Forms/MI-1040CR7.pdf,michigan.gov answers HTTP 404 to the chrome120 client (2026-10-06); no year's forms index (2021-2025 read) lists the MI-1040CR-7 home heating credit forms any more
https://www.michigan.gov/taxes/-/media/Project/Websites/taxes/Forms/2023/2023-IIT-Forms/BOOK_MI-1040CR-7.pdf?rev=048b871ae3294dec8ca7761afb2d8f78&hash=C3FFD92D4D764FFFE75A88FE25F09C97,us-mi,income_tax,BLOCKED-CHECK,ABSENT,,,https://www.michigan.gov/taxes/-/media/Project/Websites/taxes/Forms/2023/2023-IIT-Forms/BOOK_MI-1040CR-7.pdf?rev=048b871ae3294dec8ca7761afb2d8f78&hash=C3FFD92D4D764FFFE75A88FE25F09C97,michigan.gov answers HTTP 404 to the chrome120 client (2026-10-06); no year's forms index (2021-2025 read) lists the MI-1040CR-7 home heating credit forms any more
https://www.michigan.gov/taxes/-/media/Project/Websites/taxes/Forms/2023/2023-IIT-Forms/MI-1040CR7.pdf,us-mi,income_tax,BLOCKED-CHECK,ABSENT,,,https://www.michigan.gov/taxes/-/media/Project/Websites/taxes/Forms/2023/2023-IIT-Forms/MI-1040CR7.pdf,michigan.gov answers HTTP 404 to the chrome120 client (2026-10-06); no year's forms index (2021-2025 read) lists the MI-1040CR-7 home heating credit forms any more
https://www.michigan.gov/taxes/-/media/Project/Websites/taxes/Forms/IIT/TY2021/Book-1040-Instructions-Only.pdf,us-mi,income_tax,BLOCKED-CHECK,PRESENT,us-mi/form/2026-10-06-w6-income-tax-forms-mi,us-mi/form/treasury/ty2021/mi-1040-instructions,https://www.michigan.gov/taxes/-/media/Project/Websites/taxes/Forms/IIT/TY2021/Book-1040-Instructions-Only.pdf,extracted 2026-10-06
https://www.michigan.gov/taxes/-/media/Project/Websites/taxes/Forms/IIT/TY2022/4884.pdf,us-mi,income_tax,BLOCKED-CHECK,PRESENT,us-mi/form/2026-10-06-w6-income-tax-forms-mi,us-mi/form/treasury/ty2022/form-4884,https://www.michigan.gov/taxes/-/media/Project/Websites/taxes/Forms/IIT/TY2022/4884.pdf,extracted 2026-10-06
https://www.michigan.gov/taxes/-/media/Project/Websites/taxes/Forms/IIT/TY2022/Form-4884-Section-C-worksheet.pdf,us-mi,income_tax,BLOCKED-CHECK,PRESENT,us-mi/form/2026-10-06-w6-income-tax-forms-mi,us-mi/form/treasury/ty2022/form-4884-section-c-worksheet,https://www.michigan.gov/taxes/-/media/Project/Websites/taxes/Forms/IIT/TY2022/Form-4884-Section-C-worksheet.pdf,extracted 2026-10-06
https://www.michigan.gov/taxes/-/media/Project/Websites/taxes/Forms/IIT/TY2022/Schedule-1.pdf,us-mi,income_tax,BLOCKED-CHECK,PRESENT,us-mi/form/2026-10-06-w6-income-tax-forms-mi,us-mi/form/treasury/ty2022/schedule-1,https://www.michigan.gov/taxes/-/media/Project/Websites/taxes/Forms/IIT/TY2022/Schedule-1.pdf,extracted 2026-10-06
https://www.michigan.gov/taxes/-/media/Project/Websites/taxes/Forms/IIT/TY2024/4884-Instructions.pdf,us-mi,income_tax,BLOCKED-CHECK,PRESENT,us-mi/form/2026-10-06-w6-income-tax-forms-mi,us-mi/form/treasury/ty2024/form-4884-instructions,https://www.michigan.gov/taxes/-/media/Project/Websites/taxes/Forms/IIT/TY2024/4884-Instructions.pdf,extracted 2026-10-06
https://www.michigan.gov/taxes/-/media/Project/Websites/taxes/Forms/IIT/TY2024/BOOK_MI-1040CR-7.pdf,us-mi,income_tax,BLOCKED-CHECK,ABSENT,,,https://www.michigan.gov/taxes/-/media/Project/Websites/taxes/Forms/IIT/TY2024/BOOK_MI-1040CR-7.pdf,michigan.gov answers HTTP 404 to the chrome120 client (2026-10-06); no year's forms index (2021-2025 read) lists the MI-1040CR-7 home heating credit forms any more
https://www.michigan.gov/taxes/-/media/Project/Websites/taxes/Forms/IIT/TY2024/MI-1040CR-7.pdf,us-mi,income_tax,BLOCKED-CHECK,ABSENT,,,https://www.michigan.gov/taxes/-/media/Project/Websites/taxes/Forms/IIT/TY2024/MI-1040CR-7.pdf,michigan.gov answers HTTP 404 to the chrome120 client (2026-10-06); no year's forms index (2021-2025 read) lists the MI-1040CR-7 home heating credit forms any more
https://www.michigan.gov/taxes/-/media/Project/Websites/taxes/Forms/IIT/TY2025/MI-1040CR-7-Book.pdf,us-mi,income_tax,BLOCKED-CHECK,ABSENT,,,https://www.michigan.gov/taxes/-/media/Project/Websites/taxes/Forms/IIT/TY2025/MI-1040CR-7-Book.pdf,michigan.gov answers HTTP 404 to the chrome120 client (2026-10-06); no year's forms index (2021-2025 read) lists the MI-1040CR-7 home heating credit forms any more
https://www.michigan.gov/taxes/-/media/Project/Websites/taxes/Forms/SUW/TY2025/446_Withholding-Guide_2025.pdf,us-mi,income_tax,BLOCKED-CHECK,PRESENT,us-mi/form/2026-10-06-w6-income-tax-forms-mi,us-mi/form/treasury/ty2025/446-withholding-guide,https://www.michigan.gov/taxes/-/media/Project/Websites/taxes/Forms/SUW/TY2025/446_Withholding-Guide_2025.pdf,extracted 2026-10-06
https://www.michigan.gov/taxes/-/media/Project/Websites/taxes/MISC/Tax-Professionals/Taxpayer_Assistance_Manual.pdf,us-mi,income_tax,BLOCKED-CHECK,ABSENT,,,https://www.michigan.gov/taxes/-/media/Project/Websites/taxes/MISC/Tax-Professionals/Taxpayer_Assistance_Manual.pdf,"HTTP 404 (chrome120, 2026-10-06); no current address found"
https://www.michigan.gov/taxes/business-taxes/withholding/withholding-tax-faqs/what-is-michigans-2023-personal-exemption-amount,us-mi,income_tax,BLOCKED-CHECK,PRESENT,us-mi/guidance/2026-10-06-w6-income-tax-guidance-mi,us-mi/guidance/treasury/withholding-faqs/personal-exemption-amount,https://www.michigan.gov/taxes/business-taxes/withholding/withholding-tax-faqs/what-is-michigans-2023-personal-exemption-amount,extracted 2026-10-06
https://www.michigan.gov/taxes/iit/accordion/credits/table-a-2022-home-heating-credit-mi-1040cr-7-standard-allowance,us-mi,income_tax,BLOCKED-CHECK,ABSENT,,,https://www.michigan.gov/taxes/iit/accordion/credits/table-a-2022-home-heating-credit-mi-1040cr-7-standard-allowance,HTTP 404 (chrome120); michigan.gov now publishes only the current-year Table A (/taxes/iit/tax-guidance/credits-exemptions/home-heating-credit/table-a-...); the 2022 edition is gone
https://www.michigan.gov/taxes/iit/retirement-and-pension-benefits,us-mi,income_tax,BLOCKED-CHECK,PRESENT,us-mi/guidance/2026-10-06-w6-income-tax-guidance-mi,us-mi/guidance/treasury/retirement-and-pension-benefits,https://www.michigan.gov/taxes/iit/tax-guidance/tax-situations/retirement-and-pension-benefits,extracted 2026-10-06; same document as the bundle address (https://www.michigan.gov/taxes/iit/retirement-and-pension-benefits)
https://www.michigan.gov/taxes/iit/retirement-and-pension-benefits/michigan-standard-deduction,us-mi,income_tax,BLOCKED-CHECK,ABSENT,,,https://www.michigan.gov/taxes/iit/retirement-and-pension-benefits/michigan-standard-deduction,"HTTP 404 (chrome120); the retirement-and-pension guidance moved to /taxes/iit/tax-guidance/tax-situations/retirement-and-pension-benefits (PRESENT), which links no standard-deduction subpage"
https://www.michigan.gov/taxes/iit/tax-guidance/tax-situations/retirement-and-pension-benefits,us-mi,income_tax,BLOCKED-CHECK,PRESENT,us-mi/guidance/2026-10-06-w6-income-tax-guidance-mi,us-mi/guidance/treasury/retirement-and-pension-benefits,https://www.michigan.gov/taxes/iit/tax-guidance/tax-situations/retirement-and-pension-benefits,extracted 2026-10-06
https://www.michigan.gov/taxes/questions/tax-faqs/income-tax-rate-change/income-tax-rate-change-overview,us-mi,income_tax,BLOCKED-CHECK,PRESENT,us-mi/guidance/2026-10-06-w6-income-tax-guidance-mi,us-mi/guidance/treasury/income-tax-rate-change-overview,https://www.michigan.gov/taxes/questions/tax-faqs/income-tax-rate-change/income-tax-rate-change-overview,extracted 2026-10-06
https://www.michigan.gov/taxes/rep-legal/rab/2026-revenue-administrative-bulletins/revenue-administrative-bulletin-2026-1,us-mi,income_tax,BLOCKED-CHECK,PRESENT,us-mi/guidance/2026-10-06-w6-income-tax-guidance-mi,us-mi/guidance/treasury/rab/2026-1,https://www.michigan.gov/taxes/rep-legal/rab/2026-revenue-administrative-bulletins/revenue-administrative-bulletin-2026-1,extracted 2026-10-06
https://www.michigan.gov/treasury/-/media/Project/Websites/treasury/Uncategorized/2023/Economic-Reports-and-Notices-2023/Home-Heating-Expenses-Reported-by-Home-Heating-Credit-Filers/rpt-text_2021data.pdf,us-mi,income_tax,BLOCKED-CHECK,PRESENT,us-mi/guidance/2026-10-06-w6-income-tax-guidance-mi,us-mi/guidance/treasury/reports/home-heating-expenses-2021-data,https://www.michigan.gov/treasury/-/media/Project/Websites/treasury/Uncategorized/2023/Economic-Reports-and-Notices-2023/Home-Heating-Expenses-Reported-by-Home-Heating-Credit-Filers/rpt-text_2021data.pdf,extracted 2026-10-06
https://www.michigan.gov/treasury/reference/taxpayer-notices/2025/05/01/2025-tax-year-income-tax-rate-for-individuals-and-fiduciaries,us-mi,income_tax,BLOCKED-CHECK,PRESENT,us-mi/guidance/2026-10-06-w6-income-tax-guidance-mi,us-mi/guidance/treasury/taxpayer-notices/2025-05-01-2025-income-tax-rate,https://www.michigan.gov/treasury/reference/taxpayer-notices/2025/05/01/2025-tax-year-income-tax-rate-for-individuals-and-fiduciaries,extracted 2026-10-06
https://www.michigan.gov/treasury/reference/taxpayer-notices/2025/11/17/social-security-taxation-changes-in-public-act-24-of-2025,us-mi,income_tax,BLOCKED-CHECK,PRESENT,us-mi/guidance/2026-10-06-w6-income-tax-guidance-mi,us-mi/guidance/treasury/taxpayer-notices/2025-11-17-social-security-taxation-public-act-24-of-2025,https://www.michigan.gov/treasury/reference/taxpayer-notices/2025/11/17/social-security-taxation-changes-in-public-act-24-of-2025,extracted 2026-10-06
https://www.michigan.gov/treasury/reference/taxpayer-notices/2026/01/06/new-deductions-for-qualified-overtime-compensation-and-qualified-tips,us-mi,income_tax,BLOCKED-CHECK,PRESENT,us-mi/guidance/2026-10-06-w6-income-tax-guidance-mi,us-mi/guidance/treasury/taxpayer-notices/2026-01-06-qualified-overtime-and-tips-deductions,https://www.michigan.gov/treasury/reference/taxpayer-notices/2026/01/06/new-deductions-for-qualified-overtime-compensation-and-qualified-tips,extracted 2026-10-06
