id,jurisdiction,programs,action,new_status,scope_version,citation_path,official_url,note
us/form/irs/ty2021/i1040sca-line-5a-general-sales-taxes,us,income_tax,EXTRACT-MANIFEST,ALREADY-HELD,us/form/2026-09-24-irs-optional-sales-tax-tables-ty2021,us/form/irs/ty2021/i1040sca-line-5a-general-sales-taxes,https://www.irs.gov/pub/irs-prior/i1040sca--2021.pdf,"the 2026-09-24 optional sales tax tables scope (signed, locked) took this manifest entry; not re-extracted"
us/form/irs/ty2022/i1040sca-line-5a-general-sales-taxes,us,income_tax,EXTRACT-MANIFEST,ALREADY-HELD,us/form/2026-09-24-irs-optional-sales-tax-tables-ty2022-2025,us/form/irs/ty2022/i1040sca-line-5a-general-sales-taxes,https://www.irs.gov/pub/irs-prior/i1040sca--2022.pdf,"the 2026-09-24 optional sales tax tables scope (signed, locked) took this manifest entry; not re-extracted"
us/form/irs/ty2023/i1040sca-line-5a-general-sales-taxes,us,income_tax,EXTRACT-MANIFEST,ALREADY-HELD,us/form/2026-09-24-irs-optional-sales-tax-tables-ty2022-2025,us/form/irs/ty2023/i1040sca-line-5a-general-sales-taxes,https://www.irs.gov/pub/irs-prior/i1040sca--2023.pdf,"the 2026-09-24 optional sales tax tables scope (signed, locked) took this manifest entry; not re-extracted"
us/form/irs/ty2024/i1040sca-line-5a-general-sales-taxes,us,income_tax,EXTRACT-MANIFEST,ALREADY-HELD,us/form/2026-09-24-irs-optional-sales-tax-tables-ty2022-2025,us/form/irs/ty2024/i1040sca-line-5a-general-sales-taxes,https://www.irs.gov/pub/irs-prior/i1040sca--2024.pdf,"the 2026-09-24 optional sales tax tables scope (signed, locked) took this manifest entry; not re-extracted"
us/form/irs/ty2025/i1040sca-line-5a-general-sales-taxes,us,income_tax,EXTRACT-MANIFEST,ALREADY-HELD,us/form/2026-09-24-irs-optional-sales-tax-tables-ty2022-2025,us/form/irs/ty2025/i1040sca-line-5a-general-sales-taxes,https://www.irs.gov/pub/irs-prior/i1040sca--2025.pdf,"the 2026-09-24 optional sales tax tables scope (signed, locked) took this manifest entry; not re-extracted"
us/guidance/hhs/aspe/poverty-guidelines,us,chip liheap medicaid snap tanf wic,EXTRACT-MANIFEST,ALREADY-HELD,us/guidance/2026-09-13-liheap-annual-figures-2026,us/guidance/hhs/aspe/poverty-guidelines/2026,https://aspe.hhs.gov/topics/poverty-economic-mobility/poverty-guidelines,the manifest's undated path was never extracted; the same ASPE page (same source URL) is held as its 2026 edition under .../poverty-guidelines/2026
us/guidance/usda/fns/snap-fy2027-cola,us,snap,EXTRACT-MANIFEST,ALREADY-HELD,us/guidance/2026-09-24-snap-fy2027-cola,us/guidance/usda/fns/snap-fy2027-cola,https://www.fna.usda.gov/snap/allotment/cola/fy27,"signed, locked scope of 2026-09-24 holds the FY 2027 COLA memorandum (7 pages); not re-extracted"
us/form/cms/chip-children-coverage-map,us,chip,EXTRACT-MANIFEST,ALREADY-HELD,us/form/2026-07-05-cms-chip-children-coverage-map,us/form/cms/chip-children-coverage-map,https://www.medicaid.gov/media/file/chip-program-children-map-04162025.json,held from the same source URL (the CMS map JSON of 2025-04-16)
https://aspe.hhs.gov/topics/poverty-economic-mobility/poverty-guidelines/prior-hhs-poverty-guidelines-federal-register-references,us,chip medicaid snap,FETCH,PRESENT,us/guidance/2026-10-06-w6-federal-agency-guidance,us/guidance/hhs/aspe/prior-poverty-guidelines-federal-register-references,https://aspe.hhs.gov/topics/poverty-economic-mobility/poverty-guidelines/prior-hhs-poverty-guidelines-federal-register-references,Prior HHS Poverty Guidelines and Federal Register References
https://data.medicaid.gov/dataset/d7e4cccb-1c56-5b5d-acce-5e7744c6d3b4,us,chip medicaid,FETCH,OUT-OF-SCOPE,,,https://data.medicaid.gov/dataset/d7e4cccb-1c56-5b5d-acce-5e7744c6d3b4,"data.medicaid.gov dataset landing page (a data catalog record rendered by JavaScript), not a source of rules"
https://download.medicaid.gov/data/medicaid-and-chip-eligibility-levels.xy8t-auhk.csv,us,chip medicaid,FETCH,OUT-OF-SCOPE,,,https://download.medicaid.gov/data/medicaid-and-chip-eligibility-levels.xy8t-auhk.csv,dataset export (CSV of state eligibility levels); the CMS eligibility-levels page is held at us/form/cms/medicaid-chip-bhp-eligibility-levels
https://downloads.cms.gov/cmsgov/archived-downloads/smdl/downloads/sho10006.pdf,us,chip medicaid,FETCH,PRESENT,us/guidance/2026-10-06-w6-federal-cms-guidance,us/guidance/cms/sho/10-006,https://downloads.cms.gov/cmsgov/archived-downloads/smdl/downloads/sho10006.pdf,"SHO #10-006 (State Health Official letter, July 1, 2010)"
https://downloads.cms.gov/cmsgov/archived-downloads/smdl/downloads/smd10003.pdf,us,medicare,FETCH,PRESENT,us/guidance/2026-10-06-w6-federal-cms-guidance,us/guidance/cms/smd/10-003,https://downloads.cms.gov/cmsgov/archived-downloads/smdl/downloads/smd10003.pdf,"SMDL #10-003 (State Medicaid Director letter, February 18, 2010)"
https://fns-prod.azureedge.us/sites/default/files/resource-files/WICPC2018FoodPackage-1.pdf,us,wic,FETCH,OUT-OF-SCOPE,,,https://fns-prod.azureedge.us/sites/default/files/resource-files/WICPC2018FoodPackage-1.pdf,"WIC Participant and Program Characteristics 2018: Food Packages and Costs, Final Report (November 2020), a contractor research study for FNS's Office of Policy Support; third-party analysis, not a source of rules"
https://oui.doleta.gov/unemploy/docs/reduced_credit_states_2010-2025.xlsx,us,income_tax,FETCH,PRESENT,us/guidance/2026-10-06-w6-federal-agency-guidance,us/guidance/dol/eta/futa-credit-reduction-states-2010-2025,https://oui.doleta.gov/unemploy/docs/reduced_credit_states_2010-2025.xlsx,"FUTA credit reduction states and rates, 2010-2025 (workbook)"
https://oui.doleta.gov/unemploy/futa_credit.asp,us,income_tax,FETCH,PRESENT,us/guidance/2026-10-06-w6-federal-agency-guidance,us/guidance/dol/eta/futa-credit-reductions,https://oui.doleta.gov/unemploy/futa_credit.asp,FUTA Credit Reductions (Employment & Training Administration)
https://secure.ssa.gov/POMS.NSF/lnx/0501415057,us,ssi,FETCH,ALREADY-HELD,us/manual/2026-09-10-ssi-poms-si,us/manual/ssa/poms/si/01415.057,https://secure.ssa.gov/apps10/poms.nsf/lnx/0501415057,POMS SI 01415.057 (January 2025 optional supplementary payment levels) is a section of the SI 01415 subchapter taken whole
https://tile.loc.gov/storage-services/service/ll/uscode/uscode1976-00702/uscode1976-007026001/uscode1976-007026001.pdf,us,income_tax,FETCH,PRESENT,us/statute/2026-10-06-w6-federal-usc-historical-editions,us/statute/edition-1976/26/uscode1976-007026001,https://tile.loc.gov/storage-services/service/ll/uscode/uscode1976-00702/uscode1976-007026001/uscode1976-007026001.pdf,"United States Code, 1976 Edition, Title 26 - Internal Revenue Code (Library of Congress scan, uscode1976-007026001)"
https://uscode.house.gov/view.xhtml?req=(title:26%20section:63%20edition:prelim),us,income_tax,FETCH,ALREADY-HELD,us/statute/2026-08-03-rulespec-title-26-current-union,us/statute/26/63,https://uscode.house.gov/view.xhtml?req=granuleid:USC-prelim-title26-section63&num=0&edition=prelim,26 U.S.C. 63 is held from the OLRC release point; the prelim reader page answered only the site's 'Under Maintenance' page on 2026-10-06
https://uscode.house.gov/view.xhtml?req=granuleid:USC-1994-title42-section606&num=0&edition=1994,us,tanf,FETCH,PRESENT,us/statute/2026-10-06-w6-federal-usc-historical-editions,us/statute/edition-1994/42/606,https://www.govinfo.gov/content/pkg/USCODE-1994-title42/html/USCODE-1994-title42-chap6-subchapIV_2-partA-sec606.htm,"42 U.S.C. 606 (1994 edition), Definitions (AFDC); the bundle address is joined to this document through this row"
https://www.cms.gov/about-cms/what-we-do/medicare,us,medicare,FETCH,PRESENT,us/guidance/2026-10-06-w6-federal-cms-guidance,us/guidance/cms/medicare-program-general-information,https://www.cms.gov/about-cms/what-we-do/medicare,Medicare Program - General Information
https://www.cms.gov/newsroom/fact-sheets/2022-medicare-parts-b-premiums-deductibles-2022-medicare-part-d-income-related-monthly-adjustment,us,medicare,FETCH,PRESENT,us/guidance/2026-10-06-w6-federal-cms-guidance,us/guidance/cms/parts-a-b-premiums-deductibles/2022/fact-sheet,https://www.cms.gov/newsroom/fact-sheets/2022-medicare-parts-b-premiums-deductibles-2022-medicare-part-d-income-related-monthly-adjustment,2022 Medicare Parts A & B Premiums and Deductibles / 2022 Medicare Part D Income-Related Monthly Adjustment Amounts (CMS fact sheet)
https://www.cms.gov/newsroom/fact-sheets/2023-medicare-parts-b-premiums-and-deductibles-2023-medicare-part-d-income-related-monthly,us,medicare,FETCH,PRESENT,us/guidance/2026-10-06-w6-federal-cms-guidance,us/guidance/cms/parts-a-b-premiums-deductibles/2023/fact-sheet,https://www.cms.gov/newsroom/fact-sheets/2023-medicare-parts-b-premiums-and-deductibles-2023-medicare-part-d-income-related-monthly,2023 Medicare Parts A & B Premiums and Deductibles / 2023 Medicare Part D Income-Related Monthly Adjustment Amounts (CMS fact sheet)
https://www.cms.gov/newsroom/fact-sheets/2024-medicare-parts-b-premiums-and-deductibles,us,medicare,FETCH,PRESENT,us/guidance/2026-10-06-w6-federal-cms-guidance,us/guidance/cms/parts-a-b-premiums-deductibles/2024/fact-sheet,https://www.cms.gov/newsroom/fact-sheets/2024-medicare-parts-b-premiums-and-deductibles,2024 Medicare Parts A & B Premiums and Deductibles (CMS fact sheet)
https://www.cms.gov/newsroom/fact-sheets/2025-medicare-parts-b-premiums-and-deductibles,us,medicare,FETCH,PRESENT,us/guidance/2026-10-06-w6-federal-cms-guidance,us/guidance/cms/parts-a-b-premiums-deductibles/2025/fact-sheet,https://www.cms.gov/newsroom/fact-sheets/2025-medicare-parts-b-premiums-and-deductibles,2025 Medicare Parts A & B Premiums and Deductibles (CMS fact sheet)
https://www.cms.gov/newsroom/press-releases/2021-medicare-part-b-premiums-remain-steady,us,medicare,FETCH,PRESENT,us/guidance/2026-10-06-w6-federal-cms-guidance,us/guidance/cms/parts-a-b-premiums-deductibles/2021/press-release,https://www.cms.gov/newsroom/press-releases/2021-medicare-part-b-premiums-remain-steady,2021 Medicare Part B Premiums Remain Steady (CMS press release)
https://www.congress.gov/113/statute/STATUTE-128/STATUTE-128-Pg1971.pdf,us,ccdf,FETCH,PRESENT,us/statute/2026-10-06-w6-federal-public-laws,us/statute/public-law/113-186,https://www.congress.gov/113/statute/STATUTE-128/STATUTE-128-Pg1971.pdf,"Public Law 113-186, Child Care and Development Block Grant Act of 2014, November 19, 2014"
https://www.congress.gov/115/plaws/publ97/PLAW-115publ97.pdf,us,income_tax,FETCH,PRESENT,us/statute/2026-10-06-w6-federal-public-laws,us/statute/public-law/115-97,https://www.congress.gov/115/plaws/publ97/PLAW-115publ97.pdf,"Public Law 115-97 (Tax Cuts and Jobs Act), December 22, 2017"
https://www.congress.gov/119/plaws/publ21/PLAW-119publ21.pdf,us,chip income_tax,FETCH,PRESENT,us/statute/2026-10-06-w6-federal-public-laws,us/statute/public-law/119-21,https://www.govinfo.gov/content/pkg/PLAW-119publ21/pdf/PLAW-119publ21.pdf,"Public Law 119-21 (An Act to provide for reconciliation pursuant to title II of H. Con. Res. 14), July 4, 2025; the bundle address is joined to this document through this row"
https://www.democrats.senate.gov/imo/media/doc/inflation_reduction_act_of_2022.pdf,us,income_tax,FETCH,PRESENT,us/statute/2026-10-06-w6-federal-public-laws,us/statute/public-law/117-169,https://www.govinfo.gov/content/pkg/PLAW-117publ169/pdf/PLAW-117publ169.pdf,"Public Law 117-169 (Inflation Reduction Act of 2022), August 16, 2022; the bundle address is joined to this document through this row"
https://www.dol.gov/agencies/whd/overtime/salary-levels,us,income_tax,FETCH,PRESENT,us/guidance/2026-10-06-w6-federal-agency-guidance,us/guidance/dol/whd/overtime-salary-levels,https://www.dol.gov/agencies/whd/overtime/salary-levels,"Earnings thresholds for the Executive, Administrative, and Professional exemption from minimum wage and overtime protections under the FLSA"
https://www.fairfaxcounty.gov/familyservices/employment-and-training/volunteer-income-tax-assistance,us,income_tax,FETCH,OUT-OF-SCOPE,,,https://www.fairfaxcounty.gov/familyservices/employment-and-training/volunteer-income-tax-assistance,"a county service page for a local VITA site, not a source of federal rules; the IRS VITA/TCE eligibility pages are taken (us/guidance/irs/free-tax-return-preparation-for-qualifying-taxpayers)"
https://www.federalregister.gov/documents/2019/09/27/2019-20353/defining-and-delimiting-the-exemptions-for-executive-administrative-professional-outside-sales-and,us,income_tax,FETCH,PRESENT,us/rulemaking/2026-10-06-w6-federal-federal-register,us/rulemaking/federal-register/2019-09-27/2019-20353,https://www.govinfo.gov/content/pkg/FR-2019-09-27/pdf/2019-20353.pdf,"Defining and Delimiting the Exemptions for Executive, Administrative, Professional, Outside Sales and Computer Employees (final rule); the bundle address is joined to this document through this row"
https://www.federalregister.gov/documents/2024/03/27/2024-06464/omitting-food-from-in-kind-support-and-maintenance-calculations,us,ssi,FETCH,PRESENT,us/rulemaking/2026-10-06-w6-federal-federal-register,us/rulemaking/federal-register/2024-03-27/2024-06464,https://www.govinfo.gov/content/pkg/FR-2024-03-27/pdf/2024-06464.pdf,Omitting Food From In-Kind Support and Maintenance Calculations (final rule); the bundle address is joined to this document through this row
https://www.federalregister.gov/documents/2024/04/26/2024-08038/defining-and-delimiting-the-exemptions-for-executive-administrative-professional-outside-sales-and,us,income_tax,FETCH,PRESENT,us/rulemaking/2026-10-06-w6-federal-federal-register,us/rulemaking/federal-register/2024-04-26/2024-08038,https://www.govinfo.gov/content/pkg/FR-2024-04-26/pdf/2024-08038.pdf,"Defining and Delimiting the Exemptions for Executive, Administrative, Professional, Outside Sales, and Computer Employees (final rule); the bundle address is joined to this document through this row"
https://www.federalregister.gov/documents/2026/06/03/2026-11094/medicaid-program-community-engagement-requirement-for-certain-individuals,us,medicaid,FETCH,ALREADY-HELD,us/rulemaking/2026-06-03-cms-2454-ifc-types-rule-term-cms-2454-ifc-limit-1,us/rulemaking/federal-register/2026-06-03/2026-11094,https://www.govinfo.gov/content/pkg/FR-2026-06-03/pdf/2026-11094.pdf,"the federalregister.gov page redirects to the unblock bot wall; the same FR document (91 FR 33348) is held, and its 42 CFR 435 amendments are held in the CMS-2454-IFC regulation scope"
https://www.govinfo.gov/content/pkg/FR-2026-06-03/pdf/2026-11094.pdf,us,chip medicaid,FETCH,ALREADY-HELD,us/rulemaking/2026-06-03-cms-2454-ifc-types-rule-term-cms-2454-ifc-limit-1,us/rulemaking/federal-register/2026-06-03/2026-11094,https://www.govinfo.gov/content/pkg/FR-2026-06-03/pdf/2026-11094.pdf,held from the same govinfo PDF
https://www.govinfo.gov/content/pkg/GPO-CPRT-105WPRT37945/html/GPO-CPRT-105WPRT37945-2-7.htm,us,tanf,FETCH,OUT-OF-SCOPE,,,https://www.govinfo.gov/content/pkg/GPO-CPRT-105WPRT37945/html/GPO-CPRT-105WPRT37945-2-7.htm,"1998 Green Book (House Ways and Means committee print WMCP 105-7, section 7): background material and data, a secondary summary of the programs, not a source of rules (AGENTS.md: primary sources only)"
https://www.govinfo.gov/content/pkg/PLAW-119publ21/pdf/PLAW-119publ21.pdf,us,income_tax,FETCH,PRESENT,us/statute/2026-10-06-w6-federal-public-laws,us/statute/public-law/119-21,https://www.govinfo.gov/content/pkg/PLAW-119publ21/pdf/PLAW-119publ21.pdf,"Public Law 119-21 (An Act to provide for reconciliation pursuant to title II of H. Con. Res. 14), July 4, 2025"
https://www.govinfo.gov/link/cfr/42/435?link-type=pdf&sectionnum=121&year=mostrecent,us,medicaid,FETCH,ALREADY-HELD,us/regulation/2026-06-25-title-42-part-435,us/regulation/42/435/121,https://www.ecfr.gov/current/title-42/chapter-IV/subchapter-C/part-435#p-435.121,the govinfo link resolves to the annual CFR edition (10-1-25) PDF page of 42 CFR 435.121; the section is held from the eCFR
https://www.healthcare.gov/glossary/federal-poverty-level-fpl/,us,medicaid,FETCH,PRESENT,us/guidance/2026-10-06-w6-federal-cms-guidance,us/guidance/cms/healthcare-gov/glossary/federal-poverty-level,https://www.healthcare.gov/glossary/federal-poverty-level-fpl/,Federal Poverty Level (FPL) - Glossary (HealthCare.gov)
https://www.healthcare.gov/glossary/modified-adjusted-gross-income-magi,us,chip medicaid,FETCH,PRESENT,us/guidance/2026-10-06-w6-federal-cms-guidance,us/guidance/cms/healthcare-gov/glossary/modified-adjusted-gross-income,https://www.healthcare.gov/glossary/modified-adjusted-gross-income-magi,Modified Adjusted Gross Income (MAGI) - Glossary (HealthCare.gov)
https://www.healthcare.gov/medicaid-chip/childrens-health-insurance-program/,us,chip medicaid,FETCH,PRESENT,us/guidance/2026-10-06-w6-federal-cms-guidance,us/guidance/cms/healthcare-gov/childrens-health-insurance-program,https://www.healthcare.gov/medicaid-chip/childrens-health-insurance-program/,Children's Health Insurance Program (CHIP) Eligibility Requirements (HealthCare.gov)
https://www.irs.gov/businesses/small-businesses-self-employed/whats-new-estate-and-gift-tax,us,income_tax,FETCH,PRESENT,us/guidance/2026-10-06-w6-federal-irs-guidance,us/guidance/irs/whats-new-estate-and-gift-tax,https://www.irs.gov/businesses/small-businesses-self-employed/whats-new-estate-and-gift-tax,What's new — Estate and gift tax
https://www.irs.gov/faqs/social-security-income,us,income_tax,FETCH,PRESENT,us/guidance/2026-10-06-w6-federal-irs-guidance,us/guidance/irs/faq/social-security-income,https://www.irs.gov/faqs/social-security-income,Social Security Income (IRS frequently asked questions)
https://www.irs.gov/forms-pubs/about-schedule-f-form-1040,us,income_tax,FETCH,PRESENT,us/guidance/2026-10-06-w6-federal-irs-guidance,us/guidance/irs/about-schedule-f-form-1040,https://www.irs.gov/forms-pubs/about-schedule-f-form-1040,"About Schedule F (Form 1040), Profit or Loss From Farming"
https://www.irs.gov/government-entities/federal-state-local-governments/faqs-for-government-entities-regarding-cafeteria-plans,us,income_tax,FETCH,PRESENT,us/guidance/2026-10-06-w6-federal-irs-guidance,us/guidance/irs/faq/government-entities-cafeteria-plans,https://www.irs.gov/government-entities/federal-state-local-governments/faqs-for-government-entities-regarding-cafeteria-plans,FAQs for government entities regarding cafeteria plans
https://www.irs.gov/individuals/free-tax-return-preparation-for-qualifying-taxpayers,us,income_tax,FETCH,PRESENT,us/guidance/2026-10-06-w6-federal-irs-guidance,us/guidance/irs/free-tax-return-preparation-for-qualifying-taxpayers,https://www.irs.gov/individuals/free-tax-return-preparation-for-qualifying-taxpayers,Free tax return preparation for qualifying taxpayers
https://www.irs.gov/individuals/tax-counseling-for-the-elderly,us,income_tax,FETCH,PRESENT,us/guidance/2026-10-06-w6-federal-irs-guidance,us/guidance/irs/tax-counseling-for-the-elderly,https://www.irs.gov/individuals/tax-counseling-for-the-elderly,Tax Counseling for the Elderly
https://www.irs.gov/instructions/i461,us,income_tax,FETCH,PRESENT,us/form/2026-10-06-w6-federal-irs-forms,us/form/irs/ty2025/i461,https://www.irs.gov/instructions/i461,Instructions for Form 461 (2025); printed: Instructions for Form 461 (2025)
https://www.irs.gov/irb/2025-42_IRB,us,income_tax,FETCH,PRESENT,us/guidance/2026-10-06-w6-federal-irs-guidance,us/guidance/irs/irb/2025-42,https://www.irs.gov/irb/2025-42_IRB,Internal Revenue Bulletin: 2025-42
https://www.irs.gov/newsroom/401k-limit-increases-to-23500-for-2025-ira-limit-remains-7000,us,income_tax,FETCH,PRESENT,us/guidance/2026-10-06-w6-federal-irs-guidance,us/guidance/irs/newsroom/2025-401k-ira-limits,https://www.irs.gov/newsroom/401k-limit-increases-to-23500-for-2025-ira-limit-remains-7000,"401(k) limit increases to $23,500 for 2025, IRA limit remains $7,000"
https://www.irs.gov/newsroom/401k-limit-increases-to-24500-for-2026-ira-limit-increases-to-7500,us,income_tax,FETCH,PRESENT,us/guidance/2026-10-06-w6-federal-irs-guidance,us/guidance/irs/newsroom/2026-401k-ira-limits,https://www.irs.gov/newsroom/401k-limit-increases-to-24500-for-2026-ira-limit-increases-to-7500,"401(k) limit increases to $24,500 for 2026, IRA limit increases to $7,500"
https://www.irs.gov/newsroom/expanded-tax-benefits-help-individuals-and-businesses-give-to-charity-during-2021-deductions-up-to-600-available-for-cash-donations-by-non-itemizers,us,income_tax,FETCH,PRESENT,us/guidance/2026-10-06-w6-federal-irs-guidance,us/guidance/irs/newsroom/2021-charitable-deductions-non-itemizers,https://www.irs.gov/newsroom/expanded-tax-benefits-help-individuals-and-businesses-give-to-charity-during-2021-deductions-up-to-600-available-for-cash-donations-by-non-itemizers,Expanded tax benefits help individuals and businesses give to charity during 2021; deductions up to $600 available for cash donations by non-itemizers
https://www.irs.gov/newsroom/what-if-i-withdraw-money-from-my-ira,us,income_tax,FETCH,PRESENT,us/guidance/2026-10-06-w6-federal-irs-guidance,us/guidance/irs/newsroom/what-if-i-withdraw-money-from-my-ira,https://www.irs.gov/newsroom/what-if-i-withdraw-money-from-my-ira,What if I withdraw money from my IRA?
https://www.irs.gov/pub/irs-drop/n-18-70.pdf,us,income_tax,FETCH,PRESENT,us/guidance/2026-10-06-w6-federal-irs-guidance,us/guidance/irs/notice-2018-70,https://www.irs.gov/pub/irs-drop/n-18-70.pdf,"Notice 2018-70, Guidance on Qualifying Relative and the Exemption Amount"
https://www.irs.gov/pub/irs-drop/n-23-75.pdf,us,income_tax,FETCH,PRESENT,us/guidance/2026-10-06-w6-federal-irs-guidance,us/guidance/irs/notice-2023-75,https://www.irs.gov/pub/irs-drop/n-23-75.pdf,"Notice 2023-75, 2024 Limitations Adjusted as Provided in Section 415(d), etc."
https://www.irs.gov/pub/irs-drop/n-24-80.pdf,us,income_tax,FETCH,PRESENT,us/guidance/2026-10-06-w6-federal-irs-guidance,us/guidance/irs/notice-2024-80,https://www.irs.gov/pub/irs-drop/n-24-80.pdf,"Notice 2024-80, 2025 Amounts Relating to Retirement Plans and IRAs"
https://www.irs.gov/pub/irs-drop/rp-13-15.pdf,us,income_tax,FETCH,PRESENT,us/guidance/2026-10-06-w6-federal-irs-guidance,us/guidance/irs/rev-proc-2013-15,https://www.irs.gov/pub/irs-drop/rp-13-15.pdf,Rev. Proc. 2013-15 (2013 inflation-adjusted items after the American Taxpayer Relief Act)
https://www.irs.gov/pub/irs-drop/rp-13-35.pdf,us,income_tax,FETCH,PRESENT,us/guidance/2026-10-06-w6-federal-irs-guidance,us/guidance/irs/rev-proc-2013-35,https://www.irs.gov/pub/irs-drop/rp-13-35.pdf,Rev. Proc. 2013-35 (2014 inflation-adjusted items)
https://www.irs.gov/pub/irs-drop/rp-14-61.pdf,us,income_tax,FETCH,PRESENT,us/guidance/2026-10-06-w6-federal-irs-guidance,us/guidance/irs/rev-proc-2014-61,https://www.irs.gov/pub/irs-drop/rp-14-61.pdf,Rev. Proc. 2014-61 (2015 inflation-adjusted items)
https://www.irs.gov/pub/irs-drop/rp-15-53.pdf,us,income_tax,FETCH,PRESENT,us/guidance/2026-10-06-w6-federal-irs-guidance,us/guidance/irs/rev-proc-2015-53,https://www.irs.gov/pub/irs-drop/rp-15-53.pdf,Rev. Proc. 2015-53 (2016 inflation-adjusted items)
https://www.irs.gov/pub/irs-drop/rp-16-55.pdf,us,eitc income_tax,FETCH,PRESENT,us/guidance/2026-10-06-w6-federal-irs-guidance,us/guidance/irs/rev-proc-2016-55,https://www.irs.gov/pub/irs-drop/rp-16-55.pdf,Rev. Proc. 2016-55 (2017 inflation-adjusted items)
https://www.irs.gov/pub/irs-drop/rp-17-58.pdf,us,eitc income_tax,FETCH,PRESENT,us/guidance/2026-10-06-w6-federal-irs-guidance,us/guidance/irs/rev-proc-2017-58,https://www.irs.gov/pub/irs-drop/rp-17-58.pdf,Rev. Proc. 2017-58 (2018 inflation-adjusted items)
https://www.irs.gov/pub/irs-drop/rp-18-22.pdf,us,income_tax,FETCH,PRESENT,us/guidance/2026-10-06-w6-federal-irs-guidance,us/guidance/irs/rev-proc-2018-22,https://www.irs.gov/pub/irs-drop/rp-18-22.pdf,Rev. Proc. 2018-22 (modifies 2018 inflation-adjusted items of Rev. Proc. 2018-18)
https://www.irs.gov/pub/irs-drop/rp-18-57.pdf,us,ctc eitc income_tax,FETCH,PRESENT,us/guidance/2026-10-06-w6-federal-irs-guidance,us/guidance/irs/rev-proc-2018-57,https://www.irs.gov/pub/irs-drop/rp-18-57.pdf,Rev. Proc. 2018-57 (2019 inflation-adjusted items)
https://www.irs.gov/pub/irs-drop/rp-19-44.pdf,us,ctc eitc income_tax,FETCH,PRESENT,us/guidance/2026-10-06-w6-federal-irs-guidance,us/guidance/irs/rev-proc-2019-44,https://www.irs.gov/pub/irs-drop/rp-19-44.pdf,Rev. Proc. 2019-44 (2020 inflation-adjusted items)
https://www.irs.gov/pub/irs-drop/rp-20-45.pdf,us,ctc eitc income_tax,FETCH,PRESENT,us/guidance/2026-10-06-w6-federal-irs-guidance,us/guidance/irs/rev-proc-2020-45,https://www.irs.gov/pub/irs-drop/rp-20-45.pdf,Rev. Proc. 2020-45 (2021 inflation-adjusted items)
https://www.irs.gov/pub/irs-drop/rp-23-34.pdf,us,ctc eitc income_tax,FETCH,PRESENT,us/guidance/2026-10-06-w6-federal-irs-guidance,us/guidance/irs/rev-proc-2023-34,https://www.irs.gov/pub/irs-drop/rp-23-34.pdf,Rev. Proc. 2023-34 (2024 inflation-adjusted items)
https://www.irs.gov/pub/irs-pdf/f5695.pdf,us,income_tax,FETCH,PRESENT,us/form/2026-10-06-w6-federal-irs-forms,us/form/irs/ty2025/f5695,https://www.irs.gov/pub/irs-pdf/f5695.pdf,"Form 5695, Residential Energy Credits (2025); printed: Form 5695 2025"
https://www.irs.gov/pub/irs-pdf/f8917.pdf,us,income_tax,FETCH,PRESENT,us/form/2026-10-06-w6-federal-irs-forms,us/form/irs/ty2020/f8917,https://www.irs.gov/pub/irs-pdf/f8917.pdf,"Form 8917, Tuition and Fees Deduction (Rev. January 2020); printed: Form 8917 (Rev. January 2020)"
https://www.irs.gov/pub/irs-pdf/i1040gi.pdf,us,income_tax,FETCH,ALREADY-HELD,us/form/2026-09-10-tax-irs-forms-ty2025,us/form/irs/ty2025/i1040gi,https://www.irs.gov/instructions/i1040gi,the 2025 edition is held (HTML edition; this PDF is its print_version_pdf); the PDF prints the same 2025 edition
https://www.irs.gov/pub/irs-pdf/i1040s8.pdf,us,ctc income_tax,FETCH,ALREADY-HELD,us/form/2026-09-10-tax-irs-forms-ty2025,us/form/irs/ty2025/i1040s8,https://www.irs.gov/instructions/i1040s8,the 2025 edition is held (HTML edition; this PDF is its print_version_pdf); the PDF prints the same 2025 edition
https://www.irs.gov/pub/irs-pdf/i1040sd.pdf,us,income_tax,FETCH,ALREADY-HELD,us/form/2026-09-10-tax-irs-forms-ty2025,us/form/irs/ty2025/i1040sd,https://www.irs.gov/instructions/i1040sd,the 2025 edition is held (HTML edition; this PDF is its print_version_pdf); the PDF prints the same 2025 edition
https://www.irs.gov/pub/irs-pdf/i1040sr.pdf,us,income_tax,FETCH,PRESENT,us/form/2026-10-06-w6-federal-irs-forms,us/form/irs/ty2025/i1040sr,https://www.irs.gov/pub/irs-pdf/i1040sr.pdf,"Instructions for Schedule R (Form 1040), Credit for the Elderly or the Disabled (2025); printed: 2025 Instructions for Schedule R (Form 1040)"
https://www.irs.gov/pub/irs-pdf/i2441.pdf,us,income_tax,FETCH,ALREADY-HELD,us/form/2026-09-15-irs-forms-ty2025,us/form/irs/ty2025/i2441,https://www.irs.gov/instructions/i2441,the 2025 edition is held (HTML edition; this PDF is its print_version_pdf); the PDF prints the same 2025 edition
https://www.irs.gov/pub/irs-pdf/i5695.pdf,us,income_tax,FETCH,PRESENT,us/form/2026-10-06-w6-federal-irs-forms,us/form/irs/ty2025/i5695,https://www.irs.gov/pub/irs-pdf/i5695.pdf,"Instructions for Form 5695, Residential Energy Credits (2025); printed: 2025 Instructions for Form 5695"
https://www.irs.gov/pub/irs-pdf/i6251.pdf,us,income_tax,FETCH,ALREADY-HELD,us/form/2026-09-15-irs-forms-ty2025,us/form/irs/ty2025/i6251,https://www.irs.gov/instructions/i6251,the 2025 edition is held (HTML edition; this PDF is its print_version_pdf); the PDF prints the same 2025 edition
https://www.irs.gov/pub/irs-pdf/i8814.pdf,us,income_tax,FETCH,PRESENT,us/form/2026-10-06-w6-federal-irs-forms,us/form/irs/ty2025/i8814,https://www.irs.gov/pub/irs-pdf/i8814.pdf,"Instructions for Form 8814, Parents' Election To Report Child's Interest and Dividends (2025); printed: 2025 Instructions for Form 8814"
https://www.irs.gov/pub/irs-pdf/i8863.pdf,us,income_tax,FETCH,ALREADY-HELD,us/form/2026-09-15-irs-forms-ty2025,us/form/irs/ty2025/i8863,https://www.irs.gov/instructions/i8863,the 2025 edition is held (HTML edition; this PDF is its print_version_pdf); the PDF prints the same 2025 edition
https://www.irs.gov/pub/irs-pdf/i8936.pdf,us,income_tax,FETCH,PRESENT,us/form/2026-10-06-w6-federal-irs-forms,us/form/irs/ty2025/i8936,https://www.irs.gov/pub/irs-pdf/i8936.pdf,"Instructions for Form 8936, Clean Vehicle Credits (2025); printed: 2025 Instructions for Form 8936"
https://www.irs.gov/pub/irs-pdf/i8960.pdf,us,income_tax,FETCH,ALREADY-HELD,us/form/2026-09-15-irs-forms-ty2025,us/form/irs/ty2025/i8960,https://www.irs.gov/instructions/i8960,the 2025 edition is held (HTML edition; this PDF is its print_version_pdf); the PDF prints the same 2025 edition
https://www.irs.gov/pub/irs-pdf/i940.pdf,us,income_tax,FETCH,PRESENT,us/form/2026-10-06-w6-federal-irs-forms,us/form/irs/ty2025/i940,https://www.irs.gov/pub/irs-pdf/i940.pdf,"Instructions for Form 940, Employer's Annual Federal Unemployment (FUTA) Tax Return (2025); printed: 2025 Instructions for Form 940"
https://www.irs.gov/pub/irs-pdf/p1101.pdf,us,income_tax,FETCH,PRESENT,us/form/2026-10-06-w6-federal-irs-forms,us/form/irs/ty2026/p1101,https://www.irs.gov/pub/irs-pdf/p1101.pdf,"Publication 1101 (Rev. 4-2026), Tax Counseling for the Elderly Application Package and Guidelines; printed: Publication 1101 (Rev. 4-2026)"
https://www.irs.gov/pub/irs-pdf/p590a.pdf,us,income_tax,FETCH,PRESENT,us/form/2026-10-06-w6-federal-irs-forms,us/form/irs/ty2025/p590a,https://www.irs.gov/pub/irs-pdf/p590a.pdf,"Publication 590-A (2025), Contributions to Individual Retirement Arrangements (IRAs); printed: Publication 590-A, For use in preparing 2025 Returns"
https://www.irs.gov/pub/irs-pdf/p6126.pdf,us,income_tax,FETCH,PRESENT,us/form/2026-10-06-w6-federal-irs-forms,us/form/irs/ty2026/p6126,https://www.irs.gov/pub/irs-pdf/p6126.pdf,"Publication 6126 (1-2026), Purchased A New Vehicle?; printed: Publication 6126 (1-2026)"
https://www.irs.gov/pub/irs-pdf/p970.pdf,us,income_tax,FETCH,ALREADY-HELD,us/form/2026-09-15-irs-forms-ty2025,us/form/irs/ty2025/p970,https://www.irs.gov/publications/p970,the 2025 edition is held (HTML edition; this PDF is its print_version_pdf); the PDF prints the same 2025 edition
https://www.irs.gov/pub/irs-prior/f1040--2021.pdf,us,ctc income_tax,FETCH,PRESENT,us/form/2026-10-06-w6-federal-irs-forms,us/form/irs/ty2021/f1040,https://www.irs.gov/pub/irs-prior/f1040--2021.pdf,"Form 1040, U.S. Individual Income Tax Return (2021); printed: Form 1040 2021"
https://www.irs.gov/pub/irs-prior/f1040s1--2024.pdf,us,income_tax,FETCH,PRESENT,us/form/2026-10-06-w6-federal-irs-forms,us/form/irs/ty2024/f1040s1,https://www.irs.gov/pub/irs-prior/f1040s1--2024.pdf,"Schedule 1 (Form 1040), Additional Income and Adjustments to Income (2024); printed: SCHEDULE 1 (Form 1040) 2024"
https://www.irs.gov/pub/irs-prior/f1040s8--2021.pdf,us,ctc income_tax,FETCH,PRESENT,us/form/2026-10-06-w6-federal-irs-forms,us/form/irs/ty2021/f1040s8,https://www.irs.gov/pub/irs-prior/f1040s8--2021.pdf,"Schedule 8812 (Form 1040), Credits for Qualifying Children and Other Dependents (2021); printed: SCHEDULE 8812 (Form 1040) 2021"
https://www.irs.gov/pub/irs-prior/f1040sd--2025.pdf,us,income_tax,FETCH,ALREADY-HELD,us/form/2026-09-10-tax-irs-forms-ty2025,us/form/irs/ty2025/f1040sd,https://www.irs.gov/forms-pubs/about-schedule-d-form-1040,"the 2025 edition is held (byte-identical PDF, same sha256); the PDF prints the same 2025 edition"
https://www.irs.gov/pub/irs-prior/f1040sse--2025.pdf,us,income_tax,FETCH,ALREADY-HELD,us/form/2026-09-10-tax-irs-forms-ty2025,us/form/irs/ty2025/f1040sse,https://www.irs.gov/forms-pubs/about-schedule-se-form-1040,"the 2025 edition is held (byte-identical PDF, same sha256); the PDF prints the same 2025 edition"
https://www.irs.gov/pub/irs-prior/f2555--2025.pdf,us,income_tax,FETCH,PRESENT,us/form/2026-10-06-w6-federal-irs-forms,us/form/irs/ty2025/f2555,https://www.irs.gov/pub/irs-prior/f2555--2025.pdf,"Form 2555, Foreign Earned Income (2025); printed: Form 2555 (2025 file)"
https://www.irs.gov/pub/irs-prior/f461--2025.pdf,us,income_tax,FETCH,PRESENT,us/form/2026-10-06-w6-federal-irs-forms,us/form/irs/ty2025/f461,https://www.irs.gov/pub/irs-prior/f461--2025.pdf,"Form 461, Limitation on Business Losses (2025); printed: Form 461 (2025 file)"
https://www.irs.gov/pub/irs-prior/f4952--2025.pdf,us,income_tax,FETCH,PRESENT,us/form/2026-10-06-w6-federal-irs-forms,us/form/irs/ty2025/f4952,https://www.irs.gov/pub/irs-prior/f4952--2025.pdf,"Form 4952, Investment Interest Expense Deduction (2025); printed: Form 4952 2025"
https://www.irs.gov/pub/irs-prior/f5695--2013.pdf,us,income_tax,FETCH,PRESENT,us/form/2026-10-06-w6-federal-irs-forms,us/form/irs/ty2013/f5695,https://www.irs.gov/pub/irs-prior/f5695--2013.pdf,"Form 5695, Residential Energy Credits (2013); printed: Form 5695 (2013 file)"
https://www.irs.gov/pub/irs-prior/f8815--2025.pdf,us,income_tax,FETCH,PRESENT,us/form/2026-10-06-w6-federal-irs-forms,us/form/irs/ty2025/f8815,https://www.irs.gov/pub/irs-prior/f8815--2025.pdf,"Form 8815, Exclusion of Interest From Series EE and I U.S. Savings Bonds Issued After 1989 (2025); printed: Form 8815 (2025 file)"
https://www.irs.gov/pub/irs-prior/f8863--2015.pdf,us,income_tax,FETCH,PRESENT,us/form/2026-10-06-w6-federal-irs-forms,us/form/irs/ty2015/f8863,https://www.irs.gov/pub/irs-prior/f8863--2015.pdf,"Form 8863, Education Credits (2015); printed: Form 8863 (2015 file)"
https://www.irs.gov/pub/irs-prior/f8863--2020.pdf,us,income_tax,FETCH,PRESENT,us/form/2026-10-06-w6-federal-irs-forms,us/form/irs/ty2020/f8863,https://www.irs.gov/pub/irs-prior/f8863--2020.pdf,"Form 8863, Education Credits (2020); printed: Form 8863 (2020 file)"
https://www.irs.gov/pub/irs-prior/f8880--2013.pdf,us,income_tax,FETCH,PRESENT,us/form/2026-10-06-w6-federal-irs-forms,us/form/irs/ty2013/f8880,https://www.irs.gov/pub/irs-prior/f8880--2013.pdf,"Form 8880, Credit for Qualified Retirement Savings Contributions (2013); printed: Form 8880 (2013 file)"
https://www.irs.gov/pub/irs-prior/f8880--2018.pdf,us,income_tax,FETCH,PRESENT,us/form/2026-10-06-w6-federal-irs-forms,us/form/irs/ty2018/f8880,https://www.irs.gov/pub/irs-prior/f8880--2018.pdf,"Form 8880, Credit for Qualified Retirement Savings Contributions (2018); printed: Form 8880 (2018 file)"
https://www.irs.gov/pub/irs-prior/f8880--2021.pdf,us,income_tax,FETCH,PRESENT,us/form/2026-10-06-w6-federal-irs-forms,us/form/irs/ty2021/f8880,https://www.irs.gov/pub/irs-prior/f8880--2021.pdf,"Form 8880, Credit for Qualified Retirement Savings Contributions (2021); printed: Form 8880 (2021 file)"
https://www.irs.gov/pub/irs-prior/f940sa--2013.pdf,us,income_tax,FETCH,PRESENT,us/form/2026-10-06-w6-federal-irs-forms,us/form/irs/ty2013/f940sa,https://www.irs.gov/pub/irs-prior/f940sa--2013.pdf,Schedule A (Form 940) for 2013: Multi-State Employer and Credit Reduction Information; printed: Schedule A (Form 940) for 2013
https://www.irs.gov/pub/irs-prior/f940sa--2014.pdf,us,income_tax,FETCH,PRESENT,us/form/2026-10-06-w6-federal-irs-forms,us/form/irs/ty2014/f940sa,https://www.irs.gov/pub/irs-prior/f940sa--2014.pdf,Schedule A (Form 940) for 2014: Multi-State Employer and Credit Reduction Information; printed: Schedule A (Form 940) for 2014
https://www.irs.gov/pub/irs-prior/f940sa--2023.pdf,us,income_tax,FETCH,PRESENT,us/form/2026-10-06-w6-federal-irs-forms,us/form/irs/ty2023/f940sa,https://www.irs.gov/pub/irs-prior/f940sa--2023.pdf,Schedule A (Form 940) for 2023: Multi-State Employer and Credit Reduction Information; printed: Schedule A (Form 940) for 2023
https://www.irs.gov/pub/irs-prior/i1040gi--2009.pdf,us,income_tax,FETCH,PRESENT,us/form/2026-10-06-w6-federal-irs-forms,us/form/irs/ty2009/i1040gi,https://www.irs.gov/pub/irs-prior/i1040gi--2009.pdf,Instructions for Form 1040 (2009); printed: 2009 Form 1040 instructions (2009 file)
https://www.irs.gov/pub/irs-prior/i1040gi--2025.pdf,us,income_tax,FETCH,ALREADY-HELD,us/form/2026-09-10-tax-irs-forms-ty2025,us/form/irs/ty2025/i1040gi,https://www.irs.gov/instructions/i1040gi,the 2025 edition is held (HTML edition of the same 2025 instructions); the PDF prints the same 2025 edition
https://www.irs.gov/pub/irs-prior/i1040s8--2022.pdf,us,ctc income_tax,FETCH,PRESENT,us/form/2026-10-06-w6-federal-irs-forms,us/form/irs/ty2022/i1040s8,https://www.irs.gov/pub/irs-prior/i1040s8--2022.pdf,"Instructions for Schedule 8812, Credits for Qualifying Children and Other Dependents (2022); printed: 2022 Instructions for Schedule 8812"
https://www.irs.gov/pub/irs-prior/i1040s8--2025.pdf,us,ctc income_tax,FETCH,ALREADY-HELD,us/form/2026-09-10-tax-irs-forms-ty2025,us/form/irs/ty2025/i1040s8,https://www.irs.gov/instructions/i1040s8,the 2025 edition is held (HTML edition of the same 2025 instructions); the PDF prints the same 2025 edition
https://www.irs.gov/pub/irs-prior/i1040sca--2013.pdf,us,income_tax,FETCH,PRESENT,us/form/2026-10-06-w6-federal-irs-forms,us/form/irs/ty2013/i1040sca,https://www.irs.gov/pub/irs-prior/i1040sca--2013.pdf,"Instructions for Schedule A (Form 1040), Itemized Deductions (2013); printed: 2013 Schedule A instructions (2013 file)"
https://www.irs.gov/pub/irs-prior/i1040sca--2014.pdf,us,income_tax,FETCH,PRESENT,us/form/2026-10-06-w6-federal-irs-forms,us/form/irs/ty2014/i1040sca,https://www.irs.gov/pub/irs-prior/i1040sca--2014.pdf,"Instructions for Schedule A (Form 1040), Itemized Deductions (2014); printed: 2014 Instructions for Schedule A"
https://www.irs.gov/pub/irs-prior/i1040sca--2015.pdf,us,income_tax,FETCH,PRESENT,us/form/2026-10-06-w6-federal-irs-forms,us/form/irs/ty2015/i1040sca,https://www.irs.gov/pub/irs-prior/i1040sca--2015.pdf,"Instructions for Schedule A (Form 1040), Itemized Deductions (2015); printed: 2015 Instructions for Schedule A"
https://www.irs.gov/pub/irs-prior/i1040sca--2016.pdf,us,income_tax,FETCH,PRESENT,us/form/2026-10-06-w6-federal-irs-forms,us/form/irs/ty2016/i1040sca,https://www.irs.gov/pub/irs-prior/i1040sca--2016.pdf,"Instructions for Schedule A (Form 1040), Itemized Deductions (2016); printed: 2016 Instructions for Schedule A"
https://www.irs.gov/pub/irs-prior/i1040sca--2017.pdf,us,income_tax,FETCH,PRESENT,us/form/2026-10-06-w6-federal-irs-forms,us/form/irs/ty2017/i1040sca,https://www.irs.gov/pub/irs-prior/i1040sca--2017.pdf,"Instructions for Schedule A (Form 1040), Itemized Deductions (2017); printed: 2017 Instructions for Schedule A"
https://www.irs.gov/pub/irs-prior/i1040sca--2018.pdf,us,income_tax,FETCH,PRESENT,us/form/2026-10-06-w6-federal-irs-forms,us/form/irs/ty2018/i1040sca,https://www.irs.gov/pub/irs-prior/i1040sca--2018.pdf,"Instructions for Schedule A (Form 1040), Itemized Deductions (2018); printed: 2018 Instructions for Schedule A (Rev. February 2020)"
https://www.irs.gov/pub/irs-prior/i1040sca--2019.pdf,us,income_tax,FETCH,PRESENT,us/form/2026-10-06-w6-federal-irs-forms,us/form/irs/ty2019/i1040sca,https://www.irs.gov/pub/irs-prior/i1040sca--2019.pdf,"Instructions for Schedule A (Form 1040), Itemized Deductions (2019); printed: 2019 Instructions for Schedule A (Rev. January 2020)"
https://www.irs.gov/pub/irs-prior/i1040sca--2020.pdf,us,income_tax,FETCH,PRESENT,us/form/2026-10-06-w6-federal-irs-forms,us/form/irs/ty2020/i1040sca,https://www.irs.gov/pub/irs-prior/i1040sca--2020.pdf,"Instructions for Schedule A (Form 1040), Itemized Deductions (2020); printed: 2020 Instructions for Schedule A"
https://www.irs.gov/pub/irs-prior/i1040sd--2025.pdf,us,income_tax,FETCH,ALREADY-HELD,us/form/2026-09-10-tax-irs-forms-ty2025,us/form/irs/ty2025/i1040sd,https://www.irs.gov/instructions/i1040sd,the 2025 edition is held (HTML edition of the same 2025 instructions); the PDF prints the same 2025 edition
https://www.irs.gov/pub/irs-prior/i1040se--2024.pdf,us,income_tax,FETCH,PRESENT,us/form/2026-10-06-w6-federal-irs-forms,us/form/irs/ty2024/i1040se,https://www.irs.gov/pub/irs-prior/i1040se--2024.pdf,"Instructions for Schedule E (Form 1040), Supplemental Income and Loss (2024); printed: 2024 Instructions for Schedule E"
https://www.irs.gov/pub/irs-prior/i1040sr--2013.pdf,us,income_tax,FETCH,PRESENT,us/form/2026-10-06-w6-federal-irs-forms,us/form/irs/ty2013/i1040sr,https://www.irs.gov/pub/irs-prior/i1040sr--2013.pdf,"Instructions for Schedule R (Form 1040A or 1040), Credit for the Elderly or the Disabled (2013); printed: 2013 Instructions for Schedule R"
https://www.irs.gov/pub/irs-prior/i1040sr--2021.pdf,us,income_tax,FETCH,PRESENT,us/form/2026-10-06-w6-federal-irs-forms,us/form/irs/ty2021/i1040sr,https://www.irs.gov/pub/irs-prior/i1040sr--2021.pdf,"Instructions for Schedule R (Form 1040), Credit for the Elderly or the Disabled (2021); printed: 2021 Instructions for Schedule R"
https://www.irs.gov/pub/irs-prior/i2441--2013.pdf,us,income_tax,FETCH,PRESENT,us/form/2026-10-06-w6-federal-irs-forms,us/form/irs/ty2013/i2441,https://www.irs.gov/pub/irs-prior/i2441--2013.pdf,"Instructions for Form 2441, Child and Dependent Care Expenses (2013); printed: 2013 Instructions for Form 2441"
https://www.irs.gov/pub/irs-prior/i2441--2021.pdf,us,income_tax,FETCH,PRESENT,us/form/2026-10-06-w6-federal-irs-forms,us/form/irs/ty2021/i2441,https://www.irs.gov/pub/irs-prior/i2441--2021.pdf,"Instructions for Form 2441, Child and Dependent Care Expenses (2021); printed: 2021 Instructions for Form 2441"
https://www.irs.gov/pub/irs-prior/i5695--2022.pdf,us,income_tax,FETCH,PRESENT,us/form/2026-10-06-w6-federal-irs-forms,us/form/irs/ty2022/i5695,https://www.irs.gov/pub/irs-prior/i5695--2022.pdf,"Instructions for Form 5695, Residential Energy Credits (2022); printed: 2022 Instructions for Form 5695"
https://www.irs.gov/pub/irs-prior/i706--2011.pdf,us,income_tax,FETCH,PRESENT,us/form/2026-10-06-w6-federal-irs-forms,us/form/irs/ty2011/i706,https://www.irs.gov/pub/irs-prior/i706--2011.pdf,"Instructions for Form 706 (Rev. August 2011), United States Estate (and Generation-Skipping Transfer) Tax Return; printed: Instructions for Form 706 (Rev. August 2011)"
https://www.irs.gov/pub/irs-prior/i706--2021.pdf,us,income_tax,FETCH,PRESENT,us/form/2026-10-06-w6-federal-irs-forms,us/form/irs/ty2021/i706,https://www.irs.gov/pub/irs-prior/i706--2021.pdf,"Instructions for Form 706 (Rev. September 2021), United States Estate (and Generation-Skipping Transfer) Tax Return; printed: Instructions for Form 706 (Rev. September 2021)"
https://www.irs.gov/pub/irs-prior/i706--2022.pdf,us,income_tax,FETCH,PRESENT,us/form/2026-10-06-w6-federal-irs-forms,us/form/irs/ty2022/i706,https://www.irs.gov/pub/irs-prior/i706--2022.pdf,"Instructions for Form 706 (Rev. September 2022), United States Estate (and Generation-Skipping Transfer) Tax Return; printed: Instructions for Form 706 (Rev. September 2022)"
https://www.irs.gov/pub/irs-prior/i706--2023.pdf,us,income_tax,FETCH,PRESENT,us/form/2026-10-06-w6-federal-irs-forms,us/form/irs/ty2023/i706,https://www.irs.gov/pub/irs-prior/i706--2023.pdf,"Instructions for Form 706 (Rev. September 2023), United States Estate (and Generation-Skipping Transfer) Tax Return; printed: Instructions for Form 706 (Rev. September 2023)"
https://www.irs.gov/pub/irs-prior/i706--2024.pdf,us,income_tax,FETCH,PRESENT,us/form/2026-10-06-w6-federal-irs-forms,us/form/irs/ty2024/i706,https://www.irs.gov/pub/irs-prior/i706--2024.pdf,"Instructions for Form 706 (Rev. October 2024), United States Estate (and Generation-Skipping Transfer) Tax Return; printed: Instructions for Form 706 (Rev. October 2024)"
https://www.irs.gov/pub/irs-prior/i8863--2013.pdf,us,income_tax,FETCH,PRESENT,us/form/2026-10-06-w6-federal-irs-forms,us/form/irs/ty2013/i8863,https://www.irs.gov/pub/irs-prior/i8863--2013.pdf,"Instructions for Form 8863, Education Credits (2013); printed: 2013 Instructions for Form 8863"
https://www.irs.gov/pub/irs-prior/i8863--2021.pdf,us,income_tax,FETCH,PRESENT,us/form/2026-10-06-w6-federal-irs-forms,us/form/irs/ty2021/i8863,https://www.irs.gov/pub/irs-prior/i8863--2021.pdf,"Instructions for Form 8863, Education Credits (2021); printed: 2021 Instructions for Form 8863"
https://www.irs.gov/pub/irs-prior/i8936--2017.pdf,us,income_tax,FETCH,PRESENT,us/form/2026-10-06-w6-federal-irs-forms,us/form/irs/ty2017/i8936,https://www.irs.gov/pub/irs-prior/i8936--2017.pdf,"Instructions for Form 8936, Qualified Plug-in Electric Drive Motor Vehicle Credit (2017); printed: 2017 Instructions for Form 8936"
https://www.irs.gov/pub/irs-prior/i8936--2022.pdf,us,income_tax,FETCH,PRESENT,us/form/2026-10-06-w6-federal-irs-forms,us/form/irs/ty2022/i8936,https://www.irs.gov/pub/irs-prior/i8936--2022.pdf,"Instructions for Form 8936 (Rev. January 2022), Qualified Plug-in Electric Drive Motor Vehicle Credit; printed: Instructions for Form 8936 (Rev. January 2022)"
https://www.irs.gov/pub/irs-prior/i8936--2023.pdf,us,income_tax,FETCH,PRESENT,us/form/2026-10-06-w6-federal-irs-forms,us/form/irs/ty2023/i8936,https://www.irs.gov/pub/irs-prior/i8936--2023.pdf,"Instructions for Form 8936, Clean Vehicle Credits (2023); printed: 2023 Instructions for Form 8936"
https://www.irs.gov/pub/irs-prior/i8960--2024.pdf,us,income_tax,FETCH,PRESENT,us/form/2026-10-06-w6-federal-irs-forms,us/form/irs/ty2024/i8960,https://www.irs.gov/pub/irs-prior/i8960--2024.pdf,"Instructions for Form 8960, Net Investment Income Tax (2024); printed: 2024 Instructions for Form 8960"
https://www.irs.gov/pub/irs-prior/i8960--2025.pdf,us,income_tax,FETCH,ALREADY-HELD,us/form/2026-09-15-irs-forms-ty2025,us/form/irs/ty2025/i8960,https://www.irs.gov/instructions/i8960,the 2025 edition is held (HTML edition of the same 2025 instructions); the PDF prints the same 2025 edition
https://www.irs.gov/pub/irs-prior/p501--2014.pdf,us,income_tax,FETCH,PRESENT,us/form/2026-10-06-w6-federal-irs-forms,us/form/irs/ty2014/p501,https://www.irs.gov/pub/irs-prior/p501--2014.pdf,"Publication 501 (2014), Exemptions, Standard Deduction, and Filing Information; printed: Publication 501 (2014 file)"
https://www.irs.gov/pub/irs-prior/p501--2022.pdf,us,income_tax,FETCH,PRESENT,us/form/2026-10-06-w6-federal-irs-forms,us/form/irs/ty2022/p501,https://www.irs.gov/pub/irs-prior/p501--2022.pdf,"Publication 501 (2022), Dependents, Standard Deduction, and Filing Information; printed: Publication 501 (2022 file)"
https://www.irs.gov/pub/irs-prior/p526--2020.pdf,us,income_tax,FETCH,PRESENT,us/form/2026-10-06-w6-federal-irs-forms,us/form/irs/ty2020/p526,https://www.irs.gov/pub/irs-prior/p526--2020.pdf,"Publication 526 (2020), Charitable Contributions; printed: Publication 526 (2020 file)"
https://www.irs.gov/pub/irs-prior/p526--2021.pdf,us,income_tax,FETCH,PRESENT,us/form/2026-10-06-w6-federal-irs-forms,us/form/irs/ty2021/p526,https://www.irs.gov/pub/irs-prior/p526--2021.pdf,"Publication 526 (2021), Charitable Contributions; printed: Publication 526 (2021 file)"
https://www.irs.gov/pub/irs-prior/p535--2018.pdf,us,income_tax,FETCH,PRESENT,us/form/2026-10-06-w6-federal-irs-forms,us/form/irs/ty2018/p535,https://www.irs.gov/pub/irs-prior/p535--2018.pdf,"Publication 535 (2018), Business Expenses; printed: Publication 535 (2018 file; page 1 is the IRS prior-year caution page)"
https://www.irs.gov/pub/irs-prior/p590a--2018.pdf,us,income_tax,FETCH,PRESENT,us/form/2026-10-06-w6-federal-irs-forms,us/form/irs/ty2018/p590a,https://www.irs.gov/pub/irs-prior/p590a--2018.pdf,"Publication 590-A (2018), Contributions to Individual Retirement Arrangements (IRAs); printed: Publication 590-A (2018 file; page 1 is the IRS prior-year caution page)"
https://www.irs.gov/pub/irs-prior/p596--2021.pdf,us,income_tax,FETCH,PRESENT,us/form/2026-10-06-w6-federal-irs-forms,us/form/irs/ty2021/p596,https://www.irs.gov/pub/irs-prior/p596--2021.pdf,"Publication 596 (2021), Earned Income Credit (EIC); printed: Publication 596, For use in preparing 2021 Returns"
https://www.irs.gov/pub/irs-prior/p915--2022.pdf,us,income_tax,FETCH,PRESENT,us/form/2026-10-06-w6-federal-irs-forms,us/form/irs/ty2022/p915,https://www.irs.gov/pub/irs-prior/p915--2022.pdf,"Publication 915 (2022), Social Security and Equivalent Railroad Retirement Benefits; printed: Publication 915 (2022 file)"
https://www.irs.gov/pub/irs-prior/p929--2021.pdf,us,income_tax,FETCH,PRESENT,us/form/2026-10-06-w6-federal-irs-forms,us/form/irs/ty2021/p929,https://www.irs.gov/pub/irs-prior/p929--2021.pdf,"Publication 929 (2021), Tax Rules for Children and Dependents; printed: Publication 929, For use in preparing 2021 Returns"
https://www.irs.gov/pub/irs-prior/p970--2021.pdf,us,income_tax,FETCH,PRESENT,us/form/2026-10-06-w6-federal-irs-forms,us/form/irs/ty2021/p970,https://www.irs.gov/pub/irs-prior/p970--2021.pdf,"Publication 970 (2021), Tax Benefits for Education; printed: Publication 970, For use in preparing 2021 Returns"
https://www.irs.gov/pub/irs-prior/p970--2022.pdf,us,income_tax,FETCH,PRESENT,us/form/2026-10-06-w6-federal-irs-forms,us/form/irs/ty2022/p970,https://www.irs.gov/pub/irs-prior/p970--2022.pdf,"Publication 970 (2022), Tax Benefits for Education; printed: Publication 970, For use in preparing 2022 Returns"
https://www.irs.gov/pub/irs-prior/p972--2013.pdf,us,ctc income_tax,FETCH,PRESENT,us/form/2026-10-06-w6-federal-irs-forms,us/form/irs/ty2013/p972,https://www.irs.gov/pub/irs-prior/p972--2013.pdf,"Publication 972 (2013), Child Tax Credit; printed: Publication 972, For use in preparing 2013 Returns"
https://www.irs.gov/pub/irs-prior/p972--2020.pdf,us,ctc income_tax,FETCH,PRESENT,us/form/2026-10-06-w6-federal-irs-forms,us/form/irs/ty2020/p972,https://www.irs.gov/pub/irs-prior/p972--2020.pdf,"Publication 972 (2020), Child Tax Credit and Credit for Other Dependents; printed: Publication 972 (2020 file)"
https://www.irs.gov/pub/irs-tege/cola-table.pdf,us,income_tax,FETCH,PRESENT,us/guidance/2026-10-06-w6-federal-irs-guidance,us/guidance/irs/retirement-plan-cola-table,https://www.irs.gov/pub/irs-tege/cola-table.pdf,"Cost-of-Living Adjustments for Retirement Items (IRS table, 2020-2025 columns)"
https://www.irs.gov/publications/p15,us,income_tax,FETCH,PRESENT,us/form/2026-10-06-w6-federal-irs-forms,us/form/irs/ty2026/p15,https://www.irs.gov/publications/p15,"Publication 15 (2026), (Circular E), Employer's Tax Guide; printed: Publication 15 (2026)"
https://www.irs.gov/publications/p590b,us,income_tax,FETCH,PRESENT,us/form/2026-10-06-w6-federal-irs-forms,us/form/irs/ty2025/p590b,https://www.irs.gov/publications/p590b,"Publication 590-B (2025), Distributions from Individual Retirement Arrangements (IRAs); printed: Publication 590-B (2025)"
https://www.irs.gov/publications/p915,us,income_tax,FETCH,PRESENT,us/form/2026-10-06-w6-federal-irs-forms,us/form/irs/ty2025/p915,https://www.irs.gov/publications/p915,"Publication 915 (2025), Social Security and Equivalent Railroad Retirement Benefits; printed: Publication 915 (2025)"
https://www.irs.gov/retirement-plans/plan-participant-employee/retirement-savings-contributions-savers-credit,us,income_tax,FETCH,PRESENT,us/guidance/2026-10-06-w6-federal-irs-guidance,us/guidance/irs/savers-credit,https://www.irs.gov/retirement-plans/plan-participant-employee/retirement-savings-contributions-savers-credit,Retirement Savings Contributions Credit (Saver's Credit)
https://www.irs.gov/taxtopics/tc409,us,income_tax,FETCH,PRESENT,us/guidance/2026-10-06-w6-federal-irs-guidance,us/guidance/irs/tax-topic/409,https://www.irs.gov/taxtopics/tc409,"Topic no. 409, Capital gains and losses"
https://www.irs.gov/taxtopics/tc452,us,income_tax,FETCH,PRESENT,us/guidance/2026-10-06-w6-federal-irs-guidance,us/guidance/irs/tax-topic/452,https://www.irs.gov/taxtopics/tc452,"Topic no. 452, Alimony and separate maintenance"
https://www.irs.gov/taxtopics/tc505,us,income_tax,FETCH,PRESENT,us/guidance/2026-10-06-w6-federal-irs-guidance,us/guidance/irs/tax-topic/505,https://www.irs.gov/taxtopics/tc505,"Topic no. 505, Interest expense"
https://www.macpac.gov/publication/child-enrollment-in-chip-and-medicaid-by-state/,us,chip medicaid,FETCH,OUT-OF-SCOPE,,,https://www.macpac.gov/publication/child-enrollment-in-chip-and-medicaid-by-state/,"MACStats Exhibit 32 (enrollment statistics) by MACPAC, a legislative-branch advisory commission; data, not rules"
https://www.macpac.gov/publication/chip-spending-by-state/,us,chip medicaid,FETCH,OUT-OF-SCOPE,,,https://www.macpac.gov/publication/chip-spending-by-state/,"MACStats Exhibit 33 (spending statistics); data, not rules"
https://www.macpac.gov/publication/medicaid-and-chip-income-eligibility-levels-as-a-percentage-of-the-federal-poverty-level-for-children-and-pregnant-women-by-state/,us,chip medicaid,FETCH,OUT-OF-SCOPE,,,https://www.macpac.gov/publication/medicaid-and-chip-income-eligibility-levels-as-a-percentage-of-the-federal-poverty-level-for-children-and-pregnant-women-by-state/,"MACStats Exhibit 35, a secondary compilation of state eligibility levels; the rules are the state plans (CMS eligibility-levels page held at us/form/cms/medicaid-chip-bhp-eligibility-levels)"
https://www.macpac.gov/wp-content/uploads/2022/12/MACSTATS_Dec2022_WEB-508.pdf,us,chip medicaid,FETCH,OUT-OF-SCOPE,,,https://www.macpac.gov/wp-content/uploads/2022/12/MACSTATS_Dec2022_WEB-508.pdf,"MACStats: Medicaid and CHIP Data Book, December 2022 (172 pages of statistics); data, not rules"
https://www.medicaid.gov/Medicaid-CHIP-Program-Information/By-Topics/Waivers/1115/downloads/ar/Health-Care-Independence-Program-Private-Option/ar-works-annl-rpt-jan-dec-2018.pdf,us,chip medicaid,FETCH,PRESENT,us/policy/2026-10-06-w6-federal-cms-state-plans,us/policy/cms/section-1115/ar/arkansas-works-annual-report-2018,https://www.medicaid.gov/Medicaid-CHIP-Program-Information/By-Topics/Waivers/1115/downloads/ar/Health-Care-Independence-Program-Private-Option/ar-works-annl-rpt-jan-dec-2018.pdf,"Arkansas Works Section 1115 Demonstration Waiver Annual Report, January 1, 2018 - December 31, 2018"
https://www.medicaid.gov/Medicaid-CHIP-Program-Information/By-Topics/Waivers/1115/downloads/mi/Healthy-Michigan/mi-healthy-michigan-waiver-amend-req-11082013.pdf,us,medicaid,FETCH,PRESENT,us/policy/2026-10-06-w6-federal-cms-state-plans,us/policy/cms/section-1115/mi/healthy-michigan-waiver-amendment-request-2013-11-08,https://www.medicaid.gov/Medicaid-CHIP-Program-Information/By-Topics/Waivers/1115/downloads/mi/Healthy-Michigan/mi-healthy-michigan-waiver-amend-req-11082013.pdf,"Healthy Michigan Plan Section 1115 Waiver Amendment Request (November 8, 2013)"
https://www.medicaid.gov/State-resource-center/Medicaid-State-Plan-Amendments/Downloads/LA/LA-14-04.pdf,us,medicaid,FETCH,PRESENT,us/policy/2026-10-06-w6-federal-cms-state-plans,us/policy/cms/medicaid-spa/la/la-14-04,https://www.medicaid.gov/State-resource-center/Medicaid-State-Plan-Amendments/Downloads/LA/LA-14-04.pdf,Louisiana Medicaid State Plan Amendment 14-04 (approval package)
https://www.medicaid.gov/chip/chip-eligibility-enrollment,us,chip medicaid,FETCH,PRESENT,us/guidance/2026-10-06-w6-federal-cms-guidance,us/guidance/cms/medicaid-gov/chip-eligibility-enrollment,https://www.medicaid.gov/chip/chip-eligibility-enrollment,CHIP Eligibility & Enrollment
https://www.medicaid.gov/federal-policy-guidance/downloads/SHO-12-002.pdf,us,chip medicaid,FETCH,PRESENT,us/guidance/2026-10-06-w6-federal-cms-guidance,us/guidance/cms/sho/12-002,https://www.medicaid.gov/federal-policy-guidance/downloads/SHO-12-002.pdf,"SHO #12-002 (State Health Official letter, August 28, 2012)"
https://www.medicaid.gov/federal-policy-guidance/downloads/cib04272026.pdf,us,medicaid,FETCH,PRESENT,us/guidance/2026-10-06-w6-federal-cms-guidance,us/guidance/cms/cib/2026-04-27,https://www.medicaid.gov/federal-policy-guidance/downloads/cib04272026.pdf,"CMCS Informational Bulletin, April 27, 2026"
https://www.medicaid.gov/federal-policy-guidance/downloads/cib05282025.pdf,us,medicaid,FETCH,PRESENT,us/guidance/2026-10-06-w6-federal-cms-guidance,us/guidance/cms/cib/2025-05-28,https://www.medicaid.gov/federal-policy-guidance/downloads/cib05282025.pdf,"CMCS Informational Bulletin, May 28, 2025"
https://www.medicaid.gov/federal-policy-guidance/downloads/cib11182025.pdf,us,medicaid,FETCH,PRESENT,us/guidance/2026-10-06-w6-federal-cms-guidance,us/guidance/cms/cib/2025-11-18,https://www.medicaid.gov/federal-policy-guidance/downloads/cib11182025.pdf,"CMCS Informational Bulletin, November 18, 2025"
https://www.medicaid.gov/federal-policy-guidance/downloads/cib12082025.pdf,us,chip medicaid tanf,FETCH,PRESENT,us/guidance/2026-10-06-w6-federal-cms-guidance,us/guidance/cms/cib/2025-12-08,https://www.medicaid.gov/federal-policy-guidance/downloads/cib12082025.pdf,"CMCS Informational Bulletin, December 8, 2025"
https://www.medicaid.gov/federal-policy-guidance/downloads/cib12092025.pdf,us,medicaid,FETCH,PRESENT,us/guidance/2026-10-06-w6-federal-cms-guidance,us/guidance/cms/cib/2025-12-09,https://www.medicaid.gov/federal-policy-guidance/downloads/cib12092025.pdf,"CMCS Informational Bulletin, December 9, 2025"
https://www.medicaid.gov/federal-policy-guidance/downloads/sho-12-002.pdf,us,chip medicaid,FETCH,PRESENT,us/guidance/2026-10-06-w6-federal-cms-guidance,us/guidance/cms/sho/12-002,https://www.medicaid.gov/federal-policy-guidance/downloads/SHO-12-002.pdf,"SHO #12-002 (State Health Official letter, August 28, 2012); the bundle address is joined to this document through this row"
https://www.medicaid.gov/federal-policy-guidance/downloads/sho21007.pdf,us,medicaid,FETCH,PRESENT,us/guidance/2026-10-06-w6-federal-cms-guidance,us/guidance/cms/sho/21-007,https://www.medicaid.gov/federal-policy-guidance/downloads/sho21007.pdf,"SHO #21-007, Improving Maternal Health and Extending Postpartum Coverage (December 7, 2021)"
https://www.medicaid.gov/federal-policy-guidance/downloads/sho26001.pdf,us,chip medicaid,FETCH,PRESENT,us/guidance/2026-10-06-w6-federal-cms-guidance,us/guidance/cms/sho/26-001,https://www.medicaid.gov/federal-policy-guidance/downloads/sho26001.pdf,"SHO #26-001, Implementation of Section 71109 Alien Medicaid Eligibility of Public Law 119-21 (April 8, 2026)"
https://www.medicaid.gov/medicaid-spa/2023-11-22/156086,us,chip medicaid,FETCH,ALREADY-HELD,us-ga/policy/2026-09-13-medicaid-state-plan,us-ga/policy/cms/medicaid-state-plan/spa/ga-23-0002-vlp/approval-document,https://www.medicaid.gov/medicaid/spa/downloads/GA-23-0002-VLP.pdf,"the medicaid.gov SPA page (node 156086) prints a one-sentence summary; the SPA's approval document, indexed from the same node, is held in the Georgia CMS state-plan scope"
https://www.medicaid.gov/medicaid-spa/2025-05-07/179381,us,chip medicaid,FETCH,ALREADY-HELD,us-nv/policy/2026-09-13-medicaid-state-plan,us-nv/policy/cms/medicaid-state-plan/spa/nv-25-0006/approval-document,https://www.medicaid.gov/medicaid/spa/downloads/NV-25-0006.pdf,"the medicaid.gov SPA page (node 179381) prints a one-sentence summary; the SPA's approval document, indexed from the same node, is held in the Nevada CMS state-plan scope"
https://www.medicaid.gov/medicaid/enrollment-strategies/medicaid-and-chip-coverage-lawfully-residing-children-pregnant-individuals,us,chip medicaid,FETCH,PRESENT,us/guidance/2026-10-06-w6-federal-cms-guidance,us/guidance/cms/medicaid-gov/coverage-of-lawfully-residing-children-and-pregnant-women,https://www.medicaid.gov/medicaid/enrollment-strategies/medicaid-and-chip-coverage-lawfully-residing-children-pregnant-individuals,Medicaid and CHIP Coverage of Lawfully Residing Children & Pregnant Women
https://www.medicaid.gov/medicaid/financial-management/state-expenditure-reporting-for-medicaid-chip/expenditure-reports-mbescbes,us,chip,FETCH,OUT-OF-SCOPE,,,https://www.medicaid.gov/medicaid/financial-management/state-budget-expenditure-reporting-for-medicaid-and-chip/expenditure-reports-mbes/cbes,"index of MBES/CBES expenditure data reports (redirects to the expenditure-reports-mbes/cbes page); data, not rules"
https://www.medicaid.gov/medicaid/section-1115-demo/demonstration-and-waiver-list/81021,us,chip medicaid,FETCH,PRESENT,us/policy/2026-10-06-w6-federal-cms-state-plans,us/policy/cms/section-1115/ar/arkansas-works,https://www.medicaid.gov/medicaid/section-1115-demo/demonstration-and-waiver-list/81021,Arkansas Works (Medicaid.gov section 1115 demonstration page)
https://www.medicaid.gov/medicaid/section-1115-demonstrations/,us,medicaid,FETCH,PRESENT,us/guidance/2026-10-06-w6-federal-cms-guidance,us/guidance/cms/medicaid-gov/section-1115-demonstrations,https://www.medicaid.gov/medicaid/section-1115-demonstrations/,Section 1115 Demonstrations
https://www.medicaid.gov/medicaid/section-1115-demonstrations/downloads/in-healthy-indiana-plan-support-20-ca-20230321.pdf,us,medicaid,FETCH,PRESENT,us/policy/2026-10-06-w6-federal-cms-state-plans,us/policy/cms/section-1115/in/healthy-indiana-plan-approval-2023-03-21,https://www.medicaid.gov/medicaid/section-1115-demonstrations/downloads/in-healthy-indiana-plan-support-20-ca-20230321.pdf,"Healthy Indiana Plan (HIP) Section 1115 Demonstration Approval (CMS letter and special terms, March 21, 2023)"
https://www.medicaid.gov/medicaid/spa/downloads/RI-22-0024.pdf,us,medicaid,FETCH,PRESENT,us/policy/2026-10-06-w6-federal-cms-state-plans,us/policy/cms/medicaid-spa/ri/ri-22-0024,https://www.medicaid.gov/medicaid/spa/downloads/RI-22-0024.pdf,Rhode Island Medicaid State Plan Amendment 22-0024 (approval package)
https://www.medicaid.gov/resources-for-states/downloads/macpro-ig-more-restrictive-requirements-1902f-209bstates.pdf,us,chip medicaid,FETCH,PRESENT,us/guidance/2026-10-06-w6-federal-cms-guidance,us/guidance/cms/macpro-implementation-guide/more-restrictive-requirements-1902f-209b,https://www.medicaid.gov/resources-for-states/downloads/macpro-ig-more-restrictive-requirements-1902f-209bstates.pdf,Implementation Guide: Medicaid State Plan Eligibility More Restrictive Requirements than SSI under 1902(f) (209(b) States)
https://www.medicaid.gov/sites/default/files/2023-03/NV-22-0026.pdf,us,medicaid,FETCH,ALREADY-HELD,us-nv/policy/2026-09-13-medicaid-state-plan,us-nv/policy/cms/medicaid-state-plan/spa/nv-22-0026/approval-document,https://www.medicaid.gov/medicaid/spa/downloads/NV-22-0026.pdf,byte-identical (same sha256) to the approval document held in the Nevada CMS state-plan scope
https://www.medicaid.gov/sites/default/files/2023-04/AL-23-0026-RIM2.pdf,us,chip medicaid,FETCH,ALREADY-HELD,us/policy/2026-07-05-cms-chip-fcep-spa,us/policy/cms/chip-spa/al/al-23-0026-rim2/pdf,https://www.medicaid.gov/sites/default/files/2023-04/AL-23-0026-RIM2.pdf,byte-identical (sha256 d07ff898...) to the held source fetched from medicaid.gov/CHIP/Downloads/AL-23-0026-RIM2.pdf
https://www.medicaid.gov/sites/default/files/2023-04/RI-22-0025.pdf,us,chip,FETCH,ALREADY-HELD,us-ri/policy/2026-09-13-chip-state-plan,us-ri/policy/cms/chip-state-plan/spa/ri-22-0025/approval-package,https://www.medicaid.gov/CHIP/Downloads/RI-22-0025.pdf,byte-identical (same sha256) to the approval package held in the Rhode Island CMS CHIP state-plan scope
https://www.medicaid.gov/sites/default/files/2024-05/MT-24-0002.pdf,us,medicaid,FETCH,PRESENT,us/policy/2026-10-06-w6-federal-cms-state-plans,us/policy/cms/medicaid-spa/mt/mt-24-0002,https://www.medicaid.gov/sites/default/files/2024-05/MT-24-0002.pdf,"Montana Medicaid State Plan Amendment 24-0002 (approval package, May 3, 2024)"
https://www.medicaid.gov/sites/default/files/CHIP/Downloads/CA/CA-CHIPSPA-20.pdf,us,chip medicaid,FETCH,PRESENT,us/policy/2026-10-06-w6-federal-cms-state-plans,us/policy/cms/chip-spa/ca/ca-chipspa-20,https://www.medicaid.gov/sites/default/files/CHIP/Downloads/CA/CA-CHIPSPA-20.pdf,California CHIP State Plan Amendment 20 (approval package)
https://www.medicaid.gov/sites/default/files/State-resource-center/Medicaid-State-Plan-Amendments/Downloads/GA/GA-18-0004.pdf,us,ssi,FETCH,PRESENT,us/policy/2026-10-06-w6-federal-cms-state-plans,us/policy/cms/medicaid-spa/ga/ga-18-0004,https://www.medicaid.gov/sites/default/files/State-resource-center/Medicaid-State-Plan-Amendments/Downloads/GA/GA-18-0004.pdf,"Georgia Medicaid State Plan Amendment 18-0004 (approval package, December 3, 2018)"
https://www.medicaid.gov/sites/default/files/State-resource-center/Medicaid-State-Plan-Amendments/Downloads/GA/GA-19-0010.pdf,us,ssi,FETCH,PRESENT,us/policy/2026-10-06-w6-federal-cms-state-plans,us/policy/cms/medicaid-spa/ga/ga-19-0010,https://www.medicaid.gov/sites/default/files/State-resource-center/Medicaid-State-Plan-Amendments/Downloads/GA/GA-19-0010.pdf,Georgia Medicaid State Plan Amendment 19-0010 (approval package)
https://www.medicaid.gov/state-resource-center/mac-learning-collaboratives/downloads/household-composition-and-income-training.pdf,us,chip medicaid,FETCH,PRESENT,us/guidance/2026-10-06-w6-federal-cms-guidance,us/guidance/cms/mac-learning-collaborative/magi-household-composition-and-income-training,https://www.medicaid.gov/state-resource-center/mac-learning-collaboratives/downloads/household-composition-and-income-training.pdf,"MAGI-Based Household Income Eligibility Training Manual (last updated December 1, 2020)"
https://www.medicare.gov/basics/costs/help/medicare-savings-programs,us,medicare,FETCH,PRESENT,us/guidance/2026-10-06-w6-federal-cms-guidance,us/guidance/cms/medicare-gov/medicare-savings-programs,https://www.medicare.gov/basics/costs/help/medicare-savings-programs,Medicare Savings Programs (Medicare.gov)
https://www.medicare.gov/basics/costs/medicare-costs,us,medicare,FETCH,PRESENT,us/guidance/2026-10-06-w6-federal-cms-guidance,us/guidance/cms/medicare-gov/medicare-costs,https://www.medicare.gov/basics/costs/medicare-costs,Costs (Medicare.gov)
https://ccf.georgetown.edu/2024/10/15/more-states-expanding-medicaid-chip-for-pregnant-women-including-immigrants/,us,chip,CHECK-PUBLISHER,OUT-OF-SCOPE,,,https://ccf.georgetown.edu/2024/10/15/more-states-expanding-medicaid-chip-for-pregnant-women-including-immigrants/,"Georgetown CCF blog post (third-party analysis); the rules behind it are the state plan options (42 U.S.C. 1396b(v)(4), 1397gg(e)(1)(J)), not one official text"
https://irc.bloombergtax.com/public/uscode/doc/irc/section_222,us,income_tax,CHECK-PUBLISHER,SKIPPED,,,https://uscode.house.gov/download/download.shtml,"uscode.house.gov answered only its 'Under Maintenance' page during the run (2026-10-06, 19:20-23:00 ET); the U.S. Code release point could not be read"
https://www.medicaidscreener.com/?p=table,us,medicaid,CHECK-PUBLISHER,OUT-OF-SCOPE,,,https://www.snapscreener.com/,third-party eligibility screener; the address redirects to snapscreener.com (a calculator)
https://www.law.cornell.edu/cfr/text/42/part-435/subpart-D,us,medicaid,OFFICIAL-SOURCE,ALREADY-HELD,us/regulation/2026-06-25-title-42-part-435,us/regulation/42/435/subpart-D,https://www.ecfr.gov/current/title-42/chapter-IV/subchapter-C/part-435/subpart-D,Cornell mirror; the official eCFR text of 42 CFR part 435 subpart D is held
https://www.law.cornell.edu/uscode/text,us,income_tax,OFFICIAL-SOURCE,OUT-OF-SCOPE,,,https://uscode.house.gov/,"Cornell's table of contents for the whole U.S. Code, not a document; the cited titles' sections are held or taken from the OLRC release points"
https://www.law.cornell.edu/uscode/text/26/199A,us,income_tax,OFFICIAL-SOURCE,ALREADY-HELD,us/statute/2026-07-13-recovery-r2026-07-15-self-contained-r2026-07-17-dedup,us/statute/26/199A,https://uscode.house.gov/view.xhtml?req=granuleid:USC-prelim-title26-section199A&num=0&edition=prelim,Cornell mirror; the OLRC text is held
https://www.law.cornell.edu/uscode/text/26/25A,us,income_tax,OFFICIAL-SOURCE,ALREADY-HELD,us/statute/2026-07-13-recovery-r2026-07-15-self-contained-r2026-07-17-dedup,us/statute/26/25A,https://uscode.house.gov/view.xhtml?req=granuleid:USC-prelim-title26-section25A&num=0&edition=prelim,Cornell mirror; the OLRC text is held
https://www.law.cornell.edu/uscode/text/26/25B,us,income_tax,OFFICIAL-SOURCE,ALREADY-HELD,us/statute/2026-07-13-recovery-r2026-07-15-self-contained-r2026-07-17-dedup,us/statute/26/25B,https://uscode.house.gov/view.xhtml?req=granuleid:USC-prelim-title26-section25B&num=0&edition=prelim,Cornell mirror; the OLRC text is held
https://www.law.cornell.edu/uscode/text/26/25C,us,income_tax,OFFICIAL-SOURCE,ALREADY-HELD,us/statute/2026-07-13-recovery-r2026-07-15-self-contained-r2026-07-17-dedup,us/statute/26/25C,https://uscode.house.gov/view.xhtml?req=granuleid:USC-prelim-title26-section25C&num=0&edition=prelim,Cornell mirror; the OLRC text is held
https://www.law.cornell.edu/uscode/text/26/25D,us,ctc income_tax,OFFICIAL-SOURCE,ALREADY-HELD,us/statute/2026-07-13-recovery-r2026-07-15-self-contained-r2026-07-17-dedup,us/statute/26/25D,https://uscode.house.gov/view.xhtml?req=granuleid:USC-prelim-title26-section25D&num=0&edition=prelim,Cornell mirror; the OLRC text is held
https://www.law.cornell.edu/uscode/text/26/25E,us,income_tax,OFFICIAL-SOURCE,ALREADY-HELD,us/statute/2026-07-13-recovery-r2026-07-15-self-contained-r2026-07-17-dedup,us/statute/26/25E,https://uscode.house.gov/view.xhtml?req=granuleid:USC-prelim-title26-section25E&num=0&edition=prelim,Cornell mirror; the OLRC text is held
https://www.law.cornell.edu/uscode/text/26/30D,us,income_tax,OFFICIAL-SOURCE,ALREADY-HELD,us/statute/2026-07-13-recovery-r2026-07-15-self-contained-r2026-07-17-dedup,us/statute/26/30D,https://uscode.house.gov/view.xhtml?req=granuleid:USC-prelim-title26-section30D&num=0&edition=prelim,Cornell mirror; the OLRC text is held
https://www.law.cornell.edu/uscode/text/26/36B,us,income_tax medicaid,OFFICIAL-SOURCE,ALREADY-HELD,us/statute/2026-07-13-recovery-r2026-07-15-self-contained-r2026-07-17-dedup,us/statute/26/36B,https://uscode.house.gov/view.xhtml?req=granuleid:USC-prelim-title26-section36B&num=0&edition=prelim,Cornell mirror; the OLRC text is held
https://www.law.cornell.edu/uscode/text/26/6428A,us,income_tax,OFFICIAL-SOURCE,SKIPPED,,,https://uscode.house.gov/download/download.shtml,"uscode.house.gov answered only its 'Under Maintenance' page during the run (2026-10-06, 19:20-23:00 ET); the U.S. Code release point could not be read"
https://www.law.cornell.edu/uscode/text/26/6428B,us,income_tax,OFFICIAL-SOURCE,SKIPPED,,,https://uscode.house.gov/download/download.shtml,"uscode.house.gov answered only its 'Under Maintenance' page during the run (2026-10-06, 19:20-23:00 ET); the U.S. Code release point could not be read"
https://www.law.cornell.edu/uscode/text/26/subtitle-A/chapter-1/subchapter-A/part-IV/subpart-A,us,income_tax,OFFICIAL-SOURCE,ALREADY-HELD,us/statute/2026-07-13-recovery-r2026-07-15-self-contained-r2026-07-17-dedup,us/statute/26/21,https://uscode.house.gov/view.xhtml?req=granuleid:USC-prelim-title26-section21&num=0&edition=prelim,"Cornell mirror of subpart A (nonrefundable personal credits, 26 U.S.C. 21-26): 21, 22, 24, 25A-25E and 26 are held in this scope, 23 and 25 in us/statute/2026-09-13-tax-statute-closure-31-title-26"
https://www.law.cornell.edu/uscode/text/26/subtitle-A/chapter-1/subchapter-A/part-IV/subpart-C,us,income_tax,OFFICIAL-SOURCE,SKIPPED,,,https://uscode.house.gov/download/download.shtml,"uscode.house.gov answered only its 'Under Maintenance' page during the run (2026-10-06, 19:20-23:00 ET); the U.S. Code release point could not be read"
https://www.law.cornell.edu/uscode/text/42/1395w-113,us,medicare,OFFICIAL-SOURCE,ALREADY-HELD,us/statute/2026-09-13-medicare-statute-eligibility-premiums-title-42,us/statute/42/1395w–113,https://uscode.house.gov/view.xhtml?req=granuleid:USC-prelim-title42-section1395w–113&num=0&edition=prelim,Cornell mirror; held under the OLRC en-dash identifier 1395w–113
https://www.law.cornell.edu/uscode/text/42/1396u-1,us,medicaid,OFFICIAL-SOURCE,ALREADY-HELD,us/statute/2026-06-26-medicaid-title-42-r2026-07-15-self-contained-r2026-07-15-self-contained-r2026-07-17-dedup,us/statute/42/1396u–1,https://uscode.house.gov/view.xhtml?req=granuleid:USC-prelim-title42-section1396u–1&num=0&edition=prelim,Cornell mirror; held under the OLRC en-dash identifier 1396u–1
https://www.law.cornell.edu/uscode/text/42/1396u-3,us,medicare,OFFICIAL-SOURCE,ALREADY-HELD,us/statute/2026-09-13-medicare-statute-eligibility-premiums-title-42,us/statute/42/1396u–3,https://uscode.house.gov/view.xhtml?req=granuleid:USC-prelim-title42-section1396u–3&num=0&edition=prelim,Cornell mirror; held under the OLRC en-dash identifier 1396u–3
https://www.law.cornell.edu/uscode/text/42/chapter-7/subchapter-IV/part-A,us,snap,OFFICIAL-SOURCE,ALREADY-HELD,us/statute/2026-09-13-tanf-statute-part-a-title-42,us/statute/42/601,https://uscode.house.gov/view.xhtml?req=granuleid:USC-prelim-title42-section601&num=0&edition=prelim,Cornell mirror of title IV-A (TANF); every section 601-619 of the part is held in this scope
https://www.law.cornell.edu/uscode/text/42/chapter-7/subchapter-XXI,us,chip,OFFICIAL-SOURCE,ALREADY-HELD,us/statute/2026-06-26-chip-title-xxi-title-42,us/statute/42/1397aa,https://uscode.house.gov/view.xhtml?req=granuleid:USC-prelim-title42-section1397aa&num=0&edition=prelim,Cornell mirror of title XXI (CHIP); sections 1397aa-1397mm are held in this scope
https://acf.gov/ocs/law-regulation/liheap-statute-and-regulations,us,liheap,DEAD-LINK,ALREADY-HELD,us/statute/2026-09-13-liheap-statute-chapter-94-title-42,us/statute/42/8621,https://uscode.house.gov/view.xhtml?req=granuleid:USC-prelim-title42-section8621&num=0&edition=prelim,"acf.gov answered an AWS WAF challenge (HTTP 202); the page is an index of the LIHEAP statute and regulations, whose texts are held: 42 U.S.C. 8621-8630 here and 45 CFR 96 (subpart H) in us/regulation/2026-09-13-title-45-part-96"
https://fns-prod.azureedge.net/sites/default/files/resource-files/fna-2008-amended-through-pl-116-94.pdf,us,snap,DEAD-LINK,ALREADY-HELD,us/statute/2026-07-22-rulespec-title-7-consolidated,us/statute/7/2011,https://uscode.house.gov/view.xhtml?req=granuleid:USC-prelim-title7-section2011&num=0&edition=prelim,"the FNS compilation PDF answers HTTP 403 'Web App - Unavailable'; the Food and Nutrition Act of 2008 as codified (7 U.S.C. 2011-2036d, current law) is held"
https://www.medicaid.gov/federal-policy-guidance/downloads/,us,medicaid,DEAD-LINK,OUT-OF-SCOPE,,,https://www.medicaid.gov/federal-policy-guidance/downloads/,"a directory address (HTTP 404), not a document; the letters the bundles cite from it are taken one by one (us/guidance/cms/sho, cib)"
https://www.medicaid.gov/medicaid/national-medicaid-chip-program-information/medicaid-childrens-health-insurance-program-basic-health-program-eligibility-levels/index.html,us,chip medicaid,DEAD-LINK,ALREADY-HELD,us/form/2026-05-12-cms-medicaid-chip-bhp-eligibility-levels,us/form/cms/medicaid-chip-bhp-eligibility-levels,https://www.medicaid.gov/medicaid/national-medicaid-chip-program-information/medicaid-childrens-health-insurance-program-basic-health-program-eligibility-levels,the /index.html address answers 404; the page's current address (without /index.html) is held
https://www.cbo.gov/system/files/2024-02/53724-2024-02-Tax-Parameters.xlsx,us,eitc income_tax,BLOCKED-CHECK,OUT-OF-SCOPE,,,https://www.cbo.gov/system/files/2024-02/53724-2024-02-Tax-Parameters.xlsx,"CBO tax parameter projections workbook (budget-baseline projections, not law); HTTP 403 to the plain client"
https://www.cbo.gov/system/files/2025-01/53724-2025-01-Tax-Parameters.xlsx,us,eitc income_tax,BLOCKED-CHECK,OUT-OF-SCOPE,,,https://www.cbo.gov/system/files/2025-01/53724-2025-01-Tax-Parameters.xlsx,"CBO tax parameter projections workbook (budget-baseline projections, not law); HTTP 403 to the plain client"
https://www.cbo.gov/system/files/2026-02/53724-2026-02-Tax-Parameters.xlsx,us,income_tax,BLOCKED-CHECK,OUT-OF-SCOPE,,,https://www.cbo.gov/system/files/2026-02/53724-2026-02-Tax-Parameters.xlsx,"CBO tax parameter projections workbook (budget-baseline projections, not law); HTTP 403 to the plain client"
https://www.congress.gov/bill/101st-congress/senate-bill/3209/text,us,ccdf,BLOCKED-CHECK,OUTREACH,,,https://www.congress.gov/bill/101st-congress/senate-bill/3209/text,"congress.gov answers a Cloudflare challenge (HTTP 403 'Just a moment...') to the corpus client; govinfo BILLS starts with the 103rd Congress and no enacted text of S. 3209 (101st) was identified (PL 101-508, OBRA 1990, is H.R. 5835)"
https://www.congress.gov/bill/103rd-congress/house-bill/2264,us,ssi,BLOCKED-CHECK,PRESENT,us/statute/2026-10-06-w6-federal-public-laws,us/statute/public-law/103-66,https://www.govinfo.gov/content/pkg/STATUTE-107/pdf/STATUTE-107-Pg312.pdf,"Public Law 103-66 (Omnibus Budget Reconciliation Act of 1993), August 10, 1993; the bundle address is joined to this document through this row"
https://www.congress.gov/bill/113th-congress/senate-bill/1086/text,us,ccdf,BLOCKED-CHECK,PRESENT,us/statute/2026-10-06-w6-federal-public-laws,us/statute/public-law/113-186,https://www.congress.gov/113/statute/STATUTE-128/STATUTE-128-Pg1971.pdf,"Public Law 113-186, Child Care and Development Block Grant Act of 2014, November 19, 2014; the bundle address is joined to this document through this row"
https://www.congress.gov/bill/119th-congress/house-bill/1,us,chip income_tax medicaid,BLOCKED-CHECK,PRESENT,us/statute/2026-10-06-w6-federal-public-laws,us/statute/public-law/119-21,https://www.govinfo.gov/content/pkg/PLAW-119publ21/pdf/PLAW-119publ21.pdf,"Public Law 119-21 (An Act to provide for reconciliation pursuant to title II of H. Con. Res. 14), July 4, 2025; the bundle address is joined to this document through this row"
https://www.congress.gov/bill/119th-congress/house-bill/1/text,us,tanf,BLOCKED-CHECK,PRESENT,us/statute/2026-10-06-w6-federal-public-laws,us/statute/public-law/119-21,https://www.govinfo.gov/content/pkg/PLAW-119publ21/pdf/PLAW-119publ21.pdf,"Public Law 119-21 (An Act to provide for reconciliation pursuant to title II of H. Con. Res. 14), July 4, 2025; the bundle address is joined to this document through this row"
https://www.congress.gov/bill/98th-congress/house-bill/1900,us,ssi,BLOCKED-CHECK,PRESENT,us/statute/2026-10-06-w6-federal-public-laws,us/statute/public-law/98-21,https://www.govinfo.gov/content/pkg/STATUTE-97/pdf/STATUTE-97-Pg65.pdf,"Public Law 98-21 (Social Security Amendments of 1983), April 20, 1983; the bundle address is joined to this document through this row"
https://www.fns.usda.gov/sites/default/files/resource-files/WICPC2018FoodPackage-Summary.pdf,us,wic,BLOCKED-CHECK,OUT-OF-SCOPE,,,https://www.fns.usda.gov/sites/default/files/resource-files/WICPC2018FoodPackage-Summary.pdf,"summary of the WIC Participant and Program Characteristics 2018 food package study (contractor research); answers today via the FNA CDN, but it is analysis, not rules"
https://www.fns.usda.gov/snap/eligibility/elderly-disabled-special-rules,us,snap,BLOCKED-CHECK,PRESENT,us/guidance/2026-10-06-w6-federal-agency-guidance,us/guidance/usda/fns/snap-elderly-disabled-special-rules,https://www.fns.usda.gov/snap/eligibility/elderly-disabled-special-rules,SNAP Special Rules for the Elderly or Disabled
https://www.fns.usda.gov/snap/obbb-ABAWD-Waivers-Implementation-Memo,us,snap,BLOCKED-CHECK,ALREADY-HELD,us/guidance/2026-09-13-snap-fns-guidance,us/guidance/usda/fns/snap-obbb-abawd-waivers-implementation-memo,https://www.fna.usda.gov/snap/obbb-abawd-waivers-implementation,the address redirects to the FNA memo page; the memorandum it embeds is held
https://www.fns.usda.gov/snap/provisions-fiscal-responsibility-act-2023,us,snap,BLOCKED-CHECK,PRESENT,us/guidance/2026-10-06-w6-federal-agency-guidance,us/guidance/usda/fns/snap-provisions-fiscal-responsibility-act-2023,https://www.fns.usda.gov/snap/provisions-fiscal-responsibility-act-2023,SNAP Provisions in the Fiscal Responsibility Act of 2023; text from the embedded file https://www.usda.gov/sites/default/files/guidance-documents/fns.snap-Provisions-in-FRA.pdf; fetched with the documented chrome120 browser_impersonation option
https://www.fns.usda.gov/snap/simplified-homeless-housing-cost-deduction-questions-and-answers,us,snap,BLOCKED-CHECK,ABSENT,,,https://www.fna.usda.gov/snap/simplified-homeless-housing-cost-deduction-questions-and-answers,"redirects to fna.usda.gov, which answers HTTP 404 'Page or Content Not Found' on 2026-10-06; the FNA site search answers 403 'Page or Content Archived' to the corpus client, so no successor address was found"
https://www.fns.usda.gov/snap/waivers/timelimit/2025-2029,us,snap,BLOCKED-CHECK,PRESENT,us/guidance/2026-10-06-w6-federal-agency-guidance,us/guidance/usda/fns/snap-time-limit-waivers-fy2025-2029,https://www.fns.usda.gov/snap/waivers/timelimit/2025-2029,Time Limit Waivers FY 2025-2029
https://www.fns.usda.gov/snap/work-requirements,us,snap,BLOCKED-CHECK,PRESENT,us/guidance/2026-10-06-w6-federal-agency-guidance,us/guidance/usda/fns/snap-work-requirements,https://www.fns.usda.gov/snap/work-requirements,SNAP Work Requirements
https://www.fns.usda.gov/snap/work-requirements/policies/waiver-reinstatement,us,snap,BLOCKED-CHECK,PRESENT,us/guidance/2026-10-06-w6-federal-agency-guidance,us/guidance/usda/fns/snap-obbb-time-limit-waivers-reinstatement-memo,https://www.usda.gov/sites/default/files/guidance-documents/fna.obbb-time-limit-waivers-reinstatement.pdf,"SNAP - Waiver of the Time Limit: Reinstatement (memorandum, February 26, 2026); the bundle address is joined to this document through this row; fetched with the documented chrome120 browser_impersonation option"
https://www.fns.usda.gov/wic/food-packages,us,wic,BLOCKED-CHECK,PRESENT,us/guidance/2026-10-06-w6-federal-agency-guidance,us/guidance/fns/wic/food-packages,https://www.fns.usda.gov/wic/food-packages,WIC Food Packages
https://www.medicareinteractive.org/understanding-medicare/,us,medicare,BLOCKED-CHECK,OUT-OF-SCOPE,,,https://www.medicareinteractive.org/understanding-medicare/,Medicare Rights Center consumer site (third party); HTTP 403
https://www.medicareinteractive.org/understanding-medicare/cost-saving-programs/medicare-savings-programs-qmb-slmb-qi/medicare-savings-program-income-and-asset-limits,us,medicare,BLOCKED-CHECK,OUT-OF-SCOPE,,,https://www.medicareinteractive.org/understanding-medicare/cost-saving-programs/medicare-savings-programs-qmb-slmb-qi/medicare-savings-program-income-and-asset-limits,Medicare Rights Center (third party); the official MSP limits are taken from Medicare.gov (us/guidance/cms/medicare-gov/medicare-savings-programs)
https://www.ssa.gov/OACT/ssir/SSI12/V_B_Exclusions.html,us,ssi,BLOCKED-CHECK,PRESENT,us/guidance/2026-10-06-w6-federal-ssa-guidance,us/guidance/ssa/oact/ssi-annual-report/2012/income-and-resource-exclusions,https://www.ssa.gov/OACT/ssir/SSI12/V_B_Exclusions.html,SSI Annual Report 2012: Income and Resource Exclusions; fetched with the documented chrome120 browser_impersonation option
https://www.ssa.gov/OACT/ssir/SSI24/V_E_WorkIncentives.html,us,ssi,BLOCKED-CHECK,PRESENT,us/guidance/2026-10-06-w6-federal-ssa-guidance,us/guidance/ssa/oact/ssi-annual-report/2024/incentives-for-work-and-rehabilitation,https://www.ssa.gov/OACT/ssir/SSI24/V_E_WorkIncentives.html,SSI Annual Report 2024: Incentives for Work and Opportunities for Rehabilitation; fetched with the documented chrome120 browser_impersonation option
https://www.ssa.gov/OP_Home/cfr20/416/416-0971.htm,us,ssi,BLOCKED-CHECK,ALREADY-HELD,us/regulation/2026-09-11-title-20-part-416,us/regulation/20/416/971,https://www.ecfr.gov/current/title-20/chapter-III/part-416#p-416.971,SSA's CFR reprint; the eCFR text of 20 CFR 416.971 is held
https://www.ssa.gov/OP_Home/cfr20/416/416-0974.htm,us,ssi,BLOCKED-CHECK,ALREADY-HELD,us/regulation/2026-09-11-title-20-part-416,us/regulation/20/416/974,https://www.ecfr.gov/current/title-20/chapter-III/part-416#p-416.974,SSA's CFR reprint; the eCFR text of 20 CFR 416.974 is held
https://www.ssa.gov/OP_Home/ssact/title02/0205.htm,us,income_tax,BLOCKED-CHECK,SKIPPED,,,https://uscode.house.gov/download/download.shtml,"uscode.house.gov answered only its 'Under Maintenance' page during the run (2026-10-06, 19:20-23:00 ET); the U.S. Code release point could not be read"
https://www.ssa.gov/OP_Home/ssact/title16b/1614.htm,us,medicaid,BLOCKED-CHECK,ALREADY-HELD,us/statute/2026-06-20-ssi-title-xvi-title-42-r2026-07-15-self-contained-r2026-07-17-dedup,us/statute/42/1382c,https://uscode.house.gov/view.xhtml?req=granuleid:USC-prelim-title42-section1382c&num=0&edition=prelim,"Social Security Act section 1614 is codified as 42 U.S.C. 1382c, held"
https://www.ssa.gov/OP_Home/ssact/title21/2110.htm,us,chip,BLOCKED-CHECK,ALREADY-HELD,us/statute/2026-06-26-chip-title-xxi-title-42,us/statute/42/1397jj,https://uscode.house.gov/view.xhtml?req=granuleid:USC-prelim-title42-section1397jj&num=0&edition=prelim,"Social Security Act section 2110 is codified as 42 U.S.C. 1397jj, held"
https://www.ssa.gov/benefits/retirement/planner/taxes.html,us,income_tax,BLOCKED-CHECK,PRESENT,us/guidance/2026-10-06-w6-federal-ssa-guidance,us/guidance/ssa/request-withhold-taxes,https://www.ssa.gov/benefits/retirement/planner/taxes.html,Request to withhold taxes (SSA; the retirement planner taxes page now redirects here); fetched with the documented chrome120 browser_impersonation option
https://www.ssa.gov/oact/ssir/SSI11/Exclusions.html,us,ssi,BLOCKED-CHECK,PRESENT,us/guidance/2026-10-06-w6-federal-ssa-guidance,us/guidance/ssa/oact/ssi-annual-report/2011/income-and-resource-exclusions,https://www.ssa.gov/oact/ssir/SSI11/Exclusions.html,SSI Annual Report 2011: Income and Resource Exclusions; fetched with the documented chrome120 browser_impersonation option
https://www.ssa.gov/oact/ssir/SSI13/V_B_Exclusions.html,us,ssi,BLOCKED-CHECK,PRESENT,us/guidance/2026-10-06-w6-federal-ssa-guidance,us/guidance/ssa/oact/ssi-annual-report/2013/income-and-resource-exclusions,https://www.ssa.gov/oact/ssir/SSI13/V_B_Exclusions.html,SSI Annual Report 2013: Income and Resource Exclusions; fetched with the documented chrome120 browser_impersonation option
https://www.ssa.gov/oact/ssir/SSI14/V_B_Exclusions.html,us,ssi,BLOCKED-CHECK,PRESENT,us/guidance/2026-10-06-w6-federal-ssa-guidance,us/guidance/ssa/oact/ssi-annual-report/2014/income-and-resource-exclusions,https://www.ssa.gov/oact/ssir/SSI14/V_B_Exclusions.html,SSI Annual Report 2014: Income and Resource Exclusions; fetched with the documented chrome120 browser_impersonation option
https://www.ssa.gov/oact/ssir/SSI15/V_B_Exclusions.html,us,ssi,BLOCKED-CHECK,PRESENT,us/guidance/2026-10-06-w6-federal-ssa-guidance,us/guidance/ssa/oact/ssi-annual-report/2015/income-and-resource-exclusions,https://www.ssa.gov/oact/ssir/SSI15/V_B_Exclusions.html,SSI Annual Report 2015: Income and Resource Exclusions; fetched with the documented chrome120 browser_impersonation option
https://www.ssa.gov/oact/ssir/SSI16/V_B_Exclusions.html,us,ssi,BLOCKED-CHECK,PRESENT,us/guidance/2026-10-06-w6-federal-ssa-guidance,us/guidance/ssa/oact/ssi-annual-report/2016/income-and-resource-exclusions,https://www.ssa.gov/oact/ssir/SSI16/V_B_Exclusions.html,SSI Annual Report 2016: Income and Resource Exclusions; fetched with the documented chrome120 browser_impersonation option
https://www.ssa.gov/oact/ssir/SSI17/V_B_Exclusions.html,us,ssi,BLOCKED-CHECK,PRESENT,us/guidance/2026-10-06-w6-federal-ssa-guidance,us/guidance/ssa/oact/ssi-annual-report/2017/income-and-resource-exclusions,https://www.ssa.gov/oact/ssir/SSI17/V_B_Exclusions.html,SSI Annual Report 2017: Income and Resource Exclusions; fetched with the documented chrome120 browser_impersonation option
https://www.ssa.gov/oact/ssir/SSI18/V_B_Exclusions.html,us,ssi,BLOCKED-CHECK,PRESENT,us/guidance/2026-10-06-w6-federal-ssa-guidance,us/guidance/ssa/oact/ssi-annual-report/2018/income-and-resource-exclusions,https://www.ssa.gov/oact/ssir/SSI18/V_B_Exclusions.html,SSI Annual Report 2018: Income and Resource Exclusions; fetched with the documented chrome120 browser_impersonation option
https://www.ssa.gov/oact/ssir/SSI19/V_B_Exclusions.html,us,ssi,BLOCKED-CHECK,PRESENT,us/guidance/2026-10-06-w6-federal-ssa-guidance,us/guidance/ssa/oact/ssi-annual-report/2019/income-and-resource-exclusions,https://www.ssa.gov/oact/ssir/SSI19/V_B_Exclusions.html,SSI Annual Report 2019: Income and Resource Exclusions; fetched with the documented chrome120 browser_impersonation option
https://www.ssa.gov/oact/ssir/SSI20/V_B_Exclusions.html,us,ssi,BLOCKED-CHECK,PRESENT,us/guidance/2026-10-06-w6-federal-ssa-guidance,us/guidance/ssa/oact/ssi-annual-report/2020/income-and-resource-exclusions,https://www.ssa.gov/oact/ssir/SSI20/V_B_Exclusions.html,SSI Annual Report 2020: Income and Resource Exclusions; fetched with the documented chrome120 browser_impersonation option
https://www.ssa.gov/oact/ssir/SSI21/V_B_Exclusions.html,us,ssi,BLOCKED-CHECK,PRESENT,us/guidance/2026-10-06-w6-federal-ssa-guidance,us/guidance/ssa/oact/ssi-annual-report/2021/income-and-resource-exclusions,https://www.ssa.gov/oact/ssir/SSI21/V_B_Exclusions.html,SSI Annual Report 2021: Income and Resource Exclusions; fetched with the documented chrome120 browser_impersonation option
https://www.ssa.gov/oact/ssir/SSI22/V_B_Exclusions.html,us,ssi,BLOCKED-CHECK,PRESENT,us/guidance/2026-10-06-w6-federal-ssa-guidance,us/guidance/ssa/oact/ssi-annual-report/2022/income-and-resource-exclusions,https://www.ssa.gov/oact/ssir/SSI22/V_B_Exclusions.html,SSI Annual Report 2022: Income and Resource Exclusions; fetched with the documented chrome120 browser_impersonation option
https://www.ssa.gov/oact/ssir/SSI23/V_B_Exclusions.html,us,ssi,BLOCKED-CHECK,PRESENT,us/guidance/2026-10-06-w6-federal-ssa-guidance,us/guidance/ssa/oact/ssi-annual-report/2023/income-and-resource-exclusions,https://www.ssa.gov/oact/ssir/SSI23/V_B_Exclusions.html,SSI Annual Report 2023: Income and Resource Exclusions; fetched with the documented chrome120 browser_impersonation option
https://www.ssa.gov/policy/docs/progdesc/ssi_st_asst/2002/co.html,us,ssi,BLOCKED-CHECK,PRESENT,us/guidance/2026-10-06-w6-federal-ssa-guidance,us/guidance/ssa/state-assistance-programs-for-ssi-recipients/2002/co,https://www.ssa.gov/policy/docs/progdesc/ssi_st_asst/2002/co.html,"State Assistance Programs for SSI Recipients, January 2002 - Colorado; fetched with the documented chrome120 browser_impersonation option"
https://www.ssa.gov/policy/docs/progdesc/ssi_st_asst/2002/ma.html,us,ssi,BLOCKED-CHECK,PRESENT,us/guidance/2026-10-06-w6-federal-ssa-guidance,us/guidance/ssa/state-assistance-programs-for-ssi-recipients/2002/ma,https://www.ssa.gov/policy/docs/progdesc/ssi_st_asst/2002/ma.html,"State Assistance Programs for SSI Recipients, January 2002 - Massachusetts; fetched with the documented chrome120 browser_impersonation option"
https://www.ssa.gov/policy/docs/progdesc/ssi_st_asst/2005/ct.html,us,ssi,BLOCKED-CHECK,PRESENT,us/guidance/2026-10-06-w6-federal-ssa-guidance,us/guidance/ssa/state-assistance-programs-for-ssi-recipients/2005/ct,https://www.ssa.gov/policy/docs/progdesc/ssi_st_asst/2005/ct.html,"State Assistance Programs for SSI Recipients, January 2005 - Connecticut; fetched with the documented chrome120 browser_impersonation option"
https://www.ssa.gov/policy/docs/progdesc/ssi_st_asst/2005/ma.html,us,ssi,BLOCKED-CHECK,PRESENT,us/guidance/2026-10-06-w6-federal-ssa-guidance,us/guidance/ssa/state-assistance-programs-for-ssi-recipients/2005/ma,https://www.ssa.gov/policy/docs/progdesc/ssi_st_asst/2005/ma.html,"State Assistance Programs for SSI Recipients, January 2005 - Massachusetts; fetched with the documented chrome120 browser_impersonation option"
https://www.ssa.gov/policy/docs/progdesc/ssi_st_asst/2011/ak.pdf,us,ssi,BLOCKED-CHECK,PRESENT,us/guidance/2026-10-06-w6-federal-ssa-guidance,us/guidance/ssa/state-assistance-programs-for-ssi-recipients/2011/ak,https://www.ssa.gov/policy/docs/progdesc/ssi_st_asst/2011/ak.pdf,"State Assistance Programs for SSI Recipients, January 2011 - Alaska; fetched with the documented chrome120 browser_impersonation option"
https://www.ssa.gov/policy/docs/progdesc/ssi_st_asst/2011/co.html,us,ssi,BLOCKED-CHECK,PRESENT,us/guidance/2026-10-06-w6-federal-ssa-guidance,us/guidance/ssa/state-assistance-programs-for-ssi-recipients/2011/co,https://www.ssa.gov/policy/docs/progdesc/ssi_st_asst/2011/co.html,"State Assistance Programs for SSI Recipients, January 2011 - Colorado; fetched with the documented chrome120 browser_impersonation option"
https://www.ssa.gov/policy/docs/progdesc/ssi_st_asst/2011/ct.html,us,ssi,BLOCKED-CHECK,PRESENT,us/guidance/2026-10-06-w6-federal-ssa-guidance,us/guidance/ssa/state-assistance-programs-for-ssi-recipients/2011/ct,https://www.ssa.gov/policy/docs/progdesc/ssi_st_asst/2011/ct.html,"State Assistance Programs for SSI Recipients, January 2011 - Connecticut; fetched with the documented chrome120 browser_impersonation option"
https://www.ssa.gov/policy/docs/progdesc/ssi_st_asst/2011/dc.pdf,us,ssi,BLOCKED-CHECK,PRESENT,us/guidance/2026-10-06-w6-federal-ssa-guidance,us/guidance/ssa/state-assistance-programs-for-ssi-recipients/2011/dc,https://www.ssa.gov/policy/docs/progdesc/ssi_st_asst/2011/dc.pdf,"State Assistance Programs for SSI Recipients, January 2011 - District of Columbia; fetched with the documented chrome120 browser_impersonation option"
https://www.ssa.gov/policy/docs/progdesc/ssi_st_asst/2011/de.html,us,ssi,BLOCKED-CHECK,PRESENT,us/guidance/2026-10-06-w6-federal-ssa-guidance,us/guidance/ssa/state-assistance-programs-for-ssi-recipients/2011/de,https://www.ssa.gov/policy/docs/progdesc/ssi_st_asst/2011/de.html,"State Assistance Programs for SSI Recipients, January 2011 - Delaware; fetched with the documented chrome120 browser_impersonation option"
https://www.ssa.gov/policy/docs/progdesc/ssi_st_asst/2011/fl.html,us,ssi,BLOCKED-CHECK,PRESENT,us/guidance/2026-10-06-w6-federal-ssa-guidance,us/guidance/ssa/state-assistance-programs-for-ssi-recipients/2011/fl,https://www.ssa.gov/policy/docs/progdesc/ssi_st_asst/2011/fl.html,"State Assistance Programs for SSI Recipients, January 2011 - Florida; fetched with the documented chrome120 browser_impersonation option"
https://www.ssa.gov/policy/docs/progdesc/ssi_st_asst/2011/hi.pdf,us,ssi,BLOCKED-CHECK,PRESENT,us/guidance/2026-10-06-w6-federal-ssa-guidance,us/guidance/ssa/state-assistance-programs-for-ssi-recipients/2011/hi,https://www.ssa.gov/policy/docs/progdesc/ssi_st_asst/2011/hi.pdf,"State Assistance Programs for SSI Recipients, January 2011 - Hawaii; fetched with the documented chrome120 browser_impersonation option"
https://www.ssa.gov/policy/docs/progdesc/ssi_st_asst/2011/in.html,us,ssi,BLOCKED-CHECK,PRESENT,us/guidance/2026-10-06-w6-federal-ssa-guidance,us/guidance/ssa/state-assistance-programs-for-ssi-recipients/2011/in,https://www.ssa.gov/policy/docs/progdesc/ssi_st_asst/2011/in.html,"State Assistance Programs for SSI Recipients, January 2011 - Indiana; fetched with the documented chrome120 browser_impersonation option"
https://www.ssa.gov/policy/docs/progdesc/ssi_st_asst/2011/la.html,us,ssi,BLOCKED-CHECK,PRESENT,us/guidance/2026-10-06-w6-federal-ssa-guidance,us/guidance/ssa/state-assistance-programs-for-ssi-recipients/2011/la,https://www.ssa.gov/policy/docs/progdesc/ssi_st_asst/2011/la.html,"State Assistance Programs for SSI Recipients, January 2011 - Louisiana; fetched with the documented chrome120 browser_impersonation option"
https://www.ssa.gov/policy/docs/progdesc/ssi_st_asst/2011/ma.html,us,ssi,BLOCKED-CHECK,PRESENT,us/guidance/2026-10-06-w6-federal-ssa-guidance,us/guidance/ssa/state-assistance-programs-for-ssi-recipients/2011/ma,https://www.ssa.gov/policy/docs/progdesc/ssi_st_asst/2011/ma.html,"State Assistance Programs for SSI Recipients, January 2011 - Massachusetts; fetched with the documented chrome120 browser_impersonation option"
https://www.ssa.gov/policy/docs/progdesc/ssi_st_asst/2011/me.html,us,ssi,BLOCKED-CHECK,PRESENT,us/guidance/2026-10-06-w6-federal-ssa-guidance,us/guidance/ssa/state-assistance-programs-for-ssi-recipients/2011/me,https://www.ssa.gov/policy/docs/progdesc/ssi_st_asst/2011/me.html,"State Assistance Programs for SSI Recipients, January 2011 - Maine; fetched with the documented chrome120 browser_impersonation option"
https://www.ssa.gov/policy/docs/progdesc/ssi_st_asst/2011/mi.html,us,ssi,BLOCKED-CHECK,PRESENT,us/guidance/2026-10-06-w6-federal-ssa-guidance,us/guidance/ssa/state-assistance-programs-for-ssi-recipients/2011/mi,https://www.ssa.gov/policy/docs/progdesc/ssi_st_asst/2011/mi.html,"State Assistance Programs for SSI Recipients, January 2011 - Michigan; fetched with the documented chrome120 browser_impersonation option"
https://www.ssa.gov/policy/docs/progdesc/ssi_st_asst/2011/mo.html,us,ssi,BLOCKED-CHECK,PRESENT,us/guidance/2026-10-06-w6-federal-ssa-guidance,us/guidance/ssa/state-assistance-programs-for-ssi-recipients/2011/mo,https://www.ssa.gov/policy/docs/progdesc/ssi_st_asst/2011/mo.html,"State Assistance Programs for SSI Recipients, January 2011 - Missouri; fetched with the documented chrome120 browser_impersonation option"
https://www.ssa.gov/policy/docs/progdesc/ssi_st_asst/2011/ne.pdf,us,ssi,BLOCKED-CHECK,PRESENT,us/guidance/2026-10-06-w6-federal-ssa-guidance,us/guidance/ssa/state-assistance-programs-for-ssi-recipients/2011/ne,https://www.ssa.gov/policy/docs/progdesc/ssi_st_asst/2011/ne.pdf,"State Assistance Programs for SSI Recipients, January 2011 - Nebraska; fetched with the documented chrome120 browser_impersonation option"
https://www.ssa.gov/policy/docs/progdesc/ssi_st_asst/2011/nm.html,us,ssi,BLOCKED-CHECK,PRESENT,us/guidance/2026-10-06-w6-federal-ssa-guidance,us/guidance/ssa/state-assistance-programs-for-ssi-recipients/2011/nm,https://www.ssa.gov/policy/docs/progdesc/ssi_st_asst/2011/nm.html,"State Assistance Programs for SSI Recipients, January 2011 - New Mexico; fetched with the documented chrome120 browser_impersonation option"
https://www.ssa.gov/pubs/EN-05-11125.pdf,us,ssi,BLOCKED-CHECK,PRESENT,us/guidance/2026-10-06-w6-federal-ssa-guidance,us/guidance/ssa/pubs/en-05-11125,https://www.ssa.gov/pubs/EN-05-11125.pdf,"Supplemental Security Income (SSI) in California (SSA Publication No. 05-11125, 2026); fetched with the documented chrome120 browser_impersonation option"
https://www.ssa.gov/pubs/EN-05-11162.pdf,us,ssi,BLOCKED-CHECK,PRESENT,us/guidance/2026-10-06-w6-federal-ssa-guidance,us/guidance/ssa/pubs/en-05-11162,https://www.ssa.gov/pubs/EN-05-11162.pdf,"Supplemental Security Income (SSI) in the District of Columbia (SSA Publication No. 05-11162, 2026); fetched with the documented chrome120 browser_impersonation option"
https://www.usda.gov/sites/default/files/guidance-documents/fna.obbb-time-limit-waivers-reinstatement.pdf,us,snap,BLOCKED-CHECK,PRESENT,us/guidance/2026-10-06-w6-federal-agency-guidance,us/guidance/usda/fns/snap-obbb-time-limit-waivers-reinstatement-memo,https://www.usda.gov/sites/default/files/guidance-documents/fna.obbb-time-limit-waivers-reinstatement.pdf,"SNAP - Waiver of the Time Limit: Reinstatement (memorandum, February 26, 2026); fetched with the documented chrome120 browser_impersonation option"
https://www.usda.gov/sites/default/files/guidance-documents/fns.snap-FarmBill2018Section4004.pdf,us,snap,BLOCKED-CHECK,PRESENT,us/guidance/2026-10-06-w6-federal-agency-guidance,us/guidance/usda/fns/snap-farm-bill-2018-section-4004-memo,https://www.usda.gov/sites/default/files/guidance-documents/fns.snap-FarmBill2018Section4004.pdf,"SNAP Provisions of the Agriculture Improvement Act of 2018 - Section 4004 - Information Memorandum (questions and answers, March 12, 2019); fetched with the documented chrome120 browser_impersonation option"
us/statute/42/1396a,us,chip medicaid medicare,PATH-ONLY,SKIPPED,,,https://uscode.house.gov/download/download.shtml,"uscode.house.gov answered only its 'Under Maintenance' page during the run (2026-10-06, 19:20-23:00 ET); the U.S. Code release point could not be read"
us/statute/26/6428,us,income_tax,PATH-ONLY,SKIPPED,,,https://uscode.house.gov/download/download.shtml,"uscode.house.gov answered only its 'Under Maintenance' page during the run (2026-10-06, 19:20-23:00 ET); the U.S. Code release point could not be read"
us/statute/42/1396b,us,chip medicaid medicare,PATH-ONLY,SKIPPED,,,https://uscode.house.gov/download/download.shtml,"uscode.house.gov answered only its 'Under Maintenance' page during the run (2026-10-06, 19:20-23:00 ET); the U.S. Code release point could not be read"
us/statute/26/2010,us,income_tax,PATH-ONLY,SKIPPED,,,https://uscode.house.gov/download/download.shtml,"uscode.house.gov answered only its 'Under Maintenance' page during the run (2026-10-06, 19:20-23:00 ET); the U.S. Code release point could not be read"
us/statute/26/2001,us,income_tax,PATH-ONLY,SKIPPED,,,https://uscode.house.gov/download/download.shtml,"uscode.house.gov answered only its 'Under Maintenance' page during the run (2026-10-06, 19:20-23:00 ET); the U.S. Code release point could not be read"
us/statute/42/1396d,us,chip medicaid medicare,PATH-ONLY,SKIPPED,,,https://uscode.house.gov/download/download.shtml,"uscode.house.gov answered only its 'Under Maintenance' page during the run (2026-10-06, 19:20-23:00 ET); the U.S. Code release point could not be read"
us/regulation/29/541/600,us,income_tax,PATH-ONLY,PRESENT,us/regulation/2026-10-06-w6-federal-ecfr-closure-title-29-part-541,us/regulation/29/541/600,https://www.ecfr.gov/api/versioner/v1/full/2026-10-05/title-29.xml?part=541,29 CFR 541.600 within the whole part 541
us/statute/26/414,us,income_tax,PATH-ONLY,SKIPPED,,,https://uscode.house.gov/download/download.shtml,"uscode.house.gov answered only its 'Under Maintenance' page during the run (2026-10-06, 19:20-23:00 ET); the U.S. Code release point could not be read"
us/statute/42/1396p,us,medicaid,PATH-ONLY,SKIPPED,,,https://uscode.house.gov/download/download.shtml,"uscode.house.gov answered only its 'Under Maintenance' page during the run (2026-10-06, 19:20-23:00 ET); the U.S. Code release point could not be read"
us/manual/ssa/poms/si/01415.008,us,ssi,PATH-ONLY,ALREADY-HELD,us/manual/2026-09-10-ssi-poms-si,us/manual/ssa/poms/si/phi01415.008,https://secure.ssa.gov/apps10/poms.nsf/lnx/0501415008PHI,"the SI 014 subchapter list (read 2026-10-06) has no national SI 01415.008; the number exists only as the Philadelphia regional section SI PHI01415.008 (Delaware), which is held"
us/manual/ssa/poms/si/01415.210,us,ssi,PATH-ONLY,ALREADY-HELD,us/manual/2026-09-10-ssi-poms-si,us/manual/ssa/poms/si/sf01415.210,https://secure.ssa.gov/apps10/poms.nsf/lnx/0501415210SF,"no national SI 01415.210 exists; the number is the San Francisco regional section SI SF01415.210 (Hawaii), held"
us/regulation/26/1/1411,us,income_tax,PATH-ONLY,ALREADY-HELD,us/regulation/2026-07-24-1401-coordination-repair-title-26-part-1-r2026-09-13-closure-sections-consolidated,us/regulation/26/1/1411-1,https://www.ecfr.gov/current/title-26/chapter-I/subchapter-A/part-1#p-1.1411-1,section-family reference; 26 CFR 1.1411-0 to 1.1411-10 (1.1411-7 reserved) are held
us/regulation/26/1/199,us,income_tax,PATH-ONLY,ALREADY-HELD,us/regulation/2026-07-24-1401-coordination-repair-title-26-part-1-r2026-09-13-closure-sections-consolidated,us/regulation/26/1/199A-1,https://www.ecfr.gov/current/title-26/chapter-I/subchapter-A/part-1#p-1.199A-1,section-family reference; eCFR (2026-10-05) has no 1.199-N sections (the section 199 regulations were removed); the 1.199A-1 to 1.199A-12 family is held
us/regulation/26/1/21,us,income_tax,PATH-ONLY,ALREADY-HELD,us/regulation/2026-07-24-1401-coordination-repair-title-26-part-1-r2026-09-13-closure-sections-consolidated,us/regulation/26/1/21-1,https://www.ecfr.gov/current/title-26/chapter-I/subchapter-A/part-1#p-1.21-1,section-family reference; 26 CFR 1.21-1 to 1.21-4 are held
us/regulation/26/1/32,us,income_tax,PATH-ONLY,ALREADY-HELD,us/regulation/2026-07-24-1401-coordination-repair-title-26-part-1-r2026-09-13-closure-sections-consolidated,us/regulation/26/1/32-2,https://www.ecfr.gov/current/title-26/chapter-I/subchapter-A/part-1#p-1.32-2,section-family reference; 26 CFR 1.32-2 and 1.32-3 are held
us/regulation/26/1/414,us,income_tax,PATH-ONLY,PRESENT,us/regulation/2026-10-06-w6-federal-ecfr-closure-title-26-part-1,us/regulation/26/1/414-b-1,https://www.ecfr.gov/api/versioner/v1/full/2026-10-05/title-26.xml?part=1,section-family reference: the 28 live 1.414(b)-1 to 1.414(w)-1 sections taken (1.414(r)-10 reserved); parenthesised identifiers fold to hyphens
us/regulation/26/1/61,us,income_tax,PATH-ONLY,ALREADY-HELD,us/regulation/2026-07-24-1401-coordination-repair-title-26-part-1-r2026-09-13-closure-sections-consolidated,us/regulation/26/1/61-1,https://www.ecfr.gov/current/title-26/chapter-I/subchapter-A/part-1#p-1.61-1,section-family reference; 26 CFR 1.61-1 to 1.61-21 are held
us/regulation/29/541,us,income_tax,PATH-ONLY,PRESENT,us/regulation/2026-10-06-w6-federal-ecfr-closure-title-29-part-541,us/regulation/29/541,https://www.ecfr.gov/api/versioner/v1/full/2026-10-05/title-29.xml?part=541,29 CFR part 541 taken whole (54 sections)
us/regulation/42/440/255,us,medicaid,PATH-ONLY,PRESENT,us/regulation/2026-10-06-w6-federal-ecfr-closure-title-42-part-440,us/regulation/42/440/255,https://www.ecfr.gov/api/versioner/v1/full/2026-10-05/title-42.xml?part=440,section-scoped run (42 CFR 440.255)
us/regulation/45/146/113,us,chip medicaid,PATH-ONLY,PRESENT,us/regulation/2026-10-06-w6-federal-ecfr-closure-title-45-part-146,us/regulation/45/146/113,https://www.ecfr.gov/api/versioner/v1/full/2026-10-05/title-45.xml?part=146,section-scoped run (45 CFR 146.113)
us/regulation/45/155/20,us,chip medicaid,PATH-ONLY,PRESENT,us/regulation/2026-10-06-w6-federal-ecfr-closure-title-45-part-155,us/regulation/45/155/20,https://www.ecfr.gov/api/versioner/v1/full/2026-10-05/title-45.xml?part=155,section-scoped run (45 CFR 155.20)
us/regulation/45/233/20,us,tanf,PATH-ONLY,PRESENT,us/regulation/2026-10-06-w6-federal-ecfr-closure-title-45-part-233,us/regulation/45/233/20,https://www.ecfr.gov/api/versioner/v1/full/2026-10-05/title-45.xml?part=233,section-scoped run (45 CFR 233.20)
us/statute/20/1091,us,income_tax,PATH-ONLY,SKIPPED,,,https://uscode.house.gov/download/download.shtml,"uscode.house.gov answered only its 'Under Maintenance' page during the run (2026-10-06, 19:20-23:00 ET); the U.S. Code release point could not be read"
us/statute/25/1603,us,snap,PATH-ONLY,SKIPPED,,,https://uscode.house.gov/download/download.shtml,"uscode.house.gov answered only its 'Under Maintenance' page during the run (2026-10-06, 19:20-23:00 ET); the U.S. Code release point could not be read"
us/statute/25/1679,us,snap,PATH-ONLY,SKIPPED,,,https://uscode.house.gov/download/download.shtml,"uscode.house.gov answered only its 'Under Maintenance' page during the run (2026-10-06, 19:20-23:00 ET); the U.S. Code release point could not be read"
us/statute/26/111,us,income_tax,PATH-ONLY,SKIPPED,,,https://uscode.house.gov/download/download.shtml,"uscode.house.gov answered only its 'Under Maintenance' page during the run (2026-10-06, 19:20-23:00 ET); the U.S. Code release point could not be read"
us/statute/26/199,us,income_tax,PATH-ONLY,SKIPPED,,,https://uscode.house.gov/download/download.shtml,"uscode.house.gov answered only its 'Under Maintenance' page during the run (2026-10-06, 19:20-23:00 ET); the U.S. Code release point could not be read"
us/statute/26/38,us,income_tax,PATH-ONLY,SKIPPED,,,https://uscode.house.gov/download/download.shtml,"uscode.house.gov answered only its 'Under Maintenance' page during the run (2026-10-06, 19:20-23:00 ET); the U.S. Code release point could not be read"
us/statute/26/404,us,income_tax,PATH-ONLY,SKIPPED,,,https://uscode.house.gov/download/download.shtml,"uscode.house.gov answered only its 'Under Maintenance' page during the run (2026-10-06, 19:20-23:00 ET); the U.S. Code release point could not be read"
us/statute/26/652,us,income_tax,PATH-ONLY,SKIPPED,,,https://uscode.house.gov/download/download.shtml,"uscode.house.gov answered only its 'Under Maintenance' page during the run (2026-10-06, 19:20-23:00 ET); the U.S. Code release point could not be read"
us/statute/26/662,us,income_tax,PATH-ONLY,ALREADY-HELD,us/statute/2026-09-23-tax-statute-policybench-title-26,us/statute/26/662,https://uscode.house.gov/view.xhtml?req=granuleid:USC-prelim-title26-section662&num=0&edition=prelim,held in the signed 2026-09-23 policybench scope
us/statute/26/852,us,income_tax,PATH-ONLY,ALREADY-HELD,us/statute/2026-09-23-tax-statute-policybench-title-26,us/statute/26/852,https://uscode.house.gov/view.xhtml?req=granuleid:USC-prelim-title26-section852&num=0&edition=prelim,held in the signed 2026-09-23 policybench scope
us/statute/26/subtitle-A,us,chip medicaid snap,PATH-ONLY,SKIPPED,,,https://uscode.house.gov/download/download.shtml,"container reference to the whole of Subtitle A (income taxes, about 1,600 sections); extract-usc emits no subtitle row, the cited sections are held one by one, and a whole-subtitle scope would duplicate the 162 held title 26 sections: needs the controller's consolidation decision"
us/statute/29/206,us,chip medicaid snap ui,PATH-ONLY,SKIPPED,,,https://uscode.house.gov/download/download.shtml,"uscode.house.gov answered only its 'Under Maintenance' page during the run (2026-10-06, 19:20-23:00 ET); the U.S. Code release point could not be read"
us/statute/29/207,us,income_tax,PATH-ONLY,SKIPPED,,,https://uscode.house.gov/download/download.shtml,"uscode.house.gov answered only its 'Under Maintenance' page during the run (2026-10-06, 19:20-23:00 ET); the U.S. Code release point could not be read"
us/statute/38/101,us,chip medicaid snap,PATH-ONLY,SKIPPED,,,https://uscode.house.gov/download/download.shtml,"uscode.house.gov answered only its 'Under Maintenance' page during the run (2026-10-06, 19:20-23:00 ET); the U.S. Code release point could not be read"
us/statute/42/1396,us,chip medicaid,PATH-ONLY,SKIPPED,,,https://uscode.house.gov/download/download.shtml,"uscode.house.gov answered only its 'Under Maintenance' page during the run (2026-10-06, 19:20-23:00 ET); the U.S. Code release point could not be read"
us/statute/42/1396u-1,us,chip medicaid,PATH-ONLY,ALREADY-HELD,us/statute/2026-06-26-medicaid-title-42-r2026-07-15-self-contained-r2026-07-15-self-contained-r2026-07-17-dedup,us/statute/42/1396u–1,https://uscode.house.gov/view.xhtml?req=granuleid:USC-prelim-title42-section1396u–1&num=0&edition=prelim,held under the OLRC en-dash identifier 1396u–1 (the bundle path uses a hyphen)
us/statute/42/401,us,ssi,PATH-ONLY,SKIPPED,,,https://uscode.house.gov/download/download.shtml,"uscode.house.gov answered only its 'Under Maintenance' page during the run (2026-10-06, 19:20-23:00 ET); the U.S. Code release point could not be read"
us/statute/42/430,us,income_tax,PATH-ONLY,SKIPPED,,,https://uscode.house.gov/download/download.shtml,"uscode.house.gov answered only its 'Under Maintenance' page during the run (2026-10-06, 19:20-23:00 ET); the U.S. Code release point could not be read"
us/statute/42/9902,us,tanf,PATH-ONLY,SKIPPED,,,https://uscode.house.gov/download/download.shtml,"uscode.house.gov answered only its 'Under Maintenance' page during the run (2026-10-06, 19:20-23:00 ET); the U.S. Code release point could not be read"
us/statute/42/chapter-7,us,chip medicaid snap,PATH-ONLY,SKIPPED,,,https://uscode.house.gov/download/download.shtml,"container reference to the whole Social Security Act chapter (42 U.S.C. chapter 7, thousands of sections); extract-usc emits no chapter row and the cited titles (IV-A, XVI, XIX, XXI) are held; needs the controller's decision"
us/statute/8/1611,us,chip medicaid,PATH-ONLY,SKIPPED,,,https://uscode.house.gov/download/download.shtml,"uscode.house.gov answered only its 'Under Maintenance' page during the run (2026-10-06, 19:20-23:00 ET); the U.S. Code release point could not be read"
us/statute/8/1645,us,snap,PATH-ONLY,SKIPPED,,,https://uscode.house.gov/download/download.shtml,"uscode.house.gov answered only its 'Under Maintenance' page during the run (2026-10-06, 19:20-23:00 ET); the U.S. Code release point could not be read"
us/statute/26/105,us,income_tax,PATH-ONLY,SKIPPED,,,https://uscode.house.gov/download/download.shtml,"uscode.house.gov answered only its 'Under Maintenance' page during the run (2026-10-06, 19:20-23:00 ET); the U.S. Code release point could not be read"
us/statute/26/106,us,income_tax,PATH-ONLY,SKIPPED,,,https://uscode.house.gov/download/download.shtml,"uscode.house.gov answered only its 'Under Maintenance' page during the run (2026-10-06, 19:20-23:00 ET); the U.S. Code release point could not be read"
us/statute/26/1221,us,income_tax,PATH-ONLY,SKIPPED,,,https://uscode.house.gov/download/download.shtml,"uscode.house.gov answered only its 'Under Maintenance' page during the run (2026-10-06, 19:20-23:00 ET); the U.S. Code release point could not be read"
us/statute/26/1223,us,income_tax,PATH-ONLY,SKIPPED,,,https://uscode.house.gov/download/download.shtml,"uscode.house.gov answered only its 'Under Maintenance' page during the run (2026-10-06, 19:20-23:00 ET); the U.S. Code release point could not be read"
us/statute/26/408A,us,income_tax,PATH-ONLY,SKIPPED,,,https://uscode.house.gov/download/download.shtml,"uscode.house.gov answered only its 'Under Maintenance' page during the run (2026-10-06, 19:20-23:00 ET); the U.S. Code release point could not be read"
us/statute/42/1320b,us,medicaid,PATH-ONLY,SKIPPED,,,https://uscode.house.gov/download/download.shtml,"uscode.house.gov answered only its 'Under Maintenance' page during the run (2026-10-06, 19:20-23:00 ET); the U.S. Code release point could not be read"
us/statute/42/1396u,us,medicaid,PATH-ONLY,SKIPPED,,,https://uscode.house.gov/download/download.shtml,"uscode.house.gov answered only its 'Under Maintenance' page during the run (2026-10-06, 19:20-23:00 ET); the U.S. Code release point could not be read"
