id,jurisdiction,programs,action,new_status,scope_version,citation_path,official_url,note
us-mn/guidance/department-of-revenue/inflation-adjusted-amounts/2026/income-tax-brackets,us-mn,income_tax,EXTRACT-MANIFEST,ALREADY-HELD,us-mn/guidance/2026-07-22-mn-income-tax-inflation-adjusted-amounts-2026,us-mn/guidance/department-of-revenue/inflation-adjusted-amounts/2026/income-tax-brackets,https://www.revenue.state.mn.us/sites/default/files/2025-12/inflation-adjusted-amounts-2026.pdf,"Exact path held (released scope). The same PDF is also held as one body in us-mn/guidance/2026-09-14-ty2026-indexed-amounts (us-mn/guidance/department-of-revenue/ty2026/inflation-adjusted-amounts), which the wave-4 note recommends instead (the released per-bracket rows captured the 'Statutory Year' column)."
https://www.revenue.state.mn.us/crp-instructions,us-mn,income_tax,FETCH,PRESENT,us-mn/guidance/2026-10-06-w6-income-tax-guidance-mn,us-mn/guidance/department-of-revenue/crp-instructions,https://www.revenue.state.mn.us/crp-instructions,Taken: Certificate of Rent Paid (CRP) Instructions.
https://www.revenue.state.mn.us/education-savings-account-contribution-subtraction,us-mn,income_tax,FETCH,PRESENT,us-mn/guidance/2026-10-06-w6-income-tax-guidance-mn,us-mn/guidance/department-of-revenue/education-savings-account-contribution-subtraction,https://www.revenue.state.mn.us/education-savings-account-contribution-subtraction,Taken: Education Savings Account Contribution Subtraction.
https://www.revenue.state.mn.us/sites/default/files/2021-12/m1ref_21_0.pdf,us-mn,income_tax,FETCH,PRESENT,us-mn/form/2026-10-06-w6-income-tax-forms-mn,us-mn/form/department-of-revenue/ty2021/schedule-m1ref,https://www.revenue.state.mn.us/sites/default/files/2021-12/m1ref_21_0.pdf,"Taken: 2021 Schedule M1REF, Refundable Credits; printed tax year 2021."
https://www.revenue.state.mn.us/sites/default/files/2022-12/m1ref_22.pdf,us-mn,income_tax,FETCH,PRESENT,us-mn/form/2026-10-06-w6-income-tax-forms-mn,us-mn/form/department-of-revenue/ty2022/schedule-m1ref,https://www.revenue.state.mn.us/sites/default/files/2022-12/m1ref_22.pdf,"Taken: 2022 Schedule M1REF, Refundable Credits; printed tax year 2022."
https://www.revenue.state.mn.us/sites/default/files/2023-01/m1c_22.pdf,us-mn,income_tax,FETCH,PRESENT,us-mn/form/2026-10-06-w6-income-tax-forms-mn,us-mn/form/department-of-revenue/ty2022/schedule-m1c,https://www.revenue.state.mn.us/sites/default/files/2023-01/m1c_22.pdf,"Taken: 2022 Schedule M1C, Nonrefundable Credits; printed tax year 2022."
https://www.revenue.state.mn.us/sites/default/files/2023-01/m1cd_22_0.pdf,us-mn,income_tax,FETCH,PRESENT,us-mn/form/2026-10-06-w6-income-tax-forms-mn,us-mn/form/department-of-revenue/ty2022/schedule-m1cd,https://www.revenue.state.mn.us/sites/default/files/2023-01/m1cd_22_0.pdf,"Taken: 2022 Schedule M1CD, Child and Dependent Care Credit; printed tax year 2022."
https://www.revenue.state.mn.us/sites/default/files/2023-01/m1ma_21.pdf,us-mn,income_tax,FETCH,PRESENT,us-mn/form/2026-10-06-w6-income-tax-forms-mn,us-mn/form/department-of-revenue/ty2021/schedule-m1ma,https://www.revenue.state.mn.us/sites/default/files/2023-01/m1ma_21.pdf,"Taken: 2021 Schedule M1MA, Marriage Credit; printed tax year 2021."
https://www.revenue.state.mn.us/sites/default/files/2023-01/m1ma_22.pdf,us-mn,income_tax,FETCH,PRESENT,us-mn/form/2026-10-06-w6-income-tax-forms-mn,us-mn/form/department-of-revenue/ty2022/schedule-m1ma,https://www.revenue.state.mn.us/sites/default/files/2023-01/m1ma_22.pdf,"Taken: 2022 Schedule M1MA, Marriage Credit; printed tax year 2022."
https://www.revenue.state.mn.us/sites/default/files/2023-01/m1mt_22.pdf,us-mn,income_tax,FETCH,PRESENT,us-mn/form/2026-10-06-w6-income-tax-forms-mn,us-mn/form/department-of-revenue/ty2022/schedule-m1mt,https://www.revenue.state.mn.us/sites/default/files/2023-01/m1mt_22.pdf,"Taken: 2022 Schedule M1MT, Alternative Minimum Tax; printed tax year 2022."
https://www.revenue.state.mn.us/sites/default/files/2023-01/m1r_21.pdf,us-mn,income_tax,FETCH,PRESENT,us-mn/form/2026-10-06-w6-income-tax-forms-mn,us-mn/form/department-of-revenue/ty2021/schedule-m1r,https://www.revenue.state.mn.us/sites/default/files/2023-01/m1r_21.pdf,"Taken: 2021 Schedule M1R, Age 65 or Older/Disabled Subtraction; printed tax year 2021."
https://www.revenue.state.mn.us/sites/default/files/2023-01/m1r_22.pdf,us-mn,income_tax,FETCH,PRESENT,us-mn/form/2026-10-06-w6-income-tax-forms-mn,us-mn/form/department-of-revenue/ty2022/schedule-m1r,https://www.revenue.state.mn.us/sites/default/files/2023-01/m1r_22.pdf,"Taken: 2022 Schedule M1R, Age 65 or Older/Disabled Subtraction; printed tax year 2022."
https://www.revenue.state.mn.us/sites/default/files/2023-01/m1sa_22.pdf,us-mn,income_tax,FETCH,PRESENT,us-mn/form/2026-10-06-w6-income-tax-forms-mn,us-mn/form/department-of-revenue/ty2022/schedule-m1sa,https://www.revenue.state.mn.us/sites/default/files/2023-01/m1sa_22.pdf,"Taken: 2022 Schedule M1SA, Minnesota Itemized Deductions; printed tax year 2022."
https://www.revenue.state.mn.us/sites/default/files/2023-02/m1cd_21.pdf,us-mn,income_tax,FETCH,PRESENT,us-mn/form/2026-10-06-w6-income-tax-forms-mn,us-mn/form/department-of-revenue/ty2021/schedule-m1cd,https://www.revenue.state.mn.us/sites/default/files/2023-02/m1cd_21.pdf,"Taken: 2021 Schedule M1CD, Child and Dependent Care Credit; printed tax year 2021."
https://www.revenue.state.mn.us/sites/default/files/2023-02/m1mt_21.pdf,us-mn,income_tax,FETCH,PRESENT,us-mn/form/2026-10-06-w6-income-tax-forms-mn,us-mn/form/department-of-revenue/ty2021/schedule-m1mt,https://www.revenue.state.mn.us/sites/default/files/2023-02/m1mt_21.pdf,"Taken: 2021 Schedule M1MT, Alternative Minimum Tax; printed tax year 2021."
https://www.revenue.state.mn.us/sites/default/files/2023-12/Inflation%20Adjustments%20TY%202021.pdf,us-mn,income_tax,FETCH,PRESENT,us-mn/guidance/2026-10-06-w6-income-tax-guidance-mn,us-mn/guidance/department-of-revenue/ty2021/inflation-adjusted-amounts,https://www.revenue.state.mn.us/sites/default/files/2023-12/Inflation%20Adjustments%20TY%202021.pdf,Taken: Tax Year 2021 Inflation-Adjusted Amounts in Minnesota Statutes; printed tax year 2021.
https://www.revenue.state.mn.us/sites/default/files/2023-12/Inflation_Adjustments_TY_2022.pdf,us-mn,income_tax,FETCH,PRESENT,us-mn/guidance/2026-10-06-w6-income-tax-guidance-mn,us-mn/guidance/department-of-revenue/ty2022/inflation-adjusted-amounts,https://www.revenue.state.mn.us/sites/default/files/2023-12/Inflation_Adjustments_TY_2022.pdf,Taken: Tax Year 2022 Inflation-Adjusted Amounts in Minnesota Statutes; printed tax year 2022.
https://www.revenue.state.mn.us/sites/default/files/2023-12/inflation-adjusted-amounts-ty-2024.pdf,us-mn,income_tax,FETCH,PRESENT,us-mn/guidance/2026-10-06-w6-income-tax-guidance-mn,us-mn/guidance/department-of-revenue/ty2024/inflation-adjusted-amounts,https://www.revenue.state.mn.us/sites/default/files/2023-12/inflation-adjusted-amounts-ty-2024.pdf,Taken: Tax Year 2024 Inflation-Adjusted Amounts in Minnesota Statutes; printed tax year 2024.
https://www.revenue.state.mn.us/sites/default/files/2023-12/m1_21_0.pdf,us-mn,income_tax,FETCH,PRESENT,us-mn/form/2026-10-06-w6-income-tax-forms-mn,us-mn/form/department-of-revenue/ty2021/form-m1,https://www.revenue.state.mn.us/sites/default/files/2023-12/m1_21_0.pdf,"Taken: 2021 Form M1, Minnesota Individual Income Tax; printed tax year 2021."
https://www.revenue.state.mn.us/sites/default/files/2023-12/m1_22.pdf,us-mn,income_tax,FETCH,PRESENT,us-mn/form/2026-10-06-w6-income-tax-forms-mn,us-mn/form/department-of-revenue/ty2022/form-m1,https://www.revenue.state.mn.us/sites/default/files/2023-12/m1_22.pdf,"Taken: 2022 Form M1, Minnesota Individual Income Tax; printed tax year 2022."
https://www.revenue.state.mn.us/sites/default/files/2023-12/m1_inst_21.pdf,us-mn,income_tax,FETCH,PRESENT,us-mn/form/2026-10-06-w6-income-tax-forms-mn,us-mn/form/department-of-revenue/ty2021/form-m1-instructions,https://www.revenue.state.mn.us/sites/default/files/2023-12/m1_inst_21.pdf,Taken: 2021 Minnesota Individual Income Tax Instructions (Form M1); printed tax year 2021.
https://www.revenue.state.mn.us/sites/default/files/2023-12/m1cd-23.pdf,us-mn,income_tax,FETCH,PRESENT,us-mn/form/2026-10-06-w6-income-tax-forms-mn,us-mn/form/department-of-revenue/ty2023/schedule-m1cd,https://www.revenue.state.mn.us/sites/default/files/2023-12/m1cd-23.pdf,"Taken: 2023 Schedule M1CD, Child and Dependent Care Credit; printed tax year 2023."
https://www.revenue.state.mn.us/sites/default/files/2023-12/m1ma-23.pdf,us-mn,income_tax,FETCH,PRESENT,us-mn/form/2026-10-06-w6-income-tax-forms-mn,us-mn/form/department-of-revenue/ty2023/schedule-m1ma,https://www.revenue.state.mn.us/sites/default/files/2023-12/m1ma-23.pdf,"Taken: 2023 Schedule M1MA, Marriage Credit; printed tax year 2023."
https://www.revenue.state.mn.us/sites/default/files/2023-12/m1mt-23.pdf,us-mn,income_tax,FETCH,PRESENT,us-mn/form/2026-10-06-w6-income-tax-forms-mn,us-mn/form/department-of-revenue/ty2023/schedule-m1mt,https://www.revenue.state.mn.us/sites/default/files/2023-12/m1mt-23.pdf,"Taken: 2023 Schedule M1MT, Alternative Minimum Tax; printed tax year 2023."
https://www.revenue.state.mn.us/sites/default/files/2023-12/m1r-23.pdf,us-mn,income_tax,FETCH,PRESENT,us-mn/form/2026-10-06-w6-income-tax-forms-mn,us-mn/form/department-of-revenue/ty2023/schedule-m1r,https://www.revenue.state.mn.us/sites/default/files/2023-12/m1r-23.pdf,"Taken: 2023 Schedule M1R, Age 65 or Older/Disabled Subtraction; printed tax year 2023."
https://www.revenue.state.mn.us/sites/default/files/2024-01/m1c_21.pdf,us-mn,income_tax,FETCH,PRESENT,us-mn/form/2026-10-06-w6-income-tax-forms-mn,us-mn/form/department-of-revenue/ty2021/schedule-m1c,https://www.revenue.state.mn.us/sites/default/files/2024-01/m1c_21.pdf,"Taken: 2021 Schedule M1C, Nonrefundable Credits; printed tax year 2021."
https://www.revenue.state.mn.us/sites/default/files/2024-01/m1m-22.pdf,us-mn,income_tax,FETCH,PRESENT,us-mn/form/2026-10-06-w6-income-tax-forms-mn,us-mn/form/department-of-revenue/ty2022/schedule-m1m,https://www.revenue.state.mn.us/sites/default/files/2024-01/m1m-22.pdf,"Taken: 2022 Schedule M1M, Income Additions and Subtractions; printed tax year 2022."
https://www.revenue.state.mn.us/sites/default/files/2024-02/m1-inst-22.pdf,us-mn,income_tax,FETCH,PRESENT,us-mn/form/2026-10-06-w6-income-tax-forms-mn,us-mn/form/department-of-revenue/ty2022/form-m1-instructions,https://www.revenue.state.mn.us/sites/default/files/2024-02/m1-inst-22.pdf,Taken: 2022 Minnesota Individual Income Tax Instructions (Form M1); printed tax year 2022.
https://www.revenue.state.mn.us/sites/default/files/2024-04/m1m-23_0.pdf,us-mn,income_tax,FETCH,PRESENT,us-mn/form/2026-10-06-w6-income-tax-forms-mn,us-mn/form/department-of-revenue/ty2023/schedule-m1m,https://www.revenue.state.mn.us/sites/default/files/2024-04/m1m-23_0.pdf,"Taken: 2023 Schedule M1M, Income Additions and Subtractions; printed tax year 2023."
https://www.revenue.state.mn.us/sites/default/files/2024-04/m1ref-23.pdf,us-mn,income_tax,FETCH,PRESENT,us-mn/form/2026-10-06-w6-income-tax-forms-mn,us-mn/form/department-of-revenue/ty2023/schedule-m1ref,https://www.revenue.state.mn.us/sites/default/files/2024-04/m1ref-23.pdf,"Taken: 2023 Schedule M1REF, Refundable Credits; printed tax year 2023."
https://www.revenue.state.mn.us/sites/default/files/2024-12/m1cd-24.pdf,us-mn,income_tax,FETCH,PRESENT,us-mn/form/2026-10-06-w6-income-tax-forms-mn,us-mn/form/department-of-revenue/ty2024/schedule-m1cd,https://www.revenue.state.mn.us/sites/default/files/2024-12/m1cd-24.pdf,"Taken: 2024 Schedule M1CD, Child and Dependent Care Credit; printed tax year 2024."
https://www.revenue.state.mn.us/sites/default/files/2024-12/m1ma-24.pdf,us-mn,income_tax,FETCH,PRESENT,us-mn/form/2026-10-06-w6-income-tax-forms-mn,us-mn/form/department-of-revenue/ty2024/schedule-m1ma,https://www.revenue.state.mn.us/sites/default/files/2024-12/m1ma-24.pdf,"Taken: 2024 Schedule M1MA, Marriage Credit; printed tax year 2024."
https://www.revenue.state.mn.us/sites/default/files/2024-12/m1qpen-24.pdf,us-mn,income_tax,FETCH,PRESENT,us-mn/form/2026-10-06-w6-income-tax-forms-mn,us-mn/form/department-of-revenue/ty2024/schedule-m1qpen,https://www.revenue.state.mn.us/sites/default/files/2024-12/m1qpen-24.pdf,"Taken: 2024 Schedule M1QPEN, Qualified Public Pension Subtraction; printed tax year 2024."
https://www.revenue.state.mn.us/sites/default/files/2024-12/m1r-24.pdf,us-mn,income_tax,FETCH,PRESENT,us-mn/form/2026-10-06-w6-income-tax-forms-mn,us-mn/form/department-of-revenue/ty2024/schedule-m1r,https://www.revenue.state.mn.us/sites/default/files/2024-12/m1r-24.pdf,"Taken: 2024 Schedule M1R, Age 65 or Older/Disabled Subtraction; printed tax year 2024."
https://www.revenue.state.mn.us/sites/default/files/2024-12/m1sa-24.pdf,us-mn,income_tax,FETCH,PRESENT,us-mn/form/2026-10-06-w6-income-tax-forms-mn,us-mn/form/department-of-revenue/ty2024/schedule-m1sa,https://www.revenue.state.mn.us/sites/default/files/2024-12/m1sa-24.pdf,"Taken: 2024 Schedule M1SA, Minnesota Itemized Deductions; printed tax year 2024."
https://www.revenue.state.mn.us/sites/default/files/2025-01/m1cwfc-23.pdf,us-mn,income_tax,FETCH,PRESENT,us-mn/form/2026-10-06-w6-income-tax-forms-mn,us-mn/form/department-of-revenue/ty2023/schedule-m1cwfc,https://www.revenue.state.mn.us/sites/default/files/2025-01/m1cwfc-23.pdf,"Taken: 2023 Schedule M1CWFC, Minnesota Child and Working Family Credits; printed tax year 2023."
https://www.revenue.state.mn.us/sites/default/files/2025-01/m1cwfc-24.pdf,us-mn,income_tax,FETCH,PRESENT,us-mn/form/2026-10-06-w6-income-tax-forms-mn,us-mn/form/department-of-revenue/ty2024/schedule-m1cwfc,https://www.revenue.state.mn.us/sites/default/files/2025-01/m1cwfc-24.pdf,"Taken: 2024 Schedule M1CWFC, Minnesota Child and Working Family Credits; printed tax year 2024."
https://www.revenue.state.mn.us/sites/default/files/2025-02/m1c-24.pdf,us-mn,income_tax,FETCH,PRESENT,us-mn/form/2026-10-06-w6-income-tax-forms-mn,us-mn/form/department-of-revenue/ty2024/schedule-m1c,https://www.revenue.state.mn.us/sites/default/files/2025-02/m1c-24.pdf,"Taken: 2024 Schedule M1C, Nonrefundable Credits; printed tax year 2024."
https://www.revenue.state.mn.us/sites/default/files/2025-06/m1-inst-23.pdf,us-mn,income_tax,FETCH,PRESENT,us-mn/form/2026-10-06-w6-income-tax-forms-mn,us-mn/form/department-of-revenue/ty2023/form-m1-instructions,https://www.revenue.state.mn.us/sites/default/files/2025-06/m1-inst-23.pdf,Taken: 2023 Minnesota Individual Income Tax Instructions (Form M1); printed tax year 2023.
https://www.revenue.state.mn.us/sites/default/files/2025-07/m1mt-24.pdf,us-mn,income_tax,FETCH,PRESENT,us-mn/form/2026-10-06-w6-income-tax-forms-mn,us-mn/form/department-of-revenue/ty2024/schedule-m1mt,https://www.revenue.state.mn.us/sites/default/files/2025-07/m1mt-24.pdf,"Taken: 2024 Schedule M1MT, Alternative Minimum Tax; printed tax year 2024."
https://www.revenue.state.mn.us/sites/default/files/2025-08/m1ref-24.pdf,us-mn,income_tax,FETCH,PRESENT,us-mn/form/2026-10-06-w6-income-tax-forms-mn,us-mn/form/department-of-revenue/ty2024/schedule-m1ref,https://www.revenue.state.mn.us/sites/default/files/2025-08/m1ref-24.pdf,"Taken: 2024 Schedule M1REF, Refundable Credits; printed tax year 2024."
https://www.revenue.state.mn.us/sites/default/files/2025-11/m1m-24.pdf,us-mn,income_tax,FETCH,PRESENT,us-mn/form/2026-10-06-w6-income-tax-forms-mn,us-mn/form/department-of-revenue/ty2024/schedule-m1m,https://www.revenue.state.mn.us/sites/default/files/2025-11/m1m-24.pdf,"Taken: 2024 Schedule M1M, Income Additions and Subtractions; printed tax year 2024."
https://www.revenue.state.mn.us/sites/default/files/2025-12/m1c-23.pdf,us-mn,income_tax,FETCH,PRESENT,us-mn/form/2026-10-06-w6-income-tax-forms-mn,us-mn/form/department-of-revenue/ty2023/schedule-m1c,https://www.revenue.state.mn.us/sites/default/files/2025-12/m1c-23.pdf,"Taken: 2023 Schedule M1C, Nonrefundable Credits; printed tax year 2023."
https://www.revenue.state.mn.us/sites/default/files/2025-12/m1ref-25.pdf,us-mn,income_tax,FETCH,PRESENT,us-mn/form/2026-10-06-w6-income-tax-forms-mn,us-mn/form/department-of-revenue/ty2025/schedule-m1ref,https://www.revenue.state.mn.us/sites/default/files/2025-12/m1ref-25.pdf,"Taken: 2025 Schedule M1REF, Refundable Credits; printed tax year 2025."
https://www.revenue.state.mn.us/sites/default/files/2025-12/m1sa-23.pdf,us-mn,income_tax,FETCH,PRESENT,us-mn/form/2026-10-06-w6-income-tax-forms-mn,us-mn/form/department-of-revenue/ty2023/schedule-m1sa,https://www.revenue.state.mn.us/sites/default/files/2025-12/m1sa-23.pdf,"Taken: 2023 Schedule M1SA, Minnesota Itemized Deductions; printed tax year 2023."
https://www.revenue.state.mn.us/sites/default/files/2025-12/m1sa-25_0.pdf,us-mn,income_tax,FETCH,PRESENT,us-mn/form/2026-10-06-w6-income-tax-forms-mn,us-mn/form/department-of-revenue/ty2025/schedule-m1sa,https://www.revenue.state.mn.us/sites/default/files/2025-12/m1sa-25_0.pdf,"Taken: 2025 Schedule M1SA, Minnesota Itemized Deductions; printed tax year 2025."
https://www.revenue.state.mn.us/sites/default/files/2025-12/niit-25.pdf,us-mn,income_tax,FETCH,PRESENT,us-mn/form/2026-10-06-w6-income-tax-forms-mn,us-mn/form/department-of-revenue/ty2025/schedule-niit,https://www.revenue.state.mn.us/sites/default/files/2025-12/niit-25.pdf,"Taken: 2025 Schedule NIIT, Net Investment Income Tax; printed tax year 2025."
https://www.revenue.state.mn.us/sites/default/files/2026-01/m1-24.pdf,us-mn,income_tax,FETCH,PRESENT,us-mn/form/2026-10-06-w6-income-tax-forms-mn,us-mn/form/department-of-revenue/ty2024/form-m1,https://www.revenue.state.mn.us/sites/default/files/2026-01/m1-24.pdf,"Taken: 2024 Form M1, Minnesota Individual Income Tax; printed tax year 2024."
https://www.revenue.state.mn.us/sites/default/files/2026-01/m1-inst-24.pdf,us-mn,income_tax,FETCH,PRESENT,us-mn/form/2026-10-06-w6-income-tax-forms-mn,us-mn/form/department-of-revenue/ty2024/form-m1-instructions,https://www.revenue.state.mn.us/sites/default/files/2026-01/m1-inst-24.pdf,Taken: 2024 Minnesota Individual Income Tax Instructions (Form M1); printed tax year 2024.
https://www.revenue.state.mn.us/sites/default/files/2026-01/m1dqc-25.pdf,us-mn,income_tax,FETCH,PRESENT,us-mn/form/2026-10-06-w6-income-tax-forms-mn,us-mn/form/department-of-revenue/ty2025/schedule-m1dqc,https://www.revenue.state.mn.us/sites/default/files/2026-01/m1dqc-25.pdf,"Taken: 2025 Schedule M1DQC, Dependents and Qualifying Children; printed tax year 2025."
https://www.revenue.state.mn.us/sites/default/files/2026-07/m1cd-25.pdf,us-mn,income_tax,FETCH,PRESENT,us-mn/form/2026-10-06-w6-income-tax-forms-mn,us-mn/form/department-of-revenue/ty2025/schedule-m1cd,https://www.revenue.state.mn.us/sites/default/files/2026-07/m1cd-25.pdf,"Taken: 2025 Schedule M1CD, Child and Dependent Care Credit; printed tax year 2025."
https://www.revenue.state.mn.us/sites/default/files/2026-07/m1cwfc-25.pdf,us-mn,income_tax,FETCH,PRESENT,us-mn/form/2026-10-06-w6-income-tax-forms-mn,us-mn/form/department-of-revenue/ty2025/schedule-m1cwfc,https://www.revenue.state.mn.us/sites/default/files/2026-07/m1cwfc-25.pdf,"Taken: 2025 Schedule M1CWFC, Minnesota Child and Working Family Credits; printed tax year 2025."
https://www.revenue.state.mn.us/sites/default/files/2026-07/m1ed-25.pdf,us-mn,income_tax,FETCH,PRESENT,us-mn/form/2026-10-06-w6-income-tax-forms-mn,us-mn/form/department-of-revenue/ty2025/schedule-m1ed,https://www.revenue.state.mn.us/sites/default/files/2026-07/m1ed-25.pdf,"Taken: 2025 Schedule M1ED, K-12 Education Credit; printed tax year 2025."
https://www.revenue.state.mn.us/sites/default/files/2026-07/m1m-25.pdf,us-mn,income_tax,FETCH,PRESENT,us-mn/form/2026-10-06-w6-income-tax-forms-mn,us-mn/form/department-of-revenue/ty2025/schedule-m1m,https://www.revenue.state.mn.us/sites/default/files/2026-07/m1m-25.pdf,"Taken: 2025 Schedule M1M, Income Additions and Subtractions; printed tax year 2025."
https://www.revenue.state.mn.us/sites/default/files/2026-07/m1ma-25.pdf,us-mn,income_tax,FETCH,PRESENT,us-mn/form/2026-10-06-w6-income-tax-forms-mn,us-mn/form/department-of-revenue/ty2025/schedule-m1ma,https://www.revenue.state.mn.us/sites/default/files/2026-07/m1ma-25.pdf,"Taken: 2025 Schedule M1MA, Marriage Credit; printed tax year 2025."
https://www.revenue.state.mn.us/sites/default/files/2026-07/m1mt-25.pdf,us-mn,income_tax,FETCH,PRESENT,us-mn/form/2026-10-06-w6-income-tax-forms-mn,us-mn/form/department-of-revenue/ty2025/schedule-m1mt,https://www.revenue.state.mn.us/sites/default/files/2026-07/m1mt-25.pdf,"Taken: 2025 Schedule M1MT, Alternative Minimum Tax; printed tax year 2025."
https://www.revenue.state.mn.us/sites/default/files/2026-07/m1qpen-25.pdf,us-mn,income_tax,FETCH,PRESENT,us-mn/form/2026-10-06-w6-income-tax-forms-mn,us-mn/form/department-of-revenue/ty2025/schedule-m1qpen,https://www.revenue.state.mn.us/sites/default/files/2026-07/m1qpen-25.pdf,"Taken: 2025 Schedule M1QPEN, Qualified Public Pension Subtraction; printed tax year 2025."
https://www.revenue.state.mn.us/sites/default/files/2026-07/m1r-25.pdf,us-mn,income_tax,FETCH,PRESENT,us-mn/form/2026-10-06-w6-income-tax-forms-mn,us-mn/form/department-of-revenue/ty2025/schedule-m1r,https://www.revenue.state.mn.us/sites/default/files/2026-07/m1r-25.pdf,"Taken: 2025 Schedule M1R, Age 65 or Older/Disabled Subtraction; printed tax year 2025."
https://www.revenue.state.mn.us/sites/default/files/2026-07/m1rent-25.pdf,us-mn,income_tax,FETCH,PRESENT,us-mn/form/2026-10-06-w6-income-tax-forms-mn,us-mn/form/department-of-revenue/ty2025/schedule-m1rent,https://www.revenue.state.mn.us/sites/default/files/2026-07/m1rent-25.pdf,"Taken: 2025 Schedule M1RENT, Renter's Credit; printed tax year 2025."
https://www.revenue.state.mn.us/sites/default/files/2026-08/m1529-25.pdf,us-mn,income_tax,FETCH,PRESENT,us-mn/form/2026-10-06-w6-income-tax-forms-mn,us-mn/form/department-of-revenue/ty2025/schedule-m1529,https://www.revenue.state.mn.us/sites/default/files/2026-08/m1529-25.pdf,"Taken: 2025 Schedule M1529, Education Savings Account Contribution Credit or Subtraction; printed tax year 2025."
https://www.revisor.mn.gov/statutes/cite/270c.22,us-mn,income_tax,FETCH,PRESENT,us-mn/statute/2026-10-06-w6-income-tax-statute-mn,us-mn/statute/270C.22,https://www.revisor.mn.gov/statutes/cite/270c.22,"Taken: Minnesota Statutes 270C.22, Statutory Inflation Adjustments (2025 Minnesota Statutes)."
https://www.revisor.mn.gov/statutes/cite/290.0693/pdf,us-mn,income_tax,FETCH,ALREADY-HELD,us-mn/statute/2026-09-14-income-tax-chapter-us-mn-title-290,us-mn/statute/290.0693,https://www.revisor.mn.gov/statutes/cite/290.0693/pdf,PDF rendering of Minn. Stat. 290.0693 (2025 Minnesota Statutes); the section is held in the chapter 290 scope.
https://taxsim.nber.org/historical_state_tax_forms/MN/2021/m1sa_21.pdf,us-mn,income_tax,CHECK-PUBLISHER,PRESENT,us-mn/form/2026-10-06-w6-income-tax-forms-mn,us-mn/form/department-of-revenue/ty2021/schedule-m1sa,https://www.revenue.state.mn.us/sites/default/files/2023-02/m1sa_21.pdf,"Taken: 2021 Schedule M1SA, Minnesota Itemized Deductions; printed tax year 2021; bundle address is a third-party repost; the official publisher's copy of the same document and edition was taken."
https://www.taxformfinder.org/forms/2021/2021-minnesota-form-m1m.pdf,us-mn,income_tax,OFFICIAL-SOURCE,PRESENT,us-mn/form/2026-10-06-w6-income-tax-forms-mn,us-mn/form/department-of-revenue/ty2021/schedule-m1m,https://www.revenue.state.mn.us/sites/default/files/2024-01/m1m-21.pdf,"Taken: 2021 Schedule M1M, Income Additions and Subtractions; printed tax year 2021; bundle address is a third-party repost; the official publisher's copy of the same document and edition was taken."
us-mo/form/individual_income_tax_forms/dor.mo.gov/forms/mo-1040-20fillable-20calculating_2021,us-mo,income_tax,EXTRACT-MANIFEST,PRESENT,us-mo/form/2026-10-06-w6-income-tax-forms-mo,us-mo/form/dor/ty2021/form-mo-1040,https://dor.mo.gov/forms/MO-1040%20Fillable%20Calculating_2021.pdf,"Taken: 2021 Form MO-1040, Individual Income Tax Return (fillable calculating version); printed tax year 2021; manifest-on-main entry re-slugged to the citation-path grammar (underscores and host segments are not allowed) and taken under a wave-6 version."
us-mo/form/individual_income_tax_forms/dor.mo.gov/forms/mo-1040-20fillable-20calculating_2023,us-mo,income_tax,EXTRACT-MANIFEST,PRESENT,us-mo/form/2026-10-06-w6-income-tax-forms-mo,us-mo/form/dor/ty2023/form-mo-1040,https://dor.mo.gov/forms/MO-1040%20Fillable%20Calculating_2023.pdf,"Taken: 2023 Form MO-1040, Individual Income Tax Return (fillable calculating version); printed tax year 2023; manifest-on-main entry re-slugged to the citation-path grammar (underscores and host segments are not allowed) and taken under a wave-6 version."
us-mo/form/individual_income_tax_forms/dor.mo.gov/forms/mo-1040-20instructions_2017,us-mo,income_tax,EXTRACT-MANIFEST,PRESENT,us-mo/form/2026-10-06-w6-income-tax-forms-mo,us-mo/form/dor/ty2017/form-mo-1040-instructions,https://dor.mo.gov/forms/MO-1040%20Instructions_2017.pdf,Taken: 2017 Form MO-1040 Instructions (Individual Income Tax); printed tax year 2017; manifest-on-main entry re-slugged to the citation-path grammar (underscores and host segments are not allowed) and taken under a wave-6 version.
us-mo/form/individual_income_tax_forms/dor.mo.gov/forms/mo-1040-20instructions_2018,us-mo,income_tax,EXTRACT-MANIFEST,PRESENT,us-mo/form/2026-10-06-w6-income-tax-forms-mo,us-mo/form/dor/ty2018/form-mo-1040-instructions,https://dor.mo.gov/forms/MO-1040%20Instructions_2018.pdf,Taken: 2018 Form MO-1040 Instructions (Individual Income Tax); printed tax year 2018; manifest-on-main entry re-slugged to the citation-path grammar (underscores and host segments are not allowed) and taken under a wave-6 version.
us-mo/form/individual_income_tax_forms/dor.mo.gov/forms/mo-1040-20instructions_2019,us-mo,income_tax,EXTRACT-MANIFEST,PRESENT,us-mo/form/2026-10-06-w6-income-tax-forms-mo,us-mo/form/dor/ty2019/form-mo-1040-instructions,https://dor.mo.gov/forms/MO-1040%20Instructions_2019.pdf,Taken: 2019 Form MO-1040 Instructions (Individual Income Tax); printed tax year 2019; manifest-on-main entry re-slugged to the citation-path grammar (underscores and host segments are not allowed) and taken under a wave-6 version.
us-mo/form/individual_income_tax_forms/dor.mo.gov/forms/mo-1040-20instructions_2020,us-mo,income_tax,EXTRACT-MANIFEST,PRESENT,us-mo/form/2026-10-06-w6-income-tax-forms-mo,us-mo/form/dor/ty2020/form-mo-1040-instructions,https://dor.mo.gov/forms/MO-1040%20Instructions_2020.pdf,Taken: 2020 Form MO-1040 Instructions (Individual Income Tax); printed tax year 2020; manifest-on-main entry re-slugged to the citation-path grammar (underscores and host segments are not allowed) and taken under a wave-6 version.
us-mo/form/individual_income_tax_forms/dor.mo.gov/forms/mo-1040-20instructions_2021,us-mo,income_tax,EXTRACT-MANIFEST,PRESENT,us-mo/form/2026-10-06-w6-income-tax-forms-mo,us-mo/form/dor/ty2021/form-mo-1040-instructions,https://dor.mo.gov/forms/MO-1040%20Instructions_2021.pdf,Taken: 2021 Form MO-1040 Instructions (Individual Income Tax); printed tax year 2021; manifest-on-main entry re-slugged to the citation-path grammar (underscores and host segments are not allowed) and taken under a wave-6 version.
us-mo/form/individual_income_tax_forms/dor.mo.gov/forms/mo-1040-20instructions_2022,us-mo,income_tax,EXTRACT-MANIFEST,PRESENT,us-mo/form/2026-10-06-w6-income-tax-forms-mo,us-mo/form/dor/ty2022/form-mo-1040-instructions,https://dor.mo.gov/forms/MO-1040%20Instructions_2022.pdf,Taken: 2022 Form MO-1040 Instructions (Individual Income Tax); printed tax year 2022; manifest-on-main entry re-slugged to the citation-path grammar (underscores and host segments are not allowed) and taken under a wave-6 version.
us-mo/form/individual_income_tax_forms/dor.mo.gov/forms/mo-1040-20instructions_2023,us-mo,income_tax,EXTRACT-MANIFEST,PRESENT,us-mo/form/2026-10-06-w6-income-tax-forms-mo,us-mo/form/dor/ty2023/form-mo-1040-instructions,https://dor.mo.gov/forms/MO-1040%20Instructions_2023.pdf,Taken: 2023 Form MO-1040 Instructions (Individual Income Tax); printed tax year 2023; manifest-on-main entry re-slugged to the citation-path grammar (underscores and host segments are not allowed) and taken under a wave-6 version.
us-mo/form/individual_income_tax_forms/dor.mo.gov/forms/mo-1040-20instructions_2024,us-mo,income_tax,EXTRACT-MANIFEST,PRESENT,us-mo/form/2026-10-06-w6-income-tax-forms-mo,us-mo/form/dor/ty2024/form-mo-1040-instructions,https://dor.mo.gov/forms/MO-1040%20Instructions_2024.pdf,Taken: 2024 Form MO-1040 Instructions (Individual Income Tax); printed tax year 2024; manifest-on-main entry re-slugged to the citation-path grammar (underscores and host segments are not allowed) and taken under a wave-6 version.
us-mo/form/individual_income_tax_forms/dor.mo.gov/forms/mo-1040-20instructions_2025,us-mo,income_tax,EXTRACT-MANIFEST,ALREADY-HELD,us-mo/form/2026-09-15-income-tax-forms-ty2025,us-mo/form/dor/ty2025/form-mo-1040-instructions,https://dor.mo.gov/forms/MO-1040%20Instructions_2025.pdf,Same file (MO-1040 Instructions_2025.pdf) taken by wave 5 (open PR #716; local scope).
us-mo/form/individual_income_tax_forms/dor.mo.gov/forms/mo-1040-20print-20only_2021,us-mo,income_tax,EXTRACT-MANIFEST,PRESENT,us-mo/form/2026-10-06-w6-income-tax-forms-mo,us-mo/form/dor/ty2021/form-mo-1040-print-only,https://dor.mo.gov/forms/MO-1040%20Print%20Only_2021.pdf,"Taken: 2021 Form MO-1040, Individual Income Tax Return - Long Form (print only); printed tax year 2021; manifest-on-main entry re-slugged to the citation-path grammar (underscores and host segments are not allowed) and taken under a wave-6 version."
https://dor.mo.gov/faq/taxation/individual/capital-gains-subtraction.html,us-mo,income_tax,FETCH,PRESENT,us-mo/guidance/2026-10-06-w6-income-tax-guidance-mo,us-mo/guidance/dor/faq-capital-gains-subtraction,https://dor.mo.gov/faq/taxation/individual/capital-gains-subtraction.html,Taken: Capital Gains Subtraction FAQs (Section 143.121 RSMo).
https://dor.mo.gov/faq/taxation/individual/missouri-working-family-tax-credit.html,us-mo,income_tax,FETCH,PRESENT,us-mo/guidance/2026-10-06-w6-income-tax-guidance-mo,us-mo/guidance/dor/faq-missouri-working-family-tax-credit,https://dor.mo.gov/faq/taxation/individual/missouri-working-family-tax-credit.html,Taken: Missouri Working Family Tax Credit FAQs (Section 143.177 RSMo).
https://dor.mo.gov/forms/4711_2021.pdf,us-mo,income_tax,FETCH,PRESENT,us-mo/form/2026-10-06-w6-income-tax-forms-mo,us-mo/form/dor/ty2021/form-4711,https://dor.mo.gov/forms/4711_2021.pdf,"Taken: 2021 Missouri Income Tax Reference Guide (Form 4711, revised 12-2021); printed tax year 2021."
https://dor.mo.gov/forms/5695.pdf,us-mo,income_tax,FETCH,PRESENT,us-mo/form/2026-10-06-w6-income-tax-forms-mo,us-mo/form/dor/ty2025/form-5695,https://dor.mo.gov/forms/5695.pdf,"Taken: Form 5695, Qualified Health Insurance Premiums Worksheet for MO-A (2025); printed tax year 2025."
https://dor.mo.gov/forms/MO-A_2020.pdf,us-mo,income_tax,FETCH,PRESENT,us-mo/form/2026-10-06-w6-income-tax-forms-mo,us-mo/form/dor/ty2020/form-mo-a,https://dor.mo.gov/forms/MO-A_2020.pdf,"Taken: 2020 Form MO-A, Individual Income Tax Adjustments; printed tax year 2020."
https://dor.mo.gov/forms/MO-A_2021.pdf,us-mo,income_tax,FETCH,PRESENT,us-mo/form/2026-10-06-w6-income-tax-forms-mo,us-mo/form/dor/ty2021/form-mo-a,https://dor.mo.gov/forms/MO-A_2021.pdf,"Taken: 2021 Form MO-A, Individual Income Tax Adjustments; printed tax year 2021."
https://dor.mo.gov/forms/MO-A_2022.pdf,us-mo,income_tax,FETCH,PRESENT,us-mo/form/2026-10-06-w6-income-tax-forms-mo,us-mo/form/dor/ty2022/form-mo-a,https://dor.mo.gov/forms/MO-A_2022.pdf,"Taken: 2022 Form MO-A, Individual Income Tax Adjustments; printed tax year 2022."
https://dor.mo.gov/forms/MO-A_2023.pdf,us-mo,income_tax,FETCH,PRESENT,us-mo/form/2026-10-06-w6-income-tax-forms-mo,us-mo/form/dor/ty2023/form-mo-a,https://dor.mo.gov/forms/MO-A_2023.pdf,"Taken: 2023 Form MO-A, Individual Income Tax Adjustments; printed tax year 2023."
https://dor.mo.gov/forms/MO-A_2024.pdf,us-mo,income_tax,FETCH,PRESENT,us-mo/form/2026-10-06-w6-income-tax-forms-mo,us-mo/form/dor/ty2024/form-mo-a,https://dor.mo.gov/forms/MO-A_2024.pdf,"Taken: 2024 Form MO-A, Individual Income Tax Adjustments; printed tax year 2024."
https://dor.mo.gov/forms/MO-PTC%20Instructions_2025.pdf,us-mo,income_tax,FETCH,PRESENT,us-mo/form/2026-10-06-w6-income-tax-forms-mo,us-mo/form/dor/ty2025/form-mo-ptc-instructions,https://dor.mo.gov/forms/MO-PTC%20Instructions_2025.pdf,"Taken: 2025 Form MO-PTC, Property Tax Credit Claim, with instructions; printed tax year 2025."
https://dor.mo.gov/forms/MO-PTS_2021.pdf,us-mo,income_tax,FETCH,PRESENT,us-mo/form/2026-10-06-w6-income-tax-forms-mo,us-mo/form/dor/ty2021/form-mo-pts,https://dor.mo.gov/forms/MO-PTS_2021.pdf,"Taken: 2021 Form MO-PTS, Property Tax Credit Schedule; printed tax year 2021."
https://dor.mo.gov/forms/MO-PTS_2023.pdf,us-mo,income_tax,FETCH,PRESENT,us-mo/form/2026-10-06-w6-income-tax-forms-mo,us-mo/form/dor/ty2023/form-mo-pts,https://dor.mo.gov/forms/MO-PTS_2023.pdf,"Taken: 2023 Form MO-PTS, Property Tax Credit Schedule; printed tax year 2023."
https://dor.mo.gov/forms/MO-PTS_2024.pdf,us-mo,income_tax,FETCH,PRESENT,us-mo/form/2026-10-06-w6-income-tax-forms-mo,us-mo/form/dor/ty2024/form-mo-pts,https://dor.mo.gov/forms/MO-PTS_2024.pdf,"Taken: 2024 Form MO-PTS, Property Tax Credit Schedule; printed tax year 2024."
https://dor.mo.gov/forms/MO-WFTC_2023.pdf,us-mo,income_tax,FETCH,PRESENT,us-mo/form/2026-10-06-w6-income-tax-forms-mo,us-mo/form/dor/ty2023/form-mo-wftc,https://dor.mo.gov/forms/MO-WFTC_2023.pdf,"Taken: 2023 Form MO-WFTC, Missouri Working Family Tax Credit; printed tax year 2023."
https://dor.mo.gov/forms/MO-WFTC_2024.pdf,us-mo,income_tax,FETCH,PRESENT,us-mo/form/2026-10-06-w6-income-tax-forms-mo,us-mo/form/dor/ty2024/form-mo-wftc,https://dor.mo.gov/forms/MO-WFTC_2024.pdf,"Taken: 2024 Form MO-WFTC, Missouri Working Family Tax Credit; printed tax year 2024."
https://dor.mo.gov/forms/Property%20Tax%20Claim%20Chart_2025.pdf,us-mo,income_tax,FETCH,PRESENT,us-mo/form/2026-10-06-w6-income-tax-forms-mo,us-mo/form/dor/ty2025/property-tax-claim-chart,https://dor.mo.gov/forms/Property%20Tax%20Claim%20Chart_2025.pdf,Taken: 2025 Property Tax Credit Claim Chart (MO-PTC / MO-PTS); printed tax year 2025.
https://dor.mo.gov/forms/Withholding%20Table%20-%20Weekly_2025.pdf,us-mo,income_tax,FETCH,PRESENT,us-mo/guidance/2026-10-06-w6-income-tax-guidance-mo,us-mo/guidance/dor/ty2025/withholding-table-weekly,https://dor.mo.gov/forms/Withholding%20Table%20-%20Weekly_2025.pdf,Taken: 2025 Missouri Income Tax Withholding Table - Weekly; printed tax year 2025.
https://dor.mo.gov/taxation/individual/tax-types/income/year-changes/,us-mo,income_tax,FETCH,PRESENT,us-mo/guidance/2026-10-06-w6-income-tax-guidance-mo,us-mo/guidance/dor/individual-income-tax-year-changes,https://dor.mo.gov/taxation/individual/tax-types/income/year-changes/,Taken: Individual Income Tax Year Changes (What's New?).
https://revisor.mo.gov/main/OneSection.aspx?section=135.010&bid=57540,us-mo,income_tax,FETCH,PRESENT,us-mo/statute/2026-10-06-w6-income-tax-statute-mo,us-mo/statute/135.010,https://revisor.mo.gov/main/OneSection.aspx?section=135.010&bid=57540,"Taken: RSMo 135.010, Definitions (property tax credit) (effective 28 Aug 2025)."
https://revisor.mo.gov/main/OneSection.aspx?section=135.010&bid=6435,us-mo,income_tax,FETCH,PRESENT,us-mo/statute/2026-10-06-w6-income-tax-statute-mo,us-mo/statute/135.010--effective-2008-08-28,https://revisor.mo.gov/main/OneSection.aspx?section=135.010&bid=6435,"Taken: RSMo 135.010, Definitions (property tax credit) (version effective 28 Aug 2008 to 28 Aug 2025)."
https://revisor.mo.gov/main/OneSection.aspx?section=135.010&bid=6435&hl=property+tax+credit%u2044,us-mo,income_tax,FETCH,PRESENT,us-mo/statute/2026-10-06-w6-income-tax-statute-mo,us-mo/statute/135.010--effective-2008-08-28,https://revisor.mo.gov/main/OneSection.aspx?section=135.010&bid=6435,"Taken: RSMo 135.010, Definitions (property tax credit) (version effective 28 Aug 2008 to 28 Aug 2025); bundle address serves the same document (redirect, alias path or dead path of the same edition); joined to the official address in official_url."
https://revisor.mo.gov/main/OneSection.aspx?section=135.020&bid=6437,us-mo,income_tax,FETCH,PRESENT,us-mo/statute/2026-10-06-w6-income-tax-statute-mo,us-mo/statute/135.020,https://revisor.mo.gov/main/OneSection.aspx?section=135.020&bid=6437,"Taken: RSMo 135.020, Credit allowed (property tax credit) (effective 1 Oct 1973)."
https://revisor.mo.gov/main/OneSection.aspx?section=135.025,us-mo,income_tax,FETCH,PRESENT,us-mo/statute/2026-10-06-w6-income-tax-statute-mo,us-mo/statute/135.025,https://revisor.mo.gov/main/OneSection.aspx?section=135.025,"Taken: RSMo 135.025, Accrued taxes and rent constituting taxes to be totaled (effective 28 Aug 2025)."
https://revisor.mo.gov/main/OneSection.aspx?section=135.025&bid=6438,us-mo,income_tax,FETCH,PRESENT,us-mo/statute/2026-10-06-w6-income-tax-statute-mo,us-mo/statute/135.025--effective-2008-08-28,https://revisor.mo.gov/main/OneSection.aspx?section=135.025&bid=6438,Taken: RSMo 135.025 (version effective 28 Aug 2008 to 28 Aug 2025).
https://revisor.mo.gov/main/OneSection.aspx?section=135.030,us-mo,income_tax,FETCH,PRESENT,us-mo/statute/2026-10-06-w6-income-tax-statute-mo,us-mo/statute/135.030,https://revisor.mo.gov/main/OneSection.aspx?section=135.030,"Taken: RSMo 135.030, Amount of credit (effective 28 Aug 2025)."
https://revisor.mo.gov/main/OneSection.aspx?section=135.030&bid=57542,us-mo,income_tax,FETCH,PRESENT,us-mo/statute/2026-10-06-w6-income-tax-statute-mo,us-mo/statute/135.030,https://revisor.mo.gov/main/OneSection.aspx?section=135.030,"Taken: RSMo 135.030, Amount of credit (effective 28 Aug 2025); bundle address serves the same document (redirect, alias path or dead path of the same edition); joined to the official address in official_url."
https://revisor.mo.gov/main/OneSection.aspx?section=135.030&bid=6439,us-mo,income_tax,FETCH,PRESENT,us-mo/statute/2026-10-06-w6-income-tax-statute-mo,us-mo/statute/135.030--effective-2008-08-28,https://revisor.mo.gov/main/OneSection.aspx?section=135.030&bid=6439,Taken: RSMo 135.030 (version effective 28 Aug 2008 to 28 Aug 2025).
https://revisor.mo.gov/main/OneSection.aspx?section=143.011&bid=51511&hl=,us-mo,income_tax,FETCH,ALREADY-HELD,us-mo/statute/2026-07-16-pit-central-us-mo-143,us-mo/statute/143.011,https://revisor.mo.gov/main/OneSection.aspx?section=143.011&bid=51511&hl=,"RSMo 143.011: the version this address serves is the current one (no end date in the revisor's 'All versions' table, read 2026-10-06); the chapter 143 scope holds the current section."
https://revisor.mo.gov/main/OneSection.aspx?section=143.021,us-mo,income_tax,FETCH,ALREADY-HELD,us-mo/statute/2026-07-16-pit-central-us-mo-143,us-mo/statute/143.021,https://revisor.mo.gov/main/OneSection.aspx?section=143.021,"RSMo 143.021: the version this address serves is the current one (no end date in the revisor's 'All versions' table, read 2026-10-06); the chapter 143 scope holds the current section."
https://revisor.mo.gov/main/OneSection.aspx?section=143.022,us-mo,income_tax,FETCH,ALREADY-HELD,us-mo/statute/2026-07-16-pit-central-us-mo-143,us-mo/statute/143.022,https://revisor.mo.gov/main/OneSection.aspx?section=143.022,"RSMo 143.022: the version this address serves is the current one (no end date in the revisor's 'All versions' table, read 2026-10-06); the chapter 143 scope holds the current section."
https://revisor.mo.gov/main/OneSection.aspx?section=143.121,us-mo,income_tax,FETCH,ALREADY-HELD,us-mo/statute/2026-07-16-pit-central-us-mo-143,us-mo/statute/143.121,https://revisor.mo.gov/main/OneSection.aspx?section=143.121,"RSMo 143.121: the version this address serves is the current one (no end date in the revisor's 'All versions' table, read 2026-10-06); the chapter 143 scope holds the current section."
https://revisor.mo.gov/main/OneSection.aspx?section=143.124,us-mo,income_tax,FETCH,ALREADY-HELD,us-mo/statute/2026-07-16-pit-central-us-mo-143,us-mo/statute/143.124,https://revisor.mo.gov/main/OneSection.aspx?section=143.124,"RSMo 143.124: the version this address serves is the current one (no end date in the revisor's 'All versions' table, read 2026-10-06); the chapter 143 scope holds the current section."
https://revisor.mo.gov/main/OneSection.aspx?section=143.125,us-mo,income_tax,FETCH,ALREADY-HELD,us-mo/statute/2026-07-16-pit-central-us-mo-143,us-mo/statute/143.125,https://revisor.mo.gov/main/OneSection.aspx?section=143.125,"RSMo 143.125: the version this address serves is the current one (no end date in the revisor's 'All versions' table, read 2026-10-06); the chapter 143 scope holds the current section."
https://revisor.mo.gov/main/OneSection.aspx?section=143.141&bid=7212,us-mo,income_tax,FETCH,ALREADY-HELD,us-mo/statute/2026-07-16-pit-central-us-mo-143,us-mo/statute/143.141,https://revisor.mo.gov/main/OneSection.aspx?section=143.141&bid=7212,"RSMo 143.141: the version this address serves is the current one (no end date in the revisor's 'All versions' table, read 2026-10-06); the chapter 143 scope holds the current section."
https://revisor.mo.gov/main/OneSection.aspx?section=143.171&bid=49937&hl=federal+income+tax+deduction%u2044,us-mo,income_tax,FETCH,ALREADY-HELD,us-mo/statute/2026-07-16-pit-central-us-mo-143,us-mo/statute/143.171,https://revisor.mo.gov/main/OneSection.aspx?section=143.171&bid=49937&hl=federal+income+tax+deduction%u2044,"RSMo 143.171: the version this address serves is the current one (no end date in the revisor's 'All versions' table, read 2026-10-06); the chapter 143 scope holds the current section."
https://revisor.mo.gov/main/OneSection.aspx?section=143.177&bid=49978&hl=,us-mo,income_tax,FETCH,ALREADY-HELD,us-mo/statute/2026-07-16-pit-central-us-mo-143,us-mo/statute/143.177,https://revisor.mo.gov/main/OneSection.aspx?section=143.177&bid=49978&hl=,"RSMo 143.177: the version this address serves is the current one (no end date in the revisor's 'All versions' table, read 2026-10-06); the chapter 143 scope holds the current section."
https://www.revisor.mo.gov/main/OneChapter.aspx?chapter=143,us-mo,income_tax,FETCH,ALREADY-HELD,us-mo/statute/2026-07-16-pit-central-us-mo-143,us-mo/statute/chapter-143,https://www.revisor.mo.gov/main/OneChapter.aspx?chapter=143,RSMo chapter 143 held whole (chapter container and every section).
https://www.revisor.mo.gov/main/OneSection.aspx?bid=50493&section=143.121,us-mo,income_tax,FETCH,PRESENT,us-mo/statute/2026-10-06-w6-income-tax-statute-mo,us-mo/statute/143.121--effective-2007-08-28,https://www.revisor.mo.gov/main/OneSection.aspx?bid=50493&section=143.121,"Taken: RSMo 143.121, Missouri adjusted gross income (version effective 28 Aug 2007, superseded)."
https://www.revisor.mo.gov/main/OneSection.aspx?section=143.111&bid=7201&hl=,us-mo,income_tax,FETCH,ALREADY-HELD,us-mo/statute/2026-07-16-pit-central-us-mo-143,us-mo/statute/143.111,https://www.revisor.mo.gov/main/OneSection.aspx?section=143.111&bid=7201&hl=,"RSMo 143.111: the version this address serves is the current one (no end date in the revisor's 'All versions' table, read 2026-10-06); the chapter 143 scope holds the current section."
https://www.revisor.mo.gov/main/OneSection.aspx?section=143.121,us-mo,income_tax,FETCH,ALREADY-HELD,us-mo/statute/2026-07-16-pit-central-us-mo-143,us-mo/statute/143.121,https://www.revisor.mo.gov/main/OneSection.aspx?section=143.121,"RSMo 143.121: the version this address serves is the current one (no end date in the revisor's 'All versions' table, read 2026-10-06); the chapter 143 scope holds the current section."
https://www.revisor.mo.gov/main/OneSection.aspx?section=143.121&bid=57543,us-mo,income_tax,FETCH,ALREADY-HELD,us-mo/statute/2026-07-16-pit-central-us-mo-143,us-mo/statute/143.121,https://www.revisor.mo.gov/main/OneSection.aspx?section=143.121&bid=57543,"RSMo 143.121: the version this address serves is the current one (no end date in the revisor's 'All versions' table, read 2026-10-06); the chapter 143 scope holds the current section."
https://www.revisor.mo.gov/main/OneSection.aspx?section=143.161,us-mo,income_tax,FETCH,ALREADY-HELD,us-mo/statute/2026-07-16-pit-central-us-mo-143,us-mo/statute/143.161,https://www.revisor.mo.gov/main/OneSection.aspx?section=143.161,"RSMo 143.161: the version this address serves is the current one (no end date in the revisor's 'All versions' table, read 2026-10-06); the chapter 143 scope holds the current section."
https://www.senate.mo.gov/BillTracking/Bills/BillInformation?year=2025&billid=4957943,us-mo,income_tax,FETCH,PRESENT,us-mo/statute/2026-10-06-w6-income-tax-statute-mo,us-mo/statute/bills/2025/hb594-bill-information,https://www.senate.mo.gov/BillTracking/Bills/BillInformation?year=2025&billid=4957943,Taken: HB 594 (2025) Bill Information - Missouri Senate.
https://www.dor.ms.gov/individual/tax-rates,us-ms,income_tax,FETCH,ALREADY-HELD,us-ms/guidance/2026-09-14-ty2026-indexed-amounts,us-ms/guidance/dor/ty2026/general-information,https://www.dor.ms.gov/general-information,"Address redirects to https://www.dor.ms.gov/general-information, the page the wave-4 amounts scope holds."
https://www.dor.ms.gov/sites/default/files/Forms/Individual/80100241.pdf,us-ms,income_tax,FETCH,PRESENT,us-ms/form/2026-10-06-w6-income-tax-forms-ms,us-ms/form/dor/ty2024/form-80-100-instructions,https://www.dor.ms.gov/sites/default/files/Forms/Individual/80100241.pdf,"Taken: 2024 Resident, Non-Resident and Part-Year Resident Income Tax Instructions (Form 80-100-24-1-1-000, Rev. 10/24); printed tax year 2024."
https://www.dor.ms.gov/sites/default/files/forms/individual/80100241.pdf,us-ms,income_tax,FETCH,PRESENT,us-ms/form/2026-10-06-w6-income-tax-forms-ms,us-ms/form/dor/ty2024/form-80-100-instructions,https://www.dor.ms.gov/sites/default/files/Forms/Individual/80100241.pdf,"Taken: 2024 Resident, Non-Resident and Part-Year Resident Income Tax Instructions (Form 80-100-24-1-1-000, Rev. 10/24); printed tax year 2024; bundle address serves the same document (redirect, alias path or dead path of the same edition); joined to the official address in official_url."
https://www.dor.ms.gov/sites/default/files/tax-forms/individual/80100211_0.pdf,us-ms,income_tax,FETCH,PRESENT,us-ms/form/2026-10-06-w6-income-tax-forms-ms,us-ms/form/dor/ty2021/form-80-100-instructions,https://www.dor.ms.gov/sites/default/files/tax-forms/individual/80100211_0.pdf,"Taken: 2021 Resident, Non-Resident and Part-Year Resident Income Tax Instructions (Form 80-100, Rev. 8/21); printed tax year 2021."
https://www.dor.ms.gov/sites/default/files/tax-forms/individual/80100221.pdf,us-ms,income_tax,FETCH,PRESENT,us-ms/form/2026-10-06-w6-income-tax-forms-ms,us-ms/form/dor/ty2022/form-80-100-instructions,https://www.dor.ms.gov/sites/default/files/tax-forms/individual/80100221.pdf,"Taken: 2022 Resident, Non-Resident and Part-Year Resident Income Tax Instructions (Form 80-100, Rev. 11/22); printed tax year 2022."
https://www.dor.ms.gov/sites/default/files/tax-forms/individual/80100231.pdf,us-ms,income_tax,FETCH,PRESENT,us-ms/form/2026-10-06-w6-income-tax-forms-ms,us-ms/form/dor/ty2023/form-80-100-instructions,https://www.dor.ms.gov/sites/default/files/tax-forms/individual/80100231.pdf,"Taken: 2023 Resident, Non-Resident and Part-Year Resident Income Tax Instructions (Form 80-100, Rev. 09/23); printed tax year 2023."
https://www.dor.ms.gov/sites/default/files/tax-forms/individual/80105228.pdf,us-ms,income_tax,FETCH,PRESENT,us-ms/form/2026-10-06-w6-income-tax-forms-ms,us-ms/form/dor/ty2022/form-80-105,https://www.dor.ms.gov/sites/default/files/tax-forms/individual/80105228.pdf,Taken: 2022 Mississippi Resident Individual Income Tax Return (Form 80-105); printed tax year 2022.
https://www.dor.ms.gov/sites/default/files/tax-forms/individual/80105248.pdf,us-ms,income_tax,FETCH,PRESENT,us-ms/form/2026-10-06-w6-income-tax-forms-ms,us-ms/form/dor/ty2024/form-80-105,https://www.dor.ms.gov/sites/default/files/tax-forms/individual/80105248.pdf,Taken: 2024 Mississippi Resident Individual Income Tax Return (Form 80-105); printed tax year 2024.
https://www.dor.ms.gov/sites/default/files/tax-forms/individual/80108228.pdf,us-ms,income_tax,FETCH,PRESENT,us-ms/form/2026-10-06-w6-income-tax-forms-ms,us-ms/form/dor/ty2022/form-80-108,https://www.dor.ms.gov/sites/default/files/tax-forms/individual/80108228.pdf,Taken: 2022 Mississippi Adjustments and Contributions (Form 80-108); printed tax year 2022.
https://law.justia.com/codes/mississippi/2020/title-27/chapter-7/article-1/section-27-7-15/,us-ms,income_tax,OFFICIAL-SOURCE,OUTREACH,,,,2020 edition of Miss. Code 27-7-15 (Justia mirror). Mississippi Code of 1972 is published only through LexisNexis (advance.lexis.com) behind its robot check; wave-4/5 notes record the block (probed once 2026-09-13); not retried.
https://law.justia.com/codes/mississippi/2020/title-27/chapter-7/article-1/section-27-7-18/,us-ms,income_tax,OFFICIAL-SOURCE,OUTREACH,,,,2020 edition of Miss. Code 27-7-18 (Justia mirror). Mississippi Code of 1972 is published only through LexisNexis (advance.lexis.com) behind its robot check; wave-4/5 notes record the block (probed once 2026-09-13); not retried.
https://law.justia.com/codes/mississippi/2020/title-27/chapter-7/article-1/section-27-7-22-39/,us-ms,income_tax,OFFICIAL-SOURCE,OUTREACH,,,,2020 edition of Miss. Code 27-7-22.39 (Justia mirror). Mississippi Code of 1972 is published only through LexisNexis (advance.lexis.com) behind its robot check; wave-4/5 notes record the block (probed once 2026-09-13); not retried. The 2023 amendment of 27-7-22.39 is printed in the signed HB 1671 (2023) text taken as us-ms/statute/session-laws/2023/hb1671.
https://law.justia.com/codes/mississippi/title-27/chapter-7/article-1/section-27-7-15/,us-ms,income_tax,OFFICIAL-SOURCE,OUTREACH,,,,Miss. Code 27-7-15 (Justia mirror). Mississippi Code of 1972 is published only through LexisNexis (advance.lexis.com) behind its robot check; wave-4/5 notes record the block (probed once 2026-09-13); not retried.
https://law.justia.com/codes/mississippi/title-27/chapter-7/article-1/section-27-7-17/,us-ms,income_tax,OFFICIAL-SOURCE,OUTREACH,,,,Miss. Code 27-7-17 (Justia mirror). Mississippi Code of 1972 is published only through LexisNexis (advance.lexis.com) behind its robot check; wave-4/5 notes record the block (probed once 2026-09-13); not retried.
https://law.justia.com/codes/mississippi/title-27/chapter-7/article-1/section-27-7-21/,us-ms,income_tax,OFFICIAL-SOURCE,OUTREACH,,,,Miss. Code 27-7-21 (Justia mirror). Mississippi Code of 1972 is published only through LexisNexis (advance.lexis.com) behind its robot check; wave-4/5 notes record the block (probed once 2026-09-13); not retried.
https://law.justia.com/codes/mississippi/title-27/chapter-7/article-1/section-27-7-5/,us-ms,income_tax,OFFICIAL-SOURCE,ALREADY-HELD,us-ms/statute/2026-07-16-pit-central-us-ms-section-27-7-5,us-ms/statute/27-7-5,,Justia mirror; current Miss. Code 27-7-5 is held from the official HB 1 (2025) text. Mississippi Code of 1972 is published only through LexisNexis (advance.lexis.com) behind its robot check; wave-4/5 notes record the block (probed once 2026-09-13); not retried.
https://legiscan.com/MS/text/HB1671/id/2767768,us-ms,income_tax,OFFICIAL-SOURCE,PRESENT,us-ms/statute/2026-10-06-w6-income-tax-statute-ms,us-ms/statute/session-laws/2023/hb1671,https://billstatus.ls.state.ms.us/documents/2023/pdf/HB/1600-1699/HB1671SG.pdf,"Taken: House Bill 1671, 2023 Regular Session (as signed by the Governor): tax credits; revise certain existing and authorize additional; bundle address is a third-party repost; the official publisher's copy of the same document and edition was taken."
https://www.law.cornell.edu/regulations/mississippi/35-Miss-Code-R-SS-3-02-11-103,us-ms,income_tax,OFFICIAL-SOURCE,ALREADY-HELD,us-ms/regulation/2026-09-14-income-tax-regulations,us-ms/regulation/title-35/part-iii/35.III.12.01,,"35 Miss. Admin. Code Pt. III, Subpt. 02, Ch. 11 (Individual Non-Business Deductions), Rule 103 (Cornell mirror). The SOS Part III PDF is held; its body row 35.III.12.01 carries the Part III text after the table of contents, including Subpart 02 Chapter 11 rules 100-103 (the chapter-level split is recorded in the 2026-09-14 regulations note)."
https://billstatus.ls.state.ms.us/documents/2017/pdf/SB/2300-2399/SB2311SG.pdf,us-ms,income_tax,DEAD-LINK,PRESENT,us-ms/statute/2026-10-06-w6-income-tax-statute-ms,us-ms/statute/session-laws/2017/sb2311,https://billstatus.ls.state.ms.us/documents/2017/pdf/SB/2300-2399/SB2311SG.pdf,"Taken: Senate Bill 2311, 2017 Regular Session (as signed by the Governor)."
https://advance.lexis.com/documentpage/?pdmfid=1000516&crid=64d1b349-1e6e-47a6-a6f5-cdaa9a3fc78f&nodeid=AAPAAFAABAAP&nodepath=%2FROOT%2FAAP%2FAAPAAF%2FAAPAAFAAB%2FAAPAAFAABAAP&level=4&haschildren=&populated=false&title=%C2%A7+27-7-21.+Exemptions+allowed.&config=00JABhZDIzMTViZS04NjcxLTQ1MDItOTllOS03MDg0ZTQxYzU4ZTQKAFBvZENhdGFsb2f8inKxYiqNVSihJeNKRlUp&pddocfullpath=%2Fshared%2Fdocument%2Fstatutes-legislation%2Furn%3AcontentItem%3A8V3T-78H2-D6RV-H4WK-00008-00&ecomp=8gf5kkk&prid=1ae106b3-6378-4ac5-8291-6c5f714f357c,us-ms,income_tax,VENDOR,OUTREACH,,,https://advance.lexis.com/documentpage/?pdmfid=1000516&crid=64d1b349-1e6e-47a6-a6f5-cdaa9a3fc78f&nodeid=AAPAAFAABAAP&nodepath=%2FROOT%2FAAP%2FAAPAAF%2FAAPAAFAAB%2FAAPAAFAABAAP&level=4&haschildren=&populated=false&title=%C2%A7+27-7-21.+Exemptions+allowed.&config=00JABhZDIzMTViZS04NjcxLTQ1MDItOTllOS03MDg0ZTQxYzU4ZTQKAFBvZENhdGFsb2f8inKxYiqNVSihJeNKRlUp&pddocfullpath=%2Fshared%2Fdocument%2Fstatutes-legislation%2Furn%3AcontentItem%3A8V3T-78H2-D6RV-H4WK-00008-00&ecomp=8gf5kkk&prid=1ae106b3-6378-4ac5-8291-6c5f714f357c,LexisNexis document page. Mississippi Code of 1972 is published only through LexisNexis (advance.lexis.com) behind its robot check; wave-4/5 notes record the block (probed once 2026-09-13); not retried.
https://advance.lexis.com/documentpage/?pdmfid=1000516&crid=7a1c7bb2-7110-478b-aa87-7a0f540809eb&config=00JABhZDIzMTViZS04NjcxLTQ1MDItOTllOS03MDg0ZTQxYzU4ZTQKAFBvZENhdGFsb2f8inKxYiqNVSihJeNKRlUp&pddocfullpath=%2Fshared%2Fdocument%2Fstatutes-legislation%2Furn%3AcontentItem%3A67NM-4K73-CGX8-048B-00008-00&pdcontentcomponentid=234190&pdteaserkey=sr0&pditab=allpods&ecomp=8s65kkk&earg=sr0&prid=e8257a64-6769-47fa-91b1-982d7b418151,us-ms,income_tax,VENDOR,OUTREACH,,,https://advance.lexis.com/documentpage/?pdmfid=1000516&crid=7a1c7bb2-7110-478b-aa87-7a0f540809eb&config=00JABhZDIzMTViZS04NjcxLTQ1MDItOTllOS03MDg0ZTQxYzU4ZTQKAFBvZENhdGFsb2f8inKxYiqNVSihJeNKRlUp&pddocfullpath=%2Fshared%2Fdocument%2Fstatutes-legislation%2Furn%3AcontentItem%3A67NM-4K73-CGX8-048B-00008-00&pdcontentcomponentid=234190&pdteaserkey=sr0&pditab=allpods&ecomp=8s65kkk&earg=sr0&prid=e8257a64-6769-47fa-91b1-982d7b418151,LexisNexis document page. Mississippi Code of 1972 is published only through LexisNexis (advance.lexis.com) behind its robot check; wave-4/5 notes record the block (probed once 2026-09-13); not retried.
https://advance.lexis.com/documentpage/?pdmfid=1000516&crid=adb5f365-0449-4d49-80f0-22673c0d0165&nodeid=AAPAAFAABAAP&nodepath=%2fROOT%2fAAP%2fAAPAAF%2fAAPAAFAAB%2fAAPAAFAABAAP&level=4&haschildren=&populated=false&title=%C2%A7+27-7-21.+Exemptions+allowed.&config=00JABhZDIzMTViZS04NjcxLTQ1MDItOTllOS03MDg0ZTQxYzU4ZTQKAFBvZENhdGFsb2f8inKxYiqNVSihJeNKRlUp&pddocfullpath=%2fshared%2fdocument%2fstatutes-legislation%2furn%3acontentItem%3a8V3T-78H2-D6RV-H4WK-00008-00&ecomp=8gf5kkk&prid=e1d2bafd-2018-44e8-a4fc-e9e2b08a4daa,us-ms,income_tax,VENDOR,OUTREACH,,,https://advance.lexis.com/documentpage/?pdmfid=1000516&crid=adb5f365-0449-4d49-80f0-22673c0d0165&nodeid=AAPAAFAABAAP&nodepath=%2fROOT%2fAAP%2fAAPAAF%2fAAPAAFAAB%2fAAPAAFAABAAP&level=4&haschildren=&populated=false&title=%C2%A7+27-7-21.+Exemptions+allowed.&config=00JABhZDIzMTViZS04NjcxLTQ1MDItOTllOS03MDg0ZTQxYzU4ZTQKAFBvZENhdGFsb2f8inKxYiqNVSihJeNKRlUp&pddocfullpath=%2fshared%2fdocument%2fstatutes-legislation%2furn%3acontentItem%3a8V3T-78H2-D6RV-H4WK-00008-00&ecomp=8gf5kkk&prid=e1d2bafd-2018-44e8-a4fc-e9e2b08a4daa,LexisNexis document page. Mississippi Code of 1972 is published only through LexisNexis (advance.lexis.com) behind its robot check; wave-4/5 notes record the block (probed once 2026-09-13); not retried.
https://advance.lexis.com/documentpage/?pdmfid=1000516&crid=e1d2bafd-2018-44e8-a4fc-e9e2b08a4daa&nodeid=AAPAAFAABAAP&nodepath=%2FROOT%2FAAP%2FAAPAAF%2FAAPAAFAAB%2FAAPAAFAABAAP&level=4&haschildren=&populated=false&title=%C2%A7+27-7-21.+Exemptions+allowed.&config=00JABhZDIzMTViZS04NjcxLTQ1MDItOTllOS03MDg0ZTQxYzU4ZTQKAFBvZENhdGFsb2f8inKxYiqNVSihJeNKRlUp&pddocfullpath=%2Fshared%2Fdocument%2Fstatutes-legislation%2Furn%3AcontentItem%3A8V3T-78H2-D6RV-H4WK-00008-00&ecomp=8gf5kkk&prid=1ae106b3-6378-4ac5-8291-6c5f714f357c,us-ms,income_tax,VENDOR,OUTREACH,,,https://advance.lexis.com/documentpage/?pdmfid=1000516&crid=e1d2bafd-2018-44e8-a4fc-e9e2b08a4daa&nodeid=AAPAAFAABAAP&nodepath=%2FROOT%2FAAP%2FAAPAAF%2FAAPAAFAAB%2FAAPAAFAABAAP&level=4&haschildren=&populated=false&title=%C2%A7+27-7-21.+Exemptions+allowed.&config=00JABhZDIzMTViZS04NjcxLTQ1MDItOTllOS03MDg0ZTQxYzU4ZTQKAFBvZENhdGFsb2f8inKxYiqNVSihJeNKRlUp&pddocfullpath=%2Fshared%2Fdocument%2Fstatutes-legislation%2Furn%3AcontentItem%3A8V3T-78H2-D6RV-H4WK-00008-00&ecomp=8gf5kkk&prid=1ae106b3-6378-4ac5-8291-6c5f714f357c,LexisNexis document page. Mississippi Code of 1972 is published only through LexisNexis (advance.lexis.com) behind its robot check; wave-4/5 notes record the block (probed once 2026-09-13); not retried.
https://archive.legmt.gov/bills/mca/title_0150/chapter_0300/part_0210/section_0910/0150-0300-0210-0910.html,us-mt,income_tax,FETCH,ALREADY-HELD,us-mt/statute/2026-07-16-pit-central-us-mt-title-15,us-mt/statute/15-30-2191,https://mca.legmt.gov/bills/mca/title_0150/chapter_0300/part_0210/section_0910/0150-0300-0210-0910.html,MCA 15-30-2191 (current edition) held; address redirects to mca.legmt.gov.
https://archive.legmt.gov/content/Committees/Interim/2023-2024/Revenue/Meetings/May-2024/5.1-DOR-rebate-report.pdf,us-mt,income_tax,FETCH,PRESENT,us-mt/guidance/2026-10-06-w6-income-tax-guidance-mt,us-mt/guidance/mtdor/2024-income-and-property-tax-rebate-report,https://archive.legmt.gov/content/Committees/Interim/2023-2024/Revenue/Meetings/May-2024/5.1-DOR-rebate-report.pdf,"Taken: Montana Department of Revenue, Income Tax and Property Tax Rebate Report (May 9, 2024; Revenue Interim Committee)."
https://docs.legmt.gov/download-ticket?ticketId=2f0614a3-8bb9-4b4e-93de-21647c203b7c,us-mt,income_tax,FETCH,PRESENT,us-mt/statute/2026-10-06-w6-income-tax-statute-mt,us-mt/statute/bills/2021/sb399-version-3,https://docs.legmt.gov/download-ticket?ticketId=2f0614a3-8bb9-4b4e-93de-21647c203b7c,"Taken: Senate Bill 399 (2021), version SB 399.3."
https://docs.legmt.gov/download-ticket?ticketId=fa765563-ee0b-4c30-8549-720e03d0f349,us-mt,income_tax,FETCH,PRESENT,us-mt/statute/2026-10-06-w6-income-tax-statute-mt,us-mt/statute/session-laws/2021/sb399,https://docs.legmt.gov/download-ticket?ticketId=fa765563-ee0b-4c30-8549-720e03d0f349,Taken: Senate Bill 399 (2021): An act generally revising taxation of income (enrolled).
https://docs.legmt.gov/download-ticket?ticketId=ff6faf83-515f-4472-a079-c41a4a75e827,us-mt,income_tax,FETCH,PRESENT,us-mt/statute/2026-10-06-w6-income-tax-statute-mt,us-mt/statute/session-laws/2023/hb222,https://docs.legmt.gov/download-ticket?ticketId=ff6faf83-515f-4472-a079-c41a4a75e827,Taken: House Bill 222 (2023): An act providing for a property tax rebate on a principal residence (enrolled).
https://leg.mt.gov/bills/mca/title_0150/chapter_0300/part_0210/section_0030/0150-0300-0210-0030.html,us-mt,income_tax,FETCH,ALREADY-HELD,us-mt/statute/2026-07-16-pit-central-us-mt-title-15,us-mt/statute/15-30-2103,https://mca.legmt.gov/bills/mca/title_0150/chapter_0300/part_0210/section_0030/0150-0300-0210-0030.html,MCA 15-30-2103 (current edition) held; address redirects to mca.legmt.gov.
https://leg.mt.gov/bills/mca/title_0150/chapter_0300/part_0210/section_0100/0150-0300-0210-0100.html,us-mt,income_tax,FETCH,ALREADY-HELD,us-mt/statute/2026-07-16-pit-central-us-mt-title-15,us-mt/statute/15-30-2110,https://mca.legmt.gov/bills/mca/title_0150/chapter_0300/part_0210/section_0100/0150-0300-0210-0100.html,MCA 15-30-2110 (current edition) held; address redirects to mca.legmt.gov.
https://leg.mt.gov/bills/mca/title_0150/chapter_0300/part_0210/section_0200/0150-0300-0210-0200.html,us-mt,income_tax,FETCH,ALREADY-HELD,us-mt/statute/2026-07-16-pit-central-us-mt-title-15,us-mt/statute/15-30-2120,https://mca.legmt.gov/bills/mca/title_0150/chapter_0300/part_0210/section_0200/0150-0300-0210-0200.html,MCA 15-30-2120 (current edition) held; address redirects to mca.legmt.gov.
https://leg.mt.gov/bills/mca/title_0150/chapter_0300/part_0230/section_0180/0150-0300-0230-0180.html,us-mt,eitc income_tax,FETCH,ALREADY-HELD,us-mt/statute/2026-07-13-recovery,us-mt/statute/15-30-2318,https://mca.legmt.gov/bills/mca/title_0150/chapter_0300/part_0230/section_0180/0150-0300-0230-0180.html,MCA 15-30-2318 (current edition) held; address redirects to mca.legmt.gov.
https://leg.mt.gov/bills/mca/title_0150/chapter_0300/part_0230/section_0370/0150-0300-0230-0370.html,us-mt,income_tax,FETCH,ALREADY-HELD,us-mt/statute/2026-07-16-pit-central-us-mt-title-15,us-mt/statute/15-30-2337,https://mca.legmt.gov/bills/mca/title_0150/chapter_0300/part_0230/section_0370/0150-0300-0230-0370.html,MCA 15-30-2337 (current edition) held; address redirects to mca.legmt.gov.
https://leg.mt.gov/bills/mca/title_0150/chapter_0300/part_0230/section_0380/0150-0300-0230-0380.html,us-mt,income_tax,FETCH,ALREADY-HELD,us-mt/statute/2026-07-16-pit-central-us-mt-title-15,us-mt/statute/15-30-2338,https://mca.legmt.gov/bills/mca/title_0150/chapter_0300/part_0230/section_0380/0150-0300-0230-0380.html,MCA 15-30-2338 (current edition) held; address redirects to mca.legmt.gov.
https://leg.mt.gov/bills/mca/title_0150/chapter_0300/part_0230/section_0400/0150-0300-0230-0400.html,us-mt,income_tax,FETCH,ALREADY-HELD,us-mt/statute/2026-07-16-pit-central-us-mt-title-15,us-mt/statute/15-30-2340,https://mca.legmt.gov/bills/mca/title_0150/chapter_0300/part_0230/section_0400/0150-0300-0230-0400.html,MCA 15-30-2340 (current edition) held; address redirects to mca.legmt.gov.
https://mca.legmt.gov/bills/2019/mca/title_0150/chapter_0300/part_0210/section_0310/0150-0300-0210-0310.html,us-mt,income_tax,FETCH,PRESENT,us-mt/statute/2026-10-06-w6-income-tax-statute-mt,us-mt/statute/15-30-2131--mca-2019,https://mca.legmt.gov/bills/2019/mca/title_0150/chapter_0300/part_0210/section_0310/0150-0300-0210-0310.html,"Taken: MCA 15-30-2131, Deductions allowed in computing net income (Montana Code Annotated 2019)."
https://mca.legmt.gov/bills/2022/mca/title_0150/chapter_0300/part_0210/section_0310/0150-0300-0210-0310.html,us-mt,income_tax,FETCH,PRESENT,us-mt/statute/2026-10-06-w6-income-tax-statute-mt,us-mt/statute/15-30-2131--mca-2021,https://mca.legmt.gov/bills/2022/mca/title_0150/chapter_0300/part_0210/section_0310/0150-0300-0210-0310.html,"Taken: MCA 15-30-2131, Deductions allowed in computing net income (Montana Code Annotated 2021)."
https://mca.legmt.gov/bills/mca/title_0150/chapter_0300/part_0210/section_0100/0150-0300-0210-0100.html,us-mt,income_tax,FETCH,ALREADY-HELD,us-mt/statute/2026-07-16-pit-central-us-mt-title-15,us-mt/statute/15-30-2110,https://mca.legmt.gov/bills/mca/title_0150/chapter_0300/part_0210/section_0100/0150-0300-0210-0100.html,MCA 15-30-2110 (current edition) held; address redirects to mca.legmt.gov.
https://mca.legmt.gov/bills/mca/title_0150/chapter_0300/part_0210/section_0200/0150-0300-0210-0200.html,us-mt,income_tax,FETCH,ALREADY-HELD,us-mt/statute/2026-07-16-pit-central-us-mt-title-15,us-mt/statute/15-30-2120,https://mca.legmt.gov/bills/mca/title_0150/chapter_0300/part_0210/section_0200/0150-0300-0210-0200.html,MCA 15-30-2120 (current edition) held; address redirects to mca.legmt.gov.
https://mca.legmt.gov/bills/mca/title_0150/chapter_0300/part_0230/section_0370/0150-0300-0230-0370.html,us-mt,income_tax,FETCH,ALREADY-HELD,us-mt/statute/2026-07-16-pit-central-us-mt-title-15,us-mt/statute/15-30-2337,https://mca.legmt.gov/bills/mca/title_0150/chapter_0300/part_0230/section_0370/0150-0300-0230-0370.html,MCA 15-30-2337 (current edition) held; address redirects to mca.legmt.gov.
https://revenue.mt.gov/files/Forms/Montana-Individual-Income-Tax-Return-Form-2/2021_Montana_Individual_Income_Tax_Return_Form_2.pdf,us-mt,income_tax,FETCH,PRESENT,us-mt/form/2026-10-06-w6-income-tax-forms-mt,us-mt/form/mtdor/ty2021/form-2,https://revenuefiles.mt.gov/files/Forms/Montana-Individual-Income-Tax-Return-Form-2/2021_Montana_Individual_Income_Tax_Return_Form_2.pdf,"Taken: 2021 Montana Individual Income Tax Return (Form 2); printed tax year 2021; bundle address serves the same document (redirect, alias path or dead path of the same edition); joined to the official address in official_url."
https://revenue.mt.gov/files/Forms/Montana-Individual-Income-Tax-Return-Form-2/2023_Montana_Individual_Income_Tax_Return_Form_2.pdf,us-mt,income_tax,FETCH,PRESENT,us-mt/form/2026-10-06-w6-income-tax-forms-mt,us-mt/form/mtdor/ty2023/form-2,https://revenuefiles.mt.gov/files/Forms/Montana-Individual-Income-Tax-Return-Form-2/2023_Montana_Individual_Income_Tax_Return_Form_2.pdf,"Taken: 2023 Montana Individual Income Tax Return (Form 2); printed tax year 2023; bundle address serves the same document (redirect, alias path or dead path of the same edition); joined to the official address in official_url."
https://revenue.mt.gov/files/Forms/Montana-Individual-Income-Tax-Return-Form-2/2024_Montana_Individual_Income_Tax_Return_Form_2.pdf,us-mt,income_tax,FETCH,PRESENT,us-mt/form/2026-10-06-w6-income-tax-forms-mt,us-mt/form/mtdor/ty2024/form-2,https://revenuefiles.mt.gov/files/Forms/Montana-Individual-Income-Tax-Return-Form-2/2024_Montana_Individual_Income_Tax_Return_Form_2.pdf,"Taken: 2024 Montana Individual Income Tax Return (Form 2); printed tax year 2024; bundle address serves the same document (redirect, alias path or dead path of the same edition); joined to the official address in official_url."
https://revenue.mt.gov/montana-tax-simplification-resource-hub,us-mt,income_tax,FETCH,PRESENT,us-mt/guidance/2026-10-06-w6-income-tax-guidance-mt,us-mt/guidance/mtdor/montana-tax-simplification-resource-hub,https://revenue.mt.gov/montana-tax-simplification-resource-hub,Taken: Montana Tax Simplification Resource Hub.
https://revenue.mt.gov/news/recent-news/529-changes,us-mt,income_tax,FETCH,PRESENT,us-mt/guidance/2026-10-06-w6-income-tax-guidance-mt,us-mt/guidance/mtdor/2025-legislative-roundup-529-changes,https://revenue.mt.gov/news/recent-news/529-changes,Taken: 2025 Legislative Roundup - Changes to the 529 College Savings Subtraction.
https://revenue.mt.gov/taxes/tax-tables-and-deductions/2024,us-mt,income_tax,FETCH,PRESENT,us-mt/guidance/2026-10-06-w6-income-tax-guidance-mt,us-mt/guidance/mtdor/ty2024/tax-tables-and-deductions,https://revenue.mt.gov/taxes/tax-tables-and-deductions/2024,Taken: 2024 Montana Tax Tables and Deductions; printed tax year 2024.
https://revenue.mt.gov/taxes/tax-tables-and-deductions/2025,us-mt,income_tax,FETCH,PRESENT,us-mt/guidance/2026-10-06-w6-income-tax-guidance-mt,us-mt/guidance/mtdor/ty2025/tax-tables-and-deductions,https://revenue.mt.gov/taxes/tax-tables-and-deductions/2025,Taken: 2025 Montana Tax Tables and Deductions; printed tax year 2025.
https://revenuefiles.mt.gov/files/Forms/Child-and-Dependent-Care-Expense-Deduction-Form-2441-M/2022_Child_and_Dependent_Care_Expense_Deduction_Form_2441-M.pdf,us-mt,income_tax,FETCH,PRESENT,us-mt/form/2026-10-06-w6-income-tax-forms-mt,us-mt/form/mtdor/ty2022/form-2441-m,https://revenuefiles.mt.gov/files/Forms/Child-and-Dependent-Care-Expense-Deduction-Form-2441-M/2022_Child_and_Dependent_Care_Expense_Deduction_Form_2441-M.pdf,"Taken: 2022 Montana Form 2441-M, Child and Dependent Care Expense Deductions; printed tax year 2022."
https://revenuefiles.mt.gov/files/Forms/Montana-Individual-Income-Tax-Return-Form-2-Instructions/2021_Montana_Individual_Income_Tax_Return_Form_2_Instructions.pdf,us-mt,income_tax,FETCH,PRESENT,us-mt/form/2026-10-06-w6-income-tax-forms-mt,us-mt/form/mtdor/ty2021/form-2-instructions,https://revenuefiles.mt.gov/files/Forms/Montana-Individual-Income-Tax-Return-Form-2-Instructions/2021_Montana_Individual_Income_Tax_Return_Form_2_Instructions.pdf,Taken: 2021 Montana Form 2 Individual Income Tax Instructions; printed tax year 2021.
https://revenuefiles.mt.gov/files/Forms/Montana-Individual-Income-Tax-Return-Form-2-Instructions/2022_Montana_Individual_Income_Tax_Return_Form_2_Instructions.pdf,us-mt,income_tax,FETCH,PRESENT,us-mt/form/2026-10-06-w6-income-tax-forms-mt,us-mt/form/mtdor/ty2022/form-2-instructions,https://revenuefiles.mt.gov/files/Forms/Montana-Individual-Income-Tax-Return-Form-2-Instructions/2022_Montana_Individual_Income_Tax_Return_Form_2_Instructions.pdf,Taken: 2022 Montana Form 2 Individual Income Tax Instructions; printed tax year 2022.
https://revenuefiles.mt.gov/files/Forms/Montana-Individual-Income-Tax-Return-Form-2-Instructions/2023_Montana_Individual_Income_Tax_Return_Form_2_Instructions.pdf,us-mt,income_tax,FETCH,PRESENT,us-mt/form/2026-10-06-w6-income-tax-forms-mt,us-mt/form/mtdor/ty2023/form-2-instructions,https://revenuefiles.mt.gov/files/Forms/Montana-Individual-Income-Tax-Return-Form-2-Instructions/2023_Montana_Individual_Income_Tax_Return_Form_2_Instructions.pdf,Taken: 2023 Montana Form 2 Individual Income Tax Instructions; printed tax year 2023.
https://revenuefiles.mt.gov/files/Forms/Montana-Individual-Income-Tax-Return-Form-2-Instructions/2024_Montana_Individual_Income_Tax_Return_Form_2_Instructions.pdf,us-mt,eitc income_tax,FETCH,PRESENT,us-mt/form/2026-10-06-w6-income-tax-forms-mt,us-mt/form/mtdor/ty2024/form-2-instructions,https://revenuefiles.mt.gov/files/Forms/Montana-Individual-Income-Tax-Return-Form-2-Instructions/2024_Montana_Individual_Income_Tax_Return_Form_2_Instructions.pdf,Taken: 2024 Montana Form 2 Individual Income Tax Instructions; printed tax year 2024.
https://revenuefiles.mt.gov/files/Forms/Montana-Individual-Income-Tax-Return-Form-2/2021_Montana_Individual_Income_Tax_Return_Form_2.pdf,us-mt,income_tax,FETCH,PRESENT,us-mt/form/2026-10-06-w6-income-tax-forms-mt,us-mt/form/mtdor/ty2021/form-2,https://revenuefiles.mt.gov/files/Forms/Montana-Individual-Income-Tax-Return-Form-2/2021_Montana_Individual_Income_Tax_Return_Form_2.pdf,Taken: 2021 Montana Individual Income Tax Return (Form 2); printed tax year 2021.
https://revenuefiles.mt.gov/files/Forms/Montana-Individual-Income-Tax-Return-Form-2/2022_Montana_Individual_Income_Tax_Return_Form_2.pdf,us-mt,income_tax,FETCH,PRESENT,us-mt/form/2026-10-06-w6-income-tax-forms-mt,us-mt/form/mtdor/ty2022/form-2,https://revenuefiles.mt.gov/files/Forms/Montana-Individual-Income-Tax-Return-Form-2/2022_Montana_Individual_Income_Tax_Return_Form_2.pdf,Taken: 2022 Montana Individual Income Tax Return (Form 2); printed tax year 2022.
https://revenuefiles.mt.gov/files/Forms/Montana-Individual-Income-Tax-Return-Form-2/2023_Montana_Individual_Income_Tax_Return_Form_2.pdf,us-mt,eitc income_tax,FETCH,PRESENT,us-mt/form/2026-10-06-w6-income-tax-forms-mt,us-mt/form/mtdor/ty2023/form-2,https://revenuefiles.mt.gov/files/Forms/Montana-Individual-Income-Tax-Return-Form-2/2023_Montana_Individual_Income_Tax_Return_Form_2.pdf,Taken: 2023 Montana Individual Income Tax Return (Form 2); printed tax year 2023.
https://revenuefiles.mt.gov/files/Forms/Montana-Individual-Income-Tax-Return-Form-2/2024_Montana_Individual_Income_Tax_Return_Form_2.pdf,us-mt,income_tax,FETCH,PRESENT,us-mt/form/2026-10-06-w6-income-tax-forms-mt,us-mt/form/mtdor/ty2024/form-2,https://revenuefiles.mt.gov/files/Forms/Montana-Individual-Income-Tax-Return-Form-2/2024_Montana_Individual_Income_Tax_Return_Form_2.pdf,Taken: 2024 Montana Individual Income Tax Return (Form 2); printed tax year 2024.
https://revenuefiles.mt.gov/files/Forms/Montana-Individual-Income-Tax-Return-Form-2/2024_Montana_Individual_Income_Tax_Return_Form_2_Instructions.pdf,us-mt,income_tax,FETCH,PRESENT,us-mt/form/2026-10-06-w6-income-tax-forms-mt,us-mt/form/mtdor/ty2024/form-2-instructions-rev-2024-12-03,https://revenuefiles.mt.gov/files/Forms/Montana-Individual-Income-Tax-Return-Form-2/2024_Montana_Individual_Income_Tax_Return_Form_2_Instructions.pdf,"Taken: 2024 Montana Form 2 Individual Income Tax Instructions (file of 2024-12-03 under the Form 2 folder); printed tax year 2024; Second 2024 instructions file on the publisher's file host (PDF modified 2024-12-03; the Form-2-Instructions folder copy is modified 2024-12-17); same page count, text differs.."
https://revenuefiles.mt.gov/files/Forms/Montana-Individual-Income-Tax-Return-Form-2/Form_2_2024_Schedule_2EC.pdf,us-mt,income_tax,FETCH,PRESENT,us-mt/form/2026-10-06-w6-income-tax-forms-mt,us-mt/form/mtdor/ty2024/schedule-2ec,https://revenuefiles.mt.gov/files/Forms/Montana-Individual-Income-Tax-Return-Form-2/Form_2_2024_Schedule_2EC.pdf,"Taken: 2024 Montana Form 2 Schedule 2EC, Elderly Homeowner/Renter Credit; printed tax year 2024."
https://rules.mt.gov/gateway/RuleNo.asp?RN=42%2E15%2E215,us-mt,income_tax,FETCH,ABSENT,,,https://rules.mt.gov/api/policy-library-public,"ARM 42.15.215 (Senior interest income exclusion). Rule repealed: the official ARM publisher rules.mt.gov (API /api/policy-library-public, read with extract-montana-admin-rules --include-not-effective on 2026-10-06) serves only a '(REPEALED)' stub with the authorizing/implementing statute history; the pre-repeal rule text is no longer published officially (the bundle's address is the retired gateway, now the app shell)."
https://rules.mt.gov/gateway/RuleNo.asp?RN=42%2E15%2E217,us-mt,income_tax,FETCH,ABSENT,,,https://rules.mt.gov/api/policy-library-public,"ARM 42.15.217 (Disability income exclusion). Rule repealed: the official ARM publisher rules.mt.gov (API /api/policy-library-public, read with extract-montana-admin-rules --include-not-effective on 2026-10-06) serves only a '(REPEALED)' stub with the authorizing/implementing statute history; the pre-repeal rule text is no longer published officially (the bundle's address is the retired gateway, now the app shell)."
https://rules.mt.gov/gateway/RuleNo.asp?RN=42%2E15%2E523,us-mt,income_tax,FETCH,ABSENT,,,https://rules.mt.gov/api/policy-library-public,"ARM 42.15.523 (Standard deduction). Rule repealed: the official ARM publisher rules.mt.gov (API /api/policy-library-public, read with extract-montana-admin-rules --include-not-effective on 2026-10-06) serves only a '(REPEALED)' stub with the authorizing/implementing statute history; the pre-repeal rule text is no longer published officially (the bundle's address is the retired gateway, now the app shell)."
https://rules.mt.gov/gateway/RuleNo.asp?RN=42%2E4%2E502,us-mt,income_tax,FETCH,ABSENT,,,https://rules.mt.gov/api/policy-library-public,"ARM 42.4.502 (Capital gain credit). Rule repealed: the official ARM publisher rules.mt.gov (API /api/policy-library-public, read with extract-montana-admin-rules --include-not-effective on 2026-10-06) serves only a '(REPEALED)' stub with the authorizing/implementing statute history; the pre-repeal rule text is no longer published officially (the bundle's address is the retired gateway, now the app shell)."
https://rules.mt.gov/gateway/Subchapterhome.asp?scn=42%2E15%2E2,us-mt,income_tax,FETCH,ALREADY-HELD,us-mt/regulation/2026-09-14-income-tax-regulations-title-42-section-42-15,us-mt/regulation/title-42/chapter-42-15/subchapter-42-15-2,https://rules.mt.gov/api/policy-library-public,"ARM subchapter 42.15.2 (Montana additions and subtractions), effective rules held; the gateway address now serves the rules.mt.gov app shell."
https://rules.mt.gov/gateway/ruleno.asp?RN=42.15.524,us-mt,income_tax,FETCH,ABSENT,,,https://rules.mt.gov/api/policy-library-public,"ARM 42.15.524 (Itemized deductions of married taxpayers). Rule repealed: the official ARM publisher rules.mt.gov (API /api/policy-library-public, read with extract-montana-admin-rules --include-not-effective on 2026-10-06) serves only a '(REPEALED)' stub with the authorizing/implementing statute history; the pre-repeal rule text is no longer published officially (the bundle's address is the retired gateway, now the app shell)."
https://www.leg.mt.gov/content/Publications/sales/2021-legislative-review.pdf,us-mt,income_tax,FETCH,PRESENT,us-mt/guidance/2026-10-06-w6-income-tax-guidance-mt,us-mt/guidance/legislative-services-division/2021-montana-legislative-review,https://www.leg.mt.gov/content/Publications/sales/2021-legislative-review.pdf,Taken: Montana Legislative Review: A Summary of Enactments in the 67th Montana Legislature (2021).
https://taxsim.nber.org/historical_state_tax_forms/MT/2021/form%202%202021%20instructions.pdf,us-mt,income_tax,CHECK-PUBLISHER,PRESENT,us-mt/form/2026-10-06-w6-income-tax-forms-mt,us-mt/form/mtdor/ty2021/form-2-instructions,https://revenuefiles.mt.gov/files/Forms/Montana-Individual-Income-Tax-Return-Form-2-Instructions/2021_Montana_Individual_Income_Tax_Return_Form_2_Instructions.pdf,Taken: 2021 Montana Form 2 Individual Income Tax Instructions; printed tax year 2021; bundle address is a third-party repost; the official publisher's copy of the same document and edition was taken.
https://taxsim.nber.org/historical_state_tax_forms/MT/2021/form%202%202021.pdf,us-mt,income_tax,CHECK-PUBLISHER,PRESENT,us-mt/form/2026-10-06-w6-income-tax-forms-mt,us-mt/form/mtdor/ty2021/form-2,https://revenuefiles.mt.gov/files/Forms/Montana-Individual-Income-Tax-Return-Form-2/2021_Montana_Individual_Income_Tax_Return_Form_2.pdf,Taken: 2021 Montana Individual Income Tax Return (Form 2); printed tax year 2021; bundle address is a third-party repost; the official publisher's copy of the same document and edition was taken.
https://taxsim.nber.org/historical_state_tax_forms/MT/2024/Form_2_2024_Instrux.pdf,us-mt,income_tax,CHECK-PUBLISHER,PRESENT,us-mt/form/2026-10-06-w6-income-tax-forms-mt,us-mt/form/mtdor/ty2024/form-2-instructions,https://revenuefiles.mt.gov/files/Forms/Montana-Individual-Income-Tax-Return-Form-2-Instructions/2024_Montana_Individual_Income_Tax_Return_Form_2_Instructions.pdf,Taken: 2024 Montana Form 2 Individual Income Tax Instructions; printed tax year 2024; bundle address is a third-party repost; the official publisher's copy of the same document and edition was taken.
https://www.zillionforms.com/2021/I7184008043.PDF,us-mt,income_tax,CHECK-PUBLISHER,PRESENT,us-mt/form/2026-10-06-w6-income-tax-forms-mt,us-mt/form/mtdor/ty2021/form-2-instructions,https://revenuefiles.mt.gov/files/Forms/Montana-Individual-Income-Tax-Return-Form-2-Instructions/2021_Montana_Individual_Income_Tax_Return_Form_2_Instructions.pdf,Taken: 2021 Montana Form 2 Individual Income Tax Instructions; printed tax year 2021; bundle address is a third-party repost; the official publisher's copy of the same document and edition was taken.
https://regulations.justia.com/states/montana/department-42/chapter-42-15/subchapter-42-15-4/rule-42-15-402/,us-mt,income_tax,OFFICIAL-SOURCE,ABSENT,,,https://rules.mt.gov/api/policy-library-public,"ARM 42.15.402 (Personal exemptions; Justia mirror). Rule repealed: the official ARM publisher rules.mt.gov (API /api/policy-library-public, read with extract-montana-admin-rules --include-not-effective on 2026-10-06) serves only a '(REPEALED)' stub with the authorizing/implementing statute history; the pre-repeal rule text is no longer published officially (the bundle's address is the retired gateway, now the app shell)."
https://regulations.justia.com/states/montana/department-42/chapter-42-15/subchapter-42-15-4/rule-42-15-403/,us-mt,income_tax,OFFICIAL-SOURCE,ABSENT,,,https://rules.mt.gov/api/policy-library-public,"ARM 42.15.403 (Exemptions for dependents; Justia mirror). Rule repealed: the official ARM publisher rules.mt.gov (API /api/policy-library-public, read with extract-montana-admin-rules --include-not-effective on 2026-10-06) serves only a '(REPEALED)' stub with the authorizing/implementing statute history; the pre-repeal rule text is no longer published officially (the bundle's address is the retired gateway, now the app shell)."
https://www.law.cornell.edu/regulations/montana/Mont-Admin-r-42.15.322,us-mt,income_tax,OFFICIAL-SOURCE,ABSENT,,,https://rules.mt.gov/api/policy-library-public,"ARM 42.15.322 (Separate returns for married taxpayers; Cornell mirror). Rule repealed: the official ARM publisher rules.mt.gov (API /api/policy-library-public, read with extract-montana-admin-rules --include-not-effective on 2026-10-06) serves only a '(REPEALED)' stub with the authorizing/implementing statute history; the pre-repeal rule text is no longer published officially (the bundle's address is the retired gateway, now the app shell)."
https://leg.mt.gov/bills/2021/billpdf/SB0399.pdf,us-mt,income_tax,DEAD-LINK,PRESENT,us-mt/statute/2026-10-06-w6-income-tax-statute-mt,us-mt/statute/session-laws/2021/sb399,https://docs.legmt.gov/download-ticket?ticketId=fa765563-ee0b-4c30-8549-720e03d0f349,"Taken: Senate Bill 399 (2021): An act generally revising taxation of income (enrolled); bundle address serves the same document (redirect, alias path or dead path of the same edition); joined to the official address in official_url; Legacy bill-PDF path answers 404; the Legislature's docs.legmt.gov download ticket of the enrolled SB 399 (also a bundle address) was taken."
https://leg.mt.gov/bills/2023/billpdf/HB0192.pdf,us-mt,income_tax,DEAD-LINK,OUTREACH,,,https://bills.legmt.gov/,"2023 HB 192: the legacy bill-PDF path answers 404 (also under archive.legmt.gov); the Legislature now serves bill text only through the JavaScript bill explorer (bills.legmt.gov, API bearbeta.legmt.gov/docs/v1/documents/getBillText, which needs the explorer's internal bill ids) and docs.legmt.gov download tickets; the ticket for HB 192 could not be discovered without the browser application."
https://mtrevenue.gov/wp-content/uploads/dlm_uploads/2022/12/2441-M_2022.pdf,us-mt,income_tax,DEAD-LINK,PRESENT,us-mt/form/2026-10-06-w6-income-tax-forms-mt,us-mt/form/mtdor/ty2022/form-2441-m,https://revenuefiles.mt.gov/files/Forms/Child-and-Dependent-Care-Expense-Deduction-Form-2441-M/2022_Child_and_Dependent_Care_Expense_Deduction_Form_2441-M.pdf,"Taken: 2022 Montana Form 2441-M, Child and Dependent Care Expense Deductions; printed tax year 2022; bundle address serves the same document (redirect, alias path or dead path of the same edition); joined to the official address in official_url."
https://mtrevenue.gov/wp-content/uploads/dlm_uploads/2022/12/Form-2-2022-Instructions.pdf,us-mt,income_tax,DEAD-LINK,PRESENT,us-mt/form/2026-10-06-w6-income-tax-forms-mt,us-mt/form/mtdor/ty2022/form-2-instructions,https://revenuefiles.mt.gov/files/Forms/Montana-Individual-Income-Tax-Return-Form-2-Instructions/2022_Montana_Individual_Income_Tax_Return_Form_2_Instructions.pdf,"Taken: 2022 Montana Form 2 Individual Income Tax Instructions; printed tax year 2022; bundle address serves the same document (redirect, alias path or dead path of the same edition); joined to the official address in official_url."
https://mtrevenue.gov/wp-content/uploads/dlm_uploads/2023/08/2022-Montana-Property-Tax-Rebate-Form-MPTR22.pdf,us-mt,income_tax,DEAD-LINK,ABSENT,,,,"mtrevenue.gov (retired WordPress host) answers 404; revenue.mt.gov site search for the 2022 property tax rebate form returned no file (2026-10-06); the rebate (HB 222, 2023) claim period has closed. The enacting HB 222 text is taken as us-mt/statute/session-laws/2023/hb222."
https://mtrevenue.gov/wp-content/uploads/mdocs/2021%20form%202441-m.pdf,us-mt,income_tax,DEAD-LINK,ABSENT,,,,"mtrevenue.gov answers 404; the department's Form 2441-M publication page (revenue.mt.gov/publications/child-and-dependent-care-expense-deduction-form-2441-m) lists only the 2022 and 2023 files, and the revenue.mt.gov files path for a 2021 file answers 404. The 2021 Form 2 (taken) references 2441-M on Schedule III line 14."
https://www.ncdor.gov/2021-d-400-schedule-s-north-carolina-supplemental-schedule-web/open,us-nc,income_tax,FETCH,PRESENT,us-nc/form/2026-10-06-w6-income-tax-forms-nc,us-nc/form/ncdor/ty2021/form-d-400-schedule-s,https://www.ncdor.gov/2021-d-400-schedule-s-north-carolina-supplemental-schedule-web/open,"Taken: 2021 D-400 Schedule S, North Carolina Supplemental Schedule; printed tax year 2021."
https://www.ncdor.gov/2021-d-401-individual-income-tax-instructions/open,us-nc,income_tax,FETCH,PRESENT,us-nc/form/2026-10-06-w6-income-tax-forms-nc,us-nc/form/ncdor/ty2021/form-d-401-instructions,https://www.ncdor.gov/2021-d-401-individual-income-tax-instructions/open,"Taken: 2021 Form D-401, North Carolina Individual Income Tax Instructions; printed tax year 2021."
https://www.ncdor.gov/2021-d-401-instruction-bookletpdf/open,us-nc,income_tax,FETCH,PRESENT,us-nc/form/2026-10-06-w6-income-tax-forms-nc,us-nc/form/ncdor/ty2021/form-d-401-instructions-rev-2022-03-04,https://www.ncdor.gov/2021-d-401-instruction-bookletpdf/open,"Taken: 2021 Form D-401, North Carolina Individual Income Tax Instructions (instruction booklet file, revised 2022-03-04); printed tax year 2021; Second 2021 D-401 file (PDF modified 2022-03-04; the other 2021 file is modified 2021-12-21); text differs.."
https://www.ncdor.gov/2022-d-400-handwritten-version/open,us-nc,income_tax,FETCH,PRESENT,us-nc/form/2026-10-06-w6-income-tax-forms-nc,us-nc/form/ncdor/ty2022/form-d-400,https://www.ncdor.gov/2022-d-400-handwritten-version/open,"Taken: 2022 Form D-400, Individual Income Tax Return (handwritten version); printed tax year 2022."
https://www.ncdor.gov/2022-d-400-schedule-s-web-fill-version/open,us-nc,income_tax,FETCH,PRESENT,us-nc/form/2026-10-06-w6-income-tax-forms-nc,us-nc/form/ncdor/ty2022/form-d-400-schedule-s,https://www.ncdor.gov/2022-d-400-schedule-s-web-fill-version/open,"Taken: 2022 D-400 Schedule S, North Carolina Supplemental Schedule; printed tax year 2022."
https://www.ncdor.gov/2022-d-400tc-web-fill-version/open,us-nc,income_tax,FETCH,PRESENT,us-nc/form/2026-10-06-w6-income-tax-forms-nc,us-nc/form/ncdor/ty2022/form-d-400tc,https://www.ncdor.gov/2022-d-400tc-web-fill-version/open,"Taken: 2022 Form D-400TC, Individual Tax Credits; printed tax year 2022."
https://www.ncdor.gov/2022-d-401-individual-income-tax-instructions/open,us-nc,income_tax,FETCH,PRESENT,us-nc/form/2026-10-06-w6-income-tax-forms-nc,us-nc/form/ncdor/ty2022/form-d-401-instructions,https://www.ncdor.gov/2022-d-401-individual-income-tax-instructions/open,"Taken: 2022 Form D-401, North Carolina Individual Income Tax Instructions; printed tax year 2022."
https://www.ncdor.gov/2023-d-400-handwritten-version/open,us-nc,income_tax,FETCH,PRESENT,us-nc/form/2026-10-06-w6-income-tax-forms-nc,us-nc/form/ncdor/ty2023/form-d-400,https://www.ncdor.gov/2023-d-400-handwritten-version/open,"Taken: 2023 Form D-400, Individual Income Tax Return (handwritten version); printed tax year 2023."
https://www.ncdor.gov/2023-d-400-schedule-s-web-fill-version/open,us-nc,income_tax,FETCH,PRESENT,us-nc/form/2026-10-06-w6-income-tax-forms-nc,us-nc/form/ncdor/ty2023/form-d-400-schedule-s,https://www.ncdor.gov/2023-d-400-schedule-s-web-fill-version/open,"Taken: 2023 D-400 Schedule S, North Carolina Supplemental Schedule; printed tax year 2023."
https://www.ncdor.gov/2023-d-400tc-web-fill-version/open,us-nc,income_tax,FETCH,PRESENT,us-nc/form/2026-10-06-w6-income-tax-forms-nc,us-nc/form/ncdor/ty2023/form-d-400tc,https://www.ncdor.gov/2023-d-400tc-web-fill-version/open,"Taken: 2023 Form D-400TC, Individual Tax Credits; printed tax year 2023."
https://www.ncdor.gov/2023-d-401-individual-income-tax-instructions/open,us-nc,income_tax,FETCH,PRESENT,us-nc/form/2026-10-06-w6-income-tax-forms-nc,us-nc/form/ncdor/ty2023/form-d-401-instructions,https://www.ncdor.gov/2023-d-401-individual-income-tax-instructions/open,"Taken: 2023 Form D-401, North Carolina Individual Income Tax Instructions; printed tax year 2023."
https://www.ncdor.gov/2024-d-401-individual-income-tax-instructions/open,us-nc,income_tax,FETCH,PRESENT,us-nc/form/2026-10-06-w6-income-tax-forms-nc,us-nc/form/ncdor/ty2024/form-d-401-instructions,https://www.ncdor.gov/2024-d-401-individual-income-tax-instructions/open,"Taken: 2024 Form D-401, North Carolina Individual Income Tax Instructions; printed tax year 2024."
https://www.ncdor.gov/documents/files/2017-d-400tc-webfill-0/open,us-nc,income_tax,FETCH,PRESENT,us-nc/form/2026-10-06-w6-income-tax-forms-nc,us-nc/form/ncdor/ty2017/form-d-400tc,https://www.ncdor.gov/documents/files/2017-d-400tc-webfill-0/open,"Taken: 2017 Form D-400TC, Individual Tax Credits; printed tax year 2017."
https://www.ncdor.gov/documents/files/2017-d-401-individual-income-tax-instructions/open,us-nc,ctc income_tax,FETCH,PRESENT,us-nc/form/2026-10-06-w6-income-tax-forms-nc,us-nc/form/ncdor/ty2017/form-d-401-instructions,https://www.ncdor.gov/documents/files/2017-d-401-individual-income-tax-instructions/open,"Taken: 2017 Form D-401, North Carolina Individual Income Tax Instructions; printed tax year 2017."
https://www.ncdor.gov/taxes-forms/individual-income-tax/credit-children,us-nc,ctc income_tax,FETCH,PRESENT,us-nc/guidance/2026-10-06-w6-income-tax-guidance-nc,us-nc/guidance/ncdor/north-carolina-child-deduction,https://www.ncdor.gov/taxes-forms/individual-income-tax/filing-topics/north-carolina-child-deduction,"Taken: North Carolina Child Deduction; bundle address serves the same document (redirect, alias path or dead path of the same edition); joined to the official address in official_url; Address redirects to the North Carolina Child Deduction filing-topic page (taken)."
https://www.ncdor.gov/taxes-forms/individual-income-tax/filing-topics/military-retirement,us-nc,income_tax,FETCH,PRESENT,us-nc/guidance/2026-10-06-w6-income-tax-guidance-nc,us-nc/guidance/ncdor/military-retirement,https://www.ncdor.gov/taxes-forms/individual-income-tax/filing-topics/military-retirement,Taken: Military Retirement.
https://www.ncdor.gov/taxes-forms/individual-income-tax/filing-topics/north-carolina-child-deduction,us-nc,income_tax,FETCH,PRESENT,us-nc/guidance/2026-10-06-w6-income-tax-guidance-nc,us-nc/guidance/ncdor/north-carolina-child-deduction,https://www.ncdor.gov/taxes-forms/individual-income-tax/filing-topics/north-carolina-child-deduction,Taken: North Carolina Child Deduction.
https://www.ncdor.gov/taxes-forms/individual-income-tax/filing-topics/north-carolina-standard-deduction-or-north-carolina-itemized-deductions,us-nc,income_tax,FETCH,PRESENT,us-nc/guidance/2026-10-06-w6-income-tax-guidance-nc,us-nc/guidance/ncdor/north-carolina-standard-deduction-or-itemized-deductions,https://www.ncdor.gov/taxes-forms/individual-income-tax/filing-topics/north-carolina-standard-deduction-or-north-carolina-itemized-deductions,Taken: North Carolina Standard Deduction or North Carolina Itemized Deductions.
https://www.ncdor.gov/taxes-forms/individual-income-tax/north-carolina-standard-deduction-or-north-carolina-itemized-deductions,us-nc,income_tax,FETCH,PRESENT,us-nc/guidance/2026-10-06-w6-income-tax-guidance-nc,us-nc/guidance/ncdor/north-carolina-standard-deduction-or-itemized-deductions,https://www.ncdor.gov/taxes-forms/individual-income-tax/filing-topics/north-carolina-standard-deduction-or-north-carolina-itemized-deductions,"Taken: North Carolina Standard Deduction or North Carolina Itemized Deductions; bundle address serves the same document (redirect, alias path or dead path of the same edition); joined to the official address in official_url."
https://www.ncdor.gov/taxes-forms/tax-rate-schedules,us-nc,income_tax,FETCH,ALREADY-HELD,us-nc/guidance/2026-09-14-ty2026-indexed-amounts,us-nc/guidance/ncdor/ty2026/tax-rate-schedules,https://www.ncdor.gov/taxes-forms/individual-income-tax/tax-rate-schedules,"Address redirects to /taxes-forms/individual-income-tax/tax-rate-schedules, the page the wave-4 amounts scope holds."
https://www.ncleg.gov/BillLookup/2023/H259,us-nc,income_tax,FETCH,PRESENT,us-nc/statute/2026-10-06-w6-income-tax-statute-nc,us-nc/statute/bills/2023/h259-bill-information,https://www.ncleg.gov/BillLookup/2023/H259,Taken: House Bill 259 / S.L. 2023-134 (2023-2024 Session) bill information.
https://www.ncleg.gov/EnactedLegislation/Statutes/HTML/BySection/Chapter_105/GS_105-153.10.html,us-nc,ctc income_tax,FETCH,PRESENT,us-nc/statute/2026-10-06-w6-income-tax-statute-nc,us-nc/statute/105/105-153.10,https://www.ncleg.gov/EnactedLegislation/Statutes/HTML/BySection/Chapter_105/GS_105-153.10.html,"Taken: G.S. 105-153.10 (repealed by Session Laws 2015-241, s. 32.13(c))."
us-nd/form/individual_income_tax_forms/tax.nd.gov/sites/www/files/documents/forms/individual/2021-iit/2021-individual-income-tax-booklet,us-nd,income_tax,EXTRACT-MANIFEST,PRESENT,us-nd/form/2026-10-06-w6-income-tax-forms-nd,us-nd/form/otc/ty2021/individual-income-tax-booklet,https://tax.nd.gov/sites/www/files/documents/forms/individual/2021-iit/2021-individual-income-tax-booklet.pdf,Taken: 2021 North Dakota Individual Income Tax Booklet; printed tax year 2021; manifest-on-main entry re-slugged to the citation-path grammar (underscores and host segments are not allowed) and taken under a wave-6 version.
us-nd/form/individual_income_tax_forms/tax.nd.gov/sites/www/files/documents/forms/individual/2021-iit/form-nd-1-2021,us-nd,income_tax,EXTRACT-MANIFEST,PRESENT,us-nd/form/2026-10-06-w6-income-tax-forms-nd,us-nd/form/otc/ty2021/form-nd-1,https://tax.nd.gov/sites/www/files/documents/forms/individual/2021-iit/form-nd-1-2021.pdf,"Taken: 2021 Form ND-1, Individual Income Tax Return; printed tax year 2021; manifest-on-main entry re-slugged to the citation-path grammar (underscores and host segments are not allowed) and taken under a wave-6 version."
us-nd/form/individual_income_tax_forms/tax.nd.gov/sites/www/files/documents/forms/individual/2021-iit/individual-income-tax-booklet-2021,us-nd,income_tax,EXTRACT-MANIFEST,PRESENT,us-nd/form/2026-10-06-w6-income-tax-forms-nd,us-nd/form/otc/ty2021/individual-income-tax-booklet-rev-2021-12-20,https://tax.nd.gov/sites/www/files/documents/forms/individual/2021-iit/individual-income-tax-booklet-2021.pdf,Taken: 2021 North Dakota Individual Income Tax Booklet (file of 2021-12-20); printed tax year 2021; manifest-on-main entry re-slugged to the citation-path grammar (underscores and host segments are not allowed) and taken under a wave-6 version; Second 2021 booklet file on the publisher's host (PDF modified 2021-12-20; 2021-individual-income-tax-booklet.pdf is modified 2022-01-14); text differs..
us-nd/form/individual_income_tax_forms/tax.nd.gov/sites/www/files/documents/forms/individual/2022-iit/2022-individual-income-tax-booklet,us-nd,income_tax,EXTRACT-MANIFEST,PRESENT,us-nd/form/2026-10-06-w6-income-tax-forms-nd,us-nd/form/otc/ty2022/individual-income-tax-booklet,https://tax.nd.gov/sites/www/files/documents/forms/individual/2022-iit/2022-individual-income-tax-booklet.pdf,Taken: 2022 North Dakota Individual Income Tax Booklet; printed tax year 2022; manifest-on-main entry re-slugged to the citation-path grammar (underscores and host segments are not allowed) and taken under a wave-6 version.
us-nd/form/individual_income_tax_forms/tax.nd.gov/sites/www/files/documents/forms/individual/2022-iit/form-nd-1-2022,us-nd,income_tax,EXTRACT-MANIFEST,PRESENT,us-nd/form/2026-10-06-w6-income-tax-forms-nd,us-nd/form/otc/ty2022/form-nd-1,https://tax.nd.gov/sites/www/files/documents/forms/individual/2022-iit/form-nd-1-2022.pdf,"Taken: 2022 Form ND-1, Individual Income Tax Return; printed tax year 2022; manifest-on-main entry re-slugged to the citation-path grammar (underscores and host segments are not allowed) and taken under a wave-6 version."
us-nd/form/individual_income_tax_forms/tax.nd.gov/sites/www/files/documents/forms/individual/2022-iit/schedule-nd-1sa-2022,us-nd,income_tax,EXTRACT-MANIFEST,PRESENT,us-nd/form/2026-10-06-w6-income-tax-forms-nd,us-nd/form/otc/ty2022/schedule-nd-1sa,https://tax.nd.gov/sites/www/files/documents/forms/individual/2022-iit/schedule-nd-1sa-2022.pdf,"Taken: 2022 Schedule ND-1SA, Statutory Adjustments; printed tax year 2022; manifest-on-main entry re-slugged to the citation-path grammar (underscores and host segments are not allowed) and taken under a wave-6 version."
us-nd/form/individual_income_tax_forms/tax.nd.gov/sites/www/files/documents/forms/individual/2023-iit/2023-individual-income-tax-booklet,us-nd,income_tax,EXTRACT-MANIFEST,PRESENT,us-nd/form/2026-10-06-w6-income-tax-forms-nd,us-nd/form/otc/ty2023/individual-income-tax-booklet,https://tax.nd.gov/sites/www/files/documents/forms/individual/2023-iit/2023-individual-income-tax-booklet.pdf,Taken: 2023 North Dakota Individual Income Tax Booklet; printed tax year 2023; manifest-on-main entry re-slugged to the citation-path grammar (underscores and host segments are not allowed) and taken under a wave-6 version.
us-nd/form/individual_income_tax_forms/tax.nd.gov/sites/www/files/documents/forms/individual/2023-iit/form-nd-1-2023,us-nd,income_tax,EXTRACT-MANIFEST,PRESENT,us-nd/form/2026-10-06-w6-income-tax-forms-nd,us-nd/form/otc/ty2023/form-nd-1,https://tax.nd.gov/sites/www/files/documents/forms/individual/2023-iit/form-nd-1-2023.pdf,"Taken: 2023 Form ND-1, Individual Income Tax Return; printed tax year 2023; manifest-on-main entry re-slugged to the citation-path grammar (underscores and host segments are not allowed) and taken under a wave-6 version."
us-nd/form/individual_income_tax_forms/tax.nd.gov/sites/www/files/documents/forms/individual/2023-iit/schedule-nd-1sa-2023,us-nd,income_tax,EXTRACT-MANIFEST,PRESENT,us-nd/form/2026-10-06-w6-income-tax-forms-nd,us-nd/form/otc/ty2023/schedule-nd-1sa,https://tax.nd.gov/sites/www/files/documents/forms/individual/2023-iit/schedule-nd-1sa-2023.pdf,"Taken: 2023 Schedule ND-1SA, Statutory Adjustments; printed tax year 2023; manifest-on-main entry re-slugged to the citation-path grammar (underscores and host segments are not allowed) and taken under a wave-6 version."
us-nd/form/individual_income_tax_forms/tax.nd.gov/sites/www/files/documents/forms/individual/2024-iit/2024-individual-income-tax-booklet,us-nd,income_tax,EXTRACT-MANIFEST,PRESENT,us-nd/form/2026-10-06-w6-income-tax-forms-nd,us-nd/form/otc/ty2024/individual-income-tax-booklet,https://tax.nd.gov/sites/www/files/documents/forms/individual/2024-iit/2024-individual-income-tax-booklet.pdf,Taken: 2024 North Dakota Individual Income Tax Booklet; printed tax year 2024; manifest-on-main entry re-slugged to the citation-path grammar (underscores and host segments are not allowed) and taken under a wave-6 version.
us-nd/form/individual_income_tax_forms/tax.nd.gov/sites/www/files/documents/forms/individual/2024-iit/28710-schedule-nd-1sa-2024,us-nd,income_tax,EXTRACT-MANIFEST,PRESENT,us-nd/form/2026-10-06-w6-income-tax-forms-nd,us-nd/form/otc/ty2024/schedule-nd-1sa,https://tax.nd.gov/sites/www/files/documents/forms/individual/2024-iit/28710-schedule-nd-1sa-2024.pdf,"Taken: 2024 Schedule ND-1SA, Statutory Adjustments; printed tax year 2024; manifest-on-main entry re-slugged to the citation-path grammar (underscores and host segments are not allowed) and taken under a wave-6 version."
us-nd/form/individual_income_tax_forms/tax.nd.gov/sites/www/files/documents/forms/individual/2025-iit/2025-individual-income-tax-booklet,us-nd,income_tax,EXTRACT-MANIFEST,ALREADY-HELD,us-nd/form/2026-09-15-income-tax-forms-ty2025,us-nd/form/otc/ty2025/individual-income-tax-booklet,https://www.tax.nd.gov/sites/www/files/documents/forms/individual/2025-iit/2025-individual-income-tax-booklet.pdf,Same file (2025-individual-income-tax-booklet.pdf) taken by wave 5 (open PR #716; local scope).
us-nd/form/individual_income_tax_forms/tax.nd.gov/sites/www/files/documents/forms/individual/2025-iit/28710-schedule-nd-1sa-2025,us-nd,income_tax,EXTRACT-MANIFEST,PRESENT,us-nd/form/2026-10-06-w6-income-tax-forms-nd,us-nd/form/otc/ty2025/schedule-nd-1sa,https://tax.nd.gov/sites/www/files/documents/forms/individual/2025-iit/28710-schedule-nd-1sa-2025.pdf,"Taken: 2025 Schedule ND-1SA, Statutory Adjustments; printed tax year 2025; manifest-on-main entry re-slugged to the citation-path grammar (underscores and host segments are not allowed) and taken under a wave-6 version."
https://ndlegis.gov/cencode/t57c38.pdf,us-nd,income_tax,FETCH,ALREADY-HELD,us-nd/statute/2026-07-16-pit-central-us-nd-title-57-38,us-nd/statute/57,https://ndlegis.gov/cencode/t57c38.pdf,N.D.C.C. chapter 57-38 (Income Tax) held section by section (us-nd/statute/57/57-38-01 ...) from the same Legislative Council chapter PDF.
https://law.justia.com/codes/north-dakota/2022/title-57/chapter-57-38/,us-nd,income_tax,OFFICIAL-SOURCE,ALREADY-HELD,us-nd/statute/2026-07-16-pit-central-us-nd-title-57-38,us-nd/statute/57,https://ndlegis.gov/cencode/t57c38.pdf,Justia mirror of N.D.C.C. chapter 57-38 (2022 edition); the current official chapter is held.
https://legiscan.com/ND/text/HB1515/2021/X1,us-nd,income_tax,OFFICIAL-SOURCE,OUTREACH,,,https://ndlegis.gov/assembly/67-2021/regular/bill-index,"LegiScan mirror of 2021 HB 1515. The Legislative Council's 67th-assembly bill index answers HTTP 403 to the corpus client and to a browser user agent (2026-10-06), and the bill-overview paths (regular/bill-overview/bo1515.html, regular/bill-index/bi1515.html) answer 404, so the official bill or session-law text could not be reached; not worked around."
https://nebraskalegislature.gov/FloorDocs/107/PDF/Slip/LB432.pdf,us-ne,income_tax,FETCH,PRESENT,us-ne/statute/2026-10-06-w6-income-tax-statute-ne,us-ne/statute/session-laws/2021/lb432,https://nebraskalegislature.gov/FloorDocs/107/PDF/Slip/LB432.pdf,"Taken: Legislative Bill 432 (2021), slip law (107th Legislature)."
https://nebraskalegislature.gov/laws/statutes.php?statute=77-2715.07,us-ne,income_tax,FETCH,ALREADY-HELD,us-ne/statute/2026-09-14-income-tax-chapter-r2-us-ne-title-77,us-ne/statute/77/77-2715.07,https://nebraskalegislature.gov/laws/statutes.php?statute=77-2715.07,Neb. Rev. Stat. 77-2715.07 held in the whole Chapter 77 scope.
https://nebraskalegislature.gov/laws/statutes.php?statute=77-2716,us-ne,income_tax,FETCH,ALREADY-HELD,us-ne/statute/2026-09-14-income-tax-chapter-r2-us-ne-title-77,us-ne/statute/77/77-2716,https://nebraskalegislature.gov/laws/statutes.php?statute=77-2716,Neb. Rev. Stat. 77-2716 held in the whole Chapter 77 scope.
https://nebraskalegislature.gov/laws/statutes.php?statute=77-2716.01,us-ne,income_tax,FETCH,ALREADY-HELD,us-ne/statute/2026-09-14-income-tax-chapter-r2-us-ne-title-77,us-ne/statute/77/77-2716.01,https://nebraskalegislature.gov/laws/statutes.php?statute=77-2716.01,Neb. Rev. Stat. 77-2716.01 held in the whole Chapter 77 scope.
https://nebraskalegislature.gov/laws/statutes.php?statute=77-3605,us-ne,income_tax,FETCH,ALREADY-HELD,us-ne/statute/2026-09-14-income-tax-chapter-r2-us-ne-title-77,us-ne/statute/77/77-3605,https://nebraskalegislature.gov/laws/statutes.php?statute=77-3605,Neb. Rev. Stat. 77-3605 held in the whole Chapter 77 scope.
https://nebraskalegislature.gov/laws/statutes.php?statute=77-7202,us-ne,ctc income_tax,FETCH,ALREADY-HELD,us-ne/statute/2026-09-14-income-tax-chapter-r2-us-ne-title-77,us-ne/statute/77/77-7202,https://nebraskalegislature.gov/laws/statutes.php?statute=77-7202,Neb. Rev. Stat. 77-7202 held in the whole Chapter 77 scope.
https://nebraskalegislature.gov/laws/statutes.php?statute=77-7203,us-ne,ctc income_tax,FETCH,ALREADY-HELD,us-ne/statute/2026-09-14-income-tax-chapter-r2-us-ne-title-77,us-ne/statute/77/77-7203,https://nebraskalegislature.gov/laws/statutes.php?statute=77-7203,Neb. Rev. Stat. 77-7203 held in the whole Chapter 77 scope.
https://revenue.nebraska.gov/about/2023-nebraska-legislative-changes,us-ne,income_tax,FETCH,PRESENT,us-ne/guidance/2026-10-06-w6-income-tax-guidance-ne,us-ne/guidance/dor/2023-nebraska-legislative-changes,https://revenue.nebraska.gov/about/2023-nebraska-legislative-changes,Taken: 2023 Nebraska Legislative Changes.
https://revenue.nebraska.gov/businesses/child-care-tax-credit-act,us-ne,ctc income_tax,FETCH,PRESENT,us-ne/guidance/2026-10-06-w6-income-tax-guidance-ne,us-ne/guidance/dor/child-care-tax-credit-act,https://revenue.nebraska.gov/businesses/child-care-tax-credit-act,Taken: Child Care Tax Credit Act.
https://revenue.nebraska.gov/files/doc/2022_Ne_Individual_Income_Tax_Booklet_8-307-2022_final_5.pdf,us-ne,eitc income_tax,FETCH,PRESENT,us-ne/form/2026-10-06-w6-income-tax-forms-ne,us-ne/form/dor/ty2022/individual-income-tax-booklet,https://revenue.nebraska.gov/files/doc/2022_Ne_Individual_Income_Tax_Booklet_8-307-2022_final_5.pdf,Taken: 2022 Nebraska Individual Income Tax Booklet; printed tax year 2022.
https://revenue.nebraska.gov/files/doc/tax-forms/2021/f_1040n_booklet.pdf,us-ne,eitc income_tax,FETCH,PRESENT,us-ne/form/2026-10-06-w6-income-tax-forms-ne,us-ne/form/dor/ty2021/individual-income-tax-booklet,https://revenue.nebraska.gov/files/doc/tax-forms/2021/f_1040n_booklet.pdf,Taken: 2021 Nebraska Individual Income Tax Booklet; printed tax year 2021.
https://revenue.nebraska.gov/files/doc/tax-forms/2021/f_2441n.pdf,us-ne,income_tax,FETCH,PRESENT,us-ne/form/2026-10-06-w6-income-tax-forms-ne,us-ne/form/dor/ty2021/form-2441n,https://revenue.nebraska.gov/files/doc/tax-forms/2021/f_2441n.pdf,"Taken: 2021 Form 2441N, Nebraska Child and Dependent Care Expenses; printed tax year 2021."
https://revenue.nebraska.gov/sites/default/files/doc/research/chronology/4-607table1_0.pdf,us-ne,income_tax,FETCH,PRESENT,us-ne/guidance/2026-10-06-w6-income-tax-guidance-ne,us-ne/guidance/dor/tax-rate-chronology-table-1,https://revenue.nebraska.gov/sites/default/files/doc/research/chronology/4-607table1_0.pdf,"Taken: Nebraska Tax Rate Chronologies, Table 1: Income Tax and Sales Tax Rates."
https://revenue.nebraska.gov/sites/default/files/doc/tax-forms/2024/f_2441N.pdf,us-ne,income_tax,FETCH,PRESENT,us-ne/form/2026-10-06-w6-income-tax-forms-ne,us-ne/form/dor/ty2024/form-2441n,https://revenue.nebraska.gov/sites/default/files/doc/tax-forms/2024/f_2441N.pdf,"Taken: 2024 Form 2441N, Nebraska Child and Dependent Care Expenses; printed tax year 2024."
https://revenue.nebraska.gov/sites/default/files/doc/tax-forms/2024/f_Individual_Income_Tax_Booklet.pdf,us-ne,ctc eitc income_tax,FETCH,PRESENT,us-ne/form/2026-10-06-w6-income-tax-forms-ne,us-ne/form/dor/ty2024/individual-income-tax-booklet,https://revenue.nebraska.gov/sites/default/files/doc/tax-forms/2024/f_Individual_Income_Tax_Booklet.pdf,Taken: 2024 Nebraska Individual Income Tax Booklet; printed tax year 2024.
https://revenue.nebraska.gov/sites/default/files/doc/tax-forms/2025/f_2441N.pdf,us-ne,income_tax,FETCH,PRESENT,us-ne/form/2026-10-06-w6-income-tax-forms-ne,us-ne/form/dor/ty2025/form-2441n,https://revenue.nebraska.gov/sites/default/files/doc/tax-forms/2025/f_2441N.pdf,"Taken: 2025 Form 2441N, Nebraska Child and Dependent Care Expenses; printed tax year 2025."
https://revenue.nebraska.gov/sites/revenue.nebraska.gov/files/doc/2022_Ne_Individual_Income_Tax_Booklet_8-307-2022_final_8.pdf,us-ne,income_tax,FETCH,PRESENT,us-ne/form/2026-10-06-w6-income-tax-forms-ne,us-ne/form/dor/ty2022/individual-income-tax-booklet,https://revenue.nebraska.gov/files/doc/2022_Ne_Individual_Income_Tax_Booklet_8-307-2022_final_5.pdf,"Taken: 2022 Nebraska Individual Income Tax Booklet; printed tax year 2022; bundle address serves the same document (redirect, alias path or dead path of the same edition); joined to the official address in official_url."
https://revenue.nebraska.gov/sites/revenue.nebraska.gov/files/doc/Form_2441N_Ne_Child_and_Dependent_Care_Expenses_8-618-2022_final_2.pdf,us-ne,income_tax,FETCH,PRESENT,us-ne/form/2026-10-06-w6-income-tax-forms-ne,us-ne/form/dor/ty2022/form-2441n,https://revenue.nebraska.gov/sites/revenue.nebraska.gov/files/doc/Form_2441N_Ne_Child_and_Dependent_Care_Expenses_8-618-2022_final_2.pdf,"Taken: 2022 Form 2441N, Nebraska Child and Dependent Care Expenses; printed tax year 2022."
https://revenue.nebraska.gov/sites/revenue.nebraska.gov/files/doc/f_1040n_booklet.pdf,us-ne,income_tax,FETCH,PRESENT,us-ne/form/2026-10-06-w6-income-tax-forms-ne,us-ne/form/dor/ty2021/individual-income-tax-booklet,https://revenue.nebraska.gov/files/doc/tax-forms/2021/f_1040n_booklet.pdf,"Taken: 2021 Nebraska Individual Income Tax Booklet; printed tax year 2021; bundle address serves the same document (redirect, alias path or dead path of the same edition); joined to the official address in official_url."
https://revenue.nebraska.gov/sites/revenue.nebraska.gov/files/doc/tax-forms/2023/incometax/f_1040n_booklet_2023_Final.pdf,us-ne,eitc income_tax,FETCH,PRESENT,us-ne/form/2026-10-06-w6-income-tax-forms-ne,us-ne/form/dor/ty2023/individual-income-tax-booklet,https://revenue.nebraska.gov/sites/revenue.nebraska.gov/files/doc/tax-forms/2023/incometax/f_1040n_booklet_2023_Final.pdf,Taken: 2023 Nebraska Individual Income Tax Booklet; printed tax year 2023.
https://revenue.nebraska.gov/sites/revenue.nebraska.gov/files/doc/tax-forms/2023/incometax/f_2441N_2023_Final.pdf,us-ne,income_tax,FETCH,PRESENT,us-ne/form/2026-10-06-w6-income-tax-forms-ne,us-ne/form/dor/ty2023/form-2441n,https://revenue.nebraska.gov/sites/revenue.nebraska.gov/files/doc/tax-forms/2023/incometax/f_2441N_2023_Final.pdf,"Taken: 2023 Form 2441N, Nebraska Child and Dependent Care Expenses; printed tax year 2023."
https://www.nebraskalegislature.gov/FloorDocs/108/PDF/Slip/LB754.pdf,us-ne,income_tax,FETCH,PRESENT,us-ne/statute/2026-10-06-w6-income-tax-statute-ne,us-ne/statute/session-laws/2023/lb754,https://www.nebraskalegislature.gov/FloorDocs/108/PDF/Slip/LB754.pdf,"Taken: Legislative Bill 754 (2023), slip law (108th Legislature)."
https://www.nebraskalegislature.gov/laws/statutes.php?statute=77-2715.03,us-ne,income_tax,FETCH,ALREADY-HELD,us-ne/statute/2026-09-14-income-tax-chapter-r2-us-ne-title-77,us-ne/statute/77/77-2715.03,https://www.nebraskalegislature.gov/laws/statutes.php?statute=77-2715.03,Neb. Rev. Stat. 77-2715.03 held in the whole Chapter 77 scope.
https://www.nebraskalegislature.gov/laws/statutes.php?statute=77-2716,us-ne,income_tax,FETCH,ALREADY-HELD,us-ne/statute/2026-09-14-income-tax-chapter-r2-us-ne-title-77,us-ne/statute/77/77-2716,https://www.nebraskalegislature.gov/laws/statutes.php?statute=77-2716,Neb. Rev. Stat. 77-2716 held in the whole Chapter 77 scope.
https://gc.nh.gov/rsa/html/V/77/77-mrg.htm,us-nh,income_tax,FETCH,ALREADY-HELD,us-nh/statute/2026-07-16-pit-central-us-nh-title-v-chapter-77,us-nh/statute/chapter-77,https://gc.nh.gov/rsa/html/V/77/77-mrg.htm,"RSA chapter 77 (Taxation of Incomes), repealed eff. 2025-01-01: the repeal page is held."
https://www.revenue.nh.gov/forms/2022/documents/dp-10-2021-print.pdf,us-nh,income_tax,BLOCKED-CHECK,PRESENT,us-nh/form/2026-10-06-w6-income-tax-forms-nh,us-nh/form/dra/ty2021/dp-10,https://www.revenue.nh.gov/sites/g/files/ehbemt736/files/documents/dp-10-2021-print.pdf,"Taken: 2021 Form DP-10, Interest and Dividends Tax Return; printed tax year 2021; bundle address serves the same document (redirect, alias path or dead path of the same edition); joined to the official address in official_url; The old /forms/2022/ address now redirects to dp-10-2021.pdf, a dynamic XFA form whose PDF layer holds only the 'Please wait...' placeholder (679 characters); the department's print edition of the same 2021 DP-10 (dp-10-2021-print.pdf, 5 pages, text layer) was taken instead."
https://www.revenue.nh.gov/forms/2023/documents/dp-10-instructions-2022.pdf,us-nh,income_tax,BLOCKED-CHECK,PRESENT,us-nh/form/2026-10-06-w6-income-tax-forms-nh,us-nh/form/dra/ty2022/dp-10-instructions,https://www.revenue.nh.gov/sites/g/files/ehbemt736/files/documents/dp-10-instructions-2022.pdf,"Taken: 2022 Form DP-10 Interest and Dividends Tax Return, General Instructions; printed tax year 2022; bundle address serves the same document (redirect, alias path or dead path of the same edition); joined to the official address in official_url; The old /forms/2023/ address now redirects to dp-10-2022.pdf (the 2022 return as a dynamic XFA form with no text layer); the 2022 DP-10 general instructions the address named are taken from dp-10-instructions-2022.pdf on the department's current file path."
https://www.revenue.nh.gov/sites/g/files/ehbemt736/files/documents/dp-10-2020-print.pdf,us-nh,income_tax,BLOCKED-CHECK,PRESENT,us-nh/form/2026-10-06-w6-income-tax-forms-nh,us-nh/form/dra/ty2020/dp-10,https://www.revenue.nh.gov/sites/g/files/ehbemt736/files/documents/dp-10-2020-print.pdf,"Taken: 2020 Form DP-10, Interest and Dividends Tax Return; printed tax year 2020."
https://www.revenue.nh.gov/sites/g/files/ehbemt736/files/documents/dp-10-2021-print.pdf,us-nh,income_tax,BLOCKED-CHECK,PRESENT,us-nh/form/2026-10-06-w6-income-tax-forms-nh,us-nh/form/dra/ty2021/dp-10,https://www.revenue.nh.gov/sites/g/files/ehbemt736/files/documents/dp-10-2021-print.pdf,"Taken: 2021 Form DP-10, Interest and Dividends Tax Return; printed tax year 2021."
https://www.revenue.nh.gov/sites/g/files/ehbemt736/files/documents/dp-10-2022-print.pdf,us-nh,income_tax,BLOCKED-CHECK,PRESENT,us-nh/form/2026-10-06-w6-income-tax-forms-nh,us-nh/form/dra/ty2022/dp-10,https://www.revenue.nh.gov/sites/g/files/ehbemt736/files/documents/dp-10-2022-print.pdf,"Taken: 2022 Form DP-10, Interest and Dividends Tax Return; printed tax year 2022."
https://www.revenue.nh.gov/sites/g/files/ehbemt736/files/documents/dp-10-2023-form.pdf,us-nh,income_tax,BLOCKED-CHECK,PRESENT,us-nh/form/2026-10-06-w6-income-tax-forms-nh,us-nh/form/dra/ty2023/dp-10,https://www.revenue.nh.gov/sites/g/files/ehbemt736/files/documents/dp-10-2023-form.pdf,"Taken: 2023 Form DP-10, Interest and Dividends Tax Return; printed tax year 2023."
https://www.revenue.nh.gov/sites/g/files/ehbemt736/files/documents/dp-10-2024.pdf,us-nh,income_tax,BLOCKED-CHECK,PRESENT,us-nh/form/2026-10-06-w6-income-tax-forms-nh,us-nh/form/dra/ty2024/dp-10,https://www.revenue.nh.gov/sites/g/files/ehbemt736/files/documents/dp-10-2024.pdf,"Taken: 2024 Form DP-10, Interest and Dividends Tax Return; printed tax year 2024."
https://www.revenue.nh.gov/sites/g/files/ehbemt736/files/documents/dp-10-instructions-2022.pdf,us-nh,income_tax,BLOCKED-CHECK,PRESENT,us-nh/form/2026-10-06-w6-income-tax-forms-nh,us-nh/form/dra/ty2022/dp-10-instructions,https://www.revenue.nh.gov/sites/g/files/ehbemt736/files/documents/dp-10-instructions-2022.pdf,"Taken: 2022 Form DP-10 Interest and Dividends Tax Return, General Instructions; printed tax year 2022."
https://www.revenue.nh.gov/sites/g/files/ehbemt736/files/documents/dp-10-instructions-2023.pdf,us-nh,income_tax,BLOCKED-CHECK,PRESENT,us-nh/form/2026-10-06-w6-income-tax-forms-nh,us-nh/form/dra/ty2023/dp-10-instructions,https://www.revenue.nh.gov/sites/g/files/ehbemt736/files/documents/dp-10-instructions-2023.pdf,"Taken: 2023 Form DP-10 Interest and Dividends Tax Return, General Instructions; printed tax year 2023."
https://www.revenue.nh.gov/sites/g/files/ehbemt736/files/documents/dp-10-instructions-2024.pdf,us-nh,income_tax,BLOCKED-CHECK,PRESENT,us-nh/form/2026-10-06-w6-income-tax-forms-nh,us-nh/form/dra/ty2024/dp-10-instructions,https://www.revenue.nh.gov/sites/g/files/ehbemt736/files/documents/dp-10-instructions-2024.pdf,"Taken: 2024 Form DP-10 Interest and Dividends Tax Return, General Instructions; printed tax year 2024."
https://lis.njleg.state.nj.us/nxt/gateway.dll?f=templates&fn=default.htm&vid=Publish:10.1048/Enu,us-nj,income_tax,FETCH,OUT-OF-SCOPE,,,https://lis.njleg.state.nj.us/nxt/gateway.dll?f=templates&fn=default.htm&vid=Publish:10.1048/Enu,"Entry page of the Legislature's statutes search application (frameset template, 'Simple Search / Advanced Search', no document text). The statutes themselves are held from the Legislature's bulk text release: Title 54A (us-nj/statute/2026-07-16-pit-central-us-nj-title-54a) and Title 54 (taken in this wave)."
https://pub.njleg.gov/bills/2020/PL21/130_.PDF,us-nj,eitc income_tax,FETCH,PRESENT,us-nj/statute/2026-10-06-w6-income-tax-statute-nj,us-nj/statute/session-laws/2021/pl-2021-c130,https://pub.njleg.gov/bills/2020/PL21/130_.PDF,"Taken: P.L.2021, c.130: modifying age requirements under the New Jersey earned income tax credit program."
https://pub.njleg.state.nj.us/Bills/2022/PL23/75_.HTM,us-nj,income_tax,FETCH,PRESENT,us-nj/statute/2026-10-06-w6-income-tax-statute-nj,us-nj/statute/session-laws/2023/pl-2023-c75,https://pub.njleg.state.nj.us/Bills/2022/PL23/75_.PDF,"Taken: P.L.2023, c.75: property tax credit of up to one-half of property taxes for senior citizens (Stay NJ); bundle address serves the same document (redirect, alias path or dead path of the same edition); joined to the official address in official_url; HTML rendering of the same chapter law; the PDF rendering (also a bundle address) was taken."
https://pub.njleg.state.nj.us/Bills/2022/PL23/75_.PDF,us-nj,income_tax,FETCH,PRESENT,us-nj/statute/2026-10-06-w6-income-tax-statute-nj,us-nj/statute/session-laws/2023/pl-2023-c75,https://pub.njleg.state.nj.us/Bills/2022/PL23/75_.PDF,"Taken: P.L.2023, c.75: property tax credit of up to one-half of property taxes for senior citizens (Stay NJ)."
https://pub.njleg.state.nj.us/Bills/2024/PL24/88_.PDF,us-nj,income_tax,FETCH,PRESENT,us-nj/statute/2026-10-06-w6-income-tax-statute-nj,us-nj/statute/session-laws/2024/pl-2024-c88,https://pub.njleg.state.nj.us/Bills/2024/PL24/88_.PDF,"Taken: P.L.2024, c.88: Stay NJ property tax benefit program."
https://pub.njleg.state.nj.us/Bills/2026/AL26/27_.PDF,us-nj,income_tax,FETCH,PRESENT,us-nj/statute/2026-10-06-w6-income-tax-statute-nj,us-nj/statute/session-laws/2026/pl-2026-c27,https://pub.njleg.state.nj.us/Bills/2026/AL26/27_.PDF,"Taken: P.L.2026, c.27 (Assembly No. 5327): FY2027 appropriations act."
https://pub.njleg.state.nj.us/Bills/2026/S5000/4531_I1.HTM,us-nj,ctc income_tax,FETCH,PRESENT,us-nj/statute/2026-10-06-w6-income-tax-statute-nj,us-nj/statute/bills/2026/s4531-introduced,https://pub.njleg.state.nj.us/Bills/2026/S5000/4531_I1.HTM,"Taken: Senate Bill 4531 (2026-2027 session), as introduced."
https://www.nj.gov/treasury/taxation/anchor/,us-nj,income_tax,FETCH,PRESENT,us-nj/guidance/2026-10-06-w6-income-tax-guidance-nj-r2,us-nj/guidance/taxation/anchor-program,https://www.nj.gov/treasury/taxation/anchor/,Taken: ANCHOR Program.
https://www.nj.gov/treasury/taxation/anchor/calculated.shtml,us-nj,income_tax,FETCH,PRESENT,us-nj/guidance/2026-10-06-w6-income-tax-guidance-nj-r2,us-nj/guidance/taxation/anchor-how-benefits-are-calculated,https://www.nj.gov/treasury/taxation/anchor/calculated.shtml,Taken: ANCHOR Program: How benefits are calculated.
https://www.nj.gov/treasury/taxation/depcarecred.shtml,us-nj,income_tax,FETCH,PRESENT,us-nj/guidance/2026-10-06-w6-income-tax-guidance-nj-r2,us-nj/guidance/taxation/child-and-dependent-care-credit,https://www.nj.gov/treasury/taxation/depcarecred.shtml,Taken: Child and Dependent Care Credit.
https://www.nj.gov/treasury/taxation/njit35.shtml,us-nj,income_tax,FETCH,PRESENT,us-nj/guidance/2026-10-06-w6-income-tax-guidance-nj-r2,us-nj/guidance/taxation/property-tax-deduction-credit-for-homeowners-and-renters,https://www.nj.gov/treasury/taxation/njit35.shtml,Taken: Property Tax Deduction/Credit for Homeowners and Renters.
https://www.nj.gov/treasury/taxation/pdf/25-pas1in.pdf,us-nj,income_tax,FETCH,PRESENT,us-nj/form/2026-10-06-w6-income-tax-forms-nj,us-nj/form/taxation/ty2025/pas-1-instructions,https://www.nj.gov/treasury/taxation/pdf/25-pas1in.pdf,"Taken: 2025 Application for Property Tax Relief (PAS-1) instructions (ANCHOR, Senior Freeze, Stay NJ); printed tax year 2025."
https://www.nj.gov/treasury/taxation/pdf/other_forms/tgi-ee/2021/1040i.pdf,us-nj,ctc eitc income_tax,FETCH,PRESENT,us-nj/form/2026-10-06-w6-income-tax-forms-nj,us-nj/form/taxation/ty2021/nj-1040-instructions,https://www.nj.gov/treasury/taxation/pdf/other_forms/tgi-ee/2021/1040i.pdf,Taken: 2021 NJ-1040 Resident Return Instructions booklet; printed tax year 2021.
https://www.nj.gov/treasury/taxation/pdf/other_forms/tgi-ee/2022/1040i.pdf,us-nj,ctc eitc income_tax,FETCH,PRESENT,us-nj/form/2026-10-06-w6-income-tax-forms-nj,us-nj/form/taxation/ty2022/nj-1040-instructions,https://www.nj.gov/treasury/taxation/pdf/other_forms/tgi-ee/2022/1040i.pdf,Taken: 2022 NJ-1040 Resident Return Instructions booklet; printed tax year 2022.
https://www.nj.gov/treasury/taxation/pdf/other_forms/tgi-ee/2024/1040i.pdf,us-nj,eitc income_tax,FETCH,PRESENT,us-nj/form/2026-10-06-w6-income-tax-forms-nj,us-nj/form/taxation/ty2024/nj-1040-instructions,https://www.nj.gov/treasury/taxation/pdf/other_forms/tgi-ee/2024/1040i.pdf,Taken: 2024 NJ-1040 Resident Return Instructions booklet; printed tax year 2024.
https://www.nj.gov/treasury/taxation/pdf/pubs/tgi-ee/git1&2.pdf,us-nj,income_tax,FETCH,PRESENT,us-nj/guidance/2026-10-06-w6-income-tax-guidance-nj-r2,us-nj/guidance/taxation/git-1-2-retirement-income,https://www.nj.gov/treasury/taxation/pdf/pubs/tgi-ee/git1&2.pdf,"Taken: GIT-1 & 2, Retirement Income (Understanding Income Tax)."
https://www.nj.gov/treasury/taxation/ptr/index.shtml,us-nj,income_tax,FETCH,PRESENT,us-nj/guidance/2026-10-06-w6-income-tax-guidance-nj-r2,us-nj/guidance/taxation/senior-freeze-property-tax-reimbursement,https://www.nj.gov/treasury/taxation/ptr/index.shtml,Taken: Senior Freeze (Property Tax Reimbursement).
https://www.nj.gov/treasury/taxation/relief.shtml,us-nj,income_tax,FETCH,PRESENT,us-nj/guidance/2026-10-06-w6-income-tax-guidance-nj-r2,us-nj/guidance/taxation/property-tax-relief-programs,https://www.nj.gov/treasury/taxation/relief.shtml,Taken: Property Tax Relief Programs.
https://www.nj.gov/treasury/taxation/staynj/index.shtml,us-nj,income_tax,FETCH,PRESENT,us-nj/guidance/2026-10-06-w6-income-tax-guidance-nj-r2,us-nj/guidance/taxation/stay-nj,https://www.nj.gov/treasury/taxation/staynj/index.shtml,Taken: Stay NJ - Property Tax Relief for Senior Citizens.
https://www.njleg.state.nj.us/bill-search/2020/A5535,us-nj,income_tax,FETCH,OUTREACH,,,https://www.njleg.state.nj.us/bill-search/2020/A5535,"Bill-search page of the Legislature's Next.js application (HTTP 200, 25 KB shell with reCAPTCHA, no bill text in the HTML); not worked around. The enacted EITC age change of the 2020-2021 session is taken from pub.njleg.gov as P.L.2021, c.130 (us-nj/statute/session-laws/2021/pl-2021-c130); whether A5535 is that law was not confirmable from the shell."
https://www.state.nj.us/treasury/taxation/pdf/current/1040i.pdf,us-nj,ctc eitc income_tax,FETCH,ALREADY-HELD,us-nj/form/2026-09-10-tax-state-forms-ty2025,us-nj/form/taxation/ty2025/nj-1040-instructions,https://www.nj.gov/treasury/taxation/pdf/current/1040i.pdf,"Address redirects to nj.gov .../pdf/current/1040i.pdf (2025 NJ-1040 instructions), the file the 2026-09-10 scope holds."
https://www.state.nj.us/treasury/taxation/pdf/other_forms/tgi-ee/2021/1040i.pdf,us-nj,income_tax,FETCH,PRESENT,us-nj/form/2026-10-06-w6-income-tax-forms-nj,us-nj/form/taxation/ty2021/nj-1040-instructions,https://www.nj.gov/treasury/taxation/pdf/other_forms/tgi-ee/2021/1040i.pdf,"Taken: 2021 NJ-1040 Resident Return Instructions booklet; printed tax year 2021; bundle address serves the same document (redirect, alias path or dead path of the same edition); joined to the official address in official_url."
https://law.justia.com/codes/new-jersey/2022/title-54/section-54-8a-36/,us-nj,income_tax,OFFICIAL-SOURCE,PRESENT,us-nj/statute/2026-10-06-w6-income-tax-statute-nj-us-nj-title-54,us-nj/statute/54:8a-36,https://pub.njleg.state.nj.us/Statutes/STATUTES-TEXT.zip,"Justia mirror (2022 edition) of N.J.S.A. 54:8A-36 (computation of gross income from federal adjusted gross income). Title 54 is outside the held Title 54A scope, so the whole of Title 54 (2,150 rows) was taken from the Legislature's bulk statutes text with the new-jersey-statutes adapter (manifests/state-income-tax-w6-tax-mn-oh-statutes.yaml)."
https://law.justia.com/codes/new-jersey/title-54a/section-54a-3-1-1/,us-nj,income_tax,OFFICIAL-SOURCE,ALREADY-HELD,us-nj/statute/2026-07-16-pit-central-us-nj-title-54a,us-nj/statute/54a:3-1.1,,Justia mirror; N.J.S.A. 54A:3-1.1 held from the Legislature's bulk text (Title 54A).
https://www.law.cornell.edu/regulations/new-jersey/N-J-A-C-18-35-2-9,us-nj,income_tax,OFFICIAL-SOURCE,OUTREACH,,,,N.J.A.C. 18:35-2.9 (Cornell mirror). The New Jersey Administrative Code is published online only through LexisNexis (OAL public-access page; 2026-09-14 regulations note); nj.gov posts no N.J.A.C. 18:35 text.
https://www.nj.gov/treasury/taxation/staynj/calculation.shtml,us-nj,income_tax,DEAD-LINK,ABSENT,,,https://www.nj.gov/treasury/taxation/staynj/index.shtml,"404 on 2026-10-06; the Stay NJ index page (taken as us-nj/guidance/taxation/stay-nj) links no calculation page. The program's benefit computation is in P.L.2024, c.88 and P.L.2026, c.27 (taken)."
https://advance.lexis.com/documentpage/?pdmfid=1000516&crid=966a819a-8e99-448f-b684-70a92ee2676c&nodeid=ABAABRAADAAF&nodepath=%2FROOT%2FABA%2FABAABR%2FABAABRAAD%2FABAABRAADAAF&level=4&haschildren=&populated=false&title=%C2%A7+18%3A35-2.5+Pensions+and+annuities&indicator=true&config=00JAA1YTg5OGJlYi04MTI4LTRlNjQtYTc4Yi03NTQxN2E5NmE0ZjQKAFBvZENhdGFsb2ftaXPxZTR7bRPtX1Jok9kz&pddocfullpath=%2Fshared%2Fdocument%2Fadministrative-codes%2Furn%3AcontentItem%3A5XKV-PWB1-F81W-24W7-00008-00&ecomp=bgf5kkk&prid=e044fb5e-04b8-44f6-bd16-37c5ae1dd458,us-nj,income_tax,VENDOR,OUTREACH,,,https://advance.lexis.com/documentpage/?pdmfid=1000516&crid=966a819a-8e99-448f-b684-70a92ee2676c&nodeid=ABAABRAADAAF&nodepath=%2FROOT%2FABA%2FABAABR%2FABAABRAAD%2FABAABRAADAAF&level=4&haschildren=&populated=false&title=%C2%A7+18%3A35-2.5+Pensions+and+annuities&indicator=true&config=00JAA1YTg5OGJlYi04MTI4LTRlNjQtYTc4Yi03NTQxN2E5NmE0ZjQKAFBvZENhdGFsb2ftaXPxZTR7bRPtX1Jok9kz&pddocfullpath=%2Fshared%2Fdocument%2Fadministrative-codes%2Furn%3AcontentItem%3A5XKV-PWB1-F81W-24W7-00008-00&ecomp=bgf5kkk&prid=e044fb5e-04b8-44f6-bd16-37c5ae1dd458,"LexisNexis document page (New Jersey Administrative Code, published online only through LexisNexis per the OAL public-access page; nj.gov posts no N.J.A.C. text). Vendor-only."
https://hed.nm.gov/financial-aid/new-mexico-529-college-savings-plan,us-nm,income_tax,FETCH,PRESENT,us-nm/guidance/2026-10-06-w6-income-tax-guidance-nm,us-nm/guidance/hed/new-mexico-529-college-savings-plan,https://hed.nm.gov/financial-aid/new-mexico-529-college-savings-plan,Taken: New Mexico's 529 Education Savings Plan.
https://www.nmlegis.gov/Sessions/24%20Regular/bills/house/HB0037.HTML,us-nm,income_tax,FETCH,PRESENT,us-nm/statute/2026-10-06-w6-income-tax-statute-nm,us-nm/statute/bills/2024/hb37,https://www.nmlegis.gov/Sessions/24%20Regular/bills/house/HB0037.HTML,Taken: House Bill 37 (2024 Regular Session).
https://klvg4oyd4j.execute-api.us-west-2.amazonaws.com/prod/PublicFiles/34821a9573ca43e7b06dfad20f5183fd/0558a902-6362-47ca-8e3b-7cca3bc69b9d/2025%20PIT%20Packet_Final.pdf,us-nm,ctc eitc income_tax,CHECK-PUBLISHER,PRESENT,us-nm/form/2026-10-06-w6-income-tax-forms-nm,us-nm/form/trd/ty2025/pit-packet,https://klvg4oyd4j.execute-api.us-west-2.amazonaws.com/prod/PublicFiles/34821a9573ca43e7b06dfad20f5183fd/0558a902-6362-47ca-8e3b-7cca3bc69b9d/2025%20PIT%20Packet_Final.pdf,Taken: 2025 Personal Income Tax Form Packet; printed tax year 2025.
https://klvg4oyd4j.execute-api.us-west-2.amazonaws.com/prod/PublicFiles/34821a9573ca43e7b06dfad20f5183fd/1afc56af-ea90-4d48-82e5-1f9aeb43255a/PITbook2022.pdf,us-nm,ctc eitc income_tax,CHECK-PUBLISHER,PRESENT,us-nm/form/2026-10-06-w6-income-tax-forms-nm,us-nm/form/trd/ty2022/pit-packet,https://klvg4oyd4j.execute-api.us-west-2.amazonaws.com/prod/PublicFiles/34821a9573ca43e7b06dfad20f5183fd/1afc56af-ea90-4d48-82e5-1f9aeb43255a/PITbook2022.pdf,Taken: 2022 Personal Income Tax Form Packet; printed tax year 2022.
https://klvg4oyd4j.execute-api.us-west-2.amazonaws.com/prod/PublicFiles/34821a9573ca43e7b06dfad20f5183fd/247e3a1f-2a1f-4002-a689-e1c3994dde9d/2023pit-adj.pdf,us-nm,income_tax,CHECK-PUBLISHER,PRESENT,us-nm/form/2026-10-06-w6-income-tax-forms-nm,us-nm/form/trd/ty2023/pit-adj,https://klvg4oyd4j.execute-api.us-west-2.amazonaws.com/prod/PublicFiles/34821a9573ca43e7b06dfad20f5183fd/247e3a1f-2a1f-4002-a689-e1c3994dde9d/2023pit-adj.pdf,"Taken: 2023 PIT-ADJ, Schedule of Additions, Deductions, and Exemptions; printed tax year 2023."
https://klvg4oyd4j.execute-api.us-west-2.amazonaws.com/prod/PublicFiles/34821a9573ca43e7b06dfad20f5183fd/2f1a6781-9534-4436-b427-1557f9592099/2022pit-adj-ins.pdf,us-nm,income_tax,CHECK-PUBLISHER,PRESENT,us-nm/form/2026-10-06-w6-income-tax-forms-nm,us-nm/form/trd/ty2022/pit-adj-instructions,https://klvg4oyd4j.execute-api.us-west-2.amazonaws.com/prod/PublicFiles/34821a9573ca43e7b06dfad20f5183fd/2f1a6781-9534-4436-b427-1557f9592099/2022pit-adj-ins.pdf,Taken: Instructions for 2022 PIT-ADJ; printed tax year 2022.
https://klvg4oyd4j.execute-api.us-west-2.amazonaws.com/prod/PublicFiles/34821a9573ca43e7b06dfad20f5183fd/608063af-0c4c-4f28-ba42-cf40e04557ca/PITbook2021.pdf,us-nm,ctc income_tax,CHECK-PUBLISHER,PRESENT,us-nm/form/2026-10-06-w6-income-tax-forms-nm,us-nm/form/trd/ty2021/pit-packet,https://klvg4oyd4j.execute-api.us-west-2.amazonaws.com/prod/PublicFiles/34821a9573ca43e7b06dfad20f5183fd/608063af-0c4c-4f28-ba42-cf40e04557ca/PITbook2021.pdf,Taken: 2021 Personal Income Tax Form Packet; printed tax year 2021.
https://klvg4oyd4j.execute-api.us-west-2.amazonaws.com/prod/PublicFiles/34821a9573ca43e7b06dfad20f5183fd/856ebf4b-3814-49dd-8631-ebe579d6a42b/Personal%20Income%20Tax.pdf,us-nm,eitc income_tax,CHECK-PUBLISHER,PRESENT,us-nm/guidance/2026-10-06-w6-income-tax-guidance-nm,us-nm/guidance/trd/income-tax-act-regulations-publication-2023,https://klvg4oyd4j.execute-api.us-west-2.amazonaws.com/prod/PublicFiles/34821a9573ca43e7b06dfad20f5183fd/856ebf4b-3814-49dd-8631-ebe579d6a42b/Personal%20Income%20Tax.pdf,"Taken: TRD Publication: 3.3 NMAC Regulations pertaining to the Income Tax Act, Sections 7-2-1 through 7-2-40 NMSA 1978 (revised July 2023)."
https://klvg4oyd4j.execute-api.us-west-2.amazonaws.com/prod/PublicFiles/34821a9573ca43e7b06dfad20f5183fd/90560f4e-0ef0-4e52-a003-878b84f858bb/PITbook2023.pdf,us-nm,ctc eitc income_tax,CHECK-PUBLISHER,PRESENT,us-nm/form/2026-10-06-w6-income-tax-forms-nm,us-nm/form/trd/ty2023/pit-packet,https://klvg4oyd4j.execute-api.us-west-2.amazonaws.com/prod/PublicFiles/34821a9573ca43e7b06dfad20f5183fd/90560f4e-0ef0-4e52-a003-878b84f858bb/PITbook2023.pdf,Taken: 2023 Personal Income Tax Form Packet; printed tax year 2023.
https://klvg4oyd4j.execute-api.us-west-2.amazonaws.com/prod/PublicFiles/34821a9573ca43e7b06dfad20f5183fd/90560f4e-0ef0-4e52-a003-878b84f858bb/PITbook2024.pdf,us-nm,income_tax,CHECK-PUBLISHER,PRESENT,us-nm/form/2026-10-06-w6-income-tax-forms-nm,us-nm/form/trd/ty2024/pit-packet,https://klvg4oyd4j.execute-api.us-west-2.amazonaws.com/prod/PublicFiles/34821a9573ca43e7b06dfad20f5183fd/97f27f33-5e23-4a25-ad68-0980a22b802d/PITbook2024.pdf,"Taken: 2024 Personal Income Tax Form Packet; printed tax year 2024; bundle address serves the same document (redirect, alias path or dead path of the same edition); joined to the official address in official_url; This address's file id (90560f4e) serves the 2023 packet (same bytes as PITbook2023.pdf; printed '2023 Personal Income Tax Form Packet'); joined to the 2024 packet (file id 97f27f33, the TRD RealFile 2024 folder's PITbook2024.pdf); The bundle also names .../90560f4e-.../PITbook2024.pdf; that file id serves the 2023 packet (same bytes as PITbook2023.pdf, printed '2023 Personal Income Tax Form Packet'), so it is joined to this 2024 packet.."
https://klvg4oyd4j.execute-api.us-west-2.amazonaws.com/prod/PublicFiles/34821a9573ca43e7b06dfad20f5183fd/97f27f33-5e23-4a25-ad68-0980a22b802d/PITbook2024.pdf,us-nm,ctc eitc income_tax,CHECK-PUBLISHER,PRESENT,us-nm/form/2026-10-06-w6-income-tax-forms-nm,us-nm/form/trd/ty2024/pit-packet,https://klvg4oyd4j.execute-api.us-west-2.amazonaws.com/prod/PublicFiles/34821a9573ca43e7b06dfad20f5183fd/97f27f33-5e23-4a25-ad68-0980a22b802d/PITbook2024.pdf,"Taken: 2024 Personal Income Tax Form Packet; printed tax year 2024; The bundle also names .../90560f4e-.../PITbook2024.pdf; that file id serves the 2023 packet (same bytes as PITbook2023.pdf, printed '2023 Personal Income Tax Form Packet'), so it is joined to this 2024 packet.."
https://klvg4oyd4j.execute-api.us-west-2.amazonaws.com/prod/PublicFiles/34821a9573ca43e7b06dfad20f5183fd/cb0dc85c-5c28-45b1-a3f5-1e00fffaaf6b/2023pit-adj-ins.pdf,us-nm,income_tax,CHECK-PUBLISHER,PRESENT,us-nm/form/2026-10-06-w6-income-tax-forms-nm,us-nm/form/trd/ty2023/pit-adj-instructions,https://klvg4oyd4j.execute-api.us-west-2.amazonaws.com/prod/PublicFiles/34821a9573ca43e7b06dfad20f5183fd/cb0dc85c-5c28-45b1-a3f5-1e00fffaaf6b/2023pit-adj-ins.pdf,Taken: Instructions for 2023 PIT-ADJ; printed tax year 2023.
https://klvg4oyd4j.execute-api.us-west-2.amazonaws.com/prod/PublicFiles/34821a9573ca43e7b06dfad20f5183fd/d36fdefa-8c60-4b26-b368-ee712432a54d/2024pit-adj.pdf,us-nm,income_tax,CHECK-PUBLISHER,PRESENT,us-nm/form/2026-10-06-w6-income-tax-forms-nm,us-nm/form/trd/ty2024/pit-adj,https://klvg4oyd4j.execute-api.us-west-2.amazonaws.com/prod/PublicFiles/34821a9573ca43e7b06dfad20f5183fd/d36fdefa-8c60-4b26-b368-ee712432a54d/2024pit-adj.pdf,"Taken: 2024 PIT-ADJ, Schedule of Additions, Deductions, and Exemptions; printed tax year 2024."
https://nmonesource.com/nmos/nmsa/en/item/4340/index.do,us-nm,ctc eitc income_tax,CHECK-PUBLISHER,ALREADY-HELD,us-nm/statute/2026-07-16-pit-central,us-nm/statute/chapter-7,https://nmonesource.com/nmos/nmsa/en/item/4340/index.do,NMOneSource (the New Mexico Compilation Commission's official site) chapter 7 landing page; NMSA chapter 7 (Taxation) is held from the same publisher.
https://nmonesource.com/nmos/nmsl/en/item/18453/index.do,us-nm,income_tax,CHECK-PUBLISHER,OUTREACH,,,https://nmonesource.com/nmos/nmsl/en/item/18453/index.do,"NMOneSource session-laws volume page (Laws 2022, 2nd Session) of the official Compilation Commission site: the HTML is an application shell (about 13 KB, no chapter list or text); chapters load only through the browser application. Not worked around; the specific chapter the bundle needs is not identified by the volume address."
https://nmonesource.com/nmos/nmsl/en/item/18454/index.do,us-nm,income_tax,CHECK-PUBLISHER,OUTREACH,,,https://nmonesource.com/nmos/nmsl/en/item/18454/index.do,"NMOneSource session-laws volume page (Laws 2022, 3rd Special Session) of the official Compilation Commission site: the HTML is an application shell (about 13 KB, no chapter list or text); chapters load only through the browser application. Not worked around; the specific chapter the bundle needs is not identified by the volume address."
https://nmonesource.com/nmos/nmsl/en/item/18775/index.do,us-nm,ctc income_tax,CHECK-PUBLISHER,OUTREACH,,,https://nmonesource.com/nmos/nmsl/en/item/18775/index.do,"NMOneSource session-laws volume page (Laws 2023, 1st Session) of the official Compilation Commission site: the HTML is an application shell (about 13 KB, no chapter list or text); chapters load only through the browser application. Not worked around; the specific chapter the bundle needs is not identified by the volume address."
https://taxsim.nber.org/historical_state_tax_forms/NM/2021/2021pit-1-ins.pdf,us-nm,income_tax,CHECK-PUBLISHER,PRESENT,us-nm/form/2026-10-06-w6-income-tax-forms-nm,us-nm/form/trd/ty2021/pit-1-instructions,https://klvg4oyd4j.execute-api.us-west-2.amazonaws.com/prod/PublicFiles/34821a9573ca43e7b06dfad20f5183fd/b60e3775-495d-4b64-aabd-255818dbb420/2021pit-1-ins.pdf,"Taken: Instructions for 2021 PIT-1, New Mexico Personal Income Tax Return; printed tax year 2021; bundle address is a third-party repost; the official publisher's copy of the same document and edition was taken."
https://taxsim.nber.org/historical_state_tax_forms/NM/2021/2021pit-rc.pdf,us-nm,income_tax,CHECK-PUBLISHER,PRESENT,us-nm/form/2026-10-06-w6-income-tax-forms-nm,us-nm/form/trd/ty2021/pit-rc,https://klvg4oyd4j.execute-api.us-west-2.amazonaws.com/prod/PublicFiles/34821a9573ca43e7b06dfad20f5183fd/5d7e5285-3975-4df4-952f-1f83c9e7b770/2021pit-rc.pdf,"Taken: 2021 PIT-RC, New Mexico Rebate and Credit Schedule; printed tax year 2021; bundle address is a third-party repost; the official publisher's copy of the same document and edition was taken."
https://taxsim.nber.org/historical_state_tax_forms/NM/2022/PITbook2022.pdf,us-nm,income_tax,CHECK-PUBLISHER,PRESENT,us-nm/form/2026-10-06-w6-income-tax-forms-nm,us-nm/form/trd/ty2022/pit-packet,https://klvg4oyd4j.execute-api.us-west-2.amazonaws.com/prod/PublicFiles/34821a9573ca43e7b06dfad20f5183fd/1afc56af-ea90-4d48-82e5-1f9aeb43255a/PITbook2022.pdf,Taken: 2022 Personal Income Tax Form Packet; printed tax year 2022; bundle address is a third-party repost; the official publisher's copy of the same document and edition was taken.
https://law.justia.com/codes/new-mexico/2013/chapter-7/article-2/section-7-2-5.8,us-nm,income_tax,OFFICIAL-SOURCE,ALREADY-HELD,us-nm/statute/2026-07-13-recovery,us-nm/statute/7-2-5.8,,Justia mirror (2013 edition) of NMSA 7-2-5.8; the current official section is held.
https://law.justia.com/codes/new-mexico/chapter-7/article-2/section-7-2-14/,us-nm,income_tax,OFFICIAL-SOURCE,ALREADY-HELD,us-nm/statute/2026-07-16-pit-central,us-nm/statute/7-2-14,,Justia mirror; NMSA 7-2-14 held.
https://law.justia.com/codes/new-mexico/chapter-7/article-2/section-7-2-2/,us-nm,income_tax,OFFICIAL-SOURCE,ALREADY-HELD,us-nm/statute/2026-07-16-pit-central,us-nm/statute/7-2-2,,Justia mirror; NMSA 7-2-2 held.
https://law.justia.com/codes/new-mexico/chapter-7/article-2/section-7-2-7-d-1/,us-nm,income_tax,OFFICIAL-SOURCE,ALREADY-HELD,us-nm/statute/2026-07-16-pit-central,us-nm/statute/7-2-7,,Justia mirror of NMSA 7-2-7(D)(1); section 7-2-7 held.
https://www.law.cornell.edu/regulations/new-mexico/N-M-Admin-Code-SS-3.3.1.10,us-nm,income_tax,OFFICIAL-SOURCE,ALREADY-HELD,us-nm/regulation/2026-09-14-income-tax-regulations,us-nm/regulation/nmac/3/3/1/3.3.1.10,,Cornell mirror; 3.3.1.10 NMAC held from the State Records Center and Archives.
https://www.taxformfinder.org/forms/2022/2022-new-mexico-form-pit-adj.pdf,us-nm,income_tax,OFFICIAL-SOURCE,PRESENT,us-nm/form/2026-10-06-w6-income-tax-forms-nm,us-nm/form/trd/ty2022/pit-adj,https://klvg4oyd4j.execute-api.us-west-2.amazonaws.com/prod/PublicFiles/34821a9573ca43e7b06dfad20f5183fd/41cdedb5-199d-4604-b2cb-68c168f36984/2022pit-adj.pdf,"Taken: 2022 PIT-ADJ, Schedule of Additions, Deductions, and Exemptions; printed tax year 2022; bundle address is a third-party repost; the official publisher's copy of the same document and edition was taken."
us-ny/form/tax/ty2025/it-214,us-ny,income_tax,EXTRACT-MANIFEST,PRESENT,us-ny/form/2026-10-06-w6-income-tax-forms-ny,us-ny/form/tax/ty2025/it-214,https://www.tax.ny.gov/pdf/current_forms/it/it214_fill_in.pdf,"Taken: Form IT-214, Claim for Real Property Tax Credit for Homeowners and Renters (2025); printed tax year 2025; manifest-on-main entry re-slugged to the citation-path grammar (underscores and host segments are not allowed) and taken under a wave-6 version; Entry copied from manifests/us-ny-it-214-real-property-tax-credit-ty2025.yaml (manifest on main, never extracted).."
us-ny/form/tax/ty2025/it-214-i,us-ny,income_tax,EXTRACT-MANIFEST,PRESENT,us-ny/form/2026-10-06-w6-income-tax-forms-ny,us-ny/form/tax/ty2025/it-214-i,https://www.tax.ny.gov/pdf/current_forms/it/it214i.pdf,"Taken: Instructions for Form IT-214, Claim for Real Property Tax Credit for Homeowners and Renters (2025) (IT-214-I); printed tax year 2025; manifest-on-main entry re-slugged to the citation-path grammar (underscores and host segments are not allowed) and taken under a wave-6 version; Entry copied from manifests/us-ny-it-214-real-property-tax-credit-ty2025.yaml (manifest on main, never extracted).."
https://assembly.state.ny.us/leg/?Text=Y&bn=S3009&default_fld=&leg_video=&term=2025,us-ny,ctc income_tax,FETCH,PRESENT,us-ny/statute/2026-10-06-w6-income-tax-statute-ny-r2,us-ny/statute/bills/2025/s3009,https://assembly.state.ny.us/leg/?Text=Y&bn=S3009&default_fld=&leg_video=&term=2025,"Taken: Senate Bill S3009 (2025-2026 session) bill text, New York State Assembly; Bill text is printed in <pre> blocks with <u>/<b> insertions and <s> deletions; struck (<s>) text is dropped so the body reads as amended. First run (2026-10-06-w6-income-tax-statute-ny) read only the page tabs (90 characters) and is superseded by the -r2 version.."
https://www.tax.ny.gov/forms/html-instructions/2023/it/it201i-2023.htm,us-ny,ctc eitc income_tax,FETCH,PRESENT,us-ny/form/2026-10-06-w6-income-tax-forms-ny,us-ny/form/tax/ty2023/it-201-i,https://www.tax.ny.gov/forms/html-instructions/2023/it/it201i-2023.htm,"Taken: 2023 Instructions for Form IT-201, Full-Year Resident Income Tax Return (HTML edition); printed tax year 2023."
https://www.tax.ny.gov/forms/html-instructions/2023/it/it213i-2023.htm,us-ny,ctc income_tax,FETCH,PRESENT,us-ny/form/2026-10-06-w6-income-tax-forms-ny,us-ny/form/tax/ty2023/it-213-i,https://www.tax.ny.gov/forms/html-instructions/2023/it/it213i-2023.htm,"Taken: 2023 Instructions for Form IT-213, Claim for Empire State Child Credit (HTML edition); printed tax year 2023."
https://www.tax.ny.gov/legal/2020/pit-corp-changes.htm,us-ny,eitc income_tax,FETCH,PRESENT,us-ny/guidance/2026-10-06-w6-income-tax-guidance-ny,us-ny/guidance/tax/ty2020/pit-corp-changes,https://www.tax.ny.gov/legal/2020/pit-corp-changes.htm,Taken: Summary of 2020 corporation tax and personal income tax changes; printed tax year 2020.
https://www.tax.ny.gov/legal/2022/pit-corp-changes.htm,us-ny,eitc income_tax,FETCH,PRESENT,us-ny/guidance/2026-10-06-w6-income-tax-guidance-ny,us-ny/guidance/tax/ty2022/pit-corp-changes,https://www.tax.ny.gov/legal/2022/pit-corp-changes.htm,Taken: Summary of 2022 corporation tax and personal income tax changes; printed tax year 2022.
https://www.tax.ny.gov/legal/2025/pit-corp-changes.htm,us-ny,income_tax,FETCH,PRESENT,us-ny/guidance/2026-10-06-w6-income-tax-guidance-ny,us-ny/guidance/tax/ty2025/pit-corp-changes,https://www.tax.ny.gov/legal/2025/pit-corp-changes.htm,Taken: Summary of 2025 corporation tax and personal income tax changes; printed tax year 2025.
https://www.tax.ny.gov/pdf/2021/inc/it196i_2021.pdf,us-ny,income_tax,FETCH,PRESENT,us-ny/form/2026-10-06-w6-income-tax-forms-ny,us-ny/form/tax/ty2021/it-196-i,https://www.tax.ny.gov/pdf/2021/inc/it196i_2021.pdf,"Taken: 2021 Instructions for Form IT-196, New York Itemized Deductions; printed tax year 2021."
https://www.tax.ny.gov/pdf/2021/inc/it201i_2021.pdf,us-ny,income_tax,FETCH,PRESENT,us-ny/form/2026-10-06-w6-income-tax-forms-ny,us-ny/form/tax/ty2021/it-201-i,https://www.tax.ny.gov/pdf/2021/inc/it201i_2021.pdf,"Taken: 2021 Instructions for Form IT-201, Full-Year Resident Income Tax Return; printed tax year 2021."
https://www.tax.ny.gov/pdf/2021/inc/it215i_2021.pdf,us-ny,eitc income_tax,FETCH,PRESENT,us-ny/form/2026-10-06-w6-income-tax-forms-ny,us-ny/form/tax/ty2021/it-215-i,https://www.tax.ny.gov/pdf/2021/inc/it215i_2021.pdf,"Taken: 2021 Instructions for Form IT-215, Claim for Earned Income Credit; printed tax year 2021."
https://www.tax.ny.gov/pdf/2022/inc/it196i_2022.pdf,us-ny,income_tax,FETCH,PRESENT,us-ny/form/2026-10-06-w6-income-tax-forms-ny,us-ny/form/tax/ty2022/it-196-i,https://www.tax.ny.gov/pdf/2022/inc/it196i_2022.pdf,"Taken: 2022 Instructions for Form IT-196, New York Itemized Deductions; printed tax year 2022."
https://www.tax.ny.gov/pdf/2022/printable-pdfs/inc/it201i-2022.pdf,us-ny,income_tax,FETCH,PRESENT,us-ny/form/2026-10-06-w6-income-tax-forms-ny,us-ny/form/tax/ty2022/it-201-i,https://www.tax.ny.gov/pdf/2022/printable-pdfs/inc/it201i-2022.pdf,"Taken: 2022 Instructions for Form IT-201, Full-Year Resident Income Tax Return; printed tax year 2022."
https://www.tax.ny.gov/pdf/2024/inc/it196i_2024.pdf,us-ny,income_tax,FETCH,PRESENT,us-ny/form/2026-10-06-w6-income-tax-forms-ny,us-ny/form/tax/ty2024/it-196-i,https://www.tax.ny.gov/pdf/2024/inc/it196i_2024.pdf,"Taken: 2024 Instructions for Form IT-196, New York Itemized Deductions; printed tax year 2024."
https://www.tax.ny.gov/pdf/2024/inc/it201_2024_fill_in.pdf,us-ny,income_tax,FETCH,PRESENT,us-ny/form/2026-10-06-w6-income-tax-forms-ny,us-ny/form/tax/ty2024/it-201,https://www.tax.ny.gov/pdf/2024/inc/it201_2024_fill_in.pdf,"Taken: 2024 Form IT-201, Resident Income Tax Return; printed tax year 2024."
https://www.tax.ny.gov/pdf/2024/inc/it201i_2024.pdf,us-ny,income_tax,FETCH,PRESENT,us-ny/form/2026-10-06-w6-income-tax-forms-ny,us-ny/form/tax/ty2024/it-201-i,https://www.tax.ny.gov/pdf/2024/inc/it201i_2024.pdf,"Taken: 2024 Instructions for Form IT-201, Full-Year Resident Income Tax Return; printed tax year 2024."
https://www.tax.ny.gov/pdf/2024/inc/it214i_2024.pdf,us-ny,income_tax,FETCH,PRESENT,us-ny/form/2026-10-06-w6-income-tax-forms-ny,us-ny/form/tax/ty2024/it-214-i,https://www.tax.ny.gov/pdf/2024/inc/it214i_2024.pdf,"Taken: 2024 Instructions for Form IT-214, Claim for Real Property Tax Credit; printed tax year 2024."
https://www.tax.ny.gov/pdf/2024/inc/it267i_2024.pdf,us-ny,income_tax,FETCH,PRESENT,us-ny/form/2026-10-06-w6-income-tax-forms-ny,us-ny/form/tax/ty2024/it-267-i,https://www.tax.ny.gov/pdf/2024/inc/it267i_2024.pdf,"Taken: 2024 Instructions for Form IT-267, Geothermal Energy System Credit; printed tax year 2024."
https://www.tax.ny.gov/pdf/current_forms/it/it196i.pdf,us-ny,income_tax,FETCH,PRESENT,us-ny/form/2026-10-06-w6-income-tax-forms-ny,us-ny/form/tax/ty2025/it-196-i,https://www.tax.ny.gov/pdf/current_forms/it/it196i.pdf,"Taken: 2025 Instructions for Form IT-196, New York Itemized Deductions; printed tax year 2025."
https://www.tax.ny.gov/pdf/current_forms/it/it213_fill_in.pdf,us-ny,ctc income_tax,FETCH,PRESENT,us-ny/form/2026-10-06-w6-income-tax-forms-ny,us-ny/form/tax/ty2025/it-213,https://www.tax.ny.gov/pdf/current_forms/it/it213_fill_in.pdf,"Taken: 2025 Form IT-213, Claim for Empire State Child Credit; printed tax year 2025."
https://www.tax.ny.gov/pdf/current_forms/it/it213i.pdf,us-ny,ctc income_tax,FETCH,PRESENT,us-ny/form/2026-10-06-w6-income-tax-forms-ny,us-ny/form/tax/ty2025/it-213-i,https://www.tax.ny.gov/pdf/current_forms/it/it213i.pdf,"Taken: 2025 Instructions for Form IT-213, Claim for Empire State Child Credit; printed tax year 2025."
https://www.tax.ny.gov/pdf/current_forms/it/it215_fill_in.pdf,us-ny,eitc income_tax,FETCH,PRESENT,us-ny/form/2026-10-06-w6-income-tax-forms-ny,us-ny/form/tax/ty2025/it-215,https://www.tax.ny.gov/pdf/current_forms/it/it215_fill_in.pdf,"Taken: 2025 Form IT-215, Claim for Earned Income Credit; printed tax year 2025."
https://www.tax.ny.gov/pdf/current_forms/it/it216_fill_in.pdf,us-ny,income_tax,FETCH,PRESENT,us-ny/form/2026-10-06-w6-income-tax-forms-ny,us-ny/form/tax/ty2025/it-216,https://www.tax.ny.gov/pdf/current_forms/it/it216_fill_in.pdf,"Taken: 2025 Form IT-216, Claim for Child and Dependent Care Credit; printed tax year 2025."
https://www.tax.ny.gov/pdf/current_forms/it/it255_fill_in.pdf,us-ny,income_tax,FETCH,PRESENT,us-ny/form/2026-10-06-w6-income-tax-forms-ny,us-ny/form/tax/ty2025/it-255,https://www.tax.ny.gov/pdf/current_forms/it/it255_fill_in.pdf,"Taken: 2025 Form IT-255, Claim for Solar Energy System Equipment Credit; printed tax year 2025."
https://www.tax.ny.gov/pdf/current_forms/it/it272_fill_in.pdf,us-ny,income_tax,FETCH,PRESENT,us-ny/form/2026-10-06-w6-income-tax-forms-ny,us-ny/form/tax/ty2025/it-272,https://www.tax.ny.gov/pdf/current_forms/it/it272_fill_in.pdf,"Taken: 2025 Form IT-272, Claim for College Tuition Credit or Itemized Deduction; printed tax year 2025."
https://www.tax.ny.gov/pdf/memos/income/m98_7i.pdf,us-ny,income_tax,FETCH,PRESENT,us-ny/guidance/2026-10-06-w6-income-tax-guidance-ny,us-ny/guidance/tax/tsb-m-98-7-i,https://www.tax.ny.gov/pdf/memos/income/m98_7i.pdf,"Taken: TSB-M-98(7)I (Income Tax), December 24, 1998."
https://www.tax.ny.gov/pit/credits/empire_state_child_credit.htm,us-ny,ctc income_tax,FETCH,PRESENT,us-ny/guidance/2026-10-06-w6-income-tax-guidance-ny,us-ny/guidance/tax/empire-state-child-credit,https://www.tax.ny.gov/pit/credits/empire_state_child_credit.htm,Taken: Empire State child credit.
https://www.tax.ny.gov/pit/credits/geothermal-energy-system-credit.htm,us-ny,income_tax,FETCH,PRESENT,us-ny/guidance/2026-10-06-w6-income-tax-guidance-ny,us-ny/guidance/tax/geothermal-energy-system-credit,https://www.tax.ny.gov/pit/credits/geothermal-energy-system-credit.htm,Taken: Geothermal Energy System Credit.
https://www.tax.ny.gov/pit/credits/solar_energy_system_equipment_credit.htm,us-ny,income_tax,FETCH,PRESENT,us-ny/guidance/2026-10-06-w6-income-tax-guidance-ny,us-ny/guidance/tax/solar-energy-system-equipment-credit,https://www.tax.ny.gov/pit/credits/solar_energy_system_equipment_credit.htm,Taken: Solar Energy System Equipment Credit.
https://www.tax.ny.gov/pit/empire-child-credit-payments.htm,us-ny,ctc income_tax,FETCH,PRESENT,us-ny/guidance/2026-10-06-w6-income-tax-guidance-ny,us-ny/guidance/tax/additional-empire-state-child-credit-payments,https://www.tax.ny.gov/pit/empire-child-credit-payments.htm,Taken: Additional Empire State child credit payments.
https://www.tax.ny.gov/pit/file/itemized-deductions.htm,us-ny,income_tax,FETCH,PRESENT,us-ny/guidance/2026-10-06-w6-income-tax-guidance-ny,us-ny/guidance/tax/itemized-deductions,https://www.tax.ny.gov/pit/file/itemized-deductions.htm,Taken: Itemized deductions.
https://www.tax.ny.gov/pit/file/vita.htm,us-ny,income_tax,FETCH,PRESENT,us-ny/guidance/2026-10-06-w6-income-tax-guidance-ny,us-ny/guidance/tax/vita-and-tce,https://www.tax.ny.gov/pit/file/vita.htm,Taken: Volunteer Income Tax Assistance (VITA) and Tax Counseling for the Elderly (TCE).
https://newyork.public.law/laws/n.y._tax_law_section_612,us-ny,income_tax,CHECK-PUBLISHER,ALREADY-HELD,us-ny/statute/2026-09-14-income-tax-chapter,us-ny/statute/TAX/612,,Third-party mirror; N.Y. Tax Law 612 held from nysenate.gov (Article 22 scope).
https://www.law.cornell.edu/regulations/new-york/20-NYCRR-112.2,us-ny,income_tax,OFFICIAL-SOURCE,ALREADY-HELD,us-ny/regulation/2026-09-14-income-tax-regulations,us-ny/regulation/20-nycrr/112/2,,Cornell mirror; 20 NYCRR 112.2 held from the Department of State's NYCRR (govt.westlaw.com).
https://www.law.cornell.edu/regulations/new-york/20-NYCRR-112.3,us-ny,income_tax,OFFICIAL-SOURCE,ALREADY-HELD,us-ny/regulation/2026-09-14-income-tax-regulations,us-ny/regulation/20-nycrr/112/3,,Cornell mirror; 20 NYCRR 112.3 held from the Department of State's NYCRR (govt.westlaw.com).
https://www.law.cornell.edu/regulations/new-york/20-NYCRR-132.1,us-ny,income_tax,OFFICIAL-SOURCE,OUTREACH,,,https://govt.westlaw.com/nycrr/Browse/Home/NewYork/UnofficialNewYorkCodesRulesandRegulations?guid=I6249be50bb0a11ddbc9eb83b015f151b,20 NYCRR 132.1 (Cornell mirror). The held Part 132 has only its container and notes: the 2026-09-14 adapter run did not descend into Part 132's subparts. The official NYCRR host answered HTTP 403 to the corpus client (also with the documented bh cookies) on the Part 132 subpart browse page on 2026-10-06; not retried.
https://www.tax.ny.gov/pdf/2023/printable-pdfs/inc/it196i-2023.pdf,us-ny,income_tax,DEAD-LINK,PRESENT,us-ny/form/2026-10-06-w6-income-tax-forms-ny,us-ny/form/tax/ty2023/it-196-i,https://www.tax.ny.gov/forms/html-instructions/2023/it/it196i-2023.htm,"Taken: 2023 Form IT-196-I, Instructions for Form IT-196 (HTML edition); printed tax year 2023; bundle address serves the same document (redirect, alias path or dead path of the same edition); joined to the official address in official_url; The bundle's printable PDF address is 404; the department's 2023 income tax forms index links this HTML edition.."
https://www.tax.ny.gov/pit/child-earned-payments.htm,us-ny,ctc income_tax,DEAD-LINK,ABSENT,,,,404 on 2026-10-06; the department's site index (tax.ny.gov/help/siteindex.htm) lists no replacement page (one-time 2022 child and earned income credit payments).
https://www.tax.ny.gov/pit/inflation-refund-checks.htm,us-ny,income_tax,DEAD-LINK,ABSENT,,,,404 on 2026-10-06; the department's site index lists no replacement page (one-time 2025 inflation refund checks).
us-oh/form/individual_income_tax_forms/dam.assets.ohio.gov/image/upload/tax.ohio.gov/forms/ohio_individual/individual/2022/it1040-sd100-instruction-booklet,us-oh,income_tax,EXTRACT-MANIFEST,PRESENT,us-oh/form/2026-10-06-w6-income-tax-forms-oh-r2,us-oh/form/odt/ty2022/it-1040-sd-100-instructions,https://dam.assets.ohio.gov/image/upload/tax.ohio.gov/forms/ohio_individual/individual/2022/it1040-sd100-instruction-booklet.pdf,Taken: 2022 Ohio IT 1040 / SD 100 Instructions; printed tax year 2022; manifest-on-main entry re-slugged to the citation-path grammar (underscores and host segments are not allowed) and taken under a wave-6 version.
us-oh/form/individual_income_tax_forms/dam.assets.ohio.gov/image/upload/tax.ohio.gov/forms/ohio_individual/individual/2023/1040-bundle-original,us-oh,income_tax,EXTRACT-MANIFEST,PRESENT,us-oh/form/2026-10-06-w6-income-tax-forms-oh-r2,us-oh/form/odt/ty2023/form-it-1040,https://dam.assets.ohio.gov/image/upload/tax.ohio.gov/forms/ohio_individual/individual/2023/1040-bundle-original.pdf,"Taken: 2023 Ohio IT 1040, Individual Income Tax Return; printed tax year 2023; manifest-on-main entry re-slugged to the citation-path grammar (underscores and host segments are not allowed) and taken under a wave-6 version."
us-oh/form/individual_income_tax_forms/dam.assets.ohio.gov/image/upload/tax.ohio.gov/forms/ohio_individual/individual/2023/it1040-sd100-instructionbooklet,us-oh,eitc income_tax,EXTRACT-MANIFEST,PRESENT,us-oh/form/2026-10-06-w6-income-tax-forms-oh-r2,us-oh/form/odt/ty2023/it-1040-sd-100-instructions,https://dam.assets.ohio.gov/image/upload/tax.ohio.gov/forms/ohio_individual/individual/2023/it1040-sd100-instructionbooklet.pdf,Taken: Tax Year 2023 Ohio IT 1040 / SD 100 Instructions; printed tax year 2023; manifest-on-main entry re-slugged to the citation-path grammar (underscores and host segments are not allowed) and taken under a wave-6 version.
us-oh/form/individual_income_tax_forms/dam.assets.ohio.gov/image/upload/v1735920104/tax.ohio.gov/forms/ohio_individual/individual/2024/it1040-booklet,us-oh,eitc income_tax,EXTRACT-MANIFEST,PRESENT,us-oh/form/2026-10-06-w6-income-tax-forms-oh-r2,us-oh/form/odt/ty2024/it-1040-sd-100-instructions,https://dam.assets.ohio.gov/image/upload/v1735920104/tax.ohio.gov/forms/ohio_individual/individual/2024/it1040-booklet.pdf,Taken: Tax Year 2024 Ohio IT 1040 / SD 100 Instructions; printed tax year 2024; manifest-on-main entry re-slugged to the citation-path grammar (underscores and host segments are not allowed) and taken under a wave-6 version.
us-oh/form/individual_income_tax_forms/dam.assets.ohio.gov/image/upload/v1767095693/tax.ohio.gov/forms/ohio_individual/individual/2025/it1040-booklet,us-oh,eitc income_tax,EXTRACT-MANIFEST,ALREADY-HELD,us-oh/form/2026-09-15-income-tax-forms-ty2025,us-oh/form/odt/ty2025/it-1040-sd-100-instructions,https://dam.assets.ohio.gov/image/upload/v1767095693/tax.ohio.gov/forms/ohio_individual/individual/2025/it1040-booklet.pdf,Same file taken by wave 5 (open PR #716; local scope).
us-oh/form/individual_income_tax_forms/tax.ohio.gov/static/forms/ohio_individual/individual/2021/pit-it1040-booklet,us-oh,income_tax,EXTRACT-MANIFEST,PRESENT,us-oh/form/2026-10-06-w6-income-tax-forms-oh-r2,us-oh/form/odt/ty2021/it-1040-sd-100-instructions,https://tax.ohio.gov/static/forms/ohio_individual/individual/2021/pit-it1040-booklet.pdf,Taken: 2021 Ohio IT 1040 / SD 100 Instructions; printed tax year 2021; manifest-on-main entry re-slugged to the citation-path grammar (underscores and host segments are not allowed) and taken under a wave-6 version.
us-oh/form/individual_income_tax_forms/tax.ohio.gov/static/forms/ohio_individual/individual/2021/sch-cre,us-oh,income_tax,EXTRACT-MANIFEST,PRESENT,us-oh/form/2026-10-06-w6-income-tax-forms-oh-r2,us-oh/form/odt/ty2021/schedule-of-credits,https://tax.ohio.gov/static/forms/ohio_individual/individual/2021/sch-cre.pdf,Taken: 2021 Ohio Schedule of Credits; printed tax year 2021; manifest-on-main entry re-slugged to the citation-path grammar (underscores and host segments are not allowed) and taken under a wave-6 version.
us-oh/form/individual_income_tax_forms/tax.ohio.gov/static/forms/ohio_individual/individual/2022/it1040-bundle,us-oh,income_tax,EXTRACT-MANIFEST,PRESENT,us-oh/form/2026-10-06-w6-income-tax-forms-oh-r2,us-oh/form/odt/ty2022/form-it-1040,https://tax.ohio.gov/static/forms/ohio_individual/individual/2022/it1040-bundle.pdf,"Taken: 2022 Ohio IT 1040, Individual Income Tax Return; printed tax year 2022; manifest-on-main entry re-slugged to the citation-path grammar (underscores and host segments are not allowed) and taken under a wave-6 version."
us-oh/form/individual_income_tax_forms/tax.ohio.gov/static/forms/ohio_individual/individual/2022/it1040-sd100-instruction-booklet,us-oh,eitc income_tax,EXTRACT-MANIFEST,PRESENT,us-oh/form/2026-10-06-w6-income-tax-forms-oh-r2,us-oh/form/odt/ty2022/it-1040-sd-100-instructions,https://dam.assets.ohio.gov/image/upload/tax.ohio.gov/forms/ohio_individual/individual/2022/it1040-sd100-instruction-booklet.pdf,Taken: 2022 Ohio IT 1040 / SD 100 Instructions; printed tax year 2022; manifest-on-main entry re-slugged to the citation-path grammar (underscores and host segments are not allowed) and taken under a wave-6 version.
us-oh/form/individual_income_tax_forms/tax.ohio.gov/static/forms/ohio_individual/individual/2022/itschedule-credits,us-oh,income_tax,EXTRACT-MANIFEST,PRESENT,us-oh/form/2026-10-06-w6-income-tax-forms-oh-r2,us-oh/form/odt/ty2022/schedule-of-credits,https://tax.ohio.gov/static/forms/ohio_individual/individual/2022/itschedule-credits.pdf,Taken: 2022 Ohio Schedule of Credits; printed tax year 2022; manifest-on-main entry re-slugged to the citation-path grammar (underscores and host segments are not allowed) and taken under a wave-6 version.
us-oh/form/individual_income_tax_forms/tax.ohio.gov/static/webview/view1/uiextension/1/pdf-view/41fe23480d,us-oh,income_tax,EXTRACT-MANIFEST,PRESENT,us-oh/form/2026-10-06-w6-income-tax-forms-oh-r2,us-oh/form/odt/ty2024/form-it-1040,https://tax.ohio.gov/static/forms/ohio_individual/individual/2024/1040-bundle-original-fi.pdf,"Taken: 2024 Ohio IT 1040, Individual Income Tax Return (fillable bundle); printed tax year 2024; manifest-on-main entry re-slugged to the citation-path grammar (underscores and host segments are not allowed) and taken under a wave-6 version."
https://search-prod.lis.state.oh.us/api/v2/general_assembly_134/legislation/hb45/07_EN/pdf/,us-oh,income_tax,FETCH,PRESENT,us-oh/statute/2026-10-06-w6-income-tax-statute-oh,us-oh/statute/session-laws/134th-ga/hb45,https://search-prod.lis.state.oh.us/api/v2/general_assembly_134/legislation/hb45/07_EN/pdf/,"Taken: Am. Sub. H.B. 45, 134th General Assembly (as enacted)."
https://search-prod.lis.state.oh.us/api/v2/general_assembly_136/legislation/hb96/07_EN/pdf/,us-oh,income_tax,FETCH,PRESENT,us-oh/statute/2026-10-06-w6-income-tax-statute-oh,us-oh/statute/session-laws/136th-ga/hb96,https://search-prod.lis.state.oh.us/api/v2/general_assembly_136/legislation/hb96/07_EN/pdf/,"Taken: Am. Sub. H.B. 96, 136th General Assembly (as enacted; FY2026-2027 operating budget)."
https://law.justia.com/codes/ohio/2022/title-57/chapter-5747/section-5747-37/,us-oh,income_tax,OFFICIAL-SOURCE,ABSENT,,,https://codes.ohio.gov/ohio-revised-code/section-5747.37,"Justia mirror (2022 edition) of R.C. 5747.37. The official Revised Code (codes.ohio.gov) answers 'No Ohio Revised Code section number corresponds to 5747.37' (2026-10-06), and the held Title 57 scope has no such section; the section is no longer in the Code and no official historical text was found."
https://cms7files1.revize.com/starkcountyoh/Document_center/Offices/Auditor/Services/Homestead%20Exemption/Ohio_Adj_Gross_Income.pdf,us-oh,income_tax,DEAD-LINK,SKIPPED,,,,Stark County Auditor homestead-exemption handout on the county's CMS host (404 on 2026-10-06); the county auditor's site was not searched for a current copy in the time box.
https://tax.ohio.gov/static/communications/publications/individual_income_tax_ohio.pdf,us-oh,income_tax,DEAD-LINK,PRESENT,us-oh/guidance/2026-10-06-w6-income-tax-guidance-oh,us-oh/guidance/odt/individual-income-tax-ohio-publication,https://tax.ohio.gov/static/communications/publications/individual_income_tax_ohio.pdf,Taken: Individual Income Tax - Ohio (department publication).
https://tax.ohio.gov/wps/portal/gov/tax/help-center/faqs/income+-+individual+credits/income-individual-credits,us-oh,income_tax,DEAD-LINK,PRESENT,us-oh/guidance/2026-10-06-w6-income-tax-guidance-oh,us-oh/guidance/odt/faq-income-individual-credits,https://tax.ohio.gov/wps/portal/gov/tax/help-center/faqs/income+-+individual+credits/income-individual-credits,"Taken: Income - Individual Credits (Education, Displaced Workers and Adoption) FAQs."
