id,jurisdiction,programs,action,new_status,scope_version,citation_path,official_url,note
https://oklahoma.gov/content/dam/ok/en/tax/documents/forms/individuals/current/511-EIC.pdf,us-ok,eitc income_tax,FETCH,PRESENT,us-ok/form/2026-10-06-w6-income-tax-forms-ok,us-ok/form/otc/ty2025/form-511-eic,https://oklahoma.gov/content/dam/ok/en/tax/documents/forms/individuals/current/511-EIC.pdf,"2025 Form 511-EIC, Oklahoma Earned Income Credit Worksheet"
https://oklahoma.gov/content/dam/ok/en/tax/documents/forms/individuals/current/511-NR-Pkt.pdf,us-ok,income_tax,FETCH,PRESENT,us-ok/form/2026-10-06-w6-income-tax-forms-ok,us-ok/form/otc/ty2025/form-511-nr-packet,https://oklahoma.gov/content/dam/ok/en/tax/documents/forms/individuals/current/511-NR-Pkt.pdf,"2025 Form 511-NR, Oklahoma Nonresident/Part-Year Individual Income Tax Forms and Instructions"
https://oklahoma.gov/content/dam/ok/en/tax/documents/forms/individuals/current/538-H.pdf,us-ok,income_tax,FETCH,PRESENT,us-ok/form/2026-10-06-w6-income-tax-forms-ok,us-ok/form/otc/ty2025/form-538-h,https://oklahoma.gov/content/dam/ok/en/tax/documents/forms/individuals/current/538-H.pdf,"2025 Form 538-H, Oklahoma Claim for Credit or Refund of Property Tax (due June 30, 2026)"
https://oklahoma.gov/content/dam/ok/en/tax/documents/forms/individuals/current/538-S.pdf,us-ok,income_tax,FETCH,PRESENT,us-ok/form/2026-10-06-w6-income-tax-forms-ok,us-ok/form/otc/ty2025/form-538-s,https://oklahoma.gov/content/dam/ok/en/tax/documents/forms/individuals/current/538-S.pdf,"2025 Form 538-S, Oklahoma Claim for Credit/Refund of Sales Tax"
https://oklahoma.gov/content/dam/ok/en/tax/documents/forms/individuals/past-year/2021/511-Pkt-2021.pdf,us-ok,eitc income_tax,FETCH,PRESENT,us-ok/form/2026-10-06-w6-income-tax-forms-ok,us-ok/form/otc/ty2021/form-511-packet,https://oklahoma.gov/content/dam/ok/en/tax/documents/forms/individuals/past-year/2021/511-Pkt-2021.pdf,"2021 Form 511, Oklahoma Resident Individual Income Tax Forms and Instructions"
https://oklahoma.gov/content/dam/ok/en/tax/documents/forms/individuals/past-year/2021/538-H-2021.pdf,us-ok,income_tax,FETCH,PRESENT,us-ok/form/2026-10-06-w6-income-tax-forms-ok,us-ok/form/otc/ty2021/form-538-h,https://oklahoma.gov/content/dam/ok/en/tax/documents/forms/individuals/past-year/2021/538-H-2021.pdf,"2021 Form 538-H, Oklahoma Claim for Credit or Refund of Property Tax (due June 30, 2022)"
https://oklahoma.gov/content/dam/ok/en/tax/documents/forms/individuals/past-year/2022/511-Pkt-2022.pdf,us-ok,eitc income_tax,FETCH,PRESENT,us-ok/form/2026-10-06-w6-income-tax-forms-ok,us-ok/form/otc/ty2022/form-511-packet,https://oklahoma.gov/content/dam/ok/en/tax/documents/forms/individuals/past-year/2022/511-Pkt-2022.pdf,"2022 Form 511, Oklahoma Resident Individual Income Tax Forms and Instructions"
https://oklahoma.gov/content/dam/ok/en/tax/documents/forms/individuals/past-year/2022/538-H-2022.pdf,us-ok,income_tax,FETCH,PRESENT,us-ok/form/2026-10-06-w6-income-tax-forms-ok,us-ok/form/otc/ty2022/form-538-h,https://oklahoma.gov/content/dam/ok/en/tax/documents/forms/individuals/past-year/2022/538-H-2022.pdf,"2022 Form 538-H, Oklahoma Claim for Credit or Refund of Property Tax (due June 30, 2023)"
https://oklahoma.gov/content/dam/ok/en/tax/documents/forms/individuals/past-year/2023/511-EIC.pdf,us-ok,income_tax,FETCH,PRESENT,us-ok/form/2026-10-06-w6-income-tax-forms-ok,us-ok/form/otc/ty2023/form-511-eic,https://oklahoma.gov/content/dam/ok/en/tax/documents/forms/individuals/past-year/2023/511-EIC.pdf,"2023 Form 511-EIC, Oklahoma Earned Income Credit Worksheet"
https://oklahoma.gov/content/dam/ok/en/tax/documents/forms/individuals/past-year/2023/511-Pkt.pdf,us-ok,eitc income_tax,FETCH,PRESENT,us-ok/form/2026-10-06-w6-income-tax-forms-ok,us-ok/form/otc/ty2023/form-511-packet,https://oklahoma.gov/content/dam/ok/en/tax/documents/forms/individuals/past-year/2023/511-Pkt.pdf,"2023 Form 511, Oklahoma Resident Individual Income Tax Forms and Instructions"
https://oklahoma.gov/content/dam/ok/en/tax/documents/forms/individuals/past-year/2023/538-H.pdf,us-ok,income_tax,FETCH,PRESENT,us-ok/form/2026-10-06-w6-income-tax-forms-ok,us-ok/form/otc/ty2023/form-538-h,https://oklahoma.gov/content/dam/ok/en/tax/documents/forms/individuals/past-year/2023/538-H.pdf,"2023 Form 538-H, Oklahoma Claim for Credit or Refund of Property Tax (due June 30, 2024)"
https://oklahoma.gov/content/dam/ok/en/tax/documents/forms/individuals/past-year/2024/511-EIC-2024.pdf,us-ok,income_tax,FETCH,PRESENT,us-ok/form/2026-10-06-w6-income-tax-forms-ok,us-ok/form/otc/ty2024/form-511-eic,https://oklahoma.gov/content/dam/ok/en/tax/documents/forms/individuals/past-year/2024/511-EIC-2024.pdf,"2024 Form 511-EIC, Oklahoma Earned Income Credit Worksheet"
https://oklahoma.gov/content/dam/ok/en/tax/documents/forms/individuals/past-year/2024/511-Pkt-2024.pdf,us-ok,eitc income_tax,FETCH,PRESENT,us-ok/form/2026-10-06-w6-income-tax-forms-ok,us-ok/form/otc/ty2024/form-511-packet,https://oklahoma.gov/content/dam/ok/en/tax/documents/forms/individuals/past-year/2024/511-Pkt-2024.pdf,"2024 Form 511, Oklahoma Resident Individual Income Tax Forms and Instructions"
https://oklahoma.gov/content/dam/ok/en/tax/documents/forms/individuals/past-year/2024/538-H-2024.pdf,us-ok,income_tax,FETCH,PRESENT,us-ok/form/2026-10-06-w6-income-tax-forms-ok,us-ok/form/otc/ty2024/form-538-h,https://oklahoma.gov/content/dam/ok/en/tax/documents/forms/individuals/past-year/2024/538-H-2024.pdf,"2024 Form 538-H, Oklahoma Claim for Credit or Refund of Property Tax (due June 30, 2025)"
https://www.oklegislature.gov/OK_Statutes/CompleteTitles/os68.pdf,us-ok,income_tax,FETCH,ALREADY-HELD,us-ok/statute/2026-07-16-pit-central-us-ok-title-68-r2026-07-24-immutable,us-ok/statute/title-68,https://www.oklegislature.gov/OK_Statutes/CompleteTitles/os68.pdf,"Title 68 (Revenue and Taxation) is held whole (1,840 sections) from the same publisher's complete-title RTF edition; the PDF (1,566 pages) is the same title"
https://www.oklegislature.gov/cf_pdf/2021-22%20ENR/hB/HB2962%20ENR.PDF,us-ok,eitc income_tax,FETCH,PRESENT,us-ok/statute/2026-10-06-w6-income-tax-statute-ok,us-ok/statute/bills/2021-2022/hb2962-enrolled,https://www.oklegislature.gov/cf_pdf/2021-22%20ENR/hB/HB2962%20ENR.PDF,"Enrolled House Bill No. 2962 (Oklahoma Legislature, 2021-22 session)"
https://www.oklegislature.gov/cf_pdf/2025-26%20ENR/hB/HB2764%20ENR.PDF,us-ok,income_tax,FETCH,PRESENT,us-ok/statute/2026-10-06-w6-income-tax-statute-ok,us-ok/statute/bills/2025-2026/hb2764-enrolled,https://www.oklegislature.gov/cf_pdf/2025-26%20ENR/hB/HB2764%20ENR.PDF,"Enrolled House Bill No. 2764 (Oklahoma Legislature, 2025-26 session)"
https://www.oklahoma529.com/resources/faq/,us-ok,income_tax,CHECK-PUBLISHER,PRESENT,us-ok/guidance/2026-10-06-w6-income-tax-guidance-ok,us-ok/guidance/oklahoma-529/faq,https://www.oklahoma529.com/resources/faq/,Oklahoma 529 College Savings Plan: Frequently Asked Questions (tax benefits)
https://www.oscn.net/applications/oscn/DeliverDocument.asp?CiteID=92565,us-ok,income_tax,CHECK-PUBLISHER,OUTREACH,,,https://www.oscn.net/applications/oscn/DeliverDocument.asp?CiteID=92565,"OSCN (Oklahoma Supreme Court, official) answers HTTP 201 with a Cloudflare Turnstile challenge page (2,304 bytes) to the corpus client; not worked around. PolicyEngine cites it as Oklahoma Statutes for the income-tax rates; 68 O.S. 2355 is held in us-ok/statute/2026-07-16-pit-central-us-ok-title-68-r2026-07-24-immutable"
https://www.oscn.net/applications/oscn/DeliverDocument.asp?CiteID=92568,us-ok,income_tax,CHECK-PUBLISHER,OUTREACH,,,https://www.oscn.net/applications/oscn/DeliverDocument.asp?CiteID=92568,"OSCN (Oklahoma Supreme Court, official) answers HTTP 201 with a Cloudflare Turnstile challenge page (2,304 bytes) to the corpus client; not worked around. PolicyEngine cites it as Oklahoma Statutes for the income-tax rates; 68 O.S. 2355 is held in us-ok/statute/2026-07-16-pit-central-us-ok-title-68-r2026-07-24-immutable"
https://www.law.cornell.edu/regulations/oklahoma/OAC-710-50-15-49,us-ok,income_tax,OFFICIAL-SOURCE,ALREADY-HELD,us-ok/regulation/2026-09-14-income-tax-regulations,us-ok/regulation/oac/710/50/710-50-15-49,https://rules.ok.gov/home,mirror; the official OAC 710:50-15-49 is held from the Office of Administrative Rules API
us-or/form/tax_forms/oregon.gov/dor/forms/formspubs/form-or-40-inst_101-040-1_2021,us-or,eitc income_tax,EXTRACT-MANIFEST,PRESENT,us-or/form/2026-10-06-w6-income-tax-forms-or,us-or/form/tax-forms/oregon.gov/dor/forms/formspubs/form-or-40-inst-101-040-1-2021,https://oregon.gov/dor/forms/FormsPubs/form-or-40-inst_101-040-1_2021.pdf,"2021 Oregon Income Tax Form OR-40 Instructions (full-year resident; updated April 20, 2022) (same document as the work-order address; fetched https://oregon.gov/dor/forms/FormsPubs/form-or-40-inst_101-040-1_2021.pdf)"
us-or/form/tax_forms/oregon.gov/dor/forms/formspubs/form-or-40-inst_101-040-1_2022,us-or,eitc income_tax,EXTRACT-MANIFEST,PRESENT,us-or/form/2026-10-06-w6-income-tax-forms-or,us-or/form/tax-forms/oregon.gov/dor/forms/formspubs/form-or-40-inst-101-040-1-2022,https://oregon.gov/dor/forms/FormsPubs/form-or-40-inst_101-040-1_2022.pdf,2022 Oregon Income Tax Form OR-40 Instructions (full-year resident) (same document as the work-order address; fetched https://oregon.gov/dor/forms/FormsPubs/form-or-40-inst_101-040-1_2022.pdf)
us-or/form/tax_forms/oregon.gov/dor/forms/formspubs/form-or-40-inst_101-040-1_2023,us-or,ctc eitc income_tax,EXTRACT-MANIFEST,PRESENT,us-or/form/2026-10-06-w6-income-tax-forms-or,us-or/form/tax-forms/oregon.gov/dor/forms/formspubs/form-or-40-inst-101-040-1-2023,https://oregon.gov/dor/forms/FormsPubs/form-or-40-inst_101-040-1_2023.pdf,"2023 Oregon Income Tax Form OR-40 Instructions (full-year resident; updated March 14, 2024) (same document as the work-order address; fetched https://oregon.gov/dor/forms/FormsPubs/form-or-40-inst_101-040-1_2023.pdf)"
us-or/form/tax_forms/oregon.gov/dor/forms/formspubs/form-or-40-inst_101-040-1_2024,us-or,ctc eitc income_tax,EXTRACT-MANIFEST,PRESENT,us-or/form/2026-10-06-w6-income-tax-forms-or,us-or/form/tax-forms/oregon.gov/dor/forms/formspubs/form-or-40-inst-101-040-1-2024,https://oregon.gov/dor/forms/FormsPubs/form-or-40-inst_101-040-1_2024.pdf,2024 Oregon Income Tax Form OR-40 Instructions (full-year resident) (same document as the work-order address; fetched https://oregon.gov/dor/forms/FormsPubs/form-or-40-inst_101-040-1_2024.pdf)
us-or/form/tax_forms/oregon.gov/dor/forms/formspubs/form-or-40-inst_101-040-1_2025,us-or,ctc eitc income_tax,EXTRACT-MANIFEST,ALREADY-HELD,us-or/form/2026-09-15-income-tax-forms-ty2025,us-or/form/dor/ty2025/form-or-40-instructions,https://oregon.gov/dor/forms/FormsPubs/form-or-40-inst_101-040-1_2025.pdf,"wave-5 TY2025 forms scope (PR #716, unsigned); 2026-10-06 download sha256-identical to the held source"
us-or/form/tax_forms/oregon.gov/dor/forms/formspubs/form-or-40-n_or-40-p-inst_101-048-1_2024,us-or,income_tax,EXTRACT-MANIFEST,PRESENT,us-or/form/2026-10-06-w6-income-tax-forms-or,us-or/form/tax-forms/oregon.gov/dor/forms/formspubs/form-or-40-n-or-40-p-inst-101-048-1-2024,https://oregon.gov/dor/forms/FormsPubs/form-or-40-n_or-40-p-inst_101-048-1_2024.pdf,2024 Oregon Income Tax Form OR-40-N and Form OR-40-P Instructions (nonresident/part-year resident) (same document as the work-order address; fetched https://oregon.gov/dor/forms/FormsPubs/form-or-40-n_or-40-p-inst_101-048-1_2024.pdf)
us-or/form/tax_forms/oregon.gov/dor/forms/formspubs/form-or-40_101-040_2021,us-or,income_tax,EXTRACT-MANIFEST,PRESENT,us-or/form/2026-10-06-w6-income-tax-forms-or,us-or/form/tax-forms/oregon.gov/dor/forms/formspubs/form-or-40-101-040-2021,https://oregon.gov/dor/forms/FormsPubs/form-or-40_101-040_2021.pdf,"2021 Form OR-40, Oregon Individual Income Tax Return for Full-year Residents (same document as the work-order address; fetched https://oregon.gov/dor/forms/FormsPubs/form-or-40_101-040_2021.pdf)"
us-or/form/tax_forms/oregon.gov/dor/forms/formspubs/publication-or-17_101-431_2020,us-or,income_tax,EXTRACT-MANIFEST,PRESENT,us-or/form/2026-10-06-w6-income-tax-forms-or,us-or/form/tax-forms/oregon.gov/dor/forms/formspubs/publication-or-17-101-431-2020,https://oregon.gov/dor/forms/FormsPubs/publication-or-17_101-431_2020.pdf,"2020 Publication OR-17, Oregon Individual Income Tax Guide (150-101-431, Rev. 04-01-22) (same document as the work-order address; fetched https://oregon.gov/dor/forms/FormsPubs/publication-or-17_101-431_2020.pdf)"
us-or/form/tax_forms/oregon.gov/dor/forms/formspubs/publication-or-17_101-431_2021,us-or,income_tax,EXTRACT-MANIFEST,PRESENT,us-or/form/2026-10-06-w6-income-tax-forms-or,us-or/form/tax-forms/oregon.gov/dor/forms/formspubs/publication-or-17-101-431-2021,https://oregon.gov/dor/forms/FormsPubs/publication-or-17_101-431_2021.pdf,"2021 Publication OR-17, Oregon Individual Income Tax Guide (150-101-431, Rev. 04-21-22) (same document as the work-order address; fetched https://oregon.gov/dor/forms/FormsPubs/publication-or-17_101-431_2021.pdf)"
us-or/form/tax_forms/oregon.gov/dor/forms/formspubs/publication-or-17_101-431_2022,us-or,income_tax,EXTRACT-MANIFEST,PRESENT,us-or/form/2026-10-06-w6-income-tax-forms-or,us-or/form/tax-forms/oregon.gov/dor/forms/formspubs/publication-or-17-101-431-2022,https://oregon.gov/dor/forms/FormsPubs/publication-or-17_101-431_2022.pdf,"2022 Publication OR-17, Oregon Individual Income Tax Guide (150-101-431, Rev. 09-30-22) (same document as the work-order address; fetched https://oregon.gov/dor/forms/FormsPubs/publication-or-17_101-431_2022.pdf)"
us-or/form/tax_forms/oregon.gov/dor/forms/formspubs/publication-or-17_101-431_2023,us-or,income_tax,EXTRACT-MANIFEST,PRESENT,us-or/form/2026-10-06-w6-income-tax-forms-or,us-or/form/tax-forms/oregon.gov/dor/forms/formspubs/publication-or-17-101-431-2023,https://oregon.gov/dor/forms/FormsPubs/publication-or-17_101-431_2023.pdf,"2023 Publication OR-17, Oregon Individual Income Tax Guide (150-101-431, Rev. 06-17-24) (same document as the work-order address; fetched https://oregon.gov/dor/forms/FormsPubs/publication-or-17_101-431_2023.pdf)"
us-or/form/tax_forms/oregon.gov/dor/forms/formspubs/publication-or-17_101-431_2024,us-or,income_tax,EXTRACT-MANIFEST,PRESENT,us-or/form/2026-10-06-w6-income-tax-forms-or,us-or/form/tax-forms/oregon.gov/dor/forms/formspubs/publication-or-17-101-431-2024,https://oregon.gov/dor/forms/FormsPubs/publication-or-17_101-431_2024.pdf,"2024 Publication OR-17, Oregon Individual Income Tax Guide (150-101-431, Rev. 11-27-24) (same document as the work-order address; fetched https://oregon.gov/dor/forms/FormsPubs/publication-or-17_101-431_2024.pdf)"
us-or/form/tax_forms/oregon.gov/dor/forms/formspubs/publication-or-wfhdc-tb_101-458_2021,us-or,income_tax,EXTRACT-MANIFEST,PRESENT,us-or/form/2026-10-06-w6-income-tax-forms-or,us-or/form/tax-forms/oregon.gov/dor/forms/formspubs/publication-or-wfhdc-tb-101-458-2021,https://oregon.gov/dor/forms/FormsPubs/publication-or-wfhdc-tb_101-458_2021.pdf,"Publication OR-WFHDC-TB, Working Family Household and Dependent Care (WFHDC) Tables, tax year 2021 (same document as the work-order address; fetched https://oregon.gov/dor/forms/FormsPubs/publication-or-wfhdc-tb_101-458_2021.pdf)"
us-or/form/tax_forms/oregon.gov/dor/forms/formspubs/publication-or-wfhdc-tb_101-458_2022,us-or,income_tax,EXTRACT-MANIFEST,PRESENT,us-or/form/2026-10-06-w6-income-tax-forms-or,us-or/form/tax-forms/oregon.gov/dor/forms/formspubs/publication-or-wfhdc-tb-101-458-2022,https://oregon.gov/dor/forms/FormsPubs/publication-or-wfhdc-tb_101-458_2022.pdf,"Publication OR-WFHDC-TB, Working Family Household and Dependent Care (WFHDC) Tables, tax year 2022 (same document as the work-order address; fetched https://oregon.gov/dor/forms/FormsPubs/publication-or-wfhdc-tb_101-458_2022.pdf)"
us-or/form/tax_forms/oregon.gov/dor/forms/formspubs/publication-or-wfhdc-tb_101-458_2023,us-or,income_tax,EXTRACT-MANIFEST,PRESENT,us-or/form/2026-10-06-w6-income-tax-forms-or,us-or/form/tax-forms/oregon.gov/dor/forms/formspubs/publication-or-wfhdc-tb-101-458-2023,https://oregon.gov/dor/forms/FormsPubs/publication-or-wfhdc-tb_101-458_2023.pdf,"Publication OR-WFHDC-TB, Working Family Household and Dependent Care (WFHDC) Tables, tax year 2023 (same document as the work-order address; fetched https://oregon.gov/dor/forms/FormsPubs/publication-or-wfhdc-tb_101-458_2023.pdf)"
us-or/form/tax_forms/oregon.gov/dor/forms/formspubs/schedule-or-wfhdc-inst_101-195-1_2021,us-or,income_tax,EXTRACT-MANIFEST,PRESENT,us-or/form/2026-10-06-w6-income-tax-forms-or,us-or/form/tax-forms/oregon.gov/dor/forms/formspubs/schedule-or-wfhdc-inst-101-195-1-2021,https://oregon.gov/dor/forms/FormsPubs/schedule-or-wfhdc-inst_101-195-1_2021.pdf,"Schedule OR-WFHDC Instructions 2021, Oregon Working Family Household and Dependent Care Credit (same document as the work-order address; fetched https://oregon.gov/dor/forms/FormsPubs/schedule-or-wfhdc-inst_101-195-1_2021.pdf)"
us-or/form/tax_forms/oregon.gov/dor/forms/formspubs/schedule-or-wfhdc-inst_101-195-1_2022,us-or,income_tax,EXTRACT-MANIFEST,PRESENT,us-or/form/2026-10-06-w6-income-tax-forms-or,us-or/form/tax-forms/oregon.gov/dor/forms/formspubs/schedule-or-wfhdc-inst-101-195-1-2022,https://oregon.gov/dor/forms/FormsPubs/schedule-or-wfhdc-inst_101-195-1_2022.pdf,"Schedule OR-WFHDC Instructions 2022, Oregon Working Family Household and Dependent Care Credit (same document as the work-order address; fetched https://oregon.gov/dor/forms/FormsPubs/schedule-or-wfhdc-inst_101-195-1_2022.pdf)"
us-or/form/tax_forms/oregon.gov/dor/forms/formspubs/schedule-or-wfhdc-inst_101-195-1_2023,us-or,income_tax,EXTRACT-MANIFEST,PRESENT,us-or/form/2026-10-06-w6-income-tax-forms-or,us-or/form/tax-forms/oregon.gov/dor/forms/formspubs/schedule-or-wfhdc-inst-101-195-1-2023,https://oregon.gov/dor/forms/FormsPubs/schedule-or-wfhdc-inst_101-195-1_2023.pdf,"Schedule OR-WFHDC Instructions 2023, Oregon Working Family Household and Dependent Care Credit (same document as the work-order address; fetched https://oregon.gov/dor/forms/FormsPubs/schedule-or-wfhdc-inst_101-195-1_2023.pdf)"
us-or/form/tax_forms/oregon.gov/dor/forms/formspubs/combined-payroll_211-155-2_2026,us-or,income_tax,EXTRACT-MANIFEST,PRESENT,us-or/form/2026-10-06-w6-income-tax-forms-or,us-or/form/tax-forms/oregon.gov/dor/forms/formspubs/combined-payroll-211-155-2-2026,https://oregon.gov/dor/forms/FormsPubs/combined-payroll_211-155-2_2026.pdf,"Oregon Combined 2026 Payroll Tax Report, Instructions for Oregon employers (same document as the work-order address; fetched https://oregon.gov/dor/forms/FormsPubs/combined-payroll_211-155-2_2026.pdf)"
https://secure.sos.state.or.us/oard/viewSingleRule.action?ruleVrsnRsn=238290,us-or,income_tax,FETCH,ALREADY-HELD,us-or/regulation/2026-09-10-tanf-state-policy-manual-chapter-461-r2026-09-14-150-316-consolidated,us-or/regulation/chapter-150/division-316/rule-150-316-0225,https://secure.sos.state.or.us/oard/viewSingleRule.action?ruleVrsnRsn=238290,OAR 150-316-0225 held in the consolidated OAR 150-316 scope (same rule version URL in its inventory)
https://www.oregon.gov/dor/forms/FormsPubs/publication-or-40-fy_101-043_2019.pdf,us-or,income_tax,FETCH,PRESENT,us-or/form/2026-10-06-w6-income-tax-forms-or,us-or/form/dor/ty2019/publication-or-40-fy,https://www.oregon.gov/dor/forms/FormsPubs/publication-or-40-fy_101-043_2019.pdf,"2019 Oregon Income Tax Publication OR-40-FY (full-year residents; updated April 28, 2020)"
"https://www.oregon.gov/dor/programs/individuals/Documents/Part-year%20and%20nonresident,%20Form%20OR-40-P%20and%20OR-40-N%20filers.pdf.pdf",us-or,income_tax,FETCH,PRESENT,us-or/form/2026-10-06-w6-income-tax-forms-or,us-or/form/dor/ty2022/or-40-p-or-40-n-tax-rate-charts,"https://www.oregon.gov/dor/programs/individuals/Documents/Part-year%20and%20nonresident,%20Form%20OR-40-P%20and%20OR-40-N%20filers.pdf.pdf",2022 Tax rate charts for part-year and nonresident filers (Forms OR-40-P and OR-40-N)
https://www.oregon.gov/dor/programs/individuals/pages/credits.aspx,us-or,income_tax,FETCH,PRESENT,us-or/guidance/2026-10-06-w6-income-tax-guidance-or,us-or/guidance/dor/tax-benefits-for-families,https://www.oregon.gov/dor/programs/individuals/pages/credits.aspx,Oregon Department of Revenue: Tax benefits for families
https://www.oregon.gov/dor/programs/individuals/pages/kicker.aspx,us-or,income_tax,FETCH,PRESENT,us-or/guidance/2026-10-06-w6-income-tax-guidance-or,us-or/guidance/dor/oregon-surplus-kicker,https://www.oregon.gov/dor/programs/individuals/pages/kicker.aspx,"Oregon Department of Revenue: Oregon Surplus (""Kicker"")"
https://www.oregonlegislature.gov/bills_laws/Pages/OrConst.aspx,us-or,income_tax,FETCH,PRESENT,us-or/statute/2026-10-06-w6-income-tax-statute-or,us-or/statute/constitution,https://www.oregonlegislature.gov/bills_laws/Pages/OrConst.aspx,Oregon Constitution (Oregon State Legislature edition)
https://www.oregonlegislature.gov/bills_laws/ors/ors315.html,us-or,ctc eitc income_tax,FETCH,PRESENT,us-or/statute/2026-10-06-w6-income-tax-statute-or-us-or-chapter-315,us-or/statute/chapter-315,https://www.oregonlegislature.gov/bills_laws/ors/ors315.html,"ORS chapter 315 (Personal and Corporation Income Tax Credits), 2025 Edition, from the official Legislature HTML."
https://www.oregonlegislature.gov/bills_laws/ors/ors316.html,us-or,income_tax,FETCH,ALREADY-HELD,us-or/statute/2026-07-16-pit-west-us-or-chapter-316,us-or/statute/chapter-316,https://www.oregonlegislature.gov/bills_laws/ors/ors316.html,ORS chapter 316 held whole
https://oregon.public.law/statutes/ors_315.264,us-or,income_tax,CHECK-PUBLISHER,PRESENT,us-or/statute/2026-10-06-w6-income-tax-statute-or-us-or-chapter-315,us-or/statute/315.264,https://www.oregonlegislature.gov/bills_laws/ors/ors315.html,"ORS chapter 315 (Personal and Corporation Income Tax Credits), 2025 Edition, from the official Legislature HTML. (official text of the mirror's section)"
https://oregon.public.law/statutes/ors_315.273,us-or,ctc income_tax,CHECK-PUBLISHER,PRESENT,us-or/statute/2026-10-06-w6-income-tax-statute-or-us-or-chapter-315,us-or/statute/315.273,https://www.oregonlegislature.gov/bills_laws/ors/ors315.html,"ORS chapter 315 (Personal and Corporation Income Tax Credits), 2025 Edition, from the official Legislature HTML. (official text of the mirror's section)"
https://oregon.public.law/statutes/ors_315.643,us-or,income_tax,CHECK-PUBLISHER,PRESENT,us-or/statute/2026-10-06-w6-income-tax-statute-or-us-or-chapter-315,us-or/statute/315.643,https://www.oregonlegislature.gov/bills_laws/ors/ors315.html,"ORS chapter 315 (Personal and Corporation Income Tax Credits), 2025 Edition, from the official Legislature HTML. (official text of the mirror's section)"
https://oregon.public.law/statutes/ors_316.157,us-or,income_tax,CHECK-PUBLISHER,ALREADY-HELD,us-or/statute/2026-07-16-pit-west-us-or-chapter-316,us-or/statute/316.157,https://www.oregonlegislature.gov/bills_laws/ors/ors316.html,mirror; ORS 316.157 held from the Legislature's chapter 316 page
https://taxsim.nber.org/historical_state_tax_forms/OR/2021/schedule-or-wfhdc_101-195_2021.pdf,us-or,income_tax,CHECK-PUBLISHER,PRESENT,us-or/form/2026-10-06-w6-income-tax-forms-or,us-or/form/dor/ty2021/schedule-or-wfhdc,https://www.oregon.gov/dor/forms/FormsPubs/schedule-or-wfhdc_101-195_2021.pdf,"2021 Schedule OR-WFHDC, Oregon Working Family Household and Dependent Care Credit (third-party repost (NBER TAXSIM); the official 2021 Schedule OR-WFHDC is taken from the DOR forms library)"
https://www.google.com/url?sa=i&url=https%3A%2F%2Fsecure.dor.state.or.us%2FServices%2Fdraftforms%2Fapi%2Fdocument%2F6793%2Fdownload&psig=AOvVaw01yzy9QiRloWlbInbZcNG4&ust=1742309265624000&source=images&cd=vfe&opi=89978449&ved=0CAYQrpoMahcKEwjI16b4rZGMAxUAAAAAHQAAAAAQBA,us-or,income_tax,CHECK-PUBLISHER,PRESENT,us-or/form/2026-10-06-w6-income-tax-forms-or,us-or/form/dor/ty2024/schedule-or-wfhdc-instructions,https://www.oregon.gov/dor/forms/FormsPubs/schedule-or-wfhdc-inst_101-195-1_2024.pdf,"Schedule OR-WFHDC Instructions 2024, Oregon Working Family Household and Dependent Care Credit (Google redirect to an Oregon DOR draft-forms API document (secure.dor.state.or.us/Services/draftforms/api/document/6793/download answers HTTP 500 on 2026-10-06); PolicyEngine cites it as the 2024 Schedule OR-WFHDC instructions, taken here as the final 2024 edition from the DOR forms library)"
https://olis.oregonlegislature.gov/liz/2023R1/Downloads/MeasureDocument/HB3235/Enrolled,us-or,ctc income_tax,DEAD-LINK,PRESENT,us-or/statute/2026-10-06-w6-income-tax-statute-or,us-or/statute/bills/2023/hb3235-enrolled,https://olis.oregonlegislature.gov/liz/2023R1/Downloads/MeasureDocument/HB3235/Enrolled,"Enrolled House Bill 3235 (82nd Oregon Legislative Assembly, 2023 Regular Session)"
https://olis.oregonlegislature.gov/liz/2026R1/Downloads/MeasureDocument/SB1507/Enrolled,us-or,eitc income_tax,DEAD-LINK,ALREADY-HELD,us-or/statute/2026-07-24-or-pit-session-laws,us-or/statute/session-laws/2026/sb1507,https://www.oregonlegislature.gov/bills_laws/lawsstatutes/2026orLaw0142.pdf,"the enrolled SB 1507 (2026) is held as the chaptered Oregon Laws 2026, chapter 142; OLIS answered this run (HTTP 200, 44 pages)"
https://www.legis.state.pa.us/CFDOCS/Legis/PN/Public/btCheck.cfm?txtType=PDF&sessYr=2003&sessInd=0&billBody=H&billTyp=B&billNbr=0200&pn=3160,us-pa,income_tax,FETCH,PRESENT,us-pa/statute/2026-10-06-w6-income-tax-statute-pa,us-pa/statute/bills/2003-2004/hb200-pn3160,https://www.legis.state.pa.us/CFDOCS/Legis/PN/Public/btCheck.cfm?txtType=PDF&sessYr=2003&sessInd=0&billBody=H&billTyp=B&billNbr=0200&pn=3160,"House Bill 200, Printer's No. 3160 (Pennsylvania General Assembly, 2003-2004 session; Senate amended)"
https://www.legis.state.pa.us/WU01/LI/LI/US/PDF/1971/0/0002..PDF,us-pa,income_tax,FETCH,ALREADY-HELD,us-pa/statute/2026-07-16-pit-west-us-pa-act-1971-2-article-3,us-pa/statute/act-1971-2,https://www.legis.state.pa.us/WU01/LI/LI/US/PDF/1971/0/0002..PDF,"Tax Reform Code of 1971 (Act 2): the personal income tax article (Article III) is held from the same publisher's unconsolidated-statutes HTML edition; the PDF is the whole act (634 pages, all taxes)"
https://www.pa.gov/agencies/revenue/forms-and-publications/,us-pa,income_tax,FETCH,OUT-OF-SCOPE,,,https://www.pa.gov/agencies/revenue/forms-and-publications,forms index page of the Department of Revenue (882 characters of links); not a source of rules; the forms it lists are taken individually
https://www.pa.gov/agencies/revenue/forms-and-publications/pa-personal-income-tax-guide/gross-compensation.html,us-pa,income_tax,FETCH,PRESENT,us-pa/guidance/2026-10-06-w6-income-tax-guidance-pa,us-pa/guidance/department-of-revenue/pit-guide-web/gross-compensation,https://www.pa.gov/agencies/revenue/forms-and-publications/pa-personal-income-tax-guide/gross-compensation.html,PA Personal Income Tax Guide: Gross Compensation (web edition)
https://www.pa.gov/content/dam/copapwp-pagov/en/revenue/documents/formsandpublications/formsforindividuals/pit/documents/2021/2021_pa-40in.pdf,us-pa,income_tax,FETCH,PRESENT,us-pa/form/2026-10-06-w6-income-tax-forms-pa,us-pa/form/department-of-revenue/ty2021/pa-40-instructions,https://www.pa.gov/content/dam/copapwp-pagov/en/revenue/documents/formsandpublications/formsforindividuals/pit/documents/2021/2021_pa-40in.pdf,"2021 PA-40 IN, Pennsylvania Personal Income Tax Return Instructions Booklet"
https://www.pa.gov/content/dam/copapwp-pagov/en/revenue/documents/formsandpublications/formsforindividuals/pit/documents/2021/2021_pa-40sp.pdf,us-pa,income_tax,FETCH,PRESENT,us-pa/form/2026-10-06-w6-income-tax-forms-pa,us-pa/form/department-of-revenue/ty2021/pa-40-schedule-sp,https://www.pa.gov/content/dam/copapwp-pagov/en/revenue/documents/formsandpublications/formsforindividuals/pit/documents/2021/2021_pa-40sp.pdf,"2021 PA Schedule SP, Special Tax Forgiveness (PA-40 SP)"
https://www.pa.gov/content/dam/copapwp-pagov/en/revenue/documents/formsandpublications/formsforindividuals/pit/documents/2022/2022_pa-40dc.pdf,us-pa,income_tax,FETCH,PRESENT,us-pa/form/2026-10-06-w6-income-tax-forms-pa,us-pa/form/department-of-revenue/ty2022/pa-40-schedule-dc,https://www.pa.gov/content/dam/copapwp-pagov/en/revenue/documents/formsandpublications/formsforindividuals/pit/documents/2022/2022_pa-40dc.pdf,"2022 PA Schedule DC, Child and Dependent Care Enhancement Tax Credit"
https://www.pa.gov/content/dam/copapwp-pagov/en/revenue/documents/formsandpublications/formsforindividuals/pit/documents/2023/2023_pa-40dc.pdf,us-pa,income_tax,FETCH,PRESENT,us-pa/form/2026-10-06-w6-income-tax-forms-pa,us-pa/form/department-of-revenue/ty2023/pa-40-schedule-dc,https://www.pa.gov/content/dam/copapwp-pagov/en/revenue/documents/formsandpublications/formsforindividuals/pit/documents/2023/2023_pa-40dc.pdf,"2023 PA Schedule DC, Child and Dependent Care Enhancement Tax Credit"
https://www.pa.gov/content/dam/copapwp-pagov/en/revenue/documents/formsandpublications/formsforindividuals/pit/documents/2023/2023_pa-40in.pdf,us-pa,income_tax,FETCH,PRESENT,us-pa/form/2026-10-06-w6-income-tax-forms-pa,us-pa/form/department-of-revenue/ty2023/pa-40-instructions,https://www.pa.gov/content/dam/copapwp-pagov/en/revenue/documents/formsandpublications/formsforindividuals/pit/documents/2023/2023_pa-40in.pdf,"2023 PA-40 IN, Pennsylvania Personal Income Tax Return Instructions Booklet"
https://www.pa.gov/content/dam/copapwp-pagov/en/revenue/documents/formsandpublications/formsforindividuals/pit/documents/2024/2024_pa-40dc.pdf,us-pa,income_tax,FETCH,PRESENT,us-pa/form/2026-10-06-w6-income-tax-forms-pa,us-pa/form/department-of-revenue/ty2024/pa-40-schedule-dc,https://www.pa.gov/content/dam/copapwp-pagov/en/revenue/documents/formsandpublications/formsforindividuals/pit/documents/2024/2024_pa-40dc.pdf,"2024 PA Schedule DC, Child and Dependent Care Enhancement Tax Credit"
https://www.pa.gov/content/dam/copapwp-pagov/en/revenue/documents/formsandpublications/formsforindividuals/pit/documents/2024/2024_pa-40in.pdf,us-pa,income_tax,FETCH,PRESENT,us-pa/form/2026-10-06-w6-income-tax-forms-pa,us-pa/form/department-of-revenue/ty2024/pa-40-instructions,https://www.pa.gov/content/dam/copapwp-pagov/en/revenue/documents/formsandpublications/formsforindividuals/pit/documents/2024/2024_pa-40in.pdf,"2024 PA-40 IN, Pennsylvania Personal Income Tax Return Instructions Booklet"
https://www.pa.gov/content/dam/copapwp-pagov/en/revenue/documents/formsandpublications/formsforindividuals/pit/documents/2025/2025_pa-40dc.pdf,us-pa,income_tax,FETCH,PRESENT,us-pa/form/2026-10-06-w6-income-tax-forms-pa,us-pa/form/department-of-revenue/ty2025/pa-40-schedule-dc,https://www.pa.gov/content/dam/copapwp-pagov/en/revenue/documents/formsandpublications/formsforindividuals/pit/documents/2025/2025_pa-40dc.pdf,"2025 PA Schedule DC, Child and Dependent Care Enhancement Tax Credit"
https://www.pa.gov/content/dam/copapwp-pagov/en/revenue/documents/formsandpublications/formsforindividuals/pit/documents/2025/2025_pa-40in.pdf,us-pa,income_tax,FETCH,PRESENT,us-pa/form/2026-10-06-w6-income-tax-forms-pa,us-pa/form/department-of-revenue/ty2025/pa-40-instructions,https://www.pa.gov/content/dam/copapwp-pagov/en/revenue/documents/formsandpublications/formsforindividuals/pit/documents/2025/2025_pa-40in.pdf,"2025 PA-40 IN, Pennsylvania Personal Income Tax Return Instructions Booklet"
https://www.pa.gov/content/dam/copapwp-pagov/en/revenue/documents/formsandpublications/papersonalincometaxguide/documents/pitguide_grosscompensation.pdf,us-pa,income_tax,FETCH,PRESENT,us-pa/guidance/2026-10-06-w6-income-tax-guidance-pa,us-pa/guidance/department-of-revenue/pit-guide/gross-compensation,https://www.pa.gov/content/dam/copapwp-pagov/en/revenue/documents/formsandpublications/papersonalincometaxguide/documents/pitguide_grosscompensation.pdf,PA Personal Income Tax Guide: Gross Compensation (PDF edition)
https://www.pa.gov/content/dam/copapwp-pagov/en/revenue/documents/formsandpublications/papersonalincometaxguide/documents/pitguide_taxforgiveness.pdf,us-pa,income_tax,FETCH,PRESENT,us-pa/guidance/2026-10-06-w6-income-tax-guidance-pa,us-pa/guidance/department-of-revenue/pit-guide/tax-forgiveness,https://www.pa.gov/content/dam/copapwp-pagov/en/revenue/documents/formsandpublications/papersonalincometaxguide/documents/pitguide_taxforgiveness.pdf,PA Personal Income Tax Guide: Tax Forgiveness
https://www.palegis.us/legislation/bills/text/PDF/2025/0/HB0416/PN2576,us-pa,eitc income_tax,FETCH,PRESENT,us-pa/statute/2026-10-06-w6-income-tax-statute-pa,us-pa/statute/bills/2025-2026/hb416-pn2576,https://www.palegis.us/legislation/bills/text/PDF/2025/0/HB0416/PN2576,"House Bill 416, Printer's No. 2576 (Pennsylvania General Assembly, 2025-2026 session; Senate amended)"
https://www.revenue.pa.gov/TaxTypes/PIT/Child%20and%20Dependent%20Care%20Enhancement%20Tax%20Credit/Pages/default.aspx,us-pa,income_tax,FETCH,PRESENT,us-pa/guidance/2026-10-06-w6-income-tax-guidance-pa,us-pa/guidance/department-of-revenue/child-and-dependent-care-credit,https://www.revenue.pa.gov/TaxTypes/PIT/Child%20and%20Dependent%20Care%20Enhancement%20Tax%20Credit/Pages/default.aspx,Pennsylvania Department of Revenue: Child and Dependent Care Enhancement Tax Credit
https://www.pa529.com/faqs/,us-pa,income_tax,CHECK-PUBLISHER,PRESENT,us-pa/guidance/2026-10-06-w6-income-tax-guidance-pa,us-pa/guidance/pa-treasury/pa-529-faqs,https://www.pa529.com/faqs/,PA 529 College and Career Savings Program: Frequently Asked Questions
https://revenue-pa.custhelp.com/app/answers/detail/a_id/1470/,us-pa,income_tax,BLOCKED-CHECK,OUTREACH,,,https://revenue-pa.custhelp.com/app/answers/detail/a_id/1470/,"Department of Revenue answer center (Oracle custhelp) answers HTTP 403 (3,988 bytes) to the corpus client on 2026-10-06 (second refusal; the 2026-10-06 check was the first); no documented fallback; not worked around"
https://revenue-pa.custhelp.com/app/answers/detail/a_id/2208/~/what-is-the-limit-on-a-deduction-to-a-529-plan,us-pa,income_tax,BLOCKED-CHECK,OUTREACH,,,https://revenue-pa.custhelp.com/app/answers/detail/a_id/2208/~/what-is-the-limit-on-a-deduction-to-a-529-plan,"Department of Revenue answer center (Oracle custhelp) answers HTTP 403 (3,988 bytes) to the corpus client on 2026-10-06 (second refusal; the 2026-10-06 check was the first); no documented fallback; not worked around"
https://revenue-pa.custhelp.com/app/answers/detail/a_id/274/~/taxability-of-roth-iras-according-to-pa-income-tax-rules,us-pa,income_tax,BLOCKED-CHECK,OUTREACH,,,https://revenue-pa.custhelp.com/app/answers/detail/a_id/274/~/taxability-of-roth-iras-according-to-pa-income-tax-rules,"Department of Revenue answer center (Oracle custhelp) answers HTTP 403 (3,988 bytes) to the corpus client on 2026-10-06 (second refusal; the 2026-10-06 check was the first); no documented fallback; not worked around"
http://webserver.rilin.state.ri.us/Statutes/TITLE44/44-30/44-30-2.6.HTM,us-ri,income_tax,FETCH,ALREADY-HELD,us-ri/statute/2026-07-16-pit-west-us-ri-chapter-44-30,us-ri/statute/44-30-2.6,https://webserver.rilegislature.gov/Statutes/TITLE44/44-30/INDEX.htm,"section held in the chapter 44-30 scope (current text); the rilin.state.ri.us host redirects to the statutes index, Justia is a mirror"
http://webserver.rilin.state.ri.us/Statutes/TITLE44/44-33/44-33-3.htm,us-ri,income_tax,FETCH,PRESENT,us-ri/statute/2026-10-06-w6-income-tax-statute-ri,us-ri/statute/44-33-3,https://webserver.rilegislature.gov/Statutes/TITLE44/44-33/44-33-3.htm,"R.I. Gen. Laws 44-33-3, Definitions (Property Tax Relief) (same document as the work-order address; fetched https://webserver.rilegislature.gov/Statutes/TITLE44/44-33/44-33-3.htm)"
http://webserver.rilin.state.ri.us/Statutes/TITLE44/44-33/44-33-9.htm,us-ri,income_tax,FETCH,PRESENT,us-ri/statute/2026-10-06-w6-income-tax-statute-ri,us-ri/statute/44-33-9,https://webserver.rilegislature.gov/Statutes/TITLE44/44-33/44-33-9.htm,"R.I. Gen. Laws 44-33-9, Computation of credit (Property Tax Relief) (same document as the work-order address; fetched https://webserver.rilegislature.gov/Statutes/TITLE44/44-33/44-33-9.htm)"
http://webserver.rilin.state.ri.us/Statutes/title44/44-30/44-30-12.HTM,us-ri,income_tax,FETCH,ALREADY-HELD,us-ri/statute/2026-07-16-pit-west-us-ri-chapter-44-30,us-ri/statute/44-30-12,https://webserver.rilegislature.gov/Statutes/TITLE44/44-30/INDEX.htm,"section held in the chapter 44-30 scope (current text); the rilin.state.ri.us host redirects to the statutes index, Justia is a mirror"
https://tax.ri.gov/sites/g/files/xkgbur541/files/2021-11/2021-tax-rate-and-worksheets.pdf,us-ri,income_tax,FETCH,PRESENT,us-ri/form/2026-10-06-w6-income-tax-forms-ri,us-ri/form/tax/ty2021/tax-rate-schedule-and-worksheets,https://tax.ri.gov/sites/g/files/xkgbur541/files/2021-11/2021-tax-rate-and-worksheets.pdf,Rhode Island Tax Rate Schedule and Worksheets 2021
https://tax.ri.gov/sites/g/files/xkgbur541/files/2021-12/2021-1040r-instructions.pdf,us-ri,income_tax,FETCH,PRESENT,us-ri/form/2026-10-06-w6-income-tax-forms-ri,us-ri/form/tax/ty2021/ri-1040-instructions,https://tax.ri.gov/sites/g/files/xkgbur541/files/2021-12/2021-1040r-instructions.pdf,2021 Instructions for Filing RI-1040
https://tax.ri.gov/sites/g/files/xkgbur541/files/2022-01/2021-ri-1040h_w.pdf,us-ri,income_tax,FETCH,PRESENT,us-ri/form/2026-10-06-w6-income-tax-forms-ri,us-ri/form/tax/ty2021/ri-1040h,https://tax.ri.gov/sites/g/files/xkgbur541/files/2022-01/2021-ri-1040h_w.pdf,"2021 Form RI-1040H, Rhode Island Property Tax Relief Claim"
https://tax.ri.gov/sites/g/files/xkgbur541/files/2022-01/2021-ri-schedule-m_w.pdf,us-ri,income_tax,FETCH,PRESENT,us-ri/form/2026-10-06-w6-income-tax-forms-ri,us-ri/form/tax/ty2021/schedule-m,https://tax.ri.gov/sites/g/files/xkgbur541/files/2022-01/2021-ri-schedule-m_w.pdf,"2021 RI Schedule M, RI Modifications to Federal AGI"
https://tax.ri.gov/sites/g/files/xkgbur541/files/2022-01/2021-ri-tax-tables_web.pdf,us-ri,income_tax,FETCH,PRESENT,us-ri/form/2026-10-06-w6-income-tax-forms-ri,us-ri/form/tax/ty2021/tax-tables,https://tax.ri.gov/sites/g/files/xkgbur541/files/2022-01/2021-ri-tax-tables_web.pdf,Rhode Island Tax Rate Schedule and Tax Tables 2021
https://tax.ri.gov/sites/g/files/xkgbur541/files/2022-01/2021_1040we_w.pdf,us-ri,eitc income_tax,FETCH,PRESENT,us-ri/form/2026-10-06-w6-income-tax-forms-ri,us-ri/form/tax/ty2021/ri-1040,https://tax.ri.gov/sites/g/files/xkgbur541/files/2022-01/2021_1040we_w.pdf,"2021 Form RI-1040, Resident Individual Income Tax Return"
https://tax.ri.gov/sites/g/files/xkgbur541/files/2022-01/social-security-worksheet_b_0.pdf,us-ri,income_tax,FETCH,PRESENT,us-ri/form/2026-10-06-w6-income-tax-forms-ri,us-ri/form/tax/ty2021/taxable-social-security-income-worksheet,https://tax.ri.gov/sites/g/files/xkgbur541/files/2022-01/social-security-worksheet_b_0.pdf,2021 Modification Worksheet: Taxable Social Security Income Worksheet
https://tax.ri.gov/sites/g/files/xkgbur541/files/2022-08/H7123Aaa_CTR_0.pdf,us-ri,income_tax,FETCH,PRESENT,us-ri/statute/2026-10-06-w6-income-tax-statute-ri,us-ri/statute/bills/2022/h7123-sub-a-aa-child-tax-rebates,https://tax.ri.gov/sites/g/files/xkgbur541/files/2022-08/H7123Aaa_CTR_0.pdf,"2022 H 7123 Substitute A as amended: section adding R.I. Gen. Laws 44-30-103 (Child Tax Rebates), excerpt posted by the Division of Taxation"
https://tax.ri.gov/sites/g/files/xkgbur541/files/2022-10/2022%20RI%20Tax%20Tables_Complete.pdf,us-ri,income_tax,FETCH,PRESENT,us-ri/form/2026-10-06-w6-income-tax-forms-ri,us-ri/form/tax/ty2022/tax-tables,https://tax.ri.gov/sites/g/files/xkgbur541/files/2022-10/2022%20RI%20Tax%20Tables_Complete.pdf,Rhode Island Tax Rate Schedule and Tax Tables 2022
https://tax.ri.gov/sites/g/files/xkgbur541/files/2022-12/2022%201041%20Schedule%20M_w.pdf,us-ri,income_tax,FETCH,PRESENT,us-ri/form/2026-10-06-w6-income-tax-forms-ri,us-ri/form/tax/ty2022/ri-1041-schedule-m,https://tax.ri.gov/sites/g/files/xkgbur541/files/2022-12/2022%201041%20Schedule%20M_w.pdf,"2022 RI Schedule M for RI-1041, RI Modifications to Federal Total Income"
https://tax.ri.gov/sites/g/files/xkgbur541/files/2022-12/2022%20NR%20Instructions_v4_w.pdf,us-ri,income_tax,FETCH,PRESENT,us-ri/form/2026-10-06-w6-income-tax-forms-ri,us-ri/form/tax/ty2022/ri-1040nr-instructions,https://tax.ri.gov/sites/g/files/xkgbur541/files/2022-12/2022%20NR%20Instructions_v4_w.pdf,2022 Instructions for Filing RI-1040NR (nonresidents and part-year residents)
https://tax.ri.gov/sites/g/files/xkgbur541/files/2022-12/2022%20RI%20Schedule%20M_w.pdf,us-ri,income_tax,FETCH,PRESENT,us-ri/form/2026-10-06-w6-income-tax-forms-ri,us-ri/form/tax/ty2022/schedule-m,https://tax.ri.gov/sites/g/files/xkgbur541/files/2022-12/2022%20RI%20Schedule%20M_w.pdf,"2022 RI Schedule M, RI Modifications to Federal AGI"
https://tax.ri.gov/sites/g/files/xkgbur541/files/2022-12/2022%20RI-1040H_v2_w.pdf,us-ri,income_tax,FETCH,PRESENT,us-ri/form/2026-10-06-w6-income-tax-forms-ri,us-ri/form/tax/ty2022/ri-1040h,https://tax.ri.gov/sites/g/files/xkgbur541/files/2022-12/2022%20RI-1040H_v2_w.pdf,"2022 Form RI-1040H, Rhode Island Property Tax Relief Claim"
https://tax.ri.gov/sites/g/files/xkgbur541/files/2022-12/2022%20Tax%20Rate%20and%20Worksheets.pdf,us-ri,income_tax,FETCH,PRESENT,us-ri/form/2026-10-06-w6-income-tax-forms-ri,us-ri/form/tax/ty2022/tax-rate-schedule-and-worksheets,https://tax.ri.gov/sites/g/files/xkgbur541/files/2022-12/2022%20Tax%20Rate%20and%20Worksheets.pdf,Rhode Island Tax Rate Schedule and Worksheets 2022
https://tax.ri.gov/sites/g/files/xkgbur541/files/2022-12/2022_1040WE_w_0.pdf,us-ri,eitc income_tax,FETCH,PRESENT,us-ri/form/2026-10-06-w6-income-tax-forms-ri,us-ri/form/tax/ty2022/ri-1040,https://tax.ri.gov/sites/g/files/xkgbur541/files/2022-12/2022_1040WE_w_0.pdf,"2022 Form RI-1040, Resident Individual Income Tax Return"
https://tax.ri.gov/sites/g/files/xkgbur541/files/2022-12/ADV_2022_40_Inflation_Adjustments.pdf,us-ri,income_tax,FETCH,PRESENT,us-ri/guidance/2026-10-06-w6-income-tax-guidance-ri,us-ri/guidance/tax/adv-2022-40,https://tax.ri.gov/sites/g/files/xkgbur541/files/2022-12/ADV_2022_40_Inflation_Adjustments.pdf,"ADV 2022-40, Advisory for Taxpayers and Tax Professionals: inflation-adjusted amounts set for tax year 2023 (December 27, 2022)"
https://tax.ri.gov/sites/g/files/xkgbur541/files/2022-12/Social%20Security%20Worksheet_w.pdf,us-ri,income_tax,FETCH,PRESENT,us-ri/form/2026-10-06-w6-income-tax-forms-ri,us-ri/form/tax/ty2022/taxable-social-security-income-worksheet,https://tax.ri.gov/sites/g/files/xkgbur541/files/2022-12/Social%20Security%20Worksheet_w.pdf,2022 Modification Worksheet: Taxable Social Security Income Worksheet
https://tax.ri.gov/sites/g/files/xkgbur541/files/2023-02/RI-MA%20NATP%20Jan%205%202023-CA.pdf,us-ri,eitc income_tax,FETCH,PRESENT,us-ri/guidance/2026-10-06-w6-income-tax-guidance-ri,us-ri/guidance/tax/natp-presentation-2023-01-05,https://tax.ri.gov/sites/g/files/xkgbur541/files/2023-02/RI-MA%20NATP%20Jan%205%202023-CA.pdf,"Rhode Island Division of Taxation presentation to the RI/MA Chapter of NATP (January 5, 2023)"
https://tax.ri.gov/sites/g/files/xkgbur541/files/2023-11/2023%20Tax%20Rate%20and%20Worksheets_d.pdf,us-ri,income_tax,FETCH,PRESENT,us-ri/form/2026-10-06-w6-income-tax-forms-ri,us-ri/form/tax/ty2023/tax-rate-schedule-and-worksheets-2023-11,https://tax.ri.gov/sites/g/files/xkgbur541/files/2023-11/2023%20Tax%20Rate%20and%20Worksheets_d.pdf,Rhode Island Tax Rate Schedule and Worksheets 2023 (posted November 2023)
https://tax.ri.gov/sites/g/files/xkgbur541/files/2023-12/2023%201040H_w.pdf,us-ri,income_tax,FETCH,PRESENT,us-ri/form/2026-10-06-w6-income-tax-forms-ri,us-ri/form/tax/ty2023/ri-1040h,https://tax.ri.gov/sites/g/files/xkgbur541/files/2023-12/2023%201040H_w.pdf,"2023 Form RI-1040H, Rhode Island Property Tax Relief Claim"
https://tax.ri.gov/sites/g/files/xkgbur541/files/2023-12/2023%201040R%20Instructions.pdf,us-ri,income_tax,FETCH,PRESENT,us-ri/form/2026-10-06-w6-income-tax-forms-ri,us-ri/form/tax/ty2023/ri-1040-instructions,https://tax.ri.gov/sites/g/files/xkgbur541/files/2023-12/2023%201040R%20Instructions.pdf,2023 Instructions for Filing RI-1040
https://tax.ri.gov/sites/g/files/xkgbur541/files/2023-12/2023%20Tax%20Rate%20and%20Worksheets.pdf,us-ri,income_tax,FETCH,PRESENT,us-ri/form/2026-10-06-w6-income-tax-forms-ri,us-ri/form/tax/ty2023/tax-rate-schedule-and-worksheets,https://tax.ri.gov/sites/g/files/xkgbur541/files/2023-12/2023%20Tax%20Rate%20and%20Worksheets.pdf,Rhode Island Tax Rate Schedule and Worksheets 2023 (posted December 2023)
https://tax.ri.gov/sites/g/files/xkgbur541/files/2023-12/Social%20Security%20Worksheet_w.pdf,us-ri,income_tax,FETCH,PRESENT,us-ri/form/2026-10-06-w6-income-tax-forms-ri,us-ri/form/tax/ty2023/taxable-social-security-income-worksheet,https://tax.ri.gov/sites/g/files/xkgbur541/files/2023-12/Social%20Security%20Worksheet_w.pdf,2023 Modification Worksheet: Taxable Social Security Income Worksheet
https://tax.ri.gov/sites/g/files/xkgbur541/files/2024-09/Social%20Security%20Worksheet_bd.pdf,us-ri,income_tax,FETCH,PRESENT,us-ri/form/2026-10-06-w6-income-tax-forms-ri,us-ri/form/tax/ty2024/taxable-social-security-income-worksheet,https://tax.ri.gov/sites/g/files/xkgbur541/files/2024-09/Social%20Security%20Worksheet_bd.pdf,2024 Modification Worksheet: Taxable Social Security Income Worksheet
https://tax.ri.gov/sites/g/files/xkgbur541/files/2024-12/2024%201040H_w.pdf,us-ri,income_tax,FETCH,PRESENT,us-ri/form/2026-10-06-w6-income-tax-forms-ri,us-ri/form/tax/ty2024/ri-1040h,https://tax.ri.gov/sites/g/files/xkgbur541/files/2024-12/2024%201040H_w.pdf,"2024 Form RI-1040H, Rhode Island Property Tax Relief Claim"
https://tax.ri.gov/sites/g/files/xkgbur541/files/2024-12/2024%201040R%20Instructions%20-%20updated%2012092024.pdf,us-ri,income_tax,FETCH,PRESENT,us-ri/form/2026-10-06-w6-income-tax-forms-ri,us-ri/form/tax/ty2024/ri-1040-instructions,https://tax.ri.gov/sites/g/files/xkgbur541/files/2024-12/2024%201040R%20Instructions%20-%20updated%2012092024.pdf,2024 Instructions for Filing RI-1040 (updated 12/09/2024)
https://tax.ri.gov/sites/g/files/xkgbur541/files/2024-12/2024%20Tax%20Rate%20and%20Worksheets.pdf,us-ri,income_tax,FETCH,PRESENT,us-ri/form/2026-10-06-w6-income-tax-forms-ri,us-ri/form/tax/ty2024/tax-rate-schedule-and-worksheets,https://tax.ri.gov/sites/g/files/xkgbur541/files/2024-12/2024%20Tax%20Rate%20and%20Worksheets.pdf,Rhode Island Tax Rate Schedule and Worksheets 2024
https://tax.ri.gov/sites/g/files/xkgbur541/files/2024-12/2024_1040WE_w.pdf,us-ri,eitc income_tax,FETCH,PRESENT,us-ri/form/2026-10-06-w6-income-tax-forms-ri,us-ri/form/tax/ty2024/ri-1040,https://tax.ri.gov/sites/g/files/xkgbur541/files/2024-12/2024_1040WE_w.pdf,"2024 Form RI-1040, Resident Individual Income Tax Return"
https://tax.ri.gov/sites/g/files/xkgbur541/files/2025-10/2025%20Tax%20Rate%20and%20Worksheets_d.pdf,us-ri,income_tax,FETCH,PRESENT,us-ri/form/2026-10-06-w6-income-tax-forms-ri,us-ri/form/tax/ty2025/tax-rate-schedule-and-worksheets-2025-10,https://tax.ri.gov/sites/g/files/xkgbur541/files/2025-10/2025%20Tax%20Rate%20and%20Worksheets_d.pdf,Rhode Island Tax Rate Schedule and Worksheets 2025 (posted October 2025)
https://tax.ri.gov/sites/g/files/xkgbur541/files/2026-01/2025%201040H_w.pdf,us-ri,income_tax,FETCH,PRESENT,us-ri/form/2026-10-06-w6-income-tax-forms-ri,us-ri/form/tax/ty2025/ri-1040h,https://tax.ri.gov/sites/g/files/xkgbur541/files/2026-01/2025%201040H_w.pdf,"2025 Form RI-1040H, Rhode Island Property Tax Relief Claim"
https://tax.ri.gov/sites/g/files/xkgbur541/files/2026-01/2025%20RI%20Schedule%20M_w.pdf,us-ri,income_tax,FETCH,PRESENT,us-ri/form/2026-10-06-w6-income-tax-forms-ri,us-ri/form/tax/ty2025/schedule-m,https://tax.ri.gov/sites/g/files/xkgbur541/files/2026-01/2025%20RI%20Schedule%20M_w.pdf,"2025 RI Schedule M, RI Modifications to Federal AGI"
https://tax.ri.gov/sites/g/files/xkgbur541/files/2026-01/Social%20Security%20Worksheet_b.pdf,us-ri,income_tax,FETCH,PRESENT,us-ri/form/2026-10-06-w6-income-tax-forms-ri,us-ri/form/tax/ty2025/taxable-social-security-income-worksheet,https://tax.ri.gov/sites/g/files/xkgbur541/files/2026-01/Social%20Security%20Worksheet_b.pdf,2025 Modification Worksheet: Taxable Social Security Income Worksheet
https://tax.ri.gov/sites/g/files/xkgbur541/files/forms/2014/Income/2014-1040_h.pdf,us-ri,eitc income_tax,FETCH,PRESENT,us-ri/form/2026-10-06-w6-income-tax-forms-ri,us-ri/form/tax/ty2014/ri-1040,https://tax.ri.gov/sites/g/files/xkgbur541/files/forms/2014/Income/2014-1040_h.pdf,"2014 Form RI-1040, Resident Individual Income Tax Return"
https://tax.ri.gov/sites/g/files/xkgbur541/files/forms/2015/Income/2015-1040_hhh.pdf,us-ri,eitc income_tax,FETCH,PRESENT,us-ri/form/2026-10-06-w6-income-tax-forms-ri,us-ri/form/tax/ty2015/ri-1040,https://tax.ri.gov/sites/g/files/xkgbur541/files/forms/2015/Income/2015-1040_hhh.pdf,"2015 Form RI-1040, Resident Individual Income Tax Return"
https://tax.ri.gov/sites/g/files/xkgbur541/files/forms/2020/Income/2020-RI-1040H_w.pdf,us-ri,income_tax,FETCH,PRESENT,us-ri/form/2026-10-06-w6-income-tax-forms-ri,us-ri/form/tax/ty2020/ri-1040h,https://tax.ri.gov/sites/g/files/xkgbur541/files/forms/2020/Income/2020-RI-1040H_w.pdf,"2020 Form RI-1040H, Rhode Island Property Tax Relief Claim"
https://tax.ri.gov/sites/g/files/xkgbur541/files/notice/Pub_2021_02_pension_income_guide_04_06_21.pdf,us-ri,income_tax,FETCH,PRESENT,us-ri/guidance/2026-10-06-w6-income-tax-guidance-ri,us-ri/guidance/tax/pub-2021-02-pension-income-guide,https://tax.ri.gov/sites/g/files/xkgbur541/files/notice/Pub_2021_02_pension_income_guide_04_06_21.pdf,"Publication 2021-02, Rhode Island Personal Income Tax Guide: Modification for Income from Pensions, 401(k) Plans, Annuities and Similar Sources"
https://webserver.rilegislature.gov/BillText/BillText26/HouseText26/H7127Aaa.html,us-ri,ctc income_tax,FETCH,PRESENT,us-ri/statute/2026-10-06-w6-income-tax-statute-ri,us-ri/statute/bills/2026/h7127-sub-a-aa,https://webserver.rilegislature.gov/BillText/BillText26/HouseText26/H7127Aaa.html,2026 H 7127 Substitute A as amended (FY2027 appropriations act)
https://webserver.rilegislature.gov/Statutes/TITLE44/44-30/44-I/44-30-2.6.htm,us-ri,eitc income_tax,FETCH,ALREADY-HELD,us-ri/statute/2026-07-16-pit-west-us-ri-chapter-44-30,us-ri/statute/44-30-2.6,https://webserver.rilegislature.gov/Statutes/TITLE44/44-30/INDEX.htm,"section held in the chapter 44-30 scope (current text); the rilin.state.ri.us host redirects to the statutes index, Justia is a mirror"
https://webserver.rilegislature.gov/Statutes/TITLE44/44-30/44-II/44-30-12.htm,us-ri,income_tax,FETCH,ALREADY-HELD,us-ri/statute/2026-07-16-pit-west-us-ri-chapter-44-30,us-ri/statute/44-30-12,https://webserver.rilegislature.gov/Statutes/TITLE44/44-30/INDEX.htm,"section held in the chapter 44-30 scope (current text); the rilin.state.ri.us host redirects to the statutes index, Justia is a mirror"
https://webserver.rilegislature.gov/Statutes/TITLE44/44-33/44-33-9.htm,us-ri,income_tax,FETCH,PRESENT,us-ri/statute/2026-10-06-w6-income-tax-statute-ri,us-ri/statute/44-33-9,https://webserver.rilegislature.gov/Statutes/TITLE44/44-33/44-33-9.htm,"R.I. Gen. Laws 44-33-9, Computation of credit (Property Tax Relief)"
https://www.rilegislature.gov/pressrelease/_layouts/15/ril.pressrelease.inputform/DisplayForm.aspx?List=c8baae31-3c10-431c-8dcd-9dbbe21ce3e9&ID=376675,us-ri,income_tax,FETCH,PRESENT,us-ri/guidance/2026-10-06-w6-income-tax-guidance-ri,us-ri/guidance/general-assembly/press-release-376675,https://www.rilegislature.gov/pressrelease/_layouts/15/ril.pressrelease.inputform/DisplayForm.aspx?List=c8baae31-3c10-431c-8dcd-9dbbe21ce3e9&ID=376675,"Sen. Vargas lauds child tax credit in state budget bill (General Assembly press release 376675, June 10, 2026)"
https://www.rilegislature.gov/sfiscal/Budget%20Analyses/FY2027%20SFO%20Budget%20as%20passed%20by%20House%20Finance.pdf,us-ri,income_tax,FETCH,PRESENT,us-ri/guidance/2026-10-06-w6-income-tax-guidance-ri,us-ri/guidance/senate-fiscal-office/fy2027-budget-as-passed-by-house-finance,https://www.rilegislature.gov/sfiscal/Budget%20Analyses/FY2027%20SFO%20Budget%20as%20passed%20by%20House%20Finance.pdf,"Senate Fiscal Office Report: FY2027 Budget, Changes to the Governor (2026-H-7127 Substitute A, as passed by House Finance)"
https://law.justia.com/codes/rhode-island/2022/title-44/chapter-44-30/part-i/section-44-30-2-6/,us-ri,income_tax,OFFICIAL-SOURCE,ALREADY-HELD,us-ri/statute/2026-07-16-pit-west-us-ri-chapter-44-30,us-ri/statute/44-30-2.6,https://webserver.rilegislature.gov/Statutes/TITLE44/44-30/INDEX.htm,"section held in the chapter 44-30 scope (current text); the rilin.state.ri.us host redirects to the statutes index, Justia is a mirror"
https://law.justia.com/codes/rhode-island/2022/title-44/chapter-44-33/section-44-33-3/,us-ri,income_tax,OFFICIAL-SOURCE,PRESENT,us-ri/statute/2026-10-06-w6-income-tax-statute-ri,us-ri/statute/44-33-3,https://webserver.rilegislature.gov/Statutes/TITLE44/44-33/44-33-3.htm,"R.I. Gen. Laws 44-33-3, Definitions (Property Tax Relief) (same document as the work-order address; fetched https://webserver.rilegislature.gov/Statutes/TITLE44/44-33/44-33-3.htm)"
https://law.justia.com/codes/rhode-island/title-44/chapter-44-30/part-i/section-44-30-2-6/,us-ri,income_tax,OFFICIAL-SOURCE,ALREADY-HELD,us-ri/statute/2026-07-16-pit-west-us-ri-chapter-44-30,us-ri/statute/44-30-2.6,https://webserver.rilegislature.gov/Statutes/TITLE44/44-30/INDEX.htm,"section held in the chapter 44-30 scope (current text); the rilin.state.ri.us host redirects to the statutes index, Justia is a mirror"
https://www.taxformfinder.org/rhodeisland/form-1040h,us-ri,income_tax,OFFICIAL-SOURCE,PRESENT,us-ri/form/2026-10-06-w6-income-tax-forms-ri,us-ri/form/tax/ty2025/ri-1040h,https://tax.ri.gov/sites/g/files/xkgbur541/files/2026-01/2025%201040H_w.pdf,"2025 Form RI-1040H, Rhode Island Property Tax Relief Claim (third-party form site; its RI-1040H page shows the current edition, taken here as the official 2025 Form RI-1040H)"
https://governor.ri.gov/press-releases/governor-mckee-signs-fiscal-year-2027-budget-advancing-key-affordability-all,us-ri,income_tax,BLOCKED-CHECK,PRESENT,us-ri/guidance/2026-10-06-w6-income-tax-guidance-ri,us-ri/guidance/governor/press-release-fy2027-budget-signed,https://governor.ri.gov/press-releases/governor-mckee-signs-fiscal-year-2027-budget-advancing-key-affordability-all,"Governor McKee Signs Fiscal Year 2027 Budget, Advancing Key Affordability for All (press release)"
https://tax.ri.gov/media/18021/download?language=en,us-ri,income_tax,BLOCKED-CHECK,PRESENT,us-ri/guidance/2026-10-06-w6-income-tax-guidance-ri,us-ri/guidance/tax/adv-2021-53,https://tax.ri.gov/media/18021/download?language=en,"ADV 2021-53, Advisory for Taxpayers and Tax Professionals: inflation-adjusted amounts set for tax year 2022 (December 23, 2021)"
us-sc/form/individual_income_tax_forms/dor.sc.gov/forms-site/forms/sc1040_2020,us-sc,income_tax,EXTRACT-MANIFEST,PRESENT,us-sc/form/2026-10-06-w6-income-tax-forms-sc,us-sc/form/individual-income-tax-forms/dor.sc.gov/forms-site/forms/sc1040-2020,https://dor.sc.gov/forms-site/Forms/SC1040_2020.pdf,2020 SC1040 Individual Income Tax Return (Rev. 10/14/20) (same document as the work-order address; fetched https://dor.sc.gov/forms-site/Forms/SC1040_2020.pdf)
us-sc/form/individual_income_tax_forms/dor.sc.gov/forms-site/forms/sc1040_2021,us-sc,income_tax,EXTRACT-MANIFEST,PRESENT,us-sc/form/2026-10-06-w6-income-tax-forms-sc,us-sc/form/individual-income-tax-forms/dor.sc.gov/forms-site/forms/sc1040-2021,https://dor.sc.gov/forms-site/Forms/SC1040_2021.pdf,2021 SC1040 Individual Income Tax Return (Rev. 8/11/21) (same document as the work-order address; fetched https://dor.sc.gov/forms-site/Forms/SC1040_2021.pdf)
us-sc/form/individual_income_tax_forms/dor.sc.gov/forms-site/forms/sc1040_2022,us-sc,income_tax,EXTRACT-MANIFEST,PRESENT,us-sc/form/2026-10-06-w6-income-tax-forms-sc,us-sc/form/individual-income-tax-forms/dor.sc.gov/forms-site/forms/sc1040-2022,https://dor.sc.gov/forms-site/Forms/SC1040_2022.pdf,2022 SC1040 Individual Income Tax Return (Rev. 4/29/22) (same document as the work-order address; fetched https://dor.sc.gov/forms-site/Forms/SC1040_2022.pdf)
us-sc/form/individual_income_tax_forms/dor.sc.gov/forms-site/forms/sc1040inst_2022,us-sc,income_tax,EXTRACT-MANIFEST,PRESENT,us-sc/form/2026-10-06-w6-income-tax-forms-sc,us-sc/form/individual-income-tax-forms/dor.sc.gov/forms-site/forms/sc1040inst-2022,https://dor.sc.gov/forms-site/Forms/SC1040inst_2022.pdf,SC1040 Instructions 2022 (Rev 10/13/2022) (same document as the work-order address; fetched https://dor.sc.gov/forms-site/Forms/SC1040inst_2022.pdf)
us-sc/form/individual_income_tax_forms/dor.sc.gov/forms-site/forms/sc1040instr_2024,us-sc,income_tax,EXTRACT-MANIFEST,PRESENT,us-sc/form/2026-10-06-w6-income-tax-forms-sc,us-sc/form/individual-income-tax-forms/dor.sc.gov/forms-site/forms/sc1040instr-2024,https://dor.sc.gov/forms-site/Forms/SC1040Instr_2024.pdf,SC1040 2024 Individual Income Tax Instructions (September 2024) (same document as the work-order address; fetched https://dor.sc.gov/forms-site/Forms/SC1040Instr_2024.pdf)
us-sc/form/individual_income_tax_forms/dor.sc.gov/forms-site/forms/sc1040tt_2021,us-sc,income_tax,EXTRACT-MANIFEST,PRESENT,us-sc/form/2026-10-06-w6-income-tax-forms-sc,us-sc/form/individual-income-tax-forms/dor.sc.gov/forms-site/forms/sc1040tt-2021,https://dor.sc.gov/forms-site/Forms/SC1040TT_2021.pdf,2021 South Carolina Individual Income Tax Tables (Revised 3/23/21) (same document as the work-order address; fetched https://dor.sc.gov/forms-site/Forms/SC1040TT_2021.pdf)
us-sc/form/individual_income_tax_forms/dor.sc.gov/forms-site/forms/sc1040tt_2022,us-sc,income_tax,EXTRACT-MANIFEST,PRESENT,us-sc/form/2026-10-06-w6-income-tax-forms-sc,us-sc/form/individual-income-tax-forms/dor.sc.gov/forms-site/forms/sc1040tt-2022,https://dor.sc.gov/forms-site/Forms/SC1040TT_2022.pdf,2022 South Carolina Individual Income Tax Tables (Revised 10/4/22) (same document as the work-order address; fetched https://dor.sc.gov/forms-site/Forms/SC1040TT_2022.pdf)
us-sc/form/individual_income_tax_forms/dor.sc.gov/forms-site/forms/sc1040tt_2024,us-sc,income_tax,EXTRACT-MANIFEST,PRESENT,us-sc/form/2026-10-06-w6-income-tax-forms-sc,us-sc/form/individual-income-tax-forms/dor.sc.gov/forms-site/forms/sc1040tt-2024,https://dor.sc.gov/forms-site/Forms/SC1040TT_2024.pdf,2024 South Carolina Individual Income Tax Tables (Revised 7/11/24) (same document as the work-order address; fetched https://dor.sc.gov/forms-site/Forms/SC1040TT_2024.pdf)
us-sc/form/individual_income_tax_forms/dor.sc.gov/sites/dor/files/forms/sc1040_2025,us-sc,income_tax,EXTRACT-MANIFEST,ALREADY-HELD,us-sc/form/2026-09-15-income-tax-forms-ty2025,us-sc/form/dor/ty2025/sc1040,https://dor.sc.gov/sites/dor/files/forms/SC1040_2025.pdf,wave-5 TY2025 forms scope; sha256-identical
us-sc/form/individual_income_tax_forms/dor.sc.gov/sites/dor/files/forms/sc1040instr_2025,us-sc,eitc income_tax,EXTRACT-MANIFEST,ALREADY-HELD,us-sc/form/2026-09-15-income-tax-forms-ty2025,us-sc/form/dor/ty2025/sc1040-instructions,https://dor.sc.gov/sites/dor/files/forms/SC1040Instr_2025.pdf,wave-5 TY2025 forms scope; sha256-identical
https://dor.sc.gov/forms-site/Forms/I319_2021.pdf,us-sc,income_tax,FETCH,PRESENT,us-sc/form/2026-10-06-w6-income-tax-forms-sc,us-sc/form/dor/ty2021/i-319,https://dor.sc.gov/forms-site/Forms/I319_2021.pdf,I-319 2021 Tuition Tax Credit (Rev. 3/1/21)
https://dor.sc.gov/forms-site/Forms/IITPacket_2020.pdf,us-sc,income_tax,FETCH,PRESENT,us-sc/form/2026-10-06-w6-income-tax-forms-sc,us-sc/form/dor/ty2020/sc1040-packet,https://dor.sc.gov/forms-site/Forms/IITPacket_2020.pdf,2020 SC1040 Individual Income Tax Form and Instructions (packet)
https://dor.sc.gov/forms-site/Forms/IITPacket_2021.pdf,us-sc,income_tax,FETCH,PRESENT,us-sc/form/2026-10-06-w6-income-tax-forms-sc,us-sc/form/dor/ty2021/sc1040-packet,https://dor.sc.gov/forms-site/Forms/IITPacket_2021.pdf,2021 SC1040 Individual Income Tax Form and Instructions (packet)
https://dor.sc.gov/forms-site/Forms/IITPacket_2022.pdf,us-sc,income_tax,FETCH,PRESENT,us-sc/form/2026-10-06-w6-income-tax-forms-sc,us-sc/form/dor/ty2022/sc1040-packet,https://dor.sc.gov/forms-site/Forms/IITPacket_2022.pdf,2022 SC1040 Individual Income Tax Form and Instructions (packet)
https://dor.sc.gov/forms-site/Forms/IITPacket_2023.pdf,us-sc,income_tax,FETCH,PRESENT,us-sc/form/2026-10-06-w6-income-tax-forms-sc,us-sc/form/dor/ty2023/sc1040-packet,https://dor.sc.gov/forms-site/Forms/IITPacket_2023.pdf,2023 SC1040 Individual Income Tax Form and Instructions (packet)
https://dor.sc.gov/forms-site/Forms/TC60_2023.pdf,us-sc,eitc income_tax,FETCH,PRESENT,us-sc/form/2026-10-06-w6-income-tax-forms-sc,us-sc/form/dor/ty2023/sc-schedule-tc-60,https://dor.sc.gov/forms-site/Forms/TC60_2023.pdf,"SC Schedule TC-60, South Carolina Earned Income Tax Credit (Rev. 5/8/23)"
https://dor.sc.gov/income-tax-south-carolina-internal-revenue-code-conformity-update,us-sc,income_tax,FETCH,PRESENT,us-sc/guidance/2026-10-06-w6-income-tax-guidance-sc,us-sc/guidance/dor/income-tax-irc-conformity-update,https://dor.sc.gov/income-tax-south-carolina-internal-revenue-code-conformity-update,"SC Information Letter #26-4 (Revised), South Carolina Internal Revenue Code Conformity Update (Individual Income Tax), January 30, 2026"
https://dor.sc.gov/sites/dor/files/forms/SC4972_2024.pdf,us-sc,income_tax,FETCH,PRESENT,us-sc/form/2026-10-06-w6-income-tax-forms-sc,us-sc/form/dor/ty2024/sc4972,https://dor.sc.gov/sites/dor/files/forms/SC4972_2024.pdf,"SC4972, Tax on Lump-Sum Distributions (Rev. 7/11/24)"
https://dor.sc.gov/sites/dor/files/forms/TC60_2021.pdf,us-sc,eitc income_tax,FETCH,PRESENT,us-sc/form/2026-10-06-w6-income-tax-forms-sc,us-sc/form/dor/ty2021/sc-schedule-tc-60,https://dor.sc.gov/sites/dor/files/forms/TC60_2021.pdf,"SC Schedule TC-60, South Carolina Earned Income Tax Credit 2021"
https://dor.sc.gov/sites/dor/files/forms/TC60_2022.pdf,us-sc,eitc income_tax,FETCH,PRESENT,us-sc/form/2026-10-06-w6-income-tax-forms-sc,us-sc/form/dor/ty2022/sc-schedule-tc-60,https://dor.sc.gov/sites/dor/files/forms/TC60_2022.pdf,"SC Schedule TC-60, South Carolina Earned Income Tax Credit 2022 (Rev. 3/21/22)"
https://treasurer.sc.gov/about-us/newsroom/529-updates-in-one-big-beautiful-bill-give-south-carolina-families-even-more-flexibility-for-educational-savings/,us-sc,income_tax,FETCH,PRESENT,us-sc/guidance/2026-10-06-w6-income-tax-guidance-sc,us-sc/guidance/treasurer/529-updates-one-big-beautiful-bill,https://treasurer.sc.gov/about-us/newsroom/529-updates-in-one-big-beautiful-bill-give-south-carolina-families-even-more-flexibility-for-educational-savings/,"529 updates in 'One Big, Beautiful Bill' give South Carolina families even more flexibility for educational savings (State Treasurer news release)"
https://www.scstatehouse.gov/code/t12c006.php,us-sc,eitc income_tax,FETCH,ALREADY-HELD,us-sc/statute/2026-07-24-sc-act110-us-sc-title-12-chapter-6,us-sc/statute/title-12/chapter-6,https://www.scstatehouse.gov/code/t12c006.php,S.C. Code Title 12 Chapter 6 held whole
https://www.scstatehouse.gov/code/t59c002.php,us-sc,income_tax,FETCH,PRESENT,us-sc/statute/2026-10-06-w6-income-tax-statute-sc-us-sc-title-59-chapter-2,us-sc/statute/title-59/chapter-2,https://www.scstatehouse.gov/code/t59c002.php,S.C. Code Title 59 Chapter 2 (Tuition prepayment and college savings; 529 deduction) from the official Code of Laws HTML.
https://www.scstatehouse.gov/sess124_2021-2022/bills/1087.htm,us-sc,income_tax,FETCH,PRESENT,us-sc/statute/2026-10-06-w6-income-tax-statute-sc,us-sc/statute/bills/2021-2022/1087,https://www.scstatehouse.gov/sess124_2021-2022/bills/1087.htm,2021-2022 Bill 1087: Comprehensive tax cut act of 2022 (South Carolina General Assembly)
https://www.scstatehouse.gov/sess126_2025-2026/bills/4216.htm,us-sc,eitc income_tax,FETCH,PRESENT,us-sc/statute/2026-10-06-w6-income-tax-statute-sc,us-sc/statute/bills/2025-2026/4216,https://www.scstatehouse.gov/sess126_2025-2026/bills/4216.htm,2025-2026 Bill 4216: Income tax (South Carolina General Assembly)
https://dor.sc.gov/forms-site/Forms/SC1040ES_2023.pdf,us-sc,income_tax,DEAD-LINK,ABSENT,,,https://dor.sc.gov/sites/dor/files/forms/SC1040ES_2023.pdf,404 at the forms-site address and at the sites/dor/files/forms address the publisher now uses for its other forms (2026-10-06); the 2026 SC1040ES is held in us-sc/form/2026-09-14-ty2026-indexed-amounts
https://dor.sc.gov/rebate-2022,us-sc,income_tax,DEAD-LINK,ABSENT,,,https://dor.sc.gov/rebate-2022,"404 (2026-10-06), and dor.sc.gov/rebate 404; the 2022 rebate page is no longer published; the law is the 2022 bill 1087 taken in us-sc/statute"
https://www.sidley.com/en/insights/newsupdates/2024/12/us-district-court-vacates-dol-final-rule-on-flsa-overtime-exemptions,us-tx,income_tax,CHECK-PUBLISHER,OUT-OF-SCOPE,,,https://www.sidley.com/en/insights/newsupdates/2024/12/us-district-court-vacates-dol-final-rule-on-flsa-overtime-exemptions,law-firm news update (third-party analysis) on a federal court ruling about the DOL overtime rule; not a Texas tax source
https://files.tax.utah.gov/tax/forms/2021/tc-40.pdf,us-ut,income_tax,FETCH,PRESENT,us-ut/form/2026-10-06-w6-income-tax-forms-ut,us-ut/form/ustc/ty2021/tc-40,https://files.tax.utah.gov/tax/forms/2021/tc-40.pdf,"2021 TC-40, Utah Individual Income Tax Return"
https://files.tax.utah.gov/tax/forms/2021/tc-40inst.pdf,us-ut,income_tax,FETCH,PRESENT,us-ut/form/2026-10-06-w6-income-tax-forms-ut,us-ut/form/ustc/ty2021/tc-40-instructions,https://files.tax.utah.gov/tax/forms/2021/tc-40inst.pdf,2021 TC-40 Utah Individual Income Tax Forms and Instructions
https://files.tax.utah.gov/tax/forms/2022/tc-40inst.pdf,us-ut,eitc income_tax,FETCH,PRESENT,us-ut/form/2026-10-06-w6-income-tax-forms-ut,us-ut/form/ustc/ty2022/tc-40-instructions,https://files.tax.utah.gov/tax/forms/2022/tc-40inst.pdf,2022 TC-40 Utah Individual Income Tax Forms and Instructions
https://files.tax.utah.gov/tax/forms/2023/tc-40inst.pdf,us-ut,eitc income_tax,FETCH,PRESENT,us-ut/form/2026-10-06-w6-income-tax-forms-ut,us-ut/form/ustc/ty2023/tc-40-instructions,https://files.tax.utah.gov/tax/forms/2023/tc-40inst.pdf,2023 TC-40 Utah Individual Income Tax Forms and Instructions
https://files.tax.utah.gov/tax/forms/2024/tc-40inst.pdf,us-ut,ctc income_tax,FETCH,PRESENT,us-ut/form/2026-10-06-w6-income-tax-forms-ut,us-ut/form/ustc/ty2024/tc-40-instructions,https://files.tax.utah.gov/tax/forms/2024/tc-40inst.pdf,2024 TC-40 Utah Individual Income Tax Forms and Instructions
https://files.tax.utah.gov/tax/forms/2025/tc-40inst.pdf,us-ut,ctc eitc income_tax,FETCH,ALREADY-HELD,us-ut/form/2026-09-10-tax-state-forms-ty2025,us-ut/form/ustc/ty2025/tc-40-instructions,https://files.tax.utah.gov/tax/forms/2025/tc-40inst.pdf,sha256-identical to the held TY2025 instructions
https://incometax.utah.gov/credits,us-ut,income_tax,FETCH,PRESENT,us-ut/guidance/2026-10-06-w6-income-tax-guidance-ut,us-ut/guidance/ustc/information-about-tax-credits,https://incometax.utah.gov/credits,"Information About Tax Credits (Utah Income Tax, 2025)"
https://incometax.utah.gov/credits/at-home-parent,us-ut,income_tax,FETCH,PRESENT,us-ut/guidance/2026-10-06-w6-income-tax-guidance-ut,us-ut/guidance/ustc/tc-40a-supplemental-schedule-instructions,https://incometax.utah.gov/tc-40a/,"TC-40A Supplemental Schedule Instructions (Utah Income Tax, 2025) (same document as the work-order address; fetched https://incometax.utah.gov/tc-40a/)"
https://incometax.utah.gov/credits/military-retirement,us-ut,income_tax,FETCH,PRESENT,us-ut/guidance/2026-10-06-w6-income-tax-guidance-ut,us-ut/guidance/ustc/tc-40a-supplemental-schedule-instructions,https://incometax.utah.gov/tc-40a/,"TC-40A Supplemental Schedule Instructions (Utah Income Tax, 2025) (same document as the work-order address; fetched https://incometax.utah.gov/tc-40a/)"
https://incometax.utah.gov/credits/my529,us-ut,income_tax,FETCH,PRESENT,us-ut/guidance/2026-10-06-w6-income-tax-guidance-ut,us-ut/guidance/ustc/tc-40a-supplemental-schedule-instructions,https://incometax.utah.gov/tc-40a/,"TC-40A Supplemental Schedule Instructions (Utah Income Tax, 2025) (same document as the work-order address; fetched https://incometax.utah.gov/tc-40a/)"
https://incometax.utah.gov/credits/retirement-credit,us-ut,income_tax,FETCH,PRESENT,us-ut/guidance/2026-10-06-w6-income-tax-guidance-ut,us-ut/guidance/ustc/tc-40a-supplemental-schedule-instructions,https://incometax.utah.gov/tc-40a/,"TC-40A Supplemental Schedule Instructions (Utah Income Tax, 2025) (same document as the work-order address; fetched https://incometax.utah.gov/tc-40a/)"
https://incometax.utah.gov/credits/ss-benefits,us-ut,income_tax,FETCH,PRESENT,us-ut/guidance/2026-10-06-w6-income-tax-guidance-ut,us-ut/guidance/ustc/tc-40a-supplemental-schedule-instructions,https://incometax.utah.gov/tc-40a/,"TC-40A Supplemental Schedule Instructions (Utah Income Tax, 2025) (same document as the work-order address; fetched https://incometax.utah.gov/tc-40a/)"
https://incometax.utah.gov/credits/taxpayer-tax-credit,us-ut,income_tax,FETCH,PRESENT,us-ut/guidance/2026-10-06-w6-income-tax-guidance-ut,us-ut/guidance/ustc/tc-40-line-by-line-instructions,https://incometax.utah.gov/credits/taxpayer-tax-credit,"TC-40 Line-by-Line Instructions (Utah Income Tax, 2025; the taxpayer tax credit address redirects to line 20)"
https://incometax.utah.gov/tc-40a/,us-ut,eitc income_tax,FETCH,PRESENT,us-ut/guidance/2026-10-06-w6-income-tax-guidance-ut,us-ut/guidance/ustc/tc-40a-supplemental-schedule-instructions,https://incometax.utah.gov/tc-40a/,"TC-40A Supplemental Schedule Instructions (Utah Income Tax, 2025)"
https://tax.utah.gov/forms/current/tc-40.pdf,us-ut,income_tax,FETCH,ALREADY-HELD,us-ut/form/2026-09-10-tax-state-forms-ty2025,us-ut/form/ustc/ty2025/tc-40,https://files.tax.utah.gov/tax/forms/current/tc-40.pdf,"current edition is TY2025, held"
https://tax.utah.gov/forms/current/tc-40inst.pdf,us-ut,eitc income_tax,FETCH,ALREADY-HELD,us-ut/form/2026-09-10-tax-state-forms-ty2025,us-ut/form/ustc/ty2025/tc-40-instructions,https://files.tax.utah.gov/tax/forms/current/tc-40inst.pdf,"current edition is TY2025, held"
https://tax.utah.gov/relief/homeowner-renter-relief/,us-ut,income_tax,FETCH,PRESENT,us-ut/guidance/2026-10-06-w6-income-tax-guidance-ut,us-ut/guidance/ustc/homeowner-renter-relief,https://tax.utah.gov/relief/homeowner-renter-relief/,Homeowner's or Renter's Relief (Utah State Tax Commission)
https://my529.org/utah-state-tax-benefits-information/,us-ut,income_tax,CHECK-PUBLISHER,PRESENT,us-ut/guidance/2026-10-06-w6-income-tax-guidance-ut,us-ut/guidance/my529/utah-state-tax-benefits-information,https://my529.org/utah-state-tax-benefits-information/,Utah state tax benefits information (my529)
https://law.justia.com/codes/utah/2022/title-59/chapter-10/part-10/section-1044/,us-ut,eitc income_tax,OFFICIAL-SOURCE,ALREADY-HELD,us-ut/statute/2026-09-14-income-tax-chapter-title-59,us-ut/statute/59-10-1044,https://le.utah.gov/xcode/Title59/Chapter10/59-10-S1044.html,mirror (2022 edition); Utah Code 59-10-1044 held (current text)
https://www.taxformfinder.org/forms/2021/2021-utah-tc-40-full-packet.pdf,us-ut,eitc income_tax,OFFICIAL-SOURCE,PRESENT,us-ut/form/2026-10-06-w6-income-tax-forms-ut,us-ut/form/ustc/ty2021/tc-40-instructions,https://files.tax.utah.gov/tax/forms/2021/tc-40inst.pdf,2021 TC-40 Utah Individual Income Tax Forms and Instructions (third-party repost of the 2021 TC-40 forms and instructions packet; the official 2021 TC-40 Forms and Instructions is taken)
https://le.utah.gov/Session/2025/bills/enrolled/HB0106.pdf,us-ut,ctc income_tax,DEAD-LINK,PRESENT,us-ut/statute/2026-10-06-w6-income-tax-statute-ut,us-ut/statute/bills/2025/hb0106-enrolled,https://le.utah.gov/Session/2025/bills/enrolled/HB0106.pdf,"H.B. 106 Income Tax Revisions, Enrolled Copy (2025 General Session, State of Utah)"
https://le.utah.gov/Session/2025/bills/enrolled/SB0071.pdf,us-ut,income_tax,DEAD-LINK,PRESENT,us-ut/statute/2026-10-06-w6-income-tax-statute-ut,us-ut/statute/bills/2025/sb0071-enrolled,https://le.utah.gov/Session/2025/bills/enrolled/SB0071.pdf,"S.B. 71 Social Security Tax Revisions, Enrolled Copy (2025 General Session, State of Utah)"
https://le.utah.gov/Session/2026/bills/enrolled/HB0290.pdf,us-ut,ctc income_tax,DEAD-LINK,PRESENT,us-ut/statute/2026-10-06-w6-income-tax-statute-ut,us-ut/statute/bills/2026/hb0290-enrolled,https://le.utah.gov/Session/2026/bills/enrolled/HB0290.pdf,"H.B. 290 Child Tax Credit Amendments, Enrolled Copy (2026 General Session, State of Utah)"
https://le.utah.gov/Session/2026/bills/enrolled/SB0060.pdf,us-ut,income_tax,DEAD-LINK,PRESENT,us-ut/statute/2026-10-06-w6-income-tax-statute-ut,us-ut/statute/bills/2026/sb0060-enrolled,https://le.utah.gov/Session/2026/bills/enrolled/SB0060.pdf,"S.B. 60 Income Tax Rate Amendments, Enrolled Copy (2026 General Session, State of Utah)"
https://le.utah.gov/xcode/Title59/Chapter10/59-10-S1005.html,us-ut,income_tax,DEAD-LINK,ALREADY-HELD,us-ut/statute/2026-09-14-income-tax-chapter-title-59,us-ut/statute/59-10-1005,https://le.utah.gov/xcode/Title59/Chapter10/59-10-S1005.html,"Utah Code section held (current text, wave-4 Title 59 scope); le.utah.gov answers with the committed Sectigo OV R36 intermediate (the check's URLError was the missing chain)"
https://le.utah.gov/xcode/Title59/Chapter10/59-10-S1018.html,us-ut,income_tax,DEAD-LINK,ALREADY-HELD,us-ut/statute/2026-09-14-income-tax-chapter-title-59,us-ut/statute/59-10-1018,https://le.utah.gov/xcode/Title59/Chapter10/59-10-S1018.html,"Utah Code section held (current text, wave-4 Title 59 scope); le.utah.gov answers with the committed Sectigo OV R36 intermediate (the check's URLError was the missing chain)"
https://le.utah.gov/xcode/Title59/Chapter10/59-10-S1018.html?v=C59-10-S1018_2023050320230503,us-ut,income_tax,DEAD-LINK,PRESENT,us-ut/statute/2026-10-06-w6-income-tax-statute-ut,us-ut/statute/59-10-1018--version-2023050320230503,https://le.utah.gov/xcode/Title59/Chapter10/C59-10-S1018_2023050320230503.html,"Utah Code 59-10-1018, prior version (effective 5/3/2023, superseded 5/6/2026; le.utah.gov version file C59-10-S1018_2023050320230503) (same document as the work-order address; fetched https://le.utah.gov/xcode/Title59/Chapter10/C59-10-S1018_2023050320230503.html)"
https://le.utah.gov/xcode/Title59/Chapter10/59-10-S1019.html,us-ut,income_tax,DEAD-LINK,ALREADY-HELD,us-ut/statute/2026-09-14-income-tax-chapter-title-59,us-ut/statute/59-10-1019,https://le.utah.gov/xcode/Title59/Chapter10/59-10-S1019.html,"Utah Code section held (current text, wave-4 Title 59 scope); le.utah.gov answers with the committed Sectigo OV R36 intermediate (the check's URLError was the missing chain)"
https://le.utah.gov/xcode/Title59/Chapter10/59-10-S1019.html?v=C59-10-S1019_2022032320220323,us-ut,income_tax,DEAD-LINK,PRESENT,us-ut/statute/2026-10-06-w6-income-tax-statute-ut,us-ut/statute/59-10-1019--version-2022032320220323,https://le.utah.gov/xcode/Title59/Chapter10/C59-10-S1019_2022032320220323.html,"Utah Code 59-10-1019, prior version (effective 3/23/2022; le.utah.gov version file C59-10-S1019_2022032320220323) (same document as the work-order address; fetched https://le.utah.gov/xcode/Title59/Chapter10/C59-10-S1019_2022032320220323.html)"
https://le.utah.gov/xcode/Title59/Chapter10/59-10-S104.1.html?v=C59-10-S104.1_1800010118000101,us-ut,income_tax,DEAD-LINK,PRESENT,us-ut/statute/2026-10-06-w6-income-tax-statute-ut,us-ut/statute/59-10-104.1--version-1800010118000101,https://le.utah.gov/xcode/Title59/Chapter10/C59-10-S104.1_1800010118000101.html,"Utah Code 59-10-104.1, prior version (superseded 1/1/2026; le.utah.gov version file C59-10-S104.1_1800010118000101) (same document as the work-order address; fetched https://le.utah.gov/xcode/Title59/Chapter10/C59-10-S104.1_1800010118000101.html)"
https://le.utah.gov/xcode/Title59/Chapter10/59-10-S104.html,us-ut,income_tax,DEAD-LINK,ALREADY-HELD,us-ut/statute/2026-09-14-income-tax-chapter-title-59,us-ut/statute/59-10-104,https://le.utah.gov/xcode/Title59/Chapter10/59-10-S104.html,"Utah Code section held (current text, wave-4 Title 59 scope); le.utah.gov answers with the committed Sectigo OV R36 intermediate (the check's URLError was the missing chain)"
https://le.utah.gov/xcode/Title59/Chapter10/59-10-S104.html?v=C59-10-S104_2022050420220504,us-ut,income_tax,DEAD-LINK,PRESENT,us-ut/statute/2026-10-06-w6-income-tax-statute-ut,us-ut/statute/59-10-104--version-2022050420220504,https://le.utah.gov/xcode/Title59/Chapter10/C59-10-S104_2022050420220504.html,"Utah Code 59-10-104, prior version (effective 5/4/2022, superseded 5/3/2023; le.utah.gov version file C59-10-S104_2022050420220504) (same document as the work-order address; fetched https://le.utah.gov/xcode/Title59/Chapter10/C59-10-S104_2022050420220504.html)"
https://le.utah.gov/xcode/Title59/Chapter10/59-10-S104.html?v=C59-10-S104_2024010120240501,us-ut,income_tax,DEAD-LINK,PRESENT,us-ut/statute/2026-10-06-w6-income-tax-statute-ut,us-ut/statute/59-10-104--version-2024010120240501,https://le.utah.gov/xcode/Title59/Chapter10/C59-10-S104_2024010120240501.html,"Utah Code 59-10-104, prior version (effective 1/1/2024, superseded 5/7/2025; le.utah.gov version file C59-10-S104_2024010120240501) (same document as the work-order address; fetched https://le.utah.gov/xcode/Title59/Chapter10/C59-10-S104_2024010120240501.html)"
https://le.utah.gov/xcode/Title59/Chapter10/59-10-S1042.html,us-ut,income_tax,DEAD-LINK,ALREADY-HELD,us-ut/statute/2026-09-14-income-tax-chapter-title-59,us-ut/statute/59-10-1042,https://le.utah.gov/xcode/Title59/Chapter10/59-10-S1042.html,"Utah Code section held (current text, wave-4 Title 59 scope); le.utah.gov answers with the committed Sectigo OV R36 intermediate (the check's URLError was the missing chain)"
https://le.utah.gov/xcode/Title59/Chapter10/59-10-S1042.html?v=C59-10-S1042_2023050320230503,us-ut,income_tax,DEAD-LINK,PRESENT,us-ut/statute/2026-10-06-w6-income-tax-statute-ut,us-ut/statute/59-10-1042--version-2023050320230503,https://le.utah.gov/xcode/Title59/Chapter10/C59-10-S1042_2023050320230503.html,"Utah Code 59-10-1042, prior version (effective 5/3/2023, superseded 5/7/2025; le.utah.gov version file C59-10-S1042_2023050320230503) (same document as the work-order address; fetched https://le.utah.gov/xcode/Title59/Chapter10/C59-10-S1042_2023050320230503.html)"
https://le.utah.gov/xcode/Title59/Chapter10/59-10-S1043.html,us-ut,income_tax,DEAD-LINK,ALREADY-HELD,us-ut/statute/2026-09-14-income-tax-chapter-title-59,us-ut/statute/59-10-1043,https://le.utah.gov/xcode/Title59/Chapter10/59-10-S1043.html,"Utah Code section held (current text, wave-4 Title 59 scope); le.utah.gov answers with the committed Sectigo OV R36 intermediate (the check's URLError was the missing chain)"
https://le.utah.gov/xcode/Title59/Chapter10/59-10-S1044.html,us-ut,eitc income_tax,DEAD-LINK,ALREADY-HELD,us-ut/statute/2026-09-14-income-tax-chapter-title-59,us-ut/statute/59-10-1044,https://le.utah.gov/xcode/Title59/Chapter10/59-10-S1044.html,"Utah Code section held (current text, wave-4 Title 59 scope); le.utah.gov answers with the committed Sectigo OV R36 intermediate (the check's URLError was the missing chain)"
https://le.utah.gov/xcode/Title59/Chapter10/59-10-S1044.html?v=C59-10-S1044_2022050420220504,us-ut,income_tax,DEAD-LINK,PRESENT,us-ut/statute/2026-10-06-w6-income-tax-statute-ut,us-ut/statute/59-10-1044--version-2022050420220504,https://le.utah.gov/xcode/Title59/Chapter10/C59-10-S1044_2022050420220504.html,"Utah Code 59-10-1044, prior version (effective 5/4/2022, superseded 5/3/2023; le.utah.gov version file C59-10-S1044_2022050420220504) (same document as the work-order address; fetched https://le.utah.gov/xcode/Title59/Chapter10/C59-10-S1044_2022050420220504.html)"
https://le.utah.gov/xcode/Title59/Chapter10/59-10-S1047.html,us-ut,ctc income_tax,DEAD-LINK,ALREADY-HELD,us-ut/statute/2026-09-14-income-tax-chapter-title-59,us-ut/statute/59-10-1047,https://le.utah.gov/xcode/Title59/Chapter10/59-10-S1047.html,"Utah Code section held (current text, wave-4 Title 59 scope); le.utah.gov answers with the committed Sectigo OV R36 intermediate (the check's URLError was the missing chain)"
https://le.utah.gov/xcode/Title59/Chapter10/59-10-S1047.html?v=C59-10-S1047_2023050320240101,us-ut,ctc income_tax,DEAD-LINK,PRESENT,us-ut/statute/2026-10-06-w6-income-tax-statute-ut,us-ut/statute/59-10-1047--version-2023050320240101,https://le.utah.gov/xcode/Title59/Chapter10/C59-10-S1047_2023050320240101.html,"Utah Code 59-10-1047, prior version (effective 1/1/2024, superseded 1/1/2025; le.utah.gov version file C59-10-S1047_2023050320240101) (same document as the work-order address; fetched https://le.utah.gov/xcode/Title59/Chapter10/C59-10-S1047_2023050320240101.html)"
https://le.utah.gov/xcode/Title59/Chapter10/59-10-S1047.html?v=C59-10-S1047_2025010120240501,us-ut,ctc income_tax,DEAD-LINK,PRESENT,us-ut/statute/2026-10-06-w6-income-tax-statute-ut,us-ut/statute/59-10-1047--version-2025010120240501,https://le.utah.gov/xcode/Title59/Chapter10/C59-10-S1047_2025010120240501.html,"Utah Code 59-10-1047, prior version (effective 1/1/2025, superseded 5/7/2025; le.utah.gov version file C59-10-S1047_2025010120240501) (same document as the work-order address; fetched https://le.utah.gov/xcode/Title59/Chapter10/C59-10-S1047_2025010120240501.html)"
https://le.utah.gov/xcode/Title59/Chapter10/59-10-S114.html?v=C59-10-S114_2022032320220323,us-ut,income_tax,DEAD-LINK,PRESENT,us-ut/statute/2026-10-06-w6-income-tax-statute-ut,us-ut/statute/59-10-114--version-2022032320220323,https://le.utah.gov/xcode/Title59/Chapter10/C59-10-S114_2022032320220323.html,"Utah Code 59-10-114, prior version (effective 3/23/2022, superseded 5/3/2023; le.utah.gov version file C59-10-S114_2022032320220323) (same document as the work-order address; fetched https://le.utah.gov/xcode/Title59/Chapter10/C59-10-S114_2022032320220323.html)"
https://le.utah.gov/xcode/historical.html?date=1/1/2014&oc=/xcode/Title59/Chapter10/C59-10-S104_1800010118000101.html,us-ut,income_tax,DEAD-LINK,PRESENT,us-ut/statute/2026-10-06-w6-income-tax-statute-ut,us-ut/statute/59-10-104--version-1800010118000101,https://le.utah.gov/xcode/Title59/Chapter10/C59-10-S104_1800010118000101.html,"Utah Code 59-10-104, prior version (superseded 5/8/2018; le.utah.gov version file C59-10-S104_1800010118000101) (same document as the work-order address; fetched https://le.utah.gov/xcode/Title59/Chapter10/C59-10-S104_1800010118000101.html)"
https://le.utah.gov/xcode/historical.html?date=2/7/2025&oc=/xcode/Title59/Chapter10/C59-10-S1018_2018051620180721.html,us-ut,income_tax,DEAD-LINK,PRESENT,us-ut/statute/2026-10-06-w6-income-tax-statute-ut,us-ut/statute/59-10-1018--version-2018051620180721,https://le.utah.gov/xcode/Title59/Chapter10/C59-10-S1018_2018051620180721.html,"Utah Code 59-10-1018, prior version (effective 7/21/2018, superseded 5/5/2021; le.utah.gov version file C59-10-S1018_2018051620180721) (same document as the work-order address; fetched https://le.utah.gov/xcode/Title59/Chapter10/C59-10-S1018_2018051620180721.html)"
https://le.utah.gov/xcode/historical.html?date=2/7/2025&oc=/xcode/Title59/Chapter10/C59-10-S1018_2021050520210505.html,us-ut,income_tax,DEAD-LINK,PRESENT,us-ut/statute/2026-10-06-w6-income-tax-statute-ut,us-ut/statute/59-10-1018--version-2021050520210505,https://le.utah.gov/xcode/Title59/Chapter10/C59-10-S1018_2021050520210505.html,"Utah Code 59-10-1018, prior version (effective 5/5/2021, superseded 5/3/2023; le.utah.gov version file C59-10-S1018_2021050520210505) (same document as the work-order address; fetched https://le.utah.gov/xcode/Title59/Chapter10/C59-10-S1018_2021050520210505.html)"
https://le.utah.gov/xcode/historical.html?date=5/8/2018&oc=/xcode/Title59/Chapter10/C59-10-S104_2018050820180508.html,us-ut,income_tax,DEAD-LINK,PRESENT,us-ut/statute/2026-10-06-w6-income-tax-statute-ut,us-ut/statute/59-10-104--version-2018050820180508,https://le.utah.gov/xcode/Title59/Chapter10/C59-10-S104_2018050820180508.html,"Utah Code 59-10-104, prior version (effective 5/8/2018, superseded 5/4/2022; le.utah.gov version file C59-10-S104_2018050820180508) (same document as the work-order address; fetched https://le.utah.gov/xcode/Title59/Chapter10/C59-10-S104_2018050820180508.html)"
https://le.utah.gov/xcode/historical.html?date=8/17/2022&oc=/xcode/Title59/Chapter10/C59-10-S104_2022050420220504.html,us-ut,income_tax,DEAD-LINK,PRESENT,us-ut/statute/2026-10-06-w6-income-tax-statute-ut,us-ut/statute/59-10-104--version-2022050420220504,https://le.utah.gov/xcode/Title59/Chapter10/C59-10-S104_2022050420220504.html,"Utah Code 59-10-104, prior version (effective 5/4/2022, superseded 5/3/2023; le.utah.gov version file C59-10-S104_2022050420220504) (same document as the work-order address; fetched https://le.utah.gov/xcode/Title59/Chapter10/C59-10-S104_2022050420220504.html)"
https://le.utah.gov/~2025/bills/static/HB0106.html,us-ut,ctc income_tax,DEAD-LINK,PRESENT,us-ut/statute/2026-10-06-w6-income-tax-statute-ut,us-ut/statute/bills/2025/hb0106-enrolled,https://le.utah.gov/Session/2025/bills/enrolled/HB0106.pdf,"H.B. 106 Income Tax Revisions, Enrolled Copy (2025 General Session, State of Utah) (same document as the work-order address; fetched https://le.utah.gov/Session/2025/bills/enrolled/HB0106.pdf)"
https://le.utah.gov/~2025/bills/static/SB0071.html,us-ut,income_tax,DEAD-LINK,PRESENT,us-ut/statute/2026-10-06-w6-income-tax-statute-ut,us-ut/statute/bills/2025/sb0071-enrolled,https://le.utah.gov/Session/2025/bills/enrolled/SB0071.pdf,"S.B. 71 Social Security Tax Revisions, Enrolled Copy (2025 General Session, State of Utah) (same document as the work-order address; fetched https://le.utah.gov/Session/2025/bills/enrolled/SB0071.pdf)"
https://le.utah.gov/~2026/bills/static/HB0290.html,us-ut,ctc income_tax,DEAD-LINK,PRESENT,us-ut/statute/2026-10-06-w6-income-tax-statute-ut,us-ut/statute/bills/2026/hb0290-enrolled,https://le.utah.gov/Session/2026/bills/enrolled/HB0290.pdf,"H.B. 290 Child Tax Credit Amendments, Enrolled Copy (2026 General Session, State of Utah) (same document as the work-order address; fetched https://le.utah.gov/Session/2026/bills/enrolled/HB0290.pdf)"
https://le.utah.gov/~2026/bills/static/SB0060.html,us-ut,income_tax,DEAD-LINK,PRESENT,us-ut/statute/2026-10-06-w6-income-tax-statute-ut,us-ut/statute/bills/2026/sb0060-enrolled,https://le.utah.gov/Session/2026/bills/enrolled/SB0060.pdf,"S.B. 60 Income Tax Rate Amendments, Enrolled Copy (2026 General Session, State of Utah) (same document as the work-order address; fetched https://le.utah.gov/Session/2026/bills/enrolled/SB0060.pdf)"
us-va/form/tax_forms/tax.virginia.gov/sites/default/files/vatax-pdf/2019-schedule-a-instructions,us-va,income_tax,EXTRACT-MANIFEST,PRESENT,us-va/form/2026-10-06-w6-income-tax-forms-va,us-va/form/tax-forms/tax.virginia.gov/sites/default/files/vatax-pdf/2019-schedule-a-instructions,https://tax.virginia.gov/sites/default/files/vatax-pdf/2019-schedule-a-instructions.pdf,"2019 Instructions for Virginia Schedule A, Itemized Deductions (same document as the work-order address; fetched https://tax.virginia.gov/sites/default/files/vatax-pdf/2019-schedule-a-instructions.pdf)"
us-va/form/tax_forms/tax.virginia.gov/sites/default/files/vatax-pdf/2021-760-instructions,us-va,eitc income_tax,EXTRACT-MANIFEST,PRESENT,us-va/form/2026-10-06-w6-income-tax-forms-va,us-va/form/tax-forms/tax.virginia.gov/sites/default/files/vatax-pdf/2021-760-instructions,https://tax.virginia.gov/sites/default/files/vatax-pdf/2021-760-instructions.pdf,2021 Virginia Form 760 Resident Individual Income Tax Booklet (same document as the work-order address; fetched https://tax.virginia.gov/sites/default/files/vatax-pdf/2021-760-instructions.pdf)
us-va/form/tax_forms/tax.virginia.gov/sites/default/files/vatax-pdf/2022-760-instructions,us-va,eitc income_tax,EXTRACT-MANIFEST,PRESENT,us-va/form/2026-10-06-w6-income-tax-forms-va,us-va/form/tax-forms/tax.virginia.gov/sites/default/files/vatax-pdf/2022-760-instructions,https://tax.virginia.gov/sites/default/files/vatax-pdf/2022-760-instructions.pdf,2022 Virginia Form 760 Resident Individual Income Tax Booklet (same document as the work-order address; fetched https://tax.virginia.gov/sites/default/files/vatax-pdf/2022-760-instructions.pdf)
us-va/form/tax_forms/tax.virginia.gov/sites/default/files/vatax-pdf/2023-760-instructions,us-va,eitc income_tax,EXTRACT-MANIFEST,PRESENT,us-va/form/2026-10-06-w6-income-tax-forms-va,us-va/form/tax-forms/tax.virginia.gov/sites/default/files/vatax-pdf/2023-760-instructions,https://tax.virginia.gov/sites/default/files/vatax-pdf/2023-760-instructions.pdf,2023 Virginia Form 760 Resident Individual Income Tax Instructions (same document as the work-order address; fetched https://tax.virginia.gov/sites/default/files/vatax-pdf/2023-760-instructions.pdf)
us-va/form/tax_forms/tax.virginia.gov/sites/default/files/vatax-pdf/2024-760-instructions,us-va,eitc income_tax,EXTRACT-MANIFEST,PRESENT,us-va/form/2026-10-06-w6-income-tax-forms-va,us-va/form/tax-forms/tax.virginia.gov/sites/default/files/vatax-pdf/2024-760-instructions,https://tax.virginia.gov/sites/default/files/vatax-pdf/2024-760-instructions.pdf,2024 Virginia Form 760 Resident Individual Income Tax Instructions (same document as the work-order address; fetched https://tax.virginia.gov/sites/default/files/vatax-pdf/2024-760-instructions.pdf)
us-va/form/tax_forms/tax.virginia.gov/sites/default/files/vatax-pdf/2025-760-instructions,us-va,eitc income_tax,EXTRACT-MANIFEST,ALREADY-HELD,us-va/form/2026-09-15-income-tax-forms-ty2025,us-va/form/tax/ty2025/form-760-instructions,https://tax.virginia.gov/sites/default/files/vatax-pdf/2025-760-instructions.pdf,wave-5 TY2025 forms scope; sha256-identical
https://budget.lis.virginia.gov/amendment/2026/2/HB30/Introduced/CR/4-14/1c,us-va,eitc income_tax,FETCH,PRESENT,us-va/statute/2026-10-06-w6-income-tax-statute-va,us-va/statute/budget/2026/hb30/conference-report/4-14-1c,https://budget.lis.virginia.gov/amendment/2026/2/HB30/Introduced/CR/4-14/1c,HB30 (2026) Conference Report amendment 4-14#1c (Effective Date) Standard Deduction
https://budget.lis.virginia.gov/item/2023/2/HB6001/Introduced/3/3-5.28/,us-va,income_tax,FETCH,PRESENT,us-va/statute/2026-10-06-w6-income-tax-statute-va,us-va/statute/budget/2023/hb6001/introduced/3-5.28,https://budget.lis.virginia.gov/item/2023/2/HB6001/Introduced/3/3-5.28/,"HB6001 (2023 Special Session) Item 3-5.28, Individual Income Tax Rebate (as introduced)"
https://law.lis.virginia.gov/vacode/title58.1/section58.1-322.03/,us-va,income_tax,FETCH,ALREADY-HELD,us-va/statute/2026-09-14-income-tax-chapter,us-va/statute/58.1/58.1-322.03,https://law.lis.virginia.gov/vacode/title58.1/section58.1-322.03/,Code of Virginia chapter 3 held per section
https://law.lis.virginia.gov/vacodefull/title58.1/chapter3/article2/,us-va,income_tax,FETCH,ALREADY-HELD,us-va/statute/2026-09-14-income-tax-chapter,us-va/statute/58.1/58.1-320,https://law.lis.virginia.gov/vacodefull/title58.1/chapter3/article2/,"Article 2 (Individual Income Tax, 58.1-320 et seq.) of chapter 3 is held section by section in the chapter 3 scope (no article container row)"
https://law.lis.virginia.gov/vacodeupdates/title58.1/section58.1-339.8/,us-va,income_tax,FETCH,ALREADY-HELD,us-va/statute/2026-09-14-income-tax-chapter,us-va/statute/58.1/58.1-339.8,https://law.lis.virginia.gov/vacodeupdates/title58.1/section58.1-339.8/,section held (current text); this is the publisher's 2026 updates page for the section
https://www.tax.virginia.gov/filing-status,us-va,income_tax,FETCH,PRESENT,us-va/guidance/2026-10-06-w6-income-tax-guidance-va,us-va/guidance/tax/filing-status,https://www.tax.virginia.gov/filing-status,Filing Status (Virginia Tax)
https://www.tax.virginia.gov/laws-rules-decisions/rulings-tax-commissioner/13-5,us-va,income_tax,FETCH,PRESENT,us-va/guidance/2026-10-06-w6-income-tax-guidance-va,us-va/guidance/tax/rulings-of-the-tax-commissioner/13-5,https://www.tax.virginia.gov/laws-rules-decisions/rulings-tax-commissioner/13-5,Ruling of the Tax Commissioner 13-5 (Virginia age deduction and obligations of the United States)
https://www.tax.virginia.gov/rebate,us-va,income_tax,FETCH,PRESENT,us-va/guidance/2026-10-06-w6-income-tax-guidance-va,us-va/guidance/tax/rebate,https://www.tax.virginia.gov/rebate,What You Need to Know About the 2025 Tax Rebate (Virginia Tax)
https://www.tax.virginia.gov/sites/default/files/inline-files/2023-legislative-summary.pdf,us-va,income_tax,FETCH,PRESENT,us-va/guidance/2026-10-06-w6-income-tax-guidance-va,us-va/guidance/tax/legislative-summary-2023,https://www.tax.virginia.gov/sites/default/files/inline-files/2023-legislative-summary.pdf,"2023 Legislative Summary, Virginia Department of Taxation (updated September 15, 2023)"
https://www.tax.virginia.gov/sites/default/files/inline-files/2026-legislative-summary.pdf,us-va,eitc income_tax,FETCH,PRESENT,us-va/guidance/2026-10-06-w6-income-tax-guidance-va,us-va/guidance/tax/legislative-summary-2026,https://www.tax.virginia.gov/sites/default/files/inline-files/2026-legislative-summary.pdf,"2026 Legislative Summary, Virginia Department of Taxation (July 6, 2026)"
https://www.tax.virginia.gov/sites/default/files/taxforms/individual-income-tax/2020/schedule-and-instructions-2020.pdf,us-va,income_tax,FETCH,PRESENT,us-va/form/2026-10-06-w6-income-tax-forms-va,us-va/form/tax/ty2020/schedule-a-and-instructions,https://www.tax.virginia.gov/sites/default/files/taxforms/individual-income-tax/2020/schedule-and-instructions-2020.pdf,"2020 Virginia Schedule A, Itemized Deductions, with instructions"
https://www.tax.virginia.gov/sites/default/files/taxforms/individual-income-tax/2021/schedule-2021.pdf,us-va,income_tax,FETCH,PRESENT,us-va/form/2026-10-06-w6-income-tax-forms-va,us-va/form/tax/ty2021/schedule-a,https://www.tax.virginia.gov/sites/default/files/taxforms/individual-income-tax/2021/schedule-2021.pdf,"2021 Virginia Schedule A, Itemized Deductions"
https://www.tax.virginia.gov/sites/default/files/taxforms/individual-income-tax/2021/schedule-adj-2021.pdf,us-va,income_tax,FETCH,PRESENT,us-va/form/2026-10-06-w6-income-tax-forms-va,us-va/form/tax/ty2021/schedule-adj,https://www.tax.virginia.gov/sites/default/files/taxforms/individual-income-tax/2021/schedule-adj-2021.pdf,2021 Virginia Schedule ADJ (Form 760-ADJ)
https://www.tax.virginia.gov/sites/default/files/taxforms/individual-income-tax/2022/760-2022.pdf,us-va,income_tax,FETCH,PRESENT,us-va/form/2026-10-06-w6-income-tax-forms-va,us-va/form/tax/ty2022/form-760,https://www.tax.virginia.gov/sites/default/files/taxforms/individual-income-tax/2022/760-2022.pdf,"2022 Virginia Form 760, Resident Income Tax Return"
https://www.tax.virginia.gov/sites/default/files/taxforms/individual-income-tax/2022/schedule-2022.pdf,us-va,income_tax,FETCH,PRESENT,us-va/form/2026-10-06-w6-income-tax-forms-va,us-va/form/tax/ty2022/schedule-a,https://www.tax.virginia.gov/sites/default/files/taxforms/individual-income-tax/2022/schedule-2022.pdf,"2022 Virginia Schedule A, Itemized Deductions"
https://www.tax.virginia.gov/sites/default/files/taxforms/individual-income-tax/2022/schedule-adj-2022.pdf,us-va,income_tax,FETCH,PRESENT,us-va/form/2026-10-06-w6-income-tax-forms-va,us-va/form/tax/ty2022/schedule-adj,https://www.tax.virginia.gov/sites/default/files/taxforms/individual-income-tax/2022/schedule-adj-2022.pdf,2022 Virginia Schedule ADJ (Form 760-ADJ)
https://www.tax.virginia.gov/sites/default/files/taxforms/individual-income-tax/2023/schedule-2023.pdf,us-va,income_tax,FETCH,PRESENT,us-va/form/2026-10-06-w6-income-tax-forms-va,us-va/form/tax/ty2023/schedule-a,https://www.tax.virginia.gov/sites/default/files/taxforms/individual-income-tax/2023/schedule-2023.pdf,"2023 Virginia Schedule A, Itemized Deductions"
https://www.tax.virginia.gov/sites/default/files/taxforms/individual-income-tax/2023/schedule-adj-2023.pdf,us-va,income_tax,FETCH,PRESENT,us-va/form/2026-10-06-w6-income-tax-forms-va,us-va/form/tax/ty2023/schedule-adj,https://www.tax.virginia.gov/sites/default/files/taxforms/individual-income-tax/2023/schedule-adj-2023.pdf,2023 Virginia Schedule ADJ (Form 760-ADJ)
https://www.tax.virginia.gov/sites/default/files/taxforms/individual-income-tax/2024/schedule-2024.pdf,us-va,income_tax,FETCH,PRESENT,us-va/form/2026-10-06-w6-income-tax-forms-va,us-va/form/tax/ty2024/schedule-a,https://www.tax.virginia.gov/sites/default/files/taxforms/individual-income-tax/2024/schedule-2024.pdf,"2024 Virginia Schedule A, Itemized Deductions"
https://www.tax.virginia.gov/sites/default/files/taxforms/individual-income-tax/2025/schedule-2025.pdf,us-va,income_tax,FETCH,PRESENT,us-va/form/2026-10-06-w6-income-tax-forms-va,us-va/form/tax/ty2025/schedule-a,https://www.tax.virginia.gov/sites/default/files/taxforms/individual-income-tax/2025/schedule-2025.pdf,"2025 Virginia Schedule A, Itemized Deductions"
https://legiscan.com/VA/text/HB1600/id/3262750/Virginia-2025-HB1600-Chaptered.pdf,us-va,eitc income_tax,OFFICIAL-SOURCE,SKIPPED,,,https://budget.lis.virginia.gov/bill/2025/1/HB1600/Chapter/,"mirror of the 2025 Appropriation Act (HB1600, Chapter 725); the official budget site renders items through JavaScript and the rebate item address was not resolved in the time box"
http://legislature.vermont.gov/statutes/section/32/151/05811,us-vt,income_tax,FETCH,ALREADY-HELD,us-vt/statute/2026-07-16-pit-central-us-vt-title-32-chapter-151,us-vt/statute/32-5811,https://legislature.vermont.gov/statutes/section/32/151/05811,32 V.S.A. chapter 151 section held (current text)
https://legislature.vermont.gov/Documents/2022/Docs/ACTS/ACT138/ACT138%20As%20Enacted.pdf,us-vt,income_tax,FETCH,PRESENT,us-vt/statute/2026-10-06-w6-income-tax-statute-vt,us-vt/statute/session-laws/2022/act-138,https://legislature.vermont.gov/Documents/2022/Docs/ACTS/ACT138/ACT138%20As%20Enacted.pdf,"Act No. 138 (2022), An act relating to tax reductions and other aid for Vermonters (H.510), as enacted"
https://legislature.vermont.gov/Documents/2024/Docs/ACTS/ACT072/ACT072%20As%20Enacted.pdf,us-vt,income_tax,FETCH,PRESENT,us-vt/statute/2026-10-06-w6-income-tax-statute-vt,us-vt/statute/session-laws/2024/act-072,https://legislature.vermont.gov/Documents/2024/Docs/ACTS/ACT072/ACT072%20As%20Enacted.pdf,"Act No. 72 (2023-2024 session), An act relating to technical and administrative changes to Vermont's tax laws, as enacted"
https://legislature.vermont.gov/Documents/2026/Docs/ACTS/ACT169/ACT169%20As%20Enacted.pdf,us-vt,income_tax,FETCH,PRESENT,us-vt/statute/2026-10-06-w6-income-tax-statute-vt,us-vt/statute/session-laws/2026/act-169,https://legislature.vermont.gov/Documents/2026/Docs/ACTS/ACT169/ACT169%20As%20Enacted.pdf,"Act No. 169 (2026), An act relating to homestead property tax yields, the nonhomestead property tax rate, and technical changes to education laws, as enacted"
https://legislature.vermont.gov/Documents/2026/Docs/BILLS/S-0051/S-0051%20As%20Passed%20by%20Both%20House%20and%20Senate%20Official.pdf,us-vt,ctc eitc income_tax,FETCH,PRESENT,us-vt/statute/2026-10-06-w6-income-tax-statute-vt,us-vt/statute/bills/2025-2026/s-51-as-passed,https://legislature.vermont.gov/Documents/2026/Docs/BILLS/S-0051/S-0051%20As%20Passed%20by%20Both%20House%20and%20Senate%20Official.pdf,S.51 as introduced and passed by Senate and House (2025-2026 session; Act 71)
https://legislature.vermont.gov/bill/status/2026/S.51,us-vt,eitc income_tax,FETCH,OUT-OF-SCOPE,,,https://legislature.vermont.gov/bill/status/2026/S.51,"bill status record (actions and dates), not a source of rules; the S.51 text as passed (Act 71) is taken in us-vt/statute"
https://legislature.vermont.gov/statutes/fullchapter/32/246,us-vt,income_tax,FETCH,PRESENT,us-vt/statute/2026-10-06-w6-income-tax-statute-vt,us-vt/statute/chapter-246,https://legislature.vermont.gov/statutes/fullchapter/32/246,"32 V.S.A. chapter 246, Child Care Contribution (full chapter)"
https://legislature.vermont.gov/statutes/section/32/151/05811,us-vt,income_tax,FETCH,ALREADY-HELD,us-vt/statute/2026-07-16-pit-central-us-vt-title-32-chapter-151,us-vt/statute/32-5811,https://legislature.vermont.gov/statutes/section/32/151/05811,32 V.S.A. chapter 151 section held (current text)
https://legislature.vermont.gov/statutes/section/32/151/05822,us-vt,income_tax,FETCH,ALREADY-HELD,us-vt/statute/2026-07-16-pit-central-us-vt-title-32-chapter-151,us-vt/statute/32-5822,https://legislature.vermont.gov/statutes/section/32/151/05822,32 V.S.A. chapter 151 section held (current text)
https://legislature.vermont.gov/statutes/section/32/151/05828b,us-vt,eitc income_tax,FETCH,ALREADY-HELD,us-vt/statute/2026-07-16-pit-central-us-vt-title-32-chapter-151,us-vt/statute/32-5828b,https://legislature.vermont.gov/statutes/section/32/151/05828b,32 V.S.A. chapter 151 section held (current text)
https://legislature.vermont.gov/statutes/section/32/151/05828c,us-vt,income_tax,FETCH,ALREADY-HELD,us-vt/statute/2026-07-16-pit-central-us-vt-title-32-chapter-151,us-vt/statute/32-5828c,https://legislature.vermont.gov/statutes/section/32/151/05828c,32 V.S.A. chapter 151 section held (current text)
https://legislature.vermont.gov/statutes/section/32/151/05830e,us-vt,income_tax,FETCH,ALREADY-HELD,us-vt/statute/2026-07-16-pit-central-us-vt-title-32-chapter-151,us-vt/statute/32-5830e,https://legislature.vermont.gov/statutes/section/32/151/05830e,32 V.S.A. chapter 151 section held (current text)
https://legislature.vermont.gov/statutes/section/32/151/05830f,us-vt,ctc income_tax,FETCH,ALREADY-HELD,us-vt/statute/2026-07-16-pit-central-us-vt-title-32-chapter-151,us-vt/statute/32-5830f,https://legislature.vermont.gov/statutes/section/32/151/05830f,32 V.S.A. chapter 151 section held (current text)
https://legislature.vermont.gov/statutes/section/32/154/06066,us-vt,income_tax,FETCH,PRESENT,us-vt/statute/2026-10-06-w6-income-tax-statute-vt,us-vt/statute/32-6066,https://legislature.vermont.gov/statutes/section/32/154/06066,"32 V.S.A. § 6066, Computation of homestead property tax exemption, municipal property tax credit, and renter credit"
https://tax.vermont.gov/document/2022-property-tax-credit-calculator,us-vt,income_tax,FETCH,OUT-OF-SCOPE,,,https://tax.vermont.gov/document/2022-property-tax-credit-calculator,"Department of Taxes calculator (spreadsheet or its download page), not a source of rules; the credit amounts page and 32 V.S.A. 6066 are taken"
https://tax.vermont.gov/document/2025-renter-credit-website-calculator,us-vt,income_tax,FETCH,OUT-OF-SCOPE,,,https://tax.vermont.gov/document/2025-renter-credit-website-calculator,"Department of Taxes calculator (spreadsheet or its download page), not a source of rules; the credit amounts page and 32 V.S.A. 6066 are taken"
https://tax.vermont.gov/individuals/personal-income-tax/tax-credits,us-vt,income_tax,FETCH,PRESENT,us-vt/guidance/2026-10-06-w6-income-tax-guidance-vt,us-vt/guidance/vdt/tax-credits-and-adjustments-for-individuals,https://tax.vermont.gov/individuals/personal-income-tax/tax-credits,Tax Credits and Adjustments for Individuals (Vermont Department of Taxes)
https://tax.vermont.gov/individuals/renter-credit/calculator-and-credit-amounts,us-vt,income_tax,FETCH,PRESENT,us-vt/guidance/2026-10-06-w6-income-tax-guidance-vt,us-vt/guidance/vdt/renter-credit-calculator-and-credit-amounts,https://tax.vermont.gov/individuals/renter-credit/calculator-and-credit-amounts,Renter Credit: Calculator and Credit Amounts (Vermont Department of Taxes)
https://tax.vermont.gov/individuals/seniors-and-retirees,us-vt,income_tax,FETCH,PRESENT,us-vt/guidance/2026-10-06-w6-income-tax-guidance-vt,us-vt/guidance/vdt/seniors-and-retirees,https://tax.vermont.gov/individuals/seniors-and-retirees,Seniors and Retirees (Vermont Department of Taxes)
https://tax.vermont.gov/sites/tax/files/documents/2024%20Renter%20Credit%20Website%20Calculator.xlsx,us-vt,income_tax,FETCH,OUT-OF-SCOPE,,,https://tax.vermont.gov/sites/tax/files/documents/2024%20Renter%20Credit%20Website%20Calculator.xlsx,"Department of Taxes calculator (spreadsheet or its download page), not a source of rules; the credit amounts page and 32 V.S.A. 6066 are taken"
https://tax.vermont.gov/sites/tax/files/documents/IN-111-2021.pdf,us-vt,income_tax,FETCH,PRESENT,us-vt/form/2026-10-06-w6-income-tax-forms-vt,us-vt/form/vdt/ty2021/in-111,https://tax.vermont.gov/sites/tax/files/documents/IN-111-2021.pdf,"2021 Form IN-111, Vermont Income Tax Return"
https://tax.vermont.gov/sites/tax/files/documents/IN-111-2022.pdf,us-vt,income_tax,FETCH,PRESENT,us-vt/form/2026-10-06-w6-income-tax-forms-vt,us-vt/form/vdt/ty2022/in-111,https://tax.vermont.gov/sites/tax/files/documents/IN-111-2022.pdf,"2022 Form IN-111, Vermont Income Tax Return"
https://tax.vermont.gov/sites/tax/files/documents/IN-111-2023.pdf,us-vt,income_tax,FETCH,PRESENT,us-vt/form/2026-10-06-w6-income-tax-forms-vt,us-vt/form/vdt/ty2023/in-111,https://tax.vermont.gov/sites/tax/files/documents/IN-111-2023.pdf,"2023 Form IN-111, Vermont Income Tax Return"
https://tax.vermont.gov/sites/tax/files/documents/IN-111-2024.pdf,us-vt,income_tax,FETCH,PRESENT,us-vt/form/2026-10-06-w6-income-tax-forms-vt,us-vt/form/vdt/ty2024/in-111,https://tax.vermont.gov/sites/tax/files/documents/IN-111-2024.pdf,"2024 Form IN-111, Vermont Income Tax Return"
https://tax.vermont.gov/sites/tax/files/documents/IN-111-Instr-2023.pdf,us-vt,income_tax,FETCH,PRESENT,us-vt/form/2026-10-06-w6-income-tax-forms-vt,us-vt/form/vdt/ty2023/in-111-instructions,https://tax.vermont.gov/sites/tax/files/documents/IN-111-Instr-2023.pdf,"2023 Form IN-111 Instructions, Vermont Income Tax Return"
https://tax.vermont.gov/sites/tax/files/documents/IN-112%20Instr-2021.pdf,us-vt,income_tax,FETCH,PRESENT,us-vt/form/2026-10-06-w6-income-tax-forms-vt,us-vt/form/vdt/ty2021/in-112-instructions,https://tax.vermont.gov/sites/tax/files/documents/IN-112%20Instr-2021.pdf,"2021 Schedule IN-112 Instructions, Vermont Tax Adjustments and Credits"
https://tax.vermont.gov/sites/tax/files/documents/IN-112%20Instr-2022.pdf,us-vt,income_tax,FETCH,PRESENT,us-vt/form/2026-10-06-w6-income-tax-forms-vt,us-vt/form/vdt/ty2022/in-112-instructions,https://tax.vermont.gov/sites/tax/files/documents/IN-112%20Instr-2022.pdf,"2022 Schedule IN-112 Instructions, Vermont Tax Adjustments and Credits"
https://tax.vermont.gov/sites/tax/files/documents/IN-112-2020.pdf,us-vt,income_tax,FETCH,PRESENT,us-vt/form/2026-10-06-w6-income-tax-forms-vt,us-vt/form/vdt/ty2020/in-112,https://tax.vermont.gov/sites/tax/files/documents/IN-112-2020.pdf,"2020 Schedule IN-112, Vermont Tax Adjustments and Credits"
https://tax.vermont.gov/sites/tax/files/documents/IN-112-2021.pdf,us-vt,income_tax,FETCH,PRESENT,us-vt/form/2026-10-06-w6-income-tax-forms-vt,us-vt/form/vdt/ty2021/in-112,https://tax.vermont.gov/sites/tax/files/documents/IN-112-2021.pdf,"2021 Schedule IN-112, Vermont Tax Adjustments and Credits"
https://tax.vermont.gov/sites/tax/files/documents/IN-112-2022.pdf,us-vt,eitc income_tax,FETCH,PRESENT,us-vt/form/2026-10-06-w6-income-tax-forms-vt,us-vt/form/vdt/ty2022/in-112,https://tax.vermont.gov/sites/tax/files/documents/IN-112-2022.pdf,"2022 Schedule IN-112, Vermont Tax Adjustments and Credits"
https://tax.vermont.gov/sites/tax/files/documents/IN-112-2023.pdf,us-vt,eitc income_tax,FETCH,PRESENT,us-vt/form/2026-10-06-w6-income-tax-forms-vt,us-vt/form/vdt/ty2023/in-112,https://tax.vermont.gov/sites/tax/files/documents/IN-112-2023.pdf,"2023 Schedule IN-112, Vermont Tax Adjustments and Credits"
https://tax.vermont.gov/sites/tax/files/documents/IN-112-2024.pdf,us-vt,eitc income_tax,FETCH,PRESENT,us-vt/form/2026-10-06-w6-income-tax-forms-vt,us-vt/form/vdt/ty2024/in-112,https://tax.vermont.gov/sites/tax/files/documents/IN-112-2024.pdf,"2024 Schedule IN-112, Vermont Tax Adjustments and Credits"
https://tax.vermont.gov/sites/tax/files/documents/IN-112-Instr-2023.pdf,us-vt,income_tax,FETCH,PRESENT,us-vt/form/2026-10-06-w6-income-tax-forms-vt,us-vt/form/vdt/ty2023/in-112-instructions,https://tax.vermont.gov/sites/tax/files/documents/IN-112-Instr-2023.pdf,"2023 Schedule IN-112 Instructions, Vermont Tax Adjustments and Credits"
https://tax.vermont.gov/sites/tax/files/documents/IN-112-Instr-2024.pdf,us-vt,income_tax,FETCH,PRESENT,us-vt/form/2026-10-06-w6-income-tax-forms-vt,us-vt/form/vdt/ty2024/in-112-instructions,https://tax.vermont.gov/sites/tax/files/documents/IN-112-Instr-2024.pdf,"2024 Schedule IN-112 Instructions, Vermont Tax Adjustments and Credits"
https://tax.vermont.gov/sites/tax/files/documents/IN-119-2021.pdf,us-vt,income_tax,FETCH,PRESENT,us-vt/form/2026-10-06-w6-income-tax-forms-vt,us-vt/form/vdt/ty2021/in-119,https://tax.vermont.gov/sites/tax/files/documents/IN-119-2021.pdf,"2021 Schedule IN-119, Vermont Tax Adjustments and Nonrefundable Credits"
https://tax.vermont.gov/sites/tax/files/documents/IN-119-2022.pdf,us-vt,income_tax,FETCH,PRESENT,us-vt/form/2026-10-06-w6-income-tax-forms-vt,us-vt/form/vdt/ty2022/in-119,https://tax.vermont.gov/sites/tax/files/documents/IN-119-2022.pdf,"2022 Schedule IN-119, Vermont Tax Adjustments and Nonrefundable Credits"
https://tax.vermont.gov/sites/tax/files/documents/IN-119-2023.pdf,us-vt,income_tax,FETCH,PRESENT,us-vt/form/2026-10-06-w6-income-tax-forms-vt,us-vt/form/vdt/ty2023/in-119,https://tax.vermont.gov/sites/tax/files/documents/IN-119-2023.pdf,"2023 Schedule IN-119, Vermont Tax Adjustments and Nonrefundable Credits"
https://tax.vermont.gov/sites/tax/files/documents/IN-119-2024.pdf,us-vt,income_tax,FETCH,PRESENT,us-vt/form/2026-10-06-w6-income-tax-forms-vt,us-vt/form/vdt/ty2024/in-119,https://tax.vermont.gov/sites/tax/files/documents/IN-119-2024.pdf,"2024 Schedule IN-119, Vermont Tax Adjustments and Nonrefundable Credits"
https://tax.vermont.gov/sites/tax/files/documents/IN-153-2021.pdf,us-vt,income_tax,FETCH,PRESENT,us-vt/form/2026-10-06-w6-income-tax-forms-vt,us-vt/form/vdt/ty2021/in-153,https://tax.vermont.gov/sites/tax/files/documents/IN-153-2021.pdf,"2021 Schedule IN-153, Vermont Capital Gain Exclusion Calculation"
https://tax.vermont.gov/sites/tax/files/documents/IN-153-2022.pdf,us-vt,income_tax,FETCH,PRESENT,us-vt/form/2026-10-06-w6-income-tax-forms-vt,us-vt/form/vdt/ty2022/in-153,https://tax.vermont.gov/sites/tax/files/documents/IN-153-2022.pdf,"2022 Schedule IN-153, Vermont Capital Gains Exclusion Calculation"
https://tax.vermont.gov/sites/tax/files/documents/IN-153-2023.pdf,us-vt,income_tax,FETCH,PRESENT,us-vt/form/2026-10-06-w6-income-tax-forms-vt,us-vt/form/vdt/ty2023/in-153,https://tax.vermont.gov/sites/tax/files/documents/IN-153-2023.pdf,"2023 Schedule IN-153, Vermont Capital Gains Exclusion Calculation"
https://tax.vermont.gov/sites/tax/files/documents/IN-153-2024.pdf,us-vt,income_tax,FETCH,PRESENT,us-vt/form/2026-10-06-w6-income-tax-forms-vt,us-vt/form/vdt/ty2024/in-153,https://tax.vermont.gov/sites/tax/files/documents/IN-153-2024.pdf,"2024 Schedule IN-153, Vermont Capital Gains Exclusion Calculation"
https://tax.vermont.gov/sites/tax/files/documents/Income%20Booklet-2022.pdf,us-vt,ctc income_tax,FETCH,PRESENT,us-vt/form/2026-10-06-w6-income-tax-forms-vt,us-vt/form/vdt/ty2022/income-tax-return-booklet,https://tax.vermont.gov/sites/tax/files/documents/Income%20Booklet-2022.pdf,"Vermont Income Tax Return Booklet, 2022 Forms and Instructions"
https://tax.vermont.gov/sites/tax/files/documents/Income%20Booklet-2024.pdf,us-vt,ctc income_tax,FETCH,PRESENT,us-vt/form/2026-10-06-w6-income-tax-forms-vt,us-vt/form/vdt/ty2024/income-tax-return-booklet,https://tax.vermont.gov/sites/tax/files/documents/Income%20Booklet-2024.pdf,"Vermont Income Tax Return Booklet, 2024 Forms and Instructions"
https://tax.vermont.gov/sites/tax/files/documents/Income-Booklet-2021.pdf,us-vt,ctc income_tax,FETCH,PRESENT,us-vt/form/2026-10-06-w6-income-tax-forms-vt,us-vt/form/vdt/ty2021/income-tax-return-booklet,https://tax.vermont.gov/sites/tax/files/documents/Income-Booklet-2021.pdf,"Vermont Income Tax Return Booklet, 2021 Forms and Instructions"
https://tax.vermont.gov/sites/tax/files/documents/Income-Booklet-2023.pdf,us-vt,ctc income_tax,FETCH,PRESENT,us-vt/form/2026-10-06-w6-income-tax-forms-vt,us-vt/form/vdt/ty2023/income-tax-return-booklet,https://tax.vermont.gov/sites/tax/files/documents/Income-Booklet-2023.pdf,"Vermont Income Tax Return Booklet, 2023 Forms and Instructions"
https://tax.vermont.gov/sites/tax/files/documents/Income-Booklet-2025.pdf,us-vt,ctc eitc income_tax,FETCH,PRESENT,us-vt/form/2026-10-06-w6-income-tax-forms-vt,us-vt/form/vdt/ty2025/income-tax-return-booklet,https://tax.vermont.gov/sites/tax/files/documents/Income-Booklet-2025.pdf,"Vermont Income Tax Return Booklet, 2025 Forms and Instructions"
https://tax.vermont.gov/sites/tax/files/documents/RCC-146-2022.pdf,us-vt,income_tax,FETCH,PRESENT,us-vt/form/2026-10-06-w6-income-tax-forms-vt,us-vt/form/vdt/ty2022/rcc-146,https://tax.vermont.gov/sites/tax/files/documents/RCC-146-2022.pdf,"2022 Form RCC-146, Vermont Renter Credit Claim"
https://tax.vermont.gov/sites/tax/files/documents/RateSched-2021.pdf,us-vt,income_tax,FETCH,PRESENT,us-vt/form/2026-10-06-w6-income-tax-forms-vt,us-vt/form/vdt/ty2021/tax-rate-schedules,https://tax.vermont.gov/sites/tax/files/documents/RateSched-2021.pdf,2021 Vermont Tax Rate Schedules
https://tax.vermont.gov/sites/tax/files/documents/RateSched-2022.pdf,us-vt,income_tax,FETCH,PRESENT,us-vt/form/2026-10-06-w6-income-tax-forms-vt,us-vt/form/vdt/ty2022/tax-rate-schedules,https://tax.vermont.gov/sites/tax/files/documents/RateSched-2022.pdf,2022 Vermont Tax Rate Schedules
https://tax.vermont.gov/sites/tax/files/documents/RateSched-2023.pdf,us-vt,income_tax,FETCH,PRESENT,us-vt/form/2026-10-06-w6-income-tax-forms-vt,us-vt/form/vdt/ty2023/tax-rate-schedules,https://tax.vermont.gov/sites/tax/files/documents/RateSched-2023.pdf,2023 Vermont Tax Rate Schedules
https://tax.vermont.gov/sites/tax/files/documents/RateSched-2024.pdf,us-vt,income_tax,FETCH,PRESENT,us-vt/form/2026-10-06-w6-income-tax-forms-vt,us-vt/form/vdt/ty2024/tax-rate-schedules,https://tax.vermont.gov/sites/tax/files/documents/RateSched-2024.pdf,2024 Vermont Tax Rate Schedules
https://tax.vermont.gov/sites/tax/files/documents/RateSched-2025.pdf,us-vt,income_tax,FETCH,PRESENT,us-vt/form/2026-10-06-w6-income-tax-forms-vt,us-vt/form/vdt/ty2025/wage-bracket-withholding-charts,https://tax.vermont.gov/sites/tax/files/documents/RateSched-2025.pdf,2025 Vermont Wage Bracket Withholding Charts (file RateSched-2025.pdf)
https://tax.vermont.gov/sites/tax/files/documents/renter_credit_2021.pdf,us-vt,income_tax,FETCH,OUT-OF-SCOPE,,,https://tax.vermont.gov/sites/tax/files/documents/renter_credit_2021.pdf,"statistical report (2021 renter credit recipients, average income and credit by county; 13 pages); a dataset, not a source of rules"
https://taxsim.nber.org/historical_state_tax_forms/VT/2021/IN-112-2021.pdf,us-vt,eitc income_tax,CHECK-PUBLISHER,PRESENT,us-vt/form/2026-10-06-w6-income-tax-forms-vt,us-vt/form/vdt/ty2021/in-112,https://tax.vermont.gov/sites/tax/files/documents/IN-112-2021.pdf,"2021 Schedule IN-112, Vermont Tax Adjustments and Credits (third-party repost (NBER TAXSIM); the official 2021 Schedule IN-112 is taken from the Department of Taxes)"
https://law.justia.com/codes/vermont/2020/title-32/chapter-151/section-5828c/,us-vt,income_tax,OFFICIAL-SOURCE,ALREADY-HELD,us-vt/statute/2026-07-16-pit-central-us-vt-title-32-chapter-151,us-vt/statute/32-5828c,https://legislature.vermont.gov/statutes/section/32/151/05828c,32 V.S.A. chapter 151 section held (current text); Justia is a mirror of a prior edition
https://law.justia.com/codes/vermont/2021/title-32/chapter-151/section-5822/,us-vt,income_tax,OFFICIAL-SOURCE,ALREADY-HELD,us-vt/statute/2026-07-16-pit-central-us-vt-title-32-chapter-151,us-vt/statute/32-5822,https://legislature.vermont.gov/statutes/section/32/151/05822,32 V.S.A. chapter 151 section held (current text); Justia is a mirror of a prior edition
https://law.justia.com/codes/vermont/2021/title-32/chapter-151/section-5828c/,us-vt,income_tax,OFFICIAL-SOURCE,ALREADY-HELD,us-vt/statute/2026-07-16-pit-central-us-vt-title-32-chapter-151,us-vt/statute/32-5828c,https://legislature.vermont.gov/statutes/section/32/151/05828c,32 V.S.A. chapter 151 section held (current text); Justia is a mirror of a prior edition
https://law.justia.com/codes/vermont/2022/title-32/chapter-151/section-5822/,us-vt,income_tax,OFFICIAL-SOURCE,ALREADY-HELD,us-vt/statute/2026-07-16-pit-central-us-vt-title-32-chapter-151,us-vt/statute/32-5822,https://legislature.vermont.gov/statutes/section/32/151/05822,32 V.S.A. chapter 151 section held (current text); Justia is a mirror of a prior edition
https://law.justia.com/codes/vermont/2022/title-32/chapter-151/section-5828c/,us-vt,income_tax,OFFICIAL-SOURCE,ALREADY-HELD,us-vt/statute/2026-07-16-pit-central-us-vt-title-32-chapter-151,us-vt/statute/32-5828c,https://legislature.vermont.gov/statutes/section/32/151/05828c,32 V.S.A. chapter 151 section held (current text); Justia is a mirror of a prior edition
https://law.justia.com/codes/vermont/2022/title-32/chapter-154/section-6061/,us-vt,income_tax,OFFICIAL-SOURCE,PRESENT,us-vt/statute/2026-10-06-w6-income-tax-statute-vt,us-vt/statute/32-6061,https://legislature.vermont.gov/statutes/section/32/154/06061,"32 V.S.A. § 6061, Definitions (chapter 154, homestead property tax exemption and renter credit) (same document as the work-order address; fetched https://legislature.vermont.gov/statutes/section/32/154/06061)"
https://law.justia.com/codes/vermont/2022/title-32/chapter-154/section-6066/,us-vt,income_tax,OFFICIAL-SOURCE,PRESENT,us-vt/statute/2026-10-06-w6-income-tax-statute-vt,us-vt/statute/32-6066,https://legislature.vermont.gov/statutes/section/32/154/06066,"32 V.S.A. § 6066, Computation of homestead property tax exemption, municipal property tax credit, and renter credit (same document as the work-order address; fetched https://legislature.vermont.gov/statutes/section/32/154/06066)"
https://tax.vermont.gov/document/2023-renter-credit-website-calculator,us-vt,income_tax,DEAD-LINK,OUT-OF-SCOPE,,,https://tax.vermont.gov/document/2023-renter-credit-website-calculator,calculator download page (404 on 2026-10-06); a calculator is not a source of rules
https://vt529.org/benefits,us-vt,income_tax,BLOCKED-CHECK,OUTREACH,,,https://vt529.org/benefits,"VSAC's Vermont 529 site answers HTTP 403 (118 bytes) to the corpus client (2026-10-06, second refusal); not worked around"
https://vtdigger.org/2025/06/25/gov-phil-scott-signs-13-5-million-tax-credit-package-benefiting-low-income-workers-families-retirees-and-veterans/,us-vt,income_tax,BLOCKED-CHECK,OUT-OF-SCOPE,,,https://vtdigger.org/2025/06/25/gov-phil-scott-signs-13-5-million-tax-credit-package-benefiting-low-income-workers-families-retirees-and-veterans/,"news article (third party, HTTP 403); the law it reports is S.51 (Act 71 of 2025), taken in us-vt/statute"
https://app.leg.wa.gov/RCW/default.aspx?cite=82.08.0206,us-wa,income_tax,FETCH,PRESENT,us-wa/statute/2026-10-06-w6-income-tax-statute-wa,us-wa/statute/82/82.08/82.08.0206,https://app.leg.wa.gov/RCW/default.aspx?cite=82.08.0206,"RCW 82.08.0206, Credits—Working families—Eligible low-income persons"
https://app.leg.wa.gov/RCW/default.aspx?cite=82.87.040,us-wa,income_tax,FETCH,ALREADY-HELD,us-wa/statute/2026-07-13-recovery,us-wa/statute/82/82.87/82.87.040,https://app.leg.wa.gov/RCW/default.aspx?cite=82.87.040,RCW section held (same URL in the scope inventory)
https://app.leg.wa.gov/RCW/default.aspx?cite=82.87.060,us-wa,income_tax,FETCH,ALREADY-HELD,us-wa/statute/2026-07-13-recovery,us-wa/statute/82/82.87/82.87.060,https://app.leg.wa.gov/RCW/default.aspx?cite=82.87.060,RCW section held (same URL in the scope inventory)
https://app.leg.wa.gov/RCW/default.aspx?cite=82.87.080,us-wa,income_tax,FETCH,ALREADY-HELD,us-wa/statute/2026-07-13-recovery,us-wa/statute/82/82.87/82.87.080,https://app.leg.wa.gov/RCW/default.aspx?cite=82.87.080,RCW section held (same URL in the scope inventory)
https://apps.leg.wa.gov/wac/default.aspx?cite=458-20-285,us-wa,income_tax,FETCH,PRESENT,us-wa/regulation/2026-10-06-w6-income-tax-regulation-wa,us-wa/regulation/458/458-20/458-20-285,https://apps.leg.wa.gov/wac/default.aspx?cite=458-20-285,"WAC 458-20-285, Working families tax credit"
https://dor.wa.gov/about/news-releases/2023/applications-now-being-accepted-working-families-tax-credit,us-wa,income_tax,FETCH,PRESENT,us-wa/guidance/2026-10-06-w6-income-tax-guidance-wa,us-wa/guidance/dor/news-releases/2023/applications-now-being-accepted-working-families-tax-credit,https://dor.wa.gov/about/news-releases/2023/applications-now-being-accepted-working-families-tax-credit,Applications Now Being Accepted for the Working Families Tax Credit (2023 news release)
https://dor.wa.gov/about/news-releases/2024/tax-year-2023-applications-now-being-accepted-working-families-tax-credit,us-wa,income_tax,FETCH,PRESENT,us-wa/guidance/2026-10-06-w6-income-tax-guidance-wa,us-wa/guidance/dor/news-releases/2024/tax-year-2023-applications-now-being-accepted-working-families-tax-credit,https://dor.wa.gov/about/news-releases/2024/tax-year-2023-applications-now-being-accepted-working-families-tax-credit,Tax year 2023 applications now being accepted for the Working Families Tax Credit (2024 news release)
https://dor.wa.gov/about/news-releases/2025/working-families-tax-credit-application-window-opens-feb-1,us-wa,income_tax,FETCH,PRESENT,us-wa/guidance/2026-10-06-w6-income-tax-guidance-wa,us-wa/guidance/dor/news-releases/2025/working-families-tax-credit-application-window-opens-feb-1,https://dor.wa.gov/about/news-releases/2025/working-families-tax-credit-application-window-opens-feb-1,Working Families Tax Credit application window opens Feb. 1 (2025 news release)
https://dor.wa.gov/about/news-releases/2026/working-families-tax-credit-application-window-opens-feb-1,us-wa,income_tax,FETCH,PRESENT,us-wa/guidance/2026-10-06-w6-income-tax-guidance-wa,us-wa/guidance/dor/news-releases/2026/working-families-tax-credit-application-window-opens-feb-1,https://dor.wa.gov/about/news-releases/2026/working-families-tax-credit-application-window-opens-feb-1,Working Families Tax Credit application window opens Feb. 1 (2026 news release)
https://dor.wa.gov/forms-publications/publications-subject/tax-topics/2021-tax-legislation,us-wa,income_tax,FETCH,PRESENT,us-wa/guidance/2026-10-06-w6-income-tax-guidance-wa,us-wa/guidance/dor/tax-topics/2021-tax-legislation,https://dor.wa.gov/forms-publications/publications-subject/tax-topics/2021-tax-legislation,2021 Tax Legislation (Washington Department of Revenue tax topic)
https://dor.wa.gov/sites/default/files/2026-07/ETA3240.2026.pdf,us-wa,income_tax,FETCH,PRESENT,us-wa/guidance/2026-10-06-w6-income-tax-guidance-wa,us-wa/guidance/dor/eta-3240-2026,https://dor.wa.gov/sites/default/files/2026-07/ETA3240.2026.pdf,"Excise Tax Advisory ETA 3240.2026, Working Families Tax Credit (issued January 5, 2026)"
https://lawfilesext.leg.wa.gov/biennium/2021-22/Pdf/Bills/Session%20Laws/Senate/5096-S.SL.pdf,us-wa,income_tax,FETCH,PRESENT,us-wa/statute/2026-10-06-w6-income-tax-statute-wa,us-wa/statute/session-laws/2021/chapter-196,https://lawfilesext.leg.wa.gov/biennium/2021-22/Pdf/Bills/Session%20Laws/Senate/5096-S.SL.pdf,"Engrossed Substitute Senate Bill 5096, Chapter 196, Laws of 2021 (session law)"
https://lawfilesext.leg.wa.gov/biennium/2025-26/Htm/Bills/Session%20Laws/Senate/5813-S.SL.htm,us-wa,income_tax,FETCH,PRESENT,us-wa/statute/2026-10-06-w6-income-tax-statute-wa,us-wa/statute/session-laws/2025/chapter-421,https://lawfilesext.leg.wa.gov/biennium/2025-26/Htm/Bills/Session%20Laws/Senate/5813-S.SL.htm,"Engrossed Substitute Senate Bill 5813, Chapter 421, Laws of 2025 (session law)"
https://lawfilesext.leg.wa.gov/biennium/2025-26/Pdf/Bills/Senate%20Passed%20Legislature/6346-S.PL.pdf,us-wa,income_tax,FETCH,PRESENT,us-wa/statute/2026-10-06-w6-income-tax-statute-wa,us-wa/statute/bills/2026/sb6346-passed-legislature,https://lawfilesext.leg.wa.gov/biennium/2025-26/Pdf/Bills/Senate%20Passed%20Legislature/6346-S.PL.pdf,Engrossed Substitute Senate Bill 6346 as passed by the Legislature (2026 Regular Session)
https://lawfilesext.leg.wa.gov/law/WACArchive/2025/pdf/WAC%20388%20-478%20%20CHAPTER/WAC%20388%20-478%20-0015.pdf,us-wa,income_tax,FETCH,ALREADY-HELD,us-wa/regulation/2026-06-25-388-478,us-wa/regulation/388/388-478/388-478-0015,https://app.leg.wa.gov/WAC/default.aspx?cite=388-478-0015,WAC 388-478-0015 held from the current WAC page; this address is the 2025 WAC archive PDF of the same section
https://lawfilesext.leg.wa.gov/law/wsrpdf/2025/10/25-10-017.pdf,us-wa,income_tax,FETCH,PRESENT,us-wa/rulemaking/2026-10-06-w6-income-tax-rulemaking-wa,us-wa/rulemaking/wsr/25-10-017,https://lawfilesext.leg.wa.gov/law/wsrpdf/2025/10/25-10-017.pdf,"Washington State Register WSR 25-10-017, permanent rules"
https://workingfamiliescredit.wa.gov/eligibility,us-wa,income_tax,FETCH,PRESENT,us-wa/guidance/2026-10-06-w6-income-tax-guidance-wa,us-wa/guidance/dor/working-families-tax-credit-eligibility,https://workingfamiliescredit.wa.gov/eligibility,"Eligibility, Washington State Working Families Tax Credit"
https://workingfamiliescredit.wa.gov/sites/default/files/2024-01/WFTC_AppInstr_English_2023.pdf,us-wa,income_tax,FETCH,PRESENT,us-wa/form/2026-10-06-w6-income-tax-forms-wa,us-wa/form/dor/ty2023/wftc-application-instructions,https://workingfamiliescredit.wa.gov/sites/default/files/2024-01/WFTC_AppInstr_English_2023.pdf,2023 Working Families Tax Credit Application Instructions
https://workingfamiliescredit.wa.gov/sites/default/files/2024-01/WFTC_app_2023_English.pdf,us-wa,income_tax,FETCH,PRESENT,us-wa/form/2026-10-06-w6-income-tax-forms-wa,us-wa/form/dor/ty2023/wftc-application,https://workingfamiliescredit.wa.gov/sites/default/files/2024-01/WFTC_app_2023_English.pdf,2023 Working Families Tax Credit Application (Form 14 0001)
us-wi/form/individual-income-tax/2025/schedule-sb-instructions,us-wi,income_tax,EXTRACT-MANIFEST,ALREADY-HELD,us-wi/form/2026-09-23-wi-schedule-sb-2025,us-wi/form/individual-income-tax/2025/schedule-sb-instructions,https://www.revenue.wi.gov/TaxForms2025/2025-ScheduleSB-Inst.pdf,"locked scope on main (manifests/us-wi-2025-schedule-sb-instructions.yaml), not yet in a release"
us-wi/form/tax_forms/revenue.wi.gov/taxforms2021/2021-form1-inst,us-wi,eitc income_tax,EXTRACT-MANIFEST,PRESENT,us-wi/form/2026-10-06-w6-income-tax-forms-wi,us-wi/form/tax-forms/revenue.wi.gov/taxforms2021/2021-form1-inst,https://revenue.wi.gov/TaxForms2021/2021-Form1-Inst.pdf,"2021 Form 1 Instructions, Wisconsin Income Tax (same document as the work-order address; fetched https://revenue.wi.gov/TaxForms2021/2021-Form1-Inst.pdf)"
us-wi/form/tax_forms/revenue.wi.gov/taxforms2021/2021-form1f,us-wi,eitc income_tax,EXTRACT-MANIFEST,PRESENT,us-wi/form/2026-10-06-w6-income-tax-forms-wi,us-wi/form/tax-forms/revenue.wi.gov/taxforms2021/2021-form1f,https://revenue.wi.gov/TaxForms2021/2021-Form1f.pdf,"2021 Form 1, Wisconsin Income Tax (fillable) (same document as the work-order address; fetched https://revenue.wi.gov/TaxForms2021/2021-Form1f.pdf)"
us-wi/form/tax_forms/revenue.wi.gov/taxforms2021/2021-schedulead,us-wi,income_tax,EXTRACT-MANIFEST,PRESENT,us-wi/form/2026-10-06-w6-income-tax-forms-wi,us-wi/form/tax-forms/revenue.wi.gov/taxforms2021/2021-schedulead,https://revenue.wi.gov/TaxForms2021/2021-ScheduleAD.pdf,"2021 Schedule AD, Additions to Income (same document as the work-order address; fetched https://revenue.wi.gov/TaxForms2021/2021-ScheduleAD.pdf)"
us-wi/form/tax_forms/revenue.wi.gov/taxforms2021/2021-schedulead-inst/taxforms2021-2021-schedulead-inst-77dc60ab76,us-wi,income_tax,EXTRACT-MANIFEST,PRESENT,us-wi/form/2026-10-06-w6-income-tax-forms-wi,us-wi/form/tax-forms/revenue.wi.gov/taxforms2021/2021-schedulead-inst/taxforms2021-2021-schedulead-inst-77dc60ab76,https://revenue.wi.gov/TaxForms2021/2021-ScheduleAD-inst.pdf,"2021 Schedule AD Instructions, Additions to Income (same document as the work-order address; fetched https://revenue.wi.gov/TaxForms2021/2021-ScheduleAD-inst.pdf)"
us-wi/form/tax_forms/revenue.wi.gov/taxforms2021/2021-scheduleadf,us-wi,income_tax,EXTRACT-MANIFEST,PRESENT,us-wi/form/2026-10-06-w6-income-tax-forms-wi,us-wi/form/tax-forms/revenue.wi.gov/taxforms2021/2021-scheduleadf,https://revenue.wi.gov/TaxForms2021/2021-ScheduleADf.pdf,"2021 Schedule AD, Additions to Income (fillable) (same document as the work-order address; fetched https://revenue.wi.gov/TaxForms2021/2021-ScheduleADf.pdf)"
us-wi/form/tax_forms/revenue.wi.gov/taxforms2021/2021-scheduleh,us-wi,income_tax,EXTRACT-MANIFEST,PRESENT,us-wi/form/2026-10-06-w6-income-tax-forms-wi,us-wi/form/tax-forms/revenue.wi.gov/taxforms2021/2021-scheduleh,https://revenue.wi.gov/TaxForms2021/2021-ScheduleH.pdf,"2021 Schedule H, Wisconsin Homestead Credit (same document as the work-order address; fetched https://revenue.wi.gov/TaxForms2021/2021-ScheduleH.pdf)"
us-wi/form/tax_forms/revenue.wi.gov/taxforms2021/2021-scheduleh-inst,us-wi,income_tax,EXTRACT-MANIFEST,PRESENT,us-wi/form/2026-10-06-w6-income-tax-forms-wi,us-wi/form/tax-forms/revenue.wi.gov/taxforms2021/2021-scheduleh-inst,https://revenue.wi.gov/TaxForms2021/2021-ScheduleH-inst.pdf,"2021 Schedule H and H-EZ Instructions, Wisconsin Homestead Credit (same document as the work-order address; fetched https://revenue.wi.gov/TaxForms2021/2021-ScheduleH-inst.pdf)"
us-wi/form/tax_forms/revenue.wi.gov/taxforms2021/2021-schedulesb,us-wi,income_tax,EXTRACT-MANIFEST,PRESENT,us-wi/form/2026-10-06-w6-income-tax-forms-wi,us-wi/form/tax-forms/revenue.wi.gov/taxforms2021/2021-schedulesb,https://revenue.wi.gov/TaxForms2021/2021-ScheduleSB.pdf,"2021 Schedule SB, Subtractions from Income (same document as the work-order address; fetched https://revenue.wi.gov/TaxForms2021/2021-ScheduleSB.pdf)"
us-wi/form/tax_forms/revenue.wi.gov/taxforms2021/2021-schedulesb-inst/taxforms2021-2021-schedulesb-inst-335e1d38ff,us-wi,income_tax,EXTRACT-MANIFEST,PRESENT,us-wi/form/2026-10-06-w6-income-tax-forms-wi,us-wi/form/tax-forms/revenue.wi.gov/taxforms2021/2021-schedulesb-inst/taxforms2021-2021-schedulesb-inst-335e1d38ff,https://revenue.wi.gov/TaxForms2021/2021-ScheduleSB-inst.pdf,"2021 Schedule SB Instructions, Subtractions from Income (same document as the work-order address; fetched https://revenue.wi.gov/TaxForms2021/2021-ScheduleSB-inst.pdf)"
us-wi/form/tax_forms/revenue.wi.gov/taxforms2021/2021-schedulesbf,us-wi,income_tax,EXTRACT-MANIFEST,PRESENT,us-wi/form/2026-10-06-w6-income-tax-forms-wi,us-wi/form/tax-forms/revenue.wi.gov/taxforms2021/2021-schedulesbf,https://revenue.wi.gov/TaxForms2021/2021-ScheduleSBf.pdf,"2021 Schedule SB, Subtractions from Income (fillable) (same document as the work-order address; fetched https://revenue.wi.gov/TaxForms2021/2021-ScheduleSBf.pdf)"
us-wi/form/tax_forms/revenue.wi.gov/taxforms2021/2021-schedulewdf,us-wi,income_tax,EXTRACT-MANIFEST,PRESENT,us-wi/form/2026-10-06-w6-income-tax-forms-wi,us-wi/form/tax-forms/revenue.wi.gov/taxforms2021/2021-schedulewdf,https://revenue.wi.gov/TaxForms2021/2021-ScheduleWDf.pdf,"2021 Schedule WD, Capital Gains and Losses (fillable) (same document as the work-order address; fetched https://revenue.wi.gov/TaxForms2021/2021-ScheduleWDf.pdf)"
us-wi/form/tax_forms/revenue.wi.gov/taxforms2022/2022-form1-inst,us-wi,eitc income_tax,EXTRACT-MANIFEST,PRESENT,us-wi/form/2026-10-06-w6-income-tax-forms-wi,us-wi/form/tax-forms/revenue.wi.gov/taxforms2022/2022-form1-inst,https://revenue.wi.gov/TaxForms2022/2022-Form1-Inst.pdf,"2022 Form 1 Instructions, Wisconsin Income Tax (same document as the work-order address; fetched https://revenue.wi.gov/TaxForms2022/2022-Form1-Inst.pdf)"
us-wi/form/tax_forms/revenue.wi.gov/taxforms2022/2022-form1f,us-wi,eitc income_tax,EXTRACT-MANIFEST,PRESENT,us-wi/form/2026-10-06-w6-income-tax-forms-wi,us-wi/form/tax-forms/revenue.wi.gov/taxforms2022/2022-form1f,https://revenue.wi.gov/TaxForms2022/2022-Form1f.pdf,"2022 Form 1, Wisconsin Income Tax (fillable) (same document as the work-order address; fetched https://revenue.wi.gov/TaxForms2022/2022-Form1f.pdf)"
us-wi/form/tax_forms/revenue.wi.gov/taxforms2022/2022-schedulead-inst,us-wi,income_tax,EXTRACT-MANIFEST,PRESENT,us-wi/form/2026-10-06-w6-income-tax-forms-wi,us-wi/form/tax-forms/revenue.wi.gov/taxforms2022/2022-schedulead-inst,https://revenue.wi.gov/TaxForms2022/2022-ScheduleAD-Inst.pdf,"2022 Schedule AD Instructions, Additions to Income (same document as the work-order address; fetched https://revenue.wi.gov/TaxForms2022/2022-ScheduleAD-Inst.pdf)"
us-wi/form/tax_forms/revenue.wi.gov/taxforms2022/2022-scheduleadf,us-wi,income_tax,EXTRACT-MANIFEST,PRESENT,us-wi/form/2026-10-06-w6-income-tax-forms-wi,us-wi/form/tax-forms/revenue.wi.gov/taxforms2022/2022-scheduleadf,https://revenue.wi.gov/TaxForms2022/2022-ScheduleADf.pdf,"2022 Schedule AD, Additions to Income (fillable) (same document as the work-order address; fetched https://revenue.wi.gov/TaxForms2022/2022-ScheduleADf.pdf)"
us-wi/form/tax_forms/revenue.wi.gov/taxforms2022/2022-scheduleh,us-wi,income_tax,EXTRACT-MANIFEST,PRESENT,us-wi/form/2026-10-06-w6-income-tax-forms-wi,us-wi/form/tax-forms/revenue.wi.gov/taxforms2022/2022-scheduleh,https://revenue.wi.gov/TaxForms2022/2022-ScheduleH.pdf,"2022 Schedule H, Wisconsin Homestead Credit (same document as the work-order address; fetched https://revenue.wi.gov/TaxForms2022/2022-ScheduleH.pdf)"
us-wi/form/tax_forms/revenue.wi.gov/taxforms2022/2022-scheduleh-inst,us-wi,income_tax,EXTRACT-MANIFEST,PRESENT,us-wi/form/2026-10-06-w6-income-tax-forms-wi,us-wi/form/tax-forms/revenue.wi.gov/taxforms2022/2022-scheduleh-inst,https://revenue.wi.gov/TaxForms2022/2022-ScheduleH-inst.pdf,"2022 Schedule H and H-EZ Instructions, Wisconsin Homestead Credit (same document as the work-order address; fetched https://revenue.wi.gov/TaxForms2022/2022-ScheduleH-inst.pdf)"
us-wi/form/tax_forms/revenue.wi.gov/taxforms2022/2022-schedulesb-inst,us-wi,income_tax,EXTRACT-MANIFEST,PRESENT,us-wi/form/2026-10-06-w6-income-tax-forms-wi,us-wi/form/tax-forms/revenue.wi.gov/taxforms2022/2022-schedulesb-inst,https://revenue.wi.gov/TaxForms2022/2022-ScheduleSB-Inst.pdf,"2022 Schedule SB Instructions, Subtractions from Income (same document as the work-order address; fetched https://revenue.wi.gov/TaxForms2022/2022-ScheduleSB-Inst.pdf)"
us-wi/form/tax_forms/revenue.wi.gov/taxforms2022/2022-schedulesbf,us-wi,income_tax,EXTRACT-MANIFEST,PRESENT,us-wi/form/2026-10-06-w6-income-tax-forms-wi,us-wi/form/tax-forms/revenue.wi.gov/taxforms2022/2022-schedulesbf,https://revenue.wi.gov/TaxForms2022/2022-ScheduleSBf.pdf,"2022 Schedule SB, Subtractions from Income (fillable) (same document as the work-order address; fetched https://revenue.wi.gov/TaxForms2022/2022-ScheduleSBf.pdf)"
us-wi/form/tax_forms/revenue.wi.gov/taxforms2022/2022-schedulewdf,us-wi,income_tax,EXTRACT-MANIFEST,PRESENT,us-wi/form/2026-10-06-w6-income-tax-forms-wi,us-wi/form/tax-forms/revenue.wi.gov/taxforms2022/2022-schedulewdf,https://revenue.wi.gov/TaxForms2022/2022-ScheduleWDf.pdf,"2022 Schedule WD, Capital Gains and Losses (fillable) (same document as the work-order address; fetched https://revenue.wi.gov/TaxForms2022/2022-ScheduleWDf.pdf)"
us-wi/form/tax_forms/revenue.wi.gov/taxforms2023/2023-form1,us-wi,income_tax,EXTRACT-MANIFEST,PRESENT,us-wi/form/2026-10-06-w6-income-tax-forms-wi,us-wi/form/tax-forms/revenue.wi.gov/taxforms2023/2023-form1,https://revenue.wi.gov/TaxForms2023/2023-Form1.pdf,"2023 Form 1, Wisconsin Income Tax (same document as the work-order address; fetched https://revenue.wi.gov/TaxForms2023/2023-Form1.pdf)"
us-wi/form/tax_forms/revenue.wi.gov/taxforms2023/2023-form1-inst,us-wi,eitc income_tax,EXTRACT-MANIFEST,PRESENT,us-wi/form/2026-10-06-w6-income-tax-forms-wi,us-wi/form/tax-forms/revenue.wi.gov/taxforms2023/2023-form1-inst,https://revenue.wi.gov/TaxForms2023/2023-Form1-Inst.pdf,"2023 Form 1 Instructions, Wisconsin Income Tax (same document as the work-order address; fetched https://revenue.wi.gov/TaxForms2023/2023-Form1-Inst.pdf)"
us-wi/form/tax_forms/revenue.wi.gov/taxforms2023/2023-schedulead-inst,us-wi,income_tax,EXTRACT-MANIFEST,PRESENT,us-wi/form/2026-10-06-w6-income-tax-forms-wi,us-wi/form/tax-forms/revenue.wi.gov/taxforms2023/2023-schedulead-inst,https://revenue.wi.gov/TaxForms2023/2023-ScheduleAD-Inst.pdf,"2023 Schedule AD Instructions, Additions to Income (same document as the work-order address; fetched https://revenue.wi.gov/TaxForms2023/2023-ScheduleAD-Inst.pdf)"
us-wi/form/tax_forms/revenue.wi.gov/taxforms2023/2023-scheduleh-inst,us-wi,income_tax,EXTRACT-MANIFEST,PRESENT,us-wi/form/2026-10-06-w6-income-tax-forms-wi,us-wi/form/tax-forms/revenue.wi.gov/taxforms2023/2023-scheduleh-inst,https://revenue.wi.gov/TaxForms2023/2023-ScheduleH-Inst.pdf,"2023 Schedule H and H-EZ Instructions, Wisconsin Homestead Credit (same document as the work-order address; fetched https://revenue.wi.gov/TaxForms2023/2023-ScheduleH-Inst.pdf)"
us-wi/form/tax_forms/revenue.wi.gov/taxforms2023/2023-schedulesb-inst,us-wi,income_tax,EXTRACT-MANIFEST,PRESENT,us-wi/form/2026-10-06-w6-income-tax-forms-wi,us-wi/form/tax-forms/revenue.wi.gov/taxforms2023/2023-schedulesb-inst,https://revenue.wi.gov/TaxForms2023/2023-ScheduleSB-Inst.pdf,"2023 Schedule SB Instructions, Subtractions from Income (same document as the work-order address; fetched https://revenue.wi.gov/TaxForms2023/2023-ScheduleSB-Inst.pdf)"
us-wi/form/tax_forms/revenue.wi.gov/taxforms2023/2023-schedulewd-inst,us-wi,income_tax,EXTRACT-MANIFEST,PRESENT,us-wi/form/2026-10-06-w6-income-tax-forms-wi,us-wi/form/tax-forms/revenue.wi.gov/taxforms2023/2023-schedulewd-inst,https://revenue.wi.gov/TaxForms2023/2023-ScheduleWD-Inst.pdf,"2023 Schedule WD Instructions, Capital Gains and Losses (same document as the work-order address; fetched https://revenue.wi.gov/TaxForms2023/2023-ScheduleWD-Inst.pdf)"
us-wi/form/tax_forms/revenue.wi.gov/taxforms2023/2023-schedulewdf,us-wi,income_tax,EXTRACT-MANIFEST,PRESENT,us-wi/form/2026-10-06-w6-income-tax-forms-wi,us-wi/form/tax-forms/revenue.wi.gov/taxforms2023/2023-schedulewdf,https://revenue.wi.gov/TaxForms2023/2023-ScheduleWDf.pdf,"2023 Schedule WD, Capital Gains and Losses (fillable) (same document as the work-order address; fetched https://revenue.wi.gov/TaxForms2023/2023-ScheduleWDf.pdf)"
us-wi/form/tax_forms/revenue.wi.gov/taxforms2024/2024-form1,us-wi,income_tax,EXTRACT-MANIFEST,PRESENT,us-wi/form/2026-10-06-w6-income-tax-forms-wi,us-wi/form/tax-forms/revenue.wi.gov/taxforms2024/2024-form1,https://revenue.wi.gov/TaxForms2024/2024-Form1.pdf,"2024 Form 1, Wisconsin Income Tax (same document as the work-order address; fetched https://revenue.wi.gov/TaxForms2024/2024-Form1.pdf)"
us-wi/form/tax_forms/revenue.wi.gov/taxforms2024/2024-form1-inst,us-wi,eitc income_tax,EXTRACT-MANIFEST,PRESENT,us-wi/form/2026-10-06-w6-income-tax-forms-wi,us-wi/form/tax-forms/revenue.wi.gov/taxforms2024/2024-form1-inst,https://revenue.wi.gov/TaxForms2024/2024-Form1-inst.pdf,"2024 Form 1 Instructions, Wisconsin Income Tax (same document as the work-order address; fetched https://revenue.wi.gov/TaxForms2024/2024-Form1-inst.pdf)"
us-wi/form/tax_forms/revenue.wi.gov/taxforms2024/2024-schedulead-inst,us-wi,income_tax,EXTRACT-MANIFEST,PRESENT,us-wi/form/2026-10-06-w6-income-tax-forms-wi,us-wi/form/tax-forms/revenue.wi.gov/taxforms2024/2024-schedulead-inst,https://revenue.wi.gov/TaxForms2024/2024-ScheduleAD-Inst.pdf,"2024 Schedule AD Instructions, Additions to Income (same document as the work-order address; fetched https://revenue.wi.gov/TaxForms2024/2024-ScheduleAD-Inst.pdf)"
us-wi/form/tax_forms/revenue.wi.gov/taxforms2024/2024-scheduleh,us-wi,income_tax,EXTRACT-MANIFEST,PRESENT,us-wi/form/2026-10-06-w6-income-tax-forms-wi,us-wi/form/tax-forms/revenue.wi.gov/taxforms2024/2024-scheduleh,https://revenue.wi.gov/TaxForms2024/2024-ScheduleH.pdf,"2024 Schedule H, Wisconsin Homestead Credit (same document as the work-order address; fetched https://revenue.wi.gov/TaxForms2024/2024-ScheduleH.pdf)"
us-wi/form/tax_forms/revenue.wi.gov/taxforms2024/2024-scheduleh-inst,us-wi,income_tax,EXTRACT-MANIFEST,PRESENT,us-wi/form/2026-10-06-w6-income-tax-forms-wi,us-wi/form/tax-forms/revenue.wi.gov/taxforms2024/2024-scheduleh-inst,https://revenue.wi.gov/TaxForms2024/2024-ScheduleH-inst.pdf,"2024 Schedule H and H-EZ Instructions, Wisconsin Homestead Credit (same document as the work-order address; fetched https://revenue.wi.gov/TaxForms2024/2024-ScheduleH-inst.pdf)"
us-wi/form/tax_forms/revenue.wi.gov/taxforms2024/2024-schedulesb-inst,us-wi,income_tax,EXTRACT-MANIFEST,PRESENT,us-wi/form/2026-10-06-w6-income-tax-forms-wi,us-wi/form/tax-forms/revenue.wi.gov/taxforms2024/2024-schedulesb-inst,https://revenue.wi.gov/TaxForms2024/2024-ScheduleSB-Inst.pdf,"2024 Schedule SB Instructions, Subtractions from Income (same document as the work-order address; fetched https://revenue.wi.gov/TaxForms2024/2024-ScheduleSB-Inst.pdf)"
us-wi/form/tax_forms/revenue.wi.gov/taxforms2024/2024-schedulewdf,us-wi,income_tax,EXTRACT-MANIFEST,PRESENT,us-wi/form/2026-10-06-w6-income-tax-forms-wi,us-wi/form/tax-forms/revenue.wi.gov/taxforms2024/2024-schedulewdf,https://revenue.wi.gov/TaxForms2024/2024-ScheduleWDf.pdf,"2024 Schedule WD, Capital Gains and Losses (fillable) (same document as the work-order address; fetched https://revenue.wi.gov/TaxForms2024/2024-ScheduleWDf.pdf)"
us-wi/form/tax_forms/revenue.wi.gov/taxforms2024/2024-schedulewi-2441-inst,us-wi,income_tax,EXTRACT-MANIFEST,PRESENT,us-wi/form/2026-10-06-w6-income-tax-forms-wi,us-wi/form/tax-forms/revenue.wi.gov/taxforms2024/2024-schedulewi-2441-inst,https://revenue.wi.gov/TaxForms2024/2024-ScheduleWI-2441-Inst.pdf,"2024 Schedule WI-2441 Instructions, Additional Child and Dependent Care Credit (same document as the work-order address; fetched https://revenue.wi.gov/TaxForms2024/2024-ScheduleWI-2441-Inst.pdf)"
us-wi/form/tax_forms/revenue.wi.gov/taxforms2025/2025-form1,us-wi,income_tax,EXTRACT-MANIFEST,ALREADY-HELD,us-wi/form/2026-09-15-income-tax-forms-ty2025,us-wi/form/dor/ty2025/form-1,https://revenue.wi.gov/TaxForms2025/2025-Form1.pdf,wave-5 TY2025 forms scope; sha256-identical
us-wi/form/tax_forms/revenue.wi.gov/taxforms2025/2025-form1-inst,us-wi,eitc income_tax,EXTRACT-MANIFEST,ALREADY-HELD,us-wi/form/2026-09-15-income-tax-forms-ty2025,us-wi/form/dor/ty2025/form-1-instructions,https://revenue.wi.gov/TaxForms2025/2025-Form1-inst.pdf,wave-5 TY2025 forms scope; sha256-identical
us-wi/form/tax_forms/revenue.wi.gov/taxforms2025/2025-schedulead-inst,us-wi,income_tax,EXTRACT-MANIFEST,PRESENT,us-wi/form/2026-10-06-w6-income-tax-forms-wi,us-wi/form/tax-forms/revenue.wi.gov/taxforms2025/2025-schedulead-inst,https://revenue.wi.gov/TaxForms2025/2025-ScheduleAD-Inst.pdf,"2025 Schedule AD Instructions, Additions to Income (same document as the work-order address; fetched https://revenue.wi.gov/TaxForms2025/2025-ScheduleAD-Inst.pdf)"
us-wi/form/tax_forms/revenue.wi.gov/taxforms2025/2025-scheduleh,us-wi,income_tax,EXTRACT-MANIFEST,PRESENT,us-wi/form/2026-10-06-w6-income-tax-forms-wi,us-wi/form/tax-forms/revenue.wi.gov/taxforms2025/2025-scheduleh,https://revenue.wi.gov/TaxForms2025/2025-ScheduleH.pdf,"2025 Schedule H, Wisconsin Homestead Credit (same document as the work-order address; fetched https://revenue.wi.gov/TaxForms2025/2025-ScheduleH.pdf)"
us-wi/form/tax_forms/revenue.wi.gov/taxforms2025/2025-scheduleh-inst,us-wi,income_tax,EXTRACT-MANIFEST,PRESENT,us-wi/form/2026-10-06-w6-income-tax-forms-wi,us-wi/form/tax-forms/revenue.wi.gov/taxforms2025/2025-scheduleh-inst,https://revenue.wi.gov/TaxForms2025/2025-ScheduleH-inst.pdf,"2025 Schedule H and H-EZ Instructions, Wisconsin Homestead Credit (same document as the work-order address; fetched https://revenue.wi.gov/TaxForms2025/2025-ScheduleH-inst.pdf)"
us-wi/form/tax_forms/revenue.wi.gov/taxforms2025/2025-schedulewdf,us-wi,income_tax,EXTRACT-MANIFEST,PRESENT,us-wi/form/2026-10-06-w6-income-tax-forms-wi,us-wi/form/tax-forms/revenue.wi.gov/taxforms2025/2025-schedulewdf,https://revenue.wi.gov/TaxForms2025/2025-ScheduleWDf.pdf,"2025 Schedule WD, Capital Gains and Losses (fillable) (same document as the work-order address; fetched https://revenue.wi.gov/TaxForms2025/2025-ScheduleWDf.pdf)"
us-wi/form/tax_forms/revenue.wi.gov/taxforms2025/2025-schedulewi-2441-inst,us-wi,income_tax,EXTRACT-MANIFEST,PRESENT,us-wi/form/2026-10-06-w6-income-tax-forms-wi,us-wi/form/tax-forms/revenue.wi.gov/taxforms2025/2025-schedulewi-2441-inst,https://revenue.wi.gov/TaxForms2025/2025-ScheduleWI-2441-Inst.pdf,"2025 Schedule WI-2441 Instructions, Additional Child and Dependent Care Credit (same document as the work-order address; fetched https://revenue.wi.gov/TaxForms2025/2025-ScheduleWI-2441-Inst.pdf)"
us-wi/form/tax_forms/revenue.wi.gov/taxforms2025/2025-schedulesb-inst/taxforms2025-2025-schedulesb-inst-1e6e63914c,us-wi,income_tax,EXTRACT-MANIFEST,ALREADY-HELD,us-wi/form/2026-09-23-wi-schedule-sb-2025,us-wi/form/individual-income-tax/2025/schedule-sb-instructions,https://revenue.wi.gov/TaxForms2025/2025-ScheduleSB-inst.pdf,same PDF as the held 2025 Schedule SB instructions (sha256-identical; URL differs only in case)
https://dfi.wi.gov/Pages/EducationalServices/CollegeSavingsCareerPlanning/CollegeSavingsProgram.aspx,us-wi,income_tax,FETCH,PRESENT,us-wi/guidance/2026-10-06-w6-income-tax-guidance-wi,us-wi/guidance/dfi/college-savings-program,https://dfi.wi.gov/Pages/EducationalServices/CollegeSavingsCareerPlanning/CollegeSavingsProgram.aspx,Wisconsin 529 College Savings Program (Department of Financial Institutions)
https://docs.legis.wisconsin.gov/2023/statutes/statutes/71/i/05/22/dm,us-wi,income_tax,FETCH,PRESENT,us-wi/statute/2026-10-06-w6-income-tax-statute-wi,us-wi/statute/2023-24-edition/71.05/22/dm,https://docs.legis.wisconsin.gov/2023/statutes/statutes/71/i/05/22/dm,Wis. Stat. 71.05(22)(dm) (2023-24 Wisconsin Statutes edition page)
https://docs.legis.wisconsin.gov/2023/statutes/statutes/71/i/07/9/b/5,us-wi,income_tax,FETCH,PRESENT,us-wi/statute/2026-10-06-w6-income-tax-statute-wi,us-wi/statute/2023-24-edition/71.07/9/b/5,https://docs.legis.wisconsin.gov/2023/statutes/statutes/71/i/07/9/b/5,Wis. Stat. 71.07(9)(b)5. (2023-24 Wisconsin Statutes edition page)
https://docs.legis.wisconsin.gov/misc/lfb/informational_papers/january_2021/0013_homestead_tax_credit_informational_paper_13.pdf,us-wi,income_tax,FETCH,PRESENT,us-wi/guidance/2026-10-06-w6-income-tax-guidance-wi,us-wi/guidance/lfb/informational-paper-13-homestead-tax-credit-2021,https://docs.legis.wisconsin.gov/misc/lfb/informational_papers/january_2021/0013_homestead_tax_credit_informational_paper_13.pdf,"Informational Paper 13, Homestead Tax Credit (Legislative Fiscal Bureau, January 2021)"
https://docs.legis.wisconsin.gov/misc/lfb/informational_papers/january_2023/0002_individual_income_tax_informational_paper_2.pdf,us-wi,eitc income_tax,FETCH,PRESENT,us-wi/guidance/2026-10-06-w6-income-tax-guidance-wi,us-wi/guidance/lfb/informational-paper-2-individual-income-tax-2023,https://docs.legis.wisconsin.gov/misc/lfb/informational_papers/january_2023/0002_individual_income_tax_informational_paper_2.pdf,"Informational Paper 2, Individual Income Tax (Legislative Fiscal Bureau, January 2023)"
https://docs.legis.wisconsin.gov/statutes/statutes/71/i/05/22,us-wi,income_tax,FETCH,ALREADY-HELD,us-wi/statute/2026-09-23-income-tax-subunits-chapter-71,us-wi/statute/71.05/22,https://docs.legis.wisconsin.gov/statutes/statutes/71/i/05/22,"Wis. Stat. chapter 71 subunit held (locked scope on main, docs/ingest-runs/2026-09-23-wi-chapter-71-subunits.md)"
https://docs.legis.wisconsin.gov/statutes/statutes/71/i/05/22/dt,us-wi,income_tax,FETCH,ALREADY-HELD,us-wi/statute/2026-09-23-income-tax-subunits-chapter-71,us-wi/statute/71.05/22/dt,https://docs.legis.wisconsin.gov/statutes/statutes/71/i/05/22/dt,"Wis. Stat. chapter 71 subunit held (locked scope on main, docs/ingest-runs/2026-09-23-wi-chapter-71-subunits.md)"
https://docs.legis.wisconsin.gov/statutes/statutes/71/i/05/6/b/43,us-wi,income_tax,FETCH,ALREADY-HELD,us-wi/statute/2026-09-23-income-tax-subunits-chapter-71,us-wi/statute/71.05/6/b/43,https://docs.legis.wisconsin.gov/statutes/statutes/71/i/05/6/b/43,"Wis. Stat. chapter 71 subunit held (locked scope on main, docs/ingest-runs/2026-09-23-wi-chapter-71-subunits.md)"
https://docs.legis.wisconsin.gov/statutes/statutes/71/i/05/6/b/54,us-wi,income_tax,FETCH,ALREADY-HELD,us-wi/statute/2026-09-23-income-tax-subunits-chapter-71,us-wi/statute/71.05/6/b/54,https://docs.legis.wisconsin.gov/statutes/statutes/71/i/05/6/b/54,"Wis. Stat. chapter 71 subunit held (locked scope on main, docs/ingest-runs/2026-09-23-wi-chapter-71-subunits.md)"
https://docs.legis.wisconsin.gov/statutes/statutes/71/i/05/6/b/54m/a,us-wi,income_tax,FETCH,ALREADY-HELD,us-wi/statute/2026-09-23-income-tax-subunits-chapter-71,us-wi/statute/71.05/6/b/54m/a,https://docs.legis.wisconsin.gov/statutes/statutes/71/i/05/6/b/54m/a,"Wis. Stat. chapter 71 subunit held (locked scope on main, docs/ingest-runs/2026-09-23-wi-chapter-71-subunits.md)"
https://docs.legis.wisconsin.gov/statutes/statutes/71/i/07/6/am/1,us-wi,income_tax,FETCH,ALREADY-HELD,us-wi/statute/2026-09-23-income-tax-subunits-chapter-71,us-wi/statute/71.07/6/am/1,https://docs.legis.wisconsin.gov/statutes/statutes/71/i/07/6/am/1,"Wis. Stat. chapter 71 subunit held (locked scope on main, docs/ingest-runs/2026-09-23-wi-chapter-71-subunits.md)"
https://docs.legis.wisconsin.gov/statutes/statutes/71/i/07/9g,us-wi,income_tax,FETCH,ALREADY-HELD,us-wi/statute/2026-09-23-income-tax-subunits-chapter-71,us-wi/statute/71.07/9g,https://docs.legis.wisconsin.gov/statutes/statutes/71/i/07/9g,"Wis. Stat. chapter 71 subunit held (locked scope on main, docs/ingest-runs/2026-09-23-wi-chapter-71-subunits.md)"
https://docs.legis.wisconsin.gov/statutes/statutes/71/viii/54,us-wi,income_tax,FETCH,ALREADY-HELD,us-wi/statute/2026-09-23-income-tax-subunits-chapter-71,us-wi/statute/71.54,https://docs.legis.wisconsin.gov/statutes/statutes/71/viii/54,"Wis. Stat. chapter 71 subunit held (locked scope on main, docs/ingest-runs/2026-09-23-wi-chapter-71-subunits.md)"
https://www.revenue.wi.gov/DOR%20Publications/pb126.pdf,us-wi,income_tax,FETCH,PRESENT,us-wi/guidance/2026-10-06-w6-income-tax-guidance-wi,us-wi/guidance/dor/publication-126,https://www.revenue.wi.gov/DOR%20Publications/pb126.pdf,"Publication 126, How Your Retirement Benefits Are Taxed (1/26)"
https://www.revenue.wi.gov/DORReports/23sumrpt.pdf,us-wi,income_tax,FETCH,PRESENT,us-wi/guidance/2026-10-06-w6-income-tax-guidance-wi,us-wi/guidance/dor/tax-exemption-devices-2023-25,https://www.revenue.wi.gov/DORReports/23sumrpt.pdf,Wisconsin Tax Exemption Devices 2023-25 (Department of Revenue summary report)
https://www.revenue.wi.gov/DORReports/25sumrpt.pdf,us-wi,income_tax,FETCH,PRESENT,us-wi/guidance/2026-10-06-w6-income-tax-guidance-wi,us-wi/guidance/dor/tax-exemption-devices-2025-27,https://www.revenue.wi.gov/DORReports/25sumrpt.pdf,Wisconsin Tax Exemption Devices 2025-27 (Department of Revenue summary report)
https://www.revenue.wi.gov/Pages/FAQS/pcs-taxrates.aspx,us-wi,income_tax,FETCH,PRESENT,us-wi/guidance/2026-10-06-w6-income-tax-guidance-wi,us-wi/guidance/dor/tax-rates,https://www.revenue.wi.gov/Pages/FAQS/pcs-taxrates.aspx,Tax Rates (Wisconsin Department of Revenue)
https://www.revenue.wi.gov/TaxForms2023/2023-Form1-ES-Inst.pdf,us-wi,income_tax,FETCH,PRESENT,us-wi/form/2026-10-06-w6-income-tax-forms-wi,us-wi/form/dor/ty2023/form-1-es-instructions,https://www.revenue.wi.gov/TaxForms2023/2023-Form1-ES-Inst.pdf,"2023 Form 1-ES Instructions, Estimated Income Tax for Individuals, Estates, and Trusts"
https://www.revenue.wi.gov/TaxForms2025/2025-Form1-ES-Inst.pdf,us-wi,income_tax,FETCH,PRESENT,us-wi/form/2026-10-06-w6-income-tax-forms-wi,us-wi/form/dor/ty2025/form-1-es-instructions,https://www.revenue.wi.gov/TaxForms2025/2025-Form1-ES-Inst.pdf,"2025 Form 1-ES Instructions, Estimated Income Tax for Individuals, Estates, and Trusts"
https://www.edvest.com/learn/tax-benefits/,us-wi,income_tax,CHECK-PUBLISHER,PRESENT,us-wi/guidance/2026-10-06-w6-income-tax-guidance-wi,us-wi/guidance/edvest/tax-benefits,https://www.edvest.com/learn/tax-benefits/,Edvest 529: Wisconsin 529 Triple Tax Benefits
https://www.efile.com/wisconsin-tax-brackets-rates-and-forms/,us-wi,income_tax,OFFICIAL-SOURCE,PRESENT,us-wi/guidance/2026-10-06-w6-income-tax-guidance-wi,us-wi/guidance/dor/tax-rates,https://www.revenue.wi.gov/Pages/FAQS/pcs-taxrates.aspx,Tax Rates (Wisconsin Department of Revenue) (third-party summary of Wisconsin brackets; the Department of Revenue's Tax Rates page is taken)
us-wv/form/individual_income_tax_forms/tax.wv.gov/documents/pit/2022/personalincometaxformsandinstructions.2022,us-wv,income_tax,EXTRACT-MANIFEST,PRESENT,us-wv/form/2026-10-06-w6-income-tax-forms-wv,us-wv/form/individual-income-tax-forms/tax.wv.gov/documents/pit/2022/personalincometaxformsandinstructions.2022,https://tax.wv.gov/Documents/PIT/2022/PersonalIncomeTaxFormsAndInstructions.2022.pdf,2022 West Virginia Personal Income Tax Forms & Instructions (same document as the work-order address; fetched https://tax.wv.gov/Documents/PIT/2022/PersonalIncomeTaxFormsAndInstructions.2022.pdf)
us-wv/form/individual_income_tax_forms/tax.wv.gov/documents/pit/2023/it140.personalincometaxformsandinstructions.2023,us-wv,income_tax,EXTRACT-MANIFEST,PRESENT,us-wv/form/2026-10-06-w6-income-tax-forms-wv,us-wv/form/individual-income-tax-forms/tax.wv.gov/documents/pit/2023/it140.personalincometaxformsandinstructions.2023,https://tax.wv.gov/Documents/PIT/2023/it140.PersonalIncomeTaxFormsAndInstructions.2023.pdf,2023 West Virginia Personal Income Tax Forms & Instructions (same document as the work-order address; fetched https://tax.wv.gov/Documents/PIT/2023/it140.PersonalIncomeTaxFormsAndInstructions.2023.pdf)
us-wv/form/individual_income_tax_forms/tax.wv.gov/documents/pit/2024/it140.personalincometaxformsandinstructions.2024,us-wv,income_tax,EXTRACT-MANIFEST,PRESENT,us-wv/form/2026-10-06-w6-income-tax-forms-wv,us-wv/form/individual-income-tax-forms/tax.wv.gov/documents/pit/2024/it140.personalincometaxformsandinstructions.2024,https://tax.wv.gov/Documents/PIT/2024/it140.PersonalIncomeTaxFormsAndInstructions.2024.pdf,2024 West Virginia Personal Income Tax Forms & Instructions (same document as the work-order address; fetched https://tax.wv.gov/Documents/PIT/2024/it140.PersonalIncomeTaxFormsAndInstructions.2024.pdf)
us-wv/form/individual_income_tax_forms/tax.wv.gov/documents/pit/2025/it140.personalincometaxformsandinstructions.2025,us-wv,income_tax,EXTRACT-MANIFEST,ALREADY-HELD,us-wv/form/2026-09-15-income-tax-forms-ty2025,us-wv/form/tax/ty2025/it-140-forms-and-instructions,https://tax.wv.gov/Documents/PIT/2025/it140.PersonalIncomeTaxFormsAndInstructions.2025.pdf,wave-5 TY2025 forms scope; sha256-identical
https://code.wvlegislature.gov/11-21/,us-wv,income_tax,FETCH,ALREADY-HELD,us-wv/statute/2026-07-16-pit-west-us-wv-chapter-11-article-21,us-wv/statute/chapter-11/article-21,https://code.wvlegislature.gov/11-21/,W. Va. Code chapter 11 article 21 held whole
https://tax.wv.gov/Documents/TaxForms/2020/it140.booklet.pdf,us-wv,income_tax,FETCH,PRESENT,us-wv/form/2026-10-06-w6-income-tax-forms-wv,us-wv/form/tax/ty2020/it-140-booklet,https://tax.wv.gov/Documents/TaxForms/2020/it140.booklet.pdf,2020 West Virginia Personal Income Tax Forms & Instructions (IT-140 booklet)
https://tax.wv.gov/Documents/TaxForms/2021/it140.booklet.pdf,us-wv,income_tax,FETCH,PRESENT,us-wv/form/2026-10-06-w6-income-tax-forms-wv,us-wv/form/tax/ty2021/it-140-booklet,https://tax.wv.gov/Documents/TaxForms/2021/it140.booklet.pdf,2021 West Virginia Personal Income Tax Forms & Instructions (IT-140 booklet)
https://tax.wv.gov/Documents/TaxForms/2021/it140.pdf,us-wv,income_tax,FETCH,PRESENT,us-wv/form/2026-10-06-w6-income-tax-forms-wv,us-wv/form/tax/ty2021/it-140,https://tax.wv.gov/Documents/TaxForms/2021/it140.pdf,"2021 Form IT-140, West Virginia Personal Income Tax Return (REV 9-21)"
https://www.wvlegislature.gov/Bill_Text_HTML/2026_SESSIONS/RS/bills/sb392%20sub1%20enr.pdf,us-wv,income_tax,FETCH,PRESENT,us-wv/statute/2026-10-06-w6-income-tax-statute-wv,us-wv/statute/bills/2026/sb392-enrolled,https://www.wvlegislature.gov/Bill_Text_HTML/2026_SESSIONS/RS/bills/sb392%20sub1%20enr.pdf,"Enrolled Committee Substitute for Senate Bill 392 (West Virginia Legislature, 2026 Regular Session)"
https://www.smart529.com/learn/features-and-benefits.html,us-wv,income_tax,CHECK-PUBLISHER,PRESENT,us-wv/guidance/2026-10-06-w6-income-tax-guidance-wv,us-wv/guidance/smart529/features-and-benefits,https://www.smart529.com/learn/features-and-benefits.html,SMART529: Features and Benefits
