program,jurisdiction,element,family,scope_version,citation_path,note
snap,us-al,snap_s04,state_manual_or_regulation,,,"searched 485 provisions of 5 SNAP scope(s) ['2026-09-14-snap-fy2026-state-transmittal', '2026-05-27-al-snap-poe-manual-r2026-07-15-self-contained', '2026-07-13-recovery', '2026-09-13-snap-et-state-plan', '2026-05-29-r2026-07-15-self-contained'] for regex '(heating|cooling|standard) utility (allowanc"
snap,us-al,snap_s15,state_table_or_transmittal,,,"searched 485 provisions of 5 SNAP scope(s) ['2026-09-14-snap-fy2026-state-transmittal', '2026-05-27-al-snap-poe-manual-r2026-07-15-self-contained', '2026-07-13-recovery', '2026-09-13-snap-et-state-plan', '2026-05-29-r2026-07-15-self-contained'] for regex 'standard deduction[^.]{0,160}\\$\\s?\\d{3}\\"
snap,us-al,snap_s16,state_table_or_transmittal,,,"searched 485 provisions of 5 SNAP scope(s) ['2026-09-14-snap-fy2026-state-transmittal', '2026-05-27-al-snap-poe-manual-r2026-07-15-self-contained', '2026-07-13-recovery', '2026-09-13-snap-et-state-plan', '2026-05-29-r2026-07-15-self-contained'] for regex '(maximum|cap(ped)?|limit(ed)?)[^.]{0,60}(exc"
snap,us-al,snap_s51,state_manual_or_regulation,,,"searched 485 provisions of 5 SNAP scope(s) ['2026-09-14-snap-fy2026-state-transmittal', '2026-05-27-al-snap-poe-manual-r2026-07-15-self-contained', '2026-07-13-recovery', '2026-09-13-snap-et-state-plan', '2026-05-29-r2026-07-15-self-contained'] for regex '(elderly|disabled)[^.]{0,150}\\b(60|sixty)\\"
snap,us-ak,snap_s03,state_manual_or_regulation,,,"searched 576 provisions of 2 SNAP scope(s) ['2026-07-16-ak-snap-manual', '2026-09-13-snap-et-state-plan'] for regex '(categorical(ly)?|BBCE|expanded|\\bECE\\b)[^.]{0,300}(resource|asset)s? (test|limit)s?[^.]{0,120}(not apply|waive|no |exempt|does not|not subject)|(no|without an?|not subject to|exemp"
snap,us-ak,snap_s07,state_manual_or_regulation,,,"searched 576 provisions of 2 SNAP scope(s) ['2026-07-16-ak-snap-manual', '2026-09-13-snap-et-state-plan'] for regex 'mandatory (standard )?utility|(SUA|HCSUA|standard utility allowance|utility (allowance|standard))s? (is|are) mandatory|must use the (standard utility|SUA|HCSUA|utility (standard|allow"
snap,us-ak,snap_s10,state_manual_or_regulation,,,"searched 576 provisions of 2 SNAP scope(s) ['2026-07-16-ak-snap-manual', '2026-09-13-snap-et-state-plan'] for regex 'standard medical (deduction|expense deduction|expense \\(SME\\)|expense standard|allowance)|\\bSMD\\b|\\bSMED\\b': no match; rulebook recorded published_current in the 2026-05/07 disc"
snap,us-ak,snap_s16,state_table_or_transmittal,,,"searched 576 provisions of 2 SNAP scope(s) ['2026-07-16-ak-snap-manual', '2026-09-13-snap-et-state-plan'] for regex '(maximum|cap(ped)?|limit(ed)?)[^.]{0,60}(excess )?shelter (deduction|expense|cost)s?[^.]{0,120}\\$\\s?\\d{3}|(excess )?shelter (deduction|expense|cost)s?[^.]{0,80}(cap|maximum|limit)["
snap,us-ak,snap_s32,state_plan,,,publisher index not inventoried family-by-family (state not in the #680 completion queue; original 2026-05/07 discovery recorded the manual only); 272.2 plans are not routinely published and FNS does not post them
snap,us-ak,snap_s33,state_manual_or_regulation,,,"searched 576 provisions of 2 SNAP scope(s) ['2026-07-16-ak-snap-manual', '2026-09-13-snap-et-state-plan'] for regex 'transitional benefits? (alternative|assistance|period|reporting|option)|\\bTBA\\b|transitional (SNAP|food|CalFresh|FoodShare|food stamp)|\\bTSNAP\\b|\\bTFA\\b': no match; rulebook rec"
snap,us-ak,snap_s37,state_statute,,,"searched 576 provisions of 2 SNAP scope(s) ['2026-07-16-ak-snap-manual', '2026-09-13-snap-et-state-plan'] for regex 'state.funded[^.]{0,200}(non.?citizen|immigrant|alien|legal permanent|CFAP|\\bFAP\\b)|(non.?citizen|immigrant|alien)s?[^.]{0,200}state.funded (food|nutrition|snap|benefit|supplemental)"
snap,us-ak,snap_s40,state_manual_or_regulation,,,"searched 576 provisions of 2 SNAP scope(s) ['2026-07-16-ak-snap-manual', '2026-09-13-snap-et-state-plan'] for regex 'restaurant meals? program|\\bRMP\\b|restaurant meals?[^.]{0,120}(elderly|disabled|homeless)': no match; rulebook recorded published_current in the 2026-05/07 discovery but the publish"
snap,us-ak,snap_s53,state_statute,,,"searched 576 provisions of 2 SNAP scope(s) ['2026-07-16-ak-snap-manual', '2026-09-13-snap-et-state-plan'] for regex '(state|district|locally)[- ]funded[^.]{0,120}(minimum (benefit|allotment)|minimum brings|SNAP supplement|supplemental (SNAP|food)|Any size \\$)|minimum state supplement|\\bMSS\\b bene"
snap,us-co,snap_s02,state_manual_or_regulation,,,"searched 888 provisions of 2 SNAP scope(s) ['2026-07-21-co-snap-policy', '2026-07-16-10-ccr-2506-1'] for regex '(categorical(ly)?|BBCE|expanded)[^.]{0,300}\\b(200|185|165|160|150)\\s?(%|percent)|\\b(200|185|165|160|150)\\s?(%|percent)[^.]{0,200}(categorical|BBCE)': no match; rulebook recorded publis"
snap,us-co,snap_s03,state_manual_or_regulation,,,"searched 888 provisions of 2 SNAP scope(s) ['2026-07-21-co-snap-policy', '2026-07-16-10-ccr-2506-1'] for regex '(categorical(ly)?|BBCE|expanded|\\bECE\\b)[^.]{0,300}(resource|asset)s? (test|limit)s?[^.]{0,120}(not apply|waive|no |exempt|does not|not subject)|(no|without an?|not subject to|exempt fro"
snap,us-co,snap_s04,state_manual_or_regulation,,,"searched 888 provisions of 2 SNAP scope(s) ['2026-07-21-co-snap-policy', '2026-07-16-10-ccr-2506-1'] for regex '(heating|cooling|standard) utility (allowance|standard)[^.]{0,200}\\$\\s?\\d{2,4}|\\bHCSUA\\b[^.]{0,200}\\$\\s?\\d{2,4}|\\bSUA\\b[^.]{0,200}\\$\\s?\\d{2,4}|\\$\\s?\\d{2,4}[^.]{0,120}(heati"
snap,us-co,snap_s32,state_plan,,,publisher index not inventoried family-by-family (state not in the #680 completion queue; original 2026-05/07 discovery recorded the manual only); 272.2 plans are not routinely published and FNS does not post them
snap,us-co,snap_s37,state_statute,,,"searched 888 provisions of 2 SNAP scope(s) ['2026-07-21-co-snap-policy', '2026-07-16-10-ccr-2506-1'] for regex 'state.funded[^.]{0,200}(non.?citizen|immigrant|alien|legal permanent|CFAP|\\bFAP\\b)|(non.?citizen|immigrant|alien)s?[^.]{0,200}state.funded (food|nutrition|snap|benefit|supplemental)|Cali"
snap,us-co,snap_s39,state_manual_or_regulation,,,"searched 888 provisions of 2 SNAP scope(s) ['2026-07-21-co-snap-policy', '2026-07-16-10-ccr-2506-1'] for regex 'combined application project|\\bCAP\\b[^.]{0,80}\\bSSI\\b|elderly simplified application|\\bESAP\\b|\\bSCAP\\b|\\bNYSCAP\\b|\\bMSCAP\\b|\\bSSI CAP\\b': no match; rulebook recorded publishe"
snap,us-co,snap_s40,state_manual_or_regulation,,,"searched 888 provisions of 2 SNAP scope(s) ['2026-07-21-co-snap-policy', '2026-07-16-10-ccr-2506-1'] for regex 'restaurant meals? program|\\bRMP\\b|restaurant meals?[^.]{0,120}(elderly|disabled|homeless)': no match; rulebook recorded published_current in the 2026-05/07 discovery but the publisher in"
snap,us-co,snap_s53,state_statute,,,"searched 888 provisions of 2 SNAP scope(s) ['2026-07-21-co-snap-policy', '2026-07-16-10-ccr-2506-1'] for regex '(state|district|locally)[- ]funded[^.]{0,120}(minimum (benefit|allotment)|minimum brings|SNAP supplement|supplemental (SNAP|food)|Any size \\$)|minimum state supplement|\\bMSS\\b benefits|"
snap,us-co,snap_s59,state_manual_or_regulation,,,"searched 888 provisions of 2 SNAP scope(s) ['2026-07-21-co-snap-policy', '2026-07-16-10-ccr-2506-1'] for regex 'cash.out (state|project|program|payments)|SSI recipients? (in|from) (a )?[^.]{0,20}cash.out|SSI/SSP recipients?[^.]{0,80}(eligible|ineligible)|SSI recipients? (are|is|shall be) (eligible|i"
snap,us-ct,snap_s03,state_manual_or_regulation,,,"searched 1372 provisions of 2 SNAP scope(s) ['2026-07-17-ct-snap-manual', '2026-09-13-snap-et-state-plan'] for regex '(categorical(ly)?|BBCE|expanded|\\bECE\\b)[^.]{0,300}(resource|asset)s? (test|limit)s?[^.]{0,120}(not apply|waive|no |exempt|does not|not subject)|(no|without an?|not subject to|exem"
snap,us-ct,snap_s07,state_manual_or_regulation,,,"searched 1372 provisions of 2 SNAP scope(s) ['2026-07-17-ct-snap-manual', '2026-09-13-snap-et-state-plan'] for regex 'mandatory (standard )?utility|(SUA|HCSUA|standard utility allowance|utility (allowance|standard))s? (is|are) mandatory|must use the (standard utility|SUA|HCSUA|utility (standard|allo"
snap,us-ct,snap_s10,state_manual_or_regulation,,,"searched 1372 provisions of 2 SNAP scope(s) ['2026-07-17-ct-snap-manual', '2026-09-13-snap-et-state-plan'] for regex 'standard medical (deduction|expense deduction|expense \\(SME\\)|expense standard|allowance)|\\bSMD\\b|\\bSMED\\b': no match; rulebook recorded published_current in the 2026-05/07 dis"
snap,us-ct,snap_s15,state_table_or_transmittal,,,"searched 1372 provisions of 2 SNAP scope(s) ['2026-07-17-ct-snap-manual', '2026-09-13-snap-et-state-plan'] for regex 'standard deduction[^.]{0,160}\\$\\s?\\d{3}\\b': no match; publisher index not inventoried family-by-family (state not in the #680 completion queue). The FY 2026 federal value is PRES"
snap,us-ct,snap_s16,state_table_or_transmittal,,,"searched 1372 provisions of 2 SNAP scope(s) ['2026-07-17-ct-snap-manual', '2026-09-13-snap-et-state-plan'] for regex '(maximum|cap(ped)?|limit(ed)?)[^.]{0,60}(excess )?shelter (deduction|expense|cost)s?[^.]{0,120}\\$\\s?\\d{3}|(excess )?shelter (deduction|expense|cost)s?[^.]{0,80}(cap|maximum|limit)"
snap,us-ct,snap_s18,state_table_or_transmittal,,,"searched 1372 provisions of 2 SNAP scope(s) ['2026-07-17-ct-snap-manual', '2026-09-13-snap-et-state-plan'] for regex 'maximum (monthly )?(allotment|benefit)s?[^.]{0,200}\\$\\s?\\d{3}|thrifty food plan[^.]{0,120}\\$\\s?\\d{3}|(allotment|basis of issuance|benefit issuance) (table|chart|schedule)s?|bas"
snap,us-ct,snap_s32,state_plan,,,publisher index not inventoried family-by-family (state not in the #680 completion queue; original 2026-05/07 discovery recorded the manual only); 272.2 plans are not routinely published and FNS does not post them
snap,us-ct,snap_s38,state_manual_or_regulation,,,"searched 1372 provisions of 2 SNAP scope(s) ['2026-07-17-ct-snap-manual', '2026-09-13-snap-et-state-plan'] for regex '(drug|controlled substance)[^.]{0,100}(felony|conviction|felon)[^.]{0,250}(disqualif|eligib|ineligib)': no match; rulebook recorded published_current in the 2026-05/07 discovery but "
snap,us-ct,snap_s40,state_manual_or_regulation,,,"searched 1372 provisions of 2 SNAP scope(s) ['2026-07-17-ct-snap-manual', '2026-09-13-snap-et-state-plan'] for regex 'restaurant meals? program|\\bRMP\\b|restaurant meals?[^.]{0,120}(elderly|disabled|homeless)': no match; rulebook recorded published_current in the 2026-05/07 discovery but the publis"
snap,us-ct,snap_s53,state_statute,,,"searched 1372 provisions of 2 SNAP scope(s) ['2026-07-17-ct-snap-manual', '2026-09-13-snap-et-state-plan'] for regex '(state|district|locally)[- ]funded[^.]{0,120}(minimum (benefit|allotment)|minimum brings|SNAP supplement|supplemental (SNAP|food)|Any size \\$)|minimum state supplement|\\bMSS\\b ben"
snap,us-ct,snap_s59,state_manual_or_regulation,,,"searched 1372 provisions of 2 SNAP scope(s) ['2026-07-17-ct-snap-manual', '2026-09-13-snap-et-state-plan'] for regex 'cash.out (state|project|program|payments)|SSI recipients? (in|from) (a )?[^.]{0,20}cash.out|SSI/SSP recipients?[^.]{0,80}(eligible|ineligible)|SSI recipients? (are|is|shall be) (elig"
snap,us-de,snap_s04,state_manual_or_regulation,,,"searched 370 provisions of 3 SNAP scope(s) ['2026-09-14-snap-fy2026-state-transmittal', '2026-09-13-snap-et-state-plan', '2026-07-17-de-snap-rules'] for regex '(heating|cooling|standard) utility (allowance|standard)[^.]{0,200}\\$\\s?\\d{2,4}|\\bHCSUA\\b[^.]{0,200}\\$\\s?\\d{2,4}|\\bSUA\\b[^.]{0,200}"
snap,us-de,snap_s15,state_table_or_transmittal,,,"searched 370 provisions of 3 SNAP scope(s) ['2026-09-14-snap-fy2026-state-transmittal', '2026-09-13-snap-et-state-plan', '2026-07-17-de-snap-rules'] for regex 'standard deduction[^.]{0,160}\\$\\s?\\d{3}\\b': no match; manual index recorded complete family-by-family, no untaken policy family listed; "
snap,us-dc,snap_s06,state_manual_or_regulation,,,"searched 547 provisions of 3 SNAP scope(s) ['2026-09-14-snap-fy2026-state-transmittal', '2026-07-17-dc-snap-manual', '2026-09-13-snap-et-state-plan'] for regex 'telephone (standard|allowance|utility)|phone (standard|allowance)|single utility (allowance|standard)|\\bTUA\\b|one.utility standard': no m"
snap,us-hi,snap_s04,state_manual_or_regulation,,,"searched 96 provisions of 3 SNAP scope(s) ['2026-09-14-snap-fy2026-state-transmittal', '2026-09-13-snap-et-state-plan', '2026-07-13-recovery'] for regex '(heating|cooling|standard) utility (allowance|standard)[^.]{0,200}\\$\\s?\\d{2,4}|\\bHCSUA\\b[^.]{0,200}\\$\\s?\\d{2,4}|\\bSUA\\b[^.]{0,200}\\$\\s"
snap,us-hi,snap_s05,state_manual_or_regulation,,,"searched 96 provisions of 3 SNAP scope(s) ['2026-09-14-snap-fy2026-state-transmittal', '2026-09-13-snap-et-state-plan', '2026-07-13-recovery'] for regex '(limited|basic|non.heating|nonheating) utility (allowance|standard)|\\bLUA\\b|\\bBUA\\b|\\bNHSUA\\b|non.heating standard': no match; manual index "
snap,us-hi,snap_s06,state_manual_or_regulation,,,"searched 96 provisions of 3 SNAP scope(s) ['2026-09-14-snap-fy2026-state-transmittal', '2026-09-13-snap-et-state-plan', '2026-07-13-recovery'] for regex 'telephone (standard|allowance|utility)|phone (standard|allowance)|single utility (allowance|standard)|\\bTUA\\b|one.utility standard': no match; m"
snap,us-hi,snap_s11,state_manual_or_regulation,,,"searched 96 provisions of 3 SNAP scope(s) ['2026-09-14-snap-fy2026-state-transmittal', '2026-09-13-snap-et-state-plan', '2026-07-13-recovery'] for regex 'medical (expense|deduction|cost)s?[^.]{0,120}(\\$\\s?35|excess|exceed|over \\$)': no match; manual index recorded complete family-by-family, no un"
snap,us-hi,snap_s12,state_manual_or_regulation,,,"searched 96 provisions of 3 SNAP scope(s) ['2026-09-14-snap-fy2026-state-transmittal', '2026-09-13-snap-et-state-plan', '2026-07-13-recovery'] for regex 'child support[^.]{0,120}(deduction|exclu|disregard)': no match; manual index recorded complete family-by-family, no untaken policy family listed; "
snap,us-hi,snap_s13,state_manual_or_regulation,,,"searched 96 provisions of 3 SNAP scope(s) ['2026-09-14-snap-fy2026-state-transmittal', '2026-09-13-snap-et-state-plan', '2026-07-13-recovery'] for regex 'dependent care (deduction|expense|cost)|child care (deduction|expense)s?[^.]{0,80}(deduct|allow)': no match; manual index recorded complete family"
snap,us-hi,snap_s14,state_manual_or_regulation,,,"searched 96 provisions of 3 SNAP scope(s) ['2026-09-14-snap-fy2026-state-transmittal', '2026-09-13-snap-et-state-plan', '2026-07-13-recovery'] for regex 'earned income (deduction|disregard)[^.]{0,80}(20|twenty)\\s?(%|percent)|(20|twenty)\\s?(%|percent)[^.]{0,60}earned income': no match; manual index"
snap,us-hi,snap_s15,state_table_or_transmittal,,,"searched 96 provisions of 3 SNAP scope(s) ['2026-09-14-snap-fy2026-state-transmittal', '2026-09-13-snap-et-state-plan', '2026-07-13-recovery'] for regex 'standard deduction[^.]{0,160}\\$\\s?\\d{3}\\b': no match; manual index recorded complete family-by-family, no untaken policy family listed; the re"
snap,us-hi,snap_s16,state_table_or_transmittal,,,"searched 96 provisions of 3 SNAP scope(s) ['2026-09-14-snap-fy2026-state-transmittal', '2026-09-13-snap-et-state-plan', '2026-07-13-recovery'] for regex '(maximum|cap(ped)?|limit(ed)?)[^.]{0,60}(excess )?shelter (deduction|expense|cost)s?[^.]{0,120}\\$\\s?\\d{3}|(excess )?shelter (deduction|expense|"
snap,us-hi,snap_s18,state_table_or_transmittal,,,"searched 96 provisions of 3 SNAP scope(s) ['2026-09-14-snap-fy2026-state-transmittal', '2026-09-13-snap-et-state-plan', '2026-07-13-recovery'] for regex 'maximum (monthly )?(allotment|benefit)s?[^.]{0,200}\\$\\s?\\d{3}|thrifty food plan[^.]{0,120}\\$\\s?\\d{3}|(allotment|basis of issuance|benefit is"
snap,us-hi,snap_s19,state_manual_or_regulation,,,"searched 96 provisions of 3 SNAP scope(s) ['2026-09-14-snap-fy2026-state-transmittal', '2026-09-13-snap-et-state-plan', '2026-07-13-recovery'] for regex 'prorat[^.]{0,120}(initial|first) month|initial month[^.]{0,120}prorat|minimum (benefit|allotment)[^.]{0,120}\\$\\s?\\d': no match; manual index re"
snap,us-hi,snap_s20,state_table_or_transmittal,,,"searched 96 provisions of 3 SNAP scope(s) ['2026-09-14-snap-fy2026-state-transmittal', '2026-09-13-snap-et-state-plan', '2026-07-13-recovery'] for regex '(October 1, 2025|FY ?2026|fiscal year 2026|FFY ?2026|10/1/(20)?25|10/01/(20)?25|effective (October|Oct\\.?) (1, )?2025)[^.]{0,300}(allotment|incom"
snap,us-hi,snap_s21,state_manual_or_regulation,,,"searched 96 provisions of 3 SNAP scope(s) ['2026-09-14-snap-fy2026-state-transmittal', '2026-09-13-snap-et-state-plan', '2026-07-13-recovery'] for regex 'resource (limit|standard|maximum)s?[^.]{0,120}\\$\\s?\\d|asset limit[^.]{0,120}\\$\\s?\\d|countable resources?[^.]{0,80}\\$\\s?\\d|\\$\\s?[34],[05"
snap,us-hi,snap_s22,state_manual_or_regulation,,,"searched 96 provisions of 3 SNAP scope(s) ['2026-09-14-snap-fy2026-state-transmittal', '2026-09-13-snap-et-state-plan', '2026-07-13-recovery'] for regex 'vehicle[^.]{0,150}(exclu|fair market|equity|countable|resource)|(licensed|motor) vehicle': no match; manual index recorded complete family-by-fami"
snap,us-hi,snap_s23,state_manual_or_regulation,,,"searched 96 provisions of 3 SNAP scope(s) ['2026-09-14-snap-fy2026-state-transmittal', '2026-09-13-snap-et-state-plan', '2026-07-13-recovery'] for regex 'simplified report|semi.annual report|periodic report|six.month report|interim report|\\bSR\\b household': no match; manual index recorded complete"
snap,us-hi,snap_s24,state_manual_or_regulation,,,"searched 96 provisions of 3 SNAP scope(s) ['2026-09-14-snap-fy2026-state-transmittal', '2026-09-13-snap-et-state-plan', '2026-07-13-recovery'] for regex 'certification period[^.]{0,200}\\b(6|12|24|36|six|twelve|twenty.four)\\b[^.]{0,20}months?|\\b(6|12|24|36|six|twelve|twenty.four)\\b.month certific"
snap,us-hi,snap_s25,state_manual_or_regulation,,,"searched 96 provisions of 3 SNAP scope(s) ['2026-09-14-snap-fy2026-state-transmittal', '2026-09-13-snap-et-state-plan', '2026-07-13-recovery'] for regex 'report[^.]{0,120}change[^.]{0,200}(10 days|ten days|130 percent|130%|gross (monthly )?income)|change[^.]{0,80}within (10|ten) (calendar )?days': n"
snap,us-hi,snap_s35,state_manual_or_regulation,,,"searched 96 provisions of 3 SNAP scope(s) ['2026-09-14-snap-fy2026-state-transmittal', '2026-09-13-snap-et-state-plan', '2026-07-13-recovery'] for regex '(alien|non.?citizen|immigrant|immigration status|qualified alien|lawful permanent resident|LPR)s?[^.]{0,200}eligib|sponsor[^.]{0,80}deem': no matc"
snap,us-hi,snap_s36,state_manual_or_regulation,,,"searched 96 provisions of 3 SNAP scope(s) ['2026-09-14-snap-fy2026-state-transmittal', '2026-09-13-snap-et-state-plan', '2026-07-13-recovery'] for regex '(ineligible|disqualified|excluded) (alien|non.?citizen|immigrant|household member|member|individual)s?[^.]{0,300}(income|resource)s?[^.]{0,200}(pr"
snap,us-hi,snap_s41,state_manual_or_regulation,,,"searched 96 provisions of 3 SNAP scope(s) ['2026-09-14-snap-fy2026-state-transmittal', '2026-09-13-snap-et-state-plan', '2026-07-13-recovery'] for regex '(telephone|phone|video) interview|waive[^.]{0,40}interview|on.demand interview|interview[^.]{0,80}(waived|by telephone)': no match; manual index r"
snap,us-hi,snap_s42,state_manual_or_regulation,,,"searched 96 provisions of 3 SNAP scope(s) ['2026-09-14-snap-fy2026-state-transmittal', '2026-09-13-snap-et-state-plan', '2026-07-13-recovery'] for regex 'expedited (service|benefit|processing|issuance|snap|calfresh|foodshare)|\\$150[^.]{0,120}(gross|liquid)': no match; manual index recorded complete"
snap,us-hi,snap_s43,state_manual_or_regulation,,,"searched 96 provisions of 3 SNAP scope(s) ['2026-09-14-snap-fy2026-state-transmittal', '2026-09-13-snap-et-state-plan', '2026-07-13-recovery'] for regex 'verif(y|ication)[^.]{0,150}(identity|residency|income|questionable|mandatory|required)': no match; manual index recorded complete family-by-family"
snap,us-hi,snap_s44,state_manual_or_regulation,,,"searched 96 provisions of 3 SNAP scope(s) ['2026-09-14-snap-fy2026-state-transmittal', '2026-09-13-snap-et-state-plan', '2026-07-13-recovery'] for regex 'fair hearing|administrative hearing|state hearing|hearing request': no match; manual index recorded complete family-by-family, no untaken policy f"
snap,us-hi,snap_s45,state_manual_or_regulation,,,"searched 96 provisions of 3 SNAP scope(s) ['2026-09-14-snap-fy2026-state-transmittal', '2026-09-13-snap-et-state-plan', '2026-07-13-recovery'] for regex 'intentional program violation|\\bIPV\\b|administrative disqualification hearing|\\bADH\\b': no match; manual index recorded complete family-by-fam"
snap,us-hi,snap_s46,state_manual_or_regulation,,,"searched 96 provisions of 3 SNAP scope(s) ['2026-09-14-snap-fy2026-state-transmittal', '2026-09-13-snap-et-state-plan', '2026-07-13-recovery'] for regex 'overpayment|claim[^.]{0,60}(establish|collect|recover|recoup)|inadvertent household error|agency error claim': no match; manual index recorded com"
snap,us-hi,snap_s48,state_manual_or_regulation,,,"searched 96 provisions of 3 SNAP scope(s) ['2026-09-14-snap-fy2026-state-transmittal', '2026-09-13-snap-et-state-plan', '2026-07-13-recovery'] for regex 'residen(cy|t)[^.]{0,80}(requirement|of the state|in the state|in the county|in the project area)|reside in the state': no match; manual index reco"
snap,us-hi,snap_s50,state_manual_or_regulation,,,"searched 96 provisions of 3 SNAP scope(s) ['2026-09-14-snap-fy2026-state-transmittal', '2026-09-13-snap-et-state-plan', '2026-07-13-recovery'] for regex 'self.employ(ment|ed)[^.]{0,250}(expense|deduction|percent|%|cost of (doing|producing))': no match; manual index recorded complete family-by-family"
snap,us-hi,snap_s54,state_manual_or_regulation,,,"searched 96 provisions of 3 SNAP scope(s) ['2026-09-14-snap-fy2026-state-transmittal', '2026-09-13-snap-et-state-plan', '2026-07-13-recovery'] for regex '(excluded|exempt) income|income exclusions?|not counted as income|disregarded income': no match; manual index recorded complete family-by-family, "
snap,us-hi,snap_s55,state_manual_or_regulation,,,"searched 96 provisions of 3 SNAP scope(s) ['2026-09-14-snap-fy2026-state-transmittal', '2026-09-13-snap-et-state-plan', '2026-07-13-recovery'] for regex '4\\.3\\b|4\\.33\\b|2\\.15\\b|prospective(ly)? budget|anticipat(ed|ing) income': no match; manual index recorded complete family-by-family, no unta"
snap,us-hi,snap_s58,state_manual_or_regulation,,,"searched 96 provisions of 3 SNAP scope(s) ['2026-09-14-snap-fy2026-state-transmittal', '2026-09-13-snap-et-state-plan', '2026-07-13-recovery'] for regex '(drug|alcohol)[^.]{0,60}treatment (center|facilit)|group living arrangement|shelter for battered': no match; manual index recorded complete family"
snap,us-hi,snap_s60,state_manual_or_regulation,,,"searched 96 provisions of 3 SNAP scope(s) ['2026-09-14-snap-fy2026-state-transmittal', '2026-09-13-snap-et-state-plan', '2026-07-13-recovery'] for regex 'fleeing felon|probation or parole|parole violat': no match; manual index recorded complete family-by-family, no untaken policy family listed; the "
snap,us-hi,snap_s61,state_manual_or_regulation,,,"searched 96 provisions of 3 SNAP scope(s) ['2026-09-14-snap-fy2026-state-transmittal', '2026-09-13-snap-et-state-plan', '2026-07-13-recovery'] for regex 'lottery|gambling': no match; manual index recorded complete family-by-family, no untaken policy family listed; the regex may miss the state's word"
snap,us-id,snap_s04,state_manual_or_regulation,,,"searched 252 provisions of 4 SNAP scope(s) ['2026-09-14-snap-fy2026-state-transmittal', '2026-09-13-snap-et-state-plan', '2026-05-27-id-food-stamp-rules-r2026-07-15-self-contained', '2026-07-13-recovery'] for regex '(heating|cooling|standard) utility (allowance|standard)[^.]{0,200}\\$\\s?\\d{2,4}|\\"
snap,us-id,snap_s15,state_table_or_transmittal,,,"searched 252 provisions of 4 SNAP scope(s) ['2026-09-14-snap-fy2026-state-transmittal', '2026-09-13-snap-et-state-plan', '2026-05-27-id-food-stamp-rules-r2026-07-15-self-contained', '2026-07-13-recovery'] for regex 'standard deduction[^.]{0,160}\\$\\s?\\d{3}\\b': no match; manual index recorded comp"
snap,us-id,snap_s16,state_table_or_transmittal,,,"searched 252 provisions of 4 SNAP scope(s) ['2026-09-14-snap-fy2026-state-transmittal', '2026-09-13-snap-et-state-plan', '2026-05-27-id-food-stamp-rules-r2026-07-15-self-contained', '2026-07-13-recovery'] for regex '(maximum|cap(ped)?|limit(ed)?)[^.]{0,60}(excess )?shelter (deduction|expense|cost)s?"
snap,us-id,snap_s17,state_table_or_transmittal,,,"searched 252 provisions of 4 SNAP scope(s) ['2026-09-14-snap-fy2026-state-transmittal', '2026-09-13-snap-et-state-plan', '2026-05-27-id-food-stamp-rules-r2026-07-15-self-contained', '2026-07-13-recovery'] for regex '(gross|net) (monthly )?income (limit|standard|test|eligibility)s?[^.]{0,300}\\$\\s?\"
snap,us-id,snap_s18,state_table_or_transmittal,,,"searched 252 provisions of 4 SNAP scope(s) ['2026-09-14-snap-fy2026-state-transmittal', '2026-09-13-snap-et-state-plan', '2026-05-27-id-food-stamp-rules-r2026-07-15-self-contained', '2026-07-13-recovery'] for regex 'maximum (monthly )?(allotment|benefit)s?[^.]{0,200}\\$\\s?\\d{3}|thrifty food plan[^"
snap,us-id,snap_s20,state_table_or_transmittal,,,"searched 252 provisions of 4 SNAP scope(s) ['2026-09-14-snap-fy2026-state-transmittal', '2026-09-13-snap-et-state-plan', '2026-05-27-id-food-stamp-rules-r2026-07-15-self-contained', '2026-07-13-recovery'] for regex '(October 1, 2025|FY ?2026|fiscal year 2026|FFY ?2026|10/1/(20)?25|10/01/(20)?25|effe"
snap,us-id,snap_s23,state_manual_or_regulation,,,"searched 252 provisions of 4 SNAP scope(s) ['2026-09-14-snap-fy2026-state-transmittal', '2026-09-13-snap-et-state-plan', '2026-05-27-id-food-stamp-rules-r2026-07-15-self-contained', '2026-07-13-recovery'] for regex 'simplified report|semi.annual report|periodic report|six.month report|interim report"
snap,us-id,snap_s25,state_manual_or_regulation,,,"searched 252 provisions of 4 SNAP scope(s) ['2026-09-14-snap-fy2026-state-transmittal', '2026-09-13-snap-et-state-plan', '2026-05-27-id-food-stamp-rules-r2026-07-15-self-contained', '2026-07-13-recovery'] for regex 'report[^.]{0,120}change[^.]{0,200}(10 days|ten days|130 percent|130%|gross (monthly "
snap,us-id,snap_s51,state_manual_or_regulation,,,"searched 252 provisions of 4 SNAP scope(s) ['2026-09-14-snap-fy2026-state-transmittal', '2026-09-13-snap-et-state-plan', '2026-05-27-id-food-stamp-rules-r2026-07-15-self-contained', '2026-07-13-recovery'] for regex '(elderly|disabled)[^.]{0,150}\\b(60|sixty)\\b[^.]{0,40}(age|older|years)|age 60 or o"
snap,us-il,snap_s07,state_manual_or_regulation,,,"searched 12724 provisions of 3 SNAP scope(s) ['2026-05-27-il-cash-snap-medical-manual-r2026-07-15-self-contained', '2026-07-13-recovery-r2026-07-17-dedup', '2026-09-13-snap-et-state-plan'] for regex 'mandatory (standard )?utility|(SUA|HCSUA|standard utility allowance|utility (allowance|standard))s? "
snap,us-il,snap_s32,state_plan,,,publisher index not inventoried family-by-family (state not in the #680 completion queue; original 2026-05/07 discovery recorded the manual only); 272.2 plans are not routinely published and FNS does not post them
snap,us-il,snap_s38,state_manual_or_regulation,,,"searched 12724 provisions of 3 SNAP scope(s) ['2026-05-27-il-cash-snap-medical-manual-r2026-07-15-self-contained', '2026-07-13-recovery-r2026-07-17-dedup', '2026-09-13-snap-et-state-plan'] for regex '(drug|controlled substance)[^.]{0,100}(felony|conviction|felon)[^.]{0,250}(disqualif|eligib|ineligib"
snap,us-il,snap_s39,state_manual_or_regulation,,,"searched 12724 provisions of 3 SNAP scope(s) ['2026-05-27-il-cash-snap-medical-manual-r2026-07-15-self-contained', '2026-07-13-recovery-r2026-07-17-dedup', '2026-09-13-snap-et-state-plan'] for regex 'combined application project|\\bCAP\\b[^.]{0,80}\\bSSI\\b|elderly simplified application|\\bESAP\\b|"
snap,us-il,snap_s53,state_statute,,,"searched 12724 provisions of 3 SNAP scope(s) ['2026-05-27-il-cash-snap-medical-manual-r2026-07-15-self-contained', '2026-07-13-recovery-r2026-07-17-dedup', '2026-09-13-snap-et-state-plan'] for regex '(state|district|locally)[- ]funded[^.]{0,120}(minimum (benefit|allotment)|minimum brings|SNAP supple"
snap,us-il,snap_s59,state_manual_or_regulation,,,"searched 12724 provisions of 3 SNAP scope(s) ['2026-05-27-il-cash-snap-medical-manual-r2026-07-15-self-contained', '2026-07-13-recovery-r2026-07-17-dedup', '2026-09-13-snap-et-state-plan'] for regex 'cash.out (state|project|program|payments)|SSI recipients? (in|from) (a )?[^.]{0,20}cash.out|SSI/SSP "
snap,us-in,snap_s02,state_manual_or_regulation,,,"searched 614 provisions of 3 SNAP scope(s) ['2026-05-27-in-snap-manual-r2026-07-15-self-contained', '2026-07-13-recovery', '2026-09-13-snap-et-state-plan'] for regex '(categorical(ly)?|BBCE|expanded)[^.]{0,300}\\b(200|185|165|160|150)\\s?(%|percent)|\\b(200|185|165|160|150)\\s?(%|percent)[^.]{0,200}"
snap,us-in,snap_s03,state_manual_or_regulation,,,"searched 614 provisions of 3 SNAP scope(s) ['2026-05-27-in-snap-manual-r2026-07-15-self-contained', '2026-07-13-recovery', '2026-09-13-snap-et-state-plan'] for regex '(categorical(ly)?|BBCE|expanded|\\bECE\\b)[^.]{0,300}(resource|asset)s? (test|limit)s?[^.]{0,120}(not apply|waive|no |exempt|does not"
snap,us-in,snap_s05,state_manual_or_regulation,,,"searched 614 provisions of 3 SNAP scope(s) ['2026-05-27-in-snap-manual-r2026-07-15-self-contained', '2026-07-13-recovery', '2026-09-13-snap-et-state-plan'] for regex '(limited|basic|non.heating|nonheating) utility (allowance|standard)|\\bLUA\\b|\\bBUA\\b|\\bNHSUA\\b|non.heating standard': no match; "
snap,us-in,snap_s07,state_manual_or_regulation,,,"searched 614 provisions of 3 SNAP scope(s) ['2026-05-27-in-snap-manual-r2026-07-15-self-contained', '2026-07-13-recovery', '2026-09-13-snap-et-state-plan'] for regex 'mandatory (standard )?utility|(SUA|HCSUA|standard utility allowance|utility (allowance|standard))s? (is|are) mandatory|must use the ("
snap,us-in,snap_s10,state_manual_or_regulation,,,"searched 614 provisions of 3 SNAP scope(s) ['2026-05-27-in-snap-manual-r2026-07-15-self-contained', '2026-07-13-recovery', '2026-09-13-snap-et-state-plan'] for regex 'standard medical (deduction|expense deduction|expense \\(SME\\)|expense standard|allowance)|\\bSMD\\b|\\bSMED\\b': no match; rulebook"
snap,us-in,snap_s32,state_plan,,,publisher index not inventoried family-by-family (state not in the #680 completion queue; original 2026-05/07 discovery recorded the manual only); 272.2 plans are not routinely published and FNS does not post them
snap,us-in,snap_s33,state_manual_or_regulation,,,"searched 614 provisions of 3 SNAP scope(s) ['2026-05-27-in-snap-manual-r2026-07-15-self-contained', '2026-07-13-recovery', '2026-09-13-snap-et-state-plan'] for regex 'transitional benefits? (alternative|assistance|period|reporting|option)|\\bTBA\\b|transitional (SNAP|food|CalFresh|FoodShare|food sta"
snap,us-in,snap_s37,state_statute,,,"searched 614 provisions of 3 SNAP scope(s) ['2026-05-27-in-snap-manual-r2026-07-15-self-contained', '2026-07-13-recovery', '2026-09-13-snap-et-state-plan'] for regex 'state.funded[^.]{0,200}(non.?citizen|immigrant|alien|legal permanent|CFAP|\\bFAP\\b)|(non.?citizen|immigrant|alien)s?[^.]{0,200}state"
snap,us-in,snap_s40,state_manual_or_regulation,,,"searched 614 provisions of 3 SNAP scope(s) ['2026-05-27-in-snap-manual-r2026-07-15-self-contained', '2026-07-13-recovery', '2026-09-13-snap-et-state-plan'] for regex 'restaurant meals? program|\\bRMP\\b|restaurant meals?[^.]{0,120}(elderly|disabled|homeless)': no match; rulebook recorded published_c"
snap,us-in,snap_s53,state_statute,,,"searched 614 provisions of 3 SNAP scope(s) ['2026-05-27-in-snap-manual-r2026-07-15-self-contained', '2026-07-13-recovery', '2026-09-13-snap-et-state-plan'] for regex '(state|district|locally)[- ]funded[^.]{0,120}(minimum (benefit|allotment)|minimum brings|SNAP supplement|supplemental (SNAP|food)|Any"
snap,us-in,snap_s59,state_manual_or_regulation,,,"searched 614 provisions of 3 SNAP scope(s) ['2026-05-27-in-snap-manual-r2026-07-15-self-contained', '2026-07-13-recovery', '2026-09-13-snap-et-state-plan'] for regex 'cash.out (state|project|program|payments)|SSI recipients? (in|from) (a )?[^.]{0,20}cash.out|SSI/SSP recipients?[^.]{0,80}(eligible|in"
snap,us-ia,snap_s05,state_manual_or_regulation,,,"searched 581 provisions of 3 SNAP scope(s) ['2026-09-14-snap-fy2026-state-transmittal', '2026-07-17-ia-snap-manual', '2026-09-13-snap-et-state-plan'] for regex '(limited|basic|non.heating|nonheating) utility (allowance|standard)|\\bLUA\\b|\\bBUA\\b|\\bNHSUA\\b|non.heating standard': no match; manual"
snap,us-ia,snap_s24,state_manual_or_regulation,,,"searched 581 provisions of 3 SNAP scope(s) ['2026-09-14-snap-fy2026-state-transmittal', '2026-07-17-ia-snap-manual', '2026-09-13-snap-et-state-plan'] for regex 'certification period[^.]{0,200}\\b(6|12|24|36|six|twelve|twenty.four)\\b[^.]{0,20}months?|\\b(6|12|24|36|six|twelve|twenty.four)\\b.month c"
snap,us-ks,snap_s17,state_table_or_transmittal,,,"searched 586 provisions of 4 SNAP scope(s) ['2026-05-27-ks-keesm-r2026-07-15-self-contained', '2026-07-13-recovery-r2026-07-17-dedup', '2026-09-14-snap-fy2026-state-transmittal', '2026-09-13-snap-et-state-plan'] for regex '(gross|net) (monthly )?income (limit|standard|test|eligibility)s?[^.]{0,300}\"
snap,us-ks,snap_s20,state_table_or_transmittal,,,"searched 586 provisions of 4 SNAP scope(s) ['2026-05-27-ks-keesm-r2026-07-15-self-contained', '2026-07-13-recovery-r2026-07-17-dedup', '2026-09-14-snap-fy2026-state-transmittal', '2026-09-13-snap-et-state-plan'] for regex '(October 1, 2025|FY ?2026|fiscal year 2026|FFY ?2026|10/1/(20)?25|10/01/(20)?"
snap,us-ks,snap_s24,state_manual_or_regulation,,,"searched 586 provisions of 4 SNAP scope(s) ['2026-05-27-ks-keesm-r2026-07-15-self-contained', '2026-07-13-recovery-r2026-07-17-dedup', '2026-09-14-snap-fy2026-state-transmittal', '2026-09-13-snap-et-state-plan'] for regex 'certification period[^.]{0,200}\\b(6|12|24|36|six|twelve|twenty.four)\\b[^.]{"
snap,us-la,snap_s03,state_manual_or_regulation,,,"searched 1599 provisions of 2 SNAP scope(s) ['2026-07-17-la-snap-manual', '2026-09-13-snap-et-state-plan'] for regex '(categorical(ly)?|BBCE|expanded|\\bECE\\b)[^.]{0,300}(resource|asset)s? (test|limit)s?[^.]{0,120}(not apply|waive|no |exempt|does not|not subject)|(no|without an?|not subject to|exem"
snap,us-la,snap_s07,state_manual_or_regulation,,,"searched 1599 provisions of 2 SNAP scope(s) ['2026-07-17-la-snap-manual', '2026-09-13-snap-et-state-plan'] for regex 'mandatory (standard )?utility|(SUA|HCSUA|standard utility allowance|utility (allowance|standard))s? (is|are) mandatory|must use the (standard utility|SUA|HCSUA|utility (standard|allo"
snap,us-la,snap_s32,state_plan,,,publisher index not inventoried family-by-family (state not in the #680 completion queue; original 2026-05/07 discovery recorded the manual only); 272.2 plans are not routinely published and FNS does not post them
snap,us-la,snap_s33,state_manual_or_regulation,,,"searched 1599 provisions of 2 SNAP scope(s) ['2026-07-17-la-snap-manual', '2026-09-13-snap-et-state-plan'] for regex 'transitional benefits? (alternative|assistance|period|reporting|option)|\\bTBA\\b|transitional (SNAP|food|CalFresh|FoodShare|food stamp)|\\bTSNAP\\b|\\bTFA\\b': no match; rulebook re"
snap,us-la,snap_s37,state_statute,,,"searched 1599 provisions of 2 SNAP scope(s) ['2026-07-17-la-snap-manual', '2026-09-13-snap-et-state-plan'] for regex 'state.funded[^.]{0,200}(non.?citizen|immigrant|alien|legal permanent|CFAP|\\bFAP\\b)|(non.?citizen|immigrant|alien)s?[^.]{0,200}state.funded (food|nutrition|snap|benefit|supplemental"
snap,us-la,snap_s38,state_manual_or_regulation,,,"searched 1599 provisions of 2 SNAP scope(s) ['2026-07-17-la-snap-manual', '2026-09-13-snap-et-state-plan'] for regex '(drug|controlled substance)[^.]{0,100}(felony|conviction|felon)[^.]{0,250}(disqualif|eligib|ineligib)': no match; rulebook recorded published_current in the 2026-05/07 discovery but "
snap,us-la,snap_s40,state_manual_or_regulation,,,"searched 1599 provisions of 2 SNAP scope(s) ['2026-07-17-la-snap-manual', '2026-09-13-snap-et-state-plan'] for regex 'restaurant meals? program|\\bRMP\\b|restaurant meals?[^.]{0,120}(elderly|disabled|homeless)': no match; rulebook recorded published_current in the 2026-05/07 discovery but the publis"
snap,us-la,snap_s59,state_manual_or_regulation,,,"searched 1599 provisions of 2 SNAP scope(s) ['2026-07-17-la-snap-manual', '2026-09-13-snap-et-state-plan'] for regex 'cash.out (state|project|program|payments)|SSI recipients? (in|from) (a )?[^.]{0,20}cash.out|SSI/SSP recipients?[^.]{0,80}(eligible|ineligible)|SSI recipients? (are|is|shall be) (elig"
snap,us-me,snap_s05,state_manual_or_regulation,,,"searched 292 provisions of 2 SNAP scope(s) ['2026-09-13-snap-et-state-plan', '2026-09-11-me-snap-manual-supersede'] for regex '(limited|basic|non.heating|nonheating) utility (allowance|standard)|\\bLUA\\b|\\bBUA\\b|\\bNHSUA\\b|non.heating standard': no match; manual index recorded complete family-by"
snap,us-me,snap_s06,state_manual_or_regulation,,,"searched 292 provisions of 2 SNAP scope(s) ['2026-09-13-snap-et-state-plan', '2026-09-11-me-snap-manual-supersede'] for regex 'telephone (standard|allowance|utility)|phone (standard|allowance)|single utility (allowance|standard)|\\bTUA\\b|one.utility standard': no match; manual index recorded comple"
snap,us-me,snap_s18,state_table_or_transmittal,,,"searched 292 provisions of 2 SNAP scope(s) ['2026-09-13-snap-et-state-plan', '2026-09-11-me-snap-manual-supersede'] for regex 'maximum (monthly )?(allotment|benefit)s?[^.]{0,200}\\$\\s?\\d{3}|thrifty food plan[^.]{0,120}\\$\\s?\\d{3}|(allotment|basis of issuance|benefit issuance) (table|chart|schedu"
snap,us-mn,snap_s04,state_manual_or_regulation,,,"searched 4336 provisions of 4 SNAP scope(s) ['2026-09-14-snap-fy2026-state-transmittal', '2026-05-27-mn-combined-manual-r2026-07-15-self-contained', '2026-07-13-recovery', '2026-09-13-snap-et-state-plan'] for regex '(heating|cooling|standard) utility (allowance|standard)[^.]{0,200}\\$\\s?\\d{2,4}|\\"
snap,us-mn,snap_s05,state_manual_or_regulation,,,"searched 4336 provisions of 4 SNAP scope(s) ['2026-09-14-snap-fy2026-state-transmittal', '2026-05-27-mn-combined-manual-r2026-07-15-self-contained', '2026-07-13-recovery', '2026-09-13-snap-et-state-plan'] for regex '(limited|basic|non.heating|nonheating) utility (allowance|standard)|\\bLUA\\b|\\bBUA"
snap,us-mn,snap_s15,state_table_or_transmittal,,,"searched 4336 provisions of 4 SNAP scope(s) ['2026-09-14-snap-fy2026-state-transmittal', '2026-05-27-mn-combined-manual-r2026-07-15-self-contained', '2026-07-13-recovery', '2026-09-13-snap-et-state-plan'] for regex 'standard deduction[^.]{0,160}\\$\\s?\\d{3}\\b': no match; manual index recorded comp"
snap,us-mn,snap_s20,state_table_or_transmittal,,,"searched 4336 provisions of 4 SNAP scope(s) ['2026-09-14-snap-fy2026-state-transmittal', '2026-05-27-mn-combined-manual-r2026-07-15-self-contained', '2026-07-13-recovery', '2026-09-13-snap-et-state-plan'] for regex '(October 1, 2025|FY ?2026|fiscal year 2026|FFY ?2026|10/1/(20)?25|10/01/(20)?25|effe"
snap,us-ms,snap_s15,state_table_or_transmittal,,,"searched 505 provisions of 3 SNAP scope(s) ['2026-09-14-snap-fy2026-state-transmittal', '2026-07-17-ms-snap-policy-manual', '2026-09-13-snap-et-state-plan'] for regex 'standard deduction[^.]{0,160}\\$\\s?\\d{3}\\b': no match; manual index recorded complete family-by-family, no untaken policy family "
snap,us-ms,snap_s16,state_table_or_transmittal,,,"searched 505 provisions of 3 SNAP scope(s) ['2026-09-14-snap-fy2026-state-transmittal', '2026-07-17-ms-snap-policy-manual', '2026-09-13-snap-et-state-plan'] for regex '(maximum|cap(ped)?|limit(ed)?)[^.]{0,60}(excess )?shelter (deduction|expense|cost)s?[^.]{0,120}\\$\\s?\\d{3}|(excess )?shelter (dedu"
snap,us-ms,snap_s17,state_table_or_transmittal,,,"searched 505 provisions of 3 SNAP scope(s) ['2026-09-14-snap-fy2026-state-transmittal', '2026-07-17-ms-snap-policy-manual', '2026-09-13-snap-et-state-plan'] for regex '(gross|net) (monthly )?income (limit|standard|test|eligibility)s?[^.]{0,300}\\$\\s?\\d{3}|income eligibility standards?[^.]{0,200}\\"
snap,us-ms,snap_s20,state_table_or_transmittal,,,"searched 505 provisions of 3 SNAP scope(s) ['2026-09-14-snap-fy2026-state-transmittal', '2026-07-17-ms-snap-policy-manual', '2026-09-13-snap-et-state-plan'] for regex '(October 1, 2025|FY ?2026|fiscal year 2026|FFY ?2026|10/1/(20)?25|10/01/(20)?25|effective (October|Oct\\.?) (1, )?2025)[^.]{0,300}(a"
snap,us-ms,snap_s21,state_manual_or_regulation,,,"searched 505 provisions of 3 SNAP scope(s) ['2026-09-14-snap-fy2026-state-transmittal', '2026-07-17-ms-snap-policy-manual', '2026-09-13-snap-et-state-plan'] for regex 'resource (limit|standard|maximum)s?[^.]{0,120}\\$\\s?\\d|asset limit[^.]{0,120}\\$\\s?\\d|countable resources?[^.]{0,80}\\$\\s?\\d|\"
snap,us-ms,snap_s23,state_manual_or_regulation,,,"searched 505 provisions of 3 SNAP scope(s) ['2026-09-14-snap-fy2026-state-transmittal', '2026-07-17-ms-snap-policy-manual', '2026-09-13-snap-et-state-plan'] for regex 'simplified report|semi.annual report|periodic report|six.month report|interim report|\\bSR\\b household': no match; manual index rec"
snap,us-ms,snap_s32,state_plan,2026-07-17-ms-snap-policy-manual,us-ms/manual/mdhs/snap-policy-manual/part-14/1.6,manual section '1.6 State Plan of Operation.' describes the state plan of operation; the plan itself and its option attachments are not in the corpus and FNS does not post them
snap,us-mo,snap_s15,state_table_or_transmittal,,,"searched 1285 provisions of 4 SNAP scope(s) ['2026-09-14-snap-fy2026-state-transmittal', '2026-05-27-mo-snap-manual-r2026-07-15-self-contained', '2026-07-13-recovery', '2026-09-13-snap-et-state-plan'] for regex 'standard deduction[^.]{0,160}\\$\\s?\\d{3}\\b': no match; manual index recorded complete"
snap,us-mo,snap_s16,state_table_or_transmittal,,,"searched 1285 provisions of 4 SNAP scope(s) ['2026-09-14-snap-fy2026-state-transmittal', '2026-05-27-mo-snap-manual-r2026-07-15-self-contained', '2026-07-13-recovery', '2026-09-13-snap-et-state-plan'] for regex '(maximum|cap(ped)?|limit(ed)?)[^.]{0,60}(excess )?shelter (deduction|expense|cost)s?[^.]"
snap,us-mo,snap_s20,state_table_or_transmittal,,,"searched 1285 provisions of 4 SNAP scope(s) ['2026-09-14-snap-fy2026-state-transmittal', '2026-05-27-mo-snap-manual-r2026-07-15-self-contained', '2026-07-13-recovery', '2026-09-13-snap-et-state-plan'] for regex '(October 1, 2025|FY ?2026|fiscal year 2026|FFY ?2026|10/1/(20)?25|10/01/(20)?25|effectiv"
snap,us-mt,snap_s20,state_table_or_transmittal,,,"searched 539 provisions of 2 SNAP scope(s) ['2026-07-17-mt-snap-policy-manual', '2026-09-13-snap-et-state-plan'] for regex '(October 1, 2025|FY ?2026|fiscal year 2026|FFY ?2026|10/1/(20)?25|10/01/(20)?25|effective (October|Oct\\.?) (1, )?2025)[^.]{0,300}(allotment|income (limit|standard)|standard de"
snap,us-ne,snap_s14,state_manual_or_regulation,,,"searched 857 provisions of 3 SNAP scope(s) ['2026-09-14-snap-fy2026-state-transmittal', '2026-09-13-snap-et-state-plan', '2026-09-11-ne-snap-manual-supersede'] for regex 'earned income (deduction|disregard)[^.]{0,80}(20|twenty)\\s?(%|percent)|(20|twenty)\\s?(%|percent)[^.]{0,60}earned income': no ma"
snap,us-ne,snap_s15,state_table_or_transmittal,,,"searched 857 provisions of 3 SNAP scope(s) ['2026-09-14-snap-fy2026-state-transmittal', '2026-09-13-snap-et-state-plan', '2026-09-11-ne-snap-manual-supersede'] for regex 'standard deduction[^.]{0,160}\\$\\s?\\d{3}\\b': no match; manual index recorded complete family-by-family, no untaken policy fami"
snap,us-ne,snap_s16,state_table_or_transmittal,,,"searched 857 provisions of 3 SNAP scope(s) ['2026-09-14-snap-fy2026-state-transmittal', '2026-09-13-snap-et-state-plan', '2026-09-11-ne-snap-manual-supersede'] for regex '(maximum|cap(ped)?|limit(ed)?)[^.]{0,60}(excess )?shelter (deduction|expense|cost)s?[^.]{0,120}\\$\\s?\\d{3}|(excess )?shelter (d"
snap,us-ne,snap_s25,state_manual_or_regulation,,,"searched 857 provisions of 3 SNAP scope(s) ['2026-09-14-snap-fy2026-state-transmittal', '2026-09-13-snap-et-state-plan', '2026-09-11-ne-snap-manual-supersede'] for regex 'report[^.]{0,120}change[^.]{0,200}(10 days|ten days|130 percent|130%|gross (monthly )?income)|change[^.]{0,80}within (10|ten) (ca"
snap,us-nj,snap_s15,state_table_or_transmittal,,,"searched 389 provisions of 3 SNAP scope(s) ['2026-09-14-snap-fy2026-state-transmittal', '2026-09-13-snap-et-state-plan', '2026-07-17-nj-snap-rules'] for regex 'standard deduction[^.]{0,160}\\$\\s?\\d{3}\\b': no match; manual index recorded complete family-by-family, no untaken policy family listed; "
snap,us-nj,snap_s16,state_table_or_transmittal,,,"searched 389 provisions of 3 SNAP scope(s) ['2026-09-14-snap-fy2026-state-transmittal', '2026-09-13-snap-et-state-plan', '2026-07-17-nj-snap-rules'] for regex '(maximum|cap(ped)?|limit(ed)?)[^.]{0,60}(excess )?shelter (deduction|expense|cost)s?[^.]{0,120}\\$\\s?\\d{3}|(excess )?shelter (deduction|ex"
snap,us-nj,snap_s17,state_table_or_transmittal,,,"searched 389 provisions of 3 SNAP scope(s) ['2026-09-14-snap-fy2026-state-transmittal', '2026-09-13-snap-et-state-plan', '2026-07-17-nj-snap-rules'] for regex '(gross|net) (monthly )?income (limit|standard|test|eligibility)s?[^.]{0,300}\\$\\s?\\d{3}|income eligibility standards?[^.]{0,200}\\$\\s?\\d"
snap,us-nj,snap_s18,state_table_or_transmittal,,,"searched 389 provisions of 3 SNAP scope(s) ['2026-09-14-snap-fy2026-state-transmittal', '2026-09-13-snap-et-state-plan', '2026-07-17-nj-snap-rules'] for regex 'maximum (monthly )?(allotment|benefit)s?[^.]{0,200}\\$\\s?\\d{3}|thrifty food plan[^.]{0,120}\\$\\s?\\d{3}|(allotment|basis of issuance|bene"
snap,us-nj,snap_s20,state_table_or_transmittal,,,"searched 389 provisions of 3 SNAP scope(s) ['2026-09-14-snap-fy2026-state-transmittal', '2026-09-13-snap-et-state-plan', '2026-07-17-nj-snap-rules'] for regex '(October 1, 2025|FY ?2026|fiscal year 2026|FFY ?2026|10/1/(20)?25|10/01/(20)?25|effective (October|Oct\\.?) (1, )?2025)[^.]{0,300}(allotment"
snap,us-nm,snap_s15,state_table_or_transmittal,,,"searched 569 provisions of 3 SNAP scope(s) ['2026-09-14-snap-fy2026-state-transmittal', '2026-09-13-snap-et-state-plan', '2026-07-17-nm-snap-regulations'] for regex 'standard deduction[^.]{0,160}\\$\\s?\\d{3}\\b': no match; manual index recorded complete family-by-family, no untaken policy family li"
snap,us-ok,snap_s15,state_table_or_transmittal,,,"searched 348 provisions of 3 SNAP scope(s) ['2026-09-11-ok-snap-manual-supersede', '2026-09-13-snap-et-state-plan', '2026-07-21-ok-snap-rules'] for regex 'standard deduction[^.]{0,160}\\$\\s?\\d{3}\\b': no match; manual index recorded complete family-by-family, no untaken policy family listed; the r"
snap,us-pa,snap_s03,state_manual_or_regulation,,,"searched 1442 provisions of 2 SNAP scope(s) ['2026-07-21-pa-snap-handbook', '2026-09-13-snap-et-state-plan'] for regex '(categorical(ly)?|BBCE|expanded|\\bECE\\b)[^.]{0,300}(resource|asset)s? (test|limit)s?[^.]{0,120}(not apply|waive|no |exempt|does not|not subject)|(no|without an?|not subject to|ex"
snap,us-pa,snap_s10,state_manual_or_regulation,,,"searched 1442 provisions of 2 SNAP scope(s) ['2026-07-21-pa-snap-handbook', '2026-09-13-snap-et-state-plan'] for regex 'standard medical (deduction|expense deduction|expense \\(SME\\)|expense standard|allowance)|\\bSMD\\b|\\bSMED\\b': no match; rulebook recorded published_current in the 2026-05/07 d"
snap,us-pa,snap_s15,state_table_or_transmittal,,,"searched 1442 provisions of 2 SNAP scope(s) ['2026-07-21-pa-snap-handbook', '2026-09-13-snap-et-state-plan'] for regex 'standard deduction[^.]{0,160}\\$\\s?\\d{3}\\b': no match; publisher index not inventoried family-by-family (state not in the #680 completion queue). The FY 2026 federal value is PR"
snap,us-pa,snap_s16,state_table_or_transmittal,,,"searched 1442 provisions of 2 SNAP scope(s) ['2026-07-21-pa-snap-handbook', '2026-09-13-snap-et-state-plan'] for regex '(maximum|cap(ped)?|limit(ed)?)[^.]{0,60}(excess )?shelter (deduction|expense|cost)s?[^.]{0,120}\\$\\s?\\d{3}|(excess )?shelter (deduction|expense|cost)s?[^.]{0,80}(cap|maximum|limi"
snap,us-pa,snap_s32,state_plan,,,publisher index not inventoried family-by-family (state not in the #680 completion queue; original 2026-05/07 discovery recorded the manual only); 272.2 plans are not routinely published and FNS does not post them
snap,us-pa,snap_s37,state_statute,,,"searched 1442 provisions of 2 SNAP scope(s) ['2026-07-21-pa-snap-handbook', '2026-09-13-snap-et-state-plan'] for regex 'state.funded[^.]{0,200}(non.?citizen|immigrant|alien|legal permanent|CFAP|\\bFAP\\b)|(non.?citizen|immigrant|alien)s?[^.]{0,200}state.funded (food|nutrition|snap|benefit|supplement"
snap,us-pa,snap_s38,state_manual_or_regulation,,,"searched 1442 provisions of 2 SNAP scope(s) ['2026-07-21-pa-snap-handbook', '2026-09-13-snap-et-state-plan'] for regex '(drug|controlled substance)[^.]{0,100}(felony|conviction|felon)[^.]{0,250}(disqualif|eligib|ineligib)': no match; rulebook recorded published_current in the 2026-05/07 discovery bu"
snap,us-pa,snap_s40,state_manual_or_regulation,,,"searched 1442 provisions of 2 SNAP scope(s) ['2026-07-21-pa-snap-handbook', '2026-09-13-snap-et-state-plan'] for regex 'restaurant meals? program|\\bRMP\\b|restaurant meals?[^.]{0,120}(elderly|disabled|homeless)': no match; rulebook recorded published_current in the 2026-05/07 discovery but the publ"
snap,us-pa,snap_s53,state_statute,,,"searched 1442 provisions of 2 SNAP scope(s) ['2026-07-21-pa-snap-handbook', '2026-09-13-snap-et-state-plan'] for regex '(state|district|locally)[- ]funded[^.]{0,120}(minimum (benefit|allotment)|minimum brings|SNAP supplement|supplemental (SNAP|food)|Any size \\$)|minimum state supplement|\\bMSS\\b b"
snap,us-pa,snap_s59,state_manual_or_regulation,,,"searched 1442 provisions of 2 SNAP scope(s) ['2026-07-21-pa-snap-handbook', '2026-09-13-snap-et-state-plan'] for regex 'cash.out (state|project|program|payments)|SSI recipients? (in|from) (a )?[^.]{0,20}cash.out|SSI/SSP recipients?[^.]{0,80}(eligible|ineligible)|SSI recipients? (are|is|shall be) (el"
snap,us-ri,snap_s05,state_manual_or_regulation,,,"searched 368 provisions of 3 SNAP scope(s) ['2026-09-14-snap-fy2026-state-transmittal', '2026-09-13-snap-et-state-plan', '2026-07-21-ri-snap-rules'] for regex '(limited|basic|non.heating|nonheating) utility (allowance|standard)|\\bLUA\\b|\\bBUA\\b|\\bNHSUA\\b|non.heating standard': no match; manual "
snap,us-ri,snap_s15,state_table_or_transmittal,,,"searched 368 provisions of 3 SNAP scope(s) ['2026-09-14-snap-fy2026-state-transmittal', '2026-09-13-snap-et-state-plan', '2026-07-21-ri-snap-rules'] for regex 'standard deduction[^.]{0,160}\\$\\s?\\d{3}\\b': no match; manual index recorded complete family-by-family, no untaken policy family listed; "
snap,us-ri,snap_s17,state_table_or_transmittal,,,"searched 368 provisions of 3 SNAP scope(s) ['2026-09-14-snap-fy2026-state-transmittal', '2026-09-13-snap-et-state-plan', '2026-07-21-ri-snap-rules'] for regex '(gross|net) (monthly )?income (limit|standard|test|eligibility)s?[^.]{0,300}\\$\\s?\\d{3}|income eligibility standards?[^.]{0,200}\\$\\s?\\d"
snap,us-ri,snap_s20,state_table_or_transmittal,,,"searched 368 provisions of 3 SNAP scope(s) ['2026-09-14-snap-fy2026-state-transmittal', '2026-09-13-snap-et-state-plan', '2026-07-21-ri-snap-rules'] for regex '(October 1, 2025|FY ?2026|fiscal year 2026|FFY ?2026|10/1/(20)?25|10/01/(20)?25|effective (October|Oct\\.?) (1, )?2025)[^.]{0,300}(allotment"
snap,us-sc,snap_s03,state_manual_or_regulation,,,"searched 651 provisions of 5 SNAP scope(s) ['2026-05-27-sc-snap-manual', '2026-07-13-recovery', '2026-09-13-snap-et-state-plan', '2026-05-29-r2026-07-15-self-contained', '2026-07-13-recovery'] for regex '(categorical(ly)?|BBCE|expanded|\\bECE\\b)[^.]{0,300}(resource|asset)s? (test|limit)s?[^.]{0,120"
snap,us-sc,snap_s04,state_manual_or_regulation,,,"searched 651 provisions of 5 SNAP scope(s) ['2026-05-27-sc-snap-manual', '2026-07-13-recovery', '2026-09-13-snap-et-state-plan', '2026-05-29-r2026-07-15-self-contained', '2026-07-13-recovery'] for regex '(heating|cooling|standard) utility (allowance|standard)[^.]{0,200}\\$\\s?\\d{2,4}|\\bHCSUA\\b[^."
snap,us-sc,snap_s32,state_plan,,,publisher index not inventoried family-by-family (state not in the #680 completion queue; original 2026-05/07 discovery recorded the manual only); 272.2 plans are not routinely published and FNS does not post them
snap,us-sc,snap_s33,state_manual_or_regulation,,,"searched 651 provisions of 5 SNAP scope(s) ['2026-05-27-sc-snap-manual', '2026-07-13-recovery', '2026-09-13-snap-et-state-plan', '2026-05-29-r2026-07-15-self-contained', '2026-07-13-recovery'] for regex 'transitional benefits? (alternative|assistance|period|reporting|option)|\\bTBA\\b|transitional ("
snap,us-sc,snap_s37,state_statute,,,"searched 651 provisions of 5 SNAP scope(s) ['2026-05-27-sc-snap-manual', '2026-07-13-recovery', '2026-09-13-snap-et-state-plan', '2026-05-29-r2026-07-15-self-contained', '2026-07-13-recovery'] for regex 'state.funded[^.]{0,200}(non.?citizen|immigrant|alien|legal permanent|CFAP|\\bFAP\\b)|(non.?citiz"
snap,us-sc,snap_s40,state_manual_or_regulation,,,"searched 651 provisions of 5 SNAP scope(s) ['2026-05-27-sc-snap-manual', '2026-07-13-recovery', '2026-09-13-snap-et-state-plan', '2026-05-29-r2026-07-15-self-contained', '2026-07-13-recovery'] for regex 'restaurant meals? program|\\bRMP\\b|restaurant meals?[^.]{0,120}(elderly|disabled|homeless)': no"
snap,us-sc,snap_s53,state_statute,,,"searched 651 provisions of 5 SNAP scope(s) ['2026-05-27-sc-snap-manual', '2026-07-13-recovery', '2026-09-13-snap-et-state-plan', '2026-05-29-r2026-07-15-self-contained', '2026-07-13-recovery'] for regex '(state|district|locally)[- ]funded[^.]{0,120}(minimum (benefit|allotment)|minimum brings|SNAP su"
snap,us-sc,snap_s59,state_manual_or_regulation,,,"searched 651 provisions of 5 SNAP scope(s) ['2026-05-27-sc-snap-manual', '2026-07-13-recovery', '2026-09-13-snap-et-state-plan', '2026-05-29-r2026-07-15-self-contained', '2026-07-13-recovery'] for regex 'cash.out (state|project|program|payments)|SSI recipients? (in|from) (a )?[^.]{0,20}cash.out|SSI/"
snap,us-sd,snap_s01,state_manual_or_regulation,,,"searched 425 provisions of 2 SNAP scope(s) ['2026-07-21-sd-snap-manual', '2026-09-13-snap-et-state-plan'] for regex 'broad.based categorical|expanded categorical|modified categorical|\\bBBCE\\b|\\bECE\\b households|categorical eligibility is expanded|categorical(ly)? eligib[^.]{0,200}\\b(200|185|165"
snap,us-sd,snap_s02,state_manual_or_regulation,,,"searched 425 provisions of 2 SNAP scope(s) ['2026-07-21-sd-snap-manual', '2026-09-13-snap-et-state-plan'] for regex '(categorical(ly)?|BBCE|expanded)[^.]{0,300}\\b(200|185|165|160|150)\\s?(%|percent)|\\b(200|185|165|160|150)\\s?(%|percent)[^.]{0,200}(categorical|BBCE)': no match; rulebook recorded p"
snap,us-sd,snap_s03,state_manual_or_regulation,,,"searched 425 provisions of 2 SNAP scope(s) ['2026-07-21-sd-snap-manual', '2026-09-13-snap-et-state-plan'] for regex '(categorical(ly)?|BBCE|expanded|\\bECE\\b)[^.]{0,300}(resource|asset)s? (test|limit)s?[^.]{0,120}(not apply|waive|no |exempt|does not|not subject)|(no|without an?|not subject to|exemp"
snap,us-sd,snap_s18,state_table_or_transmittal,,,"searched 425 provisions of 2 SNAP scope(s) ['2026-07-21-sd-snap-manual', '2026-09-13-snap-et-state-plan'] for regex 'maximum (monthly )?(allotment|benefit)s?[^.]{0,200}\\$\\s?\\d{3}|thrifty food plan[^.]{0,120}\\$\\s?\\d{3}|(allotment|basis of issuance|benefit issuance) (table|chart|schedule)s?|basi"
snap,us-sd,snap_s32,state_plan,,,publisher index not inventoried family-by-family (state not in the #680 completion queue; original 2026-05/07 discovery recorded the manual only); 272.2 plans are not routinely published and FNS does not post them
snap,us-sd,snap_s33,state_manual_or_regulation,,,"searched 425 provisions of 2 SNAP scope(s) ['2026-07-21-sd-snap-manual', '2026-09-13-snap-et-state-plan'] for regex 'transitional benefits? (alternative|assistance|period|reporting|option)|\\bTBA\\b|transitional (SNAP|food|CalFresh|FoodShare|food stamp)|\\bTSNAP\\b|\\bTFA\\b': no match; rulebook rec"
snap,us-sd,snap_s37,state_statute,,,"searched 425 provisions of 2 SNAP scope(s) ['2026-07-21-sd-snap-manual', '2026-09-13-snap-et-state-plan'] for regex 'state.funded[^.]{0,200}(non.?citizen|immigrant|alien|legal permanent|CFAP|\\bFAP\\b)|(non.?citizen|immigrant|alien)s?[^.]{0,200}state.funded (food|nutrition|snap|benefit|supplemental)"
snap,us-sd,snap_s39,state_manual_or_regulation,,,"searched 425 provisions of 2 SNAP scope(s) ['2026-07-21-sd-snap-manual', '2026-09-13-snap-et-state-plan'] for regex 'combined application project|\\bCAP\\b[^.]{0,80}\\bSSI\\b|elderly simplified application|\\bESAP\\b|\\bSCAP\\b|\\bNYSCAP\\b|\\bMSCAP\\b|\\bSSI CAP\\b': no match; rulebook recorded pub"
snap,us-sd,snap_s40,state_manual_or_regulation,,,"searched 425 provisions of 2 SNAP scope(s) ['2026-07-21-sd-snap-manual', '2026-09-13-snap-et-state-plan'] for regex 'restaurant meals? program|\\bRMP\\b|restaurant meals?[^.]{0,120}(elderly|disabled|homeless)': no match; rulebook recorded published_current in the 2026-05/07 discovery but the publish"
snap,us-sd,snap_s53,state_statute,,,"searched 425 provisions of 2 SNAP scope(s) ['2026-07-21-sd-snap-manual', '2026-09-13-snap-et-state-plan'] for regex '(state|district|locally)[- ]funded[^.]{0,120}(minimum (benefit|allotment)|minimum brings|SNAP supplement|supplemental (SNAP|food)|Any size \\$)|minimum state supplement|\\bMSS\\b bene"
snap,us-tn,snap_s20,state_table_or_transmittal,,,"searched 707 provisions of 6 SNAP scope(s) ['2026-09-14-snap-fy2026-state-transmittal', '2026-07-13-recovery', '2026-09-11-tn-snap-manual-supersede', '2026-09-13-snap-et-state-plan', '2026-05-29-r2026-07-15-self-contained', '2026-07-13-recovery'] for regex '(October 1, 2025|FY ?2026|fiscal year 2026"
snap,us-tn,snap_s23,state_manual_or_regulation,,,"searched 707 provisions of 6 SNAP scope(s) ['2026-09-14-snap-fy2026-state-transmittal', '2026-07-13-recovery', '2026-09-11-tn-snap-manual-supersede', '2026-09-13-snap-et-state-plan', '2026-05-29-r2026-07-15-self-contained', '2026-07-13-recovery'] for regex 'simplified report|semi.annual report|perio"
snap,us-tn,snap_s50,state_manual_or_regulation,,,"searched 707 provisions of 6 SNAP scope(s) ['2026-09-14-snap-fy2026-state-transmittal', '2026-07-13-recovery', '2026-09-11-tn-snap-manual-supersede', '2026-09-13-snap-et-state-plan', '2026-05-29-r2026-07-15-self-contained', '2026-07-13-recovery'] for regex 'self.employ(ment|ed)[^.]{0,250}(expense|de"
snap,us-tx,snap_s04,state_manual_or_regulation,,,"searched 4964 provisions of 3 SNAP scope(s) ['2026-05-27-tx-manuals-r2026-07-15-self-contained', '2026-07-13-recovery-r2026-07-17-dedup', '2026-09-10-snap-state-manual-completion'] for regex '(heating|cooling|standard) utility (allowance|standard)[^.]{0,200}\\$\\s?\\d{2,4}|\\bHCSUA\\b[^.]{0,200}\\$\"
snap,us-tx,snap_s15,state_table_or_transmittal,,,"searched 4964 provisions of 3 SNAP scope(s) ['2026-05-27-tx-manuals-r2026-07-15-self-contained', '2026-07-13-recovery-r2026-07-17-dedup', '2026-09-10-snap-state-manual-completion'] for regex 'standard deduction[^.]{0,160}\\$\\s?\\d{3}\\b': no match; manual index recorded complete family-by-family, n"
snap,us-tx,snap_s17,state_table_or_transmittal,,,"searched 4964 provisions of 3 SNAP scope(s) ['2026-05-27-tx-manuals-r2026-07-15-self-contained', '2026-07-13-recovery-r2026-07-17-dedup', '2026-09-10-snap-state-manual-completion'] for regex '(gross|net) (monthly )?income (limit|standard|test|eligibility)s?[^.]{0,300}\\$\\s?\\d{3}|income eligibility"
snap,us-ut,snap_s05,state_manual_or_regulation,,,"searched 2465 provisions of 4 SNAP scope(s) ['2026-05-27-ut-manuals-r2026-07-15-self-contained', '2026-07-13-recovery', '2026-09-14-snap-fy2026-state-transmittal', '2026-09-13-snap-et-state-plan'] for regex '(limited|basic|non.heating|nonheating) utility (allowance|standard)|\\bLUA\\b|\\bBUA\\b|\\bN"
snap,us-ut,snap_s16,state_table_or_transmittal,,,"searched 2465 provisions of 4 SNAP scope(s) ['2026-05-27-ut-manuals-r2026-07-15-self-contained', '2026-07-13-recovery', '2026-09-14-snap-fy2026-state-transmittal', '2026-09-13-snap-et-state-plan'] for regex '(maximum|cap(ped)?|limit(ed)?)[^.]{0,60}(excess )?shelter (deduction|expense|cost)s?[^.]{0,1"
snap,us-ut,snap_s17,state_table_or_transmittal,,,"searched 2465 provisions of 4 SNAP scope(s) ['2026-05-27-ut-manuals-r2026-07-15-self-contained', '2026-07-13-recovery', '2026-09-14-snap-fy2026-state-transmittal', '2026-09-13-snap-et-state-plan'] for regex '(gross|net) (monthly )?income (limit|standard|test|eligibility)s?[^.]{0,300}\\$\\s?\\d{3}|in"
snap,us-ut,snap_s20,state_table_or_transmittal,,,"searched 2465 provisions of 4 SNAP scope(s) ['2026-05-27-ut-manuals-r2026-07-15-self-contained', '2026-07-13-recovery', '2026-09-14-snap-fy2026-state-transmittal', '2026-09-13-snap-et-state-plan'] for regex '(October 1, 2025|FY ?2026|fiscal year 2026|FFY ?2026|10/1/(20)?25|10/01/(20)?25|effective (O"
snap,us-vt,snap_s20,state_table_or_transmittal,,,"searched 1100 provisions of 3 SNAP scope(s) ['2026-07-21-vt-3squaresvt-manual', '2026-09-14-snap-fy2026-state-transmittal', '2026-09-13-snap-et-state-plan'] for regex '(October 1, 2025|FY ?2026|fiscal year 2026|FFY ?2026|10/1/(20)?25|10/01/(20)?25|effective (October|Oct\\.?) (1, )?2025)[^.]{0,300}(a"
snap,us-va,snap_s05,state_manual_or_regulation,,,"searched 765 provisions of 2 SNAP scope(s) ['2026-07-21-va-snap-manual', '2026-09-13-snap-et-state-plan'] for regex '(limited|basic|non.heating|nonheating) utility (allowance|standard)|\\bLUA\\b|\\bBUA\\b|\\bNHSUA\\b|non.heating standard': no match; manual index recorded complete family-by-family, n"
snap,us-va,snap_s16,state_table_or_transmittal,,,"searched 765 provisions of 2 SNAP scope(s) ['2026-07-21-va-snap-manual', '2026-09-13-snap-et-state-plan'] for regex '(maximum|cap(ped)?|limit(ed)?)[^.]{0,60}(excess )?shelter (deduction|expense|cost)s?[^.]{0,120}\\$\\s?\\d{3}|(excess )?shelter (deduction|expense|cost)s?[^.]{0,80}(cap|maximum|limit)["
snap,us-va,snap_s20,state_table_or_transmittal,,,"searched 765 provisions of 2 SNAP scope(s) ['2026-07-21-va-snap-manual', '2026-09-13-snap-et-state-plan'] for regex '(October 1, 2025|FY ?2026|fiscal year 2026|FFY ?2026|10/1/(20)?25|10/01/(20)?25|effective (October|Oct\\.?) (1, )?2025)[^.]{0,300}(allotment|income (limit|standard)|standard deduction"
snap,us-wa,snap_s03,state_manual_or_regulation,,,"searched 1638 provisions of 5 SNAP scope(s) ['2026-07-21-wa-eaz-manual', '2026-09-13-snap-et-state-plan', '2026-06-25-388-450-r2026-07-15-self-contained', '2026-06-25-388-478-r2026-07-15-self-contained-r2026-07-17-dedup', '2026-07-01-388-474-r2026-07-15-self-contained-r2026-07-17-dedup'] for regex '"
snap,us-wa,snap_s07,state_manual_or_regulation,,,"searched 1638 provisions of 5 SNAP scope(s) ['2026-07-21-wa-eaz-manual', '2026-09-13-snap-et-state-plan', '2026-06-25-388-450-r2026-07-15-self-contained', '2026-06-25-388-478-r2026-07-15-self-contained-r2026-07-17-dedup', '2026-07-01-388-474-r2026-07-15-self-contained-r2026-07-17-dedup'] for regex '"
snap,us-wa,snap_s10,state_manual_or_regulation,,,"searched 1638 provisions of 5 SNAP scope(s) ['2026-07-21-wa-eaz-manual', '2026-09-13-snap-et-state-plan', '2026-06-25-388-450-r2026-07-15-self-contained', '2026-06-25-388-478-r2026-07-15-self-contained-r2026-07-17-dedup', '2026-07-01-388-474-r2026-07-15-self-contained-r2026-07-17-dedup'] for regex '"
snap,us-wa,snap_s15,state_table_or_transmittal,,,"searched 1638 provisions of 5 SNAP scope(s) ['2026-07-21-wa-eaz-manual', '2026-09-13-snap-et-state-plan', '2026-06-25-388-450-r2026-07-15-self-contained', '2026-06-25-388-478-r2026-07-15-self-contained-r2026-07-17-dedup', '2026-07-01-388-474-r2026-07-15-self-contained-r2026-07-17-dedup'] for regex '"
snap,us-wa,snap_s32,state_plan,,,publisher index not inventoried family-by-family (state not in the #680 completion queue; original 2026-05/07 discovery recorded the manual only); 272.2 plans are not routinely published and FNS does not post them
snap,us-wa,snap_s38,state_manual_or_regulation,,,"searched 1638 provisions of 5 SNAP scope(s) ['2026-07-21-wa-eaz-manual', '2026-09-13-snap-et-state-plan', '2026-06-25-388-450-r2026-07-15-self-contained', '2026-06-25-388-478-r2026-07-15-self-contained-r2026-07-17-dedup', '2026-07-01-388-474-r2026-07-15-self-contained-r2026-07-17-dedup'] for regex '"
snap,us-wa,snap_s40,state_manual_or_regulation,,,"searched 1638 provisions of 5 SNAP scope(s) ['2026-07-21-wa-eaz-manual', '2026-09-13-snap-et-state-plan', '2026-06-25-388-450-r2026-07-15-self-contained', '2026-06-25-388-478-r2026-07-15-self-contained-r2026-07-17-dedup', '2026-07-01-388-474-r2026-07-15-self-contained-r2026-07-17-dedup'] for regex '"
snap,us-wa,snap_s53,state_statute,,,"searched 1638 provisions of 5 SNAP scope(s) ['2026-07-21-wa-eaz-manual', '2026-09-13-snap-et-state-plan', '2026-06-25-388-450-r2026-07-15-self-contained', '2026-06-25-388-478-r2026-07-15-self-contained-r2026-07-17-dedup', '2026-07-01-388-474-r2026-07-15-self-contained-r2026-07-17-dedup'] for regex '"
snap,us-wa,snap_s59,state_manual_or_regulation,,,"searched 1638 provisions of 5 SNAP scope(s) ['2026-07-21-wa-eaz-manual', '2026-09-13-snap-et-state-plan', '2026-06-25-388-450-r2026-07-15-self-contained', '2026-06-25-388-478-r2026-07-15-self-contained-r2026-07-17-dedup', '2026-07-01-388-474-r2026-07-15-self-contained-r2026-07-17-dedup'] for regex '"
snap,us-wv,snap_s03,state_manual_or_regulation,,,"searched 2398 provisions of 3 SNAP scope(s) ['2026-07-21-wv-income-maintenance-manual', '2026-07-21-wv-snap-healthy-choices-overlay', '2026-09-13-snap-et-state-plan'] for regex '(categorical(ly)?|BBCE|expanded|\\bECE\\b)[^.]{0,300}(resource|asset)s? (test|limit)s?[^.]{0,120}(not apply|waive|no |exem"
snap,us-wv,snap_s04,state_manual_or_regulation,,,"searched 2398 provisions of 3 SNAP scope(s) ['2026-07-21-wv-income-maintenance-manual', '2026-07-21-wv-snap-healthy-choices-overlay', '2026-09-13-snap-et-state-plan'] for regex '(heating|cooling|standard) utility (allowance|standard)[^.]{0,200}\\$\\s?\\d{2,4}|\\bHCSUA\\b[^.]{0,200}\\$\\s?\\d{2,4}|\\"
snap,us-wv,snap_s05,state_manual_or_regulation,,,"searched 2398 provisions of 3 SNAP scope(s) ['2026-07-21-wv-income-maintenance-manual', '2026-07-21-wv-snap-healthy-choices-overlay', '2026-09-13-snap-et-state-plan'] for regex '(limited|basic|non.heating|nonheating) utility (allowance|standard)|\\bLUA\\b|\\bBUA\\b|\\bNHSUA\\b|non.heating standard':"
snap,us-wv,snap_s07,state_manual_or_regulation,,,"searched 2398 provisions of 3 SNAP scope(s) ['2026-07-21-wv-income-maintenance-manual', '2026-07-21-wv-snap-healthy-choices-overlay', '2026-09-13-snap-et-state-plan'] for regex 'mandatory (standard )?utility|(SUA|HCSUA|standard utility allowance|utility (allowance|standard))s? (is|are) mandatory|mus"
snap,us-wv,snap_s10,state_manual_or_regulation,,,"searched 2398 provisions of 3 SNAP scope(s) ['2026-07-21-wv-income-maintenance-manual', '2026-07-21-wv-snap-healthy-choices-overlay', '2026-09-13-snap-et-state-plan'] for regex 'standard medical (deduction|expense deduction|expense \\(SME\\)|expense standard|allowance)|\\bSMD\\b|\\bSMED\\b': no matc"
snap,us-wv,snap_s15,state_table_or_transmittal,,,"searched 2398 provisions of 3 SNAP scope(s) ['2026-07-21-wv-income-maintenance-manual', '2026-07-21-wv-snap-healthy-choices-overlay', '2026-09-13-snap-et-state-plan'] for regex 'standard deduction[^.]{0,160}\\$\\s?\\d{3}\\b': no match; publisher index not inventoried family-by-family (state not in t"
snap,us-wv,snap_s16,state_table_or_transmittal,,,"searched 2398 provisions of 3 SNAP scope(s) ['2026-07-21-wv-income-maintenance-manual', '2026-07-21-wv-snap-healthy-choices-overlay', '2026-09-13-snap-et-state-plan'] for regex '(maximum|cap(ped)?|limit(ed)?)[^.]{0,60}(excess )?shelter (deduction|expense|cost)s?[^.]{0,120}\\$\\s?\\d{3}|(excess )?she"
snap,us-wv,snap_s32,state_plan,,,publisher index not inventoried family-by-family (state not in the #680 completion queue; original 2026-05/07 discovery recorded the manual only); 272.2 plans are not routinely published and FNS does not post them
snap,us-wv,snap_s37,state_statute,,,"searched 2398 provisions of 3 SNAP scope(s) ['2026-07-21-wv-income-maintenance-manual', '2026-07-21-wv-snap-healthy-choices-overlay', '2026-09-13-snap-et-state-plan'] for regex 'state.funded[^.]{0,200}(non.?citizen|immigrant|alien|legal permanent|CFAP|\\bFAP\\b)|(non.?citizen|immigrant|alien)s?[^.]{"
snap,us-wv,snap_s39,state_manual_or_regulation,,,"searched 2398 provisions of 3 SNAP scope(s) ['2026-07-21-wv-income-maintenance-manual', '2026-07-21-wv-snap-healthy-choices-overlay', '2026-09-13-snap-et-state-plan'] for regex 'combined application project|\\bCAP\\b[^.]{0,80}\\bSSI\\b|elderly simplified application|\\bESAP\\b|\\bSCAP\\b|\\bNYSCAP\\"
snap,us-wv,snap_s40,state_manual_or_regulation,,,"searched 2398 provisions of 3 SNAP scope(s) ['2026-07-21-wv-income-maintenance-manual', '2026-07-21-wv-snap-healthy-choices-overlay', '2026-09-13-snap-et-state-plan'] for regex 'restaurant meals? program|\\bRMP\\b|restaurant meals?[^.]{0,120}(elderly|disabled|homeless)': no match; rulebook recorded "
snap,us-wv,snap_s53,state_statute,,,"searched 2398 provisions of 3 SNAP scope(s) ['2026-07-21-wv-income-maintenance-manual', '2026-07-21-wv-snap-healthy-choices-overlay', '2026-09-13-snap-et-state-plan'] for regex '(state|district|locally)[- ]funded[^.]{0,120}(minimum (benefit|allotment)|minimum brings|SNAP supplement|supplemental (SNA"
snap,us-wv,snap_s59,state_manual_or_regulation,,,"searched 2398 provisions of 3 SNAP scope(s) ['2026-07-21-wv-income-maintenance-manual', '2026-07-21-wv-snap-healthy-choices-overlay', '2026-09-13-snap-et-state-plan'] for regex 'cash.out (state|project|program|payments)|SSI recipients? (in|from) (a )?[^.]{0,20}cash.out|SSI/SSP recipients?[^.]{0,80}("
snap,us-wi,snap_s03,state_manual_or_regulation,,,"searched 604 provisions of 2 SNAP scope(s) ['2026-07-21-wi-foodshare-manual', '2026-09-13-snap-et-state-plan'] for regex '(categorical(ly)?|BBCE|expanded|\\bECE\\b)[^.]{0,300}(resource|asset)s? (test|limit)s?[^.]{0,120}(not apply|waive|no |exempt|does not|not subject)|(no|without an?|not subject to|"
snap,us-wi,snap_s07,state_manual_or_regulation,,,"searched 604 provisions of 2 SNAP scope(s) ['2026-07-21-wi-foodshare-manual', '2026-09-13-snap-et-state-plan'] for regex 'mandatory (standard )?utility|(SUA|HCSUA|standard utility allowance|utility (allowance|standard))s? (is|are) mandatory|must use the (standard utility|SUA|HCSUA|utility (standard|"
snap,us-wi,snap_s10,state_manual_or_regulation,,,"searched 604 provisions of 2 SNAP scope(s) ['2026-07-21-wi-foodshare-manual', '2026-09-13-snap-et-state-plan'] for regex 'standard medical (deduction|expense deduction|expense \\(SME\\)|expense standard|allowance)|\\bSMD\\b|\\bSMED\\b': no match; rulebook recorded published_current in the 2026-05/07"
snap,us-wi,snap_s15,state_table_or_transmittal,,,"searched 604 provisions of 2 SNAP scope(s) ['2026-07-21-wi-foodshare-manual', '2026-09-13-snap-et-state-plan'] for regex 'standard deduction[^.]{0,160}\\$\\s?\\d{3}\\b': no match; publisher index not inventoried family-by-family (state not in the #680 completion queue). The FY 2026 federal value is "
snap,us-wi,snap_s32,state_plan,,,publisher index not inventoried family-by-family (state not in the #680 completion queue; original 2026-05/07 discovery recorded the manual only); 272.2 plans are not routinely published and FNS does not post them
snap,us-wi,snap_s37,state_statute,,,"searched 604 provisions of 2 SNAP scope(s) ['2026-07-21-wi-foodshare-manual', '2026-09-13-snap-et-state-plan'] for regex 'state.funded[^.]{0,200}(non.?citizen|immigrant|alien|legal permanent|CFAP|\\bFAP\\b)|(non.?citizen|immigrant|alien)s?[^.]{0,200}state.funded (food|nutrition|snap|benefit|suppleme"
snap,us-wi,snap_s39,state_manual_or_regulation,,,"searched 604 provisions of 2 SNAP scope(s) ['2026-07-21-wi-foodshare-manual', '2026-09-13-snap-et-state-plan'] for regex 'combined application project|\\bCAP\\b[^.]{0,80}\\bSSI\\b|elderly simplified application|\\bESAP\\b|\\bSCAP\\b|\\bNYSCAP\\b|\\bMSCAP\\b|\\bSSI CAP\\b': no match; rulebook recorde"
snap,us-wi,snap_s40,state_manual_or_regulation,,,"searched 604 provisions of 2 SNAP scope(s) ['2026-07-21-wi-foodshare-manual', '2026-09-13-snap-et-state-plan'] for regex 'restaurant meals? program|\\bRMP\\b|restaurant meals?[^.]{0,120}(elderly|disabled|homeless)': no match; rulebook recorded published_current in the 2026-05/07 discovery but the pu"
snap,us-wi,snap_s53,state_statute,,,"searched 604 provisions of 2 SNAP scope(s) ['2026-07-21-wi-foodshare-manual', '2026-09-13-snap-et-state-plan'] for regex '(state|district|locally)[- ]funded[^.]{0,120}(minimum (benefit|allotment)|minimum brings|SNAP supplement|supplemental (SNAP|food)|Any size \\$)|minimum state supplement|\\bMSS\\b"
snap,us-wi,snap_s59,state_manual_or_regulation,,,"searched 604 provisions of 2 SNAP scope(s) ['2026-07-21-wi-foodshare-manual', '2026-09-13-snap-et-state-plan'] for regex 'cash.out (state|project|program|payments)|SSI recipients? (in|from) (a )?[^.]{0,20}cash.out|SSI/SSP recipients?[^.]{0,80}(eligible|ineligible)|SSI recipients? (are|is|shall be) ("
wic,us-al,wic_s31,state_regulation,,,state administrative-code WIC chapter not inventoried by the WIC queue (manual family only); whether the state codifies WIC is unverified
wic,us-ak,wic_s30,state_plan,,,state plan family not inventoried by the WIC queue (manual family only; index https://health.alaska.gov/en/services/division-of-public-assistance-dpa-services/wic/); FNS does not post state plans
wic,us-ak,wic_s31,state_regulation,,,state administrative-code WIC chapter not inventoried by the WIC queue (manual family only); whether the state codifies WIC is unverified
wic,us-az,wic_s31,state_regulation,,,state administrative-code WIC chapter not inventoried by the WIC queue (manual family only); whether the state codifies WIC is unverified
wic,us-ar,wic_s31,state_regulation,,,state administrative-code WIC chapter not inventoried by the WIC queue (manual family only); whether the state codifies WIC is unverified
wic,us-ca,wic_s30,state_plan,,,state plan family not inventoried by the WIC queue (manual family only; index https://www.cdph.ca.gov/Programs/CFH/DWICSN/Pages/LocalAgencies/PoliciesandPolicyResources/WPPM.aspx); FNS does not post state plans
wic,us-ca,wic_s31,state_regulation,,,state administrative-code WIC chapter not inventoried by the WIC queue (manual family only); whether the state codifies WIC is unverified
wic,us-co,wic_s30,state_plan,,,state plan family not inventoried by the WIC queue (manual family only; index https://www.coloradowic.gov/policies-procedures/manuals/wic-policy-manual); FNS does not post state plans
wic,us-co,wic_s31,state_regulation,,,state administrative-code WIC chapter not inventoried by the WIC queue (manual family only); whether the state codifies WIC is unverified
wic,us-ct,wic_s31,state_regulation,,,state administrative-code WIC chapter not inventoried by the WIC queue (manual family only); whether the state codifies WIC is unverified
wic,us-de,wic_s31,state_regulation,,,state administrative-code WIC chapter not inventoried by the WIC queue (manual family only); whether the state codifies WIC is unverified
wic,us-dc,wic_s30,state_plan,,,state plan family not inventoried by the WIC queue (manual family only; index https://www.dcwic.org/policies-forms); FNS does not post state plans
wic,us-dc,wic_s31,state_regulation,,,state administrative-code WIC chapter not inventoried by the WIC queue (manual family only); whether the state codifies WIC is unverified
wic,us-fl,wic_s30,state_plan,,,state plan family not inventoried by the WIC queue (manual family only; index https://www.floridahealth.gov/individual-family-health/womens-health/wic/); FNS does not post state plans
wic,us-fl,wic_s31,state_regulation,,,state administrative-code WIC chapter not inventoried by the WIC queue (manual family only); whether the state codifies WIC is unverified
wic,us-ga,wic_s30,state_plan,,,state plan family not inventoried by the WIC queue (manual family only; index https://dph.georgia.gov/WIC/wic-policy-and-procedures-manual); FNS does not post state plans
wic,us-ga,wic_s31,state_regulation,,,state administrative-code WIC chapter not inventoried by the WIC queue (manual family only); whether the state codifies WIC is unverified
wic,us-hi,wic_s30,state_plan,,,state plan family not inventoried by the WIC queue (manual family only; index https://health.hawaii.gov/wic/wic-la-information/); FNS does not post state plans
wic,us-hi,wic_s31,state_regulation,,,state administrative-code WIC chapter not inventoried by the WIC queue (manual family only); whether the state codifies WIC is unverified
wic,us-id,wic_s30,state_plan,,,state plan family not inventoried by the WIC queue (manual family only; index https://healthandwelfare.idaho.gov/services-programs/food-assistance/about-wic); FNS does not post state plans
wic,us-id,wic_s31,state_regulation,,,state administrative-code WIC chapter not inventoried by the WIC queue (manual family only); whether the state codifies WIC is unverified
wic,us-il,wic_s31,state_regulation,,,state administrative-code WIC chapter not inventoried by the WIC queue (manual family only); whether the state codifies WIC is unverified
wic,us-in,wic_s30,state_plan,,,state plan family not inventoried by the WIC queue (manual family only; index https://www.in.gov/health/wic/wic-staff); FNS does not post state plans
wic,us-in,wic_s31,state_regulation,,,state administrative-code WIC chapter not inventoried by the WIC queue (manual family only); whether the state codifies WIC is unverified
wic,us-ia,wic_s30,state_plan,,,state plan family not inventoried by the WIC queue (manual family only; index https://hhs.iowa.gov/wic-portal/policies); FNS does not post state plans
wic,us-ia,wic_s31,state_regulation,,,state administrative-code WIC chapter not inventoried by the WIC queue (manual family only); whether the state codifies WIC is unverified
wic,us-ks,wic_s31,state_regulation,,,state administrative-code WIC chapter not inventoried by the WIC queue (manual family only); whether the state codifies WIC is unverified
wic,us-ky,wic_s30,state_plan,,,state plan family not inventoried by the WIC queue (manual family only; index https://www.chfs.ky.gov/agencies/dph/dmch/nsb/Pages/wic.aspx); FNS does not post state plans
wic,us-ky,wic_s31,state_regulation,,,state administrative-code WIC chapter not inventoried by the WIC queue (manual family only); whether the state codifies WIC is unverified
wic,us-la,wic_s30,state_plan,,,state plan family not inventoried by the WIC queue (manual family only; index https://ldh.la.gov/bureau-of-nutrition-services/women-infants-children-program); FNS does not post state plans
wic,us-la,wic_s31,state_regulation,,,state administrative-code WIC chapter not inventoried by the WIC queue (manual family only); whether the state codifies WIC is unverified
wic,us-me,wic_s30,state_plan,,,state plan family not inventoried by the WIC queue (manual family only; index https://www.maine.gov/dhhs/mecdc/healthy-living/wic/wic-administration-and-policies/wic-policies); FNS does not post state plans
wic,us-me,wic_s31,state_regulation,,,state administrative-code WIC chapter not inventoried by the WIC queue (manual family only); whether the state codifies WIC is unverified
wic,us-md,wic_s30,state_plan,,,state plan family not inventoried by the WIC queue (manual family only; index https://health.maryland.gov/phpa/wic/Pages/wic-policy.aspx); FNS does not post state plans
wic,us-md,wic_s31,state_regulation,,,state administrative-code WIC chapter not inventoried by the WIC queue (manual family only); whether the state codifies WIC is unverified
wic,us-ma,wic_s01,state_manual_or_regulation,,,searched 42 provisions of ['2026-09-13-wic-state-plan'] for regex '185\\s?(%|percent)|income (eligibility )?guidelines|income (standard|limit|scale)': no match; manual index (https://www.mass.gov/orgs/women-infants-children-nutrition-program: ) recorded complete; the regex may miss the state's wordi
wic,us-ma,wic_s02,state_manual_or_regulation,,,"searched 42 provisions of ['2026-09-13-wic-state-plan'] for regex '(current|annual|gross) income[^.]{0,120}(determin|calculat|used|average)|self.employ|family size|economic unit': no match; manual index (https://www.mass.gov/orgs/women-infants-children-nutrition-program: ) recorded complete; the reg"
wic,us-ma,wic_s05,state_manual_or_regulation,,,searched 42 provisions of ['2026-09-13-wic-state-plan'] for regex 'nutrition(al)? risk': no match; manual index (https://www.mass.gov/orgs/women-infants-children-nutrition-program: ) recorded complete; the regex may miss the state's wording
wic,us-ma,wic_s07,state_manual_or_regulation,,,searched 42 provisions of ['2026-09-13-wic-state-plan'] for regex 'certification period': no match; manual index (https://www.mass.gov/orgs/women-infants-children-nutrition-program: ) recorded complete; the regex may miss the state's wording
wic,us-ma,wic_s09,state_manual_or_regulation,,,"searched 42 provisions of ['2026-09-13-wic-state-plan'] for regex 'proof of (income|identity|residen)|verif(y|ication)[^.]{0,80}(income|identity|residen)|documentation of (income|identity)': no match; manual index (https://www.mass.gov/orgs/women-infants-children-nutrition-program: ) recorded comple"
wic,us-ma,wic_s10,state_manual_or_regulation,,,"searched 42 provisions of ['2026-09-13-wic-state-plan'] for regex 'temporar(y|ily) certif|30.day (temporary )?certification|provisional certification|short certification|shortened[^.]{0,30}certification|presumptive(ly)? (eligib|certif)[^.]{0,80}(pregnan|WIC certification)': no match; manual index (h"
wic,us-ma,wic_s11,state_manual_or_regulation,,,searched 42 provisions of ['2026-09-13-wic-state-plan'] for regex 'priority (system|level|I\\b|1\\b)|waiting list': no match; manual index (https://www.mass.gov/orgs/women-infants-children-nutrition-program: ) recorded complete; the regex may miss the state's wording
wic,us-ma,wic_s12,state_manual_or_regulation,,,"searched 42 provisions of ['2026-09-13-wic-state-plan'] for regex 'processing standard|(10|20|ten|twenty) (calendar |business )?days[^.]{0,80}(appointment|certif|notif)': no match; manual index (https://www.mass.gov/orgs/women-infants-children-nutrition-program: ) recorded complete; the regex may mi"
wic,us-ma,wic_s14,state_manual_or_regulation,,,searched 42 provisions of ['2026-09-13-wic-state-plan'] for regex 'cash.value (benefit|voucher)|\\bCVB\\b|\\bCVV\\b': no match; manual index (https://www.mass.gov/orgs/women-infants-children-nutrition-program: ) recorded complete; the regex may miss the state's wording
wic,us-ma,wic_s20,state_manual_or_regulation,,,"searched 42 provisions of ['2026-09-13-wic-state-plan'] for regex 'notice of (ineligibility|termination|expiration)|notif(y|ication)[^.]{0,80}(ineligib|terminat)': no match; manual index (https://www.mass.gov/orgs/women-infants-children-nutrition-program: ) recorded complete; the regex may miss the "
wic,us-ma,wic_s21,state_manual_or_regulation,,,searched 42 provisions of ['2026-09-13-wic-state-plan'] for regex 'fair hearing': no match; manual index (https://www.mass.gov/orgs/women-infants-children-nutrition-program: ) recorded complete; the regex may miss the state's wording
wic,us-ma,wic_s28,state_manual_or_regulation,,,searched 42 provisions of ['2026-09-13-wic-state-plan'] for regex 'civil rights|nondiscrimination': no match; manual index (https://www.mass.gov/orgs/women-infants-children-nutrition-program: ) recorded complete; the regex may miss the state's wording
wic,us-ma,wic_s31,state_regulation,,,state administrative-code WIC chapter not inventoried by the WIC queue (manual family only); whether the state codifies WIC is unverified
wic,us-mi,wic_s30,state_plan,,,state plan family not inventoried by the WIC queue (manual family only; index https://www.michigan.gov/mdhhs/assistance-programs/wic/wic-staff/wicpolicymanual/mi-wic-policy-manual-table-of-contents); FNS does not post state plans
wic,us-mi,wic_s31,state_regulation,,,state administrative-code WIC chapter not inventoried by the WIC queue (manual family only); whether the state codifies WIC is unverified
wic,us-mn,wic_s30,state_plan,,,state plan family not inventoried by the WIC queue (manual family only; index https://www.health.state.mn.us/people/wic/localagency/mom.html); FNS does not post state plans
wic,us-mn,wic_s31,state_regulation,,,state administrative-code WIC chapter not inventoried by the WIC queue (manual family only); whether the state codifies WIC is unverified
wic,us-ms,wic_s30,state_plan,,,"state plan family not inventoried by the WIC queue (manual family only; index https://msdh.ms.gov/page/41,0,128,1081.html); FNS does not post state plans"
wic,us-ms,wic_s31,state_regulation,,,state administrative-code WIC chapter not inventoried by the WIC queue (manual family only); whether the state codifies WIC is unverified
wic,us-mo,wic_s31,state_regulation,,,state administrative-code WIC chapter not inventoried by the WIC queue (manual family only); whether the state codifies WIC is unverified
wic,us-mt,wic_s12,state_manual_or_regulation,,,"searched 450 provisions of ['2026-09-13-wic-state-plan'] for regex 'processing standard|(10|20|ten|twenty) (calendar |business )?days[^.]{0,80}(appointment|certif|notif)': no match; manual index (https://dphhs.mt.gov/ecfsd/wic/wicstateplan: ) recorded complete; the regex may miss the state's wording"
wic,us-mt,wic_s31,state_regulation,,,state administrative-code WIC chapter not inventoried by the WIC queue (manual family only); whether the state codifies WIC is unverified
wic,us-ne,wic_s30,state_plan,,,state plan family not inventoried by the WIC queue (manual family only; index https://dhhs.ne.gov/Pages/WIC-Policies-and-Procedures.aspx); FNS does not post state plans
wic,us-ne,wic_s31,state_regulation,,,state administrative-code WIC chapter not inventoried by the WIC queue (manual family only); whether the state codifies WIC is unverified
wic,us-nv,wic_s31,state_regulation,,,state administrative-code WIC chapter not inventoried by the WIC queue (manual family only); whether the state codifies WIC is unverified
wic,us-nh,wic_s31,state_regulation,,,state administrative-code WIC chapter not inventoried by the WIC queue (manual family only); whether the state codifies WIC is unverified
wic,us-nj,wic_s30,state_plan,,,state plan family not inventoried by the WIC queue (manual family only; index https://www.nj.gov/health/fhs/wic/vendors/policies.shtml); FNS does not post state plans
wic,us-nj,wic_s31,state_regulation,,,state administrative-code WIC chapter not inventoried by the WIC queue (manual family only); whether the state codifies WIC is unverified
wic,us-nm,wic_s31,state_regulation,,,state administrative-code WIC chapter not inventoried by the WIC queue (manual family only); whether the state codifies WIC is unverified
wic,us-ny,wic_s30,state_plan,,,state plan family not inventoried by the WIC queue (manual family only; index https://www.health.ny.gov/prevention/nutrition/wic/); FNS does not post state plans
wic,us-ny,wic_s31,state_regulation,,,state administrative-code WIC chapter not inventoried by the WIC queue (manual family only); whether the state codifies WIC is unverified
wic,us-nc,wic_s30,state_plan,,,state plan family not inventoried by the WIC queue (manual family only; index https://www.ncdhhs.gov/divisions/child-and-family-well-being/community-nutrition-services-section/wic/staff/wic-local-agency-resources); FNS does not post state plans
wic,us-nc,wic_s31,state_regulation,,,state administrative-code WIC chapter not inventoried by the WIC queue (manual family only); whether the state codifies WIC is unverified
wic,us-nd,wic_s30,state_plan,,,state plan family not inventoried by the WIC queue (manual family only; index https://www.hhs.nd.gov/food-programs/WIC); FNS does not post state plans
wic,us-nd,wic_s31,state_regulation,,,state administrative-code WIC chapter not inventoried by the WIC queue (manual family only); whether the state codifies WIC is unverified
wic,us-oh,wic_s30,state_plan,,,state plan family not inventoried by the WIC queue (manual family only; index https://odh.ohio.gov/know-our-programs/Women-Infants-Children/Local-Staff); FNS does not post state plans
wic,us-oh,wic_s31,state_regulation,,,state administrative-code WIC chapter not inventoried by the WIC queue (manual family only); whether the state codifies WIC is unverified
wic,us-ok,wic_s30,state_plan,,,state plan family not inventoried by the WIC queue (manual family only; index https://oklahoma.gov/health/services/children-family-health/wic.html); FNS does not post state plans
wic,us-ok,wic_s31,state_regulation,,,state administrative-code WIC chapter not inventoried by the WIC queue (manual family only); whether the state codifies WIC is unverified
wic,us-or,wic_s30,state_plan,,,state plan family not inventoried by the WIC queue (manual family only; index https://www.oregon.gov/OHA/PH/HEALTHYPEOPLEFAMILIES/WIC/Pages/wicpolicy.aspx); FNS does not post state plans
wic,us-or,wic_s31,state_regulation,,,state administrative-code WIC chapter not inventoried by the WIC queue (manual family only); whether the state codifies WIC is unverified
wic,us-pa,wic_s10,state_manual_or_regulation,,,"searched 88 provisions of ['2026-09-10-wic-state-policy-manual'] for regex 'temporar(y|ily) certif|30.day (temporary )?certification|provisional certification|short certification|shortened[^.]{0,30}certification|presumptive(ly)? (eligib|certif)[^.]{0,80}(pregnan|WIC certification)': no match; manual"
wic,us-pa,wic_s30,state_plan,,,state plan family not inventoried by the WIC queue (manual family only; index https://wic.health.pa.gov/pawic/PoliciesAndProcedures.aspx); FNS does not post state plans
wic,us-pa,wic_s31,state_regulation,,,state administrative-code WIC chapter not inventoried by the WIC queue (manual family only); whether the state codifies WIC is unverified
wic,us-ri,wic_s30,state_plan,,,state plan family not inventoried by the WIC queue (manual family only; index https://health.ri.gov/programs/wic/); FNS does not post state plans
wic,us-ri,wic_s31,state_regulation,,,state administrative-code WIC chapter not inventoried by the WIC queue (manual family only); whether the state codifies WIC is unverified
wic,us-sc,wic_s30,state_plan,,,state plan family not inventoried by the WIC queue (manual family only; index https://dph.sc.gov/health-wellness/family-planning/women-infants-and-children-wic-nutrition-program); FNS does not post state plans
wic,us-sc,wic_s31,state_regulation,,,state administrative-code WIC chapter not inventoried by the WIC queue (manual family only); whether the state codifies WIC is unverified
wic,us-sd,wic_s30,state_plan,,,state plan family not inventoried by the WIC queue (manual family only; index https://doh.sd.gov/programs/wic/); FNS does not post state plans
wic,us-sd,wic_s31,state_regulation,,,state administrative-code WIC chapter not inventoried by the WIC queue (manual family only); whether the state codifies WIC is unverified
wic,us-tn,wic_s30,state_plan,,,state plan family not inventoried by the WIC queue (manual family only; index https://www.tn.gov/health/health-program-areas/fhw/wic.html); FNS does not post state plans
wic,us-tx,wic_s30,state_plan,,,state plan family not inventoried by the WIC queue (manual family only; index https://www.hhs.texas.gov/providers/wic-providers/wic-policy-procedures-manual); FNS does not post state plans
wic,us-tx,wic_s31,state_regulation,,,state administrative-code WIC chapter not inventoried by the WIC queue (manual family only); whether the state codifies WIC is unverified
wic,us-ut,wic_s31,state_regulation,,,state administrative-code WIC chapter not inventoried by the WIC queue (manual family only); whether the state codifies WIC is unverified
wic,us-vt,wic_s01,state_manual_or_regulation,,,searched 6 provisions of ['2026-09-13-wic-state-plan'] for regex '185\\s?(%|percent)|income (eligibility )?guidelines|income (standard|limit|scale)': no match; manual index (https://www.healthvermont.gov/family/wic: ) recorded complete; the regex may miss the state's wording
wic,us-vt,wic_s02,state_manual_or_regulation,,,"searched 6 provisions of ['2026-09-13-wic-state-plan'] for regex '(current|annual|gross) income[^.]{0,120}(determin|calculat|used|average)|self.employ|family size|economic unit': no match; manual index (https://www.healthvermont.gov/family/wic: ) recorded complete; the regex may miss the state's wor"
wic,us-vt,wic_s03,state_manual_or_regulation,,,"searched 6 provisions of ['2026-09-13-wic-state-plan'] for regex 'adjunct(ive)?(ly)? (income )?eligib|automatic(ally)? income.eligib|(Medicaid|SNAP|TANF|Food Stamp|Medi-Cal|MassHealth|CalFresh)[^.]{0,120}(adjunct|automatic(ally)? (income )?eligib)': no match; manual index (https://www.healthvermont."
wic,us-vt,wic_s05,state_manual_or_regulation,,,searched 6 provisions of ['2026-09-13-wic-state-plan'] for regex 'nutrition(al)? risk': no match; manual index (https://www.healthvermont.gov/family/wic: ) recorded complete; the regex may miss the state's wording
wic,us-vt,wic_s06,state_manual_or_regulation,,,searched 6 provisions of ['2026-09-13-wic-state-plan'] for regex 'hemoglobin|hematocrit|anthropometric|bloodwork|blood work|height and weight': no match; manual index (https://www.healthvermont.gov/family/wic: ) recorded complete; the regex may miss the state's wording
wic,us-vt,wic_s07,state_manual_or_regulation,,,searched 6 provisions of ['2026-09-13-wic-state-plan'] for regex 'certification period': no match; manual index (https://www.healthvermont.gov/family/wic: ) recorded complete; the regex may miss the state's wording
wic,us-vt,wic_s08,state_manual_or_regulation,,,"searched 6 provisions of ['2026-09-13-wic-state-plan'] for regex 'residen(cy|t)[^.]{0,120}(requirement|state|local agency|service area)|physical(ly)? presen': no match; manual index (https://www.healthvermont.gov/family/wic: ) recorded complete; the regex may miss the state's wording"
wic,us-vt,wic_s09,state_manual_or_regulation,,,"searched 6 provisions of ['2026-09-13-wic-state-plan'] for regex 'proof of (income|identity|residen)|verif(y|ication)[^.]{0,80}(income|identity|residen)|documentation of (income|identity)': no match; manual index (https://www.healthvermont.gov/family/wic: ) recorded complete; the regex may miss the "
wic,us-vt,wic_s10,state_manual_or_regulation,,,"searched 6 provisions of ['2026-09-13-wic-state-plan'] for regex 'temporar(y|ily) certif|30.day (temporary )?certification|provisional certification|short certification|shortened[^.]{0,30}certification|presumptive(ly)? (eligib|certif)[^.]{0,80}(pregnan|WIC certification)': no match; manual index (ht"
wic,us-vt,wic_s11,state_manual_or_regulation,,,searched 6 provisions of ['2026-09-13-wic-state-plan'] for regex 'priority (system|level|I\\b|1\\b)|waiting list': no match; manual index (https://www.healthvermont.gov/family/wic: ) recorded complete; the regex may miss the state's wording
wic,us-vt,wic_s12,state_manual_or_regulation,,,"searched 6 provisions of ['2026-09-13-wic-state-plan'] for regex 'processing standard|(10|20|ten|twenty) (calendar |business )?days[^.]{0,80}(appointment|certif|notif)': no match; manual index (https://www.healthvermont.gov/family/wic: ) recorded complete; the regex may miss the state's wording"
wic,us-vt,wic_s13,state_manual_or_regulation,,,searched 6 provisions of ['2026-09-13-wic-state-plan'] for regex 'food package': no match; manual index (https://www.healthvermont.gov/family/wic: ) recorded complete; the regex may miss the state's wording
wic,us-vt,wic_s15,state_manual_or_regulation,,,searched 6 provisions of ['2026-09-13-wic-state-plan'] for regex '(approved|authorized|allowed) food (list|guide|card)|WIC.approved food|food list|authorized foods': no match; manual index (https://www.healthvermont.gov/family/wic: ) recorded complete; the regex may miss the state's wording
wic,us-vt,wic_s16,state_manual_or_regulation,,,searched 6 provisions of ['2026-09-13-wic-state-plan'] for regex 'medical documentation|exempt infant formula|special formula|WIC.eligible nutritionals|medical (necessity|prescription)': no match; manual index (https://www.healthvermont.gov/family/wic: ) recorded complete; the regex may miss the sta
wic,us-vt,wic_s18,state_manual_or_regulation,,,"searched 6 provisions of ['2026-09-13-wic-state-plan'] for regex 'dual participation|verification of certification|\\bVOC\\b|transfer[^.]{0,80}(certification|participant)': no match; manual index (https://www.healthvermont.gov/family/wic: ) recorded complete; the regex may miss the state's wording"
wic,us-vt,wic_s19,state_manual_or_regulation,,,searched 6 provisions of ['2026-09-13-wic-state-plan'] for regex '(participant|program) (violation|abuse|sanction|disqualif|fraud)|claims against participants': no match; manual index (https://www.healthvermont.gov/family/wic: ) recorded complete; the regex may miss the state's wording
wic,us-vt,wic_s20,state_manual_or_regulation,,,"searched 6 provisions of ['2026-09-13-wic-state-plan'] for regex 'notice of (ineligibility|termination|expiration)|notif(y|ication)[^.]{0,80}(ineligib|terminat)': no match; manual index (https://www.healthvermont.gov/family/wic: ) recorded complete; the regex may miss the state's wording"
wic,us-vt,wic_s21,state_manual_or_regulation,,,searched 6 provisions of ['2026-09-13-wic-state-plan'] for regex 'fair hearing': no match; manual index (https://www.healthvermont.gov/family/wic: ) recorded complete; the regex may miss the state's wording
wic,us-vt,wic_s23,state_manual_or_regulation,,,searched 6 provisions of ['2026-09-13-wic-state-plan'] for regex 'vendor (authorization|selection|management|agreement|sanction|monitoring)|authorized vendor': no match; manual index (https://www.healthvermont.gov/family/wic: ) recorded complete; the regex may miss the state's wording
wic,us-vt,wic_s25,state_manual_or_regulation,,,"searched 6 provisions of ['2026-09-13-wic-state-plan'] for regex 'local agenc[^.]{0,100}(select|agreement|contract|monitor|review)': no match; manual index (https://www.healthvermont.gov/family/wic: ) recorded complete; the regex may miss the state's wording"
wic,us-vt,wic_s28,state_manual_or_regulation,,,searched 6 provisions of ['2026-09-13-wic-state-plan'] for regex 'civil rights|nondiscrimination': no match; manual index (https://www.healthvermont.gov/family/wic: ) recorded complete; the regex may miss the state's wording
wic,us-vt,wic_s29,state_manual_or_regulation,,,searched 6 provisions of ['2026-09-13-wic-state-plan'] for regex 'caseload': no match; manual index (https://www.healthvermont.gov/family/wic: ) recorded complete; the regex may miss the state's wording
wic,us-vt,wic_s31,state_regulation,,,state administrative-code WIC chapter not inventoried by the WIC queue (manual family only); whether the state codifies WIC is unverified
wic,us-va,wic_s30,state_plan,,,state plan family not inventoried by the WIC queue (manual family only; index https://www.vdh.virginia.gov/wic/wic-policy-and-procedures-manual/); FNS does not post state plans
wic,us-va,wic_s31,state_regulation,,,state administrative-code WIC chapter not inventoried by the WIC queue (manual family only); whether the state codifies WIC is unverified
wic,us-wa,wic_s30,state_plan,,,state plan family not inventoried by the WIC queue (manual family only; index https://doh.wa.gov/public-health-provider-resources/public-health-system-resources-and-services/local-health-resources-and-tools/wic/policy-procedures); FNS does not post state plans
wic,us-wa,wic_s31,state_regulation,,,state administrative-code WIC chapter not inventoried by the WIC queue (manual family only); whether the state codifies WIC is unverified
wic,us-wv,wic_s31,state_regulation,,,state administrative-code WIC chapter not inventoried by the WIC queue (manual family only); whether the state codifies WIC is unverified
wic,us-wi,wic_s16,state_manual_or_regulation,,,searched 43 provisions of ['2026-09-13-wic-state-plan'] for regex 'medical documentation|exempt infant formula|special formula|WIC.eligible nutritionals|medical (necessity|prescription)': no match; manual index (https://www.dhs.wisconsin.gov/wic/professionals.htm: ) recorded complete; the regex may 
wic,us-wi,wic_s20,state_manual_or_regulation,,,"searched 43 provisions of ['2026-09-13-wic-state-plan'] for regex 'notice of (ineligibility|termination|expiration)|notif(y|ication)[^.]{0,80}(ineligib|terminat)': no match; manual index (https://www.dhs.wisconsin.gov/wic/professionals.htm: ) recorded complete; the regex may miss the state's wording"
wic,us-wi,wic_s28,state_manual_or_regulation,,,searched 43 provisions of ['2026-09-13-wic-state-plan'] for regex 'civil rights|nondiscrimination': no match; manual index (https://www.dhs.wisconsin.gov/wic/professionals.htm: ) recorded complete; the regex may miss the state's wording
wic,us-wi,wic_s31,state_regulation,,,state administrative-code WIC chapter not inventoried by the WIC queue (manual family only); whether the state codifies WIC is unverified
wic,us-wy,wic_s30,state_plan,,,state plan family not inventoried by the WIC queue (manual family only; index https://health.wyo.gov/publichealth/wic/); FNS does not post state plans
wic,us-wy,wic_s31,state_regulation,,,state administrative-code WIC chapter not inventoried by the WIC queue (manual family only); whether the state codifies WIC is unverified
