program,jurisdiction,element,family,scope_version,citation_path,note
tanf,us-ak,tanf-s02,state regulation/manual,,,"no body in the selected scope(s) [regulation/2026-07-01-ak-atap-regulations, guidance/2026-07-01-ak-atap-standards] matched the evidence patterns with a heading match or 2+ body matches; the scope is the publisher's whole rulebook per the queue row, so either the element lives under other vocabulary"
tanf,us-ak,tanf-s16,state regulation/manual,,,"no body in the selected scope(s) [regulation/2026-07-01-ak-atap-regulations, guidance/2026-07-01-ak-atap-standards] matched the evidence patterns with a heading match or 2+ body matches; the scope is the publisher's whole rulebook per the queue row, so either the element lives under other vocabulary"
tanf,us-ak,tanf-s18,state regulation/manual,,,"no body in the selected scope(s) [regulation/2026-07-01-ak-atap-regulations, guidance/2026-07-01-ak-atap-standards] matched the evidence patterns with a heading match or 2+ body matches; the scope is the publisher's whole rulebook per the queue row, so either the element lives under other vocabulary"
tanf,us-ak,tanf-s22,state regulation/manual,,,"single body mention only at us-ak/regulation/2026-07-01-ak-atap-regulations us-ak/regulation/aac/title-7/chapter-45/7 AAC 45.165 ('described in 7 AAC 45.335 , changes in status from adult-included to child-only under 7 AAC 45.520 , or vice versa; (3) '), not enough for PRESENT; no body in the select"
tanf,us-ak,tanf-s28,state regulation/manual,,,"no body in the selected scope(s) [regulation/2026-07-01-ak-atap-regulations, guidance/2026-07-01-ak-atap-standards] matched the evidence patterns with a heading match or 2+ body matches; the scope is the publisher's whole rulebook per the queue row, so either the element lives under other vocabulary"
tanf,us-ak,tanf-s29,state regulation/manual,,,"no body in the selected scope(s) [regulation/2026-07-01-ak-atap-regulations, guidance/2026-07-01-ak-atap-standards] matched the evidence patterns with a heading match or 2+ body matches; the scope is the publisher's whole rulebook per the queue row, so either the element lives under other vocabulary"
tanf,us-al,tanf-s02,state regulation/manual,,,"single body mention only at us-al/policy/2026-07-02-al-tanf-official-documents us-al/policy/dhr/tanf/state-plan/2024/page-2 ('ancial assistance to meet basic needs is available to a family with a dependent child under age 18 or under age 19 if s/'), not enough for PRESENT; no body in the selected sc"
tanf,us-al,tanf-s05,state regulation/manual,,,"single body mention only at us-al/policy/2026-07-02-al-tanf-official-documents us-al/policy/dhr/public-assistance-payment-manual/appendix-n/section-2/page-49 ('for a different purpose or service not included in the comprehensive need standard and which is not intended to meet cur'), not enough for P"
tanf,us-al,tanf-s07,state regulation/manual,,,"single body mention only at us-al/policy/2026-07-02-al-tanf-official-documents us-al/policy/dhr/public-assistance-payment-manual/appendix-n/section-2/page-8 ('.............................................................. 3 3007 Income Limit on Initial and Continuing Eligibility'), not enough for PR"
tanf,us-al,tanf-s10,state regulation/manual,,,"single body mention only at us-al/policy/2026-07-02-al-tanf-official-documents us-al/policy/dhr/public-assistance-payment-manual/appendix-n/section-2/page-22 ('ain gross earnings. From gross earnings subtract 20% work expense and child care expense. Subtract remainder and any une'), not enough for P"
tanf,us-al,tanf-s11,state regulation/manual,,,"single body mention only at us-al/policy/2026-07-02-al-tanf-official-documents us-al/policy/dhr/tanf/state-plan/2024/page-24 ('9 $632 10 $680 11 $728 12 $776 13 $824 14 $872 15 $920 16 $968 B. Resource Standards Not applicable effective October 1,'), not enough for PRESENT; no body in the selected s"
tanf,us-al,tanf-s12,state regulation/manual,,,"no body in the selected scope(s) [policy/2026-07-02-al-tanf-official-documents, regulation/2026-07-02-al-admin-code-660-2-2] matched the evidence patterns with a heading match or 2+ body matches; the scope is the publisher's whole rulebook per the queue row, so either the element lives under other v"
tanf,us-al,tanf-s18,state regulation/manual,,,"single body mention only at us-al/policy/2026-07-02-al-tanf-official-documents us-al/policy/dhr/tanf/state-plan/2024/page-5 ('quirements is precluded. 6. Is a single custodial parent caring for a child under the age of six (6) and appropriate chi'), not enough for PRESENT; no body in the selected sc"
tanf,us-al,tanf-s19,state regulation/manual,,,"single body mention only at us-al/policy/2026-07-02-al-tanf-official-documents us-al/policy/dhr/tanf/state-plan/2024/page-2 ('gency or crisis situation. Services include information and referral, case planning and case management, counseling, and'), not enough for PRESENT; no body in the selected sc"
tanf,us-al,tanf-s22,state regulation/manual,,,"single body mention only at us-al/regulation/2026-07-02-al-admin-code-660-2-2 us-al/regulation/alabama-administrative-code/660/2/2/page-8 ('specified relative living in the home can, in most circumstances, be payee only when there is no parent living in the ho'), not enough for PRESENT; no body in t"
tanf,us-al,tanf-s24,state regulation/manual,,,"single body mention only at us-al/policy/2026-07-02-al-tanf-official-documents us-al/policy/dhr/tanf/state-plan/2024/page-7 ('work activity when the person is making a serious attempt to recover. Domestic violence victims will be deferred from a '), not enough for PRESENT; no body in the selected sc"
tanf,us-ar,tanf-s02,state regulation/manual,,,"single body mention only at us-ar/policy/2026-07-02-ar-tea-official-documents us-ar/policy/dhs/tea/manual/2024/page-95 ('ls are exempt from the drug screening and testing requirements: 1. A dependent child under the age of 18. 2. A non-head-'), not enough for PRESENT; no body in the selected scope(s"
tanf,us-ar,tanf-s05,state regulation/manual,,,"single body mention only at us-ar/policy/2026-07-02-ar-tea-official-documents us-ar/policy/dhs/tea/manual/2024/page-176 ('the Overpayment Amount FA Manual 2/1/89 The policy, procedures, and need standards which were in effect at the time the '), not enough for PRESENT; no body in the selected scope("
tanf,us-ar,tanf-s10,state regulation/manual,,,"single body mention only at us-ar/policy/2026-07-02-ar-tea-official-documents us-ar/policy/dhs/tea/manual/2024/page-201 ('tate funds. Supportive Services Payment Transportation and other non-child care expenses paid by the agency to eligible '), not enough for PRESENT; no body in the selected scope("
tanf,us-ar,tanf-s13,state regulation/manual,,,"single body mention only at us-ar/policy/2026-07-02-ar-tea-official-documents us-ar/policy/dhs/tea/manual/2024/page-12 ('y the maximum grant for the family size. The number of months will be rounded up to the next higher number. (See TEA 213'), not enough for PRESENT; no body in the selected scope(s"
tanf,us-ar,tanf-s14,state regulation/manual,,,"single body mention only at us-ar/policy/2026-07-02-ar-tea-official-documents us-ar/policy/dhs/tea/manual/2024/page-6 ('e). The five- year timeframe will apply to cases in which the adult’s lifetime maximum period to receive TEA benefits ha'), not enough for PRESENT; no body in the selected scope(s)"
tanf,us-ar,tanf-s16,state regulation/manual,,,"single body mention only at us-ar/policy/2026-07-02-ar-tea-official-documents us-ar/policy/dhs/tea/manual/2024/page-201 ('enterprise which is directly supplemented by federal or state funds. Subsidized Public Sector Employment Full or part-ti'), not enough for PRESENT; no body in the selected scope("
tanf,us-ar,tanf-s18,state regulation/manual,,,"no body in the selected scope(s) [policy/2026-07-02-ar-tea-official-documents] matched the evidence patterns with a heading match or 2+ body matches; the scope is the publisher's whole rulebook per the queue row, so either the element lives under other vocabulary or the state does not set it"
tanf,us-ar,tanf-s22,state regulation/manual,,,"single body mention only at us-ar/policy/2026-07-02-ar-tea-official-documents us-ar/policy/dhs/tea/manual/2024/page-26 ('uded in the TEA payment with the child, if a non-parent relative is a payee only, then the time limit does not apply to '), not enough for PRESENT; no body in the selected scope(s"
tanf,us-ar,tanf-s24,state regulation/manual,,,"single body mention only at us-ar/policy/2026-07-02-ar-tea-official-documents us-ar/policy/dhs/tea/manual/2024/page-51 ('n for cancellation of removal or suspension of deportation filed as a victim of domestic violence. 7. Honorable Discharg'), not enough for PRESENT; no body in the selected scope(s"
tanf,us-ar,tanf-s29,state regulation/manual,,,"no body in the selected scope(s) [policy/2026-07-02-ar-tea-official-documents] matched the evidence patterns with a heading match or 2+ body matches; the scope is the publisher's whole rulebook per the queue row, so either the element lives under other vocabulary or the state does not set it"
tanf,us-az,tanf-s32,state TANF plan (state-published,,,"state-published TANF plan not in the corpus and not inventoried: the TANF queue's document family is tanf_policy_sources (manuals and adopted rules), and ACF OFA posts no consolidated plan index (acf.gov/ofa/programs/tanf/state-plans is 404, queue federal row); each state's posting must be checked"
tanf,us-ca,tanf-s02,state regulation/manual,,,"single body mention only at us-ca/regulation/2026-09-10-tanf-state-policy-manual us-ca/regulation/mpp/eas/8/42-763 ('arn Program until the end of the month in which the teen parent turns age 19 or until either a high school diploma or it'), not enough for PRESENT; no body in the selected scope(s) [r"
tanf,us-ca,tanf-s10,state regulation/manual,,,"single body mention only at us-ca/regulation/2026-09-10-tanf-state-policy-manual us-ca/regulation/mpp/eas/1/40-007 ('n former AFDC recipients will be eligible to receive funding of their child care expenses under certain conditions up to'), not enough for PRESENT; no body in the selected scope(s) [r"
tanf,us-ca,tanf-s18,state regulation/manual,,,"no body in the selected scope(s) [regulation/2026-09-10-tanf-state-policy-manual, guidance/2026-06-24-ca-cdss-calworks-acl, statute/2026-06-25-ca-wic-calworks-us-ca-sections-wic-11450-wic-11450.12-wic-11451.5-wic-11452-wic-11452.018] matched the evidence patterns with a heading match or 2+ body matc"
tanf,us-ca,tanf-s29,state regulation/manual,,,"no body in the selected scope(s) [regulation/2026-09-10-tanf-state-policy-manual, guidance/2026-06-24-ca-cdss-calworks-acl, statute/2026-06-25-ca-wic-calworks-us-ca-sections-wic-11450-wic-11450.12-wic-11451.5-wic-11452-wic-11452.018] matched the evidence patterns with a heading match or 2+ body matc"
tanf,us-co,tanf-s02,state regulation/manual,,,"no body in the selected scope(s) [regulation/2026-07-13-recovery-r2026-09-11-tanf-consolidated] matched the evidence patterns with a heading match or 2+ body matches; the scope is the publisher's whole rulebook per the queue row, so either the element lives under other vocabulary or the state does n"
tanf,us-co,tanf-s10,state regulation/manual,,,"single body mention only at us-co/regulation/2026-07-13-recovery-r2026-09-11-tanf-consolidated us-co/regulation/8-ccr-1403-1/3.111/page-18 ('or teen parent(s) shall submit documentation listing their income and work-related expenses. The county shall obtain ver'), not enough for PRESENT; no body in "
tanf,us-co,tanf-s11,state regulation/manual,,,"single body mention only at us-co/regulation/2026-07-13-recovery-r2026-09-11-tanf-consolidated us-co/regulation/recovery/us-co-9-ccr-2503-6/page-66 ('their resources are less than the Supplemental Security Income (SSI) resource limit which is $2,000 for an individual an'), not enough for PRESENT; no"
tanf,us-co,tanf-s12,state regulation/manual,,,"single body mention only at us-co/regulation/2026-07-13-recovery-r2026-09-11-tanf-consolidated us-co/regulation/recovery/us-co-9-ccr-2503-6/page-33 ('non-citizen’s status. 4. Colorado Department of Revenue, Division of Motor Vehicles (DMV) The Colorado DMV may be used b'), not enough for PRESENT; no"
tanf,us-co,tanf-s18,state regulation/manual,,,"no body in the selected scope(s) [regulation/2026-07-13-recovery-r2026-09-11-tanf-consolidated] matched the evidence patterns with a heading match or 2+ body matches; the scope is the publisher's whole rulebook per the queue row, so either the element lives under other vocabulary or the state does n"
tanf,us-co,tanf-s19,state regulation/manual,,,"single body mention only at us-co/regulation/2026-07-13-recovery-r2026-09-11-tanf-consolidated us-co/regulation/recovery/us-co-9-ccr-2503-6/page-69 ('3-6 Income Maintenance (Volume 3) 69 a. Medical services, except for family planning; b. Title IV of the Social Security'), not enough for PRESENT; no"
tanf,us-ct,tanf-s02,state regulation/manual,,,"single body mention only at us-ct/policy/2026-09-14-tanf-manual-whole us-ct/policy/dss/upm/2540.24/block-1 ('s met if the child is: a. under age eighteen (18) years of age; or b. age eighteen (18) and: (1) in full-time attendance'), not enough for PRESENT; no body in the selected scope(s) [policy/20"
tanf,us-ct,tanf-s08,state regulation/manual,,,"single body mention only at us-ct/policy/2026-09-14-tanf-manual-whole us-ct/policy/dss/upm/2540.24/block-1 ('for one person. c. The AFDC 185% gross income test does not apply. 2. Earned Income Deductions Families with earned inco'), not enough for PRESENT; no body in the selected scope(s) [policy/20"
tanf,us-ct,tanf-s18,state regulation/manual,,,"no body in the selected scope(s) [policy/2026-09-14-tanf-manual-whole] matched the evidence patterns with a heading match or 2+ body matches; the scope is the publisher's whole rulebook per the queue row, so either the element lives under other vocabulary or the state does not set it"
tanf,us-ct,tanf-s22,state regulation/manual,,,"single body mention only at us-ct/policy/2026-09-14-tanf-manual-whole us-ct/policy/dss/upm/8530.10/block-1 ('mporary Family Assistance applicants, recipients, and disqualified or ineligible parents of children who are TFA applica'), not enough for PRESENT; no body in the selected scope(s) [policy/20"
tanf,us-dc,tanf-s02,state regulation/manual,,,"single body mention only at us-dc/manual/2026-09-10-tanf-state-policy-manual us-dc/manual/dhs/tanf/esa-policy-manual/page-259 ('NF FS Do not count the earns income of any household member: • who is under age 18, • who is an elementary or secondary '), not enough for PRESENT; no body in the selected "
tanf,us-dc,tanf-s22,state regulation/manual,,,"single body mention only at us-dc/manual/2026-09-10-tanf-state-policy-manual us-dc/manual/dhs/tanf/esa-policy-manual/page-126 ('ep-parent and the parent are out of the unit and the child receives a child-only grant. In this circumstance, no income '), not enough for PRESENT; no body in the selected "
tanf,us-dc,tanf-s29,state regulation/manual,,,"single body mention only at us-dc/manual/2026-09-10-tanf-state-policy-manual us-dc/manual/dhs/tanf/esa-policy-manual/page-20 ('ams. Benefit Provision 2.4.1 A monthly GC cash grant is provided by EBT to a responsible adult in the household. The amo'), not enough for PRESENT; no body in the selected s"
tanf,us-de,tanf-s02,state regulation/manual,,,"single body mention only at us-de/regulation/2026-07-03-de-tanf-rules us-de/regulation/title-16/4000-financial-responsibility/4005.4 ('determine the financial eligibility of a TANF unit that consists of a dependent child and the child's minor parent (unde'), not enough for PRESENT; no body in the se"
tanf,us-de,tanf-s12,state regulation/manual,,,"no body in the selected scope(s) [regulation/2026-07-03-de-tanf-rules, regulation/2026-09-14-tanf-manual-whole] matched the evidence patterns with a heading match or 2+ body matches; the scope is the publisher's whole rulebook per the queue row, so either the element lives under other vocabulary or "
tanf,us-de,tanf-s28,state regulation/manual,,,"no body in the selected scope(s) [regulation/2026-07-03-de-tanf-rules, regulation/2026-09-14-tanf-manual-whole] matched the evidence patterns with a heading match or 2+ body matches; the scope is the publisher's whole rulebook per the queue row, so either the element lives under other vocabulary or "
tanf,us-de,tanf-s29,state regulation/manual,,,"no body in the selected scope(s) [regulation/2026-07-03-de-tanf-rules, regulation/2026-09-14-tanf-manual-whole] matched the evidence patterns with a heading match or 2+ body matches; the scope is the publisher's whole rulebook per the queue row, so either the element lives under other vocabulary or "
tanf,us-fl,tanf-s02,state regulation/manual,,,"single body mention only at us-fl/manual/2026-05-27-fl-ess-manual-r2026-07-15-self-contained us-fl/manual/dcf/ess-program-policy-manual/4600-glossary/page-5 ('An individual under the age of 22. (For TCA) An unmarried individual under the age of 18, or 19 and a full-time student '), not enough for PR"
tanf,us-fl,tanf-s05,state regulation/manual,,,"single body mention only at us-fl/manual/2026-05-27-fl-ess-manual-r2026-07-15-self-contained us-fl/manual/dcf/ess-program-policy-manual/2600-calculation-of-benefits/page-1 ('................................................. 1 2610.0104.02 165% Need Standard Eligibility Test (FS) ..............'), no"
tanf,us-fl,tanf-s10,state regulation/manual,,,"single body mention only at us-fl/manual/2026-05-27-fl-ess-manual-r2026-07-15-self-contained us-fl/manual/dcf/ess-program-policy-manual/2400-budgeting-income/page-28 ('325 Work Related Cost of Care Disregards (TCA) TCA does not allow the child care disregard in budgeting. 2420.0338 Shelt'), not enou"
tanf,us-fl,tanf-s18,state regulation/manual,,,single body mention only at us-fl/manual/2026-05-27-fl-ess-manual-r2026-07-15-self-contained us-fl/manual/dcf/ess-program-policy-manual/1400-technical-requirements-fs-tca/page-69 ('ng for a child who has not attained age six and the parent proves the inability to obtain child care within a reasonabl
tanf,us-fl,tanf-s19,state regulation/manual,,,"single body mention only at us-fl/manual/2026-05-27-fl-ess-manual-r2026-07-15-self-contained us-fl/manual/dcf/ess-program-policy-manual/200-general-program-information/page-1 ('Noncitizens (MFAM) ..................................... 6 0230.0106 Family Planning Services (MMFP) ...................'),"
tanf,us-fl,tanf-s21,state regulation/manual,,,"single body mention only at us-fl/manual/2026-05-27-fl-ess-manual-r2026-07-15-self-contained us-fl/manual/dcf/ess-program-policy-manual/1800-income-mfam-mssi/page-9 ('s 4. disaster assistance payments 5. cash Severance payments, upfront diversion payments and state relocation payments 6'), not enoug"
tanf,us-fl,tanf-s29,state regulation/manual,,,"no body in the selected scope(s) [manual/2026-05-27-fl-ess-manual-r2026-07-15-self-contained] matched the evidence patterns with a heading match or 2+ body matches; the scope is the publisher's whole rulebook per the queue row, so either the element lives under other vocabulary or the state does not"
tanf,us-ga,tanf-s02,state regulation/manual,,,"single body mention only at us-ga/manual/2026-09-14-tanf-manual-whole us-ga/manual/dfcs/tanf/1305/block-2 ('A dependent child must be under age 18, or under age 19 if a full-time student, to be included in the AU.'), not enough for PRESENT; no body in the selected scope(s) [manual/2026-09-14-tanf-ma"
tanf,us-ga,tanf-s18,state regulation/manual,,,"no body in the selected scope(s) [manual/2026-09-14-tanf-manual-whole, guidance/2026-06-25-ga-tanf] matched the evidence patterns with a heading match or 2+ body matches; the scope is the publisher's whole rulebook per the queue row, so either the element lives under other vocabulary or the state do"
tanf,us-hi,tanf-s11,state regulation/manual,,,"single body mention only at us-hi/regulation/2026-05-27-hi-snap-rules-r2026-07-15-self-contained-r2026-09-13-tanf-consolidated us-hi/regulation/har/17/649/page-8 ('ty value of the recipient’s nonexempt assets exceeds the department’s asset limit; (2) The recipient’s net income equals'), not enough f"
tanf,us-hi,tanf-s18,state regulation/manual,,,"no body in the selected scope(s) [regulation/2026-05-27-hi-snap-rules-r2026-07-15-self-contained-r2026-09-13-tanf-consolidated] matched the evidence patterns with a heading match or 2+ body matches; the scope is the publisher's whole rulebook per the queue row, so either the element lives under othe"
tanf,us-hi,tanf-s20,state regulation/manual,,,"single body mention only at us-hi/regulation/2026-05-27-hi-snap-rules-r2026-07-15-self-contained-r2026-09-13-tanf-consolidated us-hi/regulation/har/17/656-1/17-656.1-2 ('s 17-647-12, 17-656.1-15, 17-656.1- 16, and 17-656.1-17. “Independent minor parent” means the specified relative of a ch'), not en"
tanf,us-hi,tanf-s29,state regulation/manual,,,"single body mention only at us-hi/regulation/2026-05-27-hi-snap-rules-r2026-07-15-self-contained-r2026-09-13-tanf-consolidated us-hi/regulation/har/17/606/page-1 ('ons by which the state income tax refunds of those persons who owe a debt to the department of human services, family an'), not enough f"
tanf,us-ia,tanf-s18,state regulation/manual,,,"no body in the selected scope(s) [regulation/2026-07-03-ia-fip-admin-rules] matched the evidence patterns with a heading match or 2+ body matches; the scope is the publisher's whole rulebook per the queue row, so either the element lives under other vocabulary or the state does not set it"
tanf,us-ia,tanf-s21,state regulation/manual,,,"no body in the selected scope(s) [regulation/2026-07-03-ia-fip-admin-rules] matched the evidence patterns with a heading match or 2+ body matches; the scope is the publisher's whole rulebook per the queue row, so either the element lives under other vocabulary or the state does not set it"
tanf,us-id,tanf-s02,state regulation/manual,,,"no body in the selected scope(s) [regulation/2026-09-10-tanf-state-policy-manual] matched the evidence patterns with a heading match or 2+ body matches; the scope is the publisher's whole rulebook per the queue row, so either the element lives under other vocabulary or the state does not set it; IDA"
tanf,us-id,tanf-s04,state regulation/manual,,,"no body in the selected scope(s) [regulation/2026-09-10-tanf-state-policy-manual] matched the evidence patterns with a heading match or 2+ body matches; the scope is the publisher's whole rulebook per the queue row, so either the element lives under other vocabulary or the state does not set it; IDA"
tanf,us-id,tanf-s05,state regulation/manual,,,"no body in the selected scope(s) [regulation/2026-09-10-tanf-state-policy-manual] matched the evidence patterns with a heading match or 2+ body matches; the scope is the publisher's whole rulebook per the queue row, so either the element lives under other vocabulary or the state does not set it; IDA"
tanf,us-id,tanf-s06,state regulation/manual,,,"no body in the selected scope(s) [regulation/2026-09-10-tanf-state-policy-manual] matched the evidence patterns with a heading match or 2+ body matches; the scope is the publisher's whole rulebook per the queue row, so either the element lives under other vocabulary or the state does not set it; IDA"
tanf,us-id,tanf-s07,state regulation/manual,,,"no body in the selected scope(s) [regulation/2026-09-10-tanf-state-policy-manual] matched the evidence patterns with a heading match or 2+ body matches; the scope is the publisher's whole rulebook per the queue row, so either the element lives under other vocabulary or the state does not set it; IDA"
tanf,us-id,tanf-s08,state regulation/manual,,,"no body in the selected scope(s) [regulation/2026-09-10-tanf-state-policy-manual] matched the evidence patterns with a heading match or 2+ body matches; the scope is the publisher's whole rulebook per the queue row, so either the element lives under other vocabulary or the state does not set it; IDA"
tanf,us-id,tanf-s10,state regulation/manual,,,"no body in the selected scope(s) [regulation/2026-09-10-tanf-state-policy-manual] matched the evidence patterns with a heading match or 2+ body matches; the scope is the publisher's whole rulebook per the queue row, so either the element lives under other vocabulary or the state does not set it; IDA"
tanf,us-id,tanf-s11,state regulation/manual,,,"no body in the selected scope(s) [regulation/2026-09-10-tanf-state-policy-manual] matched the evidence patterns with a heading match or 2+ body matches; the scope is the publisher's whole rulebook per the queue row, so either the element lives under other vocabulary or the state does not set it; IDA"
tanf,us-id,tanf-s12,state regulation/manual,,,"no body in the selected scope(s) [regulation/2026-09-10-tanf-state-policy-manual] matched the evidence patterns with a heading match or 2+ body matches; the scope is the publisher's whole rulebook per the queue row, so either the element lives under other vocabulary or the state does not set it; IDA"
tanf,us-id,tanf-s13,state regulation/manual,,,"no body in the selected scope(s) [regulation/2026-09-10-tanf-state-policy-manual] matched the evidence patterns with a heading match or 2+ body matches; the scope is the publisher's whole rulebook per the queue row, so either the element lives under other vocabulary or the state does not set it; IDA"
tanf,us-id,tanf-s14,state regulation/manual,,,"no body in the selected scope(s) [regulation/2026-09-10-tanf-state-policy-manual] matched the evidence patterns with a heading match or 2+ body matches; the scope is the publisher's whole rulebook per the queue row, so either the element lives under other vocabulary or the state does not set it; IDA"
tanf,us-id,tanf-s16,state regulation/manual,,,"no body in the selected scope(s) [regulation/2026-09-10-tanf-state-policy-manual] matched the evidence patterns with a heading match or 2+ body matches; the scope is the publisher's whole rulebook per the queue row, so either the element lives under other vocabulary or the state does not set it; IDA"
tanf,us-id,tanf-s18,state regulation/manual,,,"no body in the selected scope(s) [regulation/2026-09-10-tanf-state-policy-manual] matched the evidence patterns with a heading match or 2+ body matches; the scope is the publisher's whole rulebook per the queue row, so either the element lives under other vocabulary or the state does not set it; IDA"
tanf,us-id,tanf-s20,state regulation/manual,,,"no body in the selected scope(s) [regulation/2026-09-10-tanf-state-policy-manual] matched the evidence patterns with a heading match or 2+ body matches; the scope is the publisher's whole rulebook per the queue row, so either the element lives under other vocabulary or the state does not set it; IDA"
tanf,us-id,tanf-s21,state regulation/manual,,,"no body in the selected scope(s) [regulation/2026-09-10-tanf-state-policy-manual] matched the evidence patterns with a heading match or 2+ body matches; the scope is the publisher's whole rulebook per the queue row, so either the element lives under other vocabulary or the state does not set it; IDA"
tanf,us-id,tanf-s22,state regulation/manual,,,"no body in the selected scope(s) [regulation/2026-09-10-tanf-state-policy-manual] matched the evidence patterns with a heading match or 2+ body matches; the scope is the publisher's whole rulebook per the queue row, so either the element lives under other vocabulary or the state does not set it; IDA"
tanf,us-id,tanf-s23,state regulation/manual,,,"no body in the selected scope(s) [regulation/2026-09-10-tanf-state-policy-manual] matched the evidence patterns with a heading match or 2+ body matches; the scope is the publisher's whole rulebook per the queue row, so either the element lives under other vocabulary or the state does not set it; IDA"
tanf,us-id,tanf-s24,state regulation/manual,,,"no body in the selected scope(s) [regulation/2026-09-10-tanf-state-policy-manual] matched the evidence patterns with a heading match or 2+ body matches; the scope is the publisher's whole rulebook per the queue row, so either the element lives under other vocabulary or the state does not set it; IDA"
tanf,us-id,tanf-s25,state regulation/manual,,,"no body in the selected scope(s) [regulation/2026-09-10-tanf-state-policy-manual] matched the evidence patterns with a heading match or 2+ body matches; the scope is the publisher's whole rulebook per the queue row, so either the element lives under other vocabulary or the state does not set it; IDA"
tanf,us-id,tanf-s26,state regulation/manual,,,"single body mention only at us-id/regulation/2026-09-10-tanf-state-policy-manual us-id/regulation/idapa/16/03/08/115 ('otified of the overpayment including details on the recovery process, hearing rights, repayment methods, and the need to'), not enough for PRESENT; no body in the selected scope(s) "
tanf,us-id,tanf-s28,state regulation/manual,,,"no body in the selected scope(s) [regulation/2026-09-10-tanf-state-policy-manual] matched the evidence patterns with a heading match or 2+ body matches; the scope is the publisher's whole rulebook per the queue row, so either the element lives under other vocabulary or the state does not set it; IDA"
tanf,us-id,tanf-s29,state regulation/manual,,,"no body in the selected scope(s) [regulation/2026-09-10-tanf-state-policy-manual] matched the evidence patterns with a heading match or 2+ body matches; the scope is the publisher's whole rulebook per the queue row, so either the element lives under other vocabulary or the state does not set it; IDA"
tanf,us-id,tanf-s30,state regulation/manual,,,"no body in the selected scope(s) [regulation/2026-09-10-tanf-state-policy-manual] matched the evidence patterns with a heading match or 2+ body matches; the scope is the publisher's whole rulebook per the queue row, so either the element lives under other vocabulary or the state does not set it; IDA"
tanf,us-id,tanf-s31,state regulation/manual,,,"single body mention only at us-id/regulation/2026-09-10-tanf-state-policy-manual us-id/regulation/idapa/16/03/08/102 ('1. Income Determination. Eligibility and benefit amounts are based on countable income and resources including those of '), not enough for PRESENT; no body in the selected scope(s) "
tanf,us-il,tanf-s02,state regulation/manual,,,"single body mention only at us-il/manual/2026-05-27-il-cash-snap-medical-manual-r2026-07-15-self-contained us-il/manual/dhs/csmm/18162/block-1 ('r Teen Parents PM 21-02-09 Core An education program for teen parents age 19 or younger who have not completed secondary'), not enough for PRESENT; no body"
tanf,us-il,tanf-s18,state regulation/manual,,,"no body in the selected scope(s) [manual/2026-05-27-il-cash-snap-medical-manual-r2026-07-15-self-contained] matched the evidence patterns with a heading match or 2+ body matches; the scope is the publisher's whole rulebook per the queue row, so either the element lives under other vocabulary or the "
tanf,us-il,tanf-s21,state regulation/manual,,,"no body in the selected scope(s) [manual/2026-05-27-il-cash-snap-medical-manual-r2026-07-15-self-contained] matched the evidence patterns with a heading match or 2+ body matches; the scope is the publisher's whole rulebook per the queue row, so either the element lives under other vocabulary or the "
tanf,us-il,tanf-s24,state regulation/manual,,,"single body mention only at us-il/manual/2026-05-27-il-cash-snap-medical-manual-r2026-07-15-self-contained us-il/manual/dhs/csmm/12795/block-1 ('-a-1: RSP - Pregnant Women – 07/08/15 MR 15.17 PM 02-09-05-a-2: RSP - Victims of Family Violence – 07/08/15 MR 15.17 PM '), not enough for PRESENT; no body"
tanf,us-in,tanf-s18,state regulation/manual,,,"no body in the selected scope(s) [manual/2026-05-27-in-snap-manual-r2026-07-15-self-contained] matched the evidence patterns with a heading match or 2+ body matches; the scope is the publisher's whole rulebook per the queue row, so either the element lives under other vocabulary or the state does no"
tanf,us-in,tanf-s24,state regulation/manual,,,"single body mention only at us-in/manual/2026-05-27-in-snap-manual-r2026-07-15-self-contained us-in/manual/dfr/snap-tanf-program-policy-manual/page-93 ('dents of public or private nonprofit shelters for the homeless and/or Domestic Violence victims located in Indiana meet '), not enough for PRESENT;"
tanf,us-in,tanf-s29,state regulation/manual,,,"no body in the selected scope(s) [manual/2026-05-27-in-snap-manual-r2026-07-15-self-contained] matched the evidence patterns with a heading match or 2+ body matches; the scope is the publisher's whole rulebook per the queue row, so either the element lives under other vocabulary or the state does no"
tanf,us-in,tanf-s32,state TANF plan (state-published,,,"state-published TANF plan not in the corpus and not inventoried: the TANF queue's document family is tanf_policy_sources (manuals and adopted rules), and ACF OFA posts no consolidated plan index (acf.gov/ofa/programs/tanf/state-plans is 404, queue federal row); each state's posting must be checked"
tanf,us-ks,tanf-s05,state regulation/manual,,,"single body mention only at us-ks/manual/2026-05-27-ks-keesm-r2026-07-15-self-contained us-ks/manual/dcf/keesm/keesm1411/block-1 ('tandard for the county of placement shall be used in establishing the need standard for persons placed in independent li'), not enough for PRESENT; no body in the select"
tanf,us-ks,tanf-s12,state regulation/manual,,,"single body mention only at us-ks/manual/2026-05-27-ks-keesm-r2026-07-15-self-contained us-ks/manual/dcf/keesm/keesm2170/block-1 ('uded during the strike. This exclusion applies to the extent that the fair market value of the vehicle does not exceed $'), not enough for PRESENT; no body in the select"
tanf,us-ks,tanf-s24,state regulation/manual,,,"no body in the selected scope(s) [manual/2026-05-27-ks-keesm-r2026-07-15-self-contained] matched the evidence patterns with a heading match or 2+ body matches; the scope is the publisher's whole rulebook per the queue row, so either the element lives under other vocabulary or the state does not set "
tanf,us-ky,tanf-s12,state regulation/manual,,,"single body mention only at us-ky/manual/2026-09-10-tanf-state-policy-manual us-ky/manual/dcbs/dfs/volume-iii-ktap/page-171 ('liances; cost of repairs to or replacement of an inoperable or unsafe motor vehicle that is essential for employment, ed'), not enough for PRESENT; no body in the selected sc"
tanf,us-ky,tanf-s18,state regulation/manual,,,"single body mention only at us-ky/manual/2026-09-10-tanf-state-policy-manual us-ky/manual/dcbs/dfs/volume-iiia-kwp/page-23 ('t (20 hours for a single parent or a single caretaker relative with a child under 6 years old, 30 hours for a two-parent'), not enough for PRESENT; no body in the selected sco"
tanf,us-ky,tanf-s19,state regulation/manual,,,"no body in the selected scope(s) [manual/2026-09-10-tanf-state-policy-manual] matched the evidence patterns with a heading match or 2+ body matches; the scope is the publisher's whole rulebook per the queue row, so either the element lives under other vocabulary or the state does not set it"
tanf,us-ky,tanf-s21,state regulation/manual,,,"no body in the selected scope(s) [manual/2026-09-10-tanf-state-policy-manual] matched the evidence patterns with a heading match or 2+ body matches; the scope is the publisher's whole rulebook per the queue row, so either the element lives under other vocabulary or the state does not set it"
tanf,us-ky,tanf-s24,state regulation/manual,,,"single body mention only at us-ky/manual/2026-09-10-tanf-state-policy-manual us-ky/manual/dcbs/dfs/volume-iii-ktap/page-9 ('e reviewed when the extension is reviewed. B. The individual was in a domestic violence situation in the past for which '), not enough for PRESENT; no body in the selected scop"
tanf,us-ky,tanf-s29,state regulation/manual,,,"single body mention only at us-ky/manual/2026-09-10-tanf-state-policy-manual us-ky/manual/dcbs/dfs/volume-iiia-kwp/page-34 ('nine months to assist the individual in paying off previous college debt or to provide adult education services prior to'), not enough for PRESENT; no body in the selected sco"
tanf,us-la,tanf-s12,state regulation/manual,,,"no body in the selected scope(s) [manual/2026-09-10-tanf-state-policy-manual] matched the evidence patterns with a heading match or 2+ body matches; the scope is the publisher's whole rulebook per the queue row, so either the element lives under other vocabulary or the state does not set it"
tanf,us-la,tanf-s18,state regulation/manual,,,"single body mention only at us-la/manual/2026-09-10-tanf-state-policy-manual us-la/manual/dcfs/ei/p-410-step-participation-requirements/page-4 ('Not included in FITAP Grant 35 09 Single Parent/Caretaker, Caring for Child under 6 Included FITAP Grant 40 07 Victim of'), not enough for PRESENT; no body"
tanf,us-la,tanf-s21,state regulation/manual,,,"no body in the selected scope(s) [manual/2026-09-10-tanf-state-policy-manual] matched the evidence patterns with a heading match or 2+ body matches; the scope is the publisher's whole rulebook per the queue row, so either the element lives under other vocabulary or the state does not set it"
tanf,us-la,tanf-s32,state TANF plan (state-published,,,"state-published TANF plan not in the corpus and not inventoried: the TANF queue's document family is tanf_policy_sources (manuals and adopted rules), and ACF OFA posts no consolidated plan index (acf.gov/ofa/programs/tanf/state-plans is 404, queue federal row); each state's posting must be checked"
tanf,us-ma,tanf-s12,state regulation/manual,,,"single body mention only at us-ma/regulation/2026-06-27-ma-tafdc-regulations us-ma/regulation/dta/106-cmr/703/703.340 ('; (e) utility company records; (f) voter registration records; (g) motor vehicle license or registration; or (h) employm'), not enough for PRESENT; no body in the selected scope(s)"
tanf,us-ma,tanf-s18,state regulation/manual,,,"no body in the selected scope(s) [regulation/2026-06-27-ma-tafdc-regulations] matched the evidence patterns with a heading match or 2+ body matches; the scope is the publisher's whole rulebook per the queue row, so either the element lives under other vocabulary or the state does not set it"
tanf,us-ma,tanf-s21,state regulation/manual,,,"no body in the selected scope(s) [regulation/2026-06-27-ma-tafdc-regulations] matched the evidence patterns with a heading match or 2+ body matches; the scope is the publisher's whole rulebook per the queue row, so either the element lives under other vocabulary or the state does not set it"
tanf,us-ma,tanf-s22,state regulation/manual,,,"no body in the selected scope(s) [regulation/2026-06-27-ma-tafdc-regulations] matched the evidence patterns with a heading match or 2+ body matches; the scope is the publisher's whole rulebook per the queue row, so either the element lives under other vocabulary or the state does not set it"
tanf,us-ma,tanf-s28,state regulation/manual,,,"no body in the selected scope(s) [regulation/2026-06-27-ma-tafdc-regulations] matched the evidence patterns with a heading match or 2+ body matches; the scope is the publisher's whole rulebook per the queue row, so either the element lives under other vocabulary or the state does not set it"
tanf,us-ma,tanf-s29,state regulation/manual,,,"no body in the selected scope(s) [regulation/2026-06-27-ma-tafdc-regulations] matched the evidence patterns with a heading match or 2+ body matches; the scope is the publisher's whole rulebook per the queue row, so either the element lives under other vocabulary or the state does not set it"
tanf,us-md,tanf-s02,state regulation/manual,,,"no body in the selected scope(s) [guidance/2026-07-05-md-tca-2026-guidance, guidance/2026-07-05-md-tca-guidance, statute/2026-07-03-md-tca-statutes, regulation/2026-09-10-ssi-state-supplement-publication-2026-09-09-title-07-subtitle-03-chapters-06-07-r2026-09-14-chapter-03-title-03-subtitle-04-conso"
tanf,us-md,tanf-s05,state regulation/manual,,,"no body in the selected scope(s) [guidance/2026-07-05-md-tca-2026-guidance, guidance/2026-07-05-md-tca-guidance, statute/2026-07-03-md-tca-statutes, regulation/2026-09-10-ssi-state-supplement-publication-2026-09-09-title-07-subtitle-03-chapters-06-07-r2026-09-14-chapter-03-title-03-subtitle-04-conso"
tanf,us-md,tanf-s07,state regulation/manual,,,"no body in the selected scope(s) [guidance/2026-07-05-md-tca-2026-guidance, guidance/2026-07-05-md-tca-guidance, statute/2026-07-03-md-tca-statutes, regulation/2026-09-10-ssi-state-supplement-publication-2026-09-09-title-07-subtitle-03-chapters-06-07-r2026-09-14-chapter-03-title-03-subtitle-04-conso"
tanf,us-md,tanf-s08,state regulation/manual,,,single body mention only at us-md/regulation/2026-09-10-ssi-state-supplement-publication-2026-09-09-title-07-subtitle-03-chapters-06-07-r2026-09-14-chapter-03-title-03-subtitle-04-consolidated us-md/regulation/title-07/subtitle-03/chapter-03/regulation-20 ('uded in the TCA grant; or (e) Working and 
tanf,us-md,tanf-s10,state regulation/manual,,,single body mention only at us-md/regulation/2026-09-10-ssi-state-supplement-publication-2026-09-09-title-07-subtitle-03-chapters-06-07-r2026-09-14-chapter-03-title-03-subtitle-04-consolidated us-md/regulation/title-07/subtitle-03/chapter-03/regulation-13 ('r 50 percent of the gross income if self-e
tanf,us-md,tanf-s12,state regulation/manual,,,"single body mention only at us-md/regulation/2026-09-10-ssi-state-supplement-publication-2026-09-09-title-07-subtitle-03-chapters-06-07-r2026-09-14-chapter-03-title-03-subtitle-04-consolidated us-md/regulation/title-03/subtitle-04/chapter-08/regulation-02 ('g under their own power, such as aircraft,"
tanf,us-md,tanf-s18,state regulation/manual,,,"no body in the selected scope(s) [guidance/2026-07-05-md-tca-2026-guidance, guidance/2026-07-05-md-tca-guidance, statute/2026-07-03-md-tca-statutes, regulation/2026-09-10-ssi-state-supplement-publication-2026-09-09-title-07-subtitle-03-chapters-06-07-r2026-09-14-chapter-03-title-03-subtitle-04-conso"
tanf,us-md,tanf-s19,state regulation/manual,,,single body mention only at us-md/regulation/2026-09-10-ssi-state-supplement-publication-2026-09-09-title-07-subtitle-03-chapters-06-07-r2026-09-14-chapter-03-title-03-subtitle-04-consolidated us-md/regulation/title-07/subtitle-03/chapter-03/regulation-04 ('e) Social services; (f) Family preservatio
tanf,us-md,tanf-s21,state regulation/manual,,,"no body in the selected scope(s) [guidance/2026-07-05-md-tca-2026-guidance, guidance/2026-07-05-md-tca-guidance, statute/2026-07-03-md-tca-statutes, regulation/2026-09-10-ssi-state-supplement-publication-2026-09-09-title-07-subtitle-03-chapters-06-07-r2026-09-14-chapter-03-title-03-subtitle-04-conso"
tanf,us-md,tanf-s22,state regulation/manual,,,"single body mention only at us-md/regulation/2026-09-10-ssi-state-supplement-publication-2026-09-09-title-07-subtitle-03-chapters-06-07-r2026-09-14-chapter-03-title-03-subtitle-04-consolidated us-md/regulation/title-07/subtitle-03/chapter-03/regulation-07 ('(4) The local department may not deny, del"
tanf,us-md,tanf-s24,state regulation/manual,,,"no body in the selected scope(s) [guidance/2026-07-05-md-tca-2026-guidance, guidance/2026-07-05-md-tca-guidance, statute/2026-07-03-md-tca-statutes, regulation/2026-09-10-ssi-state-supplement-publication-2026-09-09-title-07-subtitle-03-chapters-06-07-r2026-09-14-chapter-03-title-03-subtitle-04-conso"
tanf,us-md,tanf-s32,state TANF plan (state-published,,,"state-published TANF plan not in the corpus and not inventoried: the TANF queue's document family is tanf_policy_sources (manuals and adopted rules), and ACF OFA posts no consolidated plan index (acf.gov/ofa/programs/tanf/state-plans is 404, queue federal row); each state's posting must be checked"
tanf,us-me,tanf-s16,state regulation/manual,,,"single body mention only at us-me/statute/2026-07-03-me-tanf-statute us-me/statute/title-22/3762/assistance-standards/block-1 ('ease the employability of parents who receive TANF assistance through on-the-job training and strengthening the public a'), not enough for PRESENT; no body in the selected "
tanf,us-me,tanf-s18,state regulation/manual,,,"no body in the selected scope(s) [regulation/2026-07-03-me-tanf-rule-125a, statute/2026-07-03-me-tanf-statute, regulation/2026-07-03-me-tanf-regulation] matched the evidence patterns with a heading match or 2+ body matches; the scope is the publisher's whole rulebook per the queue row, so either the"
tanf,us-me,tanf-s21,state regulation/manual,,,"no body in the selected scope(s) [regulation/2026-07-03-me-tanf-rule-125a, statute/2026-07-03-me-tanf-statute, regulation/2026-07-03-me-tanf-regulation] matched the evidence patterns with a heading match or 2+ body matches; the scope is the publisher's whole rulebook per the queue row, so either the"
tanf,us-mi,tanf-s01,state regulation/manual (assistance unit chapter),,,"single body mention only at us-mi/manual/2026-09-11-mi-snap-manual-supersede us-mi/manual/mdhhs/bridges/bem/210/page-1 ('o be eligible for FIP both of the following must be true: • The group must include a dependent child who lives with a le'), not enough for PRESENT; no body in the selected scope(s"
tanf,us-mi,tanf-s05,state regulation/manual,,,"single body mention only at us-mi/manual/2026-09-11-mi-snap-manual-supersede us-mi/manual/mdhhs/bridges/bam/300/page-5 ('tistics packet. Group these by type. • Copies of all documentation of budgetary needs unless stored in Bridges. Move the'), not enough for PRESENT; no body in the selected scope(s"
tanf,us-mi,tanf-s10,state regulation/manual,,,"single body mention only at us-mi/manual/2026-09-11-mi-snap-manual-supersede us-mi/manual/mdhhs/bridges/bam/105/page-11 ('• Health or hospital coverage and premiums. (Not required for FAP. • Dependent care expenses. (Not required for FAP.) Ex'), not enough for PRESENT; no body in the selected scope("
tanf,us-mi,tanf-s12,state regulation/manual,,,"no body in the selected scope(s) [manual/2026-09-11-mi-snap-manual-supersede] matched the evidence patterns with a heading match or 2+ body matches; the scope is the publisher's whole rulebook per the queue row, so either the element lives under other vocabulary or the state does not set it"
tanf,us-mi,tanf-s18,state regulation/manual,,,"single body mention only at us-mi/manual/2026-09-11-mi-snap-manual-supersede us-mi/manual/mdhhs/bridges/bem/230a/page-8 ('Disregard a mother for post-partum recovery up to two months. Lack of Child Care In the Employment Services - Detail scr'), not enough for PRESENT; no body in the selected scope("
tanf,us-mi,tanf-s29,state regulation/manual,,,"single body mention only at us-mi/manual/2026-09-11-mi-snap-manual-supersede us-mi/manual/mdhhs/bridges/bam/401e/page-3 ('activities, massage parlors, spas, tattoo shops, bail-bond agencies, adult entertainment, or cruise ships. • Clients who'), not enough for PRESENT; no body in the selected scope("
tanf,us-mi,tanf-s30,state regulation/manual,,,"single body mention only at us-mi/manual/2026-09-11-mi-snap-manual-supersede us-mi/manual/mdhhs/bridges/bem/230a/page-18 ('t PATH. • File a hearing regarding denial of support services such as transportation assistance, child care assistance, '), not enough for PRESENT; no body in the selected scope"
tanf,us-mn,tanf-s02,state regulation/manual,,,"single body mention only at us-mn/manual/2026-05-27-mn-combined-manual-r2026-07-15-self-contained us-mn/manual/dhs/combined-manual/current/page-63 ('MINOR CHILD. See EMANCIPATED MINOR in 0002.19 (Glossary: Early...). MINOR CHILD A child under age 18. MFIP, DWP : A chil'), not enough for PRESENT; no "
tanf,us-mn,tanf-s03,state regulation/manual,,,"no body in the selected scope(s) [manual/2026-05-27-mn-combined-manual-r2026-07-15-self-contained] matched the evidence patterns with a heading match or 2+ body matches; the scope is the publisher's whole rulebook per the queue row, so either the element lives under other vocabulary or the state doe"
tanf,us-mn,tanf-s32,state TANF plan (state-published,,,"state-published TANF plan not in the corpus and not inventoried: the TANF queue's document family is tanf_policy_sources (manuals and adopted rules), and ACF OFA posts no consolidated plan index (acf.gov/ofa/programs/tanf/state-plans is 404, queue federal row); each state's posting must be checked"
tanf,us-mo,tanf-s11,state regulation/manual,,,"single body mention only at us-mo/manual/2026-09-10-tanf-state-policy-manual us-mo/manual/dss/tanf/0205-005-00/block-1 ('13 CSR 40-3.2.310 provides for a resource limit of $1,000 for applicant families, and $5,000 for participant families'), not enough for PRESENT; no body in the selected scope(s) ["
tanf,us-mo,tanf-s12,state regulation/manual,,,"single body mention only at us-mo/manual/2026-09-10-tanf-state-policy-manual us-mo/manual/dss/tanf/0205-005-25-05/block-1 ('Automobile is defined as a passenger car or other motor vehicle used to provide transportation of goods or persons. Excl'), not enough for PRESENT; no body in the selected scop"
tanf,us-mo,tanf-s22,state regulation/manual,,,"single body mention only at us-mo/manual/2026-09-10-tanf-state-policy-manual us-mo/manual/dss/tanf/0205-075-10/block-1 ('s Individual with a drug conviction Individual who is a fleeing felon Payee Only An adult who is an ineligible alien'), not enough for PRESENT; no body in the selected scope(s) [m"
tanf,us-mo,tanf-s32,state TANF plan (state-published,,,"state-published TANF plan not in the corpus and not inventoried: the TANF queue's document family is tanf_policy_sources (manuals and adopted rules), and ACF OFA posts no consolidated plan index (acf.gov/ofa/programs/tanf/state-plans is 404, queue federal row); each state's posting must be checked"
tanf,us-ms,tanf-s02,state regulation/manual,,,"single body mention only at us-ms/manual/2026-09-10-tanf-state-policy-manual us-ms/manual/mdhs/tanf/volume-iii/page-469 ('ls are considered children for purposes of this provision if they are dependent children under age 18 in the TANF case. '), not enough for PRESENT; no body in the selected scope("
tanf,us-ms,tanf-s18,state regulation/manual,,,"single body mention only at us-ms/manual/2026-09-10-tanf-state-policy-manual us-ms/manual/mdhs/tanf/volume-iii/page-370 ('eceive a weekly needs 4111 Volume III | Chapter 4 based payment for child care for children under six years old.'), not enough for PRESENT; no body in the selected scope(s) [manu"
tanf,us-ms,tanf-s21,state regulation/manual,,,"single body mention only at us-ms/manual/2026-09-10-tanf-state-policy-manual us-ms/manual/mdhs/tanf/volume-iii/page-88 ('TANF-UP) Revised 11-01-1710-01-21 Page Subject 2027 TANF UP-FRONT DIVERSION PROGRAM (UD) 2027 TANF WORK PROGRAM (TWP) 20'), not enough for PRESENT; no body in the selected scope(s"
tanf,us-mt,tanf-s18,state regulation/manual,,,"no body in the selected scope(s) [manual/2026-09-10-tanf-state-policy-manual] matched the evidence patterns with a heading match or 2+ body matches; the scope is the publisher's whole rulebook per the queue row, so either the element lives under other vocabulary or the state does not set it"
tanf,us-mt,tanf-s21,state regulation/manual,,,"no body in the selected scope(s) [manual/2026-09-10-tanf-state-policy-manual] matched the evidence patterns with a heading match or 2+ body matches; the scope is the publisher's whole rulebook per the queue row, so either the element lives under other vocabulary or the state does not set it"
tanf,us-mt,tanf-s24,state regulation/manual,,,"single body mention only at us-mt/manual/2026-09-10-tanf-state-policy-manual us-mt/manual/dphhs/tanf/0-2/page-3 ('ber Resources ................................................. 401-1 Domestic Violence Screening Questionnaire ........'), not enough for PRESENT; no body in the selected scope(s) [manu"
tanf,us-nc,tanf-s02,state regulation/manual,,,"single body mention only at us-nc/manual/2026-07-03-nc-work-first-manual us-nc/manual/dhhs/work-first/114-income-and-budgeting/section-xii ('d income to the participant. Note: For ongoing cases, if the child is age 18 or older and is a student in high school wh'), not enough for PRESENT; no body in "
tanf,us-nc,tanf-s03,state regulation/manual,,,"no body in the selected scope(s) [manual/2026-07-03-nc-work-first-manual] matched the evidence patterns with a heading match or 2+ body matches; the scope is the publisher's whole rulebook per the queue row, so either the element lives under other vocabulary or the state does not set it; Work First "
tanf,us-nc,tanf-s04,state regulation/manual,,,"single body mention only at us-nc/manual/2026-07-03-nc-work-first-manual us-nc/manual/dhhs/work-first/114-income-and-budgeting/section-iv ('e Payments No Alaska Native Claims Settlement Act Payments No Alien's sponsor's income No Alimony/spousal support Yes Un'), not enough for PRESENT; no body in t"
tanf,us-nc,tanf-s07,state regulation/manual,,,"no body in the selected scope(s) [manual/2026-07-03-nc-work-first-manual] matched the evidence patterns with a heading match or 2+ body matches; the scope is the publisher's whole rulebook per the queue row, so either the element lives under other vocabulary or the state does not set it; Work First "
tanf,us-nc,tanf-s08,state regulation/manual,,,"no body in the selected scope(s) [manual/2026-07-03-nc-work-first-manual] matched the evidence patterns with a heading match or 2+ body matches; the scope is the publisher's whole rulebook per the queue row, so either the element lives under other vocabulary or the state does not set it; Work First "
tanf,us-nc,tanf-s10,state regulation/manual,,,"no body in the selected scope(s) [manual/2026-07-03-nc-work-first-manual] matched the evidence patterns with a heading match or 2+ body matches; the scope is the publisher's whole rulebook per the queue row, so either the element lives under other vocabulary or the state does not set it; Work First "
tanf,us-nc,tanf-s11,state regulation/manual,,,"no body in the selected scope(s) [manual/2026-07-03-nc-work-first-manual] matched the evidence patterns with a heading match or 2+ body matches; the scope is the publisher's whole rulebook per the queue row, so either the element lives under other vocabulary or the state does not set it; Work First "
tanf,us-nc,tanf-s12,state regulation/manual,,,"no body in the selected scope(s) [manual/2026-07-03-nc-work-first-manual] matched the evidence patterns with a heading match or 2+ body matches; the scope is the publisher's whole rulebook per the queue row, so either the element lives under other vocabulary or the state does not set it; Work First "
tanf,us-nc,tanf-s15,state regulation/manual,,,"single body mention only at us-nc/manual/2026-07-03-nc-work-first-manual us-nc/manual/dhhs/work-first/114-income-and-budgeting/section-iv ('k 2. Contact the source - P - Paid Work Experience (Generally through Welfare-to-Work) Yes Earned 1. Wage stub or check '), not enough for PRESENT; no body in t"
tanf,us-nc,tanf-s16,state regulation/manual,,,"no body in the selected scope(s) [manual/2026-07-03-nc-work-first-manual] matched the evidence patterns with a heading match or 2+ body matches; the scope is the publisher's whole rulebook per the queue row, so either the element lives under other vocabulary or the state does not set it; Work First "
tanf,us-nc,tanf-s18,state regulation/manual,,,"no body in the selected scope(s) [manual/2026-07-03-nc-work-first-manual] matched the evidence patterns with a heading match or 2+ body matches; the scope is the publisher's whole rulebook per the queue row, so either the element lives under other vocabulary or the state does not set it; Work First "
tanf,us-nc,tanf-s21,state regulation/manual,,,"no body in the selected scope(s) [manual/2026-07-03-nc-work-first-manual] matched the evidence patterns with a heading match or 2+ body matches; the scope is the publisher's whole rulebook per the queue row, so either the element lives under other vocabulary or the state does not set it; Work First "
tanf,us-nc,tanf-s22,state regulation/manual,,,"single body mention only at us-nc/manual/2026-07-03-nc-work-first-manual us-nc/manual/dhhs/work-first/114-income-and-budgeting/section-i ('ber Excluded Member: Citizenship/ Immigration Status Excluded member: SSI Recipient Excluded Member: Other reasons Paren'), not enough for PRESENT; no body in th"
tanf,us-nc,tanf-s23,state regulation/manual,,,"no body in the selected scope(s) [manual/2026-07-03-nc-work-first-manual] matched the evidence patterns with a heading match or 2+ body matches; the scope is the publisher's whole rulebook per the queue row, so either the element lives under other vocabulary or the state does not set it; Work First "
tanf,us-nc,tanf-s24,state regulation/manual,,,"no body in the selected scope(s) [manual/2026-07-03-nc-work-first-manual] matched the evidence patterns with a heading match or 2+ body matches; the scope is the publisher's whole rulebook per the queue row, so either the element lives under other vocabulary or the state does not set it; Work First "
tanf,us-nc,tanf-s28,state regulation/manual,,,"no body in the selected scope(s) [manual/2026-07-03-nc-work-first-manual] matched the evidence patterns with a heading match or 2+ body matches; the scope is the publisher's whole rulebook per the queue row, so either the element lives under other vocabulary or the state does not set it; Work First "
tanf,us-nc,tanf-s29,state regulation/manual,,,"no body in the selected scope(s) [manual/2026-07-03-nc-work-first-manual] matched the evidence patterns with a heading match or 2+ body matches; the scope is the publisher's whole rulebook per the queue row, so either the element lives under other vocabulary or the state does not set it; Work First "
tanf,us-nc,tanf-s30,state regulation/manual,,,"no body in the selected scope(s) [manual/2026-07-03-nc-work-first-manual] matched the evidence patterns with a heading match or 2+ body matches; the scope is the publisher's whole rulebook per the queue row, so either the element lives under other vocabulary or the state does not set it; Work First "
tanf,us-nd,tanf-s06,state regulation/manual,,,"single body mention only at us-nd/manual/2026-09-10-tanf-state-policy-manual us-nd/manual/hhs/tanf/400-19-05/block-1 ('month for which eligibility and benefits are computed. Benefits The amount of assistance a household receives from Tempo'), not enough for PRESENT; no body in the selected scope(s) "
tanf,us-nd,tanf-s18,state regulation/manual,,,"single body mention only at us-nd/manual/2026-09-10-tanf-state-policy-manual us-nd/manual/hhs/tanf/400-19-75-20/block-1 ('is personally caring for the child full-time and who demonstrates an inability to obtain needed child care for one or mo'), not enough for PRESENT; no body in the selected scope("
tanf,us-nd,tanf-s32,state TANF plan (state-published,,,"state-published TANF plan not in the corpus and not inventoried: the TANF queue's document family is tanf_policy_sources (manuals and adopted rules), and ACF OFA posts no consolidated plan index (acf.gov/ofa/programs/tanf/state-plans is 404, queue federal row); each state's posting must be checked"
tanf,us-ne,tanf-s02,state regulation/manual,,,"single body mention only at us-ne/regulation/2026-09-10-tanf-state-policy-manual us-ne/regulation/title-468/chapter-1/004.17 ('the first day of the mother’s third trimester through age 17; or (B) Age 18 if a full-time student regularly attending a'), not enough for PRESENT; no body in the selected s"
tanf,us-ne,tanf-s07,state regulation/manual,,,"single body mention only at us-ne/regulation/2026-09-10-tanf-state-policy-manual us-ne/regulation/title-468/chapter-1/004.39 ('The initial income test in Aid to Dependent Children “gap” budgeting against which net earned'), not enough for PRESENT; no body in the selected scope(s) [regulation/2026-09"
tanf,us-ne,tanf-s12,state regulation/manual,,,"single body mention only at us-ne/regulation/2026-09-10-tanf-state-policy-manual us-ne/regulation/title-468/chapter-2/008.04 ('and occupies as a home; (B) Goods used in the home; (C) Clothing; (D) One motor vehicle if it is used for employment or '), not enough for PRESENT; no body in the selected s"
tanf,us-ne,tanf-s18,state regulation/manual,,,"no body in the selected scope(s) [regulation/2026-09-10-tanf-state-policy-manual] matched the evidence patterns with a heading match or 2+ body matches; the scope is the publisher's whole rulebook per the queue row, so either the element lives under other vocabulary or the state does not set it"
tanf,us-ne,tanf-s21,state regulation/manual,,,"no body in the selected scope(s) [regulation/2026-09-10-tanf-state-policy-manual] matched the evidence patterns with a heading match or 2+ body matches; the scope is the publisher's whole rulebook per the queue row, so either the element lives under other vocabulary or the state does not set it"
tanf,us-ne,tanf-s22,state regulation/manual,,,"no body in the selected scope(s) [regulation/2026-09-10-tanf-state-policy-manual] matched the evidence patterns with a heading match or 2+ body matches; the scope is the publisher's whole rulebook per the queue row, so either the element lives under other vocabulary or the state does not set it"
tanf,us-nh,tanf-s13,state regulation/manual,,,"single body mention only at us-nh/manual/2026-09-10-tanf-state-policy-manual us-nh/manual/dhhs/fam/611-01-computing-eligibility-fam/block-1 ('ssigned child support. If the case remains eligible, proceed with the grant calculation using only the child support amo'), not enough for PRESENT; no body in"
tanf,us-nh,tanf-s18,state regulation/manual,,,"no body in the selected scope(s) [manual/2026-09-10-tanf-state-policy-manual] matched the evidence patterns with a heading match or 2+ body matches; the scope is the publisher's whole rulebook per the queue row, so either the element lives under other vocabulary or the state does not set it"
tanf,us-nh,tanf-s21,state regulation/manual,,,"no body in the selected scope(s) [manual/2026-09-10-tanf-state-policy-manual] matched the evidence patterns with a heading match or 2+ body matches; the scope is the publisher's whole rulebook per the queue row, so either the element lives under other vocabulary or the state does not set it"
tanf,us-nh,tanf-s29,state regulation/manual,,,"no body in the selected scope(s) [manual/2026-09-10-tanf-state-policy-manual] matched the evidence patterns with a heading match or 2+ body matches; the scope is the publisher's whole rulebook per the queue row, so either the element lives under other vocabulary or the state does not set it"
tanf,us-nj,tanf-s02,state regulation/manual,,,"single body mention only at us-nj/regulation/2026-07-13-recovery us-nj/regulation/recovery/us-nj-njac-10-90/page-159 ('ours a WFNJ/GA recipient is to participate in CWEP. (c) A teen parent under the age of 18 shall be required, on a full t'), not enough for PRESENT; no body in the selected scope(s) "
tanf,us-nj,tanf-s05,state regulation/manual,,,"no body in the selected scope(s) [regulation/2026-07-13-recovery] matched the evidence patterns with a heading match or 2+ body matches; the scope is the publisher's whole rulebook per the queue row, so either the element lives under other vocabulary or the state does not set it; N.J.A.C. 10:90 is i"
tanf,us-nj,tanf-s12,state regulation/manual,,,"single body mention only at us-nj/regulation/2026-07-13-recovery us-nj/regulation/recovery/us-nj-njac-10-90/page-130 ('re integral in promoting self- sufficiency, such as the purchase of a first vehicle, vehicle repairs or essential househ'), not enough for PRESENT; no body in the selected scope(s) "
tanf,us-nj,tanf-s18,state regulation/manual,,,"no body in the selected scope(s) [regulation/2026-07-13-recovery] matched the evidence patterns with a heading match or 2+ body matches; the scope is the publisher's whole rulebook per the queue row, so either the element lives under other vocabulary or the state does not set it; N.J.A.C. 10:90 is i"
tanf,us-nj,tanf-s21,state regulation/manual,,,"no body in the selected scope(s) [regulation/2026-07-13-recovery] matched the evidence patterns with a heading match or 2+ body matches; the scope is the publisher's whole rulebook per the queue row, so either the element lives under other vocabulary or the state does not set it; N.J.A.C. 10:90 is i"
tanf,us-nj,tanf-s32,state TANF plan (state-published,,,"state-published TANF plan not in the corpus and not inventoried: the TANF queue's document family is tanf_policy_sources (manuals and adopted rules), and ACF OFA posts no consolidated plan index (acf.gov/ofa/programs/tanf/state-plans is 404, queue federal row); each state's posting must be checked"
tanf,us-nm,tanf-s02,state regulation/manual,,,"single body mention only at us-nm/regulation/2026-09-10-tanf-state-policy-manual us-nm/regulation/nmac/8/102/460/8.102.460.14 ('led in school with enough hours to ensure graduation prior to turning age 18; and (b) reports on a monthly basis attenda'), not enough for PRESENT; no body in the selected "
tanf,us-nm,tanf-s10,state regulation/manual,,,"single body mention only at us-nm/regulation/2026-09-10-tanf-state-policy-manual us-nm/regulation/nmac/8/102/120/8.102.120.11 ('up exceed the $1,500 liquid or $2,000 non-liquid resource limit; (6) dependent care expenses; (7) changes in residence, '), not enough for PRESENT; no body in the selected "
tanf,us-nm,tanf-s18,state regulation/manual,,,"no body in the selected scope(s) [regulation/2026-09-10-tanf-state-policy-manual] matched the evidence patterns with a heading match or 2+ body matches; the scope is the publisher's whole rulebook per the queue row, so either the element lives under other vocabulary or the state does not set it"
tanf,us-nm,tanf-s28,state regulation/manual,,,"single body mention only at us-nm/regulation/2026-09-10-tanf-state-policy-manual us-nm/regulation/nmac/8/102/120/8.102.120.11 ('y the benefit group. (6) A household member has been identified as a fleeing felon or probation violator in accordance w'), not enough for PRESENT; no body in the selected "
tanf,us-nm,tanf-s29,state regulation/manual,,,"single body mention only at us-nm/regulation/2026-09-10-tanf-state-policy-manual us-nm/regulation/nmac/8/102/610/8.102.610.8 ('the person authorized to use the deceased recipient’s benefits. (4) EBT transactions shall not be in any liquor store; a'), not enough for PRESENT; no body in the selected s"
tanf,us-oh,tanf-s02,state regulation/manual,,,"single body mention only at us-oh/regulation/2026-07-16-agency-5101-4-r2026-09-11-5101-1-5122-36-r2026-09-14-5703-7-consolidated us-oh/regulation/agency-5101-1/chapter-5101-1-23/rule-5101-1-23-10 ('ly with the living arrangement requirement. (8) A teen parent who is under the age of eighteen, and: ("
tanf,us-oh,tanf-s05,state regulation/manual,,,"no body in the selected scope(s) [regulation/2026-07-16-agency-5101-4-r2026-09-11-5101-1-5122-36-r2026-09-14-5703-7-consolidated] matched the evidence patterns with a heading match or 2+ body matches; the scope is the publisher's whole rulebook per the queue row, so either the element lives under ot"
tanf,us-oh,tanf-s07,state regulation/manual,,,single body mention only at us-oh/regulation/2026-07-16-agency-5101-4-r2026-09-11-5101-1-5122-36-r2026-09-14-5703-7-consolidated us-oh/regulation/agency-5101-1/chapter-5101-1-23/rule-5101-1-23-20 ('bed in rule 5101:1-2-20 of the Administrative Code. (J) What are the income standards used for OWF? Th
tanf,us-oh,tanf-s12,state regulation/manual,,,"no body in the selected scope(s) [regulation/2026-07-16-agency-5101-4-r2026-09-11-5101-1-5122-36-r2026-09-14-5703-7-consolidated] matched the evidence patterns with a heading match or 2+ body matches; the scope is the publisher's whole rulebook per the queue row, so either the element lives under ot"
tanf,us-oh,tanf-s29,state regulation/manual,,,"no body in the selected scope(s) [regulation/2026-07-16-agency-5101-4-r2026-09-11-5101-1-5122-36-r2026-09-14-5703-7-consolidated] matched the evidence patterns with a heading match or 2+ body matches; the scope is the publisher's whole rulebook per the queue row, so either the element lives under ot"
tanf,us-ok,tanf-s07,state regulation/manual,,,"single body mention only at us-ok/regulation/2026-09-10-tanf-state-policy-manual us-ok/regulation/oac/340/10/340-10-2-3 ('340:10-4-1, TANF recipients undergo substance abuse screening. When a recipient tests positive for an illegal controlled'), not enough for PRESENT; no body in the selected scope("
tanf,us-ok,tanf-s12,state regulation/manual,,,"single body mention only at us-ok/regulation/2026-09-10-tanf-state-policy-manual us-ok/regulation/oac/340/10/340-10-3-5 ('the vehicle. (A) Exempt vehicles. The equity value of up to $5,000 in one vehicle is exempt from resource consideration.'), not enough for PRESENT; no body in the selected scope("
tanf,us-ok,tanf-s18,state regulation/manual,,,"no body in the selected scope(s) [regulation/2026-09-10-tanf-state-policy-manual] matched the evidence patterns with a heading match or 2+ body matches; the scope is the publisher's whole rulebook per the queue row, so either the element lives under other vocabulary or the state does not set it"
tanf,us-ok,tanf-s24,state regulation/manual,,,"single body mention only at us-ok/regulation/2026-09-10-tanf-state-policy-manual us-ok/regulation/oac/340/10/340-10-1-5 ('to $3,000 for rent, utilities, deposits, and moving expenses to allow domestic violence victims to transition to safe an'), not enough for PRESENT; no body in the selected scope("
tanf,us-or,tanf-s05,state regulation/manual,,,single body mention only at us-or/regulation/2026-09-10-tanf-state-policy-manual-chapter-461-r2026-09-14-150-316-consolidated us-or/regulation/chapter-461/division-160/rule-461-160-0620 ('self-support as allowed by OAR 461-145-0405. (c) One of the following need standards: (A) A $81.28 personal need
tanf,us-or,tanf-s09,state regulation/manual,,,"no body in the selected scope(s) [regulation/2026-09-10-tanf-state-policy-manual-chapter-461-r2026-09-14-150-316-consolidated] matched the evidence patterns with a heading match or 2+ body matches; the scope is the publisher's whole rulebook per the queue row, so either the element lives under other"
tanf,us-or,tanf-s14,state regulation/manual,,,single body mention only at us-or/regulation/2026-09-10-tanf-state-policy-manual-chapter-461-r2026-09-14-150-316-consolidated us-or/regulation/chapter-461/division-135/rule-461-135-0071 ('arent head of household or a needy caretaker relative who reaches the 60-month time limit and does not meet any 
tanf,us-or,tanf-s18,state regulation/manual,,,"no body in the selected scope(s) [regulation/2026-09-10-tanf-state-policy-manual-chapter-461-r2026-09-14-150-316-consolidated] matched the evidence patterns with a heading match or 2+ body matches; the scope is the publisher's whole rulebook per the queue row, so either the element lives under other"
tanf,us-or,tanf-s24,state regulation/manual,,,"single body mention only at us-or/regulation/2026-09-10-tanf-state-policy-manual-chapter-461-r2026-09-14-150-316-consolidated us-or/regulation/chapter-461/division-195/rule-461-195-0501 ('S programs, when an overpayment puts the recipient at greater risk of domestic violence (see OAR 461-001-0000), "
tanf,us-or,tanf-s32,state TANF plan (state-published,,,"state-published TANF plan not in the corpus and not inventoried: the TANF queue's document family is tanf_policy_sources (manuals and adopted rules), and ACF OFA posts no consolidated plan index (acf.gov/ofa/programs/tanf/state-plans is 404, queue federal row); each state's posting must be checked"
tanf,us-pa,tanf-s29,state regulation/manual,,,"single body mention only at us-pa/manual/2026-09-10-tanf-state-policy-manual us-pa/manual/dhs/cash/104-application-104-5-processing-an-application/block-6 ('ey may not use TANF funds issued through their PA ACCESS card to make electronic benefit transfer (EBT) transactions in '), not enough for PRES"
tanf,us-ri,tanf-s02,state regulation/manual,,,"no body in the selected scope(s) [regulation/2026-09-10-tanf-state-policy-manual] matched the evidence patterns with a heading match or 2+ body matches; the scope is the publisher's whole rulebook per the queue row, so either the element lives under other vocabulary or the state does not set it"
tanf,us-ri,tanf-s07,state regulation/manual,,,"single body mention only at us-ri/regulation/2026-09-10-tanf-state-policy-manual us-ri/regulation/218-ricr/20/00/2/page-104 ('usehold's total gross income exceeds one hundred eighty-five percent (185%) of the Federal Poverty Level, unless the hou'), not enough for PRESENT; no body in the selected sc"
tanf,us-ri,tanf-s18,state regulation/manual,,,"no body in the selected scope(s) [regulation/2026-09-10-tanf-state-policy-manual] matched the evidence patterns with a heading match or 2+ body matches; the scope is the publisher's whole rulebook per the queue row, so either the element lives under other vocabulary or the state does not set it"
tanf,us-ri,tanf-s21,state regulation/manual,,,"single body mention only at us-ri/regulation/2026-09-10-tanf-state-policy-manual us-ri/regulation/218-ricr/20/00/2/page-18 ('as an incentive to hire the recipient, including, but not limited to, grant diversion. 41. “Subsidized housing” means ho'), not enough for PRESENT; no body in the selected sco"
tanf,us-ri,tanf-s28,state regulation/manual,,,"single body mention only at us-ri/regulation/2026-09-10-tanf-state-policy-manual us-ri/regulation/218-ricr/20/00/2/page-34 ('compliance with the child support Department. 6. Individuals who are fleeing to avoid prosecution, custody or confinemen'), not enough for PRESENT; no body in the selected sco"
tanf,us-ri,tanf-s32,state TANF plan (state-published,,,"state-published TANF plan not in the corpus and not inventoried: the TANF queue's document family is tanf_policy_sources (manuals and adopted rules), and ACF OFA posts no consolidated plan index (acf.gov/ofa/programs/tanf/state-plans is 404, queue federal row); each state's posting must be checked"
tanf,us-sc,tanf-s18,state regulation/manual,,,"single body mention only at us-sc/manual/2026-09-10-tanf-state-policy-manual us-sc/manual/dss/tanf-policy-manual/page-32 ('ssments 13.1) R. The prohibition against a work program sanction when appropriate child care is unavailable. (See Legal '), not enough for PRESENT; no body in the selected scope"
tanf,us-sc,tanf-s21,state regulation/manual,,,"no body in the selected scope(s) [manual/2026-09-10-tanf-state-policy-manual] matched the evidence patterns with a heading match or 2+ body matches; the scope is the publisher's whole rulebook per the queue row, so either the element lives under other vocabulary or the state does not set it"
tanf,us-sd,tanf-s02,state regulation/manual,,,"single body mention only at us-sd/regulation/2026-09-10-tanf-state-policy-manual us-sd/regulation/arsd/67/10/01/01/block-1 ('s in the home and has the actual care and control of the child; (5) ""Dependent child,"" a child who has not attained 18 y'), not enough for PRESENT; no body in the selected sco"
tanf,us-sd,tanf-s05,state regulation/manual,,,"single body mention only at us-sd/regulation/2026-09-10-tanf-state-policy-manual us-sd/regulation/arsd/67/10/03/02/block-1 ('unds or BIA general assistance funds which duplicate a portion of the need standard; and (9) Child support and alimony p'), not enough for PRESENT; no body in the selected sco"
tanf,us-sd,tanf-s07,state regulation/manual,,,"no body in the selected scope(s) [regulation/2026-09-10-tanf-state-policy-manual] matched the evidence patterns with a heading match or 2+ body matches; the scope is the publisher's whole rulebook per the queue row, so either the element lives under other vocabulary or the state does not set it"
tanf,us-sd,tanf-s09,state regulation/manual,,,"single body mention only at us-sd/regulation/2026-09-10-tanf-state-policy-manual us-sd/regulation/arsd/67/10/01/27/block-1 ('ction or elimination of assistance for noncooperation in establishing paternity or obtaining child support, Pub. L. No. '), not enough for PRESENT; no body in the selected sco"
tanf,us-sd,tanf-s10,state regulation/manual,,,"single body mention only at us-sd/regulation/2026-09-10-tanf-state-policy-manual us-sd/regulation/arsd/67/10/03/03/block-1 ('the participant from the work program for child care, transportation, work-related expenses, or work-related support ser'), not enough for PRESENT; no body in the selected sco"
tanf,us-sd,tanf-s12,state regulation/manual,,,"no body in the selected scope(s) [regulation/2026-09-10-tanf-state-policy-manual] matched the evidence patterns with a heading match or 2+ body matches; the scope is the publisher's whole rulebook per the queue row, so either the element lives under other vocabulary or the state does not set it"
tanf,us-sd,tanf-s14,state regulation/manual,,,"single body mention only at us-sd/regulation/2026-09-10-tanf-state-policy-manual us-sd/regulation/arsd/67/10/06/13/block-1 ('ombined work and education activity. For purposes of calculating the 24-month limit established in SDCL 28-7A-20 , the d'), not enough for PRESENT; no body in the selected sco"
tanf,us-sd,tanf-s18,state regulation/manual,,,"single body mention only at us-sd/regulation/2026-09-10-tanf-state-policy-manual us-sd/regulation/arsd/67/10/06/25/block-1 ('occur: (1) The individual is a single custodial parent caring for a child under six years of age and is able to prove th'), not enough for PRESENT; no body in the selected sco"
tanf,us-sd,tanf-s21,state regulation/manual,,,"no body in the selected scope(s) [regulation/2026-09-10-tanf-state-policy-manual] matched the evidence patterns with a heading match or 2+ body matches; the scope is the publisher's whole rulebook per the queue row, so either the element lives under other vocabulary or the state does not set it"
tanf,us-sd,tanf-s22,state regulation/manual,,,"no body in the selected scope(s) [regulation/2026-09-10-tanf-state-policy-manual] matched the evidence patterns with a heading match or 2+ body matches; the scope is the publisher's whole rulebook per the queue row, so either the element lives under other vocabulary or the state does not set it"
tanf,us-sd,tanf-s24,state regulation/manual,,,"single body mention only at us-sd/regulation/2026-09-10-tanf-state-policy-manual us-sd/regulation/arsd/67/10/06/08/block-1 ('until family support services are available; (3) The individual is a victim of domestic violence; (4) The individual is '), not enough for PRESENT; no body in the selected sco"
tanf,us-sd,tanf-s28,state regulation/manual,,,"single body mention only at us-sd/regulation/2026-09-10-tanf-state-policy-manual us-sd/regulation/arsd/67/10/01/05/block-1 ('eligible for assistance under this article: (1) An individual who is fleeing to avoid prosecution, custody, or confineme'), not enough for PRESENT; no body in the selected sco"
tanf,us-sd,tanf-s29,state regulation/manual,,,"no body in the selected scope(s) [regulation/2026-09-10-tanf-state-policy-manual] matched the evidence patterns with a heading match or 2+ body matches; the scope is the publisher's whole rulebook per the queue row, so either the element lives under other vocabulary or the state does not set it"
tanf,us-sd,tanf-s30,state regulation/manual,,,"no body in the selected scope(s) [regulation/2026-09-10-tanf-state-policy-manual] matched the evidence patterns with a heading match or 2+ body matches; the scope is the publisher's whole rulebook per the queue row, so either the element lives under other vocabulary or the state does not set it"
tanf,us-tn,tanf-s02,state regulation/manual,,,"no body in the selected scope(s) [manual/2026-09-10-tanf-state-policy-manual] matched the evidence patterns with a heading match or 2+ body matches; the scope is the publisher's whole rulebook per the queue row, so either the element lives under other vocabulary or the state does not set it"
tanf,us-tn,tanf-s04,state regulation/manual,,,"single body mention only at us-tn/manual/2026-09-10-tanf-state-policy-manual us-tn/manual/dhs/families-first/23-03/page-4 ('hrough AM3 or AM6 through AM8. In Families First these are treated as refugees. An Amerasian is an individual who was: o'), not enough for PRESENT; no body in the selected scop"
tanf,us-tn,tanf-s12,state regulation/manual,,,"no body in the selected scope(s) [manual/2026-09-10-tanf-state-policy-manual] matched the evidence patterns with a heading match or 2+ body matches; the scope is the publisher's whole rulebook per the queue row, so either the element lives under other vocabulary or the state does not set it"
tanf,us-tn,tanf-s18,state regulation/manual,,,"no body in the selected scope(s) [manual/2026-09-10-tanf-state-policy-manual] matched the evidence patterns with a heading match or 2+ body matches; the scope is the publisher's whole rulebook per the queue row, so either the element lives under other vocabulary or the state does not set it"
tanf,us-tx,tanf-s02,state regulation/manual,,,"no body in the selected scope(s) [manual/2026-05-27-tx-manuals-r2026-07-15-self-contained] matched the evidence patterns with a heading match or 2+ body matches; the scope is the publisher's whole rulebook per the queue row, so either the element lives under other vocabulary or the state does not se"
tanf,us-tx,tanf-s06,state regulation/manual,,,"single body mention only at us-tx/manual/2026-05-27-tx-manuals-r2026-07-15-self-contained us-tx/manual/hhs/texas-works-handbook/a-1340-income-limits/block-6 ('e recognizable needs test. The adjusted income is subtracted from the maximum grant amount to determine the benefit amou'), not enough for PR"
tanf,us-tx,tanf-s09,state regulation/manual,,,"single body mention only at us-tx/manual/2026-05-27-tx-manuals-r2026-07-15-self-contained us-tx/manual/hhs/texas-works-handbook/a-1340-income-limits/block-6 ('people a legal parent is legally obligated to support. Subtract the child support disregard, if applicable. Subtract the'), not enough for PR"
tanf,us-tx,tanf-s12,state regulation/manual,,,"no body in the selected scope(s) [manual/2026-05-27-tx-manuals-r2026-07-15-self-contained] matched the evidence patterns with a heading match or 2+ body matches; the scope is the publisher's whole rulebook per the queue row, so either the element lives under other vocabulary or the state does not se"
tanf,us-tx,tanf-s14,state regulation/manual,,,"no body in the selected scope(s) [manual/2026-05-27-tx-manuals-r2026-07-15-self-contained] matched the evidence patterns with a heading match or 2+ body matches; the scope is the publisher's whole rulebook per the queue row, so either the element lives under other vocabulary or the state does not se"
tanf,us-tx,tanf-s16,state regulation/manual,,,"no body in the selected scope(s) [manual/2026-05-27-tx-manuals-r2026-07-15-self-contained] matched the evidence patterns with a heading match or 2+ body matches; the scope is the publisher's whole rulebook per the queue row, so either the element lives under other vocabulary or the state does not se"
tanf,us-tx,tanf-s18,state regulation/manual,,,"no body in the selected scope(s) [manual/2026-05-27-tx-manuals-r2026-07-15-self-contained] matched the evidence patterns with a heading match or 2+ body matches; the scope is the publisher's whole rulebook per the queue row, so either the element lives under other vocabulary or the state does not se"
tanf,us-tx,tanf-s19,state regulation/manual,,,"single body mention only at us-tx/manual/2026-05-27-tx-manuals-r2026-07-15-self-contained us-tx/manual/hhs/texas-works-handbook/a-2420-eligibility-requirements/block-13 ('must demonstrate cooperation to be eligible for OTTANF. See A-2100 , Personal Responsibility Agreement.'), not enough for PRESENT"
tanf,us-tx,tanf-s22,state regulation/manual,,,"single body mention only at us-tx/manual/2026-05-27-tx-manuals-r2026-07-15-self-contained us-tx/manual/hhs/texas-works-handbook/a-220-tanf/block-19 ('Rehabilitation page and make an overpayment referral if appropriate. SSI Recipients A TANF family member is removed from'), not enough for PRESENT; no"
tanf,us-tx,tanf-s24,state regulation/manual,,,"no body in the selected scope(s) [manual/2026-05-27-tx-manuals-r2026-07-15-self-contained] matched the evidence patterns with a heading match or 2+ body matches; the scope is the publisher's whole rulebook per the queue row, so either the element lives under other vocabulary or the state does not se"
tanf,us-tx,tanf-s29,state regulation/manual,,,"single body mention only at us-tx/manual/2026-05-27-tx-manuals-r2026-07-15-self-contained us-tx/manual/hhs/texas-works-handbook/a-1320-types-income/block-142 ('n: Money given to Native Americans from gaming revenues (such as from casino profits, race tracks, lotteries, etc.) is n'), not enough for P"
tanf,us-tx,tanf-s32,state TANF plan (state-published,,,"state-published TANF plan not in the corpus and not inventoried: the TANF queue's document family is tanf_policy_sources (manuals and adopted rules), and ACF OFA posts no consolidated plan index (acf.gov/ofa/programs/tanf/state-plans is 404, queue federal row); each state's posting must be checked"
tanf,us-ut,tanf-s05,state regulation/manual,,,"no body in the selected scope(s) [regulation/2026-07-02-ut-fep-official-documents, manual/2026-05-27-ut-manuals-r2026-07-15-self-contained] matched the evidence patterns with a heading match or 2+ body matches; the scope is the publisher's whole rulebook per the queue row, so either the element live"
tanf,us-ut,tanf-s12,state regulation/manual,,,"no body in the selected scope(s) [regulation/2026-07-02-ut-fep-official-documents, manual/2026-05-27-ut-manuals-r2026-07-15-self-contained] matched the evidence patterns with a heading match or 2+ body matches; the scope is the publisher's whole rulebook per the queue row, so either the element live"
tanf,us-ut,tanf-s16,state regulation/manual,,,single body mention only at us-ut/manual/2026-05-27-ut-manuals-r2026-07-15-self-contained us-ut/manual/dws/eligibility-manual/400-income-standards-428-7-training-payments-and-allowances-htm/block-2 ('Trade Act) for training and related expenses All Programs Exempt WIOA On the Job Training (OJT)* Fin
tanf,us-ut,tanf-s18,state regulation/manual,,,"no body in the selected scope(s) [regulation/2026-07-02-ut-fep-official-documents, manual/2026-05-27-ut-manuals-r2026-07-15-self-contained] matched the evidence patterns with a heading match or 2+ body matches; the scope is the publisher's whole rulebook per the queue row, so either the element live"
tanf,us-ut,tanf-s24,state regulation/manual,,,"no body in the selected scope(s) [regulation/2026-07-02-ut-fep-official-documents, manual/2026-05-27-ut-manuals-r2026-07-15-self-contained] matched the evidence patterns with a heading match or 2+ body matches; the scope is the publisher's whole rulebook per the queue row, so either the element live"
tanf,us-va,tanf-s07,state regulation/manual,,,"single body mention only at us-va/manual/2026-09-10-tanf-state-policy-manual us-va/manual/dss/tanf/chapter-200/page-83 ('to the family, at the time of application, cannot exceed the maximum income limit and must be evaluated in determining t'), not enough for PRESENT; no body in the selected scope(s"
tanf,us-va,tanf-s11,state regulation/manual,,,"single body mention only at us-va/manual/2026-09-10-tanf-state-policy-manual us-va/manual/dss/tanf/chapter-1000/page-11 ('ge. In Virginia, the benchmark for a living wage is the United Way’s Asset Limited, Income Constrained, Employed (ALICE)'), not enough for PRESENT; no body in the selected scope("
tanf,us-va,tanf-s18,state regulation/manual,,,"single body mention only at us-va/manual/2026-09-10-tanf-state-policy-manual us-va/manual/dss/tanf/chapter-1000/page-14 ('umber of hours per week: • 20 hours per week for single parents with children under 6, • 35 hours per week for two-paren'), not enough for PRESENT; no body in the selected scope("
tanf,us-va,tanf-s24,state regulation/manual,,,"no body in the selected scope(s) [manual/2026-09-10-tanf-state-policy-manual] matched the evidence patterns with a heading match or 2+ body matches; the scope is the publisher's whole rulebook per the queue row, so either the element lives under other vocabulary or the state does not set it"
tanf,us-va,tanf-s29,state regulation/manual,,,"single body mention only at us-va/manual/2026-09-10-tanf-state-policy-manual us-va/manual/dss/tanf/chapter-400/page-37 ('piercing is performed for hire, or in any establishment that provides adult-oriented entertainment in which performers o'), not enough for PRESENT; no body in the selected scope(s"
tanf,us-va,tanf-s32,state TANF plan (state-published,,,"state-published TANF plan not in the corpus and not inventoried: the TANF queue's document family is tanf_policy_sources (manuals and adopted rules), and ACF OFA posts no consolidated plan index (acf.gov/ofa/programs/tanf/state-plans is 404, queue federal row); each state's posting must be checked"
tanf,us-vt,tanf-s02,state regulation/manual,,,"single body mention only at us-vt/regulation/2026-09-10-tanf-state-policy-manual us-vt/regulation/dcf/esd-rules/2100/page-2 ('the following definitions apply to the Reach First program rules: 1. “Eligible child” means a child under the age of 18.'), not enough for PRESENT; no body in the selected sc"
tanf,us-vt,tanf-s03,state regulation/manual,,,"single body mention only at us-vt/regulation/2026-09-10-tanf-state-policy-manual us-vt/regulation/dcf/esd-rules/2400/page-5 ('nto civil unions. ii. This term does not include a pregnant person or caretaker relatives. 13. “PSE Household” means a f'), not enough for PRESENT; no body in the selected sc"
tanf,us-vt,tanf-s05,state regulation/manual,,,"single body mention only at us-vt/regulation/2026-09-10-tanf-state-policy-manual us-vt/regulation/dcf/esd-rules/2200/page-55 ('standard, because funding is insufficient to meet 100 percent of the need standard. 2240 Eligibility Computation (08/01/'), not enough for PRESENT; no body in the selected s"
tanf,us-vt,tanf-s07,state regulation/manual,,,"single body mention only at us-vt/regulation/2026-09-10-tanf-state-policy-manual us-vt/regulation/dcf/esd-rules/2400/page-1 ('............................................................ 6 2404.1 Financial Eligibility Determination ..............'), not enough for PRESENT; no body in the selected sc"
tanf,us-vt,tanf-s13,state regulation/manual,,,"single body mention only at us-vt/regulation/2026-09-10-tanf-state-policy-manual us-vt/regulation/dcf/esd-rules/2100/page-1 ('.............................................................. 4 2107 Benefit Calculation ..............................'), not enough for PRESENT; no body in the selected sc"
tanf,us-vt,tanf-s18,state regulation/manual,,,"no body in the selected scope(s) [regulation/2026-09-10-tanf-state-policy-manual] matched the evidence patterns with a heading match or 2+ body matches; the scope is the publisher's whole rulebook per the queue row, so either the element lives under other vocabulary or the state does not set it"
tanf,us-vt,tanf-s22,state regulation/manual,,,"no body in the selected scope(s) [regulation/2026-09-10-tanf-state-policy-manual] matched the evidence patterns with a heading match or 2+ body matches; the scope is the publisher's whole rulebook per the queue row, so either the element lives under other vocabulary or the state does not set it"
tanf,us-vt,tanf-s24,state regulation/manual,,,"single body mention only at us-vt/regulation/2026-09-10-tanf-state-policy-manual us-vt/regulation/dcf/esd-rules/2200/page-10 ('icant or participant, or a dependent child, may be or may have been a victim of domestic violence. d. Domestic violence '), not enough for PRESENT; no body in the selected s"
tanf,us-wa,tanf-s02,state regulation/manual,,,"single body mention only at us-wa/manual/2026-07-21-wa-eaz-manual us-wa/manual/dshs/eaz/esa-eligibility-z-manual-ea-z-transitional-cash-assistance/block-2 ('A or Tribal TANF) at the time of Basic Food closure, Include a child under the age of 18 and/or a child under the age of'), not enough for PRES"
tanf,us-wa,tanf-s16,state regulation/manual,,,"single body mention only at us-wa/manual/2026-07-21-wa-eaz-manual us-wa/manual/dshs/eaz/esa-eligibility-z-manual-ea-z-student-status/block-5 ('id officer), or source (Job Services). TANF may be verified via ACES. On-the-job Training: Documentation from the employ'), not enough for PRESENT; no body i"
tanf,us-wa,tanf-s18,state regulation/manual,,,"no body in the selected scope(s) [manual/2026-07-21-wa-eaz-manual, regulation/2026-06-25-388-450-r2026-07-15-self-contained, regulation/2026-06-25-388-478-r2026-07-15-self-contained-r2026-07-17-dedup, regulation/2026-07-01-388-474-r2026-07-15-self-contained-r2026-07-17-dedup] matched the evidence pa"
tanf,us-wi,tanf-s02,state regulation/manual,,,"single body mention only at us-wi/manual/2026-09-10-tanf-state-policy-manual us-wi/manual/dcf/w2/01-01-2-3-financial-and-employment-planner/block-1 ('ing eligibility reviews. Explain and assess the Learnfare status for Dependent Child A person who resides with a parent '), not enough for PRESENT; no"
tanf,us-wi,tanf-s03,state regulation/manual,,,"no body in the selected scope(s) [manual/2026-09-10-tanf-state-policy-manual] matched the evidence patterns with a heading match or 2+ body matches; the scope is the publisher's whole rulebook per the queue row, so either the element lives under other vocabulary or the state does not set it"
tanf,us-wi,tanf-s05,state regulation/manual,,,"no body in the selected scope(s) [manual/2026-09-10-tanf-state-policy-manual] matched the evidence patterns with a heading match or 2+ body matches; the scope is the publisher's whole rulebook per the queue row, so either the element lives under other vocabulary or the state does not set it"
tanf,us-wi,tanf-s08,state regulation/manual,,,"no body in the selected scope(s) [manual/2026-09-10-tanf-state-policy-manual] matched the evidence patterns with a heading match or 2+ body matches; the scope is the publisher's whole rulebook per the queue row, so either the element lives under other vocabulary or the state does not set it"
tanf,us-wi,tanf-s10,state regulation/manual,,,"single body mention only at us-wi/manual/2026-09-10-tanf-state-policy-manual us-wi/manual/dcf/w2/09-09-3-2-payment-eligibility-and-uses/block-1 ('be used for needs, including, but not limited to : Housing; Food; Work-related expenses; Insurance; Toiletries/household'), not enough for PRESENT; no bod"
tanf,us-wi,tanf-s21,state regulation/manual,,,"no body in the selected scope(s) [manual/2026-09-10-tanf-state-policy-manual] matched the evidence patterns with a heading match or 2+ body matches; the scope is the publisher's whole rulebook per the queue row, so either the element lives under other vocabulary or the state does not set it"
tanf,us-wi,tanf-s24,state regulation/manual,,,"single body mention only at us-wi/manual/2026-09-10-tanf-state-policy-manual us-wi/manual/dcf/w2/01-01-2-2-resource-specialist/block-1 ('ntify whether the applicant is in a crisis situation (e.g., homeless, victim of domestic violence, no food in the house,'), not enough for PRESENT; no body in the "
tanf,us-wi,tanf-s29,state regulation/manual,,,"no body in the selected scope(s) [manual/2026-09-10-tanf-state-policy-manual] matched the evidence patterns with a heading match or 2+ body matches; the scope is the publisher's whole rulebook per the queue row, so either the element lives under other vocabulary or the state does not set it"
tanf,us-wv,tanf-s05,state regulation/manual,,,"single body mention only at us-wv/manual/2026-07-21-wv-income-maintenance-manual us-wv/manual/bfa/income-maintenance-manual/page-144 ('ng the gross, non-excluded, countable income of the AG to 100% of the Standard of Need (SON), based on the number of peo'), not enough for PRESENT; no body in the se"
tanf,us-wv,tanf-s10,state regulation/manual,,,"single body mention only at us-wv/manual/2026-07-21-wv-income-maintenance-manual us-wv/manual/bfa/income-maintenance-manual/page-458 ('....................................................... 118 4.5.2.A.2 Dependent Care Deduction .........................'), not enough for PRESENT; no body in the se"
tanf,us-wv,tanf-s18,state regulation/manual,,,"single body mention only at us-wv/manual/2026-07-21-wv-income-maintenance-manual us-wv/manual/bfa/income-maintenance-manual/page-1210 ('t and Domestic Violence, Sexual Assault, and Stalking ....35 14.9.1.C Child Under Six / Unavailable Child Care (TD) ....'), not enough for PRESENT; no body in the s"
tanf,us-wv,tanf-s21,state regulation/manual,,,"single body mention only at us-wv/manual/2026-07-21-wv-income-maintenance-manual us-wv/manual/bfa/income-maintenance-manual/page-1101 ('the Repayment Investigator (RI) in the eligibility system. EXCEPTION: Diversionary Cash Assistance and Emergency Assista'), not enough for PRESENT; no body in the s"
tanf,us-wv,tanf-s24,state regulation/manual,,,"single body mention only at us-wv/manual/2026-07-21-wv-income-maintenance-manual us-wv/manual/bfa/income-maintenance-manual/page-148 ('tic violence, sexual assault, and stalking situations by choosing the Family Violence Option included in welfare reform '), not enough for PRESENT; no body in the se"
tanf,us-wy,tanf-s05,state regulation/manual,,,"no body in the selected scope(s) [manual/2026-09-11-wy-snap-manual-supersede] matched the evidence patterns with a heading match or 2+ body matches; the scope is the publisher's whole rulebook per the queue row, so either the element lives under other vocabulary or the state does not set it; Wyoming"
tanf,us-wy,tanf-s16,state regulation/manual,,,"single body mention only at us-wy/manual/2026-09-11-wy-snap-manual-supersede us-wy/manual/dfs/snap-power-policy-manual/block-1 ('ion; Receiving a POWER or Tribal TANF payment; or Participating in an on-the-job training program under WIOA or TAA whil'), not enough for PRESENT; no body in the selected"
tanf,us-wy,tanf-s18,state regulation/manual,,,"no body in the selected scope(s) [manual/2026-09-11-wy-snap-manual-supersede] matched the evidence patterns with a heading match or 2+ body matches; the scope is the publisher's whole rulebook per the queue row, so either the element lives under other vocabulary or the state does not set it; Wyoming"
tanf,us-wy,tanf-s19,state regulation/manual,,,"no body in the selected scope(s) [manual/2026-09-11-wy-snap-manual-supersede] matched the evidence patterns with a heading match or 2+ body matches; the scope is the publisher's whole rulebook per the queue row, so either the element lives under other vocabulary or the state does not set it; Wyoming"
tanf,us-wy,tanf-s21,state regulation/manual,,,"no body in the selected scope(s) [manual/2026-09-11-wy-snap-manual-supersede] matched the evidence patterns with a heading match or 2+ body matches; the scope is the publisher's whole rulebook per the queue row, so either the element lives under other vocabulary or the state does not set it; Wyoming"
tanf,us-wy,tanf-s22,state regulation/manual,,,"single body mention only at us-wy/manual/2026-09-11-wy-snap-manual-supersede us-wy/manual/dfs/snap-power-policy-manual/block-1 ('ff member who handles fiscal processes to be selected as a protective payee only when no other individual is available; '), not enough for PRESENT; no body in the selected"
tanf,us-wy,tanf-s24,state regulation/manual,,,"single body mention only at us-wy/manual/2026-09-11-wy-snap-manual-supersede us-wy/manual/dfs/snap-power-policy-manual/block-1 ('ate or other satisfactory evidence of birth in Canada Legal immigrant victim of domestic violence Any official documenta'), not enough for PRESENT; no body in the selected"
tanf,us-wy,tanf-s29,state regulation/manual,,,"single body mention only at us-wy/manual/2026-09-11-wy-snap-manual-supersede us-wy/manual/dfs/snap-power-policy-manual/block-1 ('efits. Example 2: Jane, household of 1, wins $4,000.00 gambling at a casino on February 14, 2020. Jane spends all her wi'), not enough for PRESENT; no body in the selected"
tanf,us-wy,tanf-s32,state TANF plan (state-published,,,"state-published TANF plan not in the corpus and not inventoried: the TANF queue's document family is tanf_policy_sources (manuals and adopted rules), and ACF OFA posts no consolidated plan index (acf.gov/ofa/programs/tanf/state-plans is 404, queue federal row); each state's posting must be checked"
ccdf,us-ak,ccdf-s01,CCDF state plan 1.1-1.2,,,publisher posts only the 2024-05-24 draft '2025-2027 CCDF State Plan 052424.pdf' on the Online Public Notice (no approved or certified plan posted); reviewer decision whether a draft counts
ccdf,us-ak,ccdf-s02,CCDF state plan 2.2.1,,,publisher posts only the 2024-05-24 draft '2025-2027 CCDF State Plan 052424.pdf' on the Online Public Notice (no approved or certified plan posted); reviewer decision whether a draft counts
ccdf,us-ak,ccdf-s03,CCDF state plan 2.2.2,,,publisher posts only the 2024-05-24 draft '2025-2027 CCDF State Plan 052424.pdf' on the Online Public Notice (no approved or certified plan posted); reviewer decision whether a draft counts
ccdf,us-ak,ccdf-s04,CCDF state plan 2.2.3-2.2.4,,,publisher posts only the 2024-05-24 draft '2025-2027 CCDF State Plan 052424.pdf' on the Online Public Notice (no approved or certified plan posted); reviewer decision whether a draft counts
ccdf,us-ak,ccdf-s05,CCDF state plan 2.5.5,,,publisher posts only the 2024-05-24 draft '2025-2027 CCDF State Plan 052424.pdf' on the Online Public Notice (no approved or certified plan posted); reviewer decision whether a draft counts
ccdf,us-ak,ccdf-s06,CCDF state plan 2.2.6,,,publisher posts only the 2024-05-24 draft '2025-2027 CCDF State Plan 052424.pdf' on the Online Public Notice (no approved or certified plan posted); reviewer decision whether a draft counts
ccdf,us-ak,ccdf-s07,CCDF state plan 2.2.5,,,publisher posts only the 2024-05-24 draft '2025-2027 CCDF State Plan 052424.pdf' on the Online Public Notice (no approved or certified plan posted); reviewer decision whether a draft counts
ccdf,us-ak,ccdf-s08,CCDF state plan 2.2.7,,,publisher posts only the 2024-05-24 draft '2025-2027 CCDF State Plan 052424.pdf' on the Online Public Notice (no approved or certified plan posted); reviewer decision whether a draft counts
ccdf,us-ak,ccdf-s09,CCDF state plan 2.2 / 2.3,,,publisher posts only the 2024-05-24 draft '2025-2027 CCDF State Plan 052424.pdf' on the Online Public Notice (no approved or certified plan posted); reviewer decision whether a draft counts
ccdf,us-ak,ccdf-s10,CCDF state plan 2.3.1-2.3.3,,,publisher posts only the 2024-05-24 draft '2025-2027 CCDF State Plan 052424.pdf' on the Online Public Notice (no approved or certified plan posted); reviewer decision whether a draft counts
ccdf,us-ak,ccdf-s11,CCDF state plan 2.5.2,,,publisher posts only the 2024-05-24 draft '2025-2027 CCDF State Plan 052424.pdf' on the Online Public Notice (no approved or certified plan posted); reviewer decision whether a draft counts
ccdf,us-ak,ccdf-s12,CCDF state plan 2.5.3,,,publisher posts only the 2024-05-24 draft '2025-2027 CCDF State Plan 052424.pdf' on the Online Public Notice (no approved or certified plan posted); reviewer decision whether a draft counts
ccdf,us-ak,ccdf-s13,CCDF state plan 2.5.4,,,publisher posts only the 2024-05-24 draft '2025-2027 CCDF State Plan 052424.pdf' on the Online Public Notice (no approved or certified plan posted); reviewer decision whether a draft counts
ccdf,us-ak,ccdf-s14,CCDF state plan 2.1 / 2.5,,,publisher posts only the 2024-05-24 draft '2025-2027 CCDF State Plan 052424.pdf' on the Online Public Notice (no approved or certified plan posted); reviewer decision whether a draft counts
ccdf,us-ak,ccdf-s15,CCDF state plan 3.1.1-3.1.2 (fee table),,,publisher posts only the 2024-05-24 draft '2025-2027 CCDF State Plan 052424.pdf' on the Online Public Notice (no approved or certified plan posted); reviewer decision whether a draft counts
ccdf,us-ak,ccdf-s16,CCDF state plan 3.2.1,,,publisher posts only the 2024-05-24 draft '2025-2027 CCDF State Plan 052424.pdf' on the Online Public Notice (no approved or certified plan posted); reviewer decision whether a draft counts
ccdf,us-ak,ccdf-s17,CCDF state plan 3.3.1,,,publisher posts only the 2024-05-24 draft '2025-2027 CCDF State Plan 052424.pdf' on the Online Public Notice (no approved or certified plan posted); reviewer decision whether a draft counts
ccdf,us-ak,ccdf-s18,CCDF state plan 4.1.1,,,publisher posts only the 2024-05-24 draft '2025-2027 CCDF State Plan 052424.pdf' on the Online Public Notice (no approved or certified plan posted); reviewer decision whether a draft counts
ccdf,us-ak,ccdf-s19,CCDF state plan 4.2,,,publisher posts only the 2024-05-24 draft '2025-2027 CCDF State Plan 052424.pdf' on the Online Public Notice (no approved or certified plan posted); reviewer decision whether a draft counts
ccdf,us-ak,ccdf-s20,CCDF state plan 4.3.1-4.3.2 (rate tables as of plan date),,,publisher posts only the 2024-05-24 draft '2025-2027 CCDF State Plan 052424.pdf' on the Online Public Notice (no approved or certified plan posted); reviewer decision whether a draft counts
ccdf,us-ak,ccdf-s21,CCDF state plan 4.3.3,,,publisher posts only the 2024-05-24 draft '2025-2027 CCDF State Plan 052424.pdf' on the Online Public Notice (no approved or certified plan posted); reviewer decision whether a draft counts
ccdf,us-ak,ccdf-s22,CCDF state plan 4.4.1-4.4.3,,,publisher posts only the 2024-05-24 draft '2025-2027 CCDF State Plan 052424.pdf' on the Online Public Notice (no approved or certified plan posted); reviewer decision whether a draft counts
ccdf,us-ak,ccdf-s23,CCDF state plan section 5,,,publisher posts only the 2024-05-24 draft '2025-2027 CCDF State Plan 052424.pdf' on the Online Public Notice (no approved or certified plan posted); reviewer decision whether a draft counts
ccdf,us-ak,ccdf-s24,CCDF state plan 2.2.9,,,publisher posts only the 2024-05-24 draft '2025-2027 CCDF State Plan 052424.pdf' on the Online Public Notice (no approved or certified plan posted); reviewer decision whether a draft counts
ccdf,us-ak,ccdf-s25,CCDF state plan 10.1-10.2,,,publisher posts only the 2024-05-24 draft '2025-2027 CCDF State Plan 052424.pdf' on the Online Public Notice (no approved or certified plan posted); reviewer decision whether a draft counts
ccdf,us-ak,ccdf-s26,CCDF state plan (Lead Agency publication reached via the ACF index),,,publisher posts only the 2024-05-24 draft '2025-2027 CCDF State Plan 052424.pdf' on the Online Public Notice (no approved or certified plan posted); reviewer decision whether a draft counts
ccdf,us-ak,ccdf-s28,"amended plans posted on Lead Agency pages (inventoried, not taken except where the only posted version)",,,queue row records no amendment on the Lead Agency page; whether an amendment has since been approved is unverified
ccdf,us-ak,ccdf-s29,state regulation/manual for the subsidy program (CCAP/CCS/ERDC/Wisconsin Shares etc.),,,no selected scope carries the state's child-care subsidy rulebook (heading scan of the selected TANF/combined scope 2026-09-12 found no subsidy chapter) and no queue row inventoried it
ccdf,us-ak,ccdf-s30,state rate schedules / MRS sheets / transmittals (state-published),,,current rate/copay schedule family not inventoried for this state; the plan carries the values as of its submission only
ccdf,us-al,ccdf-s28,"amended plans posted on Lead Agency pages (inventoried, not taken except where the only posted version)",,,queue row records no amendment on the Lead Agency page; whether an amendment has since been approved is unverified
ccdf,us-al,ccdf-s29,state regulation/manual for the subsidy program (CCAP/CCS/ERDC/Wisconsin Shares etc.),,,no selected scope carries the state's child-care subsidy rulebook (heading scan of the selected TANF/combined scope 2026-09-12 found no subsidy chapter) and no queue row inventoried it
ccdf,us-al,ccdf-s30,state rate schedules / MRS sheets / transmittals (state-published),,,current rate/copay schedule family not inventoried for this state; the plan carries the values as of its submission only
ccdf,us-ar,ccdf-s29,state regulation/manual for the subsidy program (CCAP/CCS/ERDC/Wisconsin Shares etc.),,,no selected scope carries the state's child-care subsidy rulebook (heading scan of the selected TANF/combined scope 2026-09-12 found no subsidy chapter) and no queue row inventoried it
ccdf,us-ar,ccdf-s30,state rate schedules / MRS sheets / transmittals (state-published),,,current rate/copay schedule family not inventoried for this state; the plan carries the values as of its submission only
ccdf,us-az,ccdf-s30,state rate schedules / MRS sheets / transmittals (state-published),,,"CCAP income/fee schedule FFY2026 is encoded in rulespec-us (us-az/policies/des/ccap/income-fee-schedule-ffy2026), source in the selected AZ CCAP scope; whether it is the current-year schedule is unverified"
ccdf,us-ca,ccdf-s29,state regulation/manual for the subsidy program (CCAP/CCS/ERDC/Wisconsin Shares etc.),,,no selected scope carries the state's child-care subsidy rulebook (heading scan of the selected TANF/combined scope 2026-09-12 found no subsidy chapter) and no queue row inventoried it
ccdf,us-ca,ccdf-s30,state rate schedules / MRS sheets / transmittals (state-published),,,current rate/copay schedule family not inventoried for this state; the plan carries the values as of its submission only
ccdf,us-co,ccdf-s28,"amended plans posted on Lead Agency pages (inventoried, not taken except where the only posted version)",,,queue row records no amendment on the Lead Agency page; whether an amendment has since been approved is unverified
ccdf,us-ct,ccdf-s28,"amended plans posted on Lead Agency pages (inventoried, not taken except where the only posted version)",,,queue row records no amendment on the Lead Agency page; whether an amendment has since been approved is unverified
ccdf,us-ct,ccdf-s29,state regulation/manual for the subsidy program (CCAP/CCS/ERDC/Wisconsin Shares etc.),,,no selected scope carries the state's child-care subsidy rulebook (heading scan of the selected TANF/combined scope 2026-09-12 found no subsidy chapter) and no queue row inventoried it
ccdf,us-dc,ccdf-s29,state regulation/manual for the subsidy program (CCAP/CCS/ERDC/Wisconsin Shares etc.),,,no selected scope carries the state's child-care subsidy rulebook (heading scan of the selected TANF/combined scope 2026-09-12 found no subsidy chapter) and no queue row inventoried it
ccdf,us-dc,ccdf-s30,state rate schedules / MRS sheets / transmittals (state-published),,,current rate/copay schedule family not inventoried for this state; the plan carries the values as of its submission only
ccdf,us-de,ccdf-s28,"amended plans posted on Lead Agency pages (inventoried, not taken except where the only posted version)",,,queue row records no amendment on the Lead Agency page; whether an amendment has since been approved is unverified
ccdf,us-de,ccdf-s29,state regulation/manual for the subsidy program (CCAP/CCS/ERDC/Wisconsin Shares etc.),,,no selected scope carries the state's child-care subsidy rulebook (heading scan of the selected TANF/combined scope 2026-09-12 found no subsidy chapter) and no queue row inventoried it
ccdf,us-de,ccdf-s30,state rate schedules / MRS sheets / transmittals (state-published),,,current rate/copay schedule family not inventoried for this state; the plan carries the values as of its submission only
ccdf,us-fl,ccdf-s28,"amended plans posted on Lead Agency pages (inventoried, not taken except where the only posted version)",,,queue row records no amendment on the Lead Agency page; whether an amendment has since been approved is unverified
ccdf,us-fl,ccdf-s29,state regulation/manual for the subsidy program (CCAP/CCS/ERDC/Wisconsin Shares etc.),,,no selected scope carries the state's child-care subsidy rulebook (heading scan of the selected TANF/combined scope 2026-09-12 found no subsidy chapter) and no queue row inventoried it
ccdf,us-fl,ccdf-s30,state rate schedules / MRS sheets / transmittals (state-published),,,current rate/copay schedule family not inventoried for this state; the plan carries the values as of its submission only
ccdf,us-ga,ccdf-s02,CCDF state plan 2.2.1,,,GA plan pages (CAPS scope) did not match the section label + pattern; read the pages
ccdf,us-ga,ccdf-s03,CCDF state plan 2.2.2,,,GA plan pages (CAPS scope) did not match the section label + pattern; read the pages
ccdf,us-ga,ccdf-s04,CCDF state plan 2.2.3-2.2.4,,,GA plan pages (CAPS scope) did not match the section label + pattern; read the pages
ccdf,us-ga,ccdf-s05,CCDF state plan 2.5.5,,,GA plan pages (CAPS scope) did not match the section label + pattern; read the pages
ccdf,us-ga,ccdf-s06,CCDF state plan 2.2.6,,,GA plan pages (CAPS scope) did not match the section label + pattern; read the pages
ccdf,us-ga,ccdf-s07,CCDF state plan 2.2.5,,,GA plan pages (CAPS scope) did not match the section label + pattern; read the pages
ccdf,us-ga,ccdf-s08,CCDF state plan 2.2.7,,,GA plan pages (CAPS scope) did not match the section label + pattern; read the pages
ccdf,us-ga,ccdf-s11,CCDF state plan 2.5.2,,,GA plan pages (CAPS scope) did not match the section label + pattern; read the pages
ccdf,us-ga,ccdf-s12,CCDF state plan 2.5.3,,,GA plan pages (CAPS scope) did not match the section label + pattern; read the pages
ccdf,us-ga,ccdf-s13,CCDF state plan 2.5.4,,,GA plan pages (CAPS scope) did not match the section label + pattern; read the pages
ccdf,us-ga,ccdf-s14,CCDF state plan 2.1 / 2.5,,,GA plan pages (CAPS scope) did not match the section label + pattern; read the pages
ccdf,us-ga,ccdf-s15,CCDF state plan 3.1.1-3.1.2 (fee table),,,GA plan pages (CAPS scope) did not match the section label + pattern; read the pages
ccdf,us-ga,ccdf-s16,CCDF state plan 3.2.1,,,GA plan pages (CAPS scope) did not match the section label + pattern; read the pages
ccdf,us-ga,ccdf-s17,CCDF state plan 3.3.1,,,GA plan pages (CAPS scope) did not match the section label + pattern; read the pages
ccdf,us-ga,ccdf-s18,CCDF state plan 4.1.1,,,GA plan pages (CAPS scope) did not match the section label + pattern; read the pages
ccdf,us-ga,ccdf-s19,CCDF state plan 4.2,,,GA plan pages (CAPS scope) did not match the section label + pattern; read the pages
ccdf,us-ga,ccdf-s20,CCDF state plan 4.3.1-4.3.2 (rate tables as of plan date),,,GA plan pages (CAPS scope) did not match the section label + pattern; read the pages
ccdf,us-ga,ccdf-s21,CCDF state plan 4.3.3,,,GA plan pages (CAPS scope) did not match the section label + pattern; read the pages
ccdf,us-ga,ccdf-s22,CCDF state plan 4.4.1-4.4.3,,,GA plan pages (CAPS scope) did not match the section label + pattern; read the pages
ccdf,us-ga,ccdf-s24,CCDF state plan 2.2.9,,,GA plan pages (CAPS scope) did not match the section label + pattern; read the pages
ccdf,us-ga,ccdf-s25,CCDF state plan 10.1-10.2,,,GA plan pages (CAPS scope) did not match the section label + pattern; read the pages
ccdf,us-ga,ccdf-s30,state rate schedules / MRS sheets / transmittals (state-published),,,CAPS Appendix C reimbursement rates and Appendix D family fee chart are in the selected CAPS scope (June 2026); whether it is the current-year schedule is unverified
ccdf,us-hi,ccdf-s28,"amended plans posted on Lead Agency pages (inventoried, not taken except where the only posted version)",,,queue row records no amendment on the Lead Agency page; whether an amendment has since been approved is unverified
ccdf,us-hi,ccdf-s29,state regulation/manual for the subsidy program (CCAP/CCS/ERDC/Wisconsin Shares etc.),,,no selected scope carries the state's child-care subsidy rulebook (heading scan of the selected TANF/combined scope 2026-09-12 found no subsidy chapter) and no queue row inventoried it
ccdf,us-hi,ccdf-s30,state rate schedules / MRS sheets / transmittals (state-published),,,current rate/copay schedule family not inventoried for this state; the plan carries the values as of its submission only
ccdf,us-ia,ccdf-s29,state regulation/manual for the subsidy program (CCAP/CCS/ERDC/Wisconsin Shares etc.),,,no selected scope carries the state's child-care subsidy rulebook (heading scan of the selected TANF/combined scope 2026-09-12 found no subsidy chapter) and no queue row inventoried it
ccdf,us-ia,ccdf-s30,state rate schedules / MRS sheets / transmittals (state-published),,,current rate/copay schedule family not inventoried for this state; the plan carries the values as of its submission only
ccdf,us-id,ccdf-s28,"amended plans posted on Lead Agency pages (inventoried, not taken except where the only posted version)",,,queue row records no amendment on the Lead Agency page; whether an amendment has since been approved is unverified
ccdf,us-il,ccdf-s28,"amended plans posted on Lead Agency pages (inventoried, not taken except where the only posted version)",,,queue row records no amendment on the Lead Agency page; whether an amendment has since been approved is unverified
ccdf,us-il,ccdf-s30,state rate schedules / MRS sheets / transmittals (state-published),,,current rate/copay schedule family not inventoried for this state; the plan carries the values as of its submission only
ccdf,us-in,ccdf-s28,"amended plans posted on Lead Agency pages (inventoried, not taken except where the only posted version)",,,queue row records no amendment on the Lead Agency page; whether an amendment has since been approved is unverified
ccdf,us-in,ccdf-s30,state rate schedules / MRS sheets / transmittals (state-published),,,current rate/copay schedule family not inventoried for this state; the plan carries the values as of its submission only
ccdf,us-ks,ccdf-s28,"amended plans posted on Lead Agency pages (inventoried, not taken except where the only posted version)",,,queue row records no amendment on the Lead Agency page; whether an amendment has since been approved is unverified
ccdf,us-ks,ccdf-s30,state rate schedules / MRS sheets / transmittals (state-published),,,current rate/copay schedule family not inventoried for this state; the plan carries the values as of its submission only
ccdf,us-ky,ccdf-s28,"amended plans posted on Lead Agency pages (inventoried, not taken except where the only posted version)",,,queue row records no amendment on the Lead Agency page; whether an amendment has since been approved is unverified
ccdf,us-la,ccdf-s29,state regulation/manual for the subsidy program (CCAP/CCS/ERDC/Wisconsin Shares etc.),,,no selected scope carries the state's child-care subsidy rulebook (heading scan of the selected TANF/combined scope 2026-09-12 found no subsidy chapter) and no queue row inventoried it
ccdf,us-ma,ccdf-s29,state regulation/manual for the subsidy program (CCAP/CCS/ERDC/Wisconsin Shares etc.),,,no selected scope carries the state's child-care subsidy rulebook (heading scan of the selected TANF/combined scope 2026-09-12 found no subsidy chapter) and no queue row inventoried it
ccdf,us-ma,ccdf-s30,state rate schedules / MRS sheets / transmittals (state-published),,,current rate/copay schedule family not inventoried for this state; the plan carries the values as of its submission only
ccdf,us-mi,ccdf-s30,state rate schedules / MRS sheets / transmittals (state-published),,,current rate/copay schedule family not inventoried for this state; the plan carries the values as of its submission only
ccdf,us-mn,ccdf-s29,state regulation/manual for the subsidy program (CCAP/CCS/ERDC/Wisconsin Shares etc.),,,no selected scope carries the state's child-care subsidy rulebook (heading scan of the selected TANF/combined scope 2026-09-12 found no subsidy chapter) and no queue row inventoried it
ccdf,us-ms,ccdf-s28,"amended plans posted on Lead Agency pages (inventoried, not taken except where the only posted version)",,,queue row records no amendment on the Lead Agency page; whether an amendment has since been approved is unverified
ccdf,us-ms,ccdf-s29,state regulation/manual for the subsidy program (CCAP/CCS/ERDC/Wisconsin Shares etc.),,,no selected scope carries the state's child-care subsidy rulebook (heading scan of the selected TANF/combined scope 2026-09-12 found no subsidy chapter) and no queue row inventoried it
ccdf,us-mt,ccdf-s28,"amended plans posted on Lead Agency pages (inventoried, not taken except where the only posted version)",,,queue row records no amendment on the Lead Agency page; whether an amendment has since been approved is unverified
ccdf,us-mt,ccdf-s29,state regulation/manual for the subsidy program (CCAP/CCS/ERDC/Wisconsin Shares etc.),,,no selected scope carries the state's child-care subsidy rulebook (heading scan of the selected TANF/combined scope 2026-09-12 found no subsidy chapter) and no queue row inventoried it
ccdf,us-mt,ccdf-s30,state rate schedules / MRS sheets / transmittals (state-published),,,current rate/copay schedule family not inventoried for this state; the plan carries the values as of its submission only
ccdf,us-nc,ccdf-s29,state regulation/manual for the subsidy program (CCAP/CCS/ERDC/Wisconsin Shares etc.),,,no selected scope carries the state's child-care subsidy rulebook (heading scan of the selected TANF/combined scope 2026-09-12 found no subsidy chapter) and no queue row inventoried it
ccdf,us-nd,ccdf-s29,state regulation/manual for the subsidy program (CCAP/CCS/ERDC/Wisconsin Shares etc.),,,no selected scope carries the state's child-care subsidy rulebook (heading scan of the selected TANF/combined scope 2026-09-12 found no subsidy chapter) and no queue row inventoried it
ccdf,us-nd,ccdf-s30,state rate schedules / MRS sheets / transmittals (state-published),,,current rate/copay schedule family not inventoried for this state; the plan carries the values as of its submission only
ccdf,us-ne,ccdf-s28,"amended plans posted on Lead Agency pages (inventoried, not taken except where the only posted version)",,,queue row records no amendment on the Lead Agency page; whether an amendment has since been approved is unverified
ccdf,us-ne,ccdf-s30,state rate schedules / MRS sheets / transmittals (state-published),,,current rate/copay schedule family not inventoried for this state; the plan carries the values as of its submission only
ccdf,us-nh,ccdf-s28,"amended plans posted on Lead Agency pages (inventoried, not taken except where the only posted version)",,,queue row records no amendment on the Lead Agency page; whether an amendment has since been approved is unverified
ccdf,us-nh,ccdf-s30,state rate schedules / MRS sheets / transmittals (state-published),,,current rate/copay schedule family not inventoried for this state; the plan carries the values as of its submission only
ccdf,us-nj,ccdf-s28,"amended plans posted on Lead Agency pages (inventoried, not taken except where the only posted version)",,,queue row records no amendment on the Lead Agency page; whether an amendment has since been approved is unverified
ccdf,us-nj,ccdf-s29,state regulation/manual for the subsidy program (CCAP/CCS/ERDC/Wisconsin Shares etc.),,,no selected scope carries the state's child-care subsidy rulebook (heading scan of the selected TANF/combined scope 2026-09-12 found no subsidy chapter) and no queue row inventoried it
ccdf,us-nm,ccdf-s28,"amended plans posted on Lead Agency pages (inventoried, not taken except where the only posted version)",,,queue row records no amendment on the Lead Agency page; whether an amendment has since been approved is unverified
ccdf,us-nm,ccdf-s30,state rate schedules / MRS sheets / transmittals (state-published),,,current rate/copay schedule family not inventoried for this state; the plan carries the values as of its submission only
ccdf,us-nv,ccdf-s28,"amended plans posted on Lead Agency pages (inventoried, not taken except where the only posted version)",,,queue row records no amendment on the Lead Agency page; whether an amendment has since been approved is unverified
ccdf,us-nv,ccdf-s29,state regulation/manual for the subsidy program (CCAP/CCS/ERDC/Wisconsin Shares etc.),,,no selected scope carries the state's child-care subsidy rulebook (heading scan of the selected TANF/combined scope 2026-09-12 found no subsidy chapter) and no queue row inventoried it
ccdf,us-nv,ccdf-s30,state rate schedules / MRS sheets / transmittals (state-published),,,current rate/copay schedule family not inventoried for this state; the plan carries the values as of its submission only
ccdf,us-oh,ccdf-s30,state rate schedules / MRS sheets / transmittals (state-published),,,current rate/copay schedule family not inventoried for this state; the plan carries the values as of its submission only
ccdf,us-ok,ccdf-s28,"amended plans posted on Lead Agency pages (inventoried, not taken except where the only posted version)",,,queue row records no amendment on the Lead Agency page; whether an amendment has since been approved is unverified
ccdf,us-ok,ccdf-s30,state rate schedules / MRS sheets / transmittals (state-published),,,current rate/copay schedule family not inventoried for this state; the plan carries the values as of its submission only
ccdf,us-pa,ccdf-s28,"amended plans posted on Lead Agency pages (inventoried, not taken except where the only posted version)",,,queue row records no amendment on the Lead Agency page; whether an amendment has since been approved is unverified
ccdf,us-pa,ccdf-s29,state regulation/manual for the subsidy program (CCAP/CCS/ERDC/Wisconsin Shares etc.),,,no selected scope carries the state's child-care subsidy rulebook (heading scan of the selected TANF/combined scope 2026-09-12 found no subsidy chapter) and no queue row inventoried it
ccdf,us-ri,ccdf-s28,"amended plans posted on Lead Agency pages (inventoried, not taken except where the only posted version)",,,queue row records no amendment on the Lead Agency page; whether an amendment has since been approved is unverified
ccdf,us-sc,ccdf-s28,"amended plans posted on Lead Agency pages (inventoried, not taken except where the only posted version)",,,queue row records no amendment on the Lead Agency page; whether an amendment has since been approved is unverified
ccdf,us-sd,ccdf-s30,state rate schedules / MRS sheets / transmittals (state-published),,,current rate/copay schedule family not inventoried for this state; the plan carries the values as of its submission only
ccdf,us-tn,ccdf-s28,"amended plans posted on Lead Agency pages (inventoried, not taken except where the only posted version)",,,queue row records no amendment on the Lead Agency page; whether an amendment has since been approved is unverified
ccdf,us-ut,ccdf-s28,"amended plans posted on Lead Agency pages (inventoried, not taken except where the only posted version)",,,queue row records no amendment on the Lead Agency page; whether an amendment has since been approved is unverified
ccdf,us-va,ccdf-s28,"amended plans posted on Lead Agency pages (inventoried, not taken except where the only posted version)",,,queue row records no amendment on the Lead Agency page; whether an amendment has since been approved is unverified
ccdf,us-va,ccdf-s29,state regulation/manual for the subsidy program (CCAP/CCS/ERDC/Wisconsin Shares etc.),,,no selected scope carries the state's child-care subsidy rulebook (heading scan of the selected TANF/combined scope 2026-09-12 found no subsidy chapter) and no queue row inventoried it
ccdf,us-wa,ccdf-s29,state regulation/manual for the subsidy program (CCAP/CCS/ERDC/Wisconsin Shares etc.),,,no selected scope carries the state's child-care subsidy rulebook (heading scan of the selected TANF/combined scope 2026-09-12 found no subsidy chapter) and no queue row inventoried it
ccdf,us-wa,ccdf-s30,state rate schedules / MRS sheets / transmittals (state-published),,,current rate/copay schedule family not inventoried for this state; the plan carries the values as of its submission only
ccdf,us-wi,ccdf-s28,"amended plans posted on Lead Agency pages (inventoried, not taken except where the only posted version)",,,queue row records no amendment on the Lead Agency page; whether an amendment has since been approved is unverified
ccdf,us-wi,ccdf-s30,state rate schedules / MRS sheets / transmittals (state-published),,,current rate/copay schedule family not inventoried for this state; the plan carries the values as of its submission only
ccdf,us-wv,ccdf-s28,"amended plans posted on Lead Agency pages (inventoried, not taken except where the only posted version)",,,queue row records no amendment on the Lead Agency page; whether an amendment has since been approved is unverified
ccdf,us-wv,ccdf-s29,state regulation/manual for the subsidy program (CCAP/CCS/ERDC/Wisconsin Shares etc.),,,no selected scope carries the state's child-care subsidy rulebook (heading scan of the selected TANF/combined scope 2026-09-12 found no subsidy chapter) and no queue row inventoried it
ccdf,us-wv,ccdf-s30,state rate schedules / MRS sheets / transmittals (state-published),,,current rate/copay schedule family not inventoried for this state; the plan carries the values as of its submission only
ccdf,us-wy,ccdf-s28,"amended plans posted on Lead Agency pages (inventoried, not taken except where the only posted version)",,,queue row records no amendment on the Lead Agency page; whether an amendment has since been approved is unverified
ccdf,us-wy,ccdf-s29,state regulation/manual for the subsidy program (CCAP/CCS/ERDC/Wisconsin Shares etc.),,,no selected scope carries the state's child-care subsidy rulebook (heading scan of the selected TANF/combined scope 2026-09-12 found no subsidy chapter) and no queue row inventoried it
ccdf,us-wy,ccdf-s30,state rate schedules / MRS sheets / transmittals (state-published),,,current rate/copay schedule family not inventoried for this state; the plan carries the values as of its submission only
