id,jurisdiction,programs,tiers,pe_cited_units,name,bundle_url,bundle_path,publisher_kind,check_status,check_final_url,manifest_on_main,action
https://gc.nh.gov/rules/state_agencies/he-c6900.html,us-nh,ccdf,full screener,1,gc.nh.gov/rules/state_agencies/he-c6900.html,https://gc.nh.gov/rules/state_agencies/he-c6900.html,,official,200,https://gc.nh.gov/rules/state_agencies/he-c6900.html,,FETCH
https://www.law.cornell.edu/regulations/new-hampshire/N-H-Admin-Code-SS-He-C-6910.06,us-nh,ccdf,full screener,1,law.cornell.edu/regulations/new-hampshire/N-H-Admin-Code-SS-He-C-6910.06,https://www.law.cornell.edu/regulations/new-hampshire/N-H-Admin-Code-SS-He-C-6910.06,,mirror,200,https://www.law.cornell.edu/regulations/new-hampshire/N-H-Admin-Code-SS-He-C-6910.06,,OFFICIAL-SOURCE
https://www.law.cornell.edu/regulations/new-hampshire/N-H-Admin-Code-SS-He-C-6910.07,us-nh,ccdf,full screener,1,law.cornell.edu/regulations/new-hampshire/N-H-Admin-Code-SS-He-C-6910.07,https://www.law.cornell.edu/regulations/new-hampshire/N-H-Admin-Code-SS-He-C-6910.07,,mirror,200,https://www.law.cornell.edu/regulations/new-hampshire/N-H-Admin-Code-SS-He-C-6910.07,,OFFICIAL-SOURCE
https://www.law.cornell.edu/regulations/new-hampshire/N-H-Admin-Code-SS-He-C-6910.09,us-nh,ccdf,full screener,1,law.cornell.edu/regulations/new-hampshire/N-H-Admin-Code-SS-He-C-6910.09,https://www.law.cornell.edu/regulations/new-hampshire/N-H-Admin-Code-SS-He-C-6910.09,,mirror,200,https://www.law.cornell.edu/regulations/new-hampshire/N-H-Admin-Code-SS-He-C-6910.09,,OFFICIAL-SOURCE
https://www.law.cornell.edu/regulations/new-hampshire/N-H-Admin-Code-SS-He-C-6910.17,us-nh,ccdf,full screener,1,law.cornell.edu/regulations/new-hampshire/N-H-Admin-Code-SS-He-C-6910.17,https://www.law.cornell.edu/regulations/new-hampshire/N-H-Admin-Code-SS-He-C-6910.17,,mirror,200,https://www.law.cornell.edu/regulations/new-hampshire/N-H-Admin-Code-SS-He-C-6910.17,,OFFICIAL-SOURCE
https://www.law.cornell.edu/regulations/new-hampshire/N-H-Admin-Code-SS-He-C-6910.18,us-nh,ccdf,full screener,1,law.cornell.edu/regulations/new-hampshire/N-H-Admin-Code-SS-He-C-6910.18,https://www.law.cornell.edu/regulations/new-hampshire/N-H-Admin-Code-SS-He-C-6910.18,,mirror,200,https://www.law.cornell.edu/regulations/new-hampshire/N-H-Admin-Code-SS-He-C-6910.18,,OFFICIAL-SOURCE
https://www.law.cornell.edu/regulations/new-hampshire/N-H-Code-Admin-R-He-C-6910-17,us-nh,ccdf,full screener,1,law.cornell.edu/regulations/new-hampshire/N-H-Code-Admin-R-He-C-6910-17,https://www.law.cornell.edu/regulations/new-hampshire/N-H-Code-Admin-R-He-C-6910-17,,mirror,200,https://www.law.cornell.edu/regulations/new-hampshire/N-H-Code-Admin-R-He-C-6910-17,,OFFICIAL-SOURCE
https://www.dhhs.nh.gov/sites/g/files/ehbemt476/files/documents2/bcdhsc-form-2533.pdf,us-nh,ccdf,full screener,1,dhhs.nh.gov/sites/g/files/ehbemt476/files/documents2/bcdhsc-form-2533.pdf,https://www.dhhs.nh.gov/sites/g/files/ehbemt476/files/documents2/bcdhsc-form-2533.pdf,,official,403,,,BLOCKED-CHECK
https://www.dhhs.nh.gov/sr_htm/html/sr_24-08_dated_01_24.htm,us-nh,ccdf,full screener,1,dhhs.nh.gov/sr_htm/html/sr_24-08_dated_01_24.htm,https://www.dhhs.nh.gov/sr_htm/html/sr_24-08_dated_01_24.htm,,official,403,,,BLOCKED-CHECK
us-nj/regulation/njac-10-90,us-nj,tanf,full,0,N.J.A.C. 10:90 Work First New Jersey Program,https://www.nj.gov/humanservices/notices/documents/rules-and-regulations/WFNJ_Manual_12.17.24.pdf,us-nj/regulation/njac-10-90,official,200,https://www.nj.gov/humanservices/notices/documents/rules-and-regulations/WFNJ_Manual_12.17.24.pdf,manifests/us-nj-wfnj-rules.yaml,EXTRACT-MANIFEST
https://bergencountynj.gov/wp-content/uploads/2025/03/CC-230-March-2025-Rate-Chart.pdf,us-nj,ccdf,full screener,1,bergencountynj.gov/wp-content/uploads/2025/03/CC-230-March-2025-Rate-Chart.pdf,https://bergencountynj.gov/wp-content/uploads/2025/03/CC-230-March-2025-Rate-Chart.pdf,,official,200,https://bergencountynj.gov/wp-content/uploads/2025/03/CC-230-March-2025-Rate-Chart.pdf,,FETCH
https://www.childcarenj.gov/ChildCareNJ/media/media_library/Copayment_Schedule.pdf,us-nj,ccdf,full screener,1,childcarenj.gov/ChildCareNJ/media/media_library/Copayment_Schedule.pdf,https://www.childcarenj.gov/ChildCareNJ/media/media_library/Copayment_Schedule.pdf,,official,200,https://www.childcarenj.gov/ChildCareNJ/media/media_library/Copayment_Schedule.pdf,,FETCH
https://www.childcarenj.gov/ChildCareNJ/media/media_library/Income_Eligibility_Schedule.pdf,us-nj,ccdf,full screener,1,childcarenj.gov/ChildCareNJ/media/media_library/Income_Eligibility_Schedule.pdf,https://www.childcarenj.gov/ChildCareNJ/media/media_library/Income_Eligibility_Schedule.pdf,,official,200,https://www.childcarenj.gov/ChildCareNJ/media/media_library/Income_Eligibility_Schedule.pdf,,FETCH
https://www.childcarenj.gov/ChildCareNJ/media/media_library/Max_CC_Payment_Rates.pdf,us-nj,ccdf,full screener,1,childcarenj.gov/ChildCareNJ/media/media_library/Max_CC_Payment_Rates.pdf,https://www.childcarenj.gov/ChildCareNJ/media/media_library/Max_CC_Payment_Rates.pdf,,official,200,https://www.childcarenj.gov/ChildCareNJ/media/media_library/Max_CC_Payment_Rates.pdf,,FETCH
https://www.nj.gov/humanservices/notices/documents/rules-and-regulations/NJAC%2010_15%20CHILD%20CARE%20SERVICES.PDF,us-nj,ccdf,full screener,1,nj.gov/humanservices/notices/documents/rules-and-regulations/NJAC%2010_15%20CHILD%20CARE%2,https://www.nj.gov/humanservices/notices/documents/rules-and-regulations/NJAC%2010_15%20CHILD%20CARE%20SERVICES.PDF,,official,200,https://www.nj.gov/humanservices/notices/documents/rules-and-regulations/NJAC%2010_15%20CHILD%20CARE%20SERVICES.PDF,,FETCH
http://www.bccap.org/wp-content/uploads/2024/03/Maximum-Child-Care-Payment-Rates-March-2024.pdf,us-nj,ccdf,full screener,1,bccap.org/wp-content/uploads/2024/03/Maximum-Child-Care-Payment-Rates-March-2024.pdf,http://www.bccap.org/wp-content/uploads/2024/03/Maximum-Child-Care-Payment-Rates-March-2024.pdf,,other,200,http://www.bccap.org/wp-content/uploads/2024/03/Maximum-Child-Care-Payment-Rates-March-2024.pdf,,CHECK-PUBLISHER
https://chsofnj.org/wp-content/uploads/2024/04/New-Jersey-Cares-for-Kids-Application-1.pdf,us-nj,ccdf,full screener,1,chsofnj.org/wp-content/uploads/2024/04/New-Jersey-Cares-for-Kids-Application-1.pdf,https://chsofnj.org/wp-content/uploads/2024/04/New-Jersey-Cares-for-Kids-Application-1.pdf,,other,200,https://chsofnj.org/wp-content/uploads/2024/04/New-Jersey-Cares-for-Kids-Application-1.pdf,,CHECK-PUBLISHER
https://www.law.cornell.edu/regulations/new-jersey/N-J-A-C-10-15-5-2,us-nj,ccdf,full screener,1,law.cornell.edu/regulations/new-jersey/N-J-A-C-10-15-5-2,https://www.law.cornell.edu/regulations/new-jersey/N-J-A-C-10-15-5-2,,mirror,200,https://www.law.cornell.edu/regulations/new-jersey/N-J-A-C-10-15-5-2,,OFFICIAL-SOURCE
https://www.law.cornell.edu/regulations/new-jersey/N-J-A-C-10-90-3-1,us-nj,tanf,full screener,1,law.cornell.edu/regulations/new-jersey/N-J-A-C-10-90-3-1,https://www.law.cornell.edu/regulations/new-jersey/N-J-A-C-10-90-3-1,,mirror,200,https://www.law.cornell.edu/regulations/new-jersey/N-J-A-C-10-90-3-1,,OFFICIAL-SOURCE
https://www.law.cornell.edu/regulations/new-jersey/N-J-A-C-10-90-3-2,us-nj,tanf,full screener,1,law.cornell.edu/regulations/new-jersey/N-J-A-C-10-90-3-2,https://www.law.cornell.edu/regulations/new-jersey/N-J-A-C-10-90-3-2,,mirror,200,https://www.law.cornell.edu/regulations/new-jersey/N-J-A-C-10-90-3-2,,OFFICIAL-SOURCE
https://www.law.cornell.edu/regulations/new-jersey/N-J-A-C-10-90-3-20,us-nj,tanf,full screener,1,law.cornell.edu/regulations/new-jersey/N-J-A-C-10-90-3-20,https://www.law.cornell.edu/regulations/new-jersey/N-J-A-C-10-90-3-20,,mirror,200,https://www.law.cornell.edu/regulations/new-jersey/N-J-A-C-10-90-3-20,,OFFICIAL-SOURCE
https://www.law.cornell.edu/regulations/new-jersey/N-J-A-C-10-90-3-3,us-nj,tanf,full screener,1,law.cornell.edu/regulations/new-jersey/N-J-A-C-10-90-3-3,https://www.law.cornell.edu/regulations/new-jersey/N-J-A-C-10-90-3-3,,mirror,200,https://www.law.cornell.edu/regulations/new-jersey/N-J-A-C-10-90-3-3,,OFFICIAL-SOURCE
https://www.law.cornell.edu/regulations/new-jersey/N-J-A-C-10-90-3-8,us-nj,tanf,full screener,1,law.cornell.edu/regulations/new-jersey/N-J-A-C-10-90-3-8,https://www.law.cornell.edu/regulations/new-jersey/N-J-A-C-10-90-3-8,,mirror,200,https://www.law.cornell.edu/regulations/new-jersey/N-J-A-C-10-90-3-8,,OFFICIAL-SOURCE
https://www.childcarenj.gov/Parents/CCAP/ImportantInfo,us-nj,ccdf,full screener,1,childcarenj.gov/Parents/CCAP/ImportantInfo,https://www.childcarenj.gov/Parents/CCAP/ImportantInfo,,official,403,,,BLOCKED-CHECK
https://www.hca.nm.gov/2023/01/10/human-services-department-to-pass-through-more-money-to-low-income-families/,us-nm,tanf,full screener,1,hca.nm.gov/2023/01/10/human-services-department-to-pass-through-more-money-to-low-income-f,https://www.hca.nm.gov/2023/01/10/human-services-department-to-pass-through-more-money-to-low-income-families/,,official,200,https://www.hca.nm.gov/2023/01/10/human-services-department-to-pass-through-more-money-to-low-income-families/,,FETCH
https://www.hca.nm.gov/2023/09/01/state-announces-a-23-percent-increase-in-cash-assistance-for-low-income-new-mexico-families/,us-nm,tanf,full screener,1,hca.nm.gov/2023/09/01/state-announces-a-23-percent-increase-in-cash-assistance-for-low-inc,https://www.hca.nm.gov/2023/09/01/state-announces-a-23-percent-increase-in-cash-assistance-for-low-income-new-mexico-families/,,official,200,https://www.hca.nm.gov/2023/09/01/state-announces-a-23-percent-increase-in-cash-assistance-for-low-income-new-mexico-families/,,FETCH
https://www.hca.nm.gov/lookingforassistance/temporary_assistance_for_needy_families/,us-nm,tanf,full screener,1,hca.nm.gov/lookingforassistance/temporary_assistance_for_needy_families/,https://www.hca.nm.gov/lookingforassistance/temporary_assistance_for_needy_families/,,official,200,https://www.hca.nm.gov/lookingforassistance/temporary_assistance_for_needy_families/,,FETCH
https://www.hca.nm.gov/wp-content/uploads/HSR-Vol-41-No-17-with-proposed-rule.pdf,us-nm,tanf,full screener,1,hca.nm.gov/wp-content/uploads/HSR-Vol-41-No-17-with-proposed-rule.pdf,https://www.hca.nm.gov/wp-content/uploads/HSR-Vol-41-No-17-with-proposed-rule.pdf,,official,200,https://www.hca.nm.gov/wp-content/uploads/HSR-Vol-41-No-17-with-proposed-rule.pdf,,FETCH
https://www.hsd.state.nm.us/wp-content/uploads/FileLinks/f13cd6ab72d244089c5bf80111f07524/Temporary_Assistance_to_Needy_Families__TANF__Fact_Sheet_2017.pdf,us-nm,tanf,full screener,1,hsd.state.nm.us/wp-content/uploads/FileLinks/f13cd6ab72d244089c5bf80111f07524/Temporary_As,https://www.hsd.state.nm.us/wp-content/uploads/FileLinks/f13cd6ab72d244089c5bf80111f07524/Temporary_Assistance_to_Needy_Families__TANF__Fact_Sheet_2017.pdf,,official,200,https://www.hsd.state.nm.us/wp-content/uploads/FileLinks/f13cd6ab72d244089c5bf80111f07524/Temporary_Assistance_to_Needy_Families__TANF__Fact_Sheet_2017.pdf,,FETCH
https://www.nmlegis.gov/Publications/Session_Dates.pdf,us-nm,ccdf,full screener,1,nmlegis.gov/Publications/Session_Dates.pdf,https://www.nmlegis.gov/Publications/Session_Dates.pdf,,official,200,https://www.nmlegis.gov/Publications/Session_Dates.pdf,,FETCH
https://www.nmlegis.gov/Sessions/26%20Regular/final/SB0241.pdf,us-nm,ccdf,full screener,1,nmlegis.gov/Sessions/26%20Regular/final/SB0241.pdf,https://www.nmlegis.gov/Sessions/26%20Regular/final/SB0241.pdf,,official,200,https://www.nmlegis.gov/Sessions/26%20Regular/final/SB0241.pdf,,FETCH
https://www.nmlegis.gov/handouts/ALFC%20120825%20Item%208%20Policy%20Brief%20Child%20Care%20Update.pdf,us-nm,ccdf,full screener,1,nmlegis.gov/handouts/ALFC%20120825%20Item%208%20Policy%20Brief%20Child%20Care%20Update.pdf,https://www.nmlegis.gov/handouts/ALFC%20120825%20Item%208%20Policy%20Brief%20Child%20Care%20Update.pdf,,official,200,https://www.nmlegis.gov/handouts/ALFC%20120825%20Item%208%20Policy%20Brief%20Child%20Care%20Update.pdf,,FETCH
https://www.srca.nm.gov/parts/title08/08.015.0002.html,us-nm,ccdf,full screener,1,srca.nm.gov/parts/title08/08.015.0002.html,https://www.srca.nm.gov/parts/title08/08.015.0002.html,,official,200,https://www.srca.nm.gov/parts/title08/08.015.0002.html,,FETCH
https://www.nmececd.org/universal/,us-nm,ccdf,full screener,1,nmececd.org/universal/,https://www.nmececd.org/universal/,,other,200,https://www.nmececd.org/universal/,,CHECK-PUBLISHER
https://www.nmececd.org/wp-content/uploads/2024/05/Cost-Model-Reimbursement-Rate-Flyer-English-and-Spanish-Revised-May-2024.pdf,us-nm,ccdf,full screener,1,nmececd.org/wp-content/uploads/2024/05/Cost-Model-Reimbursement-Rate-Flyer-English-and-Spa,https://www.nmececd.org/wp-content/uploads/2024/05/Cost-Model-Reimbursement-Rate-Flyer-English-and-Spanish-Revised-May-2024.pdf,,other,200,https://www.nmececd.org/wp-content/uploads/2024/05/Cost-Model-Reimbursement-Rate-Flyer-English-and-Spanish-Revised-May-2024.pdf,,CHECK-PUBLISHER
https://www.nmececd.org/wp-content/uploads/2024/09/CCA-Co-payments-waived_rev1l.pdf,us-nm,ccdf,full screener,1,nmececd.org/wp-content/uploads/2024/09/CCA-Co-payments-waived_rev1l.pdf,https://www.nmececd.org/wp-content/uploads/2024/09/CCA-Co-payments-waived_rev1l.pdf,,other,200,https://www.nmececd.org/wp-content/uploads/2024/09/CCA-Co-payments-waived_rev1l.pdf,,CHECK-PUBLISHER
https://www.nmececd.org/wp-content/uploads/2024/12/Parents-Guide-to-Child-Care_English.pdf,us-nm,ccdf,full screener,1,nmececd.org/wp-content/uploads/2024/12/Parents-Guide-to-Child-Care_English.pdf,https://www.nmececd.org/wp-content/uploads/2024/12/Parents-Guide-to-Child-Care_English.pdf,,other,200,https://www.nmececd.org/wp-content/uploads/2024/12/Parents-Guide-to-Child-Care_English.pdf,,CHECK-PUBLISHER
https://www.nmececd.org/wp-content/uploads/2025/11/8.9.3_integrated_FULL-TEXT.pdf,us-nm,ccdf,full screener,1,nmececd.org/wp-content/uploads/2025/11/8.9.3_integrated_FULL-TEXT.pdf,https://www.nmececd.org/wp-content/uploads/2025/11/8.9.3_integrated_FULL-TEXT.pdf,,other,200,https://www.nmececd.org/wp-content/uploads/2025/11/8.9.3_integrated_FULL-TEXT.pdf,,CHECK-PUBLISHER
https://dss.nv.gov/TANF/TANF_FAQ-Eligibility_Criteria-F/I/,us-nv,tanf,full screener,1,dss.nv.gov/TANF/TANF_FAQ-Eligibility_Criteria-F/I/,https://dss.nv.gov/TANF/TANF_FAQ-Eligibility_Criteria-F/I/,,official,200,https://www.dss.nv.gov/access-nv/eligibility-payments-manual/tanf-faq-eligibility-criteria/criteria-fi/,,FETCH
https://dss.nv.gov/TANF/TANF_FAQ-Eligibility_Criteria-Income-Consid-1/,us-nv,tanf,full screener,1,dss.nv.gov/TANF/TANF_FAQ-Eligibility_Criteria-Income-Consid-1/,https://dss.nv.gov/TANF/TANF_FAQ-Eligibility_Criteria-Income-Consid-1/,,official,200,https://www.dss.nv.gov/access-nv/eligibility-payments-manual/tanf-faq-eligibility-criteria/earned-income-disregards/,,FETCH
https://dss.nv.gov/TANF/TANF_FAQ-Eligibility_Criteria-Income-Consid-2/,us-nv,tanf,full screener,1,dss.nv.gov/TANF/TANF_FAQ-Eligibility_Criteria-Income-Consid-2/,https://dss.nv.gov/TANF/TANF_FAQ-Eligibility_Criteria-Income-Consid-2/,,official,200,https://www.dss.nv.gov/access-nv/eligibility-payments-manual/tanf-faq-eligibility-criteria/need--payments-standards/,,FETCH
https://dss.nv.gov/TANF/TANF_FAQ-Eligibility_Criteria-R/S/,us-nv,tanf,full screener,1,dss.nv.gov/TANF/TANF_FAQ-Eligibility_Criteria-R/S/,https://dss.nv.gov/TANF/TANF_FAQ-Eligibility_Criteria-R/S/,,official,200,https://www.dss.nv.gov/access-nv/eligibility-payments-manual/tanf-faq-eligibility-criteria/criteria-rs/,,FETCH
https://dss.nv.gov/TANF/TANF_FAQ/,us-nv,tanf,full screener,1,dss.nv.gov/TANF/TANF_FAQ/,https://dss.nv.gov/TANF/TANF_FAQ/,,official,200,https://www.dss.nv.gov/programs/tanf/facts-faqs/,,FETCH
https://dss.nv.gov/uploadedFiles/dwssnvgov/content/Home/Features/Chapter%20A_1000%2012-15-15.pdf,us-nv,tanf,full screener,1,dss.nv.gov/uploadedFiles/dwssnvgov/content/Home/Features/Chapter%20A_1000%2012-15-15.pdf,https://dss.nv.gov/uploadedFiles/dwssnvgov/content/Home/Features/Chapter%20A_1000%2012-15-15.pdf,,official,200,https://www.dss.nv.gov/siteassets/dwss.nv.gov/content/home/features/Chapter_A_1000_12-15-15.pdf,,FETCH
https://dss.nv.gov/uploadedFiles/dwssnvgov/content/TANF/TANF_State_Plan_FINAL%20_Effective_12.31.20.pdf,us-nv,tanf,full screener,1,dss.nv.gov/uploadedFiles/dwssnvgov/content/TANF/TANF_State_Plan_FINAL%20_Effective_12.31.2,https://dss.nv.gov/uploadedFiles/dwssnvgov/content/TANF/TANF_State_Plan_FINAL%20_Effective_12.31.20.pdf,,official,200,https://www.dss.nv.gov/siteassets/dwss.nv.gov/content/tanf/TANF_State_Plan_FINAL__Effective_12.31.20.pdf,,FETCH
https://www.dss.nv.gov/siteassets/dwss.nv.gov/content/care/CC_PT_06-25_ANNUAL_INCOME_CHANGES_10.02.2025.pdf,us-nv,ccdf,full screener,1,dss.nv.gov/siteassets/dwss.nv.gov/content/care/CC_PT_06-25_ANNUAL_INCOME_CHANGES_10.02.202,https://www.dss.nv.gov/siteassets/dwss.nv.gov/content/care/CC_PT_06-25_ANNUAL_INCOME_CHANGES_10.02.2025.pdf,,official,200,https://www.dss.nv.gov/siteassets/dwss.nv.gov/content/care/CC_PT_06-25_ANNUAL_INCOME_CHANGES_10.02.2025.pdf,,FETCH
https://www.dss.nv.gov/siteassets/dwss.nv.gov/content/care/Child_Care_Manual_July_2024.pdf,us-nv,ccdf,full screener,1,dss.nv.gov/siteassets/dwss.nv.gov/content/care/Child_Care_Manual_July_2024.pdf,https://www.dss.nv.gov/siteassets/dwss.nv.gov/content/care/Child_Care_Manual_July_2024.pdf,,official,200,https://www.dss.nv.gov/siteassets/dwss.nv.gov/content/care/Child_Care_Manual_July_2024.pdf,,FETCH
https://www.dss.nv.gov/siteassets/dwss.nv.gov/content/eligibility/chapter-c_140.pdf,us-nv,tanf,full screener,1,dss.nv.gov/siteassets/dwss.nv.gov/content/eligibility/chapter-c_140.pdf,https://www.dss.nv.gov/siteassets/dwss.nv.gov/content/eligibility/chapter-c_140.pdf,,official,200,https://www.dss.nv.gov/siteassets/dwss.nv.gov/content/eligibility/chapter-c_140.pdf,,FETCH
https://drive.google.com/file/d/1v1jiPfl1pzrKPcJGg0gRjNOLErIjbHA3/view?usp=sharing,us-nv,tanf,full screener,1,drive.google.com/file/d/1v1jiPfl1pzrKPcJGg0gRjNOLErIjbHA3/view,https://drive.google.com/file/d/1v1jiPfl1pzrKPcJGg0gRjNOLErIjbHA3/view?usp=sharing,,other,200,https://drive.google.com/file/d/1v1jiPfl1pzrKPcJGg0gRjNOLErIjbHA3/view?usp=sharing,,CHECK-PUBLISHER
https://drive.google.com/file/d/1xX0U05I3wfeiGY0wfjIB6rxcauE_kFLX/view?usp=sharing,us-nv,tanf,full screener,1,drive.google.com/file/d/1xX0U05I3wfeiGY0wfjIB6rxcauE_kFLX/view,https://drive.google.com/file/d/1xX0U05I3wfeiGY0wfjIB6rxcauE_kFLX/view?usp=sharing,,other,200,https://drive.google.com/file/d/1xX0U05I3wfeiGY0wfjIB6rxcauE_kFLX/view?usp=sharing,,CHECK-PUBLISHER
https://dos.ny.gov/system/files/documents/2024/05/050124.pdf,us-ny,ccdf,full screener,1,dos.ny.gov/system/files/documents/2024/05/050124.pdf,https://dos.ny.gov/system/files/documents/2024/05/050124.pdf,,official,200,https://dos.ny.gov/system/files/documents/2024/05/050124.pdf,,FETCH
https://www.law.cornell.edu/regulations/new-york/18-NYCRR-352,us-ny,tanf,full screener,1,law.cornell.edu/regulations/new-york/18-NYCRR-352,https://www.law.cornell.edu/regulations/new-york/18-NYCRR-352,,mirror,200,https://www.law.cornell.edu/regulations/new-york/18-NYCRR-352,,OFFICIAL-SOURCE
https://www.law.cornell.edu/regulations/new-york/18-NYCRR-352.1,us-ny,tanf,full screener,1,law.cornell.edu/regulations/new-york/18-NYCRR-352.1,https://www.law.cornell.edu/regulations/new-york/18-NYCRR-352.1,,mirror,200,https://www.law.cornell.edu/regulations/new-york/18-NYCRR-352.1,,OFFICIAL-SOURCE
https://www.law.cornell.edu/regulations/new-york/18-NYCRR-352.2,us-ny,tanf,full screener,1,law.cornell.edu/regulations/new-york/18-NYCRR-352.2,https://www.law.cornell.edu/regulations/new-york/18-NYCRR-352.2,,mirror,200,https://www.law.cornell.edu/regulations/new-york/18-NYCRR-352.2,,OFFICIAL-SOURCE
https://www.law.cornell.edu/regulations/new-york/18-NYCRR-352.3,us-ny,tanf,full screener,1,law.cornell.edu/regulations/new-york/18-NYCRR-352.3,https://www.law.cornell.edu/regulations/new-york/18-NYCRR-352.3,,mirror,200,https://www.law.cornell.edu/regulations/new-york/18-NYCRR-352.3,,OFFICIAL-SOURCE
https://ocfs.ny.gov/main/policies/external/2022/adm/22-OCFS-ADM-18.pdf,us-ny,ccdf,full screener,1,ocfs.ny.gov/main/policies/external/2022/adm/22-OCFS-ADM-18.pdf,https://ocfs.ny.gov/main/policies/external/2022/adm/22-OCFS-ADM-18.pdf,,official,error:RemoteDisconnected,,,DEAD-LINK
https://ocfs.ny.gov/main/policies/external/2023/adm/23-OCFS-ADM-18.pdf,us-ny,ccdf,full screener,1,ocfs.ny.gov/main/policies/external/2023/adm/23-OCFS-ADM-18.pdf,https://ocfs.ny.gov/main/policies/external/2023/adm/23-OCFS-ADM-18.pdf,,official,error:RemoteDisconnected,,,DEAD-LINK
https://ocfs.ny.gov/main/policies/external/2024/lcm/24-OCFS-LCM-22.pdf,us-ny,ccdf,full screener,1,ocfs.ny.gov/main/policies/external/2024/lcm/24-OCFS-LCM-22.pdf,https://ocfs.ny.gov/main/policies/external/2024/lcm/24-OCFS-LCM-22.pdf,,official,error:RemoteDisconnected,,,DEAD-LINK
https://ocfs.ny.gov/main/policies/external/ocfs_2019/LCM/19-OCFS-LCM-23.pdf,us-ny,ccdf,full screener,1,ocfs.ny.gov/main/policies/external/ocfs_2019/LCM/19-OCFS-LCM-23.pdf,https://ocfs.ny.gov/main/policies/external/ocfs_2019/LCM/19-OCFS-LCM-23.pdf,,official,error:RemoteDisconnected,,,DEAD-LINK
https://ocfs.ny.gov/programs/childcare/regulations/404-Eligibility.pdf,us-ny,ccdf,full screener,1,ocfs.ny.gov/programs/childcare/regulations/404-Eligibility.pdf,https://ocfs.ny.gov/programs/childcare/regulations/404-Eligibility.pdf,,official,error:RemoteDisconnected,,,DEAD-LINK
https://ocfs.ny.gov/programs/childcare/regulations/415-Child-Care-Services.pdf,us-ny,ccdf,full screener,1,ocfs.ny.gov/programs/childcare/regulations/415-Child-Care-Services.pdf,https://ocfs.ny.gov/programs/childcare/regulations/415-Child-Care-Services.pdf,,official,error:RemoteDisconnected,,,DEAD-LINK
https://otda.ny.gov/policy/directives/1997/ADM/97_ADM-17.pdf,us-ny,ccdf,full screener,1,otda.ny.gov/policy/directives/1997/ADM/97_ADM-17.pdf,https://otda.ny.gov/policy/directives/1997/ADM/97_ADM-17.pdf,,official,error:RemoteDisconnected,,,DEAD-LINK
https://otda.ny.gov/policy/directives/1997/ADM/97_ADM-23.pdf,us-ny,tanf,full screener,1,otda.ny.gov/policy/directives/1997/ADM/97_ADM-23.pdf,https://otda.ny.gov/policy/directives/1997/ADM/97_ADM-23.pdf,,official,error:RemoteDisconnected,,,DEAD-LINK
https://otda.ny.gov/policy/directives/2022/ADM/22-ADM-11.pdf,us-ny,tanf,full screener,1,otda.ny.gov/policy/directives/2022/ADM/22-ADM-11.pdf,https://otda.ny.gov/policy/directives/2022/ADM/22-ADM-11.pdf,,official,error:RemoteDisconnected,,,DEAD-LINK
https://otda.ny.gov/policy/directives/2023/ADM/23-ADM-04.pdf,us-ny,tanf,full screener,1,otda.ny.gov/policy/directives/2023/ADM/23-ADM-04.pdf,https://otda.ny.gov/policy/directives/2023/ADM/23-ADM-04.pdf,,official,error:RemoteDisconnected,,,DEAD-LINK
https://otda.ny.gov/policy/directives/2024/ADM/24-ADM-04.pdf,us-ny,tanf,full screener,1,otda.ny.gov/policy/directives/2024/ADM/24-ADM-04.pdf,https://otda.ny.gov/policy/directives/2024/ADM/24-ADM-04.pdf,,official,error:RemoteDisconnected,,,DEAD-LINK
https://otda.ny.gov/policy/directives/2025/ADM/25-ADM-04.pdf,us-ny,tanf,full screener,1,otda.ny.gov/policy/directives/2025/ADM/25-ADM-04.pdf,https://otda.ny.gov/policy/directives/2025/ADM/25-ADM-04.pdf,,official,error:RemoteDisconnected,,,DEAD-LINK
https://otda.ny.gov/policy/gis/2022/22DC052.pdf,us-ny,tanf,full screener,1,otda.ny.gov/policy/gis/2022/22DC052.pdf,https://otda.ny.gov/policy/gis/2022/22DC052.pdf,,official,error:RemoteDisconnected,,,DEAD-LINK
https://www.nysenate.gov/legislation/laws/SOS/410-U,us-ny,ccdf,full screener,1,nysenate.gov/legislation/laws/SOS/410-U,https://www.nysenate.gov/legislation/laws/SOS/410-U,,official,403,,,BLOCKED-CHECK
https://www.nysenate.gov/legislation/laws/SOS/410-W,us-ny,ccdf,full screener,1,nysenate.gov/legislation/laws/SOS/410-W,https://www.nysenate.gov/legislation/laws/SOS/410-W,,official,403,,,BLOCKED-CHECK
https://codes.ohio.gov/assets/laws/administrative-code/authenticated/5180/2/16/5180$2-16-01_20221211.pdf,us-oh,ccdf,full screener,1,codes.ohio.gov/assets/laws/administrative-code/authenticated/5180/2/16/5180$2-16-01_202212,https://codes.ohio.gov/assets/laws/administrative-code/authenticated/5180/2/16/5180$2-16-01_20221211.pdf,,official,200,https://codes.ohio.gov/assets/laws/administrative-code/authenticated/5180/2/16/5180$2-16-01_20221211.pdf,,FETCH
https://codes.ohio.gov/assets/laws/administrative-code/authenticated/5180/2/16/5180$2-16-03_20220227.pdf,us-oh,ccdf,full screener,1,codes.ohio.gov/assets/laws/administrative-code/authenticated/5180/2/16/5180$2-16-03_202202,https://codes.ohio.gov/assets/laws/administrative-code/authenticated/5180/2/16/5180$2-16-03_20220227.pdf,,official,200,https://codes.ohio.gov/assets/laws/administrative-code/authenticated/5180/2/16/5180$2-16-03_20220227.pdf,,FETCH
https://codes.ohio.gov/assets/laws/administrative-code/authenticated/5180/2/16/5180$2-16-05_20221211.pdf,us-oh,ccdf,full screener,1,codes.ohio.gov/assets/laws/administrative-code/authenticated/5180/2/16/5180$2-16-05_202212,https://codes.ohio.gov/assets/laws/administrative-code/authenticated/5180/2/16/5180$2-16-05_20221211.pdf,,official,200,https://codes.ohio.gov/assets/laws/administrative-code/authenticated/5180/2/16/5180$2-16-05_20221211.pdf,,FETCH
https://codes.ohio.gov/assets/laws/administrative-code/authenticated/5180/2/16/5180$2-16-09_20231007.pdf,us-oh,ccdf,full screener,1,codes.ohio.gov/assets/laws/administrative-code/authenticated/5180/2/16/5180$2-16-09_202310,https://codes.ohio.gov/assets/laws/administrative-code/authenticated/5180/2/16/5180$2-16-09_20231007.pdf,,official,200,https://codes.ohio.gov/assets/laws/administrative-code/authenticated/5180/2/16/5180$2-16-09_20231007.pdf,,FETCH
https://codes.ohio.gov/assets/laws/administrative-code/authenticated/5180/6/1/5180$6-1-02_20251102.pdf,us-oh,ccdf,full screener,1,codes.ohio.gov/assets/laws/administrative-code/authenticated/5180/6/1/5180$6-1-02_20251102,https://codes.ohio.gov/assets/laws/administrative-code/authenticated/5180/6/1/5180$6-1-02_20251102.pdf,,official,200,https://codes.ohio.gov/assets/laws/administrative-code/authenticated/5180/6/1/5180$6-1-02_20251102.pdf,,FETCH
https://codes.ohio.gov/assets/laws/administrative-code/pdfs/5180/2/16/5180$2-16-05_PH_FF_A_APP5_20221201_0903.pdf,us-oh,ccdf,full screener,1,codes.ohio.gov/assets/laws/administrative-code/pdfs/5180/2/16/5180$2-16-05_PH_FF_A_APP5_20,https://codes.ohio.gov/assets/laws/administrative-code/pdfs/5180/2/16/5180$2-16-05_PH_FF_A_APP5_20221201_0903.pdf,,official,200,https://codes.ohio.gov/assets/laws/administrative-code/pdfs/5180/2/16/5180$2-16-05_PH_FF_A_APP5_20221201_0903.pdf,,FETCH
https://codes.ohio.gov/assets/laws/administrative-code/pdfs/5180/6/1/5180$6-1-10_PH_FF_N_APP1_20251020_1028.pdf,us-oh,ccdf,full screener,1,codes.ohio.gov/assets/laws/administrative-code/pdfs/5180/6/1/5180$6-1-10_PH_FF_N_APP1_2025,https://codes.ohio.gov/assets/laws/administrative-code/pdfs/5180/6/1/5180$6-1-10_PH_FF_N_APP1_20251020_1028.pdf,,official,200,https://codes.ohio.gov/assets/laws/administrative-code/pdfs/5180/6/1/5180$6-1-10_PH_FF_N_APP1_20251020_1028.pdf,,FETCH
https://codes.ohio.gov/ohio-administrative-code/rule-5101:1-23-20,us-oh,tanf,full screener,1,codes.ohio.gov/ohio-administrative-code/rule-5101:1-23-20,https://codes.ohio.gov/ohio-administrative-code/rule-5101:1-23-20,,official,200,https://codes.ohio.gov/ohio-administrative-code/rule-5101:1-23-20,,FETCH
https://codes.ohio.gov/ohio-administrative-code/rule-5101:1-23-40,us-oh,tanf,full screener,1,codes.ohio.gov/ohio-administrative-code/rule-5101:1-23-40,https://codes.ohio.gov/ohio-administrative-code/rule-5101:1-23-40,,official,200,https://codes.ohio.gov/ohio-administrative-code/rule-5101:1-23-40,,FETCH
https://codes.ohio.gov/ohio-administrative-code/rule-5180:6-1-02,us-oh,ccdf,full screener,1,codes.ohio.gov/ohio-administrative-code/rule-5180:6-1-02,https://codes.ohio.gov/ohio-administrative-code/rule-5180:6-1-02,,official,200,https://codes.ohio.gov/ohio-administrative-code/rule-5180:6-1-02,,FETCH
https://codes.ohio.gov/ohio-administrative-code/rule-5180:6-1-10,us-oh,ccdf,full screener,1,codes.ohio.gov/ohio-administrative-code/rule-5180:6-1-10,https://codes.ohio.gov/ohio-administrative-code/rule-5180:6-1-10,,official,200,https://codes.ohio.gov/ohio-administrative-code/rule-5180:6-1-10,,FETCH
https://codes.ohio.gov/ohio-revised-code/section-5107.04,us-oh,tanf,full screener,1,codes.ohio.gov/ohio-revised-code/section-5107.04,https://codes.ohio.gov/ohio-revised-code/section-5107.04,,official,200,https://codes.ohio.gov/ohio-revised-code/section-5107.04,,FETCH
https://codes.ohio.gov/ohio-revised-code/section-5107.10,us-oh,tanf,full screener,1,codes.ohio.gov/ohio-revised-code/section-5107.10,https://codes.ohio.gov/ohio-revised-code/section-5107.10,,official,200,https://codes.ohio.gov/ohio-revised-code/section-5107.10,,FETCH
https://dam.assets.ohio.gov/image/upload/childrenandyouth.ohio.gov/For%20Partners/Rules%20and%20Resources/2025/PL_21.pdf,us-oh,ccdf,full screener,1,dam.assets.ohio.gov/image/upload/childrenandyouth.ohio.gov/For%20Partners/Rules%20and%20Re,https://dam.assets.ohio.gov/image/upload/childrenandyouth.ohio.gov/For%20Partners/Rules%20and%20Resources/2025/PL_21.pdf,,official,200,https://dam.assets.ohio.gov/image/upload/childrenandyouth.ohio.gov/For%20Partners/Rules%20and%20Resources/2025/PL_21.pdf,,FETCH
https://dam.assets.ohio.gov/image/upload/v1764089750/jfs.ohio.gov/EBS/Programs%20Rules%20and%20Resources/Cash/Cash%20Assistance%20Action%20Change%20letter/2025/ACT_297_-_January_1_2026_Ohio_Works_First_and_Refugee_Cash_Assistance_Cost-of-Living_Increase.pdf,us-oh,tanf,full screener,1,dam.assets.ohio.gov/image/upload/v1764089750/jfs.ohio.gov/EBS/Programs%20Rules%20and%20Res,https://dam.assets.ohio.gov/image/upload/v1764089750/jfs.ohio.gov/EBS/Programs%20Rules%20and%20Resources/Cash/Cash%20Assistance%20Action%20Change%20letter/2025/ACT_297_-_January_1_2026_Ohio_Works_First_and_Refugee_Cash_Assistance_Cost-of-Living_Increase.pdf,,official,200,https://dam.assets.ohio.gov/image/upload/v1764089750/jfs.ohio.gov/EBS/Programs%20Rules%20and%20Resources/Cash/Cash%20Assistance%20Action%20Change%20letter/2025/ACT_297_-_January_1_2026_Ohio_Works_First_and_Refugee_Cash_Assistance_Cost-of-Living_Increase.pdf,,FETCH
https://emanuals.jfs.ohio.gov/CashFoodAssist/CAM/ACT/,us-oh,tanf,full screener,1,emanuals.jfs.ohio.gov/CashFoodAssist/CAM/ACT/,https://emanuals.jfs.ohio.gov/CashFoodAssist/CAM/ACT/,,official,error:URLError,,,DEAD-LINK
https://emanuals.jfs.ohio.gov/CashFoodAssist/CAM/ACT/ACT-262.stm,us-oh,tanf,full screener,1,emanuals.jfs.ohio.gov/CashFoodAssist/CAM/ACT/ACT-262.stm,https://emanuals.jfs.ohio.gov/CashFoodAssist/CAM/ACT/ACT-262.stm,,official,error:URLError,,,DEAD-LINK
https://oklahoma.gov/content/dam/ok/en/okdhs/documents/searchcenter/okdhsformresults/c-4-b.pdf,us-ok,ccdf,full screener,1,oklahoma.gov/content/dam/ok/en/okdhs/documents/searchcenter/okdhsformresults/c-4-b.pdf,https://oklahoma.gov/content/dam/ok/en/okdhs/documents/searchcenter/okdhsformresults/c-4-b.pdf,,official,200,https://oklahoma.gov/content/dam/ok/en/okdhs/documents/searchcenter/okdhsformresults/c-4-b.pdf,,FETCH
https://oklahoma.gov/content/dam/ok/en/okdhs/documents/searchcenter/okdhsformresults/c-4.pdf,us-ok,ccdf,full screener,1,oklahoma.gov/content/dam/ok/en/okdhs/documents/searchcenter/okdhsformresults/c-4.pdf,https://oklahoma.gov/content/dam/ok/en/okdhs/documents/searchcenter/okdhsformresults/c-4.pdf,,official,200,https://oklahoma.gov/content/dam/ok/en/okdhs/documents/searchcenter/okdhsformresults/c-4.pdf,,FETCH
https://www.okdhslive.org/popups/IncomeStandardsPopup.aspx,us-ok,tanf,full screener,1,okdhslive.org/popups/IncomeStandardsPopup.aspx,https://www.okdhslive.org/popups/IncomeStandardsPopup.aspx,,other,200,https://www.okdhslive.org/popups/IncomeStandardsPopup.aspx,,CHECK-PUBLISHER
https://www.law.cornell.edu/regulations/oklahoma/OAC-340-10-3-2,us-ok,tanf,full screener,1,law.cornell.edu/regulations/oklahoma/OAC-340-10-3-2,https://www.law.cornell.edu/regulations/oklahoma/OAC-340-10-3-2,,mirror,200,https://www.law.cornell.edu/regulations/oklahoma/OAC-340-10-3-2,,OFFICIAL-SOURCE
https://www.law.cornell.edu/regulations/oklahoma/OAC-340-10-3-27,us-ok,tanf,full screener,1,law.cornell.edu/regulations/oklahoma/OAC-340-10-3-27,https://www.law.cornell.edu/regulations/oklahoma/OAC-340-10-3-27,,mirror,200,https://www.law.cornell.edu/regulations/oklahoma/OAC-340-10-3-27,,OFFICIAL-SOURCE
https://www.law.cornell.edu/regulations/oklahoma/OAC-340-10-3-31.1,us-ok,tanf,full screener,1,law.cornell.edu/regulations/oklahoma/OAC-340-10-3-31.1,https://www.law.cornell.edu/regulations/oklahoma/OAC-340-10-3-31.1,,mirror,200,https://www.law.cornell.edu/regulations/oklahoma/OAC-340-10-3-31.1,,OFFICIAL-SOURCE
https://www.law.cornell.edu/regulations/oklahoma/OAC-340-10-3-33,us-ok,tanf,full screener,1,law.cornell.edu/regulations/oklahoma/OAC-340-10-3-33,https://www.law.cornell.edu/regulations/oklahoma/OAC-340-10-3-33,,mirror,200,https://www.law.cornell.edu/regulations/oklahoma/OAC-340-10-3-33,,OFFICIAL-SOURCE
https://www.law.cornell.edu/regulations/oklahoma/OAC-340-10-3-59,us-ok,tanf,full screener,1,law.cornell.edu/regulations/oklahoma/OAC-340-10-3-59,https://www.law.cornell.edu/regulations/oklahoma/OAC-340-10-3-59,,mirror,200,https://www.law.cornell.edu/regulations/oklahoma/OAC-340-10-3-59,,OFFICIAL-SOURCE
https://www.law.cornell.edu/regulations/oklahoma/OAC-340-40-7-11,us-ok,ccdf,full screener,1,law.cornell.edu/regulations/oklahoma/OAC-340-40-7-11,https://www.law.cornell.edu/regulations/oklahoma/OAC-340-40-7-11,,mirror,200,https://www.law.cornell.edu/regulations/oklahoma/OAC-340-40-7-11,,OFFICIAL-SOURCE
https://www.law.cornell.edu/regulations/oklahoma/OAC-340-40-7-3,us-ok,ccdf,full screener,1,law.cornell.edu/regulations/oklahoma/OAC-340-40-7-3,https://www.law.cornell.edu/regulations/oklahoma/OAC-340-40-7-3,,mirror,200,https://www.law.cornell.edu/regulations/oklahoma/OAC-340-40-7-3,,OFFICIAL-SOURCE
https://www.law.cornell.edu/regulations/oklahoma/OAC-340-40-7-5,us-ok,ccdf,full screener,1,law.cornell.edu/regulations/oklahoma/OAC-340-40-7-5,https://www.law.cornell.edu/regulations/oklahoma/OAC-340-40-7-5,,mirror,200,https://www.law.cornell.edu/regulations/oklahoma/OAC-340-40-7-5,,OFFICIAL-SOURCE
https://www.law.cornell.edu/regulations/oklahoma/OAC-340-40-7-7,us-ok,ccdf,full screener,1,law.cornell.edu/regulations/oklahoma/OAC-340-40-7-7,https://www.law.cornell.edu/regulations/oklahoma/OAC-340-40-7-7,,mirror,200,https://www.law.cornell.edu/regulations/oklahoma/OAC-340-40-7-7,,OFFICIAL-SOURCE
https://www.law.cornell.edu/regulations/oklahoma/OAC-340-40-7-8,us-ok,ccdf,full screener,1,law.cornell.edu/regulations/oklahoma/OAC-340-40-7-8,https://www.law.cornell.edu/regulations/oklahoma/OAC-340-40-7-8,,mirror,200,https://www.law.cornell.edu/regulations/oklahoma/OAC-340-40-7-8,,OFFICIAL-SOURCE
https://www.law.cornell.edu/regulations/oklahoma/Okla-Admin-Code-SS-340-10-3-5,us-ok,tanf,full screener,1,law.cornell.edu/regulations/oklahoma/Okla-Admin-Code-SS-340-10-3-5,https://www.law.cornell.edu/regulations/oklahoma/Okla-Admin-Code-SS-340-10-3-5,,mirror,200,https://www.law.cornell.edu/regulations/oklahoma/Okla-Admin-Code-SS-340-10-3-5,,OFFICIAL-SOURCE
https://www.law.cornell.edu/regulations/oklahoma/Okla-Admin-Code-SS-340-40-7-8,us-ok,ccdf,full screener,1,law.cornell.edu/regulations/oklahoma/Okla-Admin-Code-SS-340-40-7-8,https://www.law.cornell.edu/regulations/oklahoma/Okla-Admin-Code-SS-340-40-7-8,,mirror,200,https://www.law.cornell.edu/regulations/oklahoma/Okla-Admin-Code-SS-340-40-7-8,,OFFICIAL-SOURCE
https://www.law.cornell.edu/regulations/oklahoma/title-340/chapter-10,us-ok,tanf,full screener,1,law.cornell.edu/regulations/oklahoma/title-340/chapter-10,https://www.law.cornell.edu/regulations/oklahoma/title-340/chapter-10,,mirror,200,https://www.law.cornell.edu/regulations/oklahoma/title-340/chapter-10,,OFFICIAL-SOURCE
https://oklahoma.gov/okdhs/library/policy/current/oac-340/chapter-10/subchapter-3/parts-3/earned-income-disregard.html,us-ok,tanf,full screener,1,oklahoma.gov/okdhs/library/policy/current/oac-340/chapter-10/subchapter-3/parts-3/earned-i,https://oklahoma.gov/okdhs/library/policy/current/oac-340/chapter-10/subchapter-3/parts-3/earned-income-disregard.html,,official,404,,,DEAD-LINK
https://okrules.elaws.us/oac/340:40-5-1,us-ok,ccdf,full screener,1,okrules.elaws.us/oac/340:40-5-1,https://okrules.elaws.us/oac/340:40-5-1,,vendor,503,,,VENDOR
https://okrules.elaws.us/oac/340:40-7-1,us-ok,ccdf,full screener,1,okrules.elaws.us/oac/340:40-7-1,https://okrules.elaws.us/oac/340:40-7-1,,vendor,503,,,VENDOR
https://okrules.elaws.us/oac/340:40-7-12,us-ok,ccdf,full screener,1,okrules.elaws.us/oac/340:40-7-12,https://okrules.elaws.us/oac/340:40-7-12,,vendor,503,,,VENDOR
https://okrules.elaws.us/oac/340:40-7-13,us-ok,ccdf,full screener,1,okrules.elaws.us/oac/340:40-7-13,https://okrules.elaws.us/oac/340:40-7-13,,vendor,503,,,VENDOR
https://okrules.elaws.us/oac/340:40-7-3,us-ok,ccdf,full screener,1,okrules.elaws.us/oac/340:40-7-3,https://okrules.elaws.us/oac/340:40-7-3,,vendor,503,,,VENDOR
https://okrules.elaws.us/oac/340:40-7-8,us-ok,ccdf,full screener,1,okrules.elaws.us/oac/340:40-7-8,https://okrules.elaws.us/oac/340:40-7-8,,vendor,503,,,VENDOR
https://secure.sos.state.or.us/oard/view.action?ruleNumber=414-175-0015,us-or,ccdf,full screener,1,secure.sos.state.or.us/oard/view.action,https://secure.sos.state.or.us/oard/view.action?ruleNumber=414-175-0015,,official,200,https://secure.sos.state.or.us/oard/viewSingleRule.action;JSESSIONID_OARD=ABoS6HwldXMCcNVoOmgmIFD5usRZSi8ajKV-pNJafhNYwCmJB-N_!-999993626?ruleVrsnRsn=333213,,FETCH
https://secure.sos.state.or.us/oard/view.action?ruleNumber=414-175-0021,us-or,ccdf,full screener,1,secure.sos.state.or.us/oard/view.action,https://secure.sos.state.or.us/oard/view.action?ruleNumber=414-175-0021,,official,200,https://secure.sos.state.or.us/oard/viewSingleRule.action;JSESSIONID_OARD=Ts8S6HwkvjXXckMWAKSe49P8p1oPsgATca4C6gYjoFv47vYIqwPx!-999993626?ruleVrsnRsn=301913,,FETCH
https://secure.sos.state.or.us/oard/view.action?ruleNumber=414-175-0022,us-or,ccdf,full screener,1,secure.sos.state.or.us/oard/view.action,https://secure.sos.state.or.us/oard/view.action?ruleNumber=414-175-0022,,official,200,https://secure.sos.state.or.us/oard/viewSingleRule.action;JSESSIONID_OARD=ucYS6HxBNMW8gXfpbAFZlAXfpLul0QnoKhqiVQWcbr59GdqqF5VA!-999993626?ruleVrsnRsn=312684,,FETCH
https://secure.sos.state.or.us/oard/view.action?ruleNumber=414-175-0023,us-or,ccdf,full screener,1,secure.sos.state.or.us/oard/view.action,https://secure.sos.state.or.us/oard/view.action?ruleNumber=414-175-0023,,official,200,https://secure.sos.state.or.us/oard/viewSingleRule.action;JSESSIONID_OARD=HLIS6HxCSvSL2zm5oTzImXuONqeTucDEjwGJmZ1gol64VqR3Psa_!1626920300?ruleVrsnRsn=336068,,FETCH
https://secure.sos.state.or.us/oard/view.action?ruleNumber=414-175-0025,us-or,ccdf,full screener,1,secure.sos.state.or.us/oard/view.action,https://secure.sos.state.or.us/oard/view.action?ruleNumber=414-175-0025,,official,200,https://secure.sos.state.or.us/oard/viewSingleRule.action;JSESSIONID_OARD=wLkS6H5TwjEr4rWQ22BhZYLJFtAY30kL8zjkV3kKVsopHL9foaDC!-999993626?ruleVrsnRsn=325075,,FETCH
https://secure.sos.state.or.us/oard/view.action?ruleNumber=414-175-0030,us-or,ccdf,full screener,1,secure.sos.state.or.us/oard/view.action,https://secure.sos.state.or.us/oard/view.action?ruleNumber=414-175-0030,,official,200,https://secure.sos.state.or.us/oard/viewSingleRule.action;JSESSIONID_OARD=r_US6HxC8h9b6p4CRLV4DcTYYfTvAKxCS8-raJQ6_UYouqloxlOr!-999993626?ruleVrsnRsn=330982,,FETCH
https://secure.sos.state.or.us/oard/view.action?ruleNumber=414-175-0035,us-or,ccdf,full screener,1,secure.sos.state.or.us/oard/view.action,https://secure.sos.state.or.us/oard/view.action?ruleNumber=414-175-0035,,official,200,https://secure.sos.state.or.us/oard/viewSingleRule.action;JSESSIONID_OARD=elUS6Hxwvz86yRhUf8HlZOAL6c3xdii87foPbxBZ8bjguRquxv9s!-999993626?ruleVrsnRsn=336070,,FETCH
https://secure.sos.state.or.us/oard/view.action?ruleNumber=414-175-0050,us-or,ccdf,full screener,1,secure.sos.state.or.us/oard/view.action,https://secure.sos.state.or.us/oard/view.action?ruleNumber=414-175-0050,,official,200,https://secure.sos.state.or.us/oard/viewSingleRule.action;JSESSIONID_OARD=2qoS6H4hqKEPXQ7DSfUyOiGRHhjtYtxJtdlpfwy4vC0_0FHb_Gm1!1626920300?ruleVrsnRsn=333247,,FETCH
https://secure.sos.state.or.us/oard/view.action?ruleNumber=414-175-0075,us-or,ccdf,full screener,1,secure.sos.state.or.us/oard/view.action,https://secure.sos.state.or.us/oard/view.action?ruleNumber=414-175-0075,,official,200,https://secure.sos.state.or.us/oard/viewSingleRule.action;JSESSIONID_OARD=xGIS6HySIeU5KjfiZCQG0mdAD97IeYXJlQS5cgFCWvldHMGg6Bbw!-999993626?ruleVrsnRsn=336074,,FETCH
https://secure.sos.state.or.us/oard/viewSingleRule.action?ruleVrsnRsn=268185,us-or,tanf,full screener,1,secure.sos.state.or.us/oard/viewSingleRule.action,https://secure.sos.state.or.us/oard/viewSingleRule.action?ruleVrsnRsn=268185,,official,200,https://secure.sos.state.or.us/oard/viewSingleRule.action?ruleVrsnRsn=268185,,FETCH
https://secure.sos.state.or.us/oard/viewSingleRule.action?ruleVrsnRsn=274860,us-or,tanf,full screener,1,secure.sos.state.or.us/oard/viewSingleRule.action,https://secure.sos.state.or.us/oard/viewSingleRule.action?ruleVrsnRsn=274860,,official,200,https://secure.sos.state.or.us/oard/viewSingleRule.action?ruleVrsnRsn=274860,,FETCH
https://secure.sos.state.or.us/oard/viewSingleRule.action?ruleVrsnRsn=313630,us-or,tanf,full screener,1,secure.sos.state.or.us/oard/viewSingleRule.action,https://secure.sos.state.or.us/oard/viewSingleRule.action?ruleVrsnRsn=313630,,official,200,https://secure.sos.state.or.us/oard/viewSingleRule.action;JSESSIONID_OARD=DVgS6EPHb5VDB9BynCHKMtMS5MjUvCVJvc9b8f7HWGN6G9SUWnsg!1626920300?ruleVrsnRsn=329855,,FETCH
https://secure.sos.state.or.us/oard/viewSingleRule.action?ruleVrsnRsn=316195,us-or,tanf,full screener,1,secure.sos.state.or.us/oard/viewSingleRule.action,https://secure.sos.state.or.us/oard/viewSingleRule.action?ruleVrsnRsn=316195,,official,200,https://secure.sos.state.or.us/oard/viewSingleRule.action;JSESSIONID_OARD=1PUS6EQhXQHnYPk5M7RhNkJ5MnG0nLYuvpMMPTaeDwDiahXl4jKw!1626920300?ruleVrsnRsn=339756,,FETCH
https://secure.sos.state.or.us/oard/viewSingleRule.action?ruleVrsnRsn=317015,us-or,tanf,full screener,1,secure.sos.state.or.us/oard/viewSingleRule.action,https://secure.sos.state.or.us/oard/viewSingleRule.action?ruleVrsnRsn=317015,,official,200,https://secure.sos.state.or.us/oard/viewSingleRule.action;JSESSIONID_OARD=uYoS6ERPeFa2Zy71pYWNpyT3O6ZRBeE4iKUoX2sJKf0Iy1MImsuQ!-999993626?ruleVrsnRsn=336019,,FETCH
https://secure.sos.state.or.us/oard/viewSingleRule.action?ruleVrsnRsn=326976,us-or,tanf,full screener,1,secure.sos.state.or.us/oard/viewSingleRule.action,https://secure.sos.state.or.us/oard/viewSingleRule.action?ruleVrsnRsn=326976,,official,200,https://secure.sos.state.or.us/oard/viewSingleRule.action;JSESSIONID_OARD=pw8S6ESVVHLj6nHcdqtgUny2aWR8_vKDwzJqCjBBzEXm5Jegw8-j!1626920300?ruleVrsnRsn=339759,,FETCH
https://www.oregon.gov/delc/programs/pages/erdc.aspx,us-or,ccdf,full screener,1,oregon.gov/delc/programs/pages/erdc.aspx,https://www.oregon.gov/delc/programs/pages/erdc.aspx,,official,200,https://www.oregon.gov/delc/programs/pages/erdc.aspx,,FETCH
https://www.oregon.gov/delc/programs/pages/rates.aspx,us-or,ccdf,full screener,1,oregon.gov/delc/programs/pages/rates.aspx,https://www.oregon.gov/delc/programs/pages/rates.aspx,,official,200,https://www.oregon.gov/delc/programs/pages/rates.aspx,,FETCH
https://www.oregon.gov/delc/providers/Documents/Provider%20Rate%20Increase%20For%20Jan%202026_Phase%202_ENG.pdf,us-or,ccdf,full screener,1,oregon.gov/delc/providers/Documents/Provider%20Rate%20Increase%20For%20Jan%202026_Phase%20,https://www.oregon.gov/delc/providers/Documents/Provider%20Rate%20Increase%20For%20Jan%202026_Phase%202_ENG.pdf,,official,200,https://www.oregon.gov/delc/providers/Documents/Provider%20Rate%20Increase%20For%20Jan%202026_Phase%202_ENG.pdf,,FETCH
https://oregon.public.law/rules/oar_461-001-0000,us-or,tanf,full screener,1,oregon.public.law/rules/oar_461-001-0000,https://oregon.public.law/rules/oar_461-001-0000,,other,200,https://oregon.public.law/rules/oar_461-001-0000,,CHECK-PUBLISHER
https://oregon.public.law/rules/oar_461-135-0070,us-or,tanf,full screener,1,oregon.public.law/rules/oar_461-135-0070,https://oregon.public.law/rules/oar_461-135-0070,,other,200,https://oregon.public.law/rules/oar_461-135-0070,,CHECK-PUBLISHER
https://oregon.public.law/rules/oar_461-140-0010,us-or,tanf,full screener,1,oregon.public.law/rules/oar_461-140-0010,https://oregon.public.law/rules/oar_461-140-0010,,other,200,https://oregon.public.law/rules/oar_461-140-0010,,CHECK-PUBLISHER
https://oregon.public.law/rules/oar_461-145-0080,us-or,tanf,full screener,1,oregon.public.law/rules/oar_461-145-0080,https://oregon.public.law/rules/oar_461-145-0080,,other,200,https://oregon.public.law/rules/oar_461-145-0080,,CHECK-PUBLISHER
https://oregon.public.law/rules/oar_461-155-0030,us-or,tanf,full screener,1,oregon.public.law/rules/oar_461-155-0030,https://oregon.public.law/rules/oar_461-155-0030,,other,200,https://oregon.public.law/rules/oar_461-155-0030,,CHECK-PUBLISHER
https://oregon.public.law/rules/oar_461-160-0015,us-or,tanf,full screener,1,oregon.public.law/rules/oar_461-160-0015,https://oregon.public.law/rules/oar_461-160-0015,,other,200,https://oregon.public.law/rules/oar_461-160-0015,,CHECK-PUBLISHER
https://oregon.public.law/rules/oar_461-160-0100,us-or,tanf,full screener,1,oregon.public.law/rules/oar_461-160-0100,https://oregon.public.law/rules/oar_461-160-0100,,other,200,https://oregon.public.law/rules/oar_461-160-0100,,CHECK-PUBLISHER
https://oregon.public.law/rules/oar_461-160-0160,us-or,tanf,full screener,1,oregon.public.law/rules/oar_461-160-0160,https://oregon.public.law/rules/oar_461-160-0160,,other,200,https://oregon.public.law/rules/oar_461-160-0160,,CHECK-PUBLISHER
https://oregon.public.law/rules/oar_461-165-0060,us-or,tanf,full screener,1,oregon.public.law/rules/oar_461-165-0060,https://oregon.public.law/rules/oar_461-165-0060,,other,200,https://oregon.public.law/rules/oar_461-165-0060,,CHECK-PUBLISHER
https://www.oregon.gov/delc/programs/ERDC%20Fliers/Provider%20Guide%20Insert%20Final%20EN.pdf,us-or,ccdf,full screener,1,oregon.gov/delc/programs/ERDC%20Fliers/Provider%20Guide%20Insert%20Final%20EN.pdf,https://www.oregon.gov/delc/programs/ERDC%20Fliers/Provider%20Guide%20Insert%20Final%20EN.pdf,,official,404,,,DEAD-LINK
http://services.dpw.state.pa.us/oimpolicymanuals/cash/index.htm,us-pa,tanf,full screener,1,services.dpw.state.pa.us/oimpolicymanuals/cash/index.htm,http://services.dpw.state.pa.us/oimpolicymanuals/cash/index.htm,,official,200,http://services.dpw.state.pa.us/oimpolicymanuals/cash/index.htm,,FETCH
https://www.pa.gov/agencies/dhs/resources/cash-assistance/tanf,us-pa,tanf,full screener,1,pa.gov/agencies/dhs/resources/cash-assistance/tanf,https://www.pa.gov/agencies/dhs/resources/cash-assistance/tanf,,official,200,https://www.pa.gov/agencies/dhs/resources/cash-assistance/tanf,,FETCH
https://www.pa.gov/agencies/dhs/resources/early-learning-child-care/elrc/,us-pa,ccdf,full screener,1,pa.gov/agencies/dhs/resources/early-learning-child-care/elrc/,https://www.pa.gov/agencies/dhs/resources/early-learning-child-care/elrc/,,official,200,https://www.pa.gov/agencies/dhs/resources/early-learning-child-care/elrc,,FETCH
https://www.pa.gov/content/dam/copapwp-pagov/en/dhs/documents/services/children/documents/child-care-early-learning/MCCA-Rates-by-Region-effective-3.1.23.pdf,us-pa,ccdf,full screener,1,pa.gov/content/dam/copapwp-pagov/en/dhs/documents/services/children/documents/child-care-e,https://www.pa.gov/content/dam/copapwp-pagov/en/dhs/documents/services/children/documents/child-care-early-learning/MCCA-Rates-by-Region-effective-3.1.23.pdf,,official,200,https://www.pa.gov/content/dam/copapwp-pagov/en/dhs/documents/services/children/documents/child-care-early-learning/MCCA-Rates-by-Region-effective-3.1.23.pdf,,FETCH
https://www.pacodeandbulletin.gov/secure/pacode/data/055/chapter3042/055_3042.pdf,us-pa,ccdf,full screener,1,pacodeandbulletin.gov/secure/pacode/data/055/chapter3042/055_3042.pdf,https://www.pacodeandbulletin.gov/secure/pacode/data/055/chapter3042/055_3042.pdf,,official,200,https://www.pacodeandbulletin.gov/secure/pacode/data/055/chapter3042/055_3042.pdf,,FETCH
https://www.pakeys.org/wp-content/uploads/2024/12/2025-1-1_MCCA-Rate-Chart.pdf,us-pa,ccdf,full screener,1,pakeys.org/wp-content/uploads/2024/12/2025-1-1_MCCA-Rate-Chart.pdf,https://www.pakeys.org/wp-content/uploads/2024/12/2025-1-1_MCCA-Rate-Chart.pdf,,other,200,https://www.pakeys.org/wp-content/uploads/2024/12/2025-1-1_MCCA-Rate-Chart.pdf,,CHECK-PUBLISHER
https://www.law.cornell.edu/regulations/pennsylvania/55-Pa-Code-SS-183-94,us-pa,tanf,full screener,1,law.cornell.edu/regulations/pennsylvania/55-Pa-Code-SS-183-94,https://www.law.cornell.edu/regulations/pennsylvania/55-Pa-Code-SS-183-94,,mirror,200,https://www.law.cornell.edu/regulations/pennsylvania/55-Pa-Code-SS-183-94,,OFFICIAL-SOURCE
http://webserver.rilin.state.ri.us/Statutes/TITLE40/40-5.2/INDEX.htm,us-ri,tanf,full screener,1,webserver.rilin.state.ri.us/Statutes/TITLE40/40-5.2/INDEX.htm,http://webserver.rilin.state.ri.us/Statutes/TITLE40/40-5.2/INDEX.htm,,official,200,https://webserver.rilegislature.gov/Statutes/,,FETCH
https://rules.sos.ri.gov/Regulations/part/218-20-00-4?reg_id=13099,us-ri,ccdf,full screener,1,rules.sos.ri.gov/Regulations/part/218-20-00-4,https://rules.sos.ri.gov/Regulations/part/218-20-00-4?reg_id=13099,,official,200,https://rules.sos.ri.gov/Regulations/part/218-20-00-4?reg_id=13099,,FETCH
https://webserver.rilegislature.gov/PublicLaws/law25/law25278-10.htm,us-ri,ccdf,full screener,1,webserver.rilegislature.gov/PublicLaws/law25/law25278-10.htm,https://webserver.rilegislature.gov/PublicLaws/law25/law25278-10.htm,,official,200,https://webserver.rilegislature.gov/PublicLaws/law25/law25278-10.htm,,FETCH
https://www.rilegislature.gov/sfiscal/Other%20Documents/Rhode%20Island%20Works.pdf,us-ri,tanf,full screener,1,rilegislature.gov/sfiscal/Other%20Documents/Rhode%20Island%20Works.pdf,https://www.rilegislature.gov/sfiscal/Other%20Documents/Rhode%20Island%20Works.pdf,,official,200,https://www.rilegislature.gov/sfiscal/Other%20Documents/Rhode%20Island%20Works.pdf,,FETCH
https://www.law.cornell.edu/regulations/rhode-island/218-RICR-20-00-2.15,us-ri,tanf,full screener,1,law.cornell.edu/regulations/rhode-island/218-RICR-20-00-2.15,https://www.law.cornell.edu/regulations/rhode-island/218-RICR-20-00-2.15,,mirror,200,https://www.law.cornell.edu/regulations/rhode-island/218-RICR-20-00-2.15,,OFFICIAL-SOURCE
https://dhs.ri.gov/media/10606/download?language=en,us-ri,ccdf,full screener,1,dhs.ri.gov/media/10606/download,https://dhs.ri.gov/media/10606/download?language=en,,official,403,,,BLOCKED-CHECK
https://dhs.ri.gov/media/3556/download?language=en,us-ri,ccdf,full screener,1,dhs.ri.gov/media/3556/download,https://dhs.ri.gov/media/3556/download?language=en,,official,403,,,BLOCKED-CHECK
https://dhs.ri.gov/media/5006/download?language=en,us-ri,ccdf,full screener,1,dhs.ri.gov/media/5006/download,https://dhs.ri.gov/media/5006/download?language=en,,official,403,,,BLOCKED-CHECK
https://dhs.ri.gov/media/7481/download?language=en,us-ri,ccdf,full screener,1,dhs.ri.gov/media/7481/download,https://dhs.ri.gov/media/7481/download?language=en,,official,403,,,BLOCKED-CHECK
https://dhs.ri.gov/media/9356/download?language=en,us-ri,ccdf,full screener,1,dhs.ri.gov/media/9356/download,https://dhs.ri.gov/media/9356/download?language=en,,official,403,,,BLOCKED-CHECK
https://dhs.ri.gov/press-releases/ri-works-benefit-increase-almost-here,us-ri,tanf,full screener,1,dhs.ri.gov/press-releases/ri-works-benefit-increase-almost-here,https://dhs.ri.gov/press-releases/ri-works-benefit-increase-almost-here,,official,403,,,BLOCKED-CHECK
https://dhs.ri.gov/programs-and-services/ri-works-program,us-ri,tanf,full screener,1,dhs.ri.gov/programs-and-services/ri-works-program,https://dhs.ri.gov/programs-and-services/ri-works-program,,official,403,,,BLOCKED-CHECK
https://dhs.ri.gov/programs-and-services/ri-works-program/eligibility-how-apply,us-ri,tanf,full screener,1,dhs.ri.gov/programs-and-services/ri-works-program/eligibility-how-apply,https://dhs.ri.gov/programs-and-services/ri-works-program/eligibility-how-apply,,official,403,,,BLOCKED-CHECK
https://dss.sc.gov/media/ojqddxsk/tanf-policy-manual-volume-65.pdf,us-sc,tanf,full screener,1,dss.sc.gov/media/ojqddxsk/tanf-policy-manual-volume-65.pdf,https://dss.sc.gov/media/ojqddxsk/tanf-policy-manual-volume-65.pdf,,official,200,https://dss.sc.gov/media/ojqddxsk/tanf-policy-manual-volume-65.pdf,,FETCH
https://www.scchildcare.org/media/n3qmcb5u/sc-child-care-scholarship-program-fee-scale-2023-2024.pdf,us-sc,ccdf,full screener,1,scchildcare.org/media/n3qmcb5u/sc-child-care-scholarship-program-fee-scale-2023-2024.pdf,https://www.scchildcare.org/media/n3qmcb5u/sc-child-care-scholarship-program-fee-scale-2023-2024.pdf,,other,200,https://scchildcare.org/media/n3qmcb5u/sc-child-care-scholarship-program-fee-scale-2023-2024.pdf,,CHECK-PUBLISHER
https://www.scchildcare.org/media/ubhdm1at/1-13-2025_policy-manual.pdf,us-sc,ccdf,full screener,1,scchildcare.org/media/ubhdm1at/1-13-2025_policy-manual.pdf,https://www.scchildcare.org/media/ubhdm1at/1-13-2025_policy-manual.pdf,,other,200,https://scchildcare.org/media/ubhdm1at/1-13-2025_policy-manual.pdf,,CHECK-PUBLISHER
https://www.law.cornell.edu/regulations/south-carolina/R-114-1140,us-sc,tanf,full screener,1,law.cornell.edu/regulations/south-carolina/R-114-1140,https://www.law.cornell.edu/regulations/south-carolina/R-114-1140,,mirror,200,https://www.law.cornell.edu/regulations/south-carolina/R-114-1140,,OFFICIAL-SOURCE
https://www.law.cornell.edu/regulations/south-carolina/S.C.-Code-Regs.-114-1140,us-sc,tanf,full screener,1,law.cornell.edu/regulations/south-carolina/S.C.-Code-Regs.-114-1140,https://www.law.cornell.edu/regulations/south-carolina/S.C.-Code-Regs.-114-1140,,mirror,200,https://www.law.cornell.edu/regulations/south-carolina/S.C.-Code-Regs.-114-1140,,OFFICIAL-SOURCE
https://dss.sd.gov/docs/childcare/assistance/BEES_CCA_Policy_Manual.pdf,us-sd,ccdf,full screener,1,dss.sd.gov/docs/childcare/assistance/BEES_CCA_Policy_Manual.pdf,https://dss.sd.gov/docs/childcare/assistance/BEES_CCA_Policy_Manual.pdf,,official,200,https://dss.sd.gov/docs/childcare/assistance/BEES_CCA_Policy_Manual.pdf,,FETCH
https://dss.sd.gov/docs/childcare/assistance/CCA_Weekly_Reimbursement_Rates.pdf,us-sd,ccdf,full screener,1,dss.sd.gov/docs/childcare/assistance/CCA_Weekly_Reimbursement_Rates.pdf,https://dss.sd.gov/docs/childcare/assistance/CCA_Weekly_Reimbursement_Rates.pdf,,official,200,https://dss.sd.gov/docs/childcare/assistance/CCA_Weekly_Reimbursement_Rates.pdf,,FETCH
https://dss.sd.gov/docs/childcare/assistance/Provider_Rate_Regions.pdf,us-sd,ccdf,full screener,1,dss.sd.gov/docs/childcare/assistance/Provider_Rate_Regions.pdf,https://dss.sd.gov/docs/childcare/assistance/Provider_Rate_Regions.pdf,,official,200,https://dss.sd.gov/docs/childcare/assistance/Provider_Rate_Regions.pdf,,FETCH
https://dss.sd.gov/docs/childcare/assistance/Sliding_Fee_Scale.pdf,us-sd,ccdf,full screener,1,dss.sd.gov/docs/childcare/assistance/Sliding_Fee_Scale.pdf,https://dss.sd.gov/docs/childcare/assistance/Sliding_Fee_Scale.pdf,,official,200,https://dss.sd.gov/docs/childcare/assistance/Sliding_Fee_Scale.pdf,,FETCH
https://sdlegislature.gov/api/Rules/Archived/10994.pdf,us-sd,tanf,full screener,1,sdlegislature.gov/api/Rules/Archived/10994.pdf,https://sdlegislature.gov/api/Rules/Archived/10994.pdf,,official,200,https://sdlegislature.gov/api/Rules/Archived/10994.pdf,,FETCH
https://sdlegislature.gov/api/Rules/Archived/11393.pdf,us-sd,tanf,full screener,1,sdlegislature.gov/api/Rules/Archived/11393.pdf,https://sdlegislature.gov/api/Rules/Archived/11393.pdf,,official,200,https://sdlegislature.gov/api/Rules/Archived/11393.pdf,,FETCH
https://sdlegislature.gov/api/Rules/Archived/12036.pdf,us-sd,tanf,full screener,1,sdlegislature.gov/api/Rules/Archived/12036.pdf,https://sdlegislature.gov/api/Rules/Archived/12036.pdf,,official,200,https://sdlegislature.gov/api/Rules/Archived/12036.pdf,,FETCH
https://sdlegislature.gov/api/Rules/Archived/14008.pdf,us-sd,tanf,full screener,1,sdlegislature.gov/api/Rules/Archived/14008.pdf,https://sdlegislature.gov/api/Rules/Archived/14008.pdf,,official,200,https://sdlegislature.gov/api/Rules/Archived/14008.pdf,,FETCH
https://www.law.cornell.edu/regulations/south-dakota/ARSD-67-10-03-05,us-sd,tanf,full screener,1,law.cornell.edu/regulations/south-dakota/ARSD-67-10-03-05,https://www.law.cornell.edu/regulations/south-dakota/ARSD-67-10-03-05,,mirror,200,https://www.law.cornell.edu/regulations/south-dakota/ARSD-67-10-03-05,,OFFICIAL-SOURCE
https://www.law.cornell.edu/regulations/south-dakota/ARSD-67-10-04-03,us-sd,tanf,full screener,1,law.cornell.edu/regulations/south-dakota/ARSD-67-10-04-03,https://www.law.cornell.edu/regulations/south-dakota/ARSD-67-10-04-03,,mirror,200,https://www.law.cornell.edu/regulations/south-dakota/ARSD-67-10-04-03,,OFFICIAL-SOURCE
https://dss.sd.gov/docs/childcare/assistance/Subsidy_Manual.pdf,us-sd,ccdf,full screener,1,dss.sd.gov/docs/childcare/assistance/Subsidy_Manual.pdf,https://dss.sd.gov/docs/childcare/assistance/Subsidy_Manual.pdf,,official,404,,,DEAD-LINK
https://www.tn.gov/content/dam/tn/human-services/documents/Income%20Eligibility%20and%20Co-Pay%20Chart_June_1_2024.pdf,us-tn,ccdf,full screener,1,tn.gov/content/dam/tn/human-services/documents/Income%20Eligibility%20and%20Co-Pay%20Chart,https://www.tn.gov/content/dam/tn/human-services/documents/Income%20Eligibility%20and%20Co-Pay%20Chart_June_1_2024.pdf,,official,200,https://www.tn.gov/content/dam/tn/human-services/documents/Income%20Eligibility%20and%20Co-Pay%20Chart_June_1_2024.pdf,,FETCH
https://www.tn.gov/humanservices/for-families/child-care-services/update-on-child-care-funding.html,us-tn,ccdf,full screener,1,tn.gov/humanservices/for-families/child-care-services/update-on-child-care-funding.html,https://www.tn.gov/humanservices/for-families/child-care-services/update-on-child-care-funding.html,,official,200,https://www.tn.gov/humanservices/for-families/child-care-services/update-on-child-care-funding.html,,FETCH
https://www.tn.gov/content/dam/tn/human-services/documents/Current%20state%20rate%20and%20QRIS%20bonus%20table.pdf,us-tn,ccdf,full screener,1,tn.gov/content/dam/tn/human-services/documents/Current%20state%20rate%20and%20QRIS%20bonus,https://www.tn.gov/content/dam/tn/human-services/documents/Current%20state%20rate%20and%20QRIS%20bonus%20table.pdf,,official,404,,,DEAD-LINK
https://fhb.hhs.texas.gov/sites/default/files/documents/mepd-and-twh-Bulletin-24-12.pdf,us-tx,tanf,full screener,1,fhb.hhs.texas.gov/sites/default/files/documents/mepd-and-twh-Bulletin-24-12.pdf,https://fhb.hhs.texas.gov/sites/default/files/documents/mepd-and-twh-Bulletin-24-12.pdf,,official,200,https://fhb.hhs.texas.gov/sites/default/files/documents/mepd-and-twh-Bulletin-24-12.pdf,,FETCH
https://www.twc.texas.gov/sites/default/files/ccel/docs/bcy-26-psoc-chart-twc.pdf,us-tx,ccdf,full screener,1,twc.texas.gov/sites/default/files/ccel/docs/bcy-26-psoc-chart-twc.pdf,https://www.twc.texas.gov/sites/default/files/ccel/docs/bcy-26-psoc-chart-twc.pdf,,official,200,https://www.twc.texas.gov/sites/default/files/ccel/docs/bcy-26-psoc-chart-twc.pdf,,FETCH
https://www.twc.texas.gov/sites/default/files/ccel/docs/bcy2025-psoc-chart-twc.pdf,us-tx,ccdf,full screener,1,twc.texas.gov/sites/default/files/ccel/docs/bcy2025-psoc-chart-twc.pdf,https://www.twc.texas.gov/sites/default/files/ccel/docs/bcy2025-psoc-chart-twc.pdf,,official,200,https://www.twc.texas.gov/sites/default/files/ccel/docs/bcy2025-psoc-chart-twc.pdf,,FETCH
https://www.twc.texas.gov/sites/default/files/ccel/docs/bcy25-board-max-provider-payment-rates-4-age-groups-twc.pdf,us-tx,ccdf,full screener,1,twc.texas.gov/sites/default/files/ccel/docs/bcy25-board-max-provider-payment-rates-4-age-g,https://www.twc.texas.gov/sites/default/files/ccel/docs/bcy25-board-max-provider-payment-rates-4-age-groups-twc.pdf,,official,200,https://www.twc.texas.gov/sites/default/files/ccel/docs/bcy25-board-max-provider-payment-rates-4-age-groups-twc.pdf,,FETCH
https://www.twc.texas.gov/sites/default/files/ccel/docs/bcy26-board-max-provider-payment-rates-twc.pdf,us-tx,ccdf,full screener,1,twc.texas.gov/sites/default/files/ccel/docs/bcy26-board-max-provider-payment-rates-twc.pdf,https://www.twc.texas.gov/sites/default/files/ccel/docs/bcy26-board-max-provider-payment-rates-twc.pdf,,official,200,https://www.twc.texas.gov/sites/default/files/ccel/docs/bcy26-board-max-provider-payment-rates-twc.pdf,,FETCH
https://www.twc.texas.gov/sites/default/files/wf/docs/workforce-board-directory-twc.pdf,us-tx,ccdf,full screener,1,twc.texas.gov/sites/default/files/wf/docs/workforce-board-directory-twc.pdf,https://www.twc.texas.gov/sites/default/files/wf/docs/workforce-board-directory-twc.pdf,,official,200,https://www.twc.texas.gov/sites/default/files/wf/docs/workforce-board-directory-twc.pdf,,FETCH
https://texas-sos.appianportalsgov.com/rules-and-meetings?interface=VIEW_TAC_SUMMARY&recordId=141498,us-tx,tanf,full screener,1,texas-sos.appianportalsgov.com/rules-and-meetings,https://texas-sos.appianportalsgov.com/rules-and-meetings?interface=VIEW_TAC_SUMMARY&recordId=141498,,other,200,https://texas-sos.appianportalsgov.com/rules-and-meetings?interface=VIEW_TAC_SUMMARY&recordId=141498,,CHECK-PUBLISHER
https://texas-sos.appianportalsgov.com/rules-and-meetings?interface=VIEW_TAC_SUMMARY&recordId=210290,us-tx,ccdf,full screener,1,texas-sos.appianportalsgov.com/rules-and-meetings,https://texas-sos.appianportalsgov.com/rules-and-meetings?interface=VIEW_TAC_SUMMARY&recordId=210290,,other,200,https://texas-sos.appianportalsgov.com/rules-and-meetings?interface=VIEW_TAC_SUMMARY&recordId=210290,,CHECK-PUBLISHER
https://texas-sos.appianportalsgov.com/rules-and-meetings?interface=VIEW_TAC_SUMMARY&recordId=229534,us-tx,ccdf,full screener,1,texas-sos.appianportalsgov.com/rules-and-meetings,https://texas-sos.appianportalsgov.com/rules-and-meetings?interface=VIEW_TAC_SUMMARY&recordId=229534,,other,200,https://texas-sos.appianportalsgov.com/rules-and-meetings?interface=VIEW_TAC_SUMMARY&recordId=229534,,CHECK-PUBLISHER
https://wspanhandle.com/child-care/for-parents/,us-tx,ccdf,full screener,1,wspanhandle.com/child-care/for-parents/,https://wspanhandle.com/child-care/for-parents/,,other,200,https://wspanhandle.com/child-care/for-parents/,,CHECK-PUBLISHER
https://regulations.justia.com/states/texas/title-40/part-20/chapter-809/subchapter-b/section-809-20/,us-tx,ccdf,full screener,1,regulations.justia.com/states/texas/title-40/part-20/chapter-809/subchapter-b/section-809-,https://regulations.justia.com/states/texas/title-40/part-20/chapter-809/subchapter-b/section-809-20/,,mirror,403,,,OFFICIAL-SOURCE
https://www.law.cornell.edu/regulations/texas/1-TAC-372-307,us-tx,tanf,full screener,1,law.cornell.edu/regulations/texas/1-TAC-372-307,https://www.law.cornell.edu/regulations/texas/1-TAC-372-307,,mirror,200,https://www.law.cornell.edu/regulations/texas/1-TAC-372-307,,OFFICIAL-SOURCE
https://www.law.cornell.edu/regulations/texas/1-TAC-372-601,us-tx,tanf,full screener,1,law.cornell.edu/regulations/texas/1-TAC-372-601,https://www.law.cornell.edu/regulations/texas/1-TAC-372-601,,mirror,200,https://www.law.cornell.edu/regulations/texas/1-TAC-372-601,,OFFICIAL-SOURCE
https://www.law.cornell.edu/regulations/texas/1-TAC-372-605,us-tx,tanf,full screener,1,law.cornell.edu/regulations/texas/1-TAC-372-605,https://www.law.cornell.edu/regulations/texas/1-TAC-372-605,,mirror,200,https://www.law.cornell.edu/regulations/texas/1-TAC-372-605,,OFFICIAL-SOURCE
https://www.law.cornell.edu/regulations/texas/1-Tex-Admin-Code-SS-372-102,us-tx,tanf,full screener,1,law.cornell.edu/regulations/texas/1-Tex-Admin-Code-SS-372-102,https://www.law.cornell.edu/regulations/texas/1-Tex-Admin-Code-SS-372-102,,mirror,200,https://www.law.cornell.edu/regulations/texas/1-Tex-Admin-Code-SS-372-102,,OFFICIAL-SOURCE
https://www.law.cornell.edu/regulations/texas/1-Tex-Admin-Code-SS-372-104,us-tx,tanf,full screener,1,law.cornell.edu/regulations/texas/1-Tex-Admin-Code-SS-372-104,https://www.law.cornell.edu/regulations/texas/1-Tex-Admin-Code-SS-372-104,,mirror,200,https://www.law.cornell.edu/regulations/texas/1-Tex-Admin-Code-SS-372-104,,OFFICIAL-SOURCE
https://www.law.cornell.edu/regulations/texas/1-Tex-Admin-Code-SS-372-1503,us-tx,tanf,full screener,1,law.cornell.edu/regulations/texas/1-Tex-Admin-Code-SS-372-1503,https://www.law.cornell.edu/regulations/texas/1-Tex-Admin-Code-SS-372-1503,,mirror,200,https://www.law.cornell.edu/regulations/texas/1-Tex-Admin-Code-SS-372-1503,,OFFICIAL-SOURCE
https://www.law.cornell.edu/regulations/texas/1-Tex-Admin-Code-SS-372-1505,us-tx,tanf,full screener,1,law.cornell.edu/regulations/texas/1-Tex-Admin-Code-SS-372-1505,https://www.law.cornell.edu/regulations/texas/1-Tex-Admin-Code-SS-372-1505,,mirror,200,https://www.law.cornell.edu/regulations/texas/1-Tex-Admin-Code-SS-372-1505,,OFFICIAL-SOURCE
https://www.law.cornell.edu/regulations/texas/1-Tex-Admin-Code-SS-372-2,us-tx,tanf,full screener,1,law.cornell.edu/regulations/texas/1-Tex-Admin-Code-SS-372-2,https://www.law.cornell.edu/regulations/texas/1-Tex-Admin-Code-SS-372-2,,mirror,200,https://www.law.cornell.edu/regulations/texas/1-Tex-Admin-Code-SS-372-2,,OFFICIAL-SOURCE
https://www.law.cornell.edu/regulations/texas/1-Tex-Admin-Code-SS-372-201,us-tx,tanf,full screener,1,law.cornell.edu/regulations/texas/1-Tex-Admin-Code-SS-372-201,https://www.law.cornell.edu/regulations/texas/1-Tex-Admin-Code-SS-372-201,,mirror,200,https://www.law.cornell.edu/regulations/texas/1-Tex-Admin-Code-SS-372-201,,OFFICIAL-SOURCE
https://www.law.cornell.edu/regulations/texas/1-Tex-Admin-Code-SS-372-354,us-tx,tanf,full screener,1,law.cornell.edu/regulations/texas/1-Tex-Admin-Code-SS-372-354,https://www.law.cornell.edu/regulations/texas/1-Tex-Admin-Code-SS-372-354,,mirror,200,https://www.law.cornell.edu/regulations/texas/1-Tex-Admin-Code-SS-372-354,,OFFICIAL-SOURCE
https://www.law.cornell.edu/regulations/texas/1-Tex-Admin-Code-SS-372-401,us-tx,tanf,full screener,1,law.cornell.edu/regulations/texas/1-Tex-Admin-Code-SS-372-401,https://www.law.cornell.edu/regulations/texas/1-Tex-Admin-Code-SS-372-401,,mirror,200,https://www.law.cornell.edu/regulations/texas/1-Tex-Admin-Code-SS-372-401,,OFFICIAL-SOURCE
https://www.law.cornell.edu/regulations/texas/1-Tex-Admin-Code-SS-372-404,us-tx,tanf,full screener,1,law.cornell.edu/regulations/texas/1-Tex-Admin-Code-SS-372-404,https://www.law.cornell.edu/regulations/texas/1-Tex-Admin-Code-SS-372-404,,mirror,200,https://www.law.cornell.edu/regulations/texas/1-Tex-Admin-Code-SS-372-404,,OFFICIAL-SOURCE
https://www.law.cornell.edu/regulations/texas/1-Tex-Admin-Code-SS-372-408,us-tx,tanf,full screener,1,law.cornell.edu/regulations/texas/1-Tex-Admin-Code-SS-372-408,https://www.law.cornell.edu/regulations/texas/1-Tex-Admin-Code-SS-372-408,,mirror,200,https://www.law.cornell.edu/regulations/texas/1-Tex-Admin-Code-SS-372-408,,OFFICIAL-SOURCE
https://www.law.cornell.edu/regulations/texas/1-Tex-Admin-Code-SS-372-409,us-tx,tanf,full screener,1,law.cornell.edu/regulations/texas/1-Tex-Admin-Code-SS-372-409,https://www.law.cornell.edu/regulations/texas/1-Tex-Admin-Code-SS-372-409,,mirror,503,,,OFFICIAL-SOURCE
https://www.law.cornell.edu/regulations/texas/1-Tex-Admin-Code-SS-372-801,us-tx,tanf,full screener,1,law.cornell.edu/regulations/texas/1-Tex-Admin-Code-SS-372-801,https://www.law.cornell.edu/regulations/texas/1-Tex-Admin-Code-SS-372-801,,mirror,503,,,OFFICIAL-SOURCE
https://www.law.cornell.edu/regulations/texas/1-Tex-Admin-Code-SS-372-802,us-tx,tanf,full screener,1,law.cornell.edu/regulations/texas/1-Tex-Admin-Code-SS-372-802,https://www.law.cornell.edu/regulations/texas/1-Tex-Admin-Code-SS-372-802,,mirror,503,,,OFFICIAL-SOURCE
https://www.law.cornell.edu/regulations/texas/26-Tex-Admin-Code-SS-746-1601,us-tx,ccdf,full screener,1,law.cornell.edu/regulations/texas/26-Tex-Admin-Code-SS-746-1601,https://www.law.cornell.edu/regulations/texas/26-Tex-Admin-Code-SS-746-1601,,mirror,200,https://www.law.cornell.edu/regulations/texas/26-Tex-Admin-Code-SS-746-1601,,OFFICIAL-SOURCE
https://www.law.cornell.edu/regulations/texas/40-Tex-Admin-Code-SS-809-19,us-tx,ccdf,full screener,1,law.cornell.edu/regulations/texas/40-Tex-Admin-Code-SS-809-19,https://www.law.cornell.edu/regulations/texas/40-Tex-Admin-Code-SS-809-19,,mirror,200,https://www.law.cornell.edu/regulations/texas/40-Tex-Admin-Code-SS-809-19,,OFFICIAL-SOURCE
https://www.law.cornell.edu/regulations/texas/40-Tex-Admin-Code-SS-809-41,us-tx,ccdf,full screener,1,law.cornell.edu/regulations/texas/40-Tex-Admin-Code-SS-809-41,https://www.law.cornell.edu/regulations/texas/40-Tex-Admin-Code-SS-809-41,,mirror,200,https://www.law.cornell.edu/regulations/texas/40-Tex-Admin-Code-SS-809-41,,OFFICIAL-SOURCE
https://www.law.cornell.edu/regulations/texas/40-Tex-Admin-Code-SS-809-44,us-tx,ccdf,full screener,1,law.cornell.edu/regulations/texas/40-Tex-Admin-Code-SS-809-44,https://www.law.cornell.edu/regulations/texas/40-Tex-Admin-Code-SS-809-44,,mirror,200,https://www.law.cornell.edu/regulations/texas/40-Tex-Admin-Code-SS-809-44,,OFFICIAL-SOURCE
https://www.law.cornell.edu/regulations/texas/40-Tex-Admin-Code-SS-809-50,us-tx,ccdf,full screener,1,law.cornell.edu/regulations/texas/40-Tex-Admin-Code-SS-809-50,https://www.law.cornell.edu/regulations/texas/40-Tex-Admin-Code-SS-809-50,,mirror,200,https://www.law.cornell.edu/regulations/texas/40-Tex-Admin-Code-SS-809-50,,OFFICIAL-SOURCE
https://www.law.cornell.edu/regulations/texas/40-Tex-Admin-Code-SS-809-56,us-tx,ccdf,full screener,1,law.cornell.edu/regulations/texas/40-Tex-Admin-Code-SS-809-56,https://www.law.cornell.edu/regulations/texas/40-Tex-Admin-Code-SS-809-56,,mirror,200,https://www.law.cornell.edu/regulations/texas/40-Tex-Admin-Code-SS-809-56,,OFFICIAL-SOURCE
https://www.law.cornell.edu/regulations/texas/title-1/part-15/chapter-372/subchapter-B,us-tx,tanf,full screener,1,law.cornell.edu/regulations/texas/title-1/part-15/chapter-372/subchapter-B,https://www.law.cornell.edu/regulations/texas/title-1/part-15/chapter-372/subchapter-B,,mirror,503,,,OFFICIAL-SOURCE
https://www.hhs.texas.gov/sites/default/files/documents/laws-regulations/handbooks/twh/bulletin2020/19-08.pdf,us-tx,tanf,full screener,1,hhs.texas.gov/sites/default/files/documents/laws-regulations/handbooks/twh/bulletin2020/19,https://www.hhs.texas.gov/sites/default/files/documents/laws-regulations/handbooks/twh/bulletin2020/19-08.pdf,,official,404,,,DEAD-LINK
https://www.twc.texas.gov/programs/child-care-services,us-tx,ccdf,full screener,1,twc.texas.gov/programs/child-care-services,https://www.twc.texas.gov/programs/child-care-services,,official,404,,,DEAD-LINK
https://www.twc.texas.gov/sites/default/files/wf/policy-letter/wd/19-24-ch1-twc.pdf,us-tx,ccdf,full screener,1,twc.texas.gov/sites/default/files/wf/policy-letter/wd/19-24-ch1-twc.pdf,https://www.twc.texas.gov/sites/default/files/wf/policy-letter/wd/19-24-ch1-twc.pdf,,official,404,,,DEAD-LINK
https://jobs.utah.gov/customereducation/services/childcare/occsubsidyfact.pdf,us-ut,ccdf,full screener,1,jobs.utah.gov/customereducation/services/childcare/occsubsidyfact.pdf,https://jobs.utah.gov/customereducation/services/childcare/occsubsidyfact.pdf,,official,200,https://jobs.utah.gov/customereducation/services/childcare/occsubsidyfact.pdf,,FETCH
https://jobs.utah.gov/infosource/eligibilitymanual/Obsolete_Policy/Obsolete_Tables%2c_Appendices%2c_and_Charts/Table_1/ObsoleteTable1_(2008_to_4_30_12).htm,us-ut,tanf,full screener,1,jobs.utah.gov/infosource/eligibilitymanual/Obsolete_Policy/Obsolete_Tables%2c_Appendices%2,https://jobs.utah.gov/infosource/eligibilitymanual/Obsolete_Policy/Obsolete_Tables%2c_Appendices%2c_and_Charts/Table_1/ObsoleteTable1_(2008_to_4_30_12).htm,,official,200,https://jobs.utah.gov/infosource/eligibilitymanual/Obsolete_Policy/Obsolete_Tables%2c_Appendices%2c_and_Charts/Table_1/ObsoleteTable1_(2008_to_4_30_12).htm,,FETCH
https://jobs.utah.gov/infosource/eligibilitymanual/Obsolete_Policy/Obsolete_Tables%2c_Appendices%2c_and_Charts/Table_1/Obsolete_Table_1_(05_01_12_to_09_30_22).htm,us-ut,tanf,full screener,1,jobs.utah.gov/infosource/eligibilitymanual/Obsolete_Policy/Obsolete_Tables%2c_Appendices%2,https://jobs.utah.gov/infosource/eligibilitymanual/Obsolete_Policy/Obsolete_Tables%2c_Appendices%2c_and_Charts/Table_1/Obsolete_Table_1_(05_01_12_to_09_30_22).htm,,official,200,https://jobs.utah.gov/infosource/eligibilitymanual/Obsolete_Policy/Obsolete_Tables%2c_Appendices%2c_and_Charts/Table_1/Obsolete_Table_1_(05_01_12_to_09_30_22).htm,,FETCH
https://jobs.utah.gov/occ/provider/r986700.pdf,us-ut,ccdf,full screener,1,jobs.utah.gov/occ/provider/r986700.pdf,https://jobs.utah.gov/occ/provider/r986700.pdf,,official,200,https://jobs.utah.gov/occ/provider/r986700.pdf,,FETCH
https://www.law.cornell.edu/regulations/utah/Utah-Admin-Code-R986-200-202,us-ut,tanf,full screener,1,law.cornell.edu/regulations/utah/Utah-Admin-Code-R986-200-202,https://www.law.cornell.edu/regulations/utah/Utah-Admin-Code-R986-200-202,,mirror,200,https://www.law.cornell.edu/regulations/utah/Utah-Admin-Code-R986-200-202,,OFFICIAL-SOURCE
https://www.law.cornell.edu/regulations/utah/Utah-Admin-Code-R986-200-230,us-ut,tanf,full screener,1,law.cornell.edu/regulations/utah/Utah-Admin-Code-R986-200-230,https://www.law.cornell.edu/regulations/utah/Utah-Admin-Code-R986-200-230,,mirror,503,,,OFFICIAL-SOURCE
https://www.law.cornell.edu/regulations/utah/Utah-Admin-Code-R986-200-235,us-ut,ccdf,full screener,1,law.cornell.edu/regulations/utah/Utah-Admin-Code-R986-200-235,https://www.law.cornell.edu/regulations/utah/Utah-Admin-Code-R986-200-235,,mirror,200,https://www.law.cornell.edu/regulations/utah/Utah-Admin-Code-R986-200-235,,OFFICIAL-SOURCE
https://www.law.cornell.edu/regulations/utah/Utah-Admin-Code-R986-200-236,us-ut,ccdf,full screener,1,law.cornell.edu/regulations/utah/Utah-Admin-Code-R986-200-236,https://www.law.cornell.edu/regulations/utah/Utah-Admin-Code-R986-200-236,,mirror,200,https://www.law.cornell.edu/regulations/utah/Utah-Admin-Code-R986-200-236,,OFFICIAL-SOURCE
https://www.law.cornell.edu/regulations/utah/Utah-Admin-Code-R986-200-239,us-ut,tanf,full screener,1,law.cornell.edu/regulations/utah/Utah-Admin-Code-R986-200-239,https://www.law.cornell.edu/regulations/utah/Utah-Admin-Code-R986-200-239,,mirror,503,,,OFFICIAL-SOURCE
https://www.law.cornell.edu/regulations/utah/Utah-Admin-Code-R986-700-702,us-ut,ccdf,full screener,1,law.cornell.edu/regulations/utah/Utah-Admin-Code-R986-700-702,https://www.law.cornell.edu/regulations/utah/Utah-Admin-Code-R986-700-702,,mirror,200,https://www.law.cornell.edu/regulations/utah/Utah-Admin-Code-R986-700-702,,OFFICIAL-SOURCE
https://www.law.cornell.edu/regulations/utah/Utah-Admin-Code-R986-700-707,us-ut,ccdf,full screener,1,law.cornell.edu/regulations/utah/Utah-Admin-Code-R986-700-707,https://www.law.cornell.edu/regulations/utah/Utah-Admin-Code-R986-700-707,,mirror,200,https://www.law.cornell.edu/regulations/utah/Utah-Admin-Code-R986-700-707,,OFFICIAL-SOURCE
https://www.law.cornell.edu/regulations/utah/Utah-Admin-Code-R986-700-709,us-ut,ccdf,full screener,1,law.cornell.edu/regulations/utah/Utah-Admin-Code-R986-700-709,https://www.law.cornell.edu/regulations/utah/Utah-Admin-Code-R986-700-709,,mirror,200,https://www.law.cornell.edu/regulations/utah/Utah-Admin-Code-R986-700-709,,OFFICIAL-SOURCE
https://www.law.cornell.edu/regulations/utah/Utah-Admin-Code-R986-700-710,us-ut,ccdf,full screener,1,law.cornell.edu/regulations/utah/Utah-Admin-Code-R986-700-710,https://www.law.cornell.edu/regulations/utah/Utah-Admin-Code-R986-700-710,,mirror,200,https://www.law.cornell.edu/regulations/utah/Utah-Admin-Code-R986-700-710,,OFFICIAL-SOURCE
https://www.law.cornell.edu/regulations/utah/Utah-Admin-Code-R986-700-713,us-ut,ccdf,full screener,1,law.cornell.edu/regulations/utah/Utah-Admin-Code-R986-700-713,https://www.law.cornell.edu/regulations/utah/Utah-Admin-Code-R986-700-713,,mirror,200,https://www.law.cornell.edu/regulations/utah/Utah-Admin-Code-R986-700-713,,OFFICIAL-SOURCE
https://budget.lis.virginia.gov/amendment/2015/1/HB1400/Introduced/CR/335/1c/,us-va,tanf,full screener,1,budget.lis.virginia.gov/amendment/2015/1/HB1400/Introduced/CR/335/1c/,https://budget.lis.virginia.gov/amendment/2015/1/HB1400/Introduced/CR/335/1c/,,official,200,https://budget.lis.virginia.gov/amendment/2015/1/HB1400/Introduced/CR/335/1c/,,FETCH
https://budget.lis.virginia.gov/amendment/2019/1/SB1100/Introduced/CA/340/1s/,us-va,tanf,full screener,1,budget.lis.virginia.gov/amendment/2019/1/SB1100/Introduced/CA/340/1s/,https://budget.lis.virginia.gov/amendment/2019/1/SB1100/Introduced/CA/340/1s/,,official,200,https://budget.lis.virginia.gov/amendment/2019/1/SB1100/Introduced/CA/340/1s/,,FETCH
https://budget.lis.virginia.gov/amendment/2020/1/hb30/introduced/cr/350/1c/,us-va,tanf,full screener,1,budget.lis.virginia.gov/amendment/2020/1/hb30/introduced/cr/350/1c/,https://budget.lis.virginia.gov/amendment/2020/1/hb30/introduced/cr/350/1c/,,official,200,https://budget.lis.virginia.gov/amendment/2020/1/hb30/introduced/cr/350/1c/,,FETCH
https://budget.lis.virginia.gov/amendment/2021/2/HB1800/introduced/CR/350/2c/,us-va,tanf,full screener,1,budget.lis.virginia.gov/amendment/2021/2/HB1800/introduced/CR/350/2c/,https://budget.lis.virginia.gov/amendment/2021/2/HB1800/introduced/CR/350/2c/,,official,200,https://budget.lis.virginia.gov/amendment/2021/2/HB1800/introduced/CR/350/2c/,,FETCH
https://budget.lis.virginia.gov/amendment/2022/2/HB30/Introduced/CR/341/2c/,us-va,tanf,full screener,1,budget.lis.virginia.gov/amendment/2022/2/HB30/Introduced/CR/341/2c/,https://budget.lis.virginia.gov/amendment/2022/2/HB30/Introduced/CR/341/2c/,,official,200,https://budget.lis.virginia.gov/amendment/2022/2/HB30/Introduced/CR/341/2c/,,FETCH
https://budget.lis.virginia.gov/item/2025/1/HB1600/Chapter/1/125.10/,us-va,ccdf,full screener,1,budget.lis.virginia.gov/item/2025/1/HB1600/Chapter/1/125.10/,https://budget.lis.virginia.gov/item/2025/1/HB1600/Chapter/1/125.10/,,official,200,https://budget.lis.virginia.gov/item/2025/1/HB1600/Chapter/1/125.10/,,FETCH
https://law.lis.virginia.gov/admincode/title22/agency40/chapter295/section50/,us-va,tanf,full screener,1,law.lis.virginia.gov/admincode/title22/agency40/chapter295/section50/,https://law.lis.virginia.gov/admincode/title22/agency40/chapter295/section50/,,official,200,https://law.lis.virginia.gov/admincode/title22/agency40/chapter295/section50/,,FETCH
https://law.lis.virginia.gov/admincode/title8/agency20/chapter790/section20/,us-va,ccdf,full screener,1,law.lis.virginia.gov/admincode/title8/agency20/chapter790/section20/,https://law.lis.virginia.gov/admincode/title8/agency20/chapter790/section20/,,official,200,https://law.lis.virginia.gov/admincode/title8/agency20/chapter790/section20/,,FETCH
https://law.lis.virginia.gov/admincode/title8/agency20/chapter790/section40/,us-va,ccdf,full screener,1,law.lis.virginia.gov/admincode/title8/agency20/chapter790/section40/,https://law.lis.virginia.gov/admincode/title8/agency20/chapter790/section40/,,official,200,https://law.lis.virginia.gov/admincode/title8/agency20/chapter790/section40/,,FETCH
https://rga.lis.virginia.gov/Published/2023/RD81/PDF,us-va,tanf,full screener,1,rga.lis.virginia.gov/Published/2023/RD81/PDF,https://rga.lis.virginia.gov/Published/2023/RD81/PDF,,official,200,https://rga.lis.virginia.gov/Published/2023/RD81/PDF,,FETCH
https://townhall.virginia.gov/L/GetFile.cfm?File=C%3A%5CTownHall%5Cdocroot%5CGuidanceDocs_Proposed%5C201%5CGDoc_DOE_8298_20250805.pdf,us-va,ccdf,full screener,1,townhall.virginia.gov/L/GetFile.cfm,https://townhall.virginia.gov/L/GetFile.cfm?File=C%3A%5CTownHall%5Cdocroot%5CGuidanceDocs_Proposed%5C201%5CGDoc_DOE_8298_20250805.pdf,,official,200,https://townhall.virginia.gov/L/GetFile.cfm?File=C%3A%5CTownHall%5Cdocroot%5CGuidanceDocs_Proposed%5C201%5CGDoc_DOE_8298_20250805.pdf,,FETCH
https://www.dss.virginia.gov/media/vdss/benefit-programs/documents/tanfx2fview/tanf/Combined-Full-Manual-07-24_1.pdf,us-va,tanf,full screener,1,dss.virginia.gov/media/vdss/benefit-programs/documents/tanfx2fview/tanf/Combined-Full-Manu,https://www.dss.virginia.gov/media/vdss/benefit-programs/documents/tanfx2fview/tanf/Combined-Full-Manual-07-24_1.pdf,,official,200,https://www.dss.virginia.gov/media/vdss/benefit-programs/documents/tanfx2fview/tanf/Combined-Full-Manual-07-24_1.pdf,,FETCH
https://www.dss.virginia.gov/files/division/bp/tanf/manual/300_11-20.pdf,us-va,tanf,full screener,1,dss.virginia.gov/files/division/bp/tanf/manual/300_11-20.pdf,https://www.dss.virginia.gov/files/division/bp/tanf/manual/300_11-20.pdf,,official,404,,,DEAD-LINK
https://www.childcare.virginia.gov/home/showpublisheddocument/65775/638937831784030000,us-va,ccdf,full screener,1,childcare.virginia.gov/home/showpublisheddocument/65775/638937831784030000,https://www.childcare.virginia.gov/home/showpublisheddocument/65775/638937831784030000,,official,403,,,BLOCKED-CHECK
https://www.childcare.virginia.gov/home/showpublisheddocument/66667/638981099706730000,us-va,ccdf,full screener,1,childcare.virginia.gov/home/showpublisheddocument/66667/638981099706730000,https://www.childcare.virginia.gov/home/showpublisheddocument/66667/638981099706730000,,official,403,,,BLOCKED-CHECK
https://dcf.vermont.gov/cdd-blog/act-76-and-ccfap-updates-june-2024,us-vt,ccdf,full screener,1,dcf.vermont.gov/cdd-blog/act-76-and-ccfap-updates-june-2024,https://dcf.vermont.gov/cdd-blog/act-76-and-ccfap-updates-june-2024,,official,200,https://dcf.vermont.gov/cdd-blog/act-76-and-ccfap-updates-june-2024,,FETCH
https://dcf.vermont.gov/dcf-news/more-vermont-families-qualify-child-care-financial-assistance,us-vt,ccdf,full screener,1,dcf.vermont.gov/dcf-news/more-vermont-families-qualify-child-care-financial-assistance,https://dcf.vermont.gov/dcf-news/more-vermont-families-qualify-child-care-financial-assistance,,official,200,https://dcf.vermont.gov/dcf-news/more-vermont-families-qualify-child-care-financial-assistance,,FETCH
https://legislature.vermont.gov/Documents/2022/Docs/ACTS/ACT133/ACT133%20As%20Enacted.pdf,us-vt,tanf,full screener,1,legislature.vermont.gov/Documents/2022/Docs/ACTS/ACT133/ACT133%20As%20Enacted.pdf,https://legislature.vermont.gov/Documents/2022/Docs/ACTS/ACT133/ACT133%20As%20Enacted.pdf,,official,200,https://legislature.vermont.gov/Documents/2022/Docs/ACTS/ACT133/ACT133%20As%20Enacted.pdf,,FETCH
https://legislature.vermont.gov/Documents/2024/Docs/ACTS/ACT076/ACT076%20As%20Enacted.pdf,us-vt,ccdf,full screener,1,legislature.vermont.gov/Documents/2024/Docs/ACTS/ACT076/ACT076%20As%20Enacted.pdf,https://legislature.vermont.gov/Documents/2024/Docs/ACTS/ACT076/ACT076%20As%20Enacted.pdf,,official,200,https://legislature.vermont.gov/Documents/2024/Docs/ACTS/ACT076/ACT076%20As%20Enacted.pdf,,FETCH
https://legislature.vermont.gov/assets/Legislative-Reports/Act-76-CCFAP-Rates-Jan-2024.pdf,us-vt,ccdf,full screener,1,legislature.vermont.gov/assets/Legislative-Reports/Act-76-CCFAP-Rates-Jan-2024.pdf,https://legislature.vermont.gov/assets/Legislative-Reports/Act-76-CCFAP-Rates-Jan-2024.pdf,,official,200,https://legislature.vermont.gov/assets/Legislative-Reports/Act-76-CCFAP-Rates-Jan-2024.pdf,,FETCH
https://legislature.vermont.gov/assets/Legislative-Reports/Reach-Up-Annual-Report-2018.01.31.pdf,us-vt,tanf,full screener,1,legislature.vermont.gov/assets/Legislative-Reports/Reach-Up-Annual-Report-2018.01.31.pdf,https://legislature.vermont.gov/assets/Legislative-Reports/Reach-Up-Annual-Report-2018.01.31.pdf,,official,200,https://legislature.vermont.gov/assets/Legislative-Reports/Reach-Up-Annual-Report-2018.01.31.pdf,,FETCH
https://legislature.vermont.gov/statutes/fullchapter/33/011,us-vt,tanf,full screener,1,legislature.vermont.gov/statutes/fullchapter/33/011,https://legislature.vermont.gov/statutes/fullchapter/33/011,,official,200,https://legislature.vermont.gov/statutes/fullchapter/33/011,,FETCH
https://legislature.vermont.gov/statutes/section/33/011/01103,us-vt,tanf,full screener,1,legislature.vermont.gov/statutes/section/33/011/01103,https://legislature.vermont.gov/statutes/section/33/011/01103,,official,200,https://legislature.vermont.gov/statutes/section/33/011/01103,,FETCH
https://legislature.vermont.gov/statutes/section/33/035/03512,us-vt,ccdf,full screener,1,legislature.vermont.gov/statutes/section/33/035/03512,https://legislature.vermont.gov/statutes/section/33/035/03512,,official,200,https://legislature.vermont.gov/statutes/section/33/035/03512,,FETCH
https://outside.vermont.gov/dept/DCF/Policies%20Procedures%20Guidance/ESD-Procedure-P2230A.pdf,us-vt,tanf,full screener,1,outside.vermont.gov/dept/DCF/Policies%20Procedures%20Guidance/ESD-Procedure-P2230A.pdf,https://outside.vermont.gov/dept/DCF/Policies%20Procedures%20Guidance/ESD-Procedure-P2230A.pdf,,official,200,https://outside.vermont.gov/dept/DCF/Policies%20Procedures%20Guidance/ESD-Procedure-P2230A.pdf,,FETCH
https://outside.vermont.gov/dept/DCF/Shared%20Documents/Benefits/CCFAP-Income-Guidelines.pdf,us-vt,ccdf,full screener,1,outside.vermont.gov/dept/DCF/Shared%20Documents/Benefits/CCFAP-Income-Guidelines.pdf,https://outside.vermont.gov/dept/DCF/Shared%20Documents/Benefits/CCFAP-Income-Guidelines.pdf,,official,200,https://outside.vermont.gov/dept/DCF/Shared%20Documents/Benefits/CCFAP-Income-Guidelines.pdf,,FETCH
https://outside.vermont.gov/dept/DCF/Shared%20Documents/CDD/Act76/ACT-76-FAQs.pdf,us-vt,ccdf,full screener,1,outside.vermont.gov/dept/DCF/Shared%20Documents/CDD/Act76/ACT-76-FAQs.pdf,https://outside.vermont.gov/dept/DCF/Shared%20Documents/CDD/Act76/ACT-76-FAQs.pdf,,official,200,https://outside.vermont.gov/dept/DCF/Shared%20Documents/CDD/Act76/ACT-76-FAQs.pdf,,FETCH
https://outside.vermont.gov/dept/DCF/Shared%20Documents/CDD/Act76/CCFAP-Rate-Increase-Per-Act-76.pdf,us-vt,ccdf,full screener,1,outside.vermont.gov/dept/DCF/Shared%20Documents/CDD/Act76/CCFAP-Rate-Increase-Per-Act-76.p,https://outside.vermont.gov/dept/DCF/Shared%20Documents/CDD/Act76/CCFAP-Rate-Increase-Per-Act-76.pdf,,official,200,https://outside.vermont.gov/dept/DCF/Shared%20Documents/CDD/Act76/CCFAP-Rate-Increase-Per-Act-76.pdf,,FETCH
https://outside.vermont.gov/dept/DCF/Shared%20Documents/CDD/Act76/Memo-Act-76-CCFAP-Rule-Revision.pdf,us-vt,ccdf,full screener,1,outside.vermont.gov/dept/DCF/Shared%20Documents/CDD/Act76/Memo-Act-76-CCFAP-Rule-Revision.,https://outside.vermont.gov/dept/DCF/Shared%20Documents/CDD/Act76/Memo-Act-76-CCFAP-Rule-Revision.pdf,,official,200,https://outside.vermont.gov/dept/DCF/Shared%20Documents/CDD/Act76/Memo-Act-76-CCFAP-Rule-Revision.pdf,,FETCH
https://outside.vermont.gov/dept/DCF/Shared%20Documents/CDD/CCFAP/CCFAP-State-Rates.pdf,us-vt,ccdf,full screener,1,outside.vermont.gov/dept/DCF/Shared%20Documents/CDD/CCFAP/CCFAP-State-Rates.pdf,https://outside.vermont.gov/dept/DCF/Shared%20Documents/CDD/CCFAP/CCFAP-State-Rates.pdf,,official,200,https://outside.vermont.gov/dept/DCF/Shared%20Documents/CDD/CCFAP/CCFAP-State-Rates.pdf,,FETCH
https://www.vtlawhelp.org/does-reach-change-my-child-support,us-vt,tanf,full screener,1,vtlawhelp.org/does-reach-change-my-child-support,https://www.vtlawhelp.org/does-reach-change-my-child-support,,other,200,https://www.vtlawhelp.org/does-reach-change-my-child-support,,CHECK-PUBLISHER
https://law.justia.com/codes/vermont/2016/title-33/chapter-11/section-1103/,us-vt,tanf,full screener,1,law.justia.com/codes/vermont/2016/title-33/chapter-11/section-1103/,https://law.justia.com/codes/vermont/2016/title-33/chapter-11/section-1103/,,mirror,403,,,OFFICIAL-SOURCE
https://law.justia.com/codes/vermont/title-33/chapter-11/section-1103/,us-vt,tanf,full screener,1,law.justia.com/codes/vermont/title-33/chapter-11/section-1103/,https://law.justia.com/codes/vermont/title-33/chapter-11/section-1103/,,mirror,403,,,OFFICIAL-SOURCE
https://www.law.cornell.edu/regulations/vermont/13-220-Code-Vt-R-13-170-220-X,us-vt,tanf,full screener,1,law.cornell.edu/regulations/vermont/13-220-Code-Vt-R-13-170-220-X,https://www.law.cornell.edu/regulations/vermont/13-220-Code-Vt-R-13-170-220-X,,mirror,200,https://www.law.cornell.edu/regulations/vermont/13-220-Code-Vt-R-13-170-220-X,,OFFICIAL-SOURCE
https://ljfo.vermont.gov/assets/Uploads/9bc271c390/Reach-Up-Annual-Report_FINAL_2020.01.15.pdf,us-vt,tanf,full screener,1,ljfo.vermont.gov/assets/Uploads/9bc271c390/Reach-Up-Annual-Report_FINAL_2020.01.15.pdf,https://ljfo.vermont.gov/assets/Uploads/9bc271c390/Reach-Up-Annual-Report_FINAL_2020.01.15.pdf,,official,error:URLError,,,DEAD-LINK
https://app.leg.wa.gov/RCW/default.aspx?cite=43.216.135,us-wa,ccdf,full screener,1,app.leg.wa.gov/RCW/default.aspx,https://app.leg.wa.gov/RCW/default.aspx?cite=43.216.135,,official,200,https://app.leg.wa.gov/RCW/default.aspx?cite=43.216.135,,FETCH
https://app.leg.wa.gov/RCW/default.aspx?cite=43.216.802,us-wa,ccdf,full screener,1,app.leg.wa.gov/RCW/default.aspx,https://app.leg.wa.gov/RCW/default.aspx?cite=43.216.802,,official,200,https://app.leg.wa.gov/RCW/default.aspx?cite=43.216.802,,FETCH
https://app.leg.wa.gov/RCW/default.aspx?cite=43.216.814,us-wa,ccdf,full screener,1,app.leg.wa.gov/RCW/default.aspx,https://app.leg.wa.gov/RCW/default.aspx?cite=43.216.814,,official,200,https://app.leg.wa.gov/RCW/default.aspx?cite=43.216.814,,FETCH
https://app.leg.wa.gov/rcw/default.aspx?cite=74.04.005,us-wa,tanf,full screener,1,app.leg.wa.gov/rcw/default.aspx,https://app.leg.wa.gov/rcw/default.aspx?cite=74.04.005,,official,200,https://app.leg.wa.gov/rcw/default.aspx?cite=74.04.005,,FETCH
https://app.leg.wa.gov/rcw/default.aspx?cite=74.08A.230,us-wa,tanf,full screener,1,app.leg.wa.gov/rcw/default.aspx,https://app.leg.wa.gov/rcw/default.aspx?cite=74.08A.230,,official,200,https://app.leg.wa.gov/rcw/default.aspx?cite=74.08A.230,,FETCH
https://app.leg.wa.gov/wac/default.aspx?cite=110-15,us-wa,ccdf,full screener,1,app.leg.wa.gov/wac/default.aspx,https://app.leg.wa.gov/wac/default.aspx?cite=110-15,,official,200,https://app.leg.wa.gov/wac/default.aspx?cite=110-15,,FETCH
https://app.leg.wa.gov/wac/default.aspx?cite=110-15-0005,us-wa,ccdf,full screener,1,app.leg.wa.gov/wac/default.aspx,https://app.leg.wa.gov/wac/default.aspx?cite=110-15-0005,,official,200,https://app.leg.wa.gov/wac/default.aspx?cite=110-15-0005,,FETCH
https://app.leg.wa.gov/wac/default.aspx?cite=110-15-0020,us-wa,ccdf,full screener,1,app.leg.wa.gov/wac/default.aspx,https://app.leg.wa.gov/wac/default.aspx?cite=110-15-0020,,official,200,https://app.leg.wa.gov/wac/default.aspx?cite=110-15-0020,,FETCH
https://app.leg.wa.gov/wac/default.aspx?cite=110-15-0023,us-wa,ccdf,full screener,1,app.leg.wa.gov/wac/default.aspx,https://app.leg.wa.gov/wac/default.aspx?cite=110-15-0023,,official,200,https://app.leg.wa.gov/wac/default.aspx?cite=110-15-0023,,FETCH
https://app.leg.wa.gov/wac/default.aspx?cite=110-15-0024,us-wa,ccdf,full screener,1,app.leg.wa.gov/wac/default.aspx,https://app.leg.wa.gov/wac/default.aspx?cite=110-15-0024,,official,200,https://app.leg.wa.gov/wac/default.aspx?cite=110-15-0024,,FETCH
https://app.leg.wa.gov/wac/default.aspx?cite=110-15-0040,us-wa,ccdf,full screener,1,app.leg.wa.gov/wac/default.aspx,https://app.leg.wa.gov/wac/default.aspx?cite=110-15-0040,,official,200,https://app.leg.wa.gov/wac/default.aspx?cite=110-15-0040,,FETCH
https://app.leg.wa.gov/wac/default.aspx?cite=110-15-0060,us-wa,ccdf,full screener,1,app.leg.wa.gov/wac/default.aspx,https://app.leg.wa.gov/wac/default.aspx?cite=110-15-0060,,official,200,https://app.leg.wa.gov/wac/default.aspx?cite=110-15-0060,,FETCH
https://app.leg.wa.gov/wac/default.aspx?cite=110-15-0065,us-wa,ccdf,full screener,1,app.leg.wa.gov/wac/default.aspx,https://app.leg.wa.gov/wac/default.aspx?cite=110-15-0065,,official,200,https://app.leg.wa.gov/wac/default.aspx?cite=110-15-0065,,FETCH
https://app.leg.wa.gov/wac/default.aspx?cite=110-15-0070,us-wa,ccdf,full screener,1,app.leg.wa.gov/wac/default.aspx,https://app.leg.wa.gov/wac/default.aspx?cite=110-15-0070,,official,200,https://app.leg.wa.gov/wac/default.aspx?cite=110-15-0070,,FETCH
https://app.leg.wa.gov/wac/default.aspx?cite=110-15-0075,us-wa,ccdf,full screener,1,app.leg.wa.gov/wac/default.aspx,https://app.leg.wa.gov/wac/default.aspx?cite=110-15-0075,,official,200,https://app.leg.wa.gov/wac/default.aspx?cite=110-15-0075,,FETCH
https://app.leg.wa.gov/wac/default.aspx?cite=110-15-0190,us-wa,ccdf,full screener,1,app.leg.wa.gov/wac/default.aspx,https://app.leg.wa.gov/wac/default.aspx?cite=110-15-0190,,official,200,https://app.leg.wa.gov/wac/default.aspx?cite=110-15-0190,,FETCH
https://app.leg.wa.gov/wac/default.aspx?cite=110-15-0200,us-wa,ccdf,full screener,1,app.leg.wa.gov/wac/default.aspx,https://app.leg.wa.gov/wac/default.aspx?cite=110-15-0200,,official,200,https://app.leg.wa.gov/wac/default.aspx?cite=110-15-0200,,FETCH
https://app.leg.wa.gov/wac/default.aspx?cite=110-15-0205,us-wa,ccdf,full screener,1,app.leg.wa.gov/wac/default.aspx,https://app.leg.wa.gov/wac/default.aspx?cite=110-15-0205,,official,200,https://app.leg.wa.gov/wac/default.aspx?cite=110-15-0205,,FETCH
https://app.leg.wa.gov/wac/default.aspx?cite=110-15-0220,us-wa,ccdf,full screener,1,app.leg.wa.gov/wac/default.aspx,https://app.leg.wa.gov/wac/default.aspx?cite=110-15-0220,,official,200,https://app.leg.wa.gov/wac/default.aspx?cite=110-15-0220,,FETCH
https://app.leg.wa.gov/wac/default.aspx?cite=110-15-0240,us-wa,ccdf,full screener,1,app.leg.wa.gov/wac/default.aspx,https://app.leg.wa.gov/wac/default.aspx?cite=110-15-0240,,official,200,https://app.leg.wa.gov/wac/default.aspx?cite=110-15-0240,,FETCH
https://app.leg.wa.gov/wac/default.aspx?cite=388-400-0005,us-wa,tanf,full screener,1,app.leg.wa.gov/wac/default.aspx,https://app.leg.wa.gov/wac/default.aspx?cite=388-400-0005,,official,200,https://app.leg.wa.gov/wac/default.aspx?cite=388-400-0005,,FETCH
https://app.leg.wa.gov/wac/default.aspx?cite=388-424-0006,us-wa,tanf,full screener,1,app.leg.wa.gov/wac/default.aspx,https://app.leg.wa.gov/wac/default.aspx?cite=388-424-0006,,official,200,https://app.leg.wa.gov/wac/default.aspx?cite=388-424-0006,,FETCH
https://app.leg.wa.gov/wac/default.aspx?cite=388-424-0010,us-wa,tanf,full screener,1,app.leg.wa.gov/wac/default.aspx,https://app.leg.wa.gov/wac/default.aspx?cite=388-424-0010,,official,200,https://app.leg.wa.gov/wac/default.aspx?cite=388-424-0010,,FETCH
https://app.leg.wa.gov/wac/default.aspx?cite=388-450-0162,us-wa,tanf,full screener,1,app.leg.wa.gov/wac/default.aspx,https://app.leg.wa.gov/wac/default.aspx?cite=388-450-0162,,official,200,https://app.leg.wa.gov/wac/default.aspx?cite=388-450-0162,,FETCH
https://app.leg.wa.gov/wac/default.aspx?cite=388-450-0165,us-wa,tanf,full screener,1,app.leg.wa.gov/wac/default.aspx,https://app.leg.wa.gov/wac/default.aspx?cite=388-450-0165,,official,200,https://app.leg.wa.gov/wac/default.aspx?cite=388-450-0165,,FETCH
https://app.leg.wa.gov/wac/default.aspx?cite=388-450-0170,us-wa,tanf,full screener,1,app.leg.wa.gov/wac/default.aspx,https://app.leg.wa.gov/wac/default.aspx?cite=388-450-0170,,official,200,https://app.leg.wa.gov/wac/default.aspx?cite=388-450-0170,,FETCH
https://app.leg.wa.gov/wac/default.aspx?cite=388-470-0005,us-wa,tanf,full screener,1,app.leg.wa.gov/wac/default.aspx,https://app.leg.wa.gov/wac/default.aspx?cite=388-470-0005,,official,200,https://app.leg.wa.gov/wac/default.aspx?cite=388-470-0005,,FETCH
https://app.leg.wa.gov/wac/default.aspx?cite=388-470-0045,us-wa,tanf,full screener,1,app.leg.wa.gov/wac/default.aspx,https://app.leg.wa.gov/wac/default.aspx?cite=388-470-0045,,official,200,https://app.leg.wa.gov/wac/default.aspx?cite=388-470-0045,,FETCH
https://app.leg.wa.gov/wac/default.aspx?cite=388-470-0070,us-wa,tanf,full screener,1,app.leg.wa.gov/wac/default.aspx,https://app.leg.wa.gov/wac/default.aspx?cite=388-470-0070,,official,200,https://app.leg.wa.gov/wac/default.aspx?cite=388-470-0070,,FETCH
https://app.leg.wa.gov/wac/default.aspx?cite=388-478-0020,us-wa,tanf,full screener,1,app.leg.wa.gov/wac/default.aspx,https://app.leg.wa.gov/wac/default.aspx?cite=388-478-0020,,official,200,https://app.leg.wa.gov/wac/default.aspx?cite=388-478-0020,,FETCH
https://app.leg.wa.gov/wac/default.aspx?cite=388-478-0035,us-wa,tanf,full screener,1,app.leg.wa.gov/wac/default.aspx,https://app.leg.wa.gov/wac/default.aspx?cite=388-478-0035,,official,200,https://app.leg.wa.gov/wac/default.aspx?cite=388-478-0035,,FETCH
https://dcyf.wa.gov/news/subsidy-rate-increase-child-care-centers,us-wa,ccdf,full screener,1,dcyf.wa.gov/news/subsidy-rate-increase-child-care-centers,https://dcyf.wa.gov/news/subsidy-rate-increase-child-care-centers,,official,200,https://dcyf.wa.gov/news/subsidy-rate-increase-child-care-centers,,FETCH
https://lawfilesext.leg.wa.gov/biennium/2017-18/Pdf/Bills/Session%20Laws/House/1831-S2.SL.pdf,us-wa,tanf,full screener,1,lawfilesext.leg.wa.gov/biennium/2017-18/Pdf/Bills/Session%20Laws/House/1831-S2.SL.pdf,https://lawfilesext.leg.wa.gov/biennium/2017-18/Pdf/Bills/Session%20Laws/House/1831-S2.SL.pdf,,official,200,https://lawfilesext.leg.wa.gov/biennium/2017-18/Pdf/Bills/Session%20Laws/House/1831-S2.SL.pdf,,FETCH
https://lawfilesext.leg.wa.gov/biennium/2023-24/Pdf/Bills/Session%20Laws/House/1447-S2.SL.pdf,us-wa,tanf,full screener,1,lawfilesext.leg.wa.gov/biennium/2023-24/Pdf/Bills/Session%20Laws/House/1447-S2.SL.pdf,https://lawfilesext.leg.wa.gov/biennium/2023-24/Pdf/Bills/Session%20Laws/House/1447-S2.SL.pdf,,official,200,https://lawfilesext.leg.wa.gov/biennium/2023-24/Pdf/Bills/Session%20Laws/House/1447-S2.SL.pdf,,FETCH
https://lawfilesext.leg.wa.gov/law/wsr/2016/01/16-01-093.htm,us-wa,tanf,full screener,1,lawfilesext.leg.wa.gov/law/wsr/2016/01/16-01-093.htm,https://lawfilesext.leg.wa.gov/law/wsr/2016/01/16-01-093.htm,,official,200,https://lawfilesext.leg.wa.gov/law/wsr/2016/01/16-01-093.htm,,FETCH
https://lawfilesext.leg.wa.gov/law/wsr/2018/09/18-09-088.htm,us-wa,tanf,full screener,1,lawfilesext.leg.wa.gov/law/wsr/2018/09/18-09-088.htm,https://lawfilesext.leg.wa.gov/law/wsr/2018/09/18-09-088.htm,,official,200,https://lawfilesext.leg.wa.gov/law/wsr/2018/09/18-09-088.htm,,FETCH
https://lawfilesext.leg.wa.gov/law/wsr/2021/21/21-21-054.htm,us-wa,tanf,full screener,1,lawfilesext.leg.wa.gov/law/wsr/2021/21/21-21-054.htm,https://lawfilesext.leg.wa.gov/law/wsr/2021/21/21-21-054.htm,,official,200,https://lawfilesext.leg.wa.gov/law/wsr/2021/21/21-21-054.htm,,FETCH
https://lawfilesext.leg.wa.gov/law/wsr/2023/23/23-23-054.htm,us-wa,tanf,full screener,1,lawfilesext.leg.wa.gov/law/wsr/2023/23/23-23-054.htm,https://lawfilesext.leg.wa.gov/law/wsr/2023/23/23-23-054.htm,,official,200,https://lawfilesext.leg.wa.gov/law/wsr/2023/23/23-23-054.htm,,FETCH
https://lawfilesext.leg.wa.gov/law/wsr/2024/11/24-11-019.htm,us-wa,tanf,full screener,1,lawfilesext.leg.wa.gov/law/wsr/2024/11/24-11-019.htm,https://lawfilesext.leg.wa.gov/law/wsr/2024/11/24-11-019.htm,,official,200,https://lawfilesext.leg.wa.gov/law/wsr/2024/11/24-11-019.htm,,FETCH
https://www.dcyf.wa.gov/sites/default/files/pdf/LFH-Base-Rates-July-2025.pdf,us-wa,ccdf,full screener,1,dcyf.wa.gov/sites/default/files/pdf/LFH-Base-Rates-July-2025.pdf,https://www.dcyf.wa.gov/sites/default/files/pdf/LFH-Base-Rates-July-2025.pdf,,official,200,https://www.dcyf.wa.gov/sites/default/files/pdf/LFH-Base-Rates-July-2025.pdf,,FETCH
https://www.dcyf.wa.gov/sites/default/files/pdf/copay_calculation_table.pdf,us-wa,ccdf,full screener,1,dcyf.wa.gov/sites/default/files/pdf/copay_calculation_table.pdf,https://www.dcyf.wa.gov/sites/default/files/pdf/copay_calculation_table.pdf,,official,200,https://www.dcyf.wa.gov/sites/default/files/pdf/copay_calculation_table.pdf,,FETCH
https://www.dcyf.wa.gov/sites/default/files/pdf/subsidy-LC-2026.pdf,us-wa,ccdf,full screener,1,dcyf.wa.gov/sites/default/files/pdf/subsidy-LC-2026.pdf,https://www.dcyf.wa.gov/sites/default/files/pdf/subsidy-LC-2026.pdf,,official,200,https://www.dcyf.wa.gov/sites/default/files/pdf/subsidy-LC-2026.pdf,,FETCH
https://www.dcyf.wa.gov/sites/default/files/pubs/EPS_0004.pdf,us-wa,ccdf,full screener,1,dcyf.wa.gov/sites/default/files/pubs/EPS_0004.pdf,https://www.dcyf.wa.gov/sites/default/files/pubs/EPS_0004.pdf,,official,200,https://www.dcyf.wa.gov/sites/default/files/pubs/EPS_0004.pdf,,FETCH
https://content.govdelivery.com/accounts/WADEL/bulletins/3e5526b,us-wa,ccdf,full screener,1,content.govdelivery.com/accounts/WADEL/bulletins/3e5526b,https://content.govdelivery.com/accounts/WADEL/bulletins/3e5526b,,other,200,https://content.govdelivery.com/accounts/WADEL/bulletins/3e5526b,,CHECK-PUBLISHER
https://dcf.wisconsin.gov/files/cs/guidance-documents/pdf/dcf-201-child-care-subsidy-payments-provider-fees.pdf,us-wi,ccdf,full screener,1,dcf.wisconsin.gov/files/cs/guidance-documents/pdf/dcf-201-child-care-subsidy-payments-prov,https://dcf.wisconsin.gov/files/cs/guidance-documents/pdf/dcf-201-child-care-subsidy-payments-provider-fees.pdf,,official,200,https://dcf.wisconsin.gov/files/cs/guidance-documents/pdf/dcf-201-child-care-subsidy-payments-provider-fees.pdf,,FETCH
https://dcf.wisconsin.gov/wisconsin-shares/wisconsin-shares-handbook-july-2026,us-wi,ccdf,full screener,1,dcf.wisconsin.gov/wisconsin-shares/wisconsin-shares-handbook-july-2026,https://dcf.wisconsin.gov/wisconsin-shares/wisconsin-shares-handbook-july-2026,,official,200,https://dcf.wisconsin.gov/wisconsin-shares/wisconsin-shares-handbook-july-2026,,FETCH
https://docs.legis.wisconsin.gov/code/admin_code/dcf/101_199/101/09,us-wi,tanf,full screener,1,docs.legis.wisconsin.gov/code/admin_code/dcf/101_199/101/09,https://docs.legis.wisconsin.gov/code/admin_code/dcf/101_199/101/09,,official,200,https://docs.legis.wisconsin.gov/code/admin_code/dcf/101_199/101/09,,FETCH
https://docs.legis.wisconsin.gov/code/admin_code/dcf/101_199/101/18/2,us-wi,tanf,full screener,1,docs.legis.wisconsin.gov/code/admin_code/dcf/101_199/101/18/2,https://docs.legis.wisconsin.gov/code/admin_code/dcf/101_199/101/18/2,,official,200,https://docs.legis.wisconsin.gov/code/admin_code/dcf/101_199/101/18/2,,FETCH
https://docs.legis.wisconsin.gov/code/register/2021/790b/insert/dcf101.pdf,us-wi,tanf,full screener,1,docs.legis.wisconsin.gov/code/register/2021/790b/insert/dcf101.pdf,https://docs.legis.wisconsin.gov/code/register/2021/790b/insert/dcf101.pdf,,official,200,https://docs.legis.wisconsin.gov/code/register/2021/790b/insert/dcf101.pdf,,FETCH
https://docs.legis.wisconsin.gov/misc/lfb/budget/2025_27_biennial_budget/302_budget_papers/211_children_and_families_tanf_and_economic_support_wisconsin_shares_child_care_subsidy_program.pdf,us-wi,ccdf,full screener,1,docs.legis.wisconsin.gov/misc/lfb/budget/2025_27_biennial_budget/302_budget_papers/211_chi,https://docs.legis.wisconsin.gov/misc/lfb/budget/2025_27_biennial_budget/302_budget_papers/211_children_and_families_tanf_and_economic_support_wisconsin_shares_child_care_subsidy_program.pdf,,official,200,https://docs.legis.wisconsin.gov/misc/lfb/budget/2025_27_biennial_budget/302_budget_papers/211_children_and_families_tanf_and_economic_support_wisconsin_shares_child_care_subsidy_program.pdf,,FETCH
https://docs.legis.wisconsin.gov/statutes/statutes/49/III/155,us-wi,ccdf,full screener,1,docs.legis.wisconsin.gov/statutes/statutes/49/III/155,https://docs.legis.wisconsin.gov/statutes/statutes/49/III/155,,official,200,https://docs.legis.wisconsin.gov/statutes/statutes/49/III/155,,FETCH
https://docs.legis.wisconsin.gov/statutes/statutes/49/III/155/1m,us-wi,ccdf,full screener,1,docs.legis.wisconsin.gov/statutes/statutes/49/III/155/1m,https://docs.legis.wisconsin.gov/statutes/statutes/49/III/155/1m,,official,200,https://docs.legis.wisconsin.gov/statutes/statutes/49/III/155/1m,,FETCH
https://docs.legis.wisconsin.gov/statutes/statutes/49/III/155/1m/a,us-wi,ccdf,full screener,1,docs.legis.wisconsin.gov/statutes/statutes/49/III/155/1m/a,https://docs.legis.wisconsin.gov/statutes/statutes/49/III/155/1m/a,,official,200,https://docs.legis.wisconsin.gov/statutes/statutes/49/III/155/1m/a,,FETCH
https://docs.legis.wisconsin.gov/statutes/statutes/49/III/155/1m/c,us-wi,ccdf,full screener,1,docs.legis.wisconsin.gov/statutes/statutes/49/III/155/1m/c,https://docs.legis.wisconsin.gov/statutes/statutes/49/III/155/1m/c,,official,200,https://docs.legis.wisconsin.gov/statutes/statutes/49/III/155/1m/c,,FETCH
https://docs.legis.wisconsin.gov/statutes/statutes/49/III/155/1m/c/1,us-wi,ccdf,full screener,1,docs.legis.wisconsin.gov/statutes/statutes/49/III/155/1m/c/1,https://docs.legis.wisconsin.gov/statutes/statutes/49/III/155/1m/c/1,,official,200,https://docs.legis.wisconsin.gov/statutes/statutes/49/III/155/1m/c/1,,FETCH
https://docs.legis.wisconsin.gov/statutes/statutes/49/III/155/1m/c/1d/a,us-wi,ccdf,full screener,1,docs.legis.wisconsin.gov/statutes/statutes/49/III/155/1m/c/1d/a,https://docs.legis.wisconsin.gov/statutes/statutes/49/III/155/1m/c/1d/a,,official,200,https://docs.legis.wisconsin.gov/statutes/statutes/49/III/155/1m/c/1d/a,,FETCH
https://docs.legis.wisconsin.gov/statutes/statutes/49/III/155/1m/c/1d/b,us-wi,ccdf,full screener,1,docs.legis.wisconsin.gov/statutes/statutes/49/III/155/1m/c/1d/b,https://docs.legis.wisconsin.gov/statutes/statutes/49/III/155/1m/c/1d/b,,official,200,https://docs.legis.wisconsin.gov/statutes/statutes/49/III/155/1m/c/1d/b,,FETCH
https://docs.legis.wisconsin.gov/statutes/statutes/49/III/155/1m/cm,us-wi,ccdf,full screener,1,docs.legis.wisconsin.gov/statutes/statutes/49/III/155/1m/cm,https://docs.legis.wisconsin.gov/statutes/statutes/49/III/155/1m/cm,,official,200,https://docs.legis.wisconsin.gov/statutes/statutes/49/III/155/1m/cm,,FETCH
https://docs.legis.wisconsin.gov/statutes/statutes/49/III/155/5,us-wi,ccdf,full screener,1,docs.legis.wisconsin.gov/statutes/statutes/49/III/155/5,https://docs.legis.wisconsin.gov/statutes/statutes/49/III/155/5,,official,200,https://docs.legis.wisconsin.gov/statutes/statutes/49/III/155/5,,FETCH
https://docs.legis.wisconsin.gov/statutes/statutes/49/III/155/6,us-wi,ccdf,full screener,1,docs.legis.wisconsin.gov/statutes/statutes/49/III/155/6,https://docs.legis.wisconsin.gov/statutes/statutes/49/III/155/6,,official,200,https://docs.legis.wisconsin.gov/statutes/statutes/49/III/155/6,,FETCH
https://docs.legis.wisconsin.gov/statutes/statutes/49/iii/145,us-wi,tanf,full screener,1,docs.legis.wisconsin.gov/statutes/statutes/49/iii/145,https://docs.legis.wisconsin.gov/statutes/statutes/49/iii/145,,official,200,https://docs.legis.wisconsin.gov/statutes/statutes/49/iii/145,,FETCH
https://docs.legis.wisconsin.gov/statutes/statutes/49/iii/145/2/a,us-wi,tanf,full screener,1,docs.legis.wisconsin.gov/statutes/statutes/49/iii/145/2/a,https://docs.legis.wisconsin.gov/statutes/statutes/49/iii/145/2/a,,official,200,https://docs.legis.wisconsin.gov/statutes/statutes/49/iii/145/2/a,,FETCH
https://docs.legis.wisconsin.gov/statutes/statutes/49/iii/145/2/d,us-wi,tanf,full screener,1,docs.legis.wisconsin.gov/statutes/statutes/49/iii/145/2/d,https://docs.legis.wisconsin.gov/statutes/statutes/49/iii/145/2/d,,official,200,https://docs.legis.wisconsin.gov/statutes/statutes/49/iii/145/2/d,,FETCH
https://docs.legis.wisconsin.gov/statutes/statutes/49/iii/148,us-wi,tanf,full screener,1,docs.legis.wisconsin.gov/statutes/statutes/49/iii/148,https://docs.legis.wisconsin.gov/statutes/statutes/49/iii/148,,official,200,https://docs.legis.wisconsin.gov/statutes/statutes/49/iii/148,,FETCH
https://docs.legis.wisconsin.gov/statutes/statutes/49/iii/148/1/b,us-wi,tanf,full screener,1,docs.legis.wisconsin.gov/statutes/statutes/49/iii/148/1/b,https://docs.legis.wisconsin.gov/statutes/statutes/49/iii/148/1/b,,official,200,https://docs.legis.wisconsin.gov/statutes/statutes/49/iii/148/1/b,,FETCH
https://docs.legis.wisconsin.gov/statutes/statutes/990/01/20,us-wi,ccdf,full screener,1,docs.legis.wisconsin.gov/statutes/statutes/990/01/20,https://docs.legis.wisconsin.gov/statutes/statutes/990/01/20,,official,200,https://docs.legis.wisconsin.gov/statutes/statutes/990/01/20,,FETCH
https://bfa.wv.gov/media/40005/download?inline,us-wv,tanf,full screener,1,bfa.wv.gov/media/40005/download,https://bfa.wv.gov/media/40005/download?inline,,official,200,https://bfa.wv.gov/media/40005/download?inline,,FETCH
https://bfa.wv.gov/media/6766/download?inline,us-wv,ccdf,full screener,1,bfa.wv.gov/media/6766/download,https://bfa.wv.gov/media/6766/download?inline,,official,200,https://bfa.wv.gov/media/6766/download?inline,,FETCH
https://bfa.wv.gov/media/6826/download?inline,us-wv,ccdf,full screener,1,bfa.wv.gov/media/6826/download,https://bfa.wv.gov/media/6826/download?inline,,official,200,https://bfa.wv.gov/media/6826/download?inline,,FETCH
https://bfa.wv.gov/media/6831/download?inline,us-wv,ccdf,full screener,1,bfa.wv.gov/media/6831/download,https://bfa.wv.gov/media/6831/download?inline,,official,200,https://bfa.wv.gov/media/6831/download?inline,,FETCH
https://code.wvlegislature.gov/9-9/,us-wv,tanf,full screener,1,code.wvlegislature.gov/9-9/,https://code.wvlegislature.gov/9-9/,,official,200,https://code.wvlegislature.gov/9-9/,,FETCH
https://dhhr.wv.gov/bcf/Services/familyassistance/Documents/726/726%20ch11_1.pdf,us-wv,tanf,full screener,1,dhhr.wv.gov/bcf/Services/familyassistance/Documents/726/726%20ch11_1.pdf,https://dhhr.wv.gov/bcf/Services/familyassistance/Documents/726/726%20ch11_1.pdf,,official,404,,,DEAD-LINK
https://dfs.wyo.gov/about/policy-manuals/child-care-subsidy-policy-manual/,us-wy,ccdf,full screener,1,dfs.wyo.gov/about/policy-manuals/child-care-subsidy-policy-manual/,https://dfs.wyo.gov/about/policy-manuals/child-care-subsidy-policy-manual/,,official,200,https://dfs.wyo.gov/about/policy-manuals/child-care-subsidy-policy-manual/,,FETCH
https://rules.wyo.gov/DownloadFile.aspx?source_id=24638&source_type_id=81&doc_type_id=110&include_meta_data=Y&file_type=pdf&filename=24638.pdf&token=189087205215053222164006221008072207044097222254,us-wy,ccdf,full screener,1,rules.wyo.gov/DownloadFile.aspx,https://rules.wyo.gov/DownloadFile.aspx?source_id=24638&source_type_id=81&doc_type_id=110&include_meta_data=Y&file_type=pdf&filename=24638.pdf&token=189087205215053222164006221008072207044097222254,,official,200,https://rules.wyo.gov/DownloadFile.aspx?source_id=24638&source_type_id=81&doc_type_id=110&include_meta_data=Y&file_type=pdf&filename=24638.pdf&token=189087205215053222164006221008072207044097222254,,FETCH
https://wyoleg.gov/statutes/compress/title42.pdf,us-wy,ccdf,full screener,1,wyoleg.gov/statutes/compress/title42.pdf,https://wyoleg.gov/statutes/compress/title42.pdf,,official,200,https://wyoleg.gov/statutes/compress/title42.pdf,,FETCH
https://drive.google.com/file/d/1-zjev4TxHdyq7vC8tlh9SCNSNZzZz4Kq/view,us-wy,ccdf,full screener,1,drive.google.com/file/d/1-zjev4TxHdyq7vC8tlh9SCNSNZzZz4Kq/view,https://drive.google.com/file/d/1-zjev4TxHdyq7vC8tlh9SCNSNZzZz4Kq/view,,other,200,https://drive.google.com/file/d/1-zjev4TxHdyq7vC8tlh9SCNSNZzZz4Kq/view,,CHECK-PUBLISHER
https://drive.google.com/file/d/1T7NWbz6hOlRyAcqwROXExos5JB57NstB/view,us-wy,ccdf,full screener,1,drive.google.com/file/d/1T7NWbz6hOlRyAcqwROXExos5JB57NstB/view,https://drive.google.com/file/d/1T7NWbz6hOlRyAcqwROXExos5JB57NstB/view,,other,200,https://drive.google.com/file/d/1T7NWbz6hOlRyAcqwROXExos5JB57NstB/view,,CHECK-PUBLISHER
https://drive.google.com/file/d/1rG1a7x4V5KKLiipNUwMVmemHBLWZS5MZ/view,us-wy,ccdf,full screener,1,drive.google.com/file/d/1rG1a7x4V5KKLiipNUwMVmemHBLWZS5MZ/view,https://drive.google.com/file/d/1rG1a7x4V5KKLiipNUwMVmemHBLWZS5MZ/view,,other,200,https://drive.google.com/file/d/1rG1a7x4V5KKLiipNUwMVmemHBLWZS5MZ/view,,CHECK-PUBLISHER
