id,jurisdiction,programs,tiers,pe_cited_units,name,bundle_url,bundle_path,publisher_kind,check_status,check_final_url,manifest_on_main,action
https://health.alaska.gov/en/services/alaska-inclusive-child-care/,us-ak,ccdf,full screener,1,health.alaska.gov/en/services/alaska-inclusive-child-care/,https://health.alaska.gov/en/services/alaska-inclusive-child-care/,,official,200,https://health.alaska.gov/en/services/alaska-inclusive-child-care/,,FETCH
https://health.alaska.gov/en/services/alaska-temporary-assistance/,us-ak,tanf,full screener,1,health.alaska.gov/en/services/alaska-temporary-assistance/,https://health.alaska.gov/en/services/alaska-temporary-assistance/,,official,200,https://health.alaska.gov/en/services/alaska-temporary-assistance/,,FETCH
https://health.alaska.gov/media/igiccwuf/child-care-assistance-program-policies-and-procedures.pdf,us-ak,ccdf,full screener,1,health.alaska.gov/media/igiccwuf/child-care-assistance-program-policies-and-procedures.pdf,https://health.alaska.gov/media/igiccwuf/child-care-assistance-program-policies-and-procedures.pdf,,official,200,https://health.alaska.gov/media/igiccwuf/child-care-assistance-program-policies-and-procedures.pdf,,FETCH
https://health.alaska.gov/media/okdlx2xm/alaska-fics.pdf,us-ak,ccdf,full screener,1,health.alaska.gov/media/okdlx2xm/alaska-fics.pdf,https://health.alaska.gov/media/okdlx2xm/alaska-fics.pdf,,official,200,https://health.alaska.gov/media/okdlx2xm/alaska-fics.pdf,,FETCH
https://health.alaska.gov/media/wsvhl3v3/ccap-rate-schedule.pdf,us-ak,ccdf,full screener,1,health.alaska.gov/media/wsvhl3v3/ccap-rate-schedule.pdf,https://health.alaska.gov/media/wsvhl3v3/ccap-rate-schedule.pdf,,official,200,https://health.alaska.gov/media/wsvhl3v3/ccap-rate-schedule.pdf,,FETCH
https://dhr.alabama.gov/wp-content/uploads/2021/09/2021-TANF-State-Plan.pdf,us-al,tanf,full screener,1,dhr.alabama.gov/wp-content/uploads/2021/09/2021-TANF-State-Plan.pdf,https://dhr.alabama.gov/wp-content/uploads/2021/09/2021-TANF-State-Plan.pdf,,official,200,https://dhr.alabama.gov/wp-content/uploads/2021/09/2021-TANF-State-Plan.pdf,,FETCH
https://dhr.alabama.gov/wp-content/uploads/2023/04/Provider-Rates-with-QRIS-Tiers-April-1-2022-b.pdf,us-al,ccdf,full screener,1,dhr.alabama.gov/wp-content/uploads/2023/04/Provider-Rates-with-QRIS-Tiers-April-1-2022-b.p,https://dhr.alabama.gov/wp-content/uploads/2023/04/Provider-Rates-with-QRIS-Tiers-April-1-2022-b.pdf,,official,200,https://dhr.alabama.gov/wp-content/uploads/2023/04/Provider-Rates-with-QRIS-Tiers-April-1-2022-b.pdf,,FETCH
https://dhr.alabama.gov/wp-content/uploads/2023/10/DHR-FAD-595-Oct.23.pdf,us-al,tanf,full screener,1,dhr.alabama.gov/wp-content/uploads/2023/10/DHR-FAD-595-Oct.23.pdf,https://dhr.alabama.gov/wp-content/uploads/2023/10/DHR-FAD-595-Oct.23.pdf,,official,200,https://dhr.alabama.gov/wp-content/uploads/2023/10/DHR-FAD-595-Oct.23.pdf,,FETCH
https://dhr.alabama.gov/wp-content/uploads/2024/01/Child-Care-Fact-Sheet-2024.pdf,us-al,ccdf,full screener,1,dhr.alabama.gov/wp-content/uploads/2024/01/Child-Care-Fact-Sheet-2024.pdf,https://dhr.alabama.gov/wp-content/uploads/2024/01/Child-Care-Fact-Sheet-2024.pdf,,official,200,https://dhr.alabama.gov/wp-content/uploads/2024/01/Child-Care-Fact-Sheet-2024.pdf,,FETCH
https://humanservices.arkansas.gov/divisions-shared-services/county-operations/temporary-assistance-for-needy-families/transitional-employment-assistance-tea-work-pays/,us-ar,tanf,full screener,1,humanservices.arkansas.gov/divisions-shared-services/county-operations/temporary-assistanc,https://humanservices.arkansas.gov/divisions-shared-services/county-operations/temporary-assistance-for-needy-families/transitional-employment-assistance-tea-work-pays/,,official,200,https://humanservices.arkansas.gov/divisions-shared-services/county-operations/temporary-assistance-for-needy-families/transitional-employment-assistance-tea-work-pays/,,FETCH
https://regulations.justia.com/states/arkansas/agency-016/division-20/rule-016-20-98-041/,us-ar,tanf,full screener,1,regulations.justia.com/states/arkansas/agency-016/division-20/rule-016-20-98-041/,https://regulations.justia.com/states/arkansas/agency-016/division-20/rule-016-20-98-041/,,mirror,403,,,OFFICIAL-SOURCE
https://www.law.cornell.edu/regulations/arkansas/208-00-13-Ark-Code-R-SS-001,us-ar,tanf,full screener,1,law.cornell.edu/regulations/arkansas/208-00-13-Ark-Code-R-SS-001,https://www.law.cornell.edu/regulations/arkansas/208-00-13-Ark-Code-R-SS-001,,mirror,200,https://www.law.cornell.edu/regulations/arkansas/208-00-13-Ark-Code-R-SS-001,,OFFICIAL-SOURCE
https://www.azleg.gov/ars/46/00207-01.htm,us-az,tanf,full screener,1,azleg.gov/ars/46/00207-01.htm,https://www.azleg.gov/ars/46/00207-01.htm,,official,200,https://www.azleg.gov/ars/46/00207-01.htm,,FETCH
https://www.azleg.gov/ars/46/00207.htm,us-az,tanf,full screener,1,azleg.gov/ars/46/00207.htm,https://www.azleg.gov/ars/46/00207.htm,,official,200,https://www.azleg.gov/ars/46/00207.htm,,FETCH
https://www.azleg.gov/ars/46/00292.htm,us-az,tanf,full screener,1,azleg.gov/ars/46/00292.htm,https://www.azleg.gov/ars/46/00292.htm,,official,200,https://www.azleg.gov/ars/46/00292.htm,,FETCH
https://dbmefaapolicy.azdes.gov/Archived_Policy/baggage/2023-11-27_WhatChanged.pdf,us-az,tanf,full screener,1,dbmefaapolicy.azdes.gov/Archived_Policy/baggage/2023-11-27_WhatChanged.pdf,https://dbmefaapolicy.azdes.gov/Archived_Policy/baggage/2023-11-27_WhatChanged.pdf,,official,403,,,BLOCKED-CHECK
https://des.az.gov/services/child-and-family/cash-assistance/income-eligibility-guidelines,us-az,tanf,full screener,1,des.az.gov/services/child-and-family/cash-assistance/income-eligibility-guidelines,https://des.az.gov/services/child-and-family/cash-assistance/income-eligibility-guidelines,,official,403,,,BLOCKED-CHECK
https://des.az.gov/services/child-and-family/child-care/des-contracted-child-care-provider-resources,us-az,ccdf,full screener,1,des.az.gov/services/child-and-family/child-care/des-contracted-child-care-provider-resourc,https://des.az.gov/services/child-and-family/child-care/des-contracted-child-care-provider-resources,,official,403,,,BLOCKED-CHECK
https://des.az.gov/sites/default/files/dl/tanf_state_plan_oct_2023.pdf,us-az,tanf,full screener,1,des.az.gov/sites/default/files/dl/tanf_state_plan_oct_2023.pdf,https://des.az.gov/sites/default/files/dl/tanf_state_plan_oct_2023.pdf,,official,403,,,BLOCKED-CHECK
us-ca/form/official_forms/cdss.ca.gov/cdssweb/entres/forms/english/temp2250,us-ca,tanf,full screener,1,TEMP2250,,us-ca/form/official_forms/cdss.ca.gov/cdssweb/entres/forms/english/temp2250,,,,manifests/us-ca-official-forms.yaml,EXTRACT-MANIFEST
https://cdss.ca.gov/Portals/9/Additional-Resources/Letters-and-Notices/CCBs/2025/CCB_25-15.pdf,us-ca,tanf,full screener,1,cdss.ca.gov/Portals/9/Additional-Resources/Letters-and-Notices/CCBs/2025/CCB_25-15.pdf,https://cdss.ca.gov/Portals/9/Additional-Resources/Letters-and-Notices/CCBs/2025/CCB_25-15.pdf,,official,200,https://cdss.ca.gov/Portals/9/Additional-Resources/Letters-and-Notices/CCBs/2025/CCB_25-15.pdf,,FETCH
https://cdss.ca.gov/portals/9/acl/2018/18-124.pdf,us-ca,tanf,full screener,1,cdss.ca.gov/portals/9/acl/2018/18-124.pdf,https://cdss.ca.gov/portals/9/acl/2018/18-124.pdf,,official,200,https://cdss.ca.gov/portals/9/acl/2018/18-124.pdf,,FETCH
https://cdss.ca.gov/portals/9/acl/2018/18-66.pdf,us-ca,tanf,full screener,1,cdss.ca.gov/portals/9/acl/2018/18-66.pdf,https://cdss.ca.gov/portals/9/acl/2018/18-66.pdf,,official,200,https://cdss.ca.gov/portals/9/acl/2018/18-66.pdf,,FETCH
https://cdss.ca.gov/portals/9/acl/2019/19-47.pdf,us-ca,tanf,full screener,1,cdss.ca.gov/portals/9/acl/2019/19-47.pdf,https://cdss.ca.gov/portals/9/acl/2019/19-47.pdf,,official,200,https://cdss.ca.gov/portals/9/acl/2019/19-47.pdf,,FETCH
https://cdss.ca.gov/portals/9/acl/2019/19-73.pdf,us-ca,tanf,full screener,1,cdss.ca.gov/portals/9/acl/2019/19-73.pdf,https://cdss.ca.gov/portals/9/acl/2019/19-73.pdf,,official,200,https://cdss.ca.gov/portals/9/acl/2019/19-73.pdf,,FETCH
https://dpss.lacounty.gov/en/cash/calworks.html,us-ca,tanf,full screener,1,dpss.lacounty.gov/en/cash/calworks.html,https://dpss.lacounty.gov/en/cash/calworks.html,,official,200,https://dpss.lacounty.gov/en/cash/calworks.html,,FETCH
https://my.dpss.lacounty.gov/public/en/home/epolicy/program/calworks/composition/minimum-basic-standard-of-adequate-care.html,us-ca,tanf,full screener,1,my.dpss.lacounty.gov/public/en/home/epolicy/program/calworks/composition/minimum-basic-sta,https://my.dpss.lacounty.gov/public/en/home/epolicy/program/calworks/composition/minimum-basic-standard-of-adequate-care.html,,official,200,https://my.dpss.lacounty.gov/public/en/home/epolicy/program/calworks/composition/minimum-basic-standard-of-adequate-care.html,,FETCH
https://my.dpss.lacounty.gov/public/en/home/epolicy/program/calworks/income/earned-income-disregards.html,us-ca,tanf,full screener,1,my.dpss.lacounty.gov/public/en/home/epolicy/program/calworks/income/earned-income-disregar,https://my.dpss.lacounty.gov/public/en/home/epolicy/program/calworks/income/earned-income-disregards.html,,official,200,https://my.dpss.lacounty.gov/public/en/home/epolicy/program/calworks/income/earned-income-disregards.html,,FETCH
https://my.dpss.lacounty.gov/public/en/home/epolicy/program/calworks/payments/calworks-maximum-aid-payment.html,us-ca,tanf,full screener,1,my.dpss.lacounty.gov/public/en/home/epolicy/program/calworks/payments/calworks-maximum-aid,https://my.dpss.lacounty.gov/public/en/home/epolicy/program/calworks/payments/calworks-maximum-aid-payment.html,,official,200,https://my.dpss.lacounty.gov/public/en/home/epolicy/program/calworks/payments/calworks-maximum-aid-payment.html,,FETCH
https://my.dpss.lacounty.gov/public/en/home/epolicy/program/calworks/property/determining-property-value-vehicles.html,us-ca,tanf,full screener,1,my.dpss.lacounty.gov/public/en/home/epolicy/program/calworks/property/determining-property,https://my.dpss.lacounty.gov/public/en/home/epolicy/program/calworks/property/determining-property-value-vehicles.html,,official,200,https://my.dpss.lacounty.gov/public/en/home/epolicy/program/calworks/property/determining-property-value-vehicles.html,,FETCH
https://my.dpss.lacounty.gov/public/en/home/epolicy/program/calworks/property/property.html,us-ca,tanf,full screener,1,my.dpss.lacounty.gov/public/en/home/epolicy/program/calworks/property/property.html,https://my.dpss.lacounty.gov/public/en/home/epolicy/program/calworks/property/property.html,,official,200,https://my.dpss.lacounty.gov/public/en/home/epolicy/program/calworks/property/property.html,,FETCH
https://my.dpss.lacounty.gov/public/en/home/epolicy/program/child-care/overview.html,us-ca,tanf,full screener,1,my.dpss.lacounty.gov/public/en/home/epolicy/program/child-care/overview.html,https://my.dpss.lacounty.gov/public/en/home/epolicy/program/child-care/overview.html,,official,200,https://my.dpss.lacounty.gov/public/en/home/epolicy/program/child-care/overview.html,,FETCH
https://my.dpss.lacounty.gov/public/en/home/epolicy/program/child-care/regional-market-rate-ceilings.html,us-ca,tanf,full screener,1,my.dpss.lacounty.gov/public/en/home/epolicy/program/child-care/regional-market-rate-ceilin,https://my.dpss.lacounty.gov/public/en/home/epolicy/program/child-care/regional-market-rate-ceilings.html,,official,200,https://my.dpss.lacounty.gov/public/en/home/epolicy/program/child-care/regional-market-rate-ceilings.html,,FETCH
https://rcscc.adm.dss.ca.gov/index.aspx,us-ca,tanf,full screener,1,rcscc.adm.dss.ca.gov/index.aspx,https://rcscc.adm.dss.ca.gov/index.aspx,,official,200,https://rcscc.adm.dss.ca.gov/index.aspx,,FETCH
https://www.cdss.ca.gov/Portals/9/ACL/2017/17-44.pdf,us-ca,tanf,full screener,1,cdss.ca.gov/Portals/9/ACL/2017/17-44.pdf,https://www.cdss.ca.gov/Portals/9/ACL/2017/17-44.pdf,,official,200,https://www.cdss.ca.gov/Portals/9/ACL/2017/17-44.pdf,,FETCH
https://www.cdss.ca.gov/Portals/9/Additional-Resources/Letters-and-Notices/ACLs/2020/20-60.pdf,us-ca,tanf,full screener,1,cdss.ca.gov/Portals/9/Additional-Resources/Letters-and-Notices/ACLs/2020/20-60.pdf,https://www.cdss.ca.gov/Portals/9/Additional-Resources/Letters-and-Notices/ACLs/2020/20-60.pdf,,official,200,https://www.cdss.ca.gov/Portals/9/Additional-Resources/Letters-and-Notices/ACLs/2020/20-60.pdf,,FETCH
https://www.cdss.ca.gov/Portals/9/Additional-Resources/Letters-and-Notices/ACLs/2021/21-87.pdf,us-ca,tanf,full screener,1,cdss.ca.gov/Portals/9/Additional-Resources/Letters-and-Notices/ACLs/2021/21-87.pdf,https://www.cdss.ca.gov/Portals/9/Additional-Resources/Letters-and-Notices/ACLs/2021/21-87.pdf,,official,200,https://www.cdss.ca.gov/Portals/9/Additional-Resources/Letters-and-Notices/ACLs/2021/21-87.pdf,,FETCH
https://www.cdss.ca.gov/Portals/9/Additional-Resources/Letters-and-Notices/ACLs/2022/ACL%2022-60.pdf,us-ca,tanf,full screener,1,cdss.ca.gov/Portals/9/Additional-Resources/Letters-and-Notices/ACLs/2022/ACL%2022-60.pdf,https://www.cdss.ca.gov/Portals/9/Additional-Resources/Letters-and-Notices/ACLs/2022/ACL%2022-60.pdf,,official,200,https://www.cdss.ca.gov/Portals/9/Additional-Resources/Letters-and-Notices/ACLs/2022/ACL%2022-60.pdf,,FETCH
https://www.cdss.ca.gov/Portals/9/Additional-Resources/Letters-and-Notices/ACLs/2023/23-47.pdf,us-ca,tanf,full screener,1,cdss.ca.gov/Portals/9/Additional-Resources/Letters-and-Notices/ACLs/2023/23-47.pdf,https://www.cdss.ca.gov/Portals/9/Additional-Resources/Letters-and-Notices/ACLs/2023/23-47.pdf,,official,200,https://www.cdss.ca.gov/Portals/9/Additional-Resources/Letters-and-Notices/ACLs/2023/23-47.pdf,,FETCH
https://www.cdss.ca.gov/Portals/9/Additional-Resources/Letters-and-Notices/ACLs/2023/23-71.pdf,us-ca,tanf,full screener,1,cdss.ca.gov/Portals/9/Additional-Resources/Letters-and-Notices/ACLs/2023/23-71.pdf,https://www.cdss.ca.gov/Portals/9/Additional-Resources/Letters-and-Notices/ACLs/2023/23-71.pdf,,official,200,https://www.cdss.ca.gov/Portals/9/Additional-Resources/Letters-and-Notices/ACLs/2023/23-71.pdf,,FETCH
https://www.cdss.ca.gov/Portals/9/Additional-Resources/Letters-and-Notices/ACLs/2023/23-74.pdf,us-ca,tanf,full screener,1,cdss.ca.gov/Portals/9/Additional-Resources/Letters-and-Notices/ACLs/2023/23-74.pdf,https://www.cdss.ca.gov/Portals/9/Additional-Resources/Letters-and-Notices/ACLs/2023/23-74.pdf,,official,200,https://www.cdss.ca.gov/Portals/9/Additional-Resources/Letters-and-Notices/ACLs/2023/23-74.pdf,,FETCH
https://www.cdss.ca.gov/Portals/9/Additional-Resources/Letters-and-Notices/ACLs/2024/24-37.pdf,us-ca,tanf,full screener,1,cdss.ca.gov/Portals/9/Additional-Resources/Letters-and-Notices/ACLs/2024/24-37.pdf,https://www.cdss.ca.gov/Portals/9/Additional-Resources/Letters-and-Notices/ACLs/2024/24-37.pdf,,official,200,https://www.cdss.ca.gov/Portals/9/Additional-Resources/Letters-and-Notices/ACLs/2024/24-37.pdf,,FETCH
https://www.cdss.ca.gov/Portals/9/Additional-Resources/Letters-and-Notices/ACLs/2025/25-37.pdf,us-ca,tanf,full screener,1,cdss.ca.gov/Portals/9/Additional-Resources/Letters-and-Notices/ACLs/2025/25-37.pdf,https://www.cdss.ca.gov/Portals/9/Additional-Resources/Letters-and-Notices/ACLs/2025/25-37.pdf,,official,200,https://www.cdss.ca.gov/Portals/9/Additional-Resources/Letters-and-Notices/ACLs/2025/25-37.pdf,,FETCH
https://www.cdss.ca.gov/Portals/9/Additional-Resources/Letters-and-Notices/ACLs/2025/25-65.pdf,us-ca,tanf,full screener,1,cdss.ca.gov/Portals/9/Additional-Resources/Letters-and-Notices/ACLs/2025/25-65.pdf,https://www.cdss.ca.gov/Portals/9/Additional-Resources/Letters-and-Notices/ACLs/2025/25-65.pdf,,official,200,https://www.cdss.ca.gov/Portals/9/Additional-Resources/Letters-and-Notices/ACLs/2025/25-65.pdf,,FETCH
https://www.cdss.ca.gov/Portals/9/Additional-Resources/Letters-and-Notices/ACLs/2026/26-38.pdf,us-ca,tanf,full screener,1,cdss.ca.gov/Portals/9/Additional-Resources/Letters-and-Notices/ACLs/2026/26-38.pdf,https://www.cdss.ca.gov/Portals/9/Additional-Resources/Letters-and-Notices/ACLs/2026/26-38.pdf,,official,200,https://www.cdss.ca.gov/Portals/9/Additional-Resources/Letters-and-Notices/ACLs/2026/26-38.pdf,,FETCH
https://www.cdss.ca.gov/Portals/9/Additional-Resources/Letters-and-Notices/ACLs/2026/26-39.pdf,us-ca,tanf,full screener,1,cdss.ca.gov/Portals/9/Additional-Resources/Letters-and-Notices/ACLs/2026/26-39.pdf,https://www.cdss.ca.gov/Portals/9/Additional-Resources/Letters-and-Notices/ACLs/2026/26-39.pdf,,official,200,https://www.cdss.ca.gov/Portals/9/Additional-Resources/Letters-and-Notices/ACLs/2026/26-39.pdf,,FETCH
https://www.cdss.ca.gov/lettersnotices/entres/getinfo/acl/2015/15-52.pdf,us-ca,tanf,full screener,1,cdss.ca.gov/lettersnotices/entres/getinfo/acl/2015/15-52.pdf,https://www.cdss.ca.gov/lettersnotices/entres/getinfo/acl/2015/15-52.pdf,,official,200,https://www.cdss.ca.gov/lettersnotices/entres/getinfo/acl/2015/15-52.pdf,,FETCH
https://www.cdss.ca.gov/lettersnotices/entres/getinfo/acl/2016/16-47.pdf,us-ca,tanf,full screener,1,cdss.ca.gov/lettersnotices/entres/getinfo/acl/2016/16-47.pdf,https://www.cdss.ca.gov/lettersnotices/entres/getinfo/acl/2016/16-47.pdf,,official,200,https://www.cdss.ca.gov/lettersnotices/entres/getinfo/acl/2016/16-47.pdf,,FETCH
https://www.cdss.ca.gov/ord/entres/getinfo/pdf/10EAS.pdf,us-ca,tanf,full screener,1,cdss.ca.gov/ord/entres/getinfo/pdf/10EAS.pdf,https://www.cdss.ca.gov/ord/entres/getinfo/pdf/10EAS.pdf,,official,200,https://www.cdss.ca.gov/ord/entres/getinfo/pdf/10EAS.pdf,,FETCH
https://www.cdss.ca.gov/ord/entres/getinfo/pdf/12EAS.pdf,us-ca,tanf,full screener,1,cdss.ca.gov/ord/entres/getinfo/pdf/12EAS.pdf,https://www.cdss.ca.gov/ord/entres/getinfo/pdf/12EAS.pdf,,official,200,https://www.cdss.ca.gov/ord/entres/getinfo/pdf/12EAS.pdf,,FETCH
https://www.cdss.ca.gov/ord/entres/getinfo/pdf/14EAS.pdf,us-ca,tanf,full screener,1,cdss.ca.gov/ord/entres/getinfo/pdf/14EAS.pdf,https://www.cdss.ca.gov/ord/entres/getinfo/pdf/14EAS.pdf,,official,200,https://www.cdss.ca.gov/ord/entres/getinfo/pdf/14EAS.pdf,,FETCH
https://www.cdss.ca.gov/ord/entres/getinfo/pdf/4EAS.pdf,us-ca,tanf,full screener,1,cdss.ca.gov/ord/entres/getinfo/pdf/4EAS.pdf,https://www.cdss.ca.gov/ord/entres/getinfo/pdf/4EAS.pdf,,official,200,https://www.cdss.ca.gov/ord/entres/getinfo/pdf/4EAS.pdf,,FETCH
https://stgenssa.sccgov.org/debs/program_handbooks/charts/assets/1CalWorksRCAECATCVAP/NonExEmpAUStndsCht.htm,us-ca,tanf,full screener,1,stgenssa.sccgov.org/debs/program_handbooks/charts/assets/1CalWorksRCAECATCVAP/NonExEmpAUSt,https://stgenssa.sccgov.org/debs/program_handbooks/charts/assets/1CalWorksRCAECATCVAP/NonExEmpAUStndsCht.htm,,other,200,https://stgenssa.sccgov.org/debs/program_handbooks/charts/assets/1CalWorksRCAECATCVAP/NonExEmpAUStndsCht.htm,,CHECK-PUBLISHER
https://stgenssa.sccgov.org/debs/program_handbooks/charts/assets/1CalWorksRCAECATCVAP/StndsChtReg2.htm,us-ca,tanf,full screener,1,stgenssa.sccgov.org/debs/program_handbooks/charts/assets/1CalWorksRCAECATCVAP/StndsChtReg2,https://stgenssa.sccgov.org/debs/program_handbooks/charts/assets/1CalWorksRCAECATCVAP/StndsChtReg2.htm,,other,200,https://stgenssa.sccgov.org/debs/program_handbooks/charts/assets/1CalWorksRCAECATCVAP/StndsChtReg2.htm,,CHECK-PUBLISHER
https://www.law.cornell.edu/regulations/california/5-CCR-18078,us-ca,ccdf,full screener,1,law.cornell.edu/regulations/california/5-CCR-18078,https://www.law.cornell.edu/regulations/california/5-CCR-18078,,mirror,200,https://www.law.cornell.edu/regulations/california/5-CCR-18078,,OFFICIAL-SOURCE
http://epolicy.dpss.lacounty.gov/epolicy/epolicy/server/general/projects_responsive/ePolicyMaster/index.htm?&area=general&type=responsivehelp&ctxid=&project=ePolicyMaster,us-ca,tanf,full screener,1,epolicy.dpss.lacounty.gov/epolicy/epolicy/server/general/projects_responsive/ePolicyMaster,http://epolicy.dpss.lacounty.gov/epolicy/epolicy/server/general/projects_responsive/ePolicyMaster/index.htm?&area=general&type=responsivehelp&ctxid=&project=ePolicyMaster,,official,error:URLError,,,DEAD-LINK
https://www.cde.ca.gov/sp/cd/ci/mb2505.asp,us-ca,ccdf,full screener,1,cde.ca.gov/sp/cd/ci/mb2505.asp,https://www.cde.ca.gov/sp/cd/ci/mb2505.asp,,official,404,,,DEAD-LINK
https://leginfo.legislature.ca.gov/faces/billNavClient.xhtml?bill_id=201120120SB70,us-ca,ccdf,full screener,1,leginfo.legislature.ca.gov/faces/billNavClient.xhtml,https://leginfo.legislature.ca.gov/faces/billNavClient.xhtml?bill_id=201120120SB70,,official,403,,,BLOCKED-CHECK
https://leginfo.legislature.ca.gov/faces/billNavClient.xhtml?bill_id=201920200SB80,us-ca,tanf,full screener,1,leginfo.legislature.ca.gov/faces/billNavClient.xhtml,https://leginfo.legislature.ca.gov/faces/billNavClient.xhtml?bill_id=201920200SB80,,official,403,,,BLOCKED-CHECK
https://leginfo.legislature.ca.gov/faces/billNavClient.xhtml?bill_id=202120220AB135,us-ca,tanf,full screener,1,leginfo.legislature.ca.gov/faces/billNavClient.xhtml,https://leginfo.legislature.ca.gov/faces/billNavClient.xhtml?bill_id=202120220AB135,,official,403,,,BLOCKED-CHECK
https://leginfo.legislature.ca.gov/faces/billTextClient.xhtml?bill_id=201720180AB99,us-ca,ccdf,full screener,1,leginfo.legislature.ca.gov/faces/billTextClient.xhtml,https://leginfo.legislature.ca.gov/faces/billTextClient.xhtml?bill_id=201720180AB99,,official,403,,,BLOCKED-CHECK
https://leginfo.legislature.ca.gov/faces/codes_displaySection.xhtml?lawCode=WIC&sectionNum=11322.6.,us-ca,tanf,full screener,1,leginfo.legislature.ca.gov/faces/codes_displaySection.xhtml,https://leginfo.legislature.ca.gov/faces/codes_displaySection.xhtml?lawCode=WIC&sectionNum=11322.6.,,official,403,,,BLOCKED-CHECK
https://leginfo.legislature.ca.gov/faces/codes_displaySection.xhtml?lawCode=WIC&sectionNum=11323.2,us-ca,tanf,full screener,1,leginfo.legislature.ca.gov/faces/codes_displaySection.xhtml,https://leginfo.legislature.ca.gov/faces/codes_displaySection.xhtml?lawCode=WIC&sectionNum=11323.2,,official,403,,,BLOCKED-CHECK
https://leginfo.legislature.ca.gov/faces/codes_displaySection.xhtml?lawCode=WIC&sectionNum=11450.12.,us-ca,tanf,full screener,1,leginfo.legislature.ca.gov/faces/codes_displaySection.xhtml,https://leginfo.legislature.ca.gov/faces/codes_displaySection.xhtml?lawCode=WIC&sectionNum=11450.12.,,official,403,,,BLOCKED-CHECK
https://leginfo.legislature.ca.gov/faces/codes_displaySection.xhtml?sectionNum=10271.&lawCode=WIC,us-ca,ccdf,full screener,1,leginfo.legislature.ca.gov/faces/codes_displaySection.xhtml,https://leginfo.legislature.ca.gov/faces/codes_displaySection.xhtml?sectionNum=10271.&lawCode=WIC,,official,403,,,BLOCKED-CHECK
https://leginfo.legislature.ca.gov/faces/codes_displaySection.xhtml?sectionNum=10271.5.&lawCode=WIC,us-ca,ccdf,full screener,1,leginfo.legislature.ca.gov/faces/codes_displaySection.xhtml,https://leginfo.legislature.ca.gov/faces/codes_displaySection.xhtml?sectionNum=10271.5.&lawCode=WIC,,official,403,,,BLOCKED-CHECK
https://leginfo.legislature.ca.gov/faces/codes_displaySection.xhtml?sectionNum=10290.&lawCode=WIC,us-ca,ccdf,full screener,1,leginfo.legislature.ca.gov/faces/codes_displaySection.xhtml,https://leginfo.legislature.ca.gov/faces/codes_displaySection.xhtml?sectionNum=10290.&lawCode=WIC,,official,403,,,BLOCKED-CHECK
https://leginfo.legislature.ca.gov/faces/codes_displaySection.xhtml?sectionNum=10372.&lawCode=WIC,us-ca,ccdf,full screener,1,leginfo.legislature.ca.gov/faces/codes_displaySection.xhtml,https://leginfo.legislature.ca.gov/faces/codes_displaySection.xhtml?sectionNum=10372.&lawCode=WIC,,official,403,,,BLOCKED-CHECK
https://leginfo.legislature.ca.gov/faces/codes_displaySection.xhtml?sectionNum=10372.&nodeTreePath=16.4.19&lawCode=WIC,us-ca,ccdf,full screener,1,leginfo.legislature.ca.gov/faces/codes_displaySection.xhtml,https://leginfo.legislature.ca.gov/faces/codes_displaySection.xhtml?sectionNum=10372.&nodeTreePath=16.4.19&lawCode=WIC,,official,403,,,BLOCKED-CHECK
https://leginfo.legislature.ca.gov/faces/codes_displaySection.xhtml?sectionNum=10372.5.&lawCode=WIC,us-ca,ccdf,full screener,1,leginfo.legislature.ca.gov/faces/codes_displaySection.xhtml,https://leginfo.legislature.ca.gov/faces/codes_displaySection.xhtml?sectionNum=10372.5.&lawCode=WIC,,official,403,,,BLOCKED-CHECK
https://leginfo.legislature.ca.gov/faces/codes_displaySection.xhtml?sectionNum=10372.5.&nodeTreePath=16.4.19&lawCode=WIC,us-ca,ccdf,full screener,1,leginfo.legislature.ca.gov/faces/codes_displaySection.xhtml,https://leginfo.legislature.ca.gov/faces/codes_displaySection.xhtml?sectionNum=10372.5.&nodeTreePath=16.4.19&lawCode=WIC,,official,403,,,BLOCKED-CHECK
https://www.law.cornell.edu/regulations/colorado/9-CCR-2503-6-3.605,us-co,tanf,full screener,1,law.cornell.edu/regulations/colorado/9-CCR-2503-6-3.605,https://www.law.cornell.edu/regulations/colorado/9-CCR-2503-6-3.605,,mirror,200,https://www.law.cornell.edu/regulations/colorado/9-CCR-2503-6-3.605,,OFFICIAL-SOURCE
https://eregulations.ct.gov/eRegsPortal/Browse/RCSA/Title_17bSubtitle_17b-749Section_17b-749-04/,us-ct,ccdf,full screener,1,eregulations.ct.gov/eRegsPortal/Browse/RCSA/Title_17bSubtitle_17b-749Section_17b-749-04/,https://eregulations.ct.gov/eRegsPortal/Browse/RCSA/Title_17bSubtitle_17b-749Section_17b-749-04/,,official,200,https://eregulations.ct.gov/eRegsPortal/Browse/RCSA/Title_17bSubtitle_17b-749Section_17b-749-04/,,FETCH
https://eregulations.ct.gov/eRegsPortal/Browse/RCSA/Title_17bSubtitle_17b-749Section_17b-749-05/,us-ct,ccdf,full screener,1,eregulations.ct.gov/eRegsPortal/Browse/RCSA/Title_17bSubtitle_17b-749Section_17b-749-05/,https://eregulations.ct.gov/eRegsPortal/Browse/RCSA/Title_17bSubtitle_17b-749Section_17b-749-05/,,official,200,https://eregulations.ct.gov/eRegsPortal/Browse/RCSA/Title_17bSubtitle_17b-749Section_17b-749-05/,,FETCH
https://eregulations.ct.gov/eRegsPortal/Browse/RCSA/Title_17bSubtitle_17b-749Section_17b-749-13/,us-ct,ccdf,full screener,1,eregulations.ct.gov/eRegsPortal/Browse/RCSA/Title_17bSubtitle_17b-749Section_17b-749-13/,https://eregulations.ct.gov/eRegsPortal/Browse/RCSA/Title_17bSubtitle_17b-749Section_17b-749-13/,,official,200,https://eregulations.ct.gov/eRegsPortal/Browse/RCSA/Title_17bSubtitle_17b-749Section_17b-749-13/,,FETCH
https://portal.ct.gov/dss/-/media/departments-and-agencies/dss/state-plans-and-federal-reports/tanf-state-plan/ct-tanf-plan-2021-2023--draft.pdf,us-ct,tanf,full screener,1,portal.ct.gov/dss/-/media/departments-and-agencies/dss/state-plans-and-federal-reports/tan,https://portal.ct.gov/dss/-/media/departments-and-agencies/dss/state-plans-and-federal-reports/tanf-state-plan/ct-tanf-plan-2021-2023--draft.pdf,,official,200,https://portal.ct.gov/dss/-/media/departments-and-agencies/dss/state-plans-and-federal-reports/tanf-state-plan/ct-tanf-plan-2021-2023--draft.pdf,,FETCH
https://www.ctcare4kids.com/wp-content/uploads/2024/01/Care-4-Kids-Weekly-Payment-Rates-2024.pdf,us-ct,ccdf,full screener,1,ctcare4kids.com/wp-content/uploads/2024/01/Care-4-Kids-Weekly-Payment-Rates-2024.pdf,https://www.ctcare4kids.com/wp-content/uploads/2024/01/Care-4-Kids-Weekly-Payment-Rates-2024.pdf,,other,200,https://www.ctcare4kids.com/wp-content/uploads/2024/01/Care-4-Kids-Weekly-Payment-Rates-2024.pdf,,CHECK-PUBLISHER
https://www.ctcare4kids.com/wp-content/uploads/2024/01/Care-4-Kids-Weekly-Payment-Rates-Jan-1-Jun-30-2024.pdf,us-ct,ccdf,full screener,1,ctcare4kids.com/wp-content/uploads/2024/01/Care-4-Kids-Weekly-Payment-Rates-Jan-1-Jun-30-2,https://www.ctcare4kids.com/wp-content/uploads/2024/01/Care-4-Kids-Weekly-Payment-Rates-Jan-1-Jun-30-2024.pdf,,other,200,https://www.ctcare4kids.com/wp-content/uploads/2024/01/Care-4-Kids-Weekly-Payment-Rates-Jan-1-Jun-30-2024.pdf,,CHECK-PUBLISHER
https://www.ctcare4kids.com/wp-content/uploads/2024/12/Care-4-Kids-Weekly-Payment-Rates-jan-june.2025.pdf,us-ct,ccdf,full screener,1,ctcare4kids.com/wp-content/uploads/2024/12/Care-4-Kids-Weekly-Payment-Rates-jan-june.2025.,https://www.ctcare4kids.com/wp-content/uploads/2024/12/Care-4-Kids-Weekly-Payment-Rates-jan-june.2025.pdf,,other,200,https://www.ctcare4kids.com/wp-content/uploads/2024/12/Care-4-Kids-Weekly-Payment-Rates-jan-june.2025.pdf,,CHECK-PUBLISHER
https://www.ctcare4kids.com/wp-content/uploads/2024/12/Care-4-Kids-Weekly-Payment-Rates-jul-june.2026.pdf,us-ct,ccdf,full screener,1,ctcare4kids.com/wp-content/uploads/2024/12/Care-4-Kids-Weekly-Payment-Rates-jul-june.2026.,https://www.ctcare4kids.com/wp-content/uploads/2024/12/Care-4-Kids-Weekly-Payment-Rates-jul-june.2026.pdf,,other,200,https://www.ctcare4kids.com/wp-content/uploads/2024/12/Care-4-Kids-Weekly-Payment-Rates-jul-june.2026.pdf,,CHECK-PUBLISHER
https://www.ctcare4kids.com/wp-content/uploads/2025/12/Care-4-Kids-Weekly-Payment-Rates-1.1.26.pdf,us-ct,ccdf,full screener,1,ctcare4kids.com/wp-content/uploads/2025/12/Care-4-Kids-Weekly-Payment-Rates-1.1.26.pdf,https://www.ctcare4kids.com/wp-content/uploads/2025/12/Care-4-Kids-Weekly-Payment-Rates-1.1.26.pdf,,other,200,https://www.ctcare4kids.com/wp-content/uploads/2025/12/Care-4-Kids-Weekly-Payment-Rates-1.1.26.pdf,,CHECK-PUBLISHER
https://www.ctoec.org/care-4-kids-regulations/,us-ct,ccdf,full screener,1,ctoec.org/care-4-kids-regulations/,https://www.ctoec.org/care-4-kids-regulations/,,other,200,https://www.ctoec.org/care-4-kids-regulations/,,CHECK-PUBLISHER
https://www.ctoec.org/wp-content/uploads/2024/10/Family-Fee-Transmittal-Update.pdf,us-ct,ccdf,full screener,1,ctoec.org/wp-content/uploads/2024/10/Family-Fee-Transmittal-Update.pdf,https://www.ctoec.org/wp-content/uploads/2024/10/Family-Fee-Transmittal-Update.pdf,,other,200,https://www.ctoec.org/wp-content/uploads/2024/10/Family-Fee-Transmittal-Update.pdf,,CHECK-PUBLISHER
https://cga.ct.gov/current/pub/chap_319s.htm,us-ct,tanf,full screener,1,cga.ct.gov/current/pub/chap_319s.htm,https://cga.ct.gov/current/pub/chap_319s.htm,,official,error:URLError,,,DEAD-LINK
https://www.cga.ct.gov/2020/rpt/pdf/2020-R-0274.pdf,us-ct,ccdf,full screener,1,cga.ct.gov/2020/rpt/pdf/2020-R-0274.pdf,https://www.cga.ct.gov/2020/rpt/pdf/2020-R-0274.pdf,,official,error:URLError,,,DEAD-LINK
https://www.cga.ct.gov/2023/rpt/pdf/2023-R-0100.pdf,us-ct,tanf,full screener,1,cga.ct.gov/2023/rpt/pdf/2023-R-0100.pdf,https://www.cga.ct.gov/2023/rpt/pdf/2023-R-0100.pdf,,official,error:URLError,,,DEAD-LINK
https://www.cga.ct.gov/2023/rpt/pdf/2023-R-0249.pdf,us-ct,ccdf,full screener,1,cga.ct.gov/2023/rpt/pdf/2023-R-0249.pdf,https://www.cga.ct.gov/2023/rpt/pdf/2023-R-0249.pdf,,official,error:URLError,,,DEAD-LINK
https://www.cga.ct.gov/current/pub/chap_319t.htm,us-ct,ccdf,full screener,1,cga.ct.gov/current/pub/chap_319t.htm,https://www.cga.ct.gov/current/pub/chap_319t.htm,,official,error:URLError,,,DEAD-LINK
us-dc/manual/osse/child-care-subsidy-policy-manual,us-dc,ccdf,full screener,1,DC Child Care Subsidy Program Policy Manual,,us-dc/manual/osse/child-care-subsidy-policy-manual,,,,manifests/us-dc-child-care-subsidy-manual.yaml,EXTRACT-MANIFEST
https://code.dccouncil.gov/us/dc/council/code/titles/4/chapters/2/subchapters/I,us-dc,tanf,full screener,1,code.dccouncil.gov/us/dc/council/code/titles/4/chapters/2/subchapters/I,https://code.dccouncil.gov/us/dc/council/code/titles/4/chapters/2/subchapters/I,,official,200,https://code.dccouncil.gov/us/dc/council/code/titles/4/chapters/2/subchapters/I,,FETCH
https://dhs.dc.gov/service/tanf-district-families,us-dc,tanf,full screener,1,dhs.dc.gov/service/tanf-district-families,https://dhs.dc.gov/service/tanf-district-families,,official,200,https://dhs.dc.gov/service/temporary-cash-assistance-needy-families-tanf,,FETCH
https://dhs.dc.gov/service/temporary-cash-assistance-needy-families-tanf,us-dc,tanf,full screener,1,dhs.dc.gov/service/temporary-cash-assistance-needy-families-tanf,https://dhs.dc.gov/service/temporary-cash-assistance-needy-families-tanf,,official,200,https://dhs.dc.gov/service/temporary-cash-assistance-needy-families-tanf,,FETCH
https://dhs.dc.gov/sites/default/files/dc/sites/dhs/service_content/attachments/TANF_Announcement_StatePlan_ForComment_01072020.pdf,us-dc,tanf,full screener,1,dhs.dc.gov/sites/default/files/dc/sites/dhs/service_content/attachments/TANF_Announcement_,https://dhs.dc.gov/sites/default/files/dc/sites/dhs/service_content/attachments/TANF_Announcement_StatePlan_ForComment_01072020.pdf,,official,200,https://dhs.dc.gov/sites/default/files/dc/sites/dhs/service_content/attachments/TANF_Announcement_StatePlan_ForComment_01072020.pdf,,FETCH
https://osse.dc.gov/sites/default/files/dc/sites/osse/publication/attachments/Final%20Rulemaking%20for%20the%20Licensing%20of%20Child%20Development%20Facilities.pdf,us-dc,ccdf,full screener,1,osse.dc.gov/sites/default/files/dc/sites/osse/publication/attachments/Final%20Rulemaking%2,https://osse.dc.gov/sites/default/files/dc/sites/osse/publication/attachments/Final%20Rulemaking%20for%20the%20Licensing%20of%20Child%20Development%20Facilities.pdf,,official,200,https://osse.dc.gov/sites/default/files/dc/sites/osse/publication/attachments/Final%20Rulemaking%20for%20the%20Licensing%20of%20Child%20Development%20Facilities.pdf,,FETCH
https://osse.dc.gov/sites/default/files/dc/sites/osse/publication/attachments/Sliding%20Fee%20Scale.pdf,us-dc,ccdf,full screener,1,osse.dc.gov/sites/default/files/dc/sites/osse/publication/attachments/Sliding%20Fee%20Scal,https://osse.dc.gov/sites/default/files/dc/sites/osse/publication/attachments/Sliding%20Fee%20Scale.pdf,,official,200,https://osse.dc.gov/sites/default/files/dc/sites/osse/publication/attachments/Sliding%20Fee%20Scale.pdf,,FETCH
https://osse.dc.gov/subsidy,us-dc,ccdf,full screener,1,osse.dc.gov/subsidy,https://osse.dc.gov/subsidy,,official,200,https://osse.dc.gov/subsidy,,FETCH
https://archive.regulations.delaware.gov/AdminCode/title16/Department%20of%20Health%20and%20Social%20Services/Division%20of%20Social%20Services/Delaware%20Social%20Services%20Manual/4000.pdf,us-de,tanf,full screener,1,archive.regulations.delaware.gov/AdminCode/title16/Department%20of%20Health%20and%20Social,https://archive.regulations.delaware.gov/AdminCode/title16/Department%20of%20Health%20and%20Social%20Services/Division%20of%20Social%20Services/Delaware%20Social%20Services%20Manual/4000.pdf,,official,200,https://archive.regulations.delaware.gov/AdminCode/title16/Department%20of%20Health%20and%20Social%20Services/Division%20of%20Social%20Services/Delaware%20Social%20Services%20Manual/4000.pdf,,FETCH
https://dhss.delaware.gov/dss/tanf/,us-de,tanf,full screener,1,dhss.delaware.gov/dss/tanf/,https://dhss.delaware.gov/dss/tanf/,,official,200,https://dhss.delaware.gov/dss/services/tanf/,,FETCH
https://dhss.delaware.gov/wp-content/uploads/sites/2/dss/pdf/OCT2022COLA.pdf,us-de,tanf,full screener,1,dhss.delaware.gov/wp-content/uploads/sites/2/dss/pdf/OCT2022COLA.pdf,https://dhss.delaware.gov/wp-content/uploads/sites/2/dss/pdf/OCT2022COLA.pdf,,official,200,https://dhss.delaware.gov/wp-content/uploads/sites/2/dss/pdf/OCT2022COLA.pdf,,FETCH
https://dhss.delaware.gov/wp-content/uploads/sites/2/dss/pdf/detanfstateplan2017.pdf,us-de,tanf,full screener,1,dhss.delaware.gov/wp-content/uploads/sites/2/dss/pdf/detanfstateplan2017.pdf,https://dhss.delaware.gov/wp-content/uploads/sites/2/dss/pdf/detanfstateplan2017.pdf,,official,200,https://dhss.delaware.gov/wp-content/uploads/sites/2/dss/pdf/detanfstateplan2017.pdf,,FETCH
https://help.workworldapp.com/wwwebhelp/de_earned_income_disregards_tanf_and_ga.htm,us-de,tanf,full screener,1,help.workworldapp.com/wwwebhelp/de_earned_income_disregards_tanf_and_ga.htm,https://help.workworldapp.com/wwwebhelp/de_earned_income_disregards_tanf_and_ga.htm,,other,200,https://help.workworldapp.com/wwwebhelp/de_earned_income_disregards_tanf_and_ga.htm,,CHECK-PUBLISHER
https://www.law.cornell.edu/regulations/delaware/16-Del-Admin-Code-SS-4000-4002,us-de,tanf,full screener,1,law.cornell.edu/regulations/delaware/16-Del-Admin-Code-SS-4000-4002,https://www.law.cornell.edu/regulations/delaware/16-Del-Admin-Code-SS-4000-4002,,mirror,200,https://www.law.cornell.edu/regulations/delaware/16-Del-Admin-Code-SS-4000-4002,,OFFICIAL-SOURCE
https://www.law.cornell.edu/regulations/delaware/16-Del-Admin-Code-SS-4000-4007,us-de,tanf,full screener,1,law.cornell.edu/regulations/delaware/16-Del-Admin-Code-SS-4000-4007,https://www.law.cornell.edu/regulations/delaware/16-Del-Admin-Code-SS-4000-4007,,mirror,200,https://www.law.cornell.edu/regulations/delaware/16-Del-Admin-Code-SS-4000-4007,,OFFICIAL-SOURCE
https://www.law.cornell.edu/regulations/delaware/16-Del-Admin-Code-SS-4000-4008,us-de,tanf,full screener,1,law.cornell.edu/regulations/delaware/16-Del-Admin-Code-SS-4000-4008,https://www.law.cornell.edu/regulations/delaware/16-Del-Admin-Code-SS-4000-4008,,mirror,200,https://www.law.cornell.edu/regulations/delaware/16-Del-Admin-Code-SS-4000-4008,,OFFICIAL-SOURCE
https://www.myflfamilies.com/services/public-assistance/temporary-cash-assistance,us-fl,tanf,full screener,1,myflfamilies.com/services/public-assistance/temporary-cash-assistance,https://www.myflfamilies.com/services/public-assistance/temporary-cash-assistance,,other,200,https://www.myflfamilies.com/services/public-assistance/temporary-cash-assistance,,CHECK-PUBLISHER
https://www.law.cornell.edu/regulations/florida/Fla-Admin-Code-Ann-R-65A-4-220,us-fl,tanf,full screener,1,law.cornell.edu/regulations/florida/Fla-Admin-Code-Ann-R-65A-4-220,https://www.law.cornell.edu/regulations/florida/Fla-Admin-Code-Ann-R-65A-4-220,,mirror,200,https://www.law.cornell.edu/regulations/florida/Fla-Admin-Code-Ann-R-65A-4-220,,OFFICIAL-SOURCE
us-fl/statute/title-xiv/chapter-220,us-fl,tanf,full screener,1,us-fl/statute/title-xiv/chapter-220,,us-fl/statute/title-xiv/chapter-220,,,,,PATH-ONLY
https://pamms.dhs.ga.gov/dfcs/_exports/tanf-policy-manual.pdf,us-ga,tanf,full screener,1,pamms.dhs.ga.gov/dfcs/_exports/tanf-policy-manual.pdf,https://pamms.dhs.ga.gov/dfcs/_exports/tanf-policy-manual.pdf,,official,200,https://pamms.dhs.ga.gov/dfcs/_exports/tanf-policy-manual.pdf,,FETCH
https://pamms.dhs.ga.gov/dfcs/tanf/,us-ga,tanf,full screener,1,pamms.dhs.ga.gov/dfcs/tanf/,https://pamms.dhs.ga.gov/dfcs/tanf/,,official,200,https://pamms.dhs.ga.gov/dfcs/tanf/,,FETCH
https://rules.sos.ga.gov/gac/290-2-28,us-ga,tanf,full screener,1,rules.sos.ga.gov/gac/290-2-28,https://rules.sos.ga.gov/gac/290-2-28,,official,200,https://rules.sos.ga.gov/gac/290-2-28,,FETCH
https://rules.sos.ga.gov/gac/290-2-28-.02,us-ga,tanf,full screener,1,rules.sos.ga.gov/gac/290-2-28-.02,https://rules.sos.ga.gov/gac/290-2-28-.02,,official,200,https://rules.sos.ga.gov/gac/290-2-28-.02,,FETCH
https://rules.sos.ga.gov/gac/290-2-28-.13,us-ga,tanf,full screener,1,rules.sos.ga.gov/gac/290-2-28-.13,https://rules.sos.ga.gov/gac/290-2-28-.13,,official,200,https://rules.sos.ga.gov/gac/290-2-28-.13,,FETCH
https://gbpi.org/the-basics-of-georgias-temporary-assistance-for-needy-families-program/,us-ga,tanf,full screener,1,gbpi.org/the-basics-of-georgias-temporary-assistance-for-needy-families-program/,https://gbpi.org/the-basics-of-georgias-temporary-assistance-for-needy-families-program/,,other,200,https://gbpi.org/the-basics-of-georgias-temporary-assistance-for-needy-families-program/,,CHECK-PUBLISHER
https://childcaresubsidyapplication.dhs.hawaii.gov/Child-Care-Gross-Income-Eligibility-Limits-and-Sliding-Fee-Scale,us-hi,ccdf,full screener,1,childcaresubsidyapplication.dhs.hawaii.gov/Child-Care-Gross-Income-Eligibility-Limits-and-,https://childcaresubsidyapplication.dhs.hawaii.gov/Child-Care-Gross-Income-Eligibility-Limits-and-Sliding-Fee-Scale,,official,200,https://childcaresubsidyapplication.dhs.hawaii.gov/Child-Care-Gross-Income-Eligibility-Limits-and-Sliding-Fee-Scale,,FETCH
https://humanservices.hawaii.gov/bessd/files/2013/01/HAR-17-798.2-Child-Care-Services-Rules.pdf,us-hi,ccdf,full screener,1,humanservices.hawaii.gov/bessd/files/2013/01/HAR-17-798.2-Child-Care-Services-Rules.pdf,https://humanservices.hawaii.gov/bessd/files/2013/01/HAR-17-798.2-Child-Care-Services-Rules.pdf,,official,200,https://humanservices.hawaii.gov/bessd/files/2013/01/HAR-17-798.2-Child-Care-Services-Rules.pdf,,FETCH
https://humanservices.hawaii.gov/bessd/files/2021/09/CHAPTER-17-798.3-Child-Care-Payments.pdf,us-hi,ccdf,full screener,1,humanservices.hawaii.gov/bessd/files/2021/09/CHAPTER-17-798.3-Child-Care-Payments.pdf,https://humanservices.hawaii.gov/bessd/files/2021/09/CHAPTER-17-798.3-Child-Care-Payments.pdf,,official,200,https://humanservices.hawaii.gov/bessd/files/2021/09/CHAPTER-17-798.3-Child-Care-Payments.pdf,,FETCH
https://humanservices.hawaii.gov/wp-content/uploads/2018/02/Section-346-54-HRS-Public-Assistance-Expenditures-Report-2016.pdf,us-hi,tanf,full screener,1,humanservices.hawaii.gov/wp-content/uploads/2018/02/Section-346-54-HRS-Public-Assistance-E,https://humanservices.hawaii.gov/wp-content/uploads/2018/02/Section-346-54-HRS-Public-Assistance-Expenditures-Report-2016.pdf,,official,200,https://humanservices.hawaii.gov/wp-content/uploads/2018/02/Section-346-54-HRS-Public-Assistance-Expenditures-Report-2016.pdf,,FETCH
https://humanservices.hawaii.gov/wp-content/uploads/2024/11/RYamane_2025-HRS-Sect-346-51.5-TANF-Legislative-Report-DHS-BESSD-signed.pdf,us-hi,tanf,full screener,1,humanservices.hawaii.gov/wp-content/uploads/2024/11/RYamane_2025-HRS-Sect-346-51.5-TANF-Le,https://humanservices.hawaii.gov/wp-content/uploads/2024/11/RYamane_2025-HRS-Sect-346-51.5-TANF-Legislative-Report-DHS-BESSD-signed.pdf,,official,200,https://humanservices.hawaii.gov/wp-content/uploads/2024/11/RYamane_2025-HRS-Sect-346-51.5-TANF-Legislative-Report-DHS-BESSD-signed.pdf,,FETCH
https://www.hawaii.edu/bridgetohope/downloads/UPDATED%20STANDARD%20OF%20ASSISTANCE%20AND%20DESK%20AID%20%20EFF.%2001-01-20%202.pdf,us-hi,tanf,full screener,1,hawaii.edu/bridgetohope/downloads/UPDATED%20STANDARD%20OF%20ASSISTANCE%20AND%20DESK%20AID%,https://www.hawaii.edu/bridgetohope/downloads/UPDATED%20STANDARD%20OF%20ASSISTANCE%20AND%20DESK%20AID%20%20EFF.%2001-01-20%202.pdf,,other,404,,,DEAD-LINK
https://www.capitol.hawaii.gov/hrscurrent/Vol07_Ch0346-0398/HRS0346/HRS_0346-0071.htm,us-hi,tanf,full screener,1,capitol.hawaii.gov/hrscurrent/Vol07_Ch0346-0398/HRS0346/HRS_0346-0071.htm,https://www.capitol.hawaii.gov/hrscurrent/Vol07_Ch0346-0398/HRS0346/HRS_0346-0071.htm,,official,403,,,BLOCKED-CHECK
https://hhs.iowa.gov/media/12445/download?inline=,us-ia,ccdf,full screener,1,hhs.iowa.gov/media/12445/download,https://hhs.iowa.gov/media/12445/download?inline=,,official,200,https://hhs.iowa.gov/media/12445/download?inline=,,FETCH
https://hhs.iowa.gov/media/13646/download?inline,us-ia,ccdf,full screener,1,hhs.iowa.gov/media/13646/download,https://hhs.iowa.gov/media/13646/download?inline,,official,200,https://hhs.iowa.gov/media/13646/download?inline,,FETCH
https://hhs.iowa.gov/media/16424/download?inline=,us-ia,ccdf,full screener,1,hhs.iowa.gov/media/16424/download,https://hhs.iowa.gov/media/16424/download?inline=,,official,200,https://hhs.iowa.gov/media/16424/download?inline=,,FETCH
https://hhs.iowa.gov/media/18656/download?inline,us-ia,ccdf,full screener,1,hhs.iowa.gov/media/18656/download,https://hhs.iowa.gov/media/18656/download?inline,,official,200,https://hhs.iowa.gov/media/18656/download?inline,,FETCH
https://www.legis.iowa.gov/docs/iac/chapter/01-07-2026.441.41.pdf,us-ia,tanf,full screener,1,legis.iowa.gov/docs/iac/chapter/01-07-2026.441.41.pdf,https://www.legis.iowa.gov/docs/iac/chapter/01-07-2026.441.41.pdf,,official,200,https://www.legis.iowa.gov/docs/iac/chapter/01-07-2026.441.41.pdf,,FETCH
https://www.legis.iowa.gov/docs/iac/chapter/441.170.pdf,us-ia,ccdf,full screener,1,legis.iowa.gov/docs/iac/chapter/441.170.pdf,https://www.legis.iowa.gov/docs/iac/chapter/441.170.pdf,,official,200,https://www.legis.iowa.gov/docs/iac/chapter/441.170.pdf,,FETCH
https://www.legis.iowa.gov/docs/iac/rule/441.41.26.pdf,us-ia,tanf,full screener,1,legis.iowa.gov/docs/iac/rule/441.41.26.pdf,https://www.legis.iowa.gov/docs/iac/rule/441.41.26.pdf,,official,200,https://www.legis.iowa.gov/docs/iac/rule/441.41.26.pdf,,FETCH
https://www.law.cornell.edu/regulations/iowa/Iowa-Code-r-441-41.27,us-ia,tanf,full screener,1,law.cornell.edu/regulations/iowa/Iowa-Code-r-441-41.27,https://www.law.cornell.edu/regulations/iowa/Iowa-Code-r-441-41.27,,mirror,200,https://www.law.cornell.edu/regulations/iowa/Iowa-Code-r-441-41.27,,OFFICIAL-SOURCE
https://files.dfm.idaho.gov/dfm-admin-website/rules/current/16/160612.pdf,us-id,ccdf,full screener,1,files.dfm.idaho.gov/dfm-admin-website/rules/current/16/160612.pdf,https://files.dfm.idaho.gov/dfm-admin-website/rules/current/16/160612.pdf,,official,200,https://files.dfm.idaho.gov/dfm-admin-website/rules/current/16/160612.pdf,,FETCH
https://healthandwelfare.idaho.gov/services-programs/children-families-older-adults/idaho-child-care-program,us-id,ccdf,full screener,1,healthandwelfare.idaho.gov/services-programs/children-families-older-adults/idaho-child-ca,https://healthandwelfare.idaho.gov/services-programs/children-families-older-adults/idaho-child-care-program,,official,200,https://healthandwelfare.idaho.gov/services-programs/children-families-older-adults/idaho-child-care-program,,FETCH
https://publicdocuments.dhw.idaho.gov/WebLink/DocView.aspx?dbid=0&id=19508&repo=PUBLIC-DOCUMENTS,us-id,ccdf,full screener,1,publicdocuments.dhw.idaho.gov/WebLink/DocView.aspx,https://publicdocuments.dhw.idaho.gov/WebLink/DocView.aspx?dbid=0&id=19508&repo=PUBLIC-DOCUMENTS,,official,200,https://publicdocuments.dhw.idaho.gov:443/WebLink/DocView.aspx?dbid=0&id=19508&repo=PUBLIC-DOCUMENTS&cr=1,,FETCH
https://publicdocuments.dhw.idaho.gov/WebLink/DocView.aspx?dbid=0&id=4671&repo=PUBLIC-DOCUMENTS,us-id,ccdf,full screener,1,publicdocuments.dhw.idaho.gov/WebLink/DocView.aspx,https://publicdocuments.dhw.idaho.gov/WebLink/DocView.aspx?dbid=0&id=4671&repo=PUBLIC-DOCUMENTS,,official,200,https://publicdocuments.dhw.idaho.gov:443/WebLink/DocView.aspx?dbid=0&id=4671&repo=PUBLIC-DOCUMENTS&cr=1,,FETCH
https://idec.illinois.gov/content/dam/soi/en/web/idec/documents/pages/ccap-for-providers/IL444-3455B%20DEC%20-%20Important%20Parent%20Co-Payment%20Information%207.1.26.pdf,us-il,ccdf,full screener,1,idec.illinois.gov/content/dam/soi/en/web/idec/documents/pages/ccap-for-providers/IL444-345,https://idec.illinois.gov/content/dam/soi/en/web/idec/documents/pages/ccap-for-providers/IL444-3455B%20DEC%20-%20Important%20Parent%20Co-Payment%20Information%207.1.26.pdf,,official,200,https://idec.illinois.gov/content/dam/soi/en/web/idec/documents/pages/ccap-for-providers/IL444-3455B%20DEC%20-%20Important%20Parent%20Co-Payment%20Information%207.1.26.pdf,,FETCH
https://idec.illinois.gov/content/dam/soi/en/web/idec/documents/pages/ccap-for-providers/IL444-4343%20-%20Child%20Care%20Payment%20Rates%20for%20Child%20Care%20Providers%207.1.26.pdf,us-il,ccdf,full screener,1,idec.illinois.gov/content/dam/soi/en/web/idec/documents/pages/ccap-for-providers/IL444-434,https://idec.illinois.gov/content/dam/soi/en/web/idec/documents/pages/ccap-for-providers/IL444-4343%20-%20Child%20Care%20Payment%20Rates%20for%20Child%20Care%20Providers%207.1.26.pdf,,official,200,https://idec.illinois.gov/content/dam/soi/en/web/idec/documents/pages/ccap-for-providers/IL444-4343%20-%20Child%20Care%20Payment%20Rates%20for%20Child%20Care%20Providers%207.1.26.pdf,,FETCH
https://www.dhs.state.il.us/OneNetLibrary/27894/documents/DHSChildCare/July%201%202025%20Changes%20to%20CCAP%20Memo%20Final%20A.pdf,us-il,ccdf,full screener,1,dhs.state.il.us/OneNetLibrary/27894/documents/DHSChildCare/July%201%202025%20Changes%20to%,https://www.dhs.state.il.us/OneNetLibrary/27894/documents/DHSChildCare/July%201%202025%20Changes%20to%20CCAP%20Memo%20Final%20A.pdf,,official,200,https://www.dhs.state.il.us/OneNetLibrary/27894/documents/DHSChildCare/July%201%202025%20Changes%20to%20CCAP%20Memo%20Final%20A.pdf,,FETCH
https://www.dhs.state.il.us/OneNetLibrary/27897/documents/Forms/443455B%20CCAP%20Income%20and%20Copay%20Chart%20Eff%207.1.25.pdf,us-il,ccdf,full screener,1,dhs.state.il.us/OneNetLibrary/27897/documents/Forms/443455B%20CCAP%20Income%20and%20Copay%,https://www.dhs.state.il.us/OneNetLibrary/27897/documents/Forms/443455B%20CCAP%20Income%20and%20Copay%20Chart%20Eff%207.1.25.pdf,,official,200,https://www.dhs.state.il.us/OneNetLibrary/27897/documents/Forms/443455B%20CCAP%20Income%20and%20Copay%20Chart%20Eff%207.1.25.pdf,,FETCH
http://law.cornell.edu/regulations/illinois/Ill-Admin-Code-tit-89-SS-112.101,us-il,tanf,full screener,1,law.cornell.edu/regulations/illinois/Ill-Admin-Code-tit-89-SS-112.101,http://law.cornell.edu/regulations/illinois/Ill-Admin-Code-tit-89-SS-112.101,,mirror,200,https://www.law.cornell.edu/regulations/illinois/Ill-Admin-Code-tit-89-SS-112.101,,OFFICIAL-SOURCE
https://www.law.cornell.edu/regulations/illinois/Ill-Admin-Code-tit-89-SS-112.10,us-il,tanf,full screener,1,law.cornell.edu/regulations/illinois/Ill-Admin-Code-tit-89-SS-112.10,https://www.law.cornell.edu/regulations/illinois/Ill-Admin-Code-tit-89-SS-112.10,,mirror,200,https://www.law.cornell.edu/regulations/illinois/Ill-Admin-Code-tit-89-SS-112.10,,OFFICIAL-SOURCE
https://www.law.cornell.edu/regulations/illinois/Ill-Admin-Code-tit-89-SS-112.100,us-il,tanf,full screener,1,law.cornell.edu/regulations/illinois/Ill-Admin-Code-tit-89-SS-112.100,https://www.law.cornell.edu/regulations/illinois/Ill-Admin-Code-tit-89-SS-112.100,,mirror,200,https://www.law.cornell.edu/regulations/illinois/Ill-Admin-Code-tit-89-SS-112.100,,OFFICIAL-SOURCE
https://www.law.cornell.edu/regulations/illinois/Ill-Admin-Code-tit-89-SS-112.110,us-il,tanf,full screener,1,law.cornell.edu/regulations/illinois/Ill-Admin-Code-tit-89-SS-112.110,https://www.law.cornell.edu/regulations/illinois/Ill-Admin-Code-tit-89-SS-112.110,,mirror,200,https://www.law.cornell.edu/regulations/illinois/Ill-Admin-Code-tit-89-SS-112.110,,OFFICIAL-SOURCE
https://www.law.cornell.edu/regulations/illinois/Ill-Admin-Code-tit-89-SS-112.130,us-il,tanf,full screener,1,law.cornell.edu/regulations/illinois/Ill-Admin-Code-tit-89-SS-112.130,https://www.law.cornell.edu/regulations/illinois/Ill-Admin-Code-tit-89-SS-112.130,,mirror,200,https://www.law.cornell.edu/regulations/illinois/Ill-Admin-Code-tit-89-SS-112.130,,OFFICIAL-SOURCE
https://www.law.cornell.edu/regulations/illinois/Ill-Admin-Code-tit-89-SS-112.141,us-il,tanf,full screener,1,law.cornell.edu/regulations/illinois/Ill-Admin-Code-tit-89-SS-112.141,https://www.law.cornell.edu/regulations/illinois/Ill-Admin-Code-tit-89-SS-112.141,,mirror,200,https://www.law.cornell.edu/regulations/illinois/Ill-Admin-Code-tit-89-SS-112.141,,OFFICIAL-SOURCE
https://www.law.cornell.edu/regulations/illinois/Ill-Admin-Code-tit-89-SS-112.143,us-il,tanf,full screener,1,law.cornell.edu/regulations/illinois/Ill-Admin-Code-tit-89-SS-112.143,https://www.law.cornell.edu/regulations/illinois/Ill-Admin-Code-tit-89-SS-112.143,,mirror,200,https://www.law.cornell.edu/regulations/illinois/Ill-Admin-Code-tit-89-SS-112.143,,OFFICIAL-SOURCE
https://www.law.cornell.edu/regulations/illinois/Ill-Admin-Code-tit-89-SS-112.147,us-il,tanf,full screener,1,law.cornell.edu/regulations/illinois/Ill-Admin-Code-tit-89-SS-112.147,https://www.law.cornell.edu/regulations/illinois/Ill-Admin-Code-tit-89-SS-112.147,,mirror,200,https://www.law.cornell.edu/regulations/illinois/Ill-Admin-Code-tit-89-SS-112.147,,OFFICIAL-SOURCE
https://www.law.cornell.edu/regulations/illinois/Ill-Admin-Code-tit-89-SS-112.155,us-il,tanf,full screener,1,law.cornell.edu/regulations/illinois/Ill-Admin-Code-tit-89-SS-112.155,https://www.law.cornell.edu/regulations/illinois/Ill-Admin-Code-tit-89-SS-112.155,,mirror,200,https://www.law.cornell.edu/regulations/illinois/Ill-Admin-Code-tit-89-SS-112.155,,OFFICIAL-SOURCE
https://www.law.cornell.edu/regulations/illinois/Ill-Admin-Code-tit-89-SS-112.250,us-il,tanf,full screener,1,law.cornell.edu/regulations/illinois/Ill-Admin-Code-tit-89-SS-112.250,https://www.law.cornell.edu/regulations/illinois/Ill-Admin-Code-tit-89-SS-112.250,,mirror,200,https://www.law.cornell.edu/regulations/illinois/Ill-Admin-Code-tit-89-SS-112.250,,OFFICIAL-SOURCE
https://www.law.cornell.edu/regulations/illinois/Ill-Admin-Code-tit-89-SS-112.251,us-il,tanf,full screener,1,law.cornell.edu/regulations/illinois/Ill-Admin-Code-tit-89-SS-112.251,https://www.law.cornell.edu/regulations/illinois/Ill-Admin-Code-tit-89-SS-112.251,,mirror,200,https://www.law.cornell.edu/regulations/illinois/Ill-Admin-Code-tit-89-SS-112.251,,OFFICIAL-SOURCE
https://www.law.cornell.edu/regulations/illinois/Ill-Admin-Code-tit-89-SS-112.30,us-il,tanf,full screener,1,law.cornell.edu/regulations/illinois/Ill-Admin-Code-tit-89-SS-112.30,https://www.law.cornell.edu/regulations/illinois/Ill-Admin-Code-tit-89-SS-112.30,,mirror,200,https://www.law.cornell.edu/regulations/illinois/Ill-Admin-Code-tit-89-SS-112.30,,OFFICIAL-SOURCE
https://www.law.cornell.edu/regulations/illinois/Ill-Admin-Code-tit-89-SS-112.300,us-il,tanf,full screener,1,law.cornell.edu/regulations/illinois/Ill-Admin-Code-tit-89-SS-112.300,https://www.law.cornell.edu/regulations/illinois/Ill-Admin-Code-tit-89-SS-112.300,,mirror,200,https://www.law.cornell.edu/regulations/illinois/Ill-Admin-Code-tit-89-SS-112.300,,OFFICIAL-SOURCE
https://www.law.cornell.edu/regulations/illinois/Ill-Admin-Code-tit-89-SS-112.60,us-il,tanf,full screener,1,law.cornell.edu/regulations/illinois/Ill-Admin-Code-tit-89-SS-112.60,https://www.law.cornell.edu/regulations/illinois/Ill-Admin-Code-tit-89-SS-112.60,,mirror,503,,,OFFICIAL-SOURCE
https://www.law.cornell.edu/regulations/illinois/Ill-Admin-Code-tit-89-SS-50.230,us-il,ccdf,full screener,1,law.cornell.edu/regulations/illinois/Ill-Admin-Code-tit-89-SS-50.230,https://www.law.cornell.edu/regulations/illinois/Ill-Admin-Code-tit-89-SS-50.230,,mirror,200,https://www.law.cornell.edu/regulations/illinois/Ill-Admin-Code-tit-89-SS-50.230,,OFFICIAL-SOURCE
https://www.ilga.gov/agencies/JCAR/EntirePart?titlepart=08900050,us-il,ccdf,full screener,1,ilga.gov/agencies/JCAR/EntirePart,https://www.ilga.gov/agencies/JCAR/EntirePart?titlepart=08900050,,official,error:URLError,,,DEAD-LINK
https://iar.iga.in.gov/code/2026/470/10.3,us-in,tanf,full screener,1,iar.iga.in.gov/code/2026/470/10.3,https://iar.iga.in.gov/code/2026/470/10.3,,official,200,https://iar.iga.in.gov/code/2026/470/10.3,,FETCH
https://iga.in.gov/laws/2025/ic/titles/12/,us-in,tanf,full screener,1,iga.in.gov/laws/2025/ic/titles/12/,https://iga.in.gov/laws/2025/ic/titles/12/,,official,200,https://iga.in.gov/laws/2025/ic/titles/12/,,FETCH
https://www.in.gov/dA/e987107d4f/16.02-Assistance-for-Unlicensed-Relative-Placements-ARCHIVED-6-30-19-V4.pdf,us-in,tanf,full screener,1,in.gov/dA/e987107d4f/16.02-Assistance-for-Unlicensed-Relative-Placements-ARCHIVED-6-30-19-,https://www.in.gov/dA/e987107d4f/16.02-Assistance-for-Unlicensed-Relative-Placements-ARCHIVED-6-30-19-V4.pdf,,official,200,https://www.in.gov/dA/e987107d4f/16.02-Assistance-for-Unlicensed-Relative-Placements-ARCHIVED-6-30-19-V4.pdf,,FETCH
https://www.in.gov/fssa/carefinder/files/CCDF-Provider-Manual.pdf,us-in,ccdf,full screener,1,in.gov/fssa/carefinder/files/CCDF-Provider-Manual.pdf,https://www.in.gov/fssa/carefinder/files/CCDF-Provider-Manual.pdf,,official,200,https://www.in.gov/fssa/carefinder/files/CCDF-Provider-Manual.pdf,,FETCH
https://www.in.gov/fssa/carefinder/files/CCDFSlidingFeeSchedule_withCopays_2026.pdf,us-in,ccdf,full screener,1,in.gov/fssa/carefinder/files/CCDFSlidingFeeSchedule_withCopays_2026.pdf,https://www.in.gov/fssa/carefinder/files/CCDFSlidingFeeSchedule_withCopays_2026.pdf,,official,200,https://www.in.gov/fssa/carefinder/files/CCDFSlidingFeeSchedule_withCopays_2026.pdf,,FETCH
https://www.in.gov/fssa/carefinder/files/Income-Get-on-CCDF.pdf,us-in,ccdf,full screener,1,in.gov/fssa/carefinder/files/Income-Get-on-CCDF.pdf,https://www.in.gov/fssa/carefinder/files/Income-Get-on-CCDF.pdf,,official,200,https://www.in.gov/fssa/carefinder/files/Income-Get-on-CCDF.pdf,,FETCH
https://www.in.gov/fssa/carefinder/files/Income-Stay-On-CCDF.pdf,us-in,ccdf,full screener,1,in.gov/fssa/carefinder/files/Income-Stay-On-CCDF.pdf,https://www.in.gov/fssa/carefinder/files/Income-Stay-On-CCDF.pdf,,official,200,https://www.in.gov/fssa/carefinder/files/Income-Stay-On-CCDF.pdf,,FETCH
https://www.in.gov/fssa/carefinder/files/MarionReimbRateCCDF.pdf,us-in,ccdf,full screener,1,in.gov/fssa/carefinder/files/MarionReimbRateCCDF.pdf,https://www.in.gov/fssa/carefinder/files/MarionReimbRateCCDF.pdf,,official,200,https://www.in.gov/fssa/carefinder/files/MarionReimbRateCCDF.pdf,,FETCH
https://www.in.gov/fssa/carefinder/files/ReimbursementRateFAQs.pdf,us-in,ccdf,full screener,1,in.gov/fssa/carefinder/files/ReimbursementRateFAQs.pdf,https://www.in.gov/fssa/carefinder/files/ReimbursementRateFAQs.pdf,,official,200,https://www.in.gov/fssa/carefinder/files/ReimbursementRateFAQs.pdf,,FETCH
https://www.in.gov/fssa/carefinder/files/Updated-Child-Care-Voucher-Rates-.pdf,us-in,ccdf,full screener,1,in.gov/fssa/carefinder/files/Updated-Child-Care-Voucher-Rates-.pdf,https://www.in.gov/fssa/carefinder/files/Updated-Child-Care-Voucher-Rates-.pdf,,official,200,https://www.in.gov/fssa/carefinder/files/Updated-Child-Care-Voucher-Rates-.pdf,,FETCH
https://www.in.gov/fssa/carefinder/system-updates-2023,us-in,ccdf,full screener,1,in.gov/fssa/carefinder/system-updates-2023,https://www.in.gov/fssa/carefinder/system-updates-2023,,official,200,https://www.in.gov/fssa/carefinder/system-updates-2023,,FETCH
https://www.in.gov/fssa/dfr/files/2600.pdf,us-in,tanf,full screener,1,in.gov/fssa/dfr/files/2600.pdf,https://www.in.gov/fssa/dfr/files/2600.pdf,,official,200,https://www.in.gov/fssa/dfr/files/2600.pdf,,FETCH
https://www.in.gov/fssa/dfr/files/3000.pdf,us-in,tanf,full screener,1,in.gov/fssa/dfr/files/3000.pdf,https://www.in.gov/fssa/dfr/files/3000.pdf,,official,200,https://www.in.gov/fssa/dfr/files/3000.pdf,,FETCH
https://www.in.gov/fssa/dfr/files/3400.pdf,us-in,tanf,full screener,1,in.gov/fssa/dfr/files/3400.pdf,https://www.in.gov/fssa/dfr/files/3400.pdf,,official,200,https://www.in.gov/fssa/dfr/files/3400.pdf,,FETCH
https://www.in.gov/fssa/dfr/tanf-cash-assistance/about-tanf/,us-in,tanf,full screener,1,in.gov/fssa/dfr/tanf-cash-assistance/about-tanf/,https://www.in.gov/fssa/dfr/tanf-cash-assistance/about-tanf/,,official,200,https://www.in.gov/fssa/dfr/tanf-cash-assistance/about-tanf/,,FETCH
https://wrd.urban.org/sites/default/files/documents/2023-09/311111-The-Welfare-Rules-Databook-State-Policies-as-of-July--.PDF,us-in,tanf,full screener,1,wrd.urban.org/sites/default/files/documents/2023-09/311111-The-Welfare-Rules-Databook-Stat,https://wrd.urban.org/sites/default/files/documents/2023-09/311111-The-Welfare-Rules-Databook-State-Policies-as-of-July--.PDF,,other,200,https://wrd.urban.org/sites/default/files/documents/2023-09/311111-The-Welfare-Rules-Databook-State-Policies-as-of-July--.PDF,,CHECK-PUBLISHER
https://content.dcf.ks.gov/ees/KEESM/Appendix/F-1MonthlyFamilyIncomeandFamilyShareDeductionSchedule.pdf,us-ks,ccdf,full screener,1,content.dcf.ks.gov/ees/KEESM/Appendix/F-1MonthlyFamilyIncomeandFamilyShareDeductionSchedul,https://content.dcf.ks.gov/ees/KEESM/Appendix/F-1MonthlyFamilyIncomeandFamilyShareDeductionSchedule.pdf,,official,200,https://content.dcf.ks.gov/ees/KEESM/Appendix/F-1MonthlyFamilyIncomeandFamilyShareDeductionSchedule.pdf,,FETCH
https://content.dcf.ks.gov/ees/KEESM/Implem_Memo/2026_05_01_ccfpl_increase.html,us-ks,ccdf,full screener,1,content.dcf.ks.gov/ees/KEESM/Implem_Memo/2026_05_01_ccfpl_increase.html,https://content.dcf.ks.gov/ees/KEESM/Implem_Memo/2026_05_01_ccfpl_increase.html,,official,200,https://content.dcf.ks.gov/ees/KEESM/Implem_Memo/2026_05_01_ccfpl_increase.html,,FETCH
https://content.dcf.ks.gov/ees/keesm/appendix/F-4_TAFtable07_11.pdf,us-ks,tanf,full screener,1,content.dcf.ks.gov/ees/keesm/appendix/F-4_TAFtable07_11.pdf,https://content.dcf.ks.gov/ees/keesm/appendix/F-4_TAFtable07_11.pdf,,official,200,https://content.dcf.ks.gov/ees/keesm/appendix/F-4_TAFtable07_11.pdf,,FETCH
https://content.dcf.ks.gov/ees/keesm/appendix/c-18_providerratecht.pdf,us-ks,ccdf,full screener,1,content.dcf.ks.gov/ees/keesm/appendix/c-18_providerratecht.pdf,https://content.dcf.ks.gov/ees/keesm/appendix/c-18_providerratecht.pdf,,official,200,https://content.dcf.ks.gov/ees/keesm/appendix/c-18_providerratecht.pdf,,FETCH
https://content.dcf.ks.gov/ees/keesm/implem_memo/2008_0326_TAF_ei_disregard.htm,us-ks,tanf,full screener,1,content.dcf.ks.gov/ees/keesm/implem_memo/2008_0326_TAF_ei_disregard.htm,https://content.dcf.ks.gov/ees/keesm/implem_memo/2008_0326_TAF_ei_disregard.htm,,official,200,https://content.dcf.ks.gov/ees/keesm/implem_memo/2008_0326_TAF_ei_disregard.htm,,FETCH
https://content.dcf.ks.gov/ees/keesm/implem_memo/2021_07_01_increaseto250percentnofs.html,us-ks,ccdf,full screener,1,content.dcf.ks.gov/ees/keesm/implem_memo/2021_07_01_increaseto250percentnofs.html,https://content.dcf.ks.gov/ees/keesm/implem_memo/2021_07_01_increaseto250percentnofs.html,,official,200,https://content.dcf.ks.gov/ees/keesm/implem_memo/2021_07_01_increaseto250percentnofs.html,,FETCH
https://ksrevisor.gov/statutes/chapters/ch39/039_007_0009.html,us-ks,tanf,full screener,1,ksrevisor.gov/statutes/chapters/ch39/039_007_0009.html,https://ksrevisor.gov/statutes/chapters/ch39/039_007_0009.html,,official,200,https://ksrevisor.gov/statutes/chapters/ch39/039_007_0009.html,,FETCH
https://www.law.cornell.edu/regulations/kansas/K-A-R-30-4-100,us-ks,tanf,full screener,1,law.cornell.edu/regulations/kansas/K-A-R-30-4-100,https://www.law.cornell.edu/regulations/kansas/K-A-R-30-4-100,,mirror,200,https://www.law.cornell.edu/regulations/kansas/K-A-R-30-4-100,,OFFICIAL-SOURCE
https://www.law.cornell.edu/regulations/kansas/K-A-R-30-4-101,us-ks,tanf,full screener,1,law.cornell.edu/regulations/kansas/K-A-R-30-4-101,https://www.law.cornell.edu/regulations/kansas/K-A-R-30-4-101,,mirror,200,https://www.law.cornell.edu/regulations/kansas/K-A-R-30-4-101,,OFFICIAL-SOURCE
https://www.law.cornell.edu/regulations/kansas/K-A-R-30-4-110,us-ks,tanf,full screener,1,law.cornell.edu/regulations/kansas/K-A-R-30-4-110,https://www.law.cornell.edu/regulations/kansas/K-A-R-30-4-110,,mirror,200,https://www.law.cornell.edu/regulations/kansas/K-A-R-30-4-110,,OFFICIAL-SOURCE
https://www.law.cornell.edu/regulations/kansas/K-A-R-30-4-111,us-ks,tanf,full screener,1,law.cornell.edu/regulations/kansas/K-A-R-30-4-111,https://www.law.cornell.edu/regulations/kansas/K-A-R-30-4-111,,mirror,200,https://www.law.cornell.edu/regulations/kansas/K-A-R-30-4-111,,OFFICIAL-SOURCE
https://www.law.cornell.edu/regulations/kansas/K-A-R-30-4-50,us-ks,tanf,full screener,1,law.cornell.edu/regulations/kansas/K-A-R-30-4-50,https://www.law.cornell.edu/regulations/kansas/K-A-R-30-4-50,,mirror,200,https://www.law.cornell.edu/regulations/kansas/K-A-R-30-4-50,,OFFICIAL-SOURCE
https://www.law.cornell.edu/regulations/kansas/K-A-R-30-4-70,us-ks,tanf,full screener,1,law.cornell.edu/regulations/kansas/K-A-R-30-4-70,https://www.law.cornell.edu/regulations/kansas/K-A-R-30-4-70,,mirror,200,https://www.law.cornell.edu/regulations/kansas/K-A-R-30-4-70,,OFFICIAL-SOURCE
https://apps.legislature.ky.gov/law/kar/downloads/docs/10239/document.engrossed.pdf,us-ky,ccdf,full screener,1,apps.legislature.ky.gov/law/kar/downloads/docs/10239/document.engrossed.pdf,https://apps.legislature.ky.gov/law/kar/downloads/docs/10239/document.engrossed.pdf,,official,200,https://apps.legislature.ky.gov/law/kar/downloads/docs/10239/document.engrossed.pdf,,FETCH
https://apps.legislature.ky.gov/law/kar/downloads/docs/13685/document.engrossed.pdf,us-ky,ccdf,full screener,1,apps.legislature.ky.gov/law/kar/downloads/docs/13685/document.engrossed.pdf,https://apps.legislature.ky.gov/law/kar/downloads/docs/13685/document.engrossed.pdf,,official,200,https://apps.legislature.ky.gov/law/kar/downloads/docs/13685/document.engrossed.pdf,,FETCH
https://apps.legislature.ky.gov/law/kar/downloads/docs/15544/document.engrossed.pdf,us-ky,ccdf,full screener,1,apps.legislature.ky.gov/law/kar/downloads/docs/15544/document.engrossed.pdf,https://apps.legislature.ky.gov/law/kar/downloads/docs/15544/document.engrossed.pdf,,official,200,https://apps.legislature.ky.gov/law/kar/downloads/docs/15544/document.engrossed.pdf,,FETCH
https://apps.legislature.ky.gov/law/kar/registers/49Ky_R_2022-23/02_Aug.pdf,us-ky,ccdf,full screener,1,apps.legislature.ky.gov/law/kar/registers/49Ky_R_2022-23/02_Aug.pdf,https://apps.legislature.ky.gov/law/kar/registers/49Ky_R_2022-23/02_Aug.pdf,,official,200,https://apps.legislature.ky.gov/law/kar/registers/49Ky_R_2022-23/02_Aug.pdf,,FETCH
https://apps.legislature.ky.gov/law/kar/titles/921/002/016/,us-ky,tanf,full screener,1,apps.legislature.ky.gov/law/kar/titles/921/002/016/,https://apps.legislature.ky.gov/law/kar/titles/921/002/016/,,official,200,https://apps.legislature.ky.gov/law/kar/titles/921/002/016/,,FETCH
https://apps.legislature.ky.gov/law/kar/titles/921/002/016/10142/,us-ky,tanf,full screener,1,apps.legislature.ky.gov/law/kar/titles/921/002/016/10142/,https://apps.legislature.ky.gov/law/kar/titles/921/002/016/10142/,,official,200,https://apps.legislature.ky.gov/law/kar/titles/921/002/016/10142/,,FETCH
https://prd.webapps.chfs.ky.gov/kyfaces/Kinship/KTAP,us-ky,tanf,full screener,1,prd.webapps.chfs.ky.gov/kyfaces/Kinship/KTAP,https://prd.webapps.chfs.ky.gov/kyfaces/Kinship/KTAP,,official,200,https://prd.webapps.chfs.ky.gov/kyfaces/Kinship/KTAP,,FETCH
https://www.chfs.ky.gov/agencies/dcbs/dcc/Documents/dcc11319.pdf,us-ky,ccdf,full screener,1,chfs.ky.gov/agencies/dcbs/dcc/Documents/dcc11319.pdf,https://www.chfs.ky.gov/agencies/dcbs/dcc/Documents/dcc11319.pdf,,official,200,https://www.chfs.ky.gov/agencies/dcbs/dcc/Documents/dcc11319.pdf,,FETCH
https://www.chfs.ky.gov/agencies/dcbs/dcc/Documents/dcc300kymaxpaymentchart.pdf,us-ky,ccdf,full screener,1,chfs.ky.gov/agencies/dcbs/dcc/Documents/dcc300kymaxpaymentchart.pdf,https://www.chfs.ky.gov/agencies/dcbs/dcc/Documents/dcc300kymaxpaymentchart.pdf,,official,200,https://www.chfs.ky.gov/agencies/dcbs/dcc/Documents/dcc300kymaxpaymentchart.pdf,,FETCH
https://apps.legislature.ky.gov/services/karmaservice/documents/10239/ToPDF?markup=false,us-ky,ccdf,full screener,1,apps.legislature.ky.gov/services/karmaservice/documents/10239/ToPDF,https://apps.legislature.ky.gov/services/karmaservice/documents/10239/ToPDF?markup=false,,official,500,,,DEAD-LINK
https://doe.louisiana.gov/docs/default-source/academics/bulletin-139.pdf?Status=Master&sfvrsn=f94813df_2,us-la,ccdf,full screener,1,doe.louisiana.gov/docs/default-source/academics/bulletin-139.pdf,https://doe.louisiana.gov/docs/default-source/academics/bulletin-139.pdf?Status=Master&sfvrsn=f94813df_2,,official,200,https://doe.louisiana.gov/docs/default-source/academics/bulletin-139.pdf?Status=Master&sfvrsn=f94813df_2,,FETCH
https://doe.louisiana.gov/docs/default-source/early-childhood/ccap-sliding-fee-scale.pdf,us-la,ccdf,full screener,1,doe.louisiana.gov/docs/default-source/early-childhood/ccap-sliding-fee-scale.pdf,https://doe.louisiana.gov/docs/default-source/early-childhood/ccap-sliding-fee-scale.pdf,,official,200,https://doe.louisiana.gov/docs/default-source/early-childhood/ccap-sliding-fee-scale.pdf,,FETCH
https://doe.louisiana.gov/docs/default-source/early-childhood/early-childhood-provider-updates-(february-2025).pdf,us-la,ccdf,full screener,1,doe.louisiana.gov/docs/default-source/early-childhood/early-childhood-provider-updates-(fe,https://doe.louisiana.gov/docs/default-source/early-childhood/early-childhood-provider-updates-(february-2025).pdf,,official,200,https://doe.louisiana.gov/docs/default-source/early-childhood/early-childhood-provider-updates-(february-2025).pdf,,FETCH
https://www.dcfs.louisiana.gov/news/louisiana-to-increase-tanf-cash-assistance-benefits-beginning-january-2022,us-la,tanf,full screener,1,dcfs.louisiana.gov/news/louisiana-to-increase-tanf-cash-assistance-benefits-beginning-janu,https://www.dcfs.louisiana.gov/news/louisiana-to-increase-tanf-cash-assistance-benefits-beginning-january-2022,,official,200,http://dcfs.louisiana.gov/news/louisiana-to-increase-tanf-cash-assistance-benefits-beginning-january-2022/,,FETCH
https://www.doa.la.gov/media/043btqeh/28v165.docx,us-la,ccdf,full screener,1,doa.la.gov/media/043btqeh/28v165.docx,https://www.doa.la.gov/media/043btqeh/28v165.docx,,official,200,https://www.doa.la.gov/media/043btqeh/28v165.docx,,FETCH
https://www.doa.la.gov/media/aqifjzos/2504.pdf,us-la,ccdf,full screener,1,doa.la.gov/media/aqifjzos/2504.pdf,https://www.doa.la.gov/media/aqifjzos/2504.pdf,,official,200,https://www.doa.la.gov/media/aqifjzos/2504.pdf,,FETCH
https://www.doa.la.gov/media/ny1gpl0g/2205.pdf,us-la,ccdf,full screener,1,doa.la.gov/media/ny1gpl0g/2205.pdf,https://www.doa.la.gov/media/ny1gpl0g/2205.pdf,,official,200,https://www.doa.la.gov/media/ny1gpl0g/2205.pdf,,FETCH
https://www.doa.la.gov/media/ymql05n5/2105.pdf,us-la,ccdf,full screener,1,doa.la.gov/media/ymql05n5/2105.pdf,https://www.doa.la.gov/media/ymql05n5/2105.pdf,,official,200,https://www.doa.la.gov/media/ymql05n5/2105.pdf,,FETCH
https://louisianabelieves.com/docs/default-source/early-childhood/ccap-sliding-fee-scale.pdf,us-la,ccdf,full screener,1,louisianabelieves.com/docs/default-source/early-childhood/ccap-sliding-fee-scale.pdf,https://louisianabelieves.com/docs/default-source/early-childhood/ccap-sliding-fee-scale.pdf,,other,200,https://doe.louisiana.gov/docs/default-source/early-childhood/ccap-sliding-fee-scale.pdf,,CHECK-PUBLISHER
https://www.louisianabelieves.com/docs/default-source/child-care-providers/ccap-rate-changes.pdf?sfvrsn=2f5d8d1f_10,us-la,ccdf,full screener,1,louisianabelieves.com/docs/default-source/child-care-providers/ccap-rate-changes.pdf,https://www.louisianabelieves.com/docs/default-source/child-care-providers/ccap-rate-changes.pdf?sfvrsn=2f5d8d1f_10,,other,200,https://doe.louisiana.gov/docs/default-source/child-care-providers/ccap-rate-changes.pdf?sfvrsn=2f5d8d1f_10,,CHECK-PUBLISHER
https://www.louisianabelieves.com/docs/default-source/early-childhood/ccap-sliding-fee-scale.pdf,us-la,ccdf,full screener,1,louisianabelieves.com/docs/default-source/early-childhood/ccap-sliding-fee-scale.pdf,https://www.louisianabelieves.com/docs/default-source/early-childhood/ccap-sliding-fee-scale.pdf,,other,200,https://doe.louisiana.gov/docs/default-source/early-childhood/ccap-sliding-fee-scale.pdf,,CHECK-PUBLISHER
https://www.louisianabelieves.com/docs/default-source/early-childhood/ccap-sliding-fee-scale.pdf?sfvrsn=2,us-la,ccdf,full screener,1,louisianabelieves.com/docs/default-source/early-childhood/ccap-sliding-fee-scale.pdf,https://www.louisianabelieves.com/docs/default-source/early-childhood/ccap-sliding-fee-scale.pdf?sfvrsn=2,,other,200,https://doe.louisiana.gov/docs/default-source/early-childhood/ccap-sliding-fee-scale.pdf?sfvrsn=2,,CHECK-PUBLISHER
https://www.louisianabelieves.com/docs/default-source/early-childhood/ccap-sliding-fee-scale.pdf?sfvrsn=a5728c1f_29,us-la,ccdf,full screener,1,louisianabelieves.com/docs/default-source/early-childhood/ccap-sliding-fee-scale.pdf,https://www.louisianabelieves.com/docs/default-source/early-childhood/ccap-sliding-fee-scale.pdf?sfvrsn=a5728c1f_29,,other,200,https://doe.louisiana.gov/docs/default-source/early-childhood/ccap-sliding-fee-scale.pdf?sfvrsn=a5728c1f_29,,CHECK-PUBLISHER
https://www.law.cornell.edu/regulations/louisiana/La-Admin-Code-tit-67-SS-III-1229,us-la,tanf,full screener,1,law.cornell.edu/regulations/louisiana/La-Admin-Code-tit-67-SS-III-1229,https://www.law.cornell.edu/regulations/louisiana/La-Admin-Code-tit-67-SS-III-1229,,mirror,200,https://www.law.cornell.edu/regulations/louisiana/La-Admin-Code-tit-67-SS-III-1229,,OFFICIAL-SOURCE
https://www.dcfs.louisiana.gov/assets/docs/searchable/EconomicStability/TANF/2014TANFRenewal.pdf,us-la,tanf,full screener,1,dcfs.louisiana.gov/assets/docs/searchable/EconomicStability/TANF/2014TANFRenewal.pdf,https://www.dcfs.louisiana.gov/assets/docs/searchable/EconomicStability/TANF/2014TANFRenewal.pdf,,official,404,,,DEAD-LINK
https://www.doa.la.gov/media/tp3lmkyg/67.pdf,us-la,tanf,full screener,1,doa.la.gov/media/tp3lmkyg/67.pdf,https://www.doa.la.gov/media/tp3lmkyg/67.pdf,,official,404,,,DEAD-LINK
https://www.doa.la.gov/media/xlpa5i53/28v165.pdf,us-la,ccdf,full screener,1,doa.la.gov/media/xlpa5i53/28v165.pdf,https://www.doa.la.gov/media/xlpa5i53/28v165.pdf,,official,404,,,DEAD-LINK
https://archives.lib.state.ma.us/server/api/core/bitstreams/5c538ae6-69c2-43df-bf85-10d2f5e5bfc2/content,us-ma,ccdf,full screener,1,archives.lib.state.ma.us/server/api/core/bitstreams/5c538ae6-69c2-43df-bf85-10d2f5e5bfc2/c,https://archives.lib.state.ma.us/server/api/core/bitstreams/5c538ae6-69c2-43df-bf85-10d2f5e5bfc2/content,,official,200,https://archives.lib.state.ma.us/server/api/core/bitstreams/5c538ae6-69c2-43df-bf85-10d2f5e5bfc2/content,,FETCH
https://regulations.justia.com/states/massachusetts/606-cmr/title-606-cmr-10-00/section-10-02/,us-ma,ccdf,full screener,1,regulations.justia.com/states/massachusetts/606-cmr/title-606-cmr-10-00/section-10-02/,https://regulations.justia.com/states/massachusetts/606-cmr/title-606-cmr-10-00/section-10-02/,,mirror,403,,,OFFICIAL-SOURCE
https://regulations.justia.com/states/massachusetts/606-cmr/title-606-cmr-10-00/section-10-04/,us-ma,ccdf,full screener,1,regulations.justia.com/states/massachusetts/606-cmr/title-606-cmr-10-00/section-10-04/,https://regulations.justia.com/states/massachusetts/606-cmr/title-606-cmr-10-00/section-10-04/,,mirror,403,,,OFFICIAL-SOURCE
https://www.law.cornell.edu/regulations/massachusetts/606-CMR-7-10,us-ma,ccdf,full screener,1,law.cornell.edu/regulations/massachusetts/606-CMR-7-10,https://www.law.cornell.edu/regulations/massachusetts/606-CMR-7-10,,mirror,200,https://www.law.cornell.edu/regulations/massachusetts/606-CMR-7-10,,OFFICIAL-SOURCE
https://www.mass.gov/doc/eec-ccfa-2026-04-income-eligible-consolidated-policies-may-6-2026/download,us-ma,ccdf,full screener,1,mass.gov/doc/eec-ccfa-2026-04-income-eligible-consolidated-policies-may-6-2026/download,https://www.mass.gov/doc/eec-ccfa-2026-04-income-eligible-consolidated-policies-may-6-2026/download,,official,403,,,BLOCKED-CHECK
https://www.mass.gov/doc/eec-policy-advisory-field-operations-2023-4-child-care-financial-assistance/download,us-ma,ccdf,full screener,1,mass.gov/doc/eec-policy-advisory-field-operations-2023-4-child-care-financial-assistance/d,https://www.mass.gov/doc/eec-policy-advisory-field-operations-2023-4-child-care-financial-assistance/download,,official,403,,,BLOCKED-CHECK
https://www.mass.gov/doc/eec-policy-advisory-field-operations-2024-6-ccfa-enrollment-and-attendance-codes/download,us-ma,ccdf,full screener,1,mass.gov/doc/eec-policy-advisory-field-operations-2024-6-ccfa-enrollment-and-attendance-co,https://www.mass.gov/doc/eec-policy-advisory-field-operations-2024-6-ccfa-enrollment-and-attendance-codes/download,,official,403,,,BLOCKED-CHECK
https://www.mass.gov/doc/eec-policy-advisory-field-operations-7-child-care-financial-assistance-updated-policy-guidance/download,us-ma,ccdf,full screener,1,mass.gov/doc/eec-policy-advisory-field-operations-7-child-care-financial-assistance-update,https://www.mass.gov/doc/eec-policy-advisory-field-operations-7-child-care-financial-assistance-updated-policy-guidance/download,,official,403,,,BLOCKED-CHECK
https://www.mass.gov/doc/eecs-financial-assistance-policy-guide-february-1-2022/download,us-ma,ccdf,full screener,1,mass.gov/doc/eecs-financial-assistance-policy-guide-february-1-2022/download,https://www.mass.gov/doc/eecs-financial-assistance-policy-guide-february-1-2022/download,,official,403,,,BLOCKED-CHECK
https://www.mass.gov/doc/financial-assistance-procedures-manual-for-subsidy-administrators/download,us-ma,ccdf,full screener,1,mass.gov/doc/financial-assistance-procedures-manual-for-subsidy-administrators/download,https://www.mass.gov/doc/financial-assistance-procedures-manual-for-subsidy-administrators/download,,official,403,,,BLOCKED-CHECK
https://www.mass.gov/doc/interim-income-eligible-child-care-financial-assistance-program-policies-october-1-2023/download,us-ma,ccdf,full screener,1,mass.gov/doc/interim-income-eligible-child-care-financial-assistance-program-policies-octo,https://www.mass.gov/doc/interim-income-eligible-child-care-financial-assistance-program-policies-october-1-2023/download,,official,403,,,BLOCKED-CHECK
https://www.mass.gov/news/board-of-early-education-and-care-vote-improves-access-to-child-care-financial-assistance,us-ma,ccdf,full screener,1,mass.gov/news/board-of-early-education-and-care-vote-improves-access-to-child-care-financi,https://www.mass.gov/news/board-of-early-education-and-care-vote-improves-access-to-child-care-financial-assistance,,official,403,,,BLOCKED-CHECK
https://dhs.maryland.gov/documents/?dir=FIA%2FAction+Transmittals-AT+-+Information+Memo-IM%2FAT-IM2017,us-md,tanf,full screener,1,dhs.maryland.gov/documents/,https://dhs.maryland.gov/documents/?dir=FIA%2FAction+Transmittals-AT+-+Information+Memo-IM%2FAT-IM2017,,official,200,https://dhs.maryland.gov/documents/?dir=FIA%2FAction+Transmittals-AT+-+Information+Memo-IM%2FAT-IM2017,,FETCH
https://dhs.maryland.gov/documents/FIA/Action%20Transmittals-AT%20-%20Information%20Memo-IM/AT-IM2019/19-04-AT-TEMPORARY-CASH-ASSISTANCE-BENEFIT-INCREASE-1.pdf,us-md,tanf,full screener,1,dhs.maryland.gov/documents/FIA/Action%20Transmittals-AT%20-%20Information%20Memo-IM/AT-IM2,https://dhs.maryland.gov/documents/FIA/Action%20Transmittals-AT%20-%20Information%20Memo-IM/AT-IM2019/19-04-AT-TEMPORARY-CASH-ASSISTANCE-BENEFIT-INCREASE-1.pdf,,official,200,https://dhs.maryland.gov/documents/FIA/Action%20Transmittals-AT%20-%20Information%20Memo-IM/AT-IM2019/19-04-AT-TEMPORARY-CASH-ASSISTANCE-BENEFIT-INCREASE-1.pdf,,FETCH
https://dhs.maryland.gov/documents/FIA/Action%20Transmittals-AT%20-%20Information%20Memo-IM/AT-IM2020/20-06%20AT-TCA%20Benefit%20Increase.pdf,us-md,tanf,full screener,1,dhs.maryland.gov/documents/FIA/Action%20Transmittals-AT%20-%20Information%20Memo-IM/AT-IM2,https://dhs.maryland.gov/documents/FIA/Action%20Transmittals-AT%20-%20Information%20Memo-IM/AT-IM2020/20-06%20AT-TCA%20Benefit%20Increase.pdf,,official,200,https://dhs.maryland.gov/documents/FIA/Action%20Transmittals-AT%20-%20Information%20Memo-IM/AT-IM2020/20-06%20AT-TCA%20Benefit%20Increase.pdf,,FETCH
https://dsd.maryland.gov/regulations/Pages/07.03.03.03.aspx,us-md,tanf,full screener,1,dsd.maryland.gov/regulations/Pages/07.03.03.03.aspx,https://dsd.maryland.gov/regulations/Pages/07.03.03.03.aspx,,official,200,https://regs.maryland.gov/us/md/exec/comar/07.03.03.03,,FETCH
https://dsd.maryland.gov/regulations/Pages/07.03.03.12.aspx,us-md,tanf,full screener,1,dsd.maryland.gov/regulations/Pages/07.03.03.12.aspx,https://dsd.maryland.gov/regulations/Pages/07.03.03.12.aspx,,official,200,https://regs.maryland.gov/us/md/exec/comar/07.03.03.12,,FETCH
https://dsd.maryland.gov/regulations/Pages/07.03.03.13.aspx,us-md,tanf,full screener,1,dsd.maryland.gov/regulations/Pages/07.03.03.13.aspx,https://dsd.maryland.gov/regulations/Pages/07.03.03.13.aspx,,official,200,https://regs.maryland.gov/us/md/exec/comar/07.03.03.13,,FETCH
https://dsd.maryland.gov/regulations/Pages/07.03.03.17.aspx,us-md,tanf,full screener,1,dsd.maryland.gov/regulations/Pages/07.03.03.17.aspx,https://dsd.maryland.gov/regulations/Pages/07.03.03.17.aspx,,official,200,https://regs.maryland.gov/us/md/exec/comar/07.03.03.17,,FETCH
https://mgaleg.maryland.gov/2022RS/Chapters_noln/CH_525_hb0995E.pdf,us-md,ccdf,full screener,1,mgaleg.maryland.gov/2022RS/Chapters_noln/CH_525_hb0995E.pdf,https://mgaleg.maryland.gov/2022RS/Chapters_noln/CH_525_hb0995E.pdf,,official,200,https://mgaleg.maryland.gov/2022RS/Chapters_noln/CH_525_hb0995E.pdf,,FETCH
https://mgaleg.maryland.gov/2024RS/Chapters_noln/CH_717_sb0362E.pdf,us-md,ccdf,full screener,1,mgaleg.maryland.gov/2024RS/Chapters_noln/CH_717_sb0362E.pdf,https://mgaleg.maryland.gov/2024RS/Chapters_noln/CH_717_sb0362E.pdf,,official,200,https://mgaleg.maryland.gov/2024RS/Chapters_noln/CH_717_sb0362E.pdf,,FETCH
https://mgaleg.maryland.gov/meeting_material/2026/w&m%20-%20134146885147130127%20-%20Briefing%20materials.pdf,us-md,ccdf,full screener,1,mgaleg.maryland.gov/meeting_material/2026/w&m%20-%20134146885147130127%20-%20Briefing%20ma,https://mgaleg.maryland.gov/meeting_material/2026/w&m%20-%20134146885147130127%20-%20Briefing%20materials.pdf,,official,200,https://mgaleg.maryland.gov/meeting_material/2026/w&m%20-%20134146885147130127%20-%20Briefing%20materials.pdf,,FETCH
https://regs.maryland.gov/us/md/exec/comar/13A.14.06.02,us-md,ccdf,full screener,1,regs.maryland.gov/us/md/exec/comar/13A.14.06.02,https://regs.maryland.gov/us/md/exec/comar/13A.14.06.02,,official,200,https://regs.maryland.gov/us/md/exec/comar/13A.14.06.02,,FETCH
https://regs.maryland.gov/us/md/exec/comar/13A.14.06.03,us-md,ccdf,full screener,1,regs.maryland.gov/us/md/exec/comar/13A.14.06.03,https://regs.maryland.gov/us/md/exec/comar/13A.14.06.03,,official,200,https://regs.maryland.gov/us/md/exec/comar/13A.14.06.03,,FETCH
https://regs.maryland.gov/us/md/exec/comar/13A.14.06.11,us-md,ccdf,full screener,1,regs.maryland.gov/us/md/exec/comar/13A.14.06.11,https://regs.maryland.gov/us/md/exec/comar/13A.14.06.11,,official,200,https://regs.maryland.gov/us/md/exec/comar/13A.14.06.11,,FETCH
https://regs.maryland.gov/us/md/exec/comar/13A.14.06.12,us-md,ccdf,full screener,1,regs.maryland.gov/us/md/exec/comar/13A.14.06.12,https://regs.maryland.gov/us/md/exec/comar/13A.14.06.12,,official,200,https://regs.maryland.gov/us/md/exec/comar/13A.14.06.12,,FETCH
https://content.govdelivery.com/accounts/MDMSDE/bulletins/31a37f2,us-md,ccdf,full screener,1,content.govdelivery.com/accounts/MDMSDE/bulletins/31a37f2,https://content.govdelivery.com/accounts/MDMSDE/bulletins/31a37f2,,other,200,https://content.govdelivery.com/accounts/MDMSDE/bulletins/31a37f2,,CHECK-PUBLISHER
https://earlychildhood.marylandpublicschools.org/families/child-care-scholarship-program/child-care-scholarship-rates,us-md,ccdf,full screener,1,earlychildhood.marylandpublicschools.org/families/child-care-scholarship-program/child-car,https://earlychildhood.marylandpublicschools.org/families/child-care-scholarship-program/child-care-scholarship-rates,,other,200,https://earlychildhood.marylandpublicschools.org/families/child-care-scholarship-program/child-care-scholarship-rates,,CHECK-PUBLISHER
https://earlychildhood.marylandpublicschools.org/system/files/filedepot/2/scholarship-brochure-4.pdf,us-md,ccdf,full screener,1,earlychildhood.marylandpublicschools.org/system/files/filedepot/2/scholarship-brochure-4.p,https://earlychildhood.marylandpublicschools.org/system/files/filedepot/2/scholarship-brochure-4.pdf,,other,200,https://earlychildhood.marylandpublicschools.org/system/files/filedepot/2/scholarship-brochure-4.pdf,,CHECK-PUBLISHER
https://earlychildhood.marylandpublicschools.org/system/files/filedepot/3/january_2025_occ_info_session.pdf,us-md,ccdf,full screener,1,earlychildhood.marylandpublicschools.org/system/files/filedepot/3/january_2025_occ_info_se,https://earlychildhood.marylandpublicschools.org/system/files/filedepot/3/january_2025_occ_info_session.pdf,,other,200,https://earlychildhood.marylandpublicschools.org/system/files/filedepot/3/january_2025_occ_info_session.pdf,,CHECK-PUBLISHER
https://www.law.cornell.edu/regulations/maryland/COMAR-07-03-03-13,us-md,tanf,full screener,1,law.cornell.edu/regulations/maryland/COMAR-07-03-03-13,https://www.law.cornell.edu/regulations/maryland/COMAR-07-03-03-13,,mirror,200,https://www.law.cornell.edu/regulations/maryland/COMAR-07-03-03-13,,OFFICIAL-SOURCE
https://legislature.maine.gov/legis/bills/getPDF.asp?paper=HP0592&item=6&snum=131,us-me,tanf,full screener,1,legislature.maine.gov/legis/bills/getPDF.asp,https://legislature.maine.gov/legis/bills/getPDF.asp?paper=HP0592&item=6&snum=131,,official,200,https://legislature.maine.gov/legis/bills/getPDF.asp?paper=HP0592&item=6&snum=131,,FETCH
https://www.maine.gov/dhhs/ofi/programs-services/tanf,us-me,tanf,full screener,1,maine.gov/dhhs/ofi/programs-services/tanf,https://www.maine.gov/dhhs/ofi/programs-services/tanf,,official,200,https://www.maine.gov/dhhs/ofi/programs-services/tanf,,FETCH
https://www.maine.gov/dhhs/sites/maine.gov.dhhs/files/inline-files/2021%20Maine%20Market%20Rate%207-3-21_0.pdf,us-me,ccdf,full screener,1,maine.gov/dhhs/sites/maine.gov.dhhs/files/inline-files/2021%20Maine%20Market%20Rate%207-3-,https://www.maine.gov/dhhs/sites/maine.gov.dhhs/files/inline-files/2021%20Maine%20Market%20Rate%207-3-21_0.pdf,,official,200,https://www.maine.gov/dhhs/sites/maine.gov.dhhs/files/inline-files/2021%20Maine%20Market%20Rate%207-3-21_0.pdf,,FETCH
https://www.maine.gov/dhhs/sites/maine.gov.dhhs/files/inline-files/July%206%202024%20Market%20Rates_5_0.pdf,us-me,ccdf,full screener,1,maine.gov/dhhs/sites/maine.gov.dhhs/files/inline-files/July%206%202024%20Market%20Rates_5_,https://www.maine.gov/dhhs/sites/maine.gov.dhhs/files/inline-files/July%206%202024%20Market%20Rates_5_0.pdf,,official,200,https://www.maine.gov/dhhs/sites/maine.gov.dhhs/files/inline-files/July%206%202024%20Market%20Rates_5_0.pdf,,FETCH
https://www.maine.gov/dhhs/sites/maine.gov.dhhs/files/rule-2024-09/TANF%20121A%20Rule%20Pages%20%28Clean%29.pdf,us-me,tanf,full screener,1,maine.gov/dhhs/sites/maine.gov.dhhs/files/rule-2024-09/TANF%20121A%20Rule%20Pages%20%28Cle,https://www.maine.gov/dhhs/sites/maine.gov.dhhs/files/rule-2024-09/TANF%20121A%20Rule%20Pages%20%28Clean%29.pdf,,official,200,https://www.maine.gov/dhhs/sites/maine.gov.dhhs/files/rule-2024-09/TANF%20121A%20Rule%20Pages%20%28Clean%29.pdf,,FETCH
https://www.law.cornell.edu/regulations/maine/10-144-C-M-R-ch-331,us-me,tanf,full screener,1,law.cornell.edu/regulations/maine/10-144-C-M-R-ch-331,https://www.law.cornell.edu/regulations/maine/10-144-C-M-R-ch-331,,mirror,200,https://www.law.cornell.edu/regulations/maine/10-144-C-M-R-ch-331,,OFFICIAL-SOURCE
https://www.law.cornell.edu/regulations/maine/10-144-C-M-R-ch-331-app-Charts,us-me,tanf,full screener,1,law.cornell.edu/regulations/maine/10-144-C-M-R-ch-331-app-Charts,https://www.law.cornell.edu/regulations/maine/10-144-C-M-R-ch-331-app-Charts,,mirror,200,https://www.law.cornell.edu/regulations/maine/10-144-C-M-R-ch-331-app-Charts,,OFFICIAL-SOURCE
https://www.law.cornell.edu/regulations/maine/C-M-R-10-144-ch-331-III,us-me,tanf,full screener,1,law.cornell.edu/regulations/maine/C-M-R-10-144-ch-331-III,https://www.law.cornell.edu/regulations/maine/C-M-R-10-144-ch-331-III,,mirror,200,https://www.law.cornell.edu/regulations/maine/C-M-R-10-144-ch-331-III,,OFFICIAL-SOURCE
https://www.law.cornell.edu/regulations/maine/C-M-R-10-144-ch-331-IV,us-me,tanf,full screener,1,law.cornell.edu/regulations/maine/C-M-R-10-144-ch-331-IV,https://www.law.cornell.edu/regulations/maine/C-M-R-10-144-ch-331-IV,,mirror,200,https://www.law.cornell.edu/regulations/maine/C-M-R-10-144-ch-331-IV,,OFFICIAL-SOURCE
https://www.maine.gov/sos/cec/rules/10/148/148c006.docx,us-me,ccdf,full screener,1,maine.gov/sos/cec/rules/10/148/148c006.docx,https://www.maine.gov/sos/cec/rules/10/148/148c006.docx,,official,404,,,DEAD-LINK
us-me/statute/title-22/3762,us-me,tanf,full screener,1,us-me/statute/title-22/3762,,us-me/statute/title-22/3762,,,,,PATH-ONLY
https://mdhhs-pres-prod.michigan.gov/olmweb/EX/RF/Public/RFT/270.pdf,us-mi,ccdf,full screener,1,mdhhs-pres-prod.michigan.gov/olmweb/EX/RF/Public/RFT/270.pdf,https://mdhhs-pres-prod.michigan.gov/olmweb/EX/RF/Public/RFT/270.pdf,,official,200,https://mdhhs-pres-prod.michigan.gov/olmweb/EX/RF/Public/RFT/270.pdf,,FETCH
https://mdhhs-pres-prod.michigan.gov/olmweb/EXF/BP/Public/BEM/710.pdf,us-mi,ccdf,full screener,1,mdhhs-pres-prod.michigan.gov/olmweb/EXF/BP/Public/BEM/710.pdf,https://mdhhs-pres-prod.michigan.gov/olmweb/EXF/BP/Public/BEM/710.pdf,,official,200,https://mdhhs-pres-prod.michigan.gov/olmweb/EXF/BP/Public/BEM/710.pdf,,FETCH
https://mdhhs-pres-prod.michigan.gov/olmweb/ex/RF/Public/RFT/210.pdf,us-mi,tanf,full screener,1,mdhhs-pres-prod.michigan.gov/olmweb/ex/RF/Public/RFT/210.pdf,https://mdhhs-pres-prod.michigan.gov/olmweb/ex/RF/Public/RFT/210.pdf,,official,200,https://mdhhs-pres-prod.michigan.gov/olmweb/ex/RF/Public/RFT/210.pdf,,FETCH
https://www.michigan.gov/-/media/Project/Websites/mdhhs/Folder1/Folder33/TANF_State_Plan_2017.pdf,us-mi,tanf,full screener,1,michigan.gov/-/media/Project/Websites/mdhhs/Folder1/Folder33/TANF_State_Plan_2017.pdf,https://www.michigan.gov/-/media/Project/Websites/mdhhs/Folder1/Folder33/TANF_State_Plan_2017.pdf,,official,403,,,BLOCKED-CHECK
https://www.michigan.gov/mdhhs/-/media/Project/Websites/mdhhs/Inside-MDHHS/Reports-and-Statistics---Human-Services/State-Plans-and-Federal-Regulations/TANF_State_Plan_2023.pdf,us-mi,tanf,full screener,1,michigan.gov/mdhhs/-/media/Project/Websites/mdhhs/Inside-MDHHS/Reports-and-Statistics---Hu,https://www.michigan.gov/mdhhs/-/media/Project/Websites/mdhhs/Inside-MDHHS/Reports-and-Statistics---Human-Services/State-Plans-and-Federal-Regulations/TANF_State_Plan_2023.pdf,,official,403,,,BLOCKED-CHECK
https://www.michigan.gov/mdhhs/-/media/Project/Websites/mdhhs/Inside-MDHHS/Reports-and-Statistics---Human-Services/State-Plans-and-Federal-Regulations/TANF_State_Plan_Effective_01-01-23_Rev-07-01-25.pdf,us-mi,tanf,full screener,1,michigan.gov/mdhhs/-/media/Project/Websites/mdhhs/Inside-MDHHS/Reports-and-Statistics---Hu,https://www.michigan.gov/mdhhs/-/media/Project/Websites/mdhhs/Inside-MDHHS/Reports-and-Statistics---Human-Services/State-Plans-and-Federal-Regulations/TANF_State_Plan_Effective_01-01-23_Rev-07-01-25.pdf,,official,403,,,BLOCKED-CHECK
https://edocs.dhs.state.mn.us/lfserver/Public/DHS-6413N-ENG,us-mn,ccdf,full screener,1,edocs.dhs.state.mn.us/lfserver/Public/DHS-6413N-ENG,https://edocs.dhs.state.mn.us/lfserver/Public/DHS-6413N-ENG,,official,200,https://edocs.dhs.state.mn.us/lfserver/Public/DHS-6413N-ENG,,FETCH
https://edocs.dhs.state.mn.us/lfserver/Public/DHS-6441F-ENG,us-mn,ccdf,full screener,1,edocs.dhs.state.mn.us/lfserver/Public/DHS-6441F-ENG,https://edocs.dhs.state.mn.us/lfserver/Public/DHS-6441F-ENG,,official,200,https://edocs.dhs.state.mn.us/lfserver/Public/DHS-6441F-ENG,,FETCH
https://www.dhs.state.mn.us/main/groups/county_access/documents/pub/dhs-337945.pdf,us-mn,tanf,full screener,1,dhs.state.mn.us/main/groups/county_access/documents/pub/dhs-337945.pdf,https://www.dhs.state.mn.us/main/groups/county_access/documents/pub/dhs-337945.pdf,,official,200,https://www.dhs.state.mn.us/main/groups/county_access/documents/pub/dhs-337945.pdf,,FETCH
https://www.dhs.state.mn.us/main/groups/manuals/documents/pub/mndhs-063513.pdf,us-mn,ccdf,full screener,1,dhs.state.mn.us/main/groups/manuals/documents/pub/mndhs-063513.pdf,https://www.dhs.state.mn.us/main/groups/manuals/documents/pub/mndhs-063513.pdf,,official,200,https://www.dhs.state.mn.us/main/groups/manuals/documents/pub/mndhs-063513.pdf,,FETCH
https://www.house.mn.gov/hrd/pubs/cashassist.pdf,us-mn,tanf,full screener,1,house.mn.gov/hrd/pubs/cashassist.pdf,https://www.house.mn.gov/hrd/pubs/cashassist.pdf,,official,200,https://www.house.mn.gov/hrd/pubs/cashassist.pdf,,FETCH
https://www.house.mn.gov/hrd/pubs/mfipgrant.pdf,us-mn,tanf,full screener,1,house.mn.gov/hrd/pubs/mfipgrant.pdf,https://www.house.mn.gov/hrd/pubs/mfipgrant.pdf,,official,200,https://www.house.mn.gov/hrd/pubs/mfipgrant.pdf,,FETCH
https://www.house.mn.gov/hrd/pubs/pap_mfip.pdf,us-mn,tanf,full screener,1,house.mn.gov/hrd/pubs/pap_mfip.pdf,https://www.house.mn.gov/hrd/pubs/pap_mfip.pdf,,official,200,https://www.house.mn.gov/hrd/pubs/pap_mfip.pdf,,FETCH
https://www.house.mn.gov/hrd/pubs/ss/ssmfip.pdf,us-mn,tanf,full screener,1,house.mn.gov/hrd/pubs/ss/ssmfip.pdf,https://www.house.mn.gov/hrd/pubs/ss/ssmfip.pdf,,official,200,https://www.house.mn.gov/hrd/pubs/ss/ssmfip.pdf,,FETCH
https://www.revisor.mn.gov/laws/2019/1/9/laws.1.20.0,us-mn,tanf,full screener,1,revisor.mn.gov/laws/2019/1/9/laws.1.20.0,https://www.revisor.mn.gov/laws/2019/1/9/laws.1.20.0,,official,200,https://www.revisor.mn.gov/laws/2019/1/9/laws.1.20.0,,FETCH
https://www.revisor.mn.gov/rules/3400.0040/,us-mn,ccdf,full screener,1,revisor.mn.gov/rules/3400.0040/,https://www.revisor.mn.gov/rules/3400.0040/,,official,200,https://www.revisor.mn.gov/rules/3400.0040/,,FETCH
https://www.revisor.mn.gov/rules/3400.0170/,us-mn,ccdf,full screener,1,revisor.mn.gov/rules/3400.0170/,https://www.revisor.mn.gov/rules/3400.0170/,,official,200,https://www.revisor.mn.gov/rules/3400.0170/,,FETCH
https://www.revisor.mn.gov/rules/3400/,us-mn,ccdf,full screener,1,revisor.mn.gov/rules/3400/,https://www.revisor.mn.gov/rules/3400/,,official,200,https://www.revisor.mn.gov/rules/3400/,,FETCH
https://www.revisor.mn.gov/rules/9502.0315/,us-mn,ccdf,full screener,1,revisor.mn.gov/rules/9502.0315/,https://www.revisor.mn.gov/rules/9502.0315/,,official,200,https://www.revisor.mn.gov/rules/9502.0315/,,FETCH
https://www.revisor.mn.gov/rules/9503.0005/,us-mn,ccdf,full screener,1,revisor.mn.gov/rules/9503.0005/,https://www.revisor.mn.gov/rules/9503.0005/,,official,200,https://www.revisor.mn.gov/rules/9503.0005/,,FETCH
https://www.revisor.mn.gov/statutes/cite/142B.01,us-mn,ccdf,full screener,1,revisor.mn.gov/statutes/cite/142B.01,https://www.revisor.mn.gov/statutes/cite/142B.01,,official,200,https://www.revisor.mn.gov/statutes/cite/142B.01,,FETCH
https://www.revisor.mn.gov/statutes/cite/142E.01,us-mn,ccdf,full screener,1,revisor.mn.gov/statutes/cite/142E.01,https://www.revisor.mn.gov/statutes/cite/142E.01,,official,200,https://www.revisor.mn.gov/statutes/cite/142E.01,,FETCH
https://www.revisor.mn.gov/statutes/cite/142E.10,us-mn,ccdf,full screener,1,revisor.mn.gov/statutes/cite/142E.10,https://www.revisor.mn.gov/statutes/cite/142E.10,,official,200,https://www.revisor.mn.gov/statutes/cite/142E.10,,FETCH
https://www.revisor.mn.gov/statutes/cite/142E.12,us-mn,ccdf,full screener,1,revisor.mn.gov/statutes/cite/142E.12,https://www.revisor.mn.gov/statutes/cite/142E.12,,official,200,https://www.revisor.mn.gov/statutes/cite/142E.12,,FETCH
https://www.revisor.mn.gov/statutes/cite/142E.17,us-mn,ccdf,full screener,1,revisor.mn.gov/statutes/cite/142E.17,https://www.revisor.mn.gov/statutes/cite/142E.17,,official,200,https://www.revisor.mn.gov/statutes/cite/142E.17,,FETCH
https://dese.mo.gov/childhood/child-care-subsidy/payments,us-mo,ccdf,full screener,1,dese.mo.gov/childhood/child-care-subsidy/payments,https://dese.mo.gov/childhood/child-care-subsidy/payments,,official,200,https://dese.mo.gov/childhood/child-care-subsidy/payments,,FETCH
https://dese.mo.gov/childhood/quality-programs/child-care-subsidy/child-care-manual/2010/045/00,us-mo,ccdf,full screener,1,dese.mo.gov/childhood/quality-programs/child-care-subsidy/child-care-manual/2010/045/00,https://dese.mo.gov/childhood/quality-programs/child-care-subsidy/child-care-manual/2010/045/00,,official,200,https://dese.mo.gov/childhood/quality-programs/child-care-subsidy/child-care-manual/2010/045/00,,FETCH
https://dese.mo.gov/sites/g/files/zuston521/files/media/file/2025/12/2025%20Rates%20Held%20Harmless%202.0.xlsx,us-mo,ccdf,full screener,1,dese.mo.gov/sites/g/files/zuston521/files/media/file/2025/12/2025%20Rates%20Held%20Harmles,https://dese.mo.gov/sites/g/files/zuston521/files/media/file/2025/12/2025%20Rates%20Held%20Harmless%202.0.xlsx,,official,200,https://dese.mo.gov/sites/g/files/zuston521/files/media/file/2025/12/2025%20Rates%20Held%20Harmless%202.0.xlsx,,FETCH
https://dese.mo.gov/sites/g/files/zuston521/files/media/pdf/2025/10/10.2025%20Income%20Eligibility%20Table%20%282%29.pdf,us-mo,ccdf,full screener,1,dese.mo.gov/sites/g/files/zuston521/files/media/pdf/2025/10/10.2025%20Income%20Eligibility,https://dese.mo.gov/sites/g/files/zuston521/files/media/pdf/2025/10/10.2025%20Income%20Eligibility%20Table%20%282%29.pdf,,official,200,https://dese.mo.gov/sites/g/files/zuston521/files/media/pdf/2025/10/10.2025%20Income%20Eligibility%20Table%20%282%29.pdf,,FETCH
https://dssmanuals.mo.gov/temporary-assistance-case-management/0210-015-30-10/,us-mo,tanf,full screener,1,dssmanuals.mo.gov/temporary-assistance-case-management/0210-015-30-10/,https://dssmanuals.mo.gov/temporary-assistance-case-management/0210-015-30-10/,,official,200,https://dssmanuals.mo.gov/temporary-assistance-case-management/0210-015-30-10-30/,,FETCH
https://dssmanuals.mo.gov/wp-content/themes/mogovwp_dssmanuals/public/memos/memos_03/im67_03.html,us-mo,tanf,full screener,1,dssmanuals.mo.gov/wp-content/themes/mogovwp_dssmanuals/public/memos/memos_03/im67_03.html,https://dssmanuals.mo.gov/wp-content/themes/mogovwp_dssmanuals/public/memos/memos_03/im67_03.html,,official,200,https://dssmanuals.mo.gov/wp-content/themes/mogovwp_dssmanuals/public/memos/memos_03/im67_03.html,,FETCH
https://dssmanuals.mo.gov/wp-content/themes/mogovwp_dssmanuals/public/memos/memos_99/im109_99.html,us-mo,tanf,full screener,1,dssmanuals.mo.gov/wp-content/themes/mogovwp_dssmanuals/public/memos/memos_99/im109_99.html,https://dssmanuals.mo.gov/wp-content/themes/mogovwp_dssmanuals/public/memos/memos_99/im109_99.html,,official,200,https://dssmanuals.mo.gov/wp-content/themes/mogovwp_dssmanuals/public/memos/memos_99/im109_99.html,,FETCH
https://revisor.mo.gov/main/OneSection.aspx?section=208.040,us-mo,tanf,full screener,1,revisor.mo.gov/main/OneSection.aspx,https://revisor.mo.gov/main/OneSection.aspx?section=208.040,,official,200,https://revisor.mo.gov/main/OneSection.aspx?section=208.040,,FETCH
https://www.sos.mo.gov/CMSImages/AdRules/csr/current/5csr/5c25-200.pdf,us-mo,ccdf,full screener,1,sos.mo.gov/CMSImages/AdRules/csr/current/5csr/5c25-200.pdf,https://www.sos.mo.gov/CMSImages/AdRules/csr/current/5csr/5c25-200.pdf,,official,200,https://www.sos.mo.gov/CMSImages/AdRules/csr/current/5csr/5c25-200.pdf,,FETCH
https://www.law.cornell.edu/regulations/missouri/13-CSR-40-2-300,us-mo,tanf,full screener,1,law.cornell.edu/regulations/missouri/13-CSR-40-2-300,https://www.law.cornell.edu/regulations/missouri/13-CSR-40-2-300,,mirror,200,https://www.law.cornell.edu/regulations/missouri/13-CSR-40-2-300,,OFFICIAL-SOURCE
https://www.law.cornell.edu/regulations/missouri/13-CSR-40-2-310,us-mo,tanf,full screener,1,law.cornell.edu/regulations/missouri/13-CSR-40-2-310,https://www.law.cornell.edu/regulations/missouri/13-CSR-40-2-310,,mirror,200,https://www.law.cornell.edu/regulations/missouri/13-CSR-40-2-310,,OFFICIAL-SOURCE
https://www.law.cornell.edu/regulations/missouri/13-CSR-40-2-325,us-mo,tanf,full screener,1,law.cornell.edu/regulations/missouri/13-CSR-40-2-325,https://www.law.cornell.edu/regulations/missouri/13-CSR-40-2-325,,mirror,200,https://www.law.cornell.edu/regulations/missouri/13-CSR-40-2-325,,OFFICIAL-SOURCE
https://www.law.cornell.edu/regulations/missouri/5-CSR-25-200-050,us-mo,ccdf,full screener,1,law.cornell.edu/regulations/missouri/5-CSR-25-200-050,https://www.law.cornell.edu/regulations/missouri/5-CSR-25-200-050,,mirror,200,https://www.law.cornell.edu/regulations/missouri/5-CSR-25-200-050,,OFFICIAL-SOURCE
https://www.law.cornell.edu/regulations/missouri/5-CSR-25-200-060,us-mo,ccdf,full screener,1,law.cornell.edu/regulations/missouri/5-CSR-25-200-060,https://www.law.cornell.edu/regulations/missouri/5-CSR-25-200-060,,mirror,200,https://www.law.cornell.edu/regulations/missouri/5-CSR-25-200-060,,OFFICIAL-SOURCE
https://dese.mo.gov/childhood/quality-programs/child-care-subsidy/child-care-manual/2010/005/00,us-mo,ccdf,full screener,1,dese.mo.gov/childhood/quality-programs/child-care-subsidy/child-care-manual/2010/005/00,https://dese.mo.gov/childhood/quality-programs/child-care-subsidy/child-care-manual/2010/005/00,,official,403,,,BLOCKED-CHECK
https://dese.mo.gov/childhood/quality-programs/child-care-subsidy/child-care-manual/2025/010,us-mo,ccdf,full screener,1,dese.mo.gov/childhood/quality-programs/child-care-subsidy/child-care-manual/2025/010,https://dese.mo.gov/childhood/quality-programs/child-care-subsidy/child-care-manual/2025/010,,official,403,,,BLOCKED-CHECK
https://www.cdc.gov/nchs/data_access/urban_rural.htm,us-ms,ccdf,full screener,1,cdc.gov/nchs/data_access/urban_rural.htm,https://www.cdc.gov/nchs/data_access/urban_rural.htm,,official,200,https://www.cdc.gov/nchs/data-analysis-tools/urban-rural.html,,FETCH
https://www.mdhs.ms.gov/help/tanf/,us-ms,tanf,full screener,1,mdhs.ms.gov/help/tanf/,https://www.mdhs.ms.gov/help/tanf/,,official,200,https://www.mdhs.ms.gov/help/tanf/,,FETCH
https://www.mdhs.ms.gov/help/tanf/applying-for-tanf/,us-ms,tanf,full screener,1,mdhs.ms.gov/help/tanf/applying-for-tanf/,https://www.mdhs.ms.gov/help/tanf/applying-for-tanf/,,official,200,https://www.mdhs.ms.gov/help/tanf/applying-for-tanf/,,FETCH
https://www.mdhs.ms.gov/post/historic-tanf-increase-delivered-to-mississippi-tanf-recipients-beginning-today/,us-ms,tanf,full screener,1,mdhs.ms.gov/post/historic-tanf-increase-delivered-to-mississippi-tanf-recipients-beginning,https://www.mdhs.ms.gov/post/historic-tanf-increase-delivered-to-mississippi-tanf-recipients-beginning-today/,,official,200,https://www.mdhs.ms.gov/post/historic-tanf-increase-delivered-to-mississippi-tanf-recipients-beginning-today/,,FETCH
https://www.mdhs.ms.gov/wp-content/uploads/2018/02/MDHS_TANF-Eligibility-Flyer.pdf,us-ms,tanf,full screener,1,mdhs.ms.gov/wp-content/uploads/2018/02/MDHS_TANF-Eligibility-Flyer.pdf,https://www.mdhs.ms.gov/wp-content/uploads/2018/02/MDHS_TANF-Eligibility-Flyer.pdf,,official,200,https://www.mdhs.ms.gov/wp-content/uploads/2018/02/MDHS_TANF-Eligibility-Flyer.pdf,,FETCH
https://www.mdhs.ms.gov/wp-content/uploads/2024/06/Mississippi-Child-Care-Market-Rate-Survey-2024.pdf,us-ms,ccdf,full screener,1,mdhs.ms.gov/wp-content/uploads/2024/06/Mississippi-Child-Care-Market-Rate-Survey-2024.pdf,https://www.mdhs.ms.gov/wp-content/uploads/2024/06/Mississippi-Child-Care-Market-Rate-Survey-2024.pdf,,official,200,https://www.mdhs.ms.gov/wp-content/uploads/2024/06/Mississippi-Child-Care-Market-Rate-Survey-2024.pdf,,FETCH
https://www.mdhs.ms.gov/wp-content/uploads/2026/01/CCPP-Policy-Manual_Final_1142025.pdf,us-ms,ccdf,full screener,1,mdhs.ms.gov/wp-content/uploads/2026/01/CCPP-Policy-Manual_Final_1142025.pdf,https://www.mdhs.ms.gov/wp-content/uploads/2026/01/CCPP-Policy-Manual_Final_1142025.pdf,,official,200,https://www.mdhs.ms.gov/wp-content/uploads/2026/01/CCPP-Policy-Manual_Final_1142025.pdf,,FETCH
https://www2.census.gov/programs-surveys/metro-micro/geographies/reference-files/2013/delineation-files/list1.xls,us-ms,ccdf,full screener,1,www2.census.gov/programs-surveys/metro-micro/geographies/reference-files/2013/delineation-,https://www2.census.gov/programs-surveys/metro-micro/geographies/reference-files/2013/delineation-files/list1.xls,,official,200,https://www2.census.gov/programs-surveys/metro-micro/geographies/reference-files/2013/delineation-files/list1.xls,,FETCH
https://law.justia.com/codes/mississippi/title-43/chapter-17/section-43-17-1/,us-ms,tanf,full screener,1,law.justia.com/codes/mississippi/title-43/chapter-17/section-43-17-1/,https://law.justia.com/codes/mississippi/title-43/chapter-17/section-43-17-1/,,mirror,403,,,OFFICIAL-SOURCE
https://www.law.cornell.edu/regulations/mississippi/Miss-Code-tit-18-pt-19,us-ms,tanf,full screener,1,law.cornell.edu/regulations/mississippi/Miss-Code-tit-18-pt-19,https://www.law.cornell.edu/regulations/mississippi/Miss-Code-tit-18-pt-19,,mirror,200,https://www.law.cornell.edu/regulations/mississippi/Miss-Code-tit-18-pt-19,,OFFICIAL-SOURCE
https://billstatus.ls.state.ms.us/documents/2021/html/SB/2700-2799/SB2759SG.htm,us-ms,tanf,full screener,1,billstatus.ls.state.ms.us/documents/2021/html/SB/2700-2799/SB2759SG.htm,https://billstatus.ls.state.ms.us/documents/2021/html/SB/2700-2799/SB2759SG.htm,,official,error:URLError,,,DEAD-LINK
https://archive.legmt.gov/content/Publications/fiscal/leg_reference/Brochures/2016-TANF.pdf,us-mt,tanf,full screener,1,archive.legmt.gov/content/Publications/fiscal/leg_reference/Brochures/2016-TANF.pdf,https://archive.legmt.gov/content/Publications/fiscal/leg_reference/Brochures/2016-TANF.pdf,,official,200,https://archive.legmt.gov/content/Publications/fiscal/leg_reference/Brochures/2016-TANF.pdf,,FETCH
https://dphhs.mt.gov/HCSD/tanf,us-mt,tanf,full screener,1,dphhs.mt.gov/HCSD/tanf,https://dphhs.mt.gov/HCSD/tanf,,official,200,https://dphhs.mt.gov/HCSD/tanf,,FETCH
https://dphhs.mt.gov/assets/ecfsd/childcare/documentsandresources/BBSProviderRatesMonthly.pdf,us-mt,ccdf,full screener,1,dphhs.mt.gov/assets/ecfsd/childcare/documentsandresources/BBSProviderRatesMonthly.pdf,https://dphhs.mt.gov/assets/ecfsd/childcare/documentsandresources/BBSProviderRatesMonthly.pdf,,official,200,https://dphhs.mt.gov/assets/ecfsd/childcare/documentsandresources/BBSProviderRatesMonthly.pdf,,FETCH
https://dphhs.mt.gov/assets/ecfsd/childcare/policymanual/CC21Eligibility070718.pdf,us-mt,ccdf,full screener,1,dphhs.mt.gov/assets/ecfsd/childcare/policymanual/CC21Eligibility070718.pdf,https://dphhs.mt.gov/assets/ecfsd/childcare/policymanual/CC21Eligibility070718.pdf,,official,200,https://dphhs.mt.gov/assets/ecfsd/childcare/policymanual/CC21Eligibility070718.pdf,,FETCH
https://dphhs.mt.gov/assets/ecfsd/childcare/policymanual/CC23NonTANFActivity070718.pdf,us-mt,ccdf,full screener,1,dphhs.mt.gov/assets/ecfsd/childcare/policymanual/CC23NonTANFActivity070718.pdf,https://dphhs.mt.gov/assets/ecfsd/childcare/policymanual/CC23NonTANFActivity070718.pdf,,official,200,https://dphhs.mt.gov/assets/ecfsd/childcare/policymanual/CC23NonTANFActivity070718.pdf,,FETCH
https://dphhs.mt.gov/assets/ecfsd/childcare/policymanual/CC26IncomeTable070718.pdf,us-mt,ccdf,full screener,1,dphhs.mt.gov/assets/ecfsd/childcare/policymanual/CC26IncomeTable070718.pdf,https://dphhs.mt.gov/assets/ecfsd/childcare/policymanual/CC26IncomeTable070718.pdf,,official,200,https://dphhs.mt.gov/assets/ecfsd/childcare/policymanual/CC26IncomeTable070718.pdf,,FETCH
https://dphhs.mt.gov/assets/ecfsd/childcare/policymanual/SlidingFeeScale07012023.pdf,us-mt,ccdf,full screener,1,dphhs.mt.gov/assets/ecfsd/childcare/policymanual/SlidingFeeScale07012023.pdf,https://dphhs.mt.gov/assets/ecfsd/childcare/policymanual/SlidingFeeScale07012023.pdf,,official,200,https://dphhs.mt.gov/assets/ecfsd/childcare/policymanual/SlidingFeeScale07012023.pdf,,FETCH
https://dphhs.mt.gov/assets/hcsd/tanfmanual/TANF501-1Jan012018.pdf,us-mt,tanf,full screener,1,dphhs.mt.gov/assets/hcsd/tanfmanual/TANF501-1Jan012018.pdf,https://dphhs.mt.gov/assets/hcsd/tanfmanual/TANF501-1Jan012018.pdf,,official,200,https://dphhs.mt.gov/assets/hcsd/tanfmanual/TANF501-1Jan012018.pdf,,FETCH
https://rules.mt.gov/gateway/ruleno.asp?RN=37.80.202,us-mt,ccdf,full screener,1,rules.mt.gov/gateway/ruleno.asp,https://rules.mt.gov/gateway/ruleno.asp?RN=37.80.202,,official,200,https://rules.mt.gov/search?query=37.80.202&v=,,FETCH
https://www.law.cornell.edu/regulations/montana/Mont-Admin-r-37.78.103,us-mt,tanf,full screener,1,law.cornell.edu/regulations/montana/Mont-Admin-r-37.78.103,https://www.law.cornell.edu/regulations/montana/Mont-Admin-r-37.78.103,,mirror,200,https://www.law.cornell.edu/regulations/montana/Mont-Admin-r-37.78.103,,OFFICIAL-SOURCE
https://www.law.cornell.edu/regulations/montana/Mont-Admin-r-37.78.206,us-mt,tanf,full screener,1,law.cornell.edu/regulations/montana/Mont-Admin-r-37.78.206,https://www.law.cornell.edu/regulations/montana/Mont-Admin-r-37.78.206,,mirror,200,https://www.law.cornell.edu/regulations/montana/Mont-Admin-r-37.78.206,,OFFICIAL-SOURCE
https://www.law.cornell.edu/regulations/montana/Mont-Admin-r-37.78.208,us-mt,tanf,full screener,1,law.cornell.edu/regulations/montana/Mont-Admin-r-37.78.208,https://www.law.cornell.edu/regulations/montana/Mont-Admin-r-37.78.208,,mirror,200,https://www.law.cornell.edu/regulations/montana/Mont-Admin-r-37.78.208,,OFFICIAL-SOURCE
https://www.law.cornell.edu/regulations/montana/Mont-Admin-r-37.78.220,us-mt,tanf,full screener,1,law.cornell.edu/regulations/montana/Mont-Admin-r-37.78.220,https://www.law.cornell.edu/regulations/montana/Mont-Admin-r-37.78.220,,mirror,200,https://www.law.cornell.edu/regulations/montana/Mont-Admin-r-37.78.220,,OFFICIAL-SOURCE
https://www.law.cornell.edu/regulations/montana/Mont-Admin-r-37.78.228,us-mt,tanf,full screener,1,law.cornell.edu/regulations/montana/Mont-Admin-r-37.78.228,https://www.law.cornell.edu/regulations/montana/Mont-Admin-r-37.78.228,,mirror,200,https://www.law.cornell.edu/regulations/montana/Mont-Admin-r-37.78.228,,OFFICIAL-SOURCE
https://www.law.cornell.edu/regulations/montana/Mont-Admin-r-37.78.401,us-mt,tanf,full screener,1,law.cornell.edu/regulations/montana/Mont-Admin-r-37.78.401,https://www.law.cornell.edu/regulations/montana/Mont-Admin-r-37.78.401,,mirror,200,https://www.law.cornell.edu/regulations/montana/Mont-Admin-r-37.78.401,,OFFICIAL-SOURCE
https://www.law.cornell.edu/regulations/montana/Mont-Admin-r-37.78.402,us-mt,tanf,full screener,1,law.cornell.edu/regulations/montana/Mont-Admin-r-37.78.402,https://www.law.cornell.edu/regulations/montana/Mont-Admin-r-37.78.402,,mirror,200,https://www.law.cornell.edu/regulations/montana/Mont-Admin-r-37.78.402,,OFFICIAL-SOURCE
https://www.law.cornell.edu/regulations/montana/Mont-Admin-r-37.78.406,us-mt,tanf,full screener,1,law.cornell.edu/regulations/montana/Mont-Admin-r-37.78.406,https://www.law.cornell.edu/regulations/montana/Mont-Admin-r-37.78.406,,mirror,200,https://www.law.cornell.edu/regulations/montana/Mont-Admin-r-37.78.406,,OFFICIAL-SOURCE
https://www.law.cornell.edu/regulations/montana/Mont-Admin-r-37.78.420,us-mt,tanf,full screener,1,law.cornell.edu/regulations/montana/Mont-Admin-r-37.78.420,https://www.law.cornell.edu/regulations/montana/Mont-Admin-r-37.78.420,,mirror,200,https://www.law.cornell.edu/regulations/montana/Mont-Admin-r-37.78.420,,OFFICIAL-SOURCE
https://www.law.cornell.edu/regulations/montana/Mont-Admin-r-37.80.102,us-mt,ccdf,full screener,1,law.cornell.edu/regulations/montana/Mont-Admin-r-37.80.102,https://www.law.cornell.edu/regulations/montana/Mont-Admin-r-37.80.102,,mirror,200,https://www.law.cornell.edu/regulations/montana/Mont-Admin-r-37.80.102,,OFFICIAL-SOURCE
https://www.law.cornell.edu/regulations/montana/Mont-Admin-r-37.80.201,us-mt,ccdf,full screener,1,law.cornell.edu/regulations/montana/Mont-Admin-r-37.80.201,https://www.law.cornell.edu/regulations/montana/Mont-Admin-r-37.80.201,,mirror,200,https://www.law.cornell.edu/regulations/montana/Mont-Admin-r-37.80.201,,OFFICIAL-SOURCE
https://www.law.cornell.edu/regulations/montana/Mont-Admin-r-37.80.202,us-mt,ccdf,full screener,1,law.cornell.edu/regulations/montana/Mont-Admin-r-37.80.202,https://www.law.cornell.edu/regulations/montana/Mont-Admin-r-37.80.202,,mirror,200,https://www.law.cornell.edu/regulations/montana/Mont-Admin-r-37.80.202,,OFFICIAL-SOURCE
https://www.law.cornell.edu/regulations/montana/Mont-Admin-r-37.80.205,us-mt,ccdf,full screener,1,law.cornell.edu/regulations/montana/Mont-Admin-r-37.80.205,https://www.law.cornell.edu/regulations/montana/Mont-Admin-r-37.80.205,,mirror,200,https://www.law.cornell.edu/regulations/montana/Mont-Admin-r-37.80.205,,OFFICIAL-SOURCE
us-nc/statute/chapter-108a/108a-27-01,us-nc,tanf,full,0,"North Carolina General Statutes section 108A-27.01, Income eligibility and payment level for Work First Family Assistance",https://www.ncleg.gov/EnactedLegislation/Statutes/HTML/BySection/Chapter_108A/GS_108A-27.01.html,us-nc/statute/chapter-108a/108a-27-01,official,200,https://www.ncleg.gov/EnactedLegislation/Statutes/HTML/BySection/Chapter_108A/GS_108A-27.01.html,manifests/us-nc-work-first-statute-official-documents.yaml,EXTRACT-MANIFEST
https://ncchildcare.ncdhhs.gov/Portals/0/documents/pdf/M/MarketRateStudyReport_RevisedSept2024.pdf?ver=kB5LPJZbZlxGNQ3ybcjzgA%3d%3d,us-nc,ccdf,full screener,1,ncchildcare.ncdhhs.gov/Portals/0/documents/pdf/M/MarketRateStudyReport_RevisedSept2024.pdf,https://ncchildcare.ncdhhs.gov/Portals/0/documents/pdf/M/MarketRateStudyReport_RevisedSept2024.pdf?ver=kB5LPJZbZlxGNQ3ybcjzgA%3d%3d,,official,200,https://ncchildcare.ncdhhs.gov/Portals/0/documents/pdf/M/MarketRateStudyReport_RevisedSept2024.pdf?ver=kB5LPJZbZlxGNQ3ybcjzgA%3d%3d,,FETCH
https://policies.ncdhhs.gov/wp-content/uploads/Chapter-4-RED-CN-26-03-Application-Eligibility-Determination-Documentation-2.pdf,us-nc,ccdf,full screener,1,policies.ncdhhs.gov/wp-content/uploads/Chapter-4-RED-CN-26-03-Application-Eligibility-Dete,https://policies.ncdhhs.gov/wp-content/uploads/Chapter-4-RED-CN-26-03-Application-Eligibility-Determination-Documentation-2.pdf,,official,200,https://policies.ncdhhs.gov/wp-content/uploads/Chapter-4-RED-CN-26-03-Application-Eligibility-Determination-Documentation-2.pdf,,FETCH
https://policies.ncdhhs.gov/wp-content/uploads/Chapter-8-CN26-03-Parent-Fees-2-BLACK.pdf,us-nc,ccdf,full screener,1,policies.ncdhhs.gov/wp-content/uploads/Chapter-8-CN26-03-Parent-Fees-2-BLACK.pdf,https://policies.ncdhhs.gov/wp-content/uploads/Chapter-8-CN26-03-Parent-Fees-2-BLACK.pdf,,official,200,https://policies.ncdhhs.gov/wp-content/uploads/Chapter-8-CN26-03-Parent-Fees-2-BLACK.pdf,,FETCH
https://policies.ncdhhs.gov/wp-content/uploads/FINAL-Chapter-7-Family-definition-and-determining-income-eligibility-08-05-24.pdf,us-nc,ccdf,full screener,1,policies.ncdhhs.gov/wp-content/uploads/FINAL-Chapter-7-Family-definition-and-determining-i,https://policies.ncdhhs.gov/wp-content/uploads/FINAL-Chapter-7-Family-definition-and-determining-income-eligibility-08-05-24.pdf,,official,200,https://policies.ncdhhs.gov/wp-content/uploads/FINAL-Chapter-7-Family-definition-and-determining-income-eligibility-08-05-24.pdf,,FETCH
https://policies.ncdhhs.gov/wp-content/uploads/FINAL-Chapter-7-Family-definition-and-determining-income-eligibility-8_2024-BLACK.pdf,us-nc,ccdf,full screener,1,policies.ncdhhs.gov/wp-content/uploads/FINAL-Chapter-7-Family-definition-and-determining-i,https://policies.ncdhhs.gov/wp-content/uploads/FINAL-Chapter-7-Family-definition-and-determining-income-eligibility-8_2024-BLACK.pdf,,official,200,https://policies.ncdhhs.gov/wp-content/uploads/FINAL-Chapter-7-Family-definition-and-determining-income-eligibility-8_2024-BLACK.pdf,,FETCH
https://policies.ncdhhs.gov/wp-content/uploads/acronyms-and-definitions-1.pdf,us-nc,ccdf,full screener,1,policies.ncdhhs.gov/wp-content/uploads/acronyms-and-definitions-1.pdf,https://policies.ncdhhs.gov/wp-content/uploads/acronyms-and-definitions-1.pdf,,official,200,https://policies.ncdhhs.gov/wp-content/uploads/acronyms-and-definitions-1.pdf,,FETCH
https://www.ncdhhs.gov/2022-2025-tanf-state-plan-final-signedpdf/open,us-nc,tanf,full screener,1,ncdhhs.gov/2022-2025-tanf-state-plan-final-signedpdf/open,https://www.ncdhhs.gov/2022-2025-tanf-state-plan-final-signedpdf/open,,official,200,https://www.ncdhhs.gov/2022-2025-tanf-state-plan-final-signedpdf/open,,FETCH
https://www.ncdhhs.gov/documents/files/dss/2019-2022-tanf-state-plan-draft/download,us-nc,tanf,full screener,1,ncdhhs.gov/documents/files/dss/2019-2022-tanf-state-plan-draft/download,https://www.ncdhhs.gov/documents/files/dss/2019-2022-tanf-state-plan-draft/download,,official,200,https://www.ncdhhs.gov/documents/files/dss/2019-2022-tanf-state-plan-draft/download,,FETCH
https://www.ncdhhs.gov/documents/files/dss/dcdl/economicservices/efs-wf-29-2015a/download,us-nc,tanf,full screener,1,ncdhhs.gov/documents/files/dss/dcdl/economicservices/efs-wf-29-2015a/download,https://www.ncdhhs.gov/documents/files/dss/dcdl/economicservices/efs-wf-29-2015a/download,,official,200,https://www.ncdhhs.gov/documents/files/dss/dcdl/economicservices/efs-wf-29-2015a/download,,FETCH
https://www.publichealthlawcenter.org/sites/default/files/NC%20Chapter%2010%20Subsidized%20Child%20Care%20Rules.pdf,us-nc,ccdf,full screener,1,publichealthlawcenter.org/sites/default/files/NC%20Chapter%2010%20Subsidized%20Child%20Car,https://www.publichealthlawcenter.org/sites/default/files/NC%20Chapter%2010%20Subsidized%20Child%20Care%20Rules.pdf,,other,403,,,BLOCKED-CHECK
https://app.powerbigov.us/view?r=eyJrIjoiOGI5NDY4NzctM2QzOS00NWY4LWJjNTAtMDA5N2IxMmE5NTMyIiwidCI6IjJkZWEwNDY0LWRhNTEtNGE4OC1iYWUyLWIzZGI5NGJjMGM1NCJ9,us-nd,ccdf,full screener,1,app.powerbigov.us/view,https://app.powerbigov.us/view?r=eyJrIjoiOGI5NDY4NzctM2QzOS00NWY4LWJjNTAtMDA5N2IxMmE5NTMyIiwidCI6IjJkZWEwNDY0LWRhNTEtNGE4OC1iYWUyLWIzZGI5NGJjMGM1NCJ9,,official,200,https://app.powerbigov.us/view?r=eyJrIjoiOGI5NDY4NzctM2QzOS00NWY4LWJjNTAtMDA5N2IxMmE5NTMyIiwidCI6IjJkZWEwNDY0LWRhNTEtNGE4OC1iYWUyLWIzZGI5NGJjMGM1NCJ9,,FETCH
https://ndlegis.gov/assembly/68-2023/testimony/SHUMSER-2190-20230118-13895-F-HOGAN_KATHY.pdf,us-nd,ccdf,full screener,1,ndlegis.gov/assembly/68-2023/testimony/SHUMSER-2190-20230118-13895-F-HOGAN_KATHY.pdf,https://ndlegis.gov/assembly/68-2023/testimony/SHUMSER-2190-20230118-13895-F-HOGAN_KATHY.pdf,,official,200,https://ndlegis.gov/assembly/68-2023/testimony/SHUMSER-2190-20230118-13895-F-HOGAN_KATHY.pdf,,FETCH
https://ndlegis.gov/prod/acdata/pdf/75-02-01.3.pdf,us-nd,ccdf,full screener,1,ndlegis.gov/prod/acdata/pdf/75-02-01.3.pdf,https://ndlegis.gov/prod/acdata/pdf/75-02-01.3.pdf,,official,200,https://ndlegis.gov/prod/acdata/pdf/75-02-01.3.pdf,,FETCH
https://www.hhs.nd.gov/applyforhelp/ccap,us-nd,ccdf,full screener,1,hhs.nd.gov/applyforhelp/ccap,https://www.hhs.nd.gov/applyforhelp/ccap,,official,200,https://www.hhs.nd.gov/applyforhelp/ccap,,FETCH
https://www.hhs.nd.gov/ec-news/child-care-assistance-program-ccap-updates-2026,us-nd,ccdf,full screener,1,hhs.nd.gov/ec-news/child-care-assistance-program-ccap-updates-2026,https://www.hhs.nd.gov/ec-news/child-care-assistance-program-ccap-updates-2026,,official,200,https://www.hhs.nd.gov/ec-news/child-care-assistance-program-ccap-updates-2026,,FETCH
https://www.hhs.nd.gov/human-services/providers/ccap,us-nd,ccdf,full screener,1,hhs.nd.gov/human-services/providers/ccap,https://www.hhs.nd.gov/human-services/providers/ccap,,official,200,https://www.hhs.nd.gov/human-services/providers/ccap,,FETCH
https://www.nd.gov/dhs/policymanuals/40019/Archive%20Documents/2016%20-%20ML3482/400_19_55_20_15%20ML%203482.htm,us-nd,tanf,full screener,1,nd.gov/dhs/policymanuals/40019/Archive%20Documents/2016%20-%20ML3482/400_19_55_20_15%20ML%,https://www.nd.gov/dhs/policymanuals/40019/Archive%20Documents/2016%20-%20ML3482/400_19_55_20_15%20ML%203482.htm,,official,200,https://www.nd.gov/dhs/policymanuals/40019/Archive%20Documents/2016%20-%20ML3482/400_19_55_20_15%20ML%203482.htm,,FETCH
https://www.nd.gov/dhs/policymanuals/40019/Archive%20Documents/2023%20-%20ML%203740/400_19_110_05.htm,us-nd,tanf,full screener,1,nd.gov/dhs/policymanuals/40019/Archive%20Documents/2023%20-%20ML%203740/400_19_110_05.htm,https://www.nd.gov/dhs/policymanuals/40019/Archive%20Documents/2023%20-%20ML%203740/400_19_110_05.htm,,official,200,https://www.nd.gov/dhs/policymanuals/40019/Archive%20Documents/2023%20-%20ML%203740/400_19_110_05.htm,,FETCH
https://www.nd.gov/dhs/policymanuals/40019/Archive%20Documents/2024%20-%20ML%203869/400_19_110_05.htm,us-nd,tanf,full screener,1,nd.gov/dhs/policymanuals/40019/Archive%20Documents/2024%20-%20ML%203869/400_19_110_05.htm,https://www.nd.gov/dhs/policymanuals/40019/Archive%20Documents/2024%20-%20ML%203869/400_19_110_05.htm,,official,200,https://www.nd.gov/dhs/policymanuals/40019/Archive%20Documents/2024%20-%20ML%203869/400_19_110_05.htm,,FETCH
https://www.nd.gov/dhs/policymanuals/40019/Archive%20Documents/2025/Release%2025.1/400_19_110_05.htm,us-nd,tanf,full screener,1,nd.gov/dhs/policymanuals/40019/Archive%20Documents/2025/Release%2025.1/400_19_110_05.htm,https://www.nd.gov/dhs/policymanuals/40019/Archive%20Documents/2025/Release%2025.1/400_19_110_05.htm,,official,200,https://www.nd.gov/dhs/policymanuals/40019/Archive%20Documents/2025/Release%2025.1/400_19_110_05.htm,,FETCH
https://www.nd.gov/dhs/policymanuals/40028/40028.htm,us-nd,ccdf,full screener,1,nd.gov/dhs/policymanuals/40028/40028.htm,https://www.nd.gov/dhs/policymanuals/40028/40028.htm,,official,200,https://www.nd.gov/dhs/policymanuals/40028/40028.htm,,FETCH
https://www.nd.gov/dhs/policymanuals/40028/Content/ML/2025/CCAP%20ML%203909%20Effective%20May.1.2025.pdf,us-nd,ccdf,full screener,1,nd.gov/dhs/policymanuals/40028/Content/ML/2025/CCAP%20ML%203909%20Effective%20May.1.2025.p,https://www.nd.gov/dhs/policymanuals/40028/Content/ML/2025/CCAP%20ML%203909%20Effective%20May.1.2025.pdf,,official,200,https://www.nd.gov/dhs/policymanuals/40028/Content/ML/2025/CCAP%20ML%203909%20Effective%20May.1.2025.pdf,,FETCH
https://www.law.cornell.edu/regulations/north-dakota/N-D-A-C-75-02-1.2-22,us-nd,tanf,full screener,1,law.cornell.edu/regulations/north-dakota/N-D-A-C-75-02-1.2-22,https://www.law.cornell.edu/regulations/north-dakota/N-D-A-C-75-02-1.2-22,,mirror,200,https://www.law.cornell.edu/regulations/north-dakota/N-D-A-C-75-02-1.2-22,,OFFICIAL-SOURCE
https://www.law.cornell.edu/regulations/north-dakota/N-D-A-C-75-02-1.2-35,us-nd,tanf,full screener,1,law.cornell.edu/regulations/north-dakota/N-D-A-C-75-02-1.2-35,https://www.law.cornell.edu/regulations/north-dakota/N-D-A-C-75-02-1.2-35,,mirror,200,https://www.law.cornell.edu/regulations/north-dakota/N-D-A-C-75-02-1.2-35,,OFFICIAL-SOURCE
https://www.law.cornell.edu/regulations/north-dakota/N-D-A-C-75-02-1.2-51,us-nd,tanf,full screener,1,law.cornell.edu/regulations/north-dakota/N-D-A-C-75-02-1.2-51,https://www.law.cornell.edu/regulations/north-dakota/N-D-A-C-75-02-1.2-51,,mirror,200,https://www.law.cornell.edu/regulations/north-dakota/N-D-A-C-75-02-1.2-51,,OFFICIAL-SOURCE
"https://dhhs.ne.gov/Child%20Care%20Documents/Approved%20CCDF%20State%20Plan,%20Amended%2006-11-2020.pdf",us-ne,ccdf,full screener,1,"dhhs.ne.gov/Child%20Care%20Documents/Approved%20CCDF%20State%20Plan,%20Amended%2006-11-202","https://dhhs.ne.gov/Child%20Care%20Documents/Approved%20CCDF%20State%20Plan,%20Amended%2006-11-2020.pdf",,official,200,"https://dhhs.ne.gov/Child%20Care%20Documents/Approved%20CCDF%20State%20Plan,%20Amended%2006-11-2020.pdf",,FETCH
https://dhhs.ne.gov/Child%20Care%20Documents/LB%20485%20FAQ.pdf,us-ne,ccdf,full screener,1,dhhs.ne.gov/Child%20Care%20Documents/LB%20485%20FAQ.pdf,https://dhhs.ne.gov/Child%20Care%20Documents/LB%20485%20FAQ.pdf,,official,200,https://dhhs.ne.gov/Child%20Care%20Documents/LB%20485%20FAQ.pdf,,FETCH
https://dhhs.ne.gov/Child%20Care%20Documents/Rate%20Structure%20Frequently%20Asked%20Questions%20%28FAQ%29.pdf,us-ne,ccdf,full screener,1,dhhs.ne.gov/Child%20Care%20Documents/Rate%20Structure%20Frequently%20Asked%20Questions%20%,https://dhhs.ne.gov/Child%20Care%20Documents/Rate%20Structure%20Frequently%20Asked%20Questions%20%28FAQ%29.pdf,,official,200,https://dhhs.ne.gov/Child%20Care%20Documents/Rate%20Structure%20Frequently%20Asked%20Questions%20%28FAQ%29.pdf,,FETCH
https://dhhs.ne.gov/Child%20Care%20Documents/Subsidy-Rates.pdf,us-ne,ccdf,full screener,1,dhhs.ne.gov/Child%20Care%20Documents/Subsidy-Rates.pdf,https://dhhs.ne.gov/Child%20Care%20Documents/Subsidy-Rates.pdf,,official,200,https://dhhs.ne.gov/Child%20Care%20Documents/Subsidy-Rates.pdf,,FETCH
https://dhhs.ne.gov/Documents/468-000-209.pdf,us-ne,tanf,full screener,1,dhhs.ne.gov/Documents/468-000-209.pdf,https://dhhs.ne.gov/Documents/468-000-209.pdf,,official,200,https://dhhs.ne.gov/Documents/468-000-209.pdf,,FETCH
https://dhhs.ne.gov/Documents/CC-Subsidy-Provider-Booklet.pdf,us-ne,ccdf,full screener,1,dhhs.ne.gov/Documents/CC-Subsidy-Provider-Booklet.pdf,https://dhhs.ne.gov/Documents/CC-Subsidy-Provider-Booklet.pdf,,official,200,https://dhhs.ne.gov/Documents/CC-Subsidy-Provider-Booklet.pdf,,FETCH
https://dhhs.ne.gov/Documents/Nebraska-State-TANF-Plan-2025.pdf,us-ne,tanf,full screener,1,dhhs.ne.gov/Documents/Nebraska-State-TANF-Plan-2025.pdf,https://dhhs.ne.gov/Documents/Nebraska-State-TANF-Plan-2025.pdf,,official,200,https://dhhs.ne.gov/Documents/Nebraska-State-TANF-Plan-2025.pdf,,FETCH
https://dhhs.ne.gov/Documents/Title-392-Complete.pdf,us-ne,ccdf,full screener,1,dhhs.ne.gov/Documents/Title-392-Complete.pdf,https://dhhs.ne.gov/Documents/Title-392-Complete.pdf,,official,200,https://dhhs.ne.gov/Documents/Title-392-Complete.pdf,,FETCH
https://dhhs.ne.gov/Guidance%20Docs/Title%20392%20-%20Child%20Care%20Subsidy.pdf,us-ne,ccdf,full screener,1,dhhs.ne.gov/Guidance%20Docs/Title%20392%20-%20Child%20Care%20Subsidy.pdf,https://dhhs.ne.gov/Guidance%20Docs/Title%20392%20-%20Child%20Care%20Subsidy.pdf,,official,200,https://dhhs.ne.gov/Guidance%20Docs/Title%20392%20-%20Child%20Care%20Subsidy.pdf,,FETCH
https://dhhs.ne.gov/Guidance%20Docs/Title%20468%20-%20Aid%20to%20Dependent%20Children.pdf,us-ne,tanf,full screener,1,dhhs.ne.gov/Guidance%20Docs/Title%20468%20-%20Aid%20to%20Dependent%20Children.pdf,https://dhhs.ne.gov/Guidance%20Docs/Title%20468%20-%20Aid%20to%20Dependent%20Children.pdf,,official,200,https://dhhs.ne.gov/Guidance%20Docs/Title%20468%20-%20Aid%20to%20Dependent%20Children.pdf,,FETCH
https://dhhs.ne.gov/Pages/TANF.aspx,us-ne,tanf,full screener,1,dhhs.ne.gov/Pages/TANF.aspx,https://dhhs.ne.gov/Pages/TANF.aspx,,official,200,https://dhhs.ne.gov/Pages/TANF.aspx,,FETCH
https://dhhs.ne.gov/Pages/Title-468.aspx,us-ne,tanf,full screener,1,dhhs.ne.gov/Pages/Title-468.aspx,https://dhhs.ne.gov/Pages/Title-468.aspx,,official,200,https://dhhs.ne.gov/Pages/Title-468.aspx,,FETCH
https://leg.ne.gov/pdf/reports/revisor/datelist2014.pdf,us-ne,ccdf,full screener,1,leg.ne.gov/pdf/reports/revisor/datelist2014.pdf,https://leg.ne.gov/pdf/reports/revisor/datelist2014.pdf,,official,200,https://leg.ne.gov/pdf/reports/revisor/datelist2014.pdf,,FETCH
https://nebraskalegislature.gov/FloorDocs/103/PDF/Slip/LB359.pdf,us-ne,ccdf,full screener,1,nebraskalegislature.gov/FloorDocs/103/PDF/Slip/LB359.pdf,https://nebraskalegislature.gov/FloorDocs/103/PDF/Slip/LB359.pdf,,official,200,https://nebraskalegislature.gov/FloorDocs/103/PDF/Slip/LB359.pdf,,FETCH
https://nebraskalegislature.gov/FloorDocs/109/PDF/Slip/LB304.pdf,us-ne,ccdf,full screener,1,nebraskalegislature.gov/FloorDocs/109/PDF/Slip/LB304.pdf,https://nebraskalegislature.gov/FloorDocs/109/PDF/Slip/LB304.pdf,,official,200,https://nebraskalegislature.gov/FloorDocs/109/PDF/Slip/LB304.pdf,,FETCH
https://nebraskalegislature.gov/laws/statutes.php?statute=43-512,us-ne,tanf,full screener,1,nebraskalegislature.gov/laws/statutes.php,https://nebraskalegislature.gov/laws/statutes.php?statute=43-512,,official,200,https://nebraskalegislature.gov/laws/statutes.php?statute=43-512,,FETCH
https://nebraskalegislature.gov/laws/statutes.php?statute=43-513,us-ne,tanf,full screener,1,nebraskalegislature.gov/laws/statutes.php,https://nebraskalegislature.gov/laws/statutes.php?statute=43-513,,official,200,https://nebraskalegislature.gov/laws/statutes.php?statute=43-513,,FETCH
https://nebraskalegislature.gov/laws/statutes.php?statute=68-1206,us-ne,ccdf,full screener,1,nebraskalegislature.gov/laws/statutes.php,https://nebraskalegislature.gov/laws/statutes.php?statute=68-1206,,official,200,https://nebraskalegislature.gov/laws/statutes.php?statute=68-1206,,FETCH
https://nebraskalegislature.gov/laws/statutes.php?statute=68-1713,us-ne,tanf,full screener,1,nebraskalegislature.gov/laws/statutes.php,https://nebraskalegislature.gov/laws/statutes.php?statute=68-1713,,official,200,https://nebraskalegislature.gov/laws/statutes.php?statute=68-1713,,FETCH
https://nebraskalegislature.gov/laws/statutes.php?statute=68-1726,us-ne,tanf,full screener,1,nebraskalegislature.gov/laws/statutes.php,https://nebraskalegislature.gov/laws/statutes.php?statute=68-1726,,official,200,https://nebraskalegislature.gov/laws/statutes.php?statute=68-1726,,FETCH
https://nebraskalegislature.gov/pdf/reports/fiscal/2024_tanf_report.pdf,us-ne,tanf,full screener,1,nebraskalegislature.gov/pdf/reports/fiscal/2024_tanf_report.pdf,https://nebraskalegislature.gov/pdf/reports/fiscal/2024_tanf_report.pdf,,official,200,https://nebraskalegislature.gov/pdf/reports/fiscal/2024_tanf_report.pdf,,FETCH
https://rules.nebraska.gov/api/fileStorage/GetAsByteArray/title-pdfs/Title_392.pdf/180,us-ne,ccdf,full screener,1,rules.nebraska.gov/api/fileStorage/GetAsByteArray/title-pdfs/Title_392.pdf/180,https://rules.nebraska.gov/api/fileStorage/GetAsByteArray/title-pdfs/Title_392.pdf/180,,official,200,https://rules.nebraska.gov/api/fileStorage/GetAsByteArray/title-pdfs/Title_392.pdf/180,,FETCH
