id,jurisdiction,programs,tiers,pe_cited_units,name,bundle_url,bundle_path,publisher_kind,check_status,check_final_url,manifest_on_main,action
us-ia/guidance/revenue/individual-income-tax/iowa-taxable-income,us-ia,income_tax,full screener,1,Line 04 Iowa Taxable Income,,us-ia/guidance/revenue/individual-income-tax/iowa-taxable-income,,,,manifests/us-ia-revenue-tax-guidance.yaml,EXTRACT-MANIFEST
us-ia/guidance/revenue/individual-income-tax/retirement-income,us-ia,income_tax,full screener,1,Retirement Income Tax Guidance,,us-ia/guidance/revenue/individual-income-tax/retirement-income,,,,manifests/us-ia-revenue-tax-guidance.yaml,EXTRACT-MANIFEST
https://revenue.iowa.gov/media/2650/download?inline,us-ia,eitc income_tax,full screener,1,revenue.iowa.gov/media/2650/download,https://revenue.iowa.gov/media/2650/download?inline,,official,200,https://revenue.iowa.gov/media/2650/download?inline,,FETCH
https://revenue.iowa.gov/media/2721/download?inline,us-ia,eitc income_tax,full screener,1,revenue.iowa.gov/media/2721/download,https://revenue.iowa.gov/media/2721/download?inline,,official,200,https://revenue.iowa.gov/media/2721/download?inline,,FETCH
https://revenue.iowa.gov/media/2746/download?inline,us-ia,income_tax,full screener,1,revenue.iowa.gov/media/2746/download,https://revenue.iowa.gov/media/2746/download?inline,,official,200,https://revenue.iowa.gov/media/2746/download?inline,,FETCH
https://revenue.iowa.gov/media/2748/download?inline,us-ia,income_tax,full screener,1,revenue.iowa.gov/media/2748/download,https://revenue.iowa.gov/media/2748/download?inline,,official,200,https://revenue.iowa.gov/media/2748/download?inline,,FETCH
https://revenue.iowa.gov/media/2754/download?inline,us-ia,income_tax,full screener,1,revenue.iowa.gov/media/2754/download,https://revenue.iowa.gov/media/2754/download?inline,,official,200,https://revenue.iowa.gov/media/2754/download?inline,,FETCH
https://revenue.iowa.gov/media/3305/download?inline,us-ia,income_tax,full screener,1,revenue.iowa.gov/media/3305/download,https://revenue.iowa.gov/media/3305/download?inline,,official,200,https://revenue.iowa.gov/media/3305/download?inline,,FETCH
https://revenue.iowa.gov/media/3379/download?inline,us-ia,income_tax,full screener,1,revenue.iowa.gov/media/3379/download,https://revenue.iowa.gov/media/3379/download?inline,,official,200,https://revenue.iowa.gov/media/3379/download?inline,,FETCH
https://revenue.iowa.gov/media/4093/download?inline,us-ia,income_tax,full screener,1,revenue.iowa.gov/media/4093/download,https://revenue.iowa.gov/media/4093/download?inline,,official,200,https://revenue.iowa.gov/media/4093/download?inline,,FETCH
https://revenue.iowa.gov/media/4152/download?inline,us-ia,eitc income_tax,full screener,1,revenue.iowa.gov/media/4152/download,https://revenue.iowa.gov/media/4152/download?inline,,official,200,https://revenue.iowa.gov/media/4152/download?inline,,FETCH
https://revenue.iowa.gov/press-release/2024-10-16/idr-announces-2025-individual-income-tax-brackets-and-interest-rates,us-ia,income_tax,full screener,1,revenue.iowa.gov/press-release/2024-10-16/idr-announces-2025-individual-income-tax-bracket,https://revenue.iowa.gov/press-release/2024-10-16/idr-announces-2025-individual-income-tax-brackets-and-interest-rates,,official,200,https://revenue.iowa.gov/press-release/2024-10-16/idr-announces-2025-individual-income-tax-brackets-and-interest-rates,,FETCH
https://revenue.iowa.gov/sites/default/files/2021-12/IA6251%2841131%29.pdf,us-ia,income_tax,full screener,1,revenue.iowa.gov/sites/default/files/2021-12/IA6251%2841131%29.pdf,https://revenue.iowa.gov/sites/default/files/2021-12/IA6251%2841131%29.pdf,,official,200,https://revenue.iowa.gov/sites/default/files/2021-12/IA6251%2841131%29.pdf,,FETCH
https://revenue.iowa.gov/sites/default/files/2022-01/IA1040%2841-001%29.pdf,us-ia,eitc income_tax,full screener,1,revenue.iowa.gov/sites/default/files/2022-01/IA1040%2841-001%29.pdf,https://revenue.iowa.gov/sites/default/files/2022-01/IA1040%2841-001%29.pdf,,official,200,https://revenue.iowa.gov/sites/default/files/2022-01/IA1040%2841-001%29.pdf,,FETCH
https://revenue.iowa.gov/sites/default/files/2023-01/2022IA1040%2841001%29.pdf,us-ia,eitc income_tax,full screener,1,revenue.iowa.gov/sites/default/files/2023-01/2022IA1040%2841001%29.pdf,https://revenue.iowa.gov/sites/default/files/2023-01/2022IA1040%2841001%29.pdf,,official,200,https://revenue.iowa.gov/sites/default/files/2023-01/2022IA1040%2841001%29.pdf,,FETCH
https://revenue.iowa.gov/sites/default/files/2023-01/IA6251%2841131%29.pdf,us-ia,income_tax,full screener,1,revenue.iowa.gov/sites/default/files/2023-01/IA6251%2841131%29.pdf,https://revenue.iowa.gov/sites/default/files/2023-01/IA6251%2841131%29.pdf,,official,200,https://revenue.iowa.gov/sites/default/files/2023-01/IA6251%2841131%29.pdf,,FETCH
https://revenue.iowa.gov/sites/default/files/2023-11/IA1041Inst%2863002%29.pdf,us-ia,income_tax,full screener,1,revenue.iowa.gov/sites/default/files/2023-11/IA1041Inst%2863002%29.pdf,https://revenue.iowa.gov/sites/default/files/2023-11/IA1041Inst%2863002%29.pdf,,official,200,https://revenue.iowa.gov/sites/default/files/2023-11/IA1041Inst%2863002%29.pdf,,FETCH
https://revenue.iowa.gov/taxes/tax-guidance/individual-income-tax/1040-expanded-instructions/child-dependent-care-credit,us-ia,income_tax,full screener,1,revenue.iowa.gov/taxes/tax-guidance/individual-income-tax/1040-expanded-instructions/child,https://revenue.iowa.gov/taxes/tax-guidance/individual-income-tax/1040-expanded-instructions/child-dependent-care-credit,,official,200,https://revenue.iowa.gov/taxes/tax-guidance/individual-income-tax/1040-expanded-instructions/child-dependent-care-credit,,FETCH
https://revenue.iowa.gov/taxes/tax-guidance/individual-income-tax/1040-expanded-instructions/exemption-credits,us-ia,income_tax,full screener,1,revenue.iowa.gov/taxes/tax-guidance/individual-income-tax/1040-expanded-instructions/exemp,https://revenue.iowa.gov/taxes/tax-guidance/individual-income-tax/1040-expanded-instructions/exemption-credits,,official,200,https://revenue.iowa.gov/taxes/tax-guidance/individual-income-tax/1040-expanded-instructions/exemption-credits,,FETCH
https://revenue.iowa.gov/taxes/tax-guidance/individual-income-tax/1040-expanded-instructions/ia-1040-schedule-1,us-ia,income_tax,full screener,1,revenue.iowa.gov/taxes/tax-guidance/individual-income-tax/1040-expanded-instructions/ia-10,https://revenue.iowa.gov/taxes/tax-guidance/individual-income-tax/1040-expanded-instructions/ia-1040-schedule-1,,official,200,https://revenue.iowa.gov/taxes/tax-guidance/individual-income-tax/1040-expanded-instructions/ia-1040-schedule-1,,FETCH
https://revenue.iowa.gov/taxes/tax-guidance/individual-income-tax/1040-expanded-instructions/iowa-earned-income-tax-credit,us-ia,eitc income_tax,full screener,1,revenue.iowa.gov/taxes/tax-guidance/individual-income-tax/1040-expanded-instructions/iowa-,https://revenue.iowa.gov/taxes/tax-guidance/individual-income-tax/1040-expanded-instructions/iowa-earned-income-tax-credit,,official,200,https://revenue.iowa.gov/taxes/tax-guidance/individual-income-tax/1040-expanded-instructions/iowa-earned-income-tax-credit,,FETCH
https://revenue.iowa.gov/taxes/tax-guidance/individual-income-tax/1040-expanded-instructions/iowa-tax,us-ia,income_tax,full screener,1,revenue.iowa.gov/taxes/tax-guidance/individual-income-tax/1040-expanded-instructions/iowa-,https://revenue.iowa.gov/taxes/tax-guidance/individual-income-tax/1040-expanded-instructions/iowa-tax,,official,200,https://revenue.iowa.gov/taxes/tax-guidance/individual-income-tax/1040-expanded-instructions/iowa-tax,,FETCH
https://revenue.iowa.gov/taxes/tax-guidance/individual-income-tax/2023-changes-iowa-individual-income-tax,us-ia,income_tax,full screener,1,revenue.iowa.gov/taxes/tax-guidance/individual-income-tax/2023-changes-iowa-individual-inc,https://revenue.iowa.gov/taxes/tax-guidance/individual-income-tax/2023-changes-iowa-individual-income-tax,,official,200,https://revenue.iowa.gov/taxes/tax-guidance,,FETCH
https://www.iowatreasurer.gov/the-treasurers-office/news/treasurer-smith-announces-2025-isave-529-state-tax-deduction-amount,us-ia,income_tax,full screener,1,iowatreasurer.gov/the-treasurers-office/news/treasurer-smith-announces-2025-isave-529-stat,https://www.iowatreasurer.gov/the-treasurers-office/news/treasurer-smith-announces-2025-isave-529-state-tax-deduction-amount,,official,200,https://www.iowatreasurer.gov/the-treasurers-office/news/treasurer-smith-announces-2025-isave-529-state-tax-deduction-amount,,FETCH
https://www.legis.iowa.gov/docs/code/422.7.pdf,us-ia,income_tax,full screener,1,legis.iowa.gov/docs/code/422.7.pdf,https://www.legis.iowa.gov/docs/code/422.7.pdf,,official,200,https://www.legis.iowa.gov/docs/code/422.7.pdf,,FETCH
https://www.legis.iowa.gov/docs/iac/agency/01-24-2024.701.pdf,us-ia,income_tax,full screener,1,legis.iowa.gov/docs/iac/agency/01-24-2024.701.pdf,https://www.legis.iowa.gov/docs/iac/agency/01-24-2024.701.pdf,,official,200,https://www.legis.iowa.gov/docs/iac/agency/01-24-2024.701.pdf,,FETCH
https://www.legis.iowa.gov/docs/iac/rule/701.302.47.pdf,us-ia,income_tax,full screener,1,legis.iowa.gov/docs/iac/rule/701.302.47.pdf,https://www.legis.iowa.gov/docs/iac/rule/701.302.47.pdf,,official,200,https://www.legis.iowa.gov/docs/iac/rule/701.302.47.pdf,,FETCH
https://www.legis.iowa.gov/docs/iac/rule/701.304.15.pdf,us-ia,income_tax,full screener,1,legis.iowa.gov/docs/iac/rule/701.304.15.pdf,https://www.legis.iowa.gov/docs/iac/rule/701.304.15.pdf,,official,200,https://www.legis.iowa.gov/docs/iac/rule/701.304.15.pdf,,FETCH
https://www.legis.iowa.gov/legislation/BillBook?ga=90&ba=SF%202442,us-ia,income_tax,full screener,1,legis.iowa.gov/legislation/BillBook,https://www.legis.iowa.gov/legislation/BillBook?ga=90&ba=SF%202442,,official,200,https://www.legis.iowa.gov/legislation/BillBook?ga=90&ba=SF%202442,,FETCH
https://content.govdelivery.com/accounts/IACIO/bulletins/3779769,us-ia,income_tax,full screener,1,content.govdelivery.com/accounts/IACIO/bulletins/3779769,https://content.govdelivery.com/accounts/IACIO/bulletins/3779769,,other,200,https://content.govdelivery.com/accounts/IACIO/bulletins/3779769,,CHECK-PUBLISHER
https://taxsim.nber.org/historical_state_tax_forms/IA/2021/2021%20Expanded%20Instructions_0.pdf,us-ia,income_tax,full screener,1,taxsim.nber.org/historical_state_tax_forms/IA/2021/2021%20Expanded%20Instructions_0.pdf,https://taxsim.nber.org/historical_state_tax_forms/IA/2021/2021%20Expanded%20Instructions_0.pdf,,other,200,https://taxsim.nber.org/historical_state_tax_forms/IA/2021/2021%20Expanded%20Instructions_0.pdf,,CHECK-PUBLISHER
https://taxsim.nber.org/historical_state_tax_forms/IA/2022/2022%20Expanded%20Instructions_022023.pdf,us-ia,income_tax,full screener,1,taxsim.nber.org/historical_state_tax_forms/IA/2022/2022%20Expanded%20Instructions_022023.p,https://taxsim.nber.org/historical_state_tax_forms/IA/2022/2022%20Expanded%20Instructions_022023.pdf,,other,200,https://taxsim.nber.org/historical_state_tax_forms/IA/2022/2022%20Expanded%20Instructions_022023.pdf,,CHECK-PUBLISHER
https://www.isave529.com/save/tax-benefits,us-ia,income_tax,full screener,1,isave529.com/save/tax-benefits,https://www.isave529.com/save/tax-benefits,,other,200,https://www.isave529.com/save/tax-benefits,,CHECK-PUBLISHER
https://www.law.cornell.edu/regulations/iowa/Iowa-Code-r-701-304.15,us-ia,income_tax,full screener,1,law.cornell.edu/regulations/iowa/Iowa-Code-r-701-304.15,https://www.law.cornell.edu/regulations/iowa/Iowa-Code-r-701-304.15,,mirror,200,https://www.law.cornell.edu/regulations/iowa/Iowa-Code-r-701-304.15,,OFFICIAL-SOURCE
https://revenue.iowa.gov/2023-changes-iowa-individual-income-tax,us-ia,income_tax,full screener,1,revenue.iowa.gov/2023-changes-iowa-individual-income-tax,https://revenue.iowa.gov/2023-changes-iowa-individual-income-tax,,official,403,,,BLOCKED-CHECK
us-id/form/tax_forms/tax.idaho.gov/wp-content/uploads/forms/efo00086/efo00086_09-15-2021,us-id,income_tax,full screener,1,EFO00086_09-15-2021,,us-id/form/tax_forms/tax.idaho.gov/wp-content/uploads/forms/efo00086/efo00086_09-15-2021,,,,manifests/us-id-tax-forms.yaml,EXTRACT-MANIFEST
us-id/form/tax_forms/tax.idaho.gov/wp-content/uploads/forms/efo00086/efo00086_12-30-2022,us-id,income_tax,full screener,1,EFO00086_12-30-2022,,us-id/form/tax_forms/tax.idaho.gov/wp-content/uploads/forms/efo00086/efo00086_12-30-2022,,,,manifests/us-id-tax-forms.yaml,EXTRACT-MANIFEST
us-id/form/tax_forms/tax.idaho.gov/wp-content/uploads/forms/efo00088/efo00088_03-01-2023,us-id,income_tax,full screener,1,EFO00088_03-01-2023,,us-id/form/tax_forms/tax.idaho.gov/wp-content/uploads/forms/efo00088/efo00088_03-01-2023,,,,manifests/us-id-tax-forms.yaml,EXTRACT-MANIFEST
us-id/form/tax_forms/tax.idaho.gov/wp-content/uploads/forms/efo00088/efo00088_08-22-2024,us-id,income_tax,full screener,1,EFO00088_08-22-2024,,us-id/form/tax_forms/tax.idaho.gov/wp-content/uploads/forms/efo00088/efo00088_08-22-2024,,,,manifests/us-id-tax-forms.yaml,EXTRACT-MANIFEST
us-id/form/tax_forms/tax.idaho.gov/wp-content/uploads/forms/efo00088/efo00088_09-07-2023,us-id,income_tax,full screener,1,EFO00088_09-07-2023,,us-id/form/tax_forms/tax.idaho.gov/wp-content/uploads/forms/efo00088/efo00088_09-07-2023,,,,manifests/us-id-tax-forms.yaml,EXTRACT-MANIFEST
us-id/form/tax_forms/tax.idaho.gov/wp-content/uploads/forms/efo00088/efo00088_09-23-2021,us-id,income_tax,full screener,1,EFO00088_09-23-2021,,us-id/form/tax_forms/tax.idaho.gov/wp-content/uploads/forms/efo00088/efo00088_09-23-2021,,,,manifests/us-id-tax-forms.yaml,EXTRACT-MANIFEST
us-id/form/tax_forms/tax.idaho.gov/wp-content/uploads/forms/efo00088/efo00088_12-30-2022,us-id,income_tax,full screener,1,EFO00088_12-30-2022,,us-id/form/tax_forms/tax.idaho.gov/wp-content/uploads/forms/efo00088/efo00088_12-30-2022,,,,manifests/us-id-tax-forms.yaml,EXTRACT-MANIFEST
us-id/form/tax_forms/tax.idaho.gov/wp-content/uploads/forms/efo00089/efo00089_08-23-2023,us-id,ctc income_tax,full screener,1,EFO00089_08-23-2023,,us-id/form/tax_forms/tax.idaho.gov/wp-content/uploads/forms/efo00089/efo00089_08-23-2023,,,,manifests/us-id-tax-forms.yaml,EXTRACT-MANIFEST
us-id/form/tax_forms/tax.idaho.gov/wp-content/uploads/forms/efo00089/efo00089_09-23-2021,us-id,income_tax,full screener,1,EFO00089_09-23-2021,,us-id/form/tax_forms/tax.idaho.gov/wp-content/uploads/forms/efo00089/efo00089_09-23-2021,,,,manifests/us-id-tax-forms.yaml,EXTRACT-MANIFEST
us-id/form/tax_forms/tax.idaho.gov/wp-content/uploads/forms/efo00089/efo00089_12-30-2022,us-id,ctc income_tax,full screener,1,EFO00089_12-30-2022,,us-id/form/tax_forms/tax.idaho.gov/wp-content/uploads/forms/efo00089/efo00089_12-30-2022,,,,manifests/us-id-tax-forms.yaml,EXTRACT-MANIFEST
us-id/form/tax_forms/tax.idaho.gov/wp-content/uploads/forms/efo00093/efo00093_05-19-2022,us-id,income_tax,full screener,1,EFO00093_05-19-2022,,us-id/form/tax_forms/tax.idaho.gov/wp-content/uploads/forms/efo00093/efo00093_05-19-2022,,,,manifests/us-id-tax-forms.yaml,EXTRACT-MANIFEST
us-id/form/tax_forms/tax.idaho.gov/wp-content/uploads/forms/efo00093/efo00093_08-23-2023,us-id,income_tax,full screener,1,EFO00093_08-23-2023,,us-id/form/tax_forms/tax.idaho.gov/wp-content/uploads/forms/efo00093/efo00093_08-23-2023,,,,manifests/us-id-tax-forms.yaml,EXTRACT-MANIFEST
us-id/form/tax_forms/tax.idaho.gov/wp-content/uploads/forms/efo00093/efo00093_09-15-2021,us-id,income_tax,full screener,1,EFO00093_09-15-2021,,us-id/form/tax_forms/tax.idaho.gov/wp-content/uploads/forms/efo00093/efo00093_09-15-2021,,,,manifests/us-id-tax-forms.yaml,EXTRACT-MANIFEST
us-id/form/tax_forms/tax.idaho.gov/wp-content/uploads/forms/efo00093/efo00093_09-17-2024,us-id,income_tax,full screener,1,EFO00093_09-17-2024,,us-id/form/tax_forms/tax.idaho.gov/wp-content/uploads/forms/efo00093/efo00093_09-17-2024,,,,manifests/us-id-tax-forms.yaml,EXTRACT-MANIFEST
us-id/form/tax_forms/tax.idaho.gov/wp-content/uploads/forms/ein00046/ein00046_03-01-2023,us-id,income_tax,full screener,1,EIN00046_03-01-2023,,us-id/form/tax_forms/tax.idaho.gov/wp-content/uploads/forms/ein00046/ein00046_03-01-2023,,,,manifests/us-id-tax-forms.yaml,EXTRACT-MANIFEST
us-id/form/tax_forms/tax.idaho.gov/wp-content/uploads/forms/ein00046/ein00046_10-23-2024,us-id,ctc income_tax,full screener,1,EIN00046_10-23-2024,,us-id/form/tax_forms/tax.idaho.gov/wp-content/uploads/forms/ein00046/ein00046_10-23-2024,,,,manifests/us-id-tax-forms.yaml,EXTRACT-MANIFEST
us-id/form/tax_forms/tax.idaho.gov/wp-content/uploads/forms/ein00046/ein00046_11-06-2023,us-id,income_tax,full screener,1,EIN00046_11-06-2023,,us-id/form/tax_forms/tax.idaho.gov/wp-content/uploads/forms/ein00046/ein00046_11-06-2023,,,,manifests/us-id-tax-forms.yaml,EXTRACT-MANIFEST
us-id/form/tax_forms/tax.idaho.gov/wp-content/uploads/forms/ein00046/ein00046_11-15-2021,us-id,income_tax,full screener,1,EIN00046_11-15-2021,,us-id/form/tax_forms/tax.idaho.gov/wp-content/uploads/forms/ein00046/ein00046_11-15-2021,,,,manifests/us-id-tax-forms.yaml,EXTRACT-MANIFEST
https://legislature.idaho.gov/sessioninfo/2022extra1/legislation/H0001/,us-id,income_tax,full screener,1,legislature.idaho.gov/sessioninfo/2022extra1/legislation/H0001/,https://legislature.idaho.gov/sessioninfo/2022extra1/legislation/H0001/,,official,200,https://legislature.idaho.gov/sessioninfo/2022extra1/legislation/H0001/,,FETCH
https://legislature.idaho.gov/sessioninfo/2025/legislation/H0040/,us-id,income_tax,full screener,1,legislature.idaho.gov/sessioninfo/2025/legislation/H0040/,https://legislature.idaho.gov/sessioninfo/2025/legislation/H0040/,,official,200,https://legislature.idaho.gov/sessioninfo/2025/legislation/H0040/,,FETCH
https://legislature.idaho.gov/sessioninfo/2025/legislation/h0231/,us-id,income_tax,full screener,1,legislature.idaho.gov/sessioninfo/2025/legislation/h0231/,https://legislature.idaho.gov/sessioninfo/2025/legislation/h0231/,,official,200,https://legislature.idaho.gov/sessioninfo/2025/legislation/h0231/,,FETCH
https://legislature.idaho.gov/sessioninfo/2026/legislation/H0559/,us-id,income_tax,full screener,1,legislature.idaho.gov/sessioninfo/2026/legislation/H0559/,https://legislature.idaho.gov/sessioninfo/2026/legislation/H0559/,,official,200,https://legislature.idaho.gov/sessioninfo/2026/legislation/H0559/,,FETCH
https://legislature.idaho.gov/statutesrules/idstat/Title63/T63CH30/SECT63-3004/,us-id,income_tax,full screener,1,legislature.idaho.gov/statutesrules/idstat/Title63/T63CH30/SECT63-3004/,https://legislature.idaho.gov/statutesrules/idstat/Title63/T63CH30/SECT63-3004/,,official,200,https://legislature.idaho.gov/statutesrules/idstat/Title63/T63CH30/SECT63-3004/,,FETCH
https://legislature.idaho.gov/statutesrules/idstat/Title63/T63CH30/SECT63-3022/,us-id,income_tax,full screener,1,legislature.idaho.gov/statutesrules/idstat/Title63/T63CH30/SECT63-3022/,https://legislature.idaho.gov/statutesrules/idstat/Title63/T63CH30/SECT63-3022/,,official,200,https://legislature.idaho.gov/statutesrules/idstat/Title63/T63CH30/SECT63-3022/,,FETCH
https://legislature.idaho.gov/statutesrules/idstat/Title63/T63CH30/SECT63-3029L/,us-id,ctc income_tax,full screener,1,legislature.idaho.gov/statutesrules/idstat/Title63/T63CH30/SECT63-3029L/,https://legislature.idaho.gov/statutesrules/idstat/Title63/T63CH30/SECT63-3029L/,,official,200,https://legislature.idaho.gov/statutesrules/idstat/Title63/T63CH30/SECT63-3029L/,,FETCH
https://legislature.idaho.gov/statutesrules/idstat/title63/t63ch30/sect63-3022a/,us-id,income_tax,full screener,1,legislature.idaho.gov/statutesrules/idstat/title63/t63ch30/sect63-3022a/,https://legislature.idaho.gov/statutesrules/idstat/title63/t63ch30/sect63-3022a/,,official,200,https://legislature.idaho.gov/statutesrules/idstat/title63/t63ch30/sect63-3022a/,,FETCH
https://legislature.idaho.gov/statutesrules/idstat/title63/t63ch30/sect63-3022d/,us-id,income_tax,full screener,1,legislature.idaho.gov/statutesrules/idstat/title63/t63ch30/sect63-3022d/,https://legislature.idaho.gov/statutesrules/idstat/title63/t63ch30/sect63-3022d/,,official,200,https://legislature.idaho.gov/statutesrules/idstat/title63/t63ch30/sect63-3022d/,,FETCH
https://legislature.idaho.gov/statutesrules/idstat/title63/t63ch30/sect63-3022e/,us-id,income_tax,full screener,1,legislature.idaho.gov/statutesrules/idstat/title63/t63ch30/sect63-3022e/,https://legislature.idaho.gov/statutesrules/idstat/title63/t63ch30/sect63-3022e/,,official,200,https://legislature.idaho.gov/statutesrules/idstat/title63/t63ch30/sect63-3022e/,,FETCH
https://legislature.idaho.gov/statutesrules/idstat/title63/t63ch30/sect63-3022h/,us-id,income_tax,full screener,1,legislature.idaho.gov/statutesrules/idstat/title63/t63ch30/sect63-3022h/,https://legislature.idaho.gov/statutesrules/idstat/title63/t63ch30/sect63-3022h/,,official,200,https://legislature.idaho.gov/statutesrules/idstat/title63/t63ch30/sect63-3022h/,,FETCH
https://legislature.idaho.gov/statutesrules/idstat/title63/t63ch30/sect63-3024/,us-id,income_tax,full screener,1,legislature.idaho.gov/statutesrules/idstat/title63/t63ch30/sect63-3024/,https://legislature.idaho.gov/statutesrules/idstat/title63/t63ch30/sect63-3024/,,official,200,https://legislature.idaho.gov/statutesrules/idstat/title63/t63ch30/sect63-3024/,,FETCH
https://legislature.idaho.gov/statutesrules/idstat/title63/t63ch30/sect63-3024b/,us-id,income_tax,full screener,1,legislature.idaho.gov/statutesrules/idstat/title63/t63ch30/sect63-3024b/,https://legislature.idaho.gov/statutesrules/idstat/title63/t63ch30/sect63-3024b/,,official,200,https://legislature.idaho.gov/statutesrules/idstat/title63/t63ch30/sect63-3024b/,,FETCH
https://legislature.idaho.gov/statutesrules/idstat/title63/t63ch30/sect63-3025d/,us-id,income_tax,full screener,1,legislature.idaho.gov/statutesrules/idstat/title63/t63ch30/sect63-3025d/,https://legislature.idaho.gov/statutesrules/idstat/title63/t63ch30/sect63-3025d/,,official,200,https://legislature.idaho.gov/statutesrules/idstat/title63/t63ch30/sect63-3025d/,,FETCH
https://legislature.idaho.gov/wp-content/uploads/sessioninfo/2024/legislation/H0521.pdf,us-id,income_tax,full screener,1,legislature.idaho.gov/wp-content/uploads/sessioninfo/2024/legislation/H0521.pdf,https://legislature.idaho.gov/wp-content/uploads/sessioninfo/2024/legislation/H0521.pdf,,official,200,https://legislature.idaho.gov/wp-content/uploads/sessioninfo/2024/legislation/H0521.pdf,,FETCH
https://legislature.idaho.gov/wp-content/uploads/sessioninfo/2025/legislation/H0040.pdf,us-id,income_tax,full screener,1,legislature.idaho.gov/wp-content/uploads/sessioninfo/2025/legislation/H0040.pdf,https://legislature.idaho.gov/wp-content/uploads/sessioninfo/2025/legislation/H0040.pdf,,official,200,https://legislature.idaho.gov/wp-content/uploads/sessioninfo/2025/legislation/H0040.pdf,,FETCH
https://legislature.idaho.gov/wp-content/uploads/sessioninfo/2025/legislation/H0231.pdf,us-id,income_tax,full screener,1,legislature.idaho.gov/wp-content/uploads/sessioninfo/2025/legislation/H0231.pdf,https://legislature.idaho.gov/wp-content/uploads/sessioninfo/2025/legislation/H0231.pdf,,official,200,https://legislature.idaho.gov/wp-content/uploads/sessioninfo/2025/legislation/H0231.pdf,,FETCH
https://tax.idaho.gov/governance/statutes/irc/,us-id,income_tax,full screener,1,tax.idaho.gov/governance/statutes/irc/,https://tax.idaho.gov/governance/statutes/irc/,,official,200,https://tax.idaho.gov/governance/statutes/irc/,,FETCH
https://tax.idaho.gov/pressrelease/update-on-filing-2025-idaho-income-taxes-now-that-conformity-is-law/,us-id,income_tax,full screener,1,tax.idaho.gov/pressrelease/update-on-filing-2025-idaho-income-taxes-now-that-conformity-is,https://tax.idaho.gov/pressrelease/update-on-filing-2025-idaho-income-taxes-now-that-conformity-is-law/,,official,200,https://tax.idaho.gov/pressrelease/update-on-filing-2025-idaho-income-taxes-now-that-conformity-is-law/,,FETCH
https://tax.idaho.gov/taxes/income-tax/individual-income/popular-credits-and-deductions/ideal-college-savings-program/,us-id,income_tax,full screener,1,tax.idaho.gov/taxes/income-tax/individual-income/popular-credits-and-deductions/ideal-coll,https://tax.idaho.gov/taxes/income-tax/individual-income/popular-credits-and-deductions/ideal-college-savings-program/,,official,200,https://tax.idaho.gov/taxes/income-tax/individual-income/popular-credits-and-deductions/ideal-college-savings-program/,,FETCH
https://www.cassia.gov/media/Assessor/Forms/Forms_Property/PTR_Tax%20Form-40.pdf,us-id,income_tax,full screener,1,cassia.gov/media/Assessor/Forms/Forms_Property/PTR_Tax%20Form-40.pdf,https://www.cassia.gov/media/Assessor/Forms/Forms_Property/PTR_Tax%20Form-40.pdf,,official,200,https://www.cassia.gov/media/Assessor/Forms/Forms_Property/PTR_Tax%20Form-40.pdf,,FETCH
https://www.idsaves.org/tax-benefits/,us-id,income_tax,full screener,1,idsaves.org/tax-benefits/,https://www.idsaves.org/tax-benefits/,,other,200,https://www.idsaves.org/tax-benefits/,,CHECK-PUBLISHER
https://law.justia.com/codes/idaho/2022/title-57/chapter-11/section-57-1110/,us-id,income_tax,full screener,1,law.justia.com/codes/idaho/2022/title-57/chapter-11/section-57-1110/,https://law.justia.com/codes/idaho/2022/title-57/chapter-11/section-57-1110/,,mirror,403,,,OFFICIAL-SOURCE
us-il/regulation/title-86/part-100,us-il,income_tax,full,0,86 Ill. Adm. Code Part 100: Income Tax (Department of Revenue),https://www.ilga.gov/ftp/JCAR/AdminCode/086/086001000sections.html,us-il/regulation/title-86/part-100,official,error:URLError,,manifests/us-il-income-tax-regulations.yaml,EXTRACT-MANIFEST
https://gov.illinois.gov/newsroom/press-release.25425.html,us-il,income_tax,full screener,1,gov.illinois.gov/newsroom/press-release.25425.html,https://gov.illinois.gov/newsroom/press-release.25425.html,,official,200,https://gov.illinois.gov/newsroom/press-release.25425.html,,FETCH
https://tax.illinois.gov/content/dam/soi/en/web/tax/forms/incometax/documents/2021/individual/il-1040-instr.pdf,us-il,income_tax,full screener,1,tax.illinois.gov/content/dam/soi/en/web/tax/forms/incometax/documents/2021/individual/il-1,https://tax.illinois.gov/content/dam/soi/en/web/tax/forms/incometax/documents/2021/individual/il-1040-instr.pdf,,official,200,https://tax.illinois.gov/content/dam/soi/en/web/tax/forms/incometax/documents/2021/individual/il-1040-instr.pdf,,FETCH
https://tax.illinois.gov/content/dam/soi/en/web/tax/forms/incometax/documents/2022/individual/il-1040-instr.pdf,us-il,income_tax,full screener,1,tax.illinois.gov/content/dam/soi/en/web/tax/forms/incometax/documents/2022/individual/il-1,https://tax.illinois.gov/content/dam/soi/en/web/tax/forms/incometax/documents/2022/individual/il-1040-instr.pdf,,official,200,https://tax.illinois.gov/content/dam/soi/en/web/tax/forms/incometax/documents/2022/individual/il-1040-instr.pdf,,FETCH
https://tax.illinois.gov/content/dam/soi/en/web/tax/forms/incometax/documents/2023/individual/il-1040-instr.pdf,us-il,income_tax,full screener,1,tax.illinois.gov/content/dam/soi/en/web/tax/forms/incometax/documents/2023/individual/il-1,https://tax.illinois.gov/content/dam/soi/en/web/tax/forms/incometax/documents/2023/individual/il-1040-instr.pdf,,official,200,https://tax.illinois.gov/content/dam/soi/en/web/tax/forms/incometax/documents/2023/individual/il-1040-instr.pdf,,FETCH
https://tax.illinois.gov/content/dam/soi/en/web/tax/forms/incometax/documents/2024/individual/il-1040-instr.pdf,us-il,income_tax,full screener,1,tax.illinois.gov/content/dam/soi/en/web/tax/forms/incometax/documents/2024/individual/il-1,https://tax.illinois.gov/content/dam/soi/en/web/tax/forms/incometax/documents/2024/individual/il-1040-instr.pdf,,official,200,https://tax.illinois.gov/content/dam/soi/en/web/tax/forms/incometax/documents/2024/individual/il-1040-instr.pdf,,FETCH
https://tax.illinois.gov/content/dam/soi/en/web/tax/forms/incometax/documents/currentyear/individual/il-1040-schedule-icr.pdf,us-il,income_tax,full screener,1,tax.illinois.gov/content/dam/soi/en/web/tax/forms/incometax/documents/currentyear/individu,https://tax.illinois.gov/content/dam/soi/en/web/tax/forms/incometax/documents/currentyear/individual/il-1040-schedule-icr.pdf,,official,200,https://tax.illinois.gov/content/dam/soi/en/web/tax/forms/incometax/documents/currentyear/individual/il-1040-schedule-icr.pdf,,FETCH
https://tax.illinois.gov/content/dam/soi/en/web/tax/forms/incometax/documents/currentyear/individual/il-1040-schedule-il-e-eic.pdf,us-il,ctc eitc income_tax,full screener,1,tax.illinois.gov/content/dam/soi/en/web/tax/forms/incometax/documents/currentyear/individu,https://tax.illinois.gov/content/dam/soi/en/web/tax/forms/incometax/documents/currentyear/individual/il-1040-schedule-il-e-eic.pdf,,official,200,https://tax.illinois.gov/content/dam/soi/en/web/tax/forms/incometax/documents/currentyear/individual/il-1040-schedule-il-e-eic.pdf,,FETCH
https://tax.illinois.gov/content/dam/soi/en/web/tax/research/publications/pubs/documents/pub-120.pdf,us-il,income_tax,full screener,1,tax.illinois.gov/content/dam/soi/en/web/tax/research/publications/pubs/documents/pub-120.p,https://tax.illinois.gov/content/dam/soi/en/web/tax/research/publications/pubs/documents/pub-120.pdf,,official,200,https://tax.illinois.gov/content/dam/soi/en/web/tax/research/publications/pubs/documents/pub-120.pdf,,FETCH
https://tax.illinois.gov/programs/eitc.html,us-il,eitc income_tax,full screener,1,tax.illinois.gov/programs/eitc.html,https://tax.illinois.gov/programs/eitc.html,,official,200,https://tax.illinois.gov/programs/eitc.html,,FETCH
https://tax.illinois.gov/questionsandanswers/answer.206.html,us-il,income_tax,full screener,1,tax.illinois.gov/questionsandanswers/answer.206.html,https://tax.illinois.gov/questionsandanswers/answer.206.html,,official,200,https://tax.illinois.gov/questionsandanswers/answer.206.html,,FETCH
https://tax.illinois.gov/research/taxrates/income.html,us-il,income_tax,full screener,1,tax.illinois.gov/research/taxrates/income.html,https://tax.illinois.gov/research/taxrates/income.html,,official,200,https://tax.illinois.gov/research/taxrates/income.html,,FETCH
https://taxarchive.illinois.gov/content/dam/soi/en/web/taxarchive/forms/income-tax/2019/individual/il-1040-schedule-m.pdf,us-il,income_tax,full screener,1,taxarchive.illinois.gov/content/dam/soi/en/web/taxarchive/forms/income-tax/2019/individual,https://taxarchive.illinois.gov/content/dam/soi/en/web/taxarchive/forms/income-tax/2019/individual/il-1040-schedule-m.pdf,,official,200,https://taxarchive.illinois.gov/content/dam/soi/en/web/taxarchive/forms/income-tax/2019/individual/il-1040-schedule-m.pdf,,FETCH
https://taxarchive.illinois.gov/content/dam/soi/en/web/taxarchive/forms/income-tax/2021/individual/il-1040-schedule-icr.pdf,us-il,income_tax,full screener,1,taxarchive.illinois.gov/content/dam/soi/en/web/taxarchive/forms/income-tax/2021/individual,https://taxarchive.illinois.gov/content/dam/soi/en/web/taxarchive/forms/income-tax/2021/individual/il-1040-schedule-icr.pdf,,official,200,https://taxarchive.illinois.gov/content/dam/soi/en/web/taxarchive/forms/income-tax/2021/individual/il-1040-schedule-icr.pdf,,FETCH
https://taxarchive.illinois.gov/content/dam/soi/en/web/taxarchive/forms/income-tax/2021/individual/il-1040-schedule-il-e-eic.pdf,us-il,eitc income_tax,full screener,1,taxarchive.illinois.gov/content/dam/soi/en/web/taxarchive/forms/income-tax/2021/individual,https://taxarchive.illinois.gov/content/dam/soi/en/web/taxarchive/forms/income-tax/2021/individual/il-1040-schedule-il-e-eic.pdf,,official,200,https://taxarchive.illinois.gov/content/dam/soi/en/web/taxarchive/forms/income-tax/2021/individual/il-1040-schedule-il-e-eic.pdf,,FETCH
https://taxarchive.illinois.gov/content/dam/soi/en/web/taxarchive/forms/income-tax/2021/individual/il-1040.pdf,us-il,income_tax,full screener,1,taxarchive.illinois.gov/content/dam/soi/en/web/taxarchive/forms/income-tax/2021/individual,https://taxarchive.illinois.gov/content/dam/soi/en/web/taxarchive/forms/income-tax/2021/individual/il-1040.pdf,,official,200,https://taxarchive.illinois.gov/content/dam/soi/en/web/taxarchive/forms/income-tax/2021/individual/il-1040.pdf,,FETCH
https://taxarchive.illinois.gov/content/dam/soi/en/web/taxarchive/forms/income-tax/2022/individual/il-1040-schedule-icr.pdf,us-il,income_tax,full screener,1,taxarchive.illinois.gov/content/dam/soi/en/web/taxarchive/forms/income-tax/2022/individual,https://taxarchive.illinois.gov/content/dam/soi/en/web/taxarchive/forms/income-tax/2022/individual/il-1040-schedule-icr.pdf,,official,200,https://taxarchive.illinois.gov/content/dam/soi/en/web/taxarchive/forms/income-tax/2022/individual/il-1040-schedule-icr.pdf,,FETCH
https://taxarchive.illinois.gov/content/dam/soi/en/web/taxarchive/forms/income-tax/2022/individual/il-1040-schedule-il-e-eic.pdf,us-il,eitc income_tax,full screener,1,taxarchive.illinois.gov/content/dam/soi/en/web/taxarchive/forms/income-tax/2022/individual,https://taxarchive.illinois.gov/content/dam/soi/en/web/taxarchive/forms/income-tax/2022/individual/il-1040-schedule-il-e-eic.pdf,,official,200,https://taxarchive.illinois.gov/content/dam/soi/en/web/taxarchive/forms/income-tax/2022/individual/il-1040-schedule-il-e-eic.pdf,,FETCH
https://taxarchive.illinois.gov/content/dam/soi/en/web/taxarchive/forms/income-tax/2022/individual/il-1040.pdf,us-il,income_tax,full screener,1,taxarchive.illinois.gov/content/dam/soi/en/web/taxarchive/forms/income-tax/2022/individual,https://taxarchive.illinois.gov/content/dam/soi/en/web/taxarchive/forms/income-tax/2022/individual/il-1040.pdf,,official,200,https://taxarchive.illinois.gov/content/dam/soi/en/web/taxarchive/forms/income-tax/2022/individual/il-1040.pdf,,FETCH
https://taxarchive.illinois.gov/content/dam/soi/en/web/taxarchive/forms/income-tax/2023/individual/il-1040-schedule-icr.pdf,us-il,income_tax,full screener,1,taxarchive.illinois.gov/content/dam/soi/en/web/taxarchive/forms/income-tax/2023/individual,https://taxarchive.illinois.gov/content/dam/soi/en/web/taxarchive/forms/income-tax/2023/individual/il-1040-schedule-icr.pdf,,official,200,https://taxarchive.illinois.gov/content/dam/soi/en/web/taxarchive/forms/income-tax/2023/individual/il-1040-schedule-icr.pdf,,FETCH
https://taxarchive.illinois.gov/content/dam/soi/en/web/taxarchive/forms/income-tax/2023/individual/il-1040-schedule-il-e-eic.pdf,us-il,eitc income_tax,full screener,1,taxarchive.illinois.gov/content/dam/soi/en/web/taxarchive/forms/income-tax/2023/individual,https://taxarchive.illinois.gov/content/dam/soi/en/web/taxarchive/forms/income-tax/2023/individual/il-1040-schedule-il-e-eic.pdf,,official,200,https://taxarchive.illinois.gov/content/dam/soi/en/web/taxarchive/forms/income-tax/2023/individual/il-1040-schedule-il-e-eic.pdf,,FETCH
https://taxarchive.illinois.gov/content/dam/soi/en/web/taxarchive/forms/income-tax/2023/individual/il-1040.pdf,us-il,income_tax,full screener,1,taxarchive.illinois.gov/content/dam/soi/en/web/taxarchive/forms/income-tax/2023/individual,https://taxarchive.illinois.gov/content/dam/soi/en/web/taxarchive/forms/income-tax/2023/individual/il-1040.pdf,,official,200,https://taxarchive.illinois.gov/content/dam/soi/en/web/taxarchive/forms/income-tax/2023/individual/il-1040.pdf,,FETCH
https://taxarchive.illinois.gov/content/dam/soi/en/web/taxarchive/forms/income-tax/2024/individual/il-1040-schedule-icr.pdf,us-il,income_tax,full screener,1,taxarchive.illinois.gov/content/dam/soi/en/web/taxarchive/forms/income-tax/2024/individual,https://taxarchive.illinois.gov/content/dam/soi/en/web/taxarchive/forms/income-tax/2024/individual/il-1040-schedule-icr.pdf,,official,200,https://taxarchive.illinois.gov/content/dam/soi/en/web/taxarchive/forms/income-tax/2024/individual/il-1040-schedule-icr.pdf,,FETCH
https://taxarchive.illinois.gov/content/dam/soi/en/web/taxarchive/forms/income-tax/2024/individual/il-1040-schedule-il-e-eic.pdf,us-il,ctc eitc income_tax,full screener,1,taxarchive.illinois.gov/content/dam/soi/en/web/taxarchive/forms/income-tax/2024/individual,https://taxarchive.illinois.gov/content/dam/soi/en/web/taxarchive/forms/income-tax/2024/individual/il-1040-schedule-il-e-eic.pdf,,official,200,https://taxarchive.illinois.gov/content/dam/soi/en/web/taxarchive/forms/income-tax/2024/individual/il-1040-schedule-il-e-eic.pdf,,FETCH
https://taxarchive.illinois.gov/content/dam/soi/en/web/taxarchive/forms/income-tax/2024/individual/il-1040.pdf,us-il,income_tax,full screener,1,taxarchive.illinois.gov/content/dam/soi/en/web/taxarchive/forms/income-tax/2024/individual,https://taxarchive.illinois.gov/content/dam/soi/en/web/taxarchive/forms/income-tax/2024/individual/il-1040.pdf,,official,200,https://taxarchive.illinois.gov/content/dam/soi/en/web/taxarchive/forms/income-tax/2024/individual/il-1040.pdf,,FETCH
https://www.illinois.gov/news/release.html?releaseid=25425,us-il,income_tax,full screener,1,illinois.gov/news/release.html,https://www.illinois.gov/news/release.html?releaseid=25425,,official,200,https://www.illinois.gov/news/release.html?releaseid=25425,,FETCH
https://brightstart.com/account/illinois-taxpayer-guide/,us-il,income_tax,full screener,1,brightstart.com/account/illinois-taxpayer-guide/,https://brightstart.com/account/illinois-taxpayer-guide/,,other,200,https://brightstart.com/account/illinois-taxpayer-guide/,,CHECK-PUBLISHER
https://ilga.gov/documents/legislation/publicacts/102/102-0700.htm,us-il,income_tax,full screener,1,ilga.gov/documents/legislation/publicacts/102/102-0700.htm,https://ilga.gov/documents/legislation/publicacts/102/102-0700.htm,,official,error:URLError,,,DEAD-LINK
https://witnessslips.ilga.gov/legislation/ilcs/ilcs5.asp?ActID=577&ChapterID=8,us-il,income_tax,full screener,1,witnessslips.ilga.gov/legislation/ilcs/ilcs5.asp,https://witnessslips.ilga.gov/legislation/ilcs/ilcs5.asp?ActID=577&ChapterID=8,,official,error:URLError,,,DEAD-LINK
https://www.ilga.gov/Documents/legislation/103/HB/10300HB4917.htm,us-il,income_tax,full screener,1,ilga.gov/Documents/legislation/103/HB/10300HB4917.htm,https://www.ilga.gov/Documents/legislation/103/HB/10300HB4917.htm,,official,error:URLError,,,DEAD-LINK
https://www.ilga.gov/Documents/legislation/ilcs/documents/003500050K244.htm,us-il,ctc income_tax,full screener,1,ilga.gov/Documents/legislation/ilcs/documents/003500050K244.htm,https://www.ilga.gov/Documents/legislation/ilcs/documents/003500050K244.htm,,official,error:URLError,,,DEAD-LINK
https://www.ilga.gov/Documents/legislation/publicacts/102/PDF/102-0700.pdf,us-il,income_tax,full screener,1,ilga.gov/Documents/legislation/publicacts/102/PDF/102-0700.pdf,https://www.ilga.gov/Documents/legislation/publicacts/102/PDF/102-0700.pdf,,official,error:URLError,,,DEAD-LINK
https://www.ilga.gov/Legislation/ILCS/fulltext.asp?DocName=003500050K212&SeqStart=15400000&SeqEnd=16000000,us-il,eitc income_tax,full screener,1,ilga.gov/Legislation/ILCS/fulltext.asp,https://www.ilga.gov/Legislation/ILCS/fulltext.asp?DocName=003500050K212&SeqStart=15400000&SeqEnd=16000000,,official,error:URLError,,,DEAD-LINK
https://www.ilga.gov/Legislation/PublicActs/Fulltext.asp?Name=102-0700&GA=102,us-il,eitc income_tax,full screener,1,ilga.gov/Legislation/PublicActs/Fulltext.asp,https://www.ilga.gov/Legislation/PublicActs/Fulltext.asp?Name=102-0700&GA=102,,official,error:URLError,,,DEAD-LINK
https://www.ilga.gov/documents/legislation/ilcs/documents/003500050K208.htm,us-il,income_tax,full screener,1,ilga.gov/documents/legislation/ilcs/documents/003500050K208.htm,https://www.ilga.gov/documents/legislation/ilcs/documents/003500050K208.htm,,official,error:URLError,,,DEAD-LINK
https://www.ilga.gov/legislation/ilcs/fulltext.asp?DocName=003500050K212,us-il,income_tax,full screener,1,ilga.gov/legislation/ilcs/fulltext.asp,https://www.ilga.gov/legislation/ilcs/fulltext.asp?DocName=003500050K212,,official,error:URLError,,,DEAD-LINK
https://www.ilga.gov/legislation/ilcs/ilcs5.asp?ActID=577&ChapterID=8,us-il,income_tax,full screener,1,ilga.gov/legislation/ilcs/ilcs5.asp,https://www.ilga.gov/legislation/ilcs/ilcs5.asp?ActID=577&ChapterID=8,,official,error:URLError,,,DEAD-LINK
http://iga.in.gov/legislative/laws/2021/ic/titles/006,us-in,income_tax,full screener,1,iga.in.gov/legislative/laws/2021/ic/titles/006,http://iga.in.gov/legislative/laws/2021/ic/titles/006,,official,200,https://iga.in.gov/legislative/laws/2021/ic/titles/006,,FETCH
http://iga.in.gov/legislative/laws/2021/ic/titles/6,us-in,income_tax,full screener,1,iga.in.gov/legislative/laws/2021/ic/titles/6,http://iga.in.gov/legislative/laws/2021/ic/titles/6,,official,200,https://iga.in.gov/legislative/laws/2021/ic/titles/6,,FETCH
https://iga.in.gov/laws/2021/ic/titles/6,us-in,eitc income_tax,full screener,1,iga.in.gov/laws/2021/ic/titles/6,https://iga.in.gov/laws/2021/ic/titles/6,,official,200,https://iga.in.gov/laws/2021/ic/titles/6,,FETCH
https://iga.in.gov/laws/2022/ic/titles/6,us-in,income_tax,full screener,1,iga.in.gov/laws/2022/ic/titles/6,https://iga.in.gov/laws/2022/ic/titles/6,,official,200,https://iga.in.gov/laws/2022/ic/titles/6,,FETCH
https://iga.in.gov/laws/2024/ic/titles/6,us-in,eitc income_tax,full screener,1,iga.in.gov/laws/2024/ic/titles/6,https://iga.in.gov/laws/2024/ic/titles/6,,official,200,https://iga.in.gov/laws/2024/ic/titles/6,,FETCH
https://iga.in.gov/legislative/2025/bills/senate/243,us-in,eitc income_tax,full screener,1,iga.in.gov/legislative/2025/bills/senate/243,https://iga.in.gov/legislative/2025/bills/senate/243,,official,200,https://iga.in.gov/legislative/2025/bills/senate/243,,FETCH
https://iga.in.gov/legislative/2026/bills/senate/243,us-in,income_tax,full screener,1,iga.in.gov/legislative/2026/bills/senate/243,https://iga.in.gov/legislative/2026/bills/senate/243,,official,200,https://iga.in.gov/legislative/2026/bills/senate/243,,FETCH
https://iga.in.gov/pdf-documents/124/2026/senate/bills/SB0243/SB0243.05.ENRH.pdf,us-in,income_tax,full screener,1,iga.in.gov/pdf-documents/124/2026/senate/bills/SB0243/SB0243.05.ENRH.pdf,https://iga.in.gov/pdf-documents/124/2026/senate/bills/SB0243/SB0243.05.ENRH.pdf,,official,200,https://iga.in.gov/pdf-documents/124/2026/senate/bills/SB0243/SB0243.05.ENRH.pdf,,FETCH
https://www.in.gov/dor/files/ib117.pdf,us-in,income_tax,full screener,1,in.gov/dor/files/ib117.pdf,https://www.in.gov/dor/files/ib117.pdf,,official,200,https://www.in.gov/dor/files/ib117.pdf,,FETCH
https://www.in.gov/dor/files/ib98.pdf,us-in,income_tax,full screener,1,in.gov/dor/files/ib98.pdf,https://www.in.gov/dor/files/ib98.pdf,,official,200,https://www.in.gov/dor/files/ib98.pdf,,FETCH
https://www.in.gov/dor/tax-forms/individual/individual-prior-year/2023-individual-tax-forms/,us-in,income_tax,full screener,1,in.gov/dor/tax-forms/individual/individual-prior-year/2023-individual-tax-forms/,https://www.in.gov/dor/tax-forms/individual/individual-prior-year/2023-individual-tax-forms/,,official,200,https://www.in.gov/dor/tax-forms/individual/individual-prior-year/2023-individual-tax-forms/,,FETCH
https://law.justia.com/codes/indiana/2022/title-4/article-10/chapter-22/,us-in,income_tax,full screener,1,law.justia.com/codes/indiana/2022/title-4/article-10/chapter-22/,https://law.justia.com/codes/indiana/2022/title-4/article-10/chapter-22/,,mirror,403,,,OFFICIAL-SOURCE
https://law.justia.com/codes/indiana/2022/title-4/article-10/chapter-22/section-4-10-22-2/,us-in,income_tax,full screener,1,law.justia.com/codes/indiana/2022/title-4/article-10/chapter-22/section-4-10-22-2/,https://law.justia.com/codes/indiana/2022/title-4/article-10/chapter-22/section-4-10-22-2/,,mirror,403,,,OFFICIAL-SOURCE
https://law.justia.com/codes/indiana/2022/title-4/article-10/chapter-22/section-4-10-22-4/,us-in,income_tax,full screener,1,law.justia.com/codes/indiana/2022/title-4/article-10/chapter-22/section-4-10-22-4/,https://law.justia.com/codes/indiana/2022/title-4/article-10/chapter-22/section-4-10-22-4/,,mirror,403,,,OFFICIAL-SOURCE
https://law.justia.com/codes/indiana/title-6/article-3/chapter-1/section-6-3-1-3-5/,us-in,income_tax,full screener,1,law.justia.com/codes/indiana/title-6/article-3/chapter-1/section-6-3-1-3-5/,https://law.justia.com/codes/indiana/title-6/article-3/chapter-1/section-6-3-1-3-5/,,mirror,403,,,OFFICIAL-SOURCE
us-ks/guidance/revenue/notice-24-08,us-ks,income_tax,full screener,1,Notice 24-08 Changes to Individual Income Tax,,us-ks/guidance/revenue/notice-24-08,,,,manifests/us-ks-revenue-guidance.yaml,EXTRACT-MANIFEST
us-ks/guidance/revenue/notice-24-09,us-ks,income_tax,full screener,1,Notice 24-09 Child and Dependent Care Expenses Credit,,us-ks/guidance/revenue/notice-24-09,,,,manifests/us-ks-revenue-guidance.yaml,EXTRACT-MANIFEST
https://kslegislature.gov/b2023_24/laws/079_000_0000_chapter/079_032_0000_article/079_032_0205_section/079_032_0205_k/,us-ks,eitc income_tax,full screener,1,kslegislature.gov/b2023_24/laws/079_000_0000_chapter/079_032_0000_article/079_032_0205_sec,https://kslegislature.gov/b2023_24/laws/079_000_0000_chapter/079_032_0000_article/079_032_0205_section/079_032_0205_k/,,official,200,https://kslegislature.gov/b2023_24/laws/079_000_0000_chapter/079_032_0000_article/079_032_0205_section/079_032_0205_k/,,FETCH
https://kslegislature.gov/b2023_24/laws/079_000_0000_chapter/079_032_0000_article/079_032_0271_section/079_032_0271_k/,us-ks,income_tax,full screener,1,kslegislature.gov/b2023_24/laws/079_000_0000_chapter/079_032_0000_article/079_032_0271_sec,https://kslegislature.gov/b2023_24/laws/079_000_0000_chapter/079_032_0000_article/079_032_0271_section/079_032_0271_k/,,official,200,https://kslegislature.gov/b2023_24/laws/079_000_0000_chapter/079_032_0000_article/079_032_0271_section/079_032_0271_k/,,FETCH
https://kslegislature.gov/li/b2025_26/measures/documents/hb2231_01_0000.pdf?,us-ks,income_tax,full screener,1,kslegislature.gov/li/b2025_26/measures/documents/hb2231_01_0000.pdf,https://kslegislature.gov/li/b2025_26/measures/documents/hb2231_01_0000.pdf?,,official,200,https://kslegislature.gov/b2025_26/bills/download/?apn=b2025_26/year1/ready_for_publication/hb_2231/hb2231_01_0000.pdf,,FETCH
https://kslegislature.gov/li_2022/b2021_22/measures/hb2106/,us-ks,income_tax,full screener,1,kslegislature.gov/li_2022/b2021_22/measures/hb2106/,https://kslegislature.gov/li_2022/b2021_22/measures/hb2106/,,official,200,https://kslegislature.gov/li_2022/b2021_22/measures/hb2106/,,FETCH
https://kslegislature.gov/li_2022/b2021_22/statute/079_000_0000_chapter/079_032_0000_article/079_032_0110_section/079_032_0110_k/,us-ks,income_tax,full screener,1,kslegislature.gov/li_2022/b2021_22/statute/079_000_0000_chapter/079_032_0000_article/079_0,https://kslegislature.gov/li_2022/b2021_22/statute/079_000_0000_chapter/079_032_0000_article/079_032_0110_section/079_032_0110_k/,,official,200,https://kslegislature.gov/li_2022/b2021_22/statute/079_000_0000_chapter/079_032_0000_article/079_032_0110_section/079_032_0110_k/,,FETCH
https://kslegislature.gov/li_2022/b2021_22/statute/079_000_0000_chapter/079_032_0000_article/079_032_0111c_section/079_032_0111c_k/,us-ks,income_tax,full screener,1,kslegislature.gov/li_2022/b2021_22/statute/079_000_0000_chapter/079_032_0000_article/079_0,https://kslegislature.gov/li_2022/b2021_22/statute/079_000_0000_chapter/079_032_0000_article/079_032_0111c_section/079_032_0111c_k/,,official,200,https://kslegislature.gov/li_2022/b2021_22/statute/079_000_0000_chapter/079_032_0000_article/079_032_0111c_section/079_032_0111c_k/,,FETCH
https://kslegislature.gov/li_2022/b2021_22/statute/079_000_0000_chapter/079_032_0000_article/079_032_0119_section/079_032_0119_k/,us-ks,income_tax,full screener,1,kslegislature.gov/li_2022/b2021_22/statute/079_000_0000_chapter/079_032_0000_article/079_0,https://kslegislature.gov/li_2022/b2021_22/statute/079_000_0000_chapter/079_032_0000_article/079_032_0119_section/079_032_0119_k/,,official,200,https://kslegislature.gov/li_2022/b2021_22/statute/079_000_0000_chapter/079_032_0000_article/079_032_0119_section/079_032_0119_k/,,FETCH
https://ksrevisor.gov/statutes/chapters/ch79/079_032_0117.html,us-ks,income_tax,full screener,1,ksrevisor.gov/statutes/chapters/ch79/079_032_0117.html,https://ksrevisor.gov/statutes/chapters/ch79/079_032_0117.html,,official,200,https://ksrevisor.gov/statutes/chapters/ch79/079_032_0117.html,,FETCH
https://ksrevisor.gov/statutes/chapters/ch79/079_032_0121.html,us-ks,income_tax,full screener,1,ksrevisor.gov/statutes/chapters/ch79/079_032_0121.html,https://ksrevisor.gov/statutes/chapters/ch79/079_032_0121.html,,official,200,https://ksrevisor.gov/statutes/chapters/ch79/079_032_0121.html,,FETCH
https://www.kansasstatetreasurer.ks.gov/learn_quest.html,us-ks,income_tax,full screener,1,kansasstatetreasurer.ks.gov/learn_quest.html,https://www.kansasstatetreasurer.ks.gov/learn_quest.html,,official,200,https://www.kansasstatetreasurer.ks.gov/quest529.html,,FETCH
https://www.ksrevenue.gov/faqs-taxii.html,us-ks,income_tax,full screener,1,ksrevenue.gov/faqs-taxii.html,https://www.ksrevenue.gov/faqs-taxii.html,,official,200,https://www.ksrevenue.gov/faqs-taxii.html,,FETCH
https://www.ksrevenue.gov/pdf/ip21.pdf,us-ks,eitc income_tax,full screener,1,ksrevenue.gov/pdf/ip21.pdf,https://www.ksrevenue.gov/pdf/ip21.pdf,,official,200,https://www.ksrevenue.gov/pdf/ip21.pdf,,FETCH
https://www.ksrevenue.gov/pdf/ip22.pdf,us-ks,eitc income_tax,full screener,1,ksrevenue.gov/pdf/ip22.pdf,https://www.ksrevenue.gov/pdf/ip22.pdf,,official,200,https://www.ksrevenue.gov/pdf/ip22.pdf,,FETCH
https://www.ksrevenue.gov/pdf/ip23.pdf,us-ks,eitc income_tax,full screener,1,ksrevenue.gov/pdf/ip23.pdf,https://www.ksrevenue.gov/pdf/ip23.pdf,,official,200,https://www.ksrevenue.gov/pdf/ip23.pdf,,FETCH
https://www.ksrevenue.gov/pdf/ip24.pdf,us-ks,eitc income_tax,full screener,1,ksrevenue.gov/pdf/ip24.pdf,https://www.ksrevenue.gov/pdf/ip24.pdf,,official,200,https://www.ksrevenue.gov/pdf/ip24.pdf,,FETCH
https://www.ksrevenue.gov/pdf/k-4023.pdf,us-ks,income_tax,full screener,1,ksrevenue.gov/pdf/k-4023.pdf,https://www.ksrevenue.gov/pdf/k-4023.pdf,,official,200,https://www.ksrevenue.gov/pdf/k-4023.pdf,,FETCH
https://www.ksrevenue.gov/pdf/k-4024.pdf,us-ks,income_tax,full screener,1,ksrevenue.gov/pdf/k-4024.pdf,https://www.ksrevenue.gov/pdf/k-4024.pdf,,official,200,https://www.ksrevenue.gov/pdf/k-4024.pdf,,FETCH
http://www.kslegislature.org/li_2022/b2021_22/statute/079_000_0000_chapter/079_032_0000_article/079_032_0271_section/079_032_0271_k/,us-ks,income_tax,full screener,1,kslegislature.org/li_2022/b2021_22/statute/079_000_0000_chapter/079_032_0000_article/079_0,http://www.kslegislature.org/li_2022/b2021_22/statute/079_000_0000_chapter/079_032_0000_article/079_032_0271_section/079_032_0271_k/,,other,200,https://www.kslegislature.gov/li_2022/b2021_22/statute/079_000_0000_chapter/079_032_0000_article/079_032_0271_section/079_032_0271_k/,,CHECK-PUBLISHER
https://law.justia.com/codes/kansas/chapter-79/article-32/section-79-32-121/,us-ks,income_tax,full screener,1,law.justia.com/codes/kansas/chapter-79/article-32/section-79-32-121/,https://law.justia.com/codes/kansas/chapter-79/article-32/section-79-32-121/,,mirror,403,,,OFFICIAL-SOURCE
https://apps.legislature.ky.gov/record/25rs/hb1.html,us-ky,income_tax,full screener,1,apps.legislature.ky.gov/record/25rs/hb1.html,https://apps.legislature.ky.gov/record/25rs/hb1.html,,official,200,https://apps.legislature.ky.gov/record/25rs/hb1.html,,FETCH
https://apps.legislature.ky.gov/recorddocuments/bill/25RS/hb1/bill.pdf,us-ky,income_tax,full screener,1,apps.legislature.ky.gov/recorddocuments/bill/25RS/hb1/bill.pdf,https://apps.legislature.ky.gov/recorddocuments/bill/25RS/hb1/bill.pdf,,official,200,https://apps.legislature.ky.gov/recorddocuments/bill/25RS/hb1/bill.pdf,,FETCH
https://revenue.ky.gov/Forms/2001_42A740P.pdf,us-ky,income_tax,full screener,1,revenue.ky.gov/Forms/2001_42A740P.pdf,https://revenue.ky.gov/Forms/2001_42A740P.pdf,,official,200,https://revenue.ky.gov/Forms/2001_42A740P.pdf,,FETCH
https://revenue.ky.gov/Forms/2002_42A740P.pdf,us-ky,income_tax,full screener,1,revenue.ky.gov/Forms/2002_42A740P.pdf,https://revenue.ky.gov/Forms/2002_42A740P.pdf,,official,200,https://revenue.ky.gov/Forms/2002_42A740P.pdf,,FETCH
https://revenue.ky.gov/Forms/2003_42A740P.pdf,us-ky,income_tax,full screener,1,revenue.ky.gov/Forms/2003_42A740P.pdf,https://revenue.ky.gov/Forms/2003_42A740P.pdf,,official,200,https://revenue.ky.gov/Forms/2003_42A740P.pdf,,FETCH
https://revenue.ky.gov/Forms/2004_42A740P.pdf,us-ky,income_tax,full screener,1,revenue.ky.gov/Forms/2004_42A740P.pdf,https://revenue.ky.gov/Forms/2004_42A740P.pdf,,official,200,https://revenue.ky.gov/Forms/2004_42A740P.pdf,,FETCH
https://revenue.ky.gov/Forms/2005_42A740P.pdf,us-ky,income_tax,full screener,1,revenue.ky.gov/Forms/2005_42A740P.pdf,https://revenue.ky.gov/Forms/2005_42A740P.pdf,,official,200,https://revenue.ky.gov/Forms/2005_42A740P.pdf,,FETCH
https://revenue.ky.gov/Forms/740%20(2025).pdf,us-ky,income_tax,full screener,1,revenue.ky.gov/Forms/740%20(2025).pdf,https://revenue.ky.gov/Forms/740%20(2025).pdf,,official,200,https://revenue.ky.gov/Forms/740%20(2025).pdf,,FETCH
https://revenue.ky.gov/Forms/740%20Packet%20Instructions%202023.pdf,us-ky,income_tax,full screener,1,revenue.ky.gov/Forms/740%20Packet%20Instructions%202023.pdf,https://revenue.ky.gov/Forms/740%20Packet%20Instructions%202023.pdf,,official,200,https://revenue.ky.gov/Forms/740%20Packet%20Instructions%202023.pdf,,FETCH
https://revenue.ky.gov/Forms/740%20Packet%20Instructions%205-9-23.pdf,us-ky,income_tax,full screener,1,revenue.ky.gov/Forms/740%20Packet%20Instructions%205-9-23.pdf,https://revenue.ky.gov/Forms/740%20Packet%20Instructions%205-9-23.pdf,,official,200,https://revenue.ky.gov/Forms/740%20Packet%20Instructions%205-9-23.pdf,,FETCH
https://revenue.ky.gov/Forms/740%20Packet%20Instructions.pdf,us-ky,income_tax,full screener,1,revenue.ky.gov/Forms/740%20Packet%20Instructions.pdf,https://revenue.ky.gov/Forms/740%20Packet%20Instructions.pdf,,official,200,https://revenue.ky.gov/Forms/740%20Packet%20Instructions.pdf,,FETCH
https://revenue.ky.gov/Forms/740%20instructions%20packet%20(2024).pdf,us-ky,income_tax,full screener,1,revenue.ky.gov/Forms/740%20instructions%20packet%20(2024).pdf,https://revenue.ky.gov/Forms/740%20instructions%20packet%20(2024).pdf,,official,200,https://revenue.ky.gov/Forms/740%20instructions%20packet%20(2024).pdf,,FETCH
https://revenue.ky.gov/Forms/740-ES%20Instructions%203-21-23.pdf,us-ky,income_tax,full screener,1,revenue.ky.gov/Forms/740-ES%20Instructions%203-21-23.pdf,https://revenue.ky.gov/Forms/740-ES%20Instructions%203-21-23.pdf,,official,200,https://revenue.ky.gov/Forms/740-ES%20Instructions%203-21-23.pdf,,FETCH
https://revenue.ky.gov/Forms/8863-K%20(2025).pdf,us-ky,income_tax,full screener,1,revenue.ky.gov/Forms/8863-K%20(2025).pdf,https://revenue.ky.gov/Forms/8863-K%20(2025).pdf,,official,200,https://revenue.ky.gov/Forms/8863-K%20(2025).pdf,,FETCH
https://revenue.ky.gov/Forms/Form%20740%205-9-23.pdf,us-ky,income_tax,full screener,1,revenue.ky.gov/Forms/Form%20740%205-9-23.pdf,https://revenue.ky.gov/Forms/Form%20740%205-9-23.pdf,,official,200,https://revenue.ky.gov/Forms/Form%20740%205-9-23.pdf,,FETCH
https://revenue.ky.gov/Forms/Form%20740%20Schedule%20A%202022.pdf,us-ky,income_tax,full screener,1,revenue.ky.gov/Forms/Form%20740%20Schedule%20A%202022.pdf,https://revenue.ky.gov/Forms/Form%20740%20Schedule%20A%202022.pdf,,official,200,https://revenue.ky.gov/Forms/Form%20740%20Schedule%20A%202022.pdf,,FETCH
https://revenue.ky.gov/Forms/Form%20740-2021.pdf,us-ky,income_tax,full screener,1,revenue.ky.gov/Forms/Form%20740-2021.pdf,https://revenue.ky.gov/Forms/Form%20740-2021.pdf,,official,200,https://revenue.ky.gov/Forms/Form%20740-2021.pdf,,FETCH
https://revenue.ky.gov/Forms/Form%208863-K%202022.pdf,us-ky,income_tax,full screener,1,revenue.ky.gov/Forms/Form%208863-K%202022.pdf,https://revenue.ky.gov/Forms/Form%208863-K%202022.pdf,,official,200,https://revenue.ky.gov/Forms/Form%208863-K%202022.pdf,,FETCH
https://revenue.ky.gov/Forms/Form%208863-K%202023.pdf,us-ky,income_tax,full screener,1,revenue.ky.gov/Forms/Form%208863-K%202023.pdf,https://revenue.ky.gov/Forms/Form%208863-K%202023.pdf,,official,200,https://revenue.ky.gov/Forms/Form%208863-K%202023.pdf,,FETCH
https://revenue.ky.gov/Forms/Schedule%20ITC%20(2025).pdf,us-ky,income_tax,full screener,1,revenue.ky.gov/Forms/Schedule%20ITC%20(2025).pdf,https://revenue.ky.gov/Forms/Schedule%20ITC%20(2025).pdf,,official,200,https://revenue.ky.gov/Forms/Schedule%20ITC%20(2025).pdf,,FETCH
https://revenue.ky.gov/Forms/Schedule%20ITC%202022.pdf,us-ky,income_tax,full screener,1,revenue.ky.gov/Forms/Schedule%20ITC%202022.pdf,https://revenue.ky.gov/Forms/Schedule%20ITC%202022.pdf,,official,200,https://revenue.ky.gov/Forms/Schedule%20ITC%202022.pdf,,FETCH
https://revenue.ky.gov/Forms/Schedule%20ITC%202023.pdf,us-ky,income_tax,full screener,1,revenue.ky.gov/Forms/Schedule%20ITC%202023.pdf,https://revenue.ky.gov/Forms/Schedule%20ITC%202023.pdf,,official,200,https://revenue.ky.gov/Forms/Schedule%20ITC%202023.pdf,,FETCH
https://revenue.ky.gov/Forms/Schedule%20ITC-2021.pdf,us-ky,income_tax,full screener,1,revenue.ky.gov/Forms/Schedule%20ITC-2021.pdf,https://revenue.ky.gov/Forms/Schedule%20ITC-2021.pdf,,official,200,https://revenue.ky.gov/Forms/Schedule%20ITC-2021.pdf,,FETCH
https://revenue.ky.gov/Forms/Schedule%20M%202022.pdf,us-ky,income_tax,full screener,1,revenue.ky.gov/Forms/Schedule%20M%202022.pdf,https://revenue.ky.gov/Forms/Schedule%20M%202022.pdf,,official,200,https://revenue.ky.gov/Forms/Schedule%20M%202022.pdf,,FETCH
https://revenue.ky.gov/Forms/Schedule%20M%202023.pdf,us-ky,income_tax,full screener,1,revenue.ky.gov/Forms/Schedule%20M%202023.pdf,https://revenue.ky.gov/Forms/Schedule%20M%202023.pdf,,official,200,https://revenue.ky.gov/Forms/Schedule%20M%202023.pdf,,FETCH
https://revenue.ky.gov/Forms/Schedule%20M-2021.pdf,us-ky,income_tax,full screener,1,revenue.ky.gov/Forms/Schedule%20M-2021.pdf,https://revenue.ky.gov/Forms/Schedule%20M-2021.pdf,,official,200,https://revenue.ky.gov/Forms/Schedule%20M-2021.pdf,,FETCH
https://revenue.ky.gov/Forms/Schedule%20P%20(2025).pdf,us-ky,income_tax,full screener,1,revenue.ky.gov/Forms/Schedule%20P%20(2025).pdf,https://revenue.ky.gov/Forms/Schedule%20P%20(2025).pdf,,official,200,https://revenue.ky.gov/Forms/Schedule%20P%20(2025).pdf,,FETCH
https://revenue.ky.gov/Forms/Schedule%20P%202018.pdf,us-ky,income_tax,full screener,1,revenue.ky.gov/Forms/Schedule%20P%202018.pdf,https://revenue.ky.gov/Forms/Schedule%20P%202018.pdf,,official,200,https://revenue.ky.gov/Forms/Schedule%20P%202018.pdf,,FETCH
https://revenue.ky.gov/Forms/Schedule%20P%202022.pdf,us-ky,income_tax,full screener,1,revenue.ky.gov/Forms/Schedule%20P%202022.pdf,https://revenue.ky.gov/Forms/Schedule%20P%202022.pdf,,official,200,https://revenue.ky.gov/Forms/Schedule%20P%202022.pdf,,FETCH
https://revenue.ky.gov/Forms/Schedule%20P%202023.pdf,us-ky,income_tax,full screener,1,revenue.ky.gov/Forms/Schedule%20P%202023.pdf,https://revenue.ky.gov/Forms/Schedule%20P%202023.pdf,,official,200,https://revenue.ky.gov/Forms/Schedule%20P%202023.pdf,,FETCH
https://revenue.ky.gov/News/Pages/DOR-Announces-Updates-to-Individual-Income-Tax-for-2023-Tax-Year.aspx,us-ky,income_tax,full screener,1,revenue.ky.gov/News/Pages/DOR-Announces-Updates-to-Individual-Income-Tax-for-2023-Tax-Year,https://revenue.ky.gov/News/Pages/DOR-Announces-Updates-to-Individual-Income-Tax-for-2023-Tax-Year.aspx,,official,200,https://revenue.ky.gov/News/Pages/DOR-Announces-Updates-to-Individual-Income-Tax-for-2023-Tax-Year.aspx,,FETCH
https://revenue.ky.gov/News/Pages/Kentucky-DOR-Announces-2025-Standard-Deduction.aspx,us-ky,income_tax,full screener,1,revenue.ky.gov/News/Pages/Kentucky-DOR-Announces-2025-Standard-Deduction.aspx,https://revenue.ky.gov/News/Pages/Kentucky-DOR-Announces-2025-Standard-Deduction.aspx,,official,200,https://revenue.ky.gov/News/Pages/Kentucky-DOR-Announces-2025-Standard-Deduction.aspx,,FETCH
https://taxsim.nber.org/historical_state_tax_forms/KY/2021/Form%20740%20Packet%20Instructions-2021.pdf,us-ky,income_tax,full screener,1,taxsim.nber.org/historical_state_tax_forms/KY/2021/Form%20740%20Packet%20Instructions-2021,https://taxsim.nber.org/historical_state_tax_forms/KY/2021/Form%20740%20Packet%20Instructions-2021.pdf,,other,200,https://taxsim.nber.org/historical_state_tax_forms/KY/2021/Form%20740%20Packet%20Instructions-2021.pdf,,CHECK-PUBLISHER
https://codes.findlaw.com/ky/title-xi-revenue-and-taxation/ky-rev-st-sect-141-066.html,us-ky,income_tax,full screener,1,codes.findlaw.com/ky/title-xi-revenue-and-taxation/ky-rev-st-sect-141-066.html,https://codes.findlaw.com/ky/title-xi-revenue-and-taxation/ky-rev-st-sect-141-066.html,,mirror,403,,,OFFICIAL-SOURCE
https://www.taxformfinder.org/forms/2021/2021-kentucky-form-740.pdf,us-ky,income_tax,full screener,1,taxformfinder.org/forms/2021/2021-kentucky-form-740.pdf,https://www.taxformfinder.org/forms/2021/2021-kentucky-form-740.pdf,,mirror,200,https://www.taxformfinder.org/forms/2021/2021-kentucky-form-740.pdf,,OFFICIAL-SOURCE
https://revenue.ky.gov/Forms/1999_42a740p.pdf,us-ky,income_tax,full screener,1,revenue.ky.gov/Forms/1999_42a740p.pdf,https://revenue.ky.gov/Forms/1999_42a740p.pdf,,official,404,,,DEAD-LINK
https://revenue.ky.gov/Forms/2000_42a740p.pdf,us-ky,income_tax,full screener,1,revenue.ky.gov/Forms/2000_42a740p.pdf,https://revenue.ky.gov/Forms/2000_42a740p.pdf,,official,404,,,DEAD-LINK
https://dam.ldr.la.gov/lawspolicies/RIB%2026-019.pdf,us-la,income_tax,full screener,1,dam.ldr.la.gov/lawspolicies/RIB%2026-019.pdf,https://dam.ldr.la.gov/lawspolicies/RIB%2026-019.pdf,,official,200,https://dam.ldr.la.gov/lawspolicies/RIB%2026-019.pdf,,FETCH
https://dam.ldr.la.gov/taxforms/6935(11_02)F.pdf,us-la,income_tax,full screener,1,dam.ldr.la.gov/taxforms/6935(11_02)F.pdf,https://dam.ldr.la.gov/taxforms/6935(11_02)F.pdf,,official,200,https://dam.ldr.la.gov/taxforms/6935(11_02)F.pdf,,FETCH
https://dam.ldr.la.gov/taxforms/IT-540-WEB-2021-F.pdf,us-la,income_tax,full screener,1,dam.ldr.la.gov/taxforms/IT-540-WEB-2021-F.pdf,https://dam.ldr.la.gov/taxforms/IT-540-WEB-2021-F.pdf,,official,200,https://dam.ldr.la.gov/taxforms/IT-540-WEB-2021-F.pdf,,FETCH
https://dam.ldr.la.gov/taxforms/IT-540-WEB-2022-F.pdf,us-la,income_tax,full screener,1,dam.ldr.la.gov/taxforms/IT-540-WEB-2022-F.pdf,https://dam.ldr.la.gov/taxforms/IT-540-WEB-2022-F.pdf,,official,200,https://dam.ldr.la.gov/taxforms/IT-540-WEB-2022-F.pdf,,FETCH
https://dam.ldr.la.gov/taxforms/IT540(2022)%20Tax%20Table.pdf,us-la,income_tax,full screener,1,dam.ldr.la.gov/taxforms/IT540(2022)%20Tax%20Table.pdf,https://dam.ldr.la.gov/taxforms/IT540(2022)%20Tax%20Table.pdf,,official,200,https://dam.ldr.la.gov/taxforms/IT540(2022)%20Tax%20Table.pdf,,FETCH
https://dam.ldr.la.gov/taxforms/IT540(2023)%20TT.pdf,us-la,income_tax,full screener,1,dam.ldr.la.gov/taxforms/IT540(2023)%20TT.pdf,https://dam.ldr.la.gov/taxforms/IT540(2023)%20TT.pdf,,official,200,https://dam.ldr.la.gov/taxforms/IT540(2023)%20TT.pdf,,FETCH
https://dam.ldr.la.gov/taxforms/IT540WEB(2022)%20F%20D2.pdf,us-la,income_tax,full screener,1,dam.ldr.la.gov/taxforms/IT540WEB(2022)%20F%20D2.pdf,https://dam.ldr.la.gov/taxforms/IT540WEB(2022)%20F%20D2.pdf,,official,200,https://dam.ldr.la.gov/taxforms/IT540WEB(2022)%20F%20D2.pdf,,FETCH
https://dam.ldr.la.gov/taxforms/IT540WEB(2023)%20F.pdf,us-la,eitc income_tax,full screener,1,dam.ldr.la.gov/taxforms/IT540WEB(2023)%20F.pdf,https://dam.ldr.la.gov/taxforms/IT540WEB(2023)%20F.pdf,,official,200,https://dam.ldr.la.gov/taxforms/IT540WEB(2023)%20F.pdf,,FETCH
https://dam.ldr.la.gov/taxforms/IT540i%20WEB%20(2024)D18%20INSTRUCTIONS.pdf,us-la,eitc income_tax,full screener,1,dam.ldr.la.gov/taxforms/IT540i%20WEB%20(2024)D18%20INSTRUCTIONS.pdf,https://dam.ldr.la.gov/taxforms/IT540i%20WEB%20(2024)D18%20INSTRUCTIONS.pdf,,official,200,https://dam.ldr.la.gov/taxforms/IT540i%20WEB%20(2024)D18%20INSTRUCTIONS.pdf,,FETCH
https://dam.ldr.la.gov/taxforms/IT540i%20WEB(2023)%20INSTRUCTIONS.pdf,us-la,income_tax,full screener,1,dam.ldr.la.gov/taxforms/IT540i%20WEB(2023)%20INSTRUCTIONS.pdf,https://dam.ldr.la.gov/taxforms/IT540i%20WEB(2023)%20INSTRUCTIONS.pdf,,official,200,https://dam.ldr.la.gov/taxforms/IT540i%20WEB(2023)%20INSTRUCTIONS.pdf,,FETCH
https://dam.ldr.la.gov/taxforms/IT540i%20WEB(2025)D11.pdf,us-la,eitc income_tax,full screener,1,dam.ldr.la.gov/taxforms/IT540i%20WEB(2025)D11.pdf,https://dam.ldr.la.gov/taxforms/IT540i%20WEB(2025)D11.pdf,,official,200,https://dam.ldr.la.gov/taxforms/IT540i%20WEB(2025)D11.pdf,,FETCH
https://dam.ldr.la.gov/taxforms/IT540i(2021)%20Instructions.pdf,us-la,income_tax,full screener,1,dam.ldr.la.gov/taxforms/IT540i(2021)%20Instructions.pdf,https://dam.ldr.la.gov/taxforms/IT540i(2021)%20Instructions.pdf,,official,200,https://dam.ldr.la.gov/taxforms/IT540i(2021)%20Instructions.pdf,,FETCH
https://dam.ldr.la.gov/taxforms/IT540iWEB(2022)D1.pdf,us-la,eitc income_tax,full screener,1,dam.ldr.la.gov/taxforms/IT540iWEB(2022)D1.pdf,https://dam.ldr.la.gov/taxforms/IT540iWEB(2022)D1.pdf,,official,200,https://dam.ldr.la.gov/taxforms/IT540iWEB(2022)D1.pdf,,FETCH
https://legis.la.gov/Legis/Law.aspx?d=101769,us-la,income_tax,full screener,1,legis.la.gov/Legis/Law.aspx,https://legis.la.gov/Legis/Law.aspx?d=101769,,official,200,https://legis.la.gov/Legis/Law.aspx?d=101769,,FETCH
https://legis.la.gov/Legis/Law.aspx?d=453233,us-la,income_tax,full screener,1,legis.la.gov/Legis/Law.aspx,https://legis.la.gov/Legis/Law.aspx?d=453233,,official,200,https://legis.la.gov/Legis/Law.aspx?d=453233,,FETCH
https://revenue.louisiana.gov/individuals/general-resources/school-readiness-credit/,us-la,income_tax,full screener,1,revenue.louisiana.gov/individuals/general-resources/school-readiness-credit/,https://revenue.louisiana.gov/individuals/general-resources/school-readiness-credit/,,official,200,https://revenue.louisiana.gov/individuals/general-resources/school-readiness-credit/,,FETCH
https://revenue.louisiana.gov/tax-education-and-faqs/faqs/income-tax-reform/what-are-the-individual-income-tax-rates-and-brackets/,us-la,income_tax,full screener,1,revenue.louisiana.gov/tax-education-and-faqs/faqs/income-tax-reform/what-are-the-individua,https://revenue.louisiana.gov/tax-education-and-faqs/faqs/income-tax-reform/what-are-the-individual-income-tax-rates-and-brackets/,,official,200,https://revenue.louisiana.gov/tax-education-and-faqs/faqs/income-tax-reform/what-are-the-individual-income-tax-rates-and-brackets/,,FETCH
https://www.bls.gov/news.release/archives/cpi_01132026.htm,us-la,income_tax,full screener,1,bls.gov/news.release/archives/cpi_01132026.htm,https://www.bls.gov/news.release/archives/cpi_01132026.htm,,official,200,https://www.bls.gov/news.release/archives/cpi_01132026.htm,,FETCH
https://www.legis.la.gov/Legis/Law.aspx?d=101760,us-la,income_tax,full screener,1,legis.la.gov/Legis/Law.aspx,https://www.legis.la.gov/Legis/Law.aspx?d=101760,,official,200,https://www.legis.la.gov/Legis/Law.aspx?d=101760,,FETCH
https://www.legis.la.gov/legis/Law.aspx?d=101760,us-la,income_tax,full screener,1,legis.la.gov/legis/Law.aspx,https://www.legis.la.gov/legis/Law.aspx?d=101760,,official,200,https://www.legis.la.gov/legis/Law.aspx?d=101760,,FETCH
https://www.legis.la.gov/legis/Law.aspx?d=101761,us-la,income_tax,full screener,1,legis.la.gov/legis/Law.aspx,https://www.legis.la.gov/legis/Law.aspx?d=101761,,official,200,https://www.legis.la.gov/legis/Law.aspx?d=101761,,FETCH
https://www.legis.la.gov/legis/Law.aspx?d=101946,us-la,income_tax,full screener,1,legis.la.gov/legis/Law.aspx,https://www.legis.la.gov/legis/Law.aspx?d=101946,,official,200,https://www.legis.la.gov/legis/Law.aspx?d=101946,,FETCH
https://www.legis.la.gov/legis/Law.aspx?d=102133,us-la,income_tax,full screener,1,legis.la.gov/legis/Law.aspx,https://www.legis.la.gov/legis/Law.aspx?d=102133,,official,200,https://www.legis.la.gov/legis/Law.aspx?d=102133,,FETCH
https://www.legis.la.gov/legis/Law.aspx?d=102518,us-la,income_tax,full screener,1,legis.la.gov/legis/Law.aspx,https://www.legis.la.gov/legis/Law.aspx?d=102518,,official,200,https://www.legis.la.gov/legis/Law.aspx?d=102518,,FETCH
https://www.legis.la.gov/legis/Law.aspx?d=453085,us-la,eitc income_tax,full screener,1,legis.la.gov/legis/Law.aspx,https://www.legis.la.gov/legis/Law.aspx?d=453085,,official,200,https://www.legis.la.gov/legis/Law.aspx?d=453085,,FETCH
https://www.startsaving.la.gov/startfaqs.aspx,us-la,income_tax,full screener,1,startsaving.la.gov/startfaqs.aspx,https://www.startsaving.la.gov/startfaqs.aspx,,official,200,https://www.startsaving.la.gov/startfaqs.aspx,,FETCH
https://law.justia.com/codes/louisiana/2021/revised-statutes/title-47/rs-298/,us-la,income_tax,full screener,1,law.justia.com/codes/louisiana/2021/revised-statutes/title-47/rs-298/,https://law.justia.com/codes/louisiana/2021/revised-statutes/title-47/rs-298/,,mirror,403,,,OFFICIAL-SOURCE
https://law.justia.com/codes/louisiana/revised-statutes/title-47/rs-47-293/,us-la,income_tax,full screener,1,law.justia.com/codes/louisiana/revised-statutes/title-47/rs-47-293/,https://law.justia.com/codes/louisiana/revised-statutes/title-47/rs-47-293/,,mirror,403,,,OFFICIAL-SOURCE
us-ma/guidance/department-of-revenue/tir-02-21,us-ma,income_tax,full,0,TIR 02-21: Capital Gains and Losses: Massachusetts Tax Law Changes,https://www.mass.gov/technical-information-release/tir-02-21-capital-gains-and-losses-massachusetts-tax-law-changes,us-ma/guidance/department-of-revenue/tir-02-21,official,403,,manifests/us-ma-dor-tir-02-21.yaml,EXTRACT-MANIFEST
https://law.justia.com/codes/massachusetts/2022/part-i/title-ix/chapter-62/section-6/,us-ma,income_tax,full screener,1,law.justia.com/codes/massachusetts/2022/part-i/title-ix/chapter-62/section-6/,https://law.justia.com/codes/massachusetts/2022/part-i/title-ix/chapter-62/section-6/,,mirror,403,,,OFFICIAL-SOURCE
https://malegislature.gov/Bills/191/H86,us-ma,income_tax,full screener,1,malegislature.gov/Bills/191/H86,https://malegislature.gov/Bills/191/H86,,official,error:TimeoutError,,,DEAD-LINK
https://malegislature.gov/Bills/193/H4104/BillHistory,us-ma,income_tax,full screener,1,malegislature.gov/Bills/193/H4104/BillHistory,https://malegislature.gov/Bills/193/H4104/BillHistory,,official,error:TimeoutError,,,DEAD-LINK
https://malegislature.gov/Laws/GeneralLaws/PartI/TitleIX/Chapter62/Section2,us-ma,income_tax,full screener,1,malegislature.gov/Laws/GeneralLaws/PartI/TitleIX/Chapter62/Section2,https://malegislature.gov/Laws/GeneralLaws/PartI/TitleIX/Chapter62/Section2,,official,error:TimeoutError,,,DEAD-LINK
https://malegislature.gov/Laws/GeneralLaws/PartI/TitleIX/Chapter62/Section3,us-ma,income_tax,full screener,1,malegislature.gov/Laws/GeneralLaws/PartI/TitleIX/Chapter62/Section3,https://malegislature.gov/Laws/GeneralLaws/PartI/TitleIX/Chapter62/Section3,,official,error:TimeoutError,,,DEAD-LINK
https://malegislature.gov/Laws/GeneralLaws/PartI/TitleIX/Chapter62/Section4,us-ma,income_tax,full screener,1,malegislature.gov/Laws/GeneralLaws/PartI/TitleIX/Chapter62/Section4,https://malegislature.gov/Laws/GeneralLaws/PartI/TitleIX/Chapter62/Section4,,official,error:TimeoutError,,,DEAD-LINK
https://malegislature.gov/Laws/GeneralLaws/PartI/TitleIX/Chapter62/Section5,us-ma,income_tax,full screener,1,malegislature.gov/Laws/GeneralLaws/PartI/TitleIX/Chapter62/Section5,https://malegislature.gov/Laws/GeneralLaws/PartI/TitleIX/Chapter62/Section5,,official,error:TimeoutError,,,DEAD-LINK
https://malegislature.gov/Laws/GeneralLaws/PartI/TitleIX/Chapter62/Section6,us-ma,income_tax,full screener,1,malegislature.gov/Laws/GeneralLaws/PartI/TitleIX/Chapter62/Section6,https://malegislature.gov/Laws/GeneralLaws/PartI/TitleIX/Chapter62/Section6,,official,error:TimeoutError,,,DEAD-LINK
https://malegislature.gov/Laws/GeneralLaws/PartI/TitleIX/Chapter62/Section9,us-ma,income_tax,full screener,1,malegislature.gov/Laws/GeneralLaws/PartI/TitleIX/Chapter62/Section9,https://malegislature.gov/Laws/GeneralLaws/PartI/TitleIX/Chapter62/Section9,,official,error:TimeoutError,,,DEAD-LINK
https://malegislature.gov/Laws/GeneralLaws/PartI/TitleIX/Chapter62/section4,us-ma,income_tax,full screener,1,malegislature.gov/Laws/GeneralLaws/PartI/TitleIX/Chapter62/section4,https://malegislature.gov/Laws/GeneralLaws/PartI/TitleIX/Chapter62/section4,,official,error:TimeoutError,,,DEAD-LINK
https://malegislature.gov/Laws/SessionLaws/Acts/2023/Chapter50,us-ma,income_tax,full screener,1,malegislature.gov/Laws/SessionLaws/Acts/2023/Chapter50,https://malegislature.gov/Laws/SessionLaws/Acts/2023/Chapter50,,official,error:TimeoutError,,,DEAD-LINK
https://www.mass.gov/audit/audit-of-the-determination-of-whether-net-state-tax-revenues-exceeded-allowable-state-tax-revenues-0,us-ma,income_tax,full screener,1,mass.gov/audit/audit-of-the-determination-of-whether-net-state-tax-revenues-exceeded-allow,https://www.mass.gov/audit/audit-of-the-determination-of-whether-net-state-tax-revenues-exceeded-allowable-state-tax-revenues-0,,official,403,,,BLOCKED-CHECK
https://www.mass.gov/doc/2011-form-1-instructions/download,us-ma,income_tax,full screener,1,mass.gov/doc/2011-form-1-instructions/download,https://www.mass.gov/doc/2011-form-1-instructions/download,,official,403,,,BLOCKED-CHECK
https://www.mass.gov/doc/2012-form-1-instructions/download,us-ma,income_tax,full screener,1,mass.gov/doc/2012-form-1-instructions/download,https://www.mass.gov/doc/2012-form-1-instructions/download,,official,403,,,BLOCKED-CHECK
https://www.mass.gov/doc/2013-form-1-instructions/download,us-ma,income_tax,full screener,1,mass.gov/doc/2013-form-1-instructions/download,https://www.mass.gov/doc/2013-form-1-instructions/download,,official,403,,,BLOCKED-CHECK
https://www.mass.gov/doc/2014-form-1-instructions/download,us-ma,income_tax,full screener,1,mass.gov/doc/2014-form-1-instructions/download,https://www.mass.gov/doc/2014-form-1-instructions/download,,official,403,,,BLOCKED-CHECK
https://www.mass.gov/doc/2015-form-1-instructions/download,us-ma,income_tax,full screener,1,mass.gov/doc/2015-form-1-instructions/download,https://www.mass.gov/doc/2015-form-1-instructions/download,,official,403,,,BLOCKED-CHECK
https://www.mass.gov/doc/2016-form-1-instructions/download,us-ma,income_tax,full screener,1,mass.gov/doc/2016-form-1-instructions/download,https://www.mass.gov/doc/2016-form-1-instructions/download,,official,403,,,BLOCKED-CHECK
https://www.mass.gov/doc/2017-form-1-instructions/download,us-ma,income_tax,full screener,1,mass.gov/doc/2017-form-1-instructions/download,https://www.mass.gov/doc/2017-form-1-instructions/download,,official,403,,,BLOCKED-CHECK
https://www.mass.gov/doc/2018-form-1-instructions/download,us-ma,income_tax,full screener,1,mass.gov/doc/2018-form-1-instructions/download,https://www.mass.gov/doc/2018-form-1-instructions/download,,official,403,,,BLOCKED-CHECK
https://www.mass.gov/doc/2019-form-1-instructions/download,us-ma,income_tax,full screener,1,mass.gov/doc/2019-form-1-instructions/download,https://www.mass.gov/doc/2019-form-1-instructions/download,,official,403,,,BLOCKED-CHECK
https://www.mass.gov/doc/2020-form-1-instructions/download,us-ma,income_tax,full screener,1,mass.gov/doc/2020-form-1-instructions/download,https://www.mass.gov/doc/2020-form-1-instructions/download,,official,403,,,BLOCKED-CHECK
https://www.mass.gov/doc/2021-form-1-instructions/download,us-ma,income_tax,full screener,1,mass.gov/doc/2021-form-1-instructions/download,https://www.mass.gov/doc/2021-form-1-instructions/download,,official,403,,,BLOCKED-CHECK
https://www.mass.gov/doc/2021-form-1-massachusetts-resident-income-tax-return/download,us-ma,income_tax,full screener,1,mass.gov/doc/2021-form-1-massachusetts-resident-income-tax-return/download,https://www.mass.gov/doc/2021-form-1-massachusetts-resident-income-tax-return/download,,official,403,,,BLOCKED-CHECK
https://www.mass.gov/doc/2021-schedule-b-interest-dividends-and-certain-capital-gains-and-losses/download,us-ma,income_tax,full screener,1,mass.gov/doc/2021-schedule-b-interest-dividends-and-certain-capital-gains-and-losses/downl,https://www.mass.gov/doc/2021-schedule-b-interest-dividends-and-certain-capital-gains-and-losses/download,,official,403,,,BLOCKED-CHECK
https://www.mass.gov/doc/2021-schedule-nts-l-nrpy-no-tax-status-and-limited-income-credit/download,us-ma,income_tax,full screener,1,mass.gov/doc/2021-schedule-nts-l-nrpy-no-tax-status-and-limited-income-credit/download,https://www.mass.gov/doc/2021-schedule-nts-l-nrpy-no-tax-status-and-limited-income-credit/download,,official,403,,,BLOCKED-CHECK
https://www.mass.gov/doc/2022-form-1-instructions/download,us-ma,eitc income_tax,full screener,1,mass.gov/doc/2022-form-1-instructions/download,https://www.mass.gov/doc/2022-form-1-instructions/download,,official,403,,,BLOCKED-CHECK
https://www.mass.gov/doc/2022-form-1-massachusetts-resident-income-tax-return/download,us-ma,income_tax,full screener,1,mass.gov/doc/2022-form-1-massachusetts-resident-income-tax-return/download,https://www.mass.gov/doc/2022-form-1-massachusetts-resident-income-tax-return/download,,official,403,,,BLOCKED-CHECK
https://www.mass.gov/doc/2022-schedule-cb-circuit-breaker-credit/download,us-ma,income_tax,full screener,1,mass.gov/doc/2022-schedule-cb-circuit-breaker-credit/download,https://www.mass.gov/doc/2022-schedule-cb-circuit-breaker-credit/download,,official,403,,,BLOCKED-CHECK
https://www.mass.gov/doc/2023-form-1-instructions/download,us-ma,eitc income_tax,full screener,1,mass.gov/doc/2023-form-1-instructions/download,https://www.mass.gov/doc/2023-form-1-instructions/download,,official,403,,,BLOCKED-CHECK
https://www.mass.gov/doc/2023-schedule-cb-circuit-breaker-credit/download,us-ma,income_tax,full screener,1,mass.gov/doc/2023-schedule-cb-circuit-breaker-credit/download,https://www.mass.gov/doc/2023-schedule-cb-circuit-breaker-credit/download,,official,403,,,BLOCKED-CHECK
https://www.mass.gov/doc/2024-form-1-instructions/download,us-ma,eitc income_tax,full screener,1,mass.gov/doc/2024-form-1-instructions/download,https://www.mass.gov/doc/2024-form-1-instructions/download,,official,403,,,BLOCKED-CHECK
https://www.mass.gov/doc/2025-schedule-cb-circuit-breaker-credit/download,us-ma,income_tax,full screener,1,mass.gov/doc/2025-schedule-cb-circuit-breaker-credit/download,https://www.mass.gov/doc/2025-schedule-cb-circuit-breaker-credit/download,,official,403,,,BLOCKED-CHECK
https://www.mass.gov/info-details/covid-19-essential-employee-premium-pay-program,us-ma,income_tax,full screener,1,mass.gov/info-details/covid-19-essential-employee-premium-pay-program,https://www.mass.gov/info-details/covid-19-essential-employee-premium-pay-program,,official,403,,,BLOCKED-CHECK
https://www.mass.gov/info-details/filing-status-on-massachusetts-personal-income-tax,us-ma,income_tax,full screener,1,mass.gov/info-details/filing-status-on-massachusetts-personal-income-tax,https://www.mass.gov/info-details/filing-status-on-massachusetts-personal-income-tax,,official,403,,,BLOCKED-CHECK
https://www.mass.gov/info-details/mass-general-laws-c62-ss-2,us-ma,income_tax,full screener,1,mass.gov/info-details/mass-general-laws-c62-ss-2,https://www.mass.gov/info-details/mass-general-laws-c62-ss-2,,official,403,,,BLOCKED-CHECK
https://www.mass.gov/info-details/mass-general-laws-c62-ss-3,us-ma,income_tax,full screener,1,mass.gov/info-details/mass-general-laws-c62-ss-3,https://www.mass.gov/info-details/mass-general-laws-c62-ss-3,,official,403,,,BLOCKED-CHECK
https://www.mass.gov/info-details/mass-general-laws-c62-ss-6,us-ma,eitc income_tax,full screener,1,mass.gov/info-details/mass-general-laws-c62-ss-6,https://www.mass.gov/info-details/mass-general-laws-c62-ss-6,,official,403,,,BLOCKED-CHECK
https://www.mass.gov/info-details/massachusetts-child-and-family-tax-credit,us-ma,income_tax,full screener,1,mass.gov/info-details/massachusetts-child-and-family-tax-credit,https://www.mass.gov/info-details/massachusetts-child-and-family-tax-credit,,official,403,,,BLOCKED-CHECK
https://www.mass.gov/info-details/massachusetts-senior-circuit-breaker-tax-credit,us-ma,income_tax,full screener,1,mass.gov/info-details/massachusetts-senior-circuit-breaker-tax-credit,https://www.mass.gov/info-details/massachusetts-senior-circuit-breaker-tax-credit,,official,403,,,BLOCKED-CHECK
https://www.mass.gov/info-details/personal-income-tax-exemptions,us-ma,income_tax,full screener,1,mass.gov/info-details/personal-income-tax-exemptions,https://www.mass.gov/info-details/personal-income-tax-exemptions,,official,403,,,BLOCKED-CHECK
https://www.mass.gov/service-details/massachusetts-tax-rates,us-ma,income_tax,full screener,1,mass.gov/service-details/massachusetts-tax-rates,https://www.mass.gov/service-details/massachusetts-tax-rates,,official,403,,,BLOCKED-CHECK
https://www.mass.gov/service-details/view-massachusetts-personal-income-tax-exemptions,us-ma,income_tax,full screener,1,mass.gov/service-details/view-massachusetts-personal-income-tax-exemptions,https://www.mass.gov/service-details/view-massachusetts-personal-income-tax-exemptions,,official,403,,,BLOCKED-CHECK
https://www.mass.gov/technical-information-release/tir-22-5-tax-provisions-in-recent-massachusetts-legislation,us-ma,income_tax,full screener,1,mass.gov/technical-information-release/tir-22-5-tax-provisions-in-recent-massachusetts-leg,https://www.mass.gov/technical-information-release/tir-22-5-tax-provisions-in-recent-massachusetts-legislation,,official,403,,,BLOCKED-CHECK
us-md/form/tax_forms/marylandtaxes.gov/content/dam/mdcomp/tax/forms/2024/502cr,us-md,income_tax,full screener,1,502CR,,us-md/form/tax_forms/marylandtaxes.gov/content/dam/mdcomp/tax/forms/2024/502cr,,,,manifests/us-md-tax-forms.yaml,EXTRACT-MANIFEST
us-md/form/tax_forms/marylandtaxes.gov/content/dam/mdcomp/tax/instructions/2023/resident-booklet,us-md,income_tax,full screener,1,Resident-Booklet,,us-md/form/tax_forms/marylandtaxes.gov/content/dam/mdcomp/tax/instructions/2023/resident-booklet,,,,manifests/us-md-tax-forms.yaml,EXTRACT-MANIFEST
us-md/form/tax_forms/marylandtaxes.gov/content/dam/mdcomp/tax/instructions/2024/nonresident-booklet,us-md,income_tax,full screener,1,Nonresident-Booklet,,us-md/form/tax_forms/marylandtaxes.gov/content/dam/mdcomp/tax/instructions/2024/nonresident-booklet,,,,manifests/us-md-tax-forms.yaml,EXTRACT-MANIFEST
us-md/form/tax_forms/marylandtaxes.gov/content/dam/mdcomp/tax/instructions/2024/resident-booklet,us-md,ctc eitc income_tax,full screener,1,Resident-Booklet,,us-md/form/tax_forms/marylandtaxes.gov/content/dam/mdcomp/tax/instructions/2024/resident-booklet,,,,manifests/us-md-tax-forms.yaml,EXTRACT-MANIFEST
us-md/form/tax_forms/marylandtaxes.gov/content/dam/mdcomp/tax/forms/2023/502cr,us-md,income_tax,full,0,502CR,https://www.marylandcomptroller.gov/content/dam/mdcomp/tax/forms/2023/502CR.pdf,us-md/form/tax_forms/marylandtaxes.gov/content/dam/mdcomp/tax/forms/2023/502cr,official,200,https://www.marylandcomptroller.gov/content/dam/mdcomp/tax/forms/2023/502CR.pdf,manifests/us-md-tax-forms.yaml,EXTRACT-MANIFEST
https://interactive.marylandtaxes.gov/Individuals/iFile_ChooseForm/PriorYearForms/Resident_Booklet_2020.pdf,us-md,income_tax,full screener,1,interactive.marylandtaxes.gov/Individuals/iFile_ChooseForm/PriorYearForms/Resident_Booklet,https://interactive.marylandtaxes.gov/Individuals/iFile_ChooseForm/PriorYearForms/Resident_Booklet_2020.pdf,,official,200,https://interactive.marylandtaxes.gov/Individuals/iFile_ChooseForm/PriorYearForms/Resident_Booklet_2020.pdf,,FETCH
https://interactive.marylandtaxes.gov/Individuals/iFile_ChooseForm/PriorYearForms/Resident_Booklet_2021.pdf,us-md,eitc income_tax,full screener,1,interactive.marylandtaxes.gov/Individuals/iFile_ChooseForm/PriorYearForms/Resident_Booklet,https://interactive.marylandtaxes.gov/Individuals/iFile_ChooseForm/PriorYearForms/Resident_Booklet_2021.pdf,,official,200,https://interactive.marylandtaxes.gov/Individuals/iFile_ChooseForm/PriorYearForms/Resident_Booklet_2021.pdf,,FETCH
https://interactive.marylandtaxes.gov/Individuals/iFile_ChooseForm/PriorYearForms/Resident_Booklet_2022.pdf,us-md,ctc income_tax,full screener,1,interactive.marylandtaxes.gov/Individuals/iFile_ChooseForm/PriorYearForms/Resident_Booklet,https://interactive.marylandtaxes.gov/Individuals/iFile_ChooseForm/PriorYearForms/Resident_Booklet_2022.pdf,,official,200,https://interactive.marylandtaxes.gov/Individuals/iFile_ChooseForm/PriorYearForms/Resident_Booklet_2022.pdf,,FETCH
https://marylandtaxes.gov/forms/23_forms/502CR.pdf,us-md,income_tax,full screener,1,marylandtaxes.gov/forms/23_forms/502CR.pdf,https://marylandtaxes.gov/forms/23_forms/502CR.pdf,,official,200,https://www.marylandcomptroller.gov/content/dam/mdcomp/tax/forms/2023/502CR.pdf,,FETCH
https://mgaleg.maryland.gov/2023RS/chapters_noln/Ch_613_hb0554T.pdf,us-md,income_tax,full screener,1,mgaleg.maryland.gov/2023RS/chapters_noln/Ch_613_hb0554T.pdf,https://mgaleg.maryland.gov/2023RS/chapters_noln/Ch_613_hb0554T.pdf,,official,200,https://mgaleg.maryland.gov/2023RS/chapters_noln/Ch_613_hb0554T.pdf,,FETCH
https://mgaleg.maryland.gov/2023RS/fnotes/bil_0007/hb0547.pdf,us-md,eitc income_tax,full screener,1,mgaleg.maryland.gov/2023RS/fnotes/bil_0007/hb0547.pdf,https://mgaleg.maryland.gov/2023RS/fnotes/bil_0007/hb0547.pdf,,official,200,https://mgaleg.maryland.gov/2023RS/fnotes/bil_0007/hb0547.pdf,,FETCH
https://mgaleg.maryland.gov/2025RS/Chapters_noln/CH_604_hb0352e.pdf,us-md,ctc income_tax,full screener,1,mgaleg.maryland.gov/2025RS/Chapters_noln/CH_604_hb0352e.pdf,https://mgaleg.maryland.gov/2025RS/Chapters_noln/CH_604_hb0352e.pdf,,official,200,https://mgaleg.maryland.gov/2025RS/Chapters_noln/CH_604_hb0352e.pdf,,FETCH
https://mgaleg.maryland.gov/mgawebsite/Legislation/Details/hb0186?ys=2022RS,us-md,income_tax,full screener,1,mgaleg.maryland.gov/mgawebsite/Legislation/Details/hb0186,https://mgaleg.maryland.gov/mgawebsite/Legislation/Details/hb0186?ys=2022RS,,official,200,https://mgaleg.maryland.gov/mgawebsite/Legislation/Details/hb0186?ys=2022RS,,FETCH
https://services.marylandcomptroller.gov/taxes/en/maryland-pension-exclusion?id=kb_article_view&sysparm_article=KB0010012,us-md,income_tax,full screener,1,services.marylandcomptroller.gov/taxes/en/maryland-pension-exclusion,https://services.marylandcomptroller.gov/taxes/en/maryland-pension-exclusion?id=kb_article_view&sysparm_article=KB0010012,,official,200,https://services.marylandcomptroller.gov/taxes/en/maryland-pension-exclusion?id=kb_article_view&sysparm_article=KB0010012,,FETCH
https://www.marylandcomptroller.gov/content/dam/mdcomp/tax/forms/2025/502cr.pdf,us-md,income_tax,full screener,1,marylandcomptroller.gov/content/dam/mdcomp/tax/forms/2025/502cr.pdf,https://www.marylandcomptroller.gov/content/dam/mdcomp/tax/forms/2025/502cr.pdf,,official,200,https://www.marylandcomptroller.gov/content/dam/mdcomp/tax/forms/2025/502cr.pdf,,FETCH
https://www.marylandcomptroller.gov/content/dam/mdcomp/tax/instructions/2025/resident-booklet.pdf,us-md,ctc eitc income_tax,full screener,1,marylandcomptroller.gov/content/dam/mdcomp/tax/instructions/2025/resident-booklet.pdf,https://www.marylandcomptroller.gov/content/dam/mdcomp/tax/instructions/2025/resident-booklet.pdf,,official,200,https://www.marylandcomptroller.gov/content/dam/mdcomp/tax/instructions/2025/resident-booklet.pdf,,FETCH
https://www.marylandtaxes.gov/forms/23_forms/Resident-Booklet.pdf,us-md,ctc eitc income_tax,full screener,1,marylandtaxes.gov/forms/23_forms/Resident-Booklet.pdf,https://www.marylandtaxes.gov/forms/23_forms/Resident-Booklet.pdf,,official,200,https://www.marylandcomptroller.gov/content/dam/mdcomp/tax/instructions/2023/Resident-Booklet.pdf,,FETCH
https://www.marylandtaxes.gov/new-tax-year-update.php,us-md,income_tax,full screener,1,marylandtaxes.gov/new-tax-year-update.php,https://www.marylandtaxes.gov/new-tax-year-update.php,,official,200,https://services.marylandcomptroller.gov/taxes/en/what-s-new-for-the-2026-tax-filing-season-2025-tax-year?id=kb_article_view&sysparm_article=KB0010023,,FETCH
https://law.justia.com/codes/maryland/2022/tax-general/title-10/subtitle-2/part-ii/,us-md,income_tax,full screener,1,law.justia.com/codes/maryland/2022/tax-general/title-10/subtitle-2/part-ii/,https://law.justia.com/codes/maryland/2022/tax-general/title-10/subtitle-2/part-ii/,,mirror,403,,,OFFICIAL-SOURCE
https://marylandtaxes.gov/forms/22_forms/502CR.pdf,us-md,income_tax,full screener,1,marylandtaxes.gov/forms/22_forms/502CR.pdf,https://marylandtaxes.gov/forms/22_forms/502CR.pdf,,official,404,,,DEAD-LINK
https://www.marylandtaxes.gov/forms/20_forms/502CR.pdf,us-md,income_tax,full screener,1,marylandtaxes.gov/forms/20_forms/502CR.pdf,https://www.marylandtaxes.gov/forms/20_forms/502CR.pdf,,official,404,,,DEAD-LINK
https://www.marylandtaxes.gov/forms/21_forms/502CR.pdf,us-md,income_tax,full screener,1,marylandtaxes.gov/forms/21_forms/502CR.pdf,https://www.marylandtaxes.gov/forms/21_forms/502CR.pdf,,official,404,,,DEAD-LINK
https://www.marylandtaxes.gov/forms/current_forms/Md_Tax_Computation.pdf,us-md,income_tax,full screener,1,marylandtaxes.gov/forms/current_forms/Md_Tax_Computation.pdf,https://www.marylandtaxes.gov/forms/current_forms/Md_Tax_Computation.pdf,,official,404,,,DEAD-LINK
https://govt.westlaw.com/mdc/Browse/Home/Maryland/MarylandCodeCourtRules?guid=NAE804370A64411DBB5DDAC3692B918BC&transitionType=Default&contextData=%28sc.Default%29,us-md,income_tax,full screener,1,govt.westlaw.com/mdc/Browse/Home/Maryland/MarylandCodeCourtRules,https://govt.westlaw.com/mdc/Browse/Home/Maryland/MarylandCodeCourtRules?guid=NAE804370A64411DBB5DDAC3692B918BC&transitionType=Default&contextData=%28sc.Default%29,,vendor,403,,,VENDOR
https://govt.westlaw.com/mdc/Document/NF59A76006EA511E8ABBEE50DE853DFF4?viewType=FullText&originationContext=documenttoc&transitionType=CategoryPageItem&contextData=(sc.Default),us-md,income_tax,full screener,1,govt.westlaw.com/mdc/Document/NF59A76006EA511E8ABBEE50DE853DFF4,https://govt.westlaw.com/mdc/Document/NF59A76006EA511E8ABBEE50DE853DFF4?viewType=FullText&originationContext=documenttoc&transitionType=CategoryPageItem&contextData=(sc.Default),,vendor,403,,,VENDOR
https://legislature.maine.gov/backend/App/services/getDocument.aspx?documentId=120256,us-me,income_tax,full screener,1,legislature.maine.gov/backend/App/services/getDocument.aspx,https://legislature.maine.gov/backend/App/services/getDocument.aspx?documentId=120256,,official,200,https://legislature.maine.gov/backend/App/services/getDocument.aspx?documentId=120256,,FETCH
https://legislature.maine.gov/legis/bills/getPDF.asp?paper=HP1491&item=37&snum=132,us-me,income_tax,full screener,1,legislature.maine.gov/legis/bills/getPDF.asp,https://legislature.maine.gov/legis/bills/getPDF.asp?paper=HP1491&item=37&snum=132,,official,200,https://legislature.maine.gov/legis/bills/getPDF.asp?paper=HP1491&item=37&snum=132,,FETCH
https://legislature.maine.gov/legis/bills/getPDF.asp?paper=SP0031&item=5&snum=130,us-me,income_tax,full screener,1,legislature.maine.gov/legis/bills/getPDF.asp,https://legislature.maine.gov/legis/bills/getPDF.asp?paper=SP0031&item=5&snum=130,,official,200,https://legislature.maine.gov/legis/bills/getPDF.asp?paper=SP0031&item=5&snum=130,,FETCH
https://legislature.maine.gov/statutes/36/title36sec5111.html,us-me,income_tax,full screener,1,legislature.maine.gov/statutes/36/title36sec5111.html,https://legislature.maine.gov/statutes/36/title36sec5111.html,,official,200,https://legislature.maine.gov/statutes/36/title36sec5111.html,,FETCH
https://legislature.maine.gov/statutes/36/title36sec5122.html,us-me,income_tax,full screener,1,legislature.maine.gov/statutes/36/title36sec5122.html,https://legislature.maine.gov/statutes/36/title36sec5122.html,,official,200,https://legislature.maine.gov/statutes/36/title36sec5122.html,,FETCH
https://legislature.maine.gov/statutes/36/title36sec5124-C.html,us-me,income_tax,full screener,1,legislature.maine.gov/statutes/36/title36sec5124-C.html,https://legislature.maine.gov/statutes/36/title36sec5124-C.html,,official,200,https://legislature.maine.gov/statutes/36/title36sec5124-C.html,,FETCH
https://legislature.maine.gov/statutes/36/title36sec5126-A.html,us-me,income_tax,full screener,1,legislature.maine.gov/statutes/36/title36sec5126-A.html,https://legislature.maine.gov/statutes/36/title36sec5126-A.html,,official,200,https://legislature.maine.gov/statutes/36/title36sec5126-A.html,,FETCH
https://legislature.maine.gov/statutes/36/title36sec5213-A.html,us-me,income_tax,full screener,1,legislature.maine.gov/statutes/36/title36sec5213-A.html,https://legislature.maine.gov/statutes/36/title36sec5213-A.html,,official,200,https://legislature.maine.gov/statutes/36/title36sec5213-A.html,,FETCH
https://legislature.maine.gov/statutes/36/title36sec5219-KK.html,us-me,income_tax,full screener,1,legislature.maine.gov/statutes/36/title36sec5219-KK.html,https://legislature.maine.gov/statutes/36/title36sec5219-KK.html,,official,200,https://legislature.maine.gov/statutes/36/title36sec5219-KK.html,,FETCH
https://legislature.maine.gov/statutes/36/title36sec5219-S.html,us-me,eitc income_tax,full screener,1,legislature.maine.gov/statutes/36/title36sec5219-S.html,https://legislature.maine.gov/statutes/36/title36sec5219-S.html,,official,200,https://legislature.maine.gov/statutes/36/title36sec5219-S.html,,FETCH
https://legislature.maine.gov/statutes/36/title36sec5403.html,us-me,income_tax,full screener,1,legislature.maine.gov/statutes/36/title36sec5403.html,https://legislature.maine.gov/statutes/36/title36sec5403.html,,official,200,https://legislature.maine.gov/statutes/36/title36sec5403.html,,FETCH
https://www.maine.gov/governor/mills/relief-checks,us-me,income_tax,full screener,1,maine.gov/governor/mills/relief-checks,https://www.maine.gov/governor/mills/relief-checks,,official,200,https://www.maine.gov/governor/mills/relief-checks,,FETCH
https://www.maine.gov/revenue/sites/maine.gov.revenue/files/inline-files/13_1040_sched2_downloadable.pdf,us-me,income_tax,full screener,1,maine.gov/revenue/sites/maine.gov.revenue/files/inline-files/13_1040_sched2_downloadable.p,https://www.maine.gov/revenue/sites/maine.gov.revenue/files/inline-files/13_1040_sched2_downloadable.pdf,,official,200,https://www.maine.gov/revenue/sites/maine.gov.revenue/files/inline-files/13_1040_sched2_downloadable.pdf,,FETCH
https://www.maine.gov/revenue/sites/maine.gov.revenue/files/inline-files/14_1040%20sched%202_download.pdf,us-me,income_tax,full screener,1,maine.gov/revenue/sites/maine.gov.revenue/files/inline-files/14_1040%20sched%202_download.,https://www.maine.gov/revenue/sites/maine.gov.revenue/files/inline-files/14_1040%20sched%202_download.pdf,,official,200,https://www.maine.gov/revenue/sites/maine.gov.revenue/files/inline-files/14_1040%20sched%202_download.pdf,,FETCH
https://www.maine.gov/revenue/sites/maine.gov.revenue/files/inline-files/14_1040_sched%20ptfc_download.pdf,us-me,income_tax,full screener,1,maine.gov/revenue/sites/maine.gov.revenue/files/inline-files/14_1040_sched%20ptfc_download,https://www.maine.gov/revenue/sites/maine.gov.revenue/files/inline-files/14_1040_sched%20ptfc_download.pdf,,official,200,https://www.maine.gov/revenue/sites/maine.gov.revenue/files/inline-files/14_1040_sched%20ptfc_download.pdf,,FETCH
https://www.maine.gov/revenue/sites/maine.gov.revenue/files/inline-files/15_1040%20sched%202_download.pdf,us-me,income_tax,full screener,1,maine.gov/revenue/sites/maine.gov.revenue/files/inline-files/15_1040%20sched%202_download.,https://www.maine.gov/revenue/sites/maine.gov.revenue/files/inline-files/15_1040%20sched%202_download.pdf,,official,200,https://www.maine.gov/revenue/sites/maine.gov.revenue/files/inline-files/15_1040%20sched%202_download.pdf,,FETCH
https://www.maine.gov/revenue/sites/maine.gov.revenue/files/inline-files/16_1040%20sched%202_download.pdf,us-me,income_tax,full screener,1,maine.gov/revenue/sites/maine.gov.revenue/files/inline-files/16_1040%20sched%202_download.,https://www.maine.gov/revenue/sites/maine.gov.revenue/files/inline-files/16_1040%20sched%202_download.pdf,,official,200,https://www.maine.gov/revenue/sites/maine.gov.revenue/files/inline-files/16_1040%20sched%202_download.pdf,,FETCH
https://www.maine.gov/revenue/sites/maine.gov.revenue/files/inline-files/16_1040me_book_download.pdf,us-me,income_tax,full screener,1,maine.gov/revenue/sites/maine.gov.revenue/files/inline-files/16_1040me_book_download.pdf,https://www.maine.gov/revenue/sites/maine.gov.revenue/files/inline-files/16_1040me_book_download.pdf,,official,200,https://www.maine.gov/revenue/sites/maine.gov.revenue/files/inline-files/16_1040me_book_download.pdf,,FETCH
https://www.maine.gov/revenue/sites/maine.gov.revenue/files/inline-files/17_1040me_book_dwnld_sept18.pdf,us-me,income_tax,full screener,1,maine.gov/revenue/sites/maine.gov.revenue/files/inline-files/17_1040me_book_dwnld_sept18.p,https://www.maine.gov/revenue/sites/maine.gov.revenue/files/inline-files/17_1040me_book_dwnld_sept18.pdf,,official,200,https://www.maine.gov/revenue/sites/maine.gov.revenue/files/inline-files/17_1040me_book_dwnld_sept18.pdf,,FETCH
https://www.maine.gov/revenue/sites/maine.gov.revenue/files/inline-files/17_1040me_sch2_d_sept18.pdf,us-me,income_tax,full screener,1,maine.gov/revenue/sites/maine.gov.revenue/files/inline-files/17_1040me_sch2_d_sept18.pdf,https://www.maine.gov/revenue/sites/maine.gov.revenue/files/inline-files/17_1040me_sch2_d_sept18.pdf,,official,200,https://www.maine.gov/revenue/sites/maine.gov.revenue/files/inline-files/17_1040me_sch2_d_sept18.pdf,,FETCH
https://www.maine.gov/revenue/sites/maine.gov.revenue/files/inline-files/18_1040_2_d.pdf,us-me,income_tax,full screener,1,maine.gov/revenue/sites/maine.gov.revenue/files/inline-files/18_1040_2_d.pdf,https://www.maine.gov/revenue/sites/maine.gov.revenue/files/inline-files/18_1040_2_d.pdf,,official,200,https://www.maine.gov/revenue/sites/maine.gov.revenue/files/inline-files/18_1040_2_d.pdf,,FETCH
https://www.maine.gov/revenue/sites/maine.gov.revenue/files/inline-files/18_1040me_a_d.pdf,us-me,income_tax,full screener,1,maine.gov/revenue/sites/maine.gov.revenue/files/inline-files/18_1040me_a_d.pdf,https://www.maine.gov/revenue/sites/maine.gov.revenue/files/inline-files/18_1040me_a_d.pdf,,official,200,https://www.maine.gov/revenue/sites/maine.gov.revenue/files/inline-files/18_1040me_a_d.pdf,,FETCH
https://www.maine.gov/revenue/sites/maine.gov.revenue/files/inline-files/18_1040me_book_noncon.pdf,us-me,income_tax,full screener,1,maine.gov/revenue/sites/maine.gov.revenue/files/inline-files/18_1040me_book_noncon.pdf,https://www.maine.gov/revenue/sites/maine.gov.revenue/files/inline-files/18_1040me_book_noncon.pdf,,official,200,https://www.maine.gov/revenue/sites/maine.gov.revenue/files/inline-files/18_1040me_book_noncon.pdf,,FETCH
https://www.maine.gov/revenue/sites/maine.gov.revenue/files/inline-files/19_1040me_2_dwnldff.pdf,us-me,income_tax,full screener,1,maine.gov/revenue/sites/maine.gov.revenue/files/inline-files/19_1040me_2_dwnldff.pdf,https://www.maine.gov/revenue/sites/maine.gov.revenue/files/inline-files/19_1040me_2_dwnldff.pdf,,official,200,https://www.maine.gov/revenue/sites/maine.gov.revenue/files/inline-files/19_1040me_2_dwnldff.pdf,,FETCH
https://www.maine.gov/revenue/sites/maine.gov.revenue/files/inline-files/19_1040me_a_dwnldff.pdf,us-me,income_tax,full screener,1,maine.gov/revenue/sites/maine.gov.revenue/files/inline-files/19_1040me_a_dwnldff.pdf,https://www.maine.gov/revenue/sites/maine.gov.revenue/files/inline-files/19_1040me_a_dwnldff.pdf,,official,200,https://www.maine.gov/revenue/sites/maine.gov.revenue/files/inline-files/19_1040me_a_dwnldff.pdf,,FETCH
https://www.maine.gov/revenue/sites/maine.gov.revenue/files/inline-files/19_1040me_instr_noncon.pdf,us-me,income_tax,full screener,1,maine.gov/revenue/sites/maine.gov.revenue/files/inline-files/19_1040me_instr_noncon.pdf,https://www.maine.gov/revenue/sites/maine.gov.revenue/files/inline-files/19_1040me_instr_noncon.pdf,,official,200,https://www.maine.gov/revenue/sites/maine.gov.revenue/files/inline-files/19_1040me_instr_noncon.pdf,,FETCH
https://www.maine.gov/revenue/sites/maine.gov.revenue/files/inline-files/20_1040me_2_dwnldff.pdf,us-me,income_tax,full screener,1,maine.gov/revenue/sites/maine.gov.revenue/files/inline-files/20_1040me_2_dwnldff.pdf,https://www.maine.gov/revenue/sites/maine.gov.revenue/files/inline-files/20_1040me_2_dwnldff.pdf,,official,200,https://www.maine.gov/revenue/sites/maine.gov.revenue/files/inline-files/20_1040me_2_dwnldff.pdf,,FETCH
https://www.maine.gov/revenue/sites/maine.gov.revenue/files/inline-files/20_1040me_gen_instr.pdf,us-me,income_tax,full screener,1,maine.gov/revenue/sites/maine.gov.revenue/files/inline-files/20_1040me_gen_instr.pdf,https://www.maine.gov/revenue/sites/maine.gov.revenue/files/inline-files/20_1040me_gen_instr.pdf,,official,200,https://www.maine.gov/revenue/sites/maine.gov.revenue/files/inline-files/20_1040me_gen_instr.pdf,,FETCH
https://www.maine.gov/revenue/sites/maine.gov.revenue/files/inline-files/20_1040me_sched_a_dwnloadff.pdf,us-me,income_tax,full screener,1,maine.gov/revenue/sites/maine.gov.revenue/files/inline-files/20_1040me_sched_a_dwnloadff.p,https://www.maine.gov/revenue/sites/maine.gov.revenue/files/inline-files/20_1040me_sched_a_dwnloadff.pdf,,official,200,https://www.maine.gov/revenue/sites/maine.gov.revenue/files/inline-files/20_1040me_sched_a_dwnloadff.pdf,,FETCH
https://www.maine.gov/revenue/sites/maine.gov.revenue/files/inline-files/21_1040me_2_dwnldff.pdf,us-me,income_tax,full screener,1,maine.gov/revenue/sites/maine.gov.revenue/files/inline-files/21_1040me_2_dwnldff.pdf,https://www.maine.gov/revenue/sites/maine.gov.revenue/files/inline-files/21_1040me_2_dwnldff.pdf,,official,200,https://www.maine.gov/revenue/sites/maine.gov.revenue/files/inline-files/21_1040me_2_dwnldff.pdf,,FETCH
https://www.maine.gov/revenue/sites/maine.gov.revenue/files/inline-files/21_1040me_book_gen_instr_revMay2022.pdf,us-me,income_tax,full screener,1,maine.gov/revenue/sites/maine.gov.revenue/files/inline-files/21_1040me_book_gen_instr_revM,https://www.maine.gov/revenue/sites/maine.gov.revenue/files/inline-files/21_1040me_book_gen_instr_revMay2022.pdf,,official,200,https://www.maine.gov/revenue/sites/maine.gov.revenue/files/inline-files/21_1040me_book_gen_instr_revMay2022.pdf,,FETCH
https://www.maine.gov/revenue/sites/maine.gov.revenue/files/inline-files/21_1040me_sched_a_dwnldff.pdf,us-me,income_tax,full screener,1,maine.gov/revenue/sites/maine.gov.revenue/files/inline-files/21_1040me_sched_a_dwnldff.pdf,https://www.maine.gov/revenue/sites/maine.gov.revenue/files/inline-files/21_1040me_sched_a_dwnldff.pdf,,official,200,https://www.maine.gov/revenue/sites/maine.gov.revenue/files/inline-files/21_1040me_sched_a_dwnldff.pdf,,FETCH
https://www.maine.gov/revenue/sites/maine.gov.revenue/files/inline-files/21_1040me_sched_pstfc_dwnldff.pdf,us-me,income_tax,full screener,1,maine.gov/revenue/sites/maine.gov.revenue/files/inline-files/21_1040me_sched_pstfc_dwnldff,https://www.maine.gov/revenue/sites/maine.gov.revenue/files/inline-files/21_1040me_sched_pstfc_dwnldff.pdf,,official,200,https://www.maine.gov/revenue/sites/maine.gov.revenue/files/inline-files/21_1040me_sched_pstfc_dwnldff.pdf,,FETCH
https://www.maine.gov/revenue/sites/maine.gov.revenue/files/inline-files/21_1040me_tax_tables.pdf,us-me,income_tax,full screener,1,maine.gov/revenue/sites/maine.gov.revenue/files/inline-files/21_1040me_tax_tables.pdf,https://www.maine.gov/revenue/sites/maine.gov.revenue/files/inline-files/21_1040me_tax_tables.pdf,,official,200,https://www.maine.gov/revenue/sites/maine.gov.revenue/files/inline-files/21_1040me_tax_tables.pdf,,FETCH
https://www.maine.gov/revenue/sites/maine.gov.revenue/files/inline-files/22_1040me_book_gen_instruc_revisedFeb23.pdf,us-me,income_tax,full screener,1,maine.gov/revenue/sites/maine.gov.revenue/files/inline-files/22_1040me_book_gen_instruc_re,https://www.maine.gov/revenue/sites/maine.gov.revenue/files/inline-files/22_1040me_book_gen_instruc_revisedFeb23.pdf,,official,200,https://www.maine.gov/revenue/sites/maine.gov.revenue/files/inline-files/22_1040me_book_gen_instruc_revisedFeb23.pdf,,FETCH
https://www.maine.gov/revenue/sites/maine.gov.revenue/files/inline-files/22_1040me_dwnld_ff.pdf,us-me,income_tax,full screener,1,maine.gov/revenue/sites/maine.gov.revenue/files/inline-files/22_1040me_dwnld_ff.pdf,https://www.maine.gov/revenue/sites/maine.gov.revenue/files/inline-files/22_1040me_dwnld_ff.pdf,,official,200,https://www.maine.gov/revenue/sites/maine.gov.revenue/files/inline-files/22_1040me_dwnld_ff.pdf,,FETCH
https://www.maine.gov/revenue/sites/maine.gov.revenue/files/inline-files/22_1040me_sched_1a_ff.pdf,us-me,income_tax,full screener,1,maine.gov/revenue/sites/maine.gov.revenue/files/inline-files/22_1040me_sched_1a_ff.pdf,https://www.maine.gov/revenue/sites/maine.gov.revenue/files/inline-files/22_1040me_sched_1a_ff.pdf,,official,200,https://www.maine.gov/revenue/sites/maine.gov.revenue/files/inline-files/22_1040me_sched_1a_ff.pdf,,FETCH
https://www.maine.gov/revenue/sites/maine.gov.revenue/files/inline-files/22_1040me_sched_1s_ff.pdf,us-me,income_tax,full screener,1,maine.gov/revenue/sites/maine.gov.revenue/files/inline-files/22_1040me_sched_1s_ff.pdf,https://www.maine.gov/revenue/sites/maine.gov.revenue/files/inline-files/22_1040me_sched_1s_ff.pdf,,official,200,https://www.maine.gov/revenue/sites/maine.gov.revenue/files/inline-files/22_1040me_sched_1s_ff.pdf,,FETCH
https://www.maine.gov/revenue/sites/maine.gov.revenue/files/inline-files/22_1040me_sched_2_ff.pdf,us-me,income_tax,full screener,1,maine.gov/revenue/sites/maine.gov.revenue/files/inline-files/22_1040me_sched_2_ff.pdf,https://www.maine.gov/revenue/sites/maine.gov.revenue/files/inline-files/22_1040me_sched_2_ff.pdf,,official,200,https://www.maine.gov/revenue/sites/maine.gov.revenue/files/inline-files/22_1040me_sched_2_ff.pdf,,FETCH
https://www.maine.gov/revenue/sites/maine.gov.revenue/files/inline-files/22_1040me_sched_a_ff.pdf,us-me,income_tax,full screener,1,maine.gov/revenue/sites/maine.gov.revenue/files/inline-files/22_1040me_sched_a_ff.pdf,https://www.maine.gov/revenue/sites/maine.gov.revenue/files/inline-files/22_1040me_sched_a_ff.pdf,,official,200,https://www.maine.gov/revenue/sites/maine.gov.revenue/files/inline-files/22_1040me_sched_a_ff.pdf,,FETCH
https://www.maine.gov/revenue/sites/maine.gov.revenue/files/inline-files/22_1040me_sched_pstfc_ff.pdf,us-me,income_tax,full screener,1,maine.gov/revenue/sites/maine.gov.revenue/files/inline-files/22_1040me_sched_pstfc_ff.pdf,https://www.maine.gov/revenue/sites/maine.gov.revenue/files/inline-files/22_1040me_sched_pstfc_ff.pdf,,official,200,https://www.maine.gov/revenue/sites/maine.gov.revenue/files/inline-files/22_1040me_sched_pstfc_ff.pdf,,FETCH
https://www.maine.gov/revenue/sites/maine.gov.revenue/files/inline-files/22_1040me_tax_tables.pdf,us-me,income_tax,full screener,1,maine.gov/revenue/sites/maine.gov.revenue/files/inline-files/22_1040me_tax_tables.pdf,https://www.maine.gov/revenue/sites/maine.gov.revenue/files/inline-files/22_1040me_tax_tables.pdf,,official,200,https://www.maine.gov/revenue/sites/maine.gov.revenue/files/inline-files/22_1040me_tax_tables.pdf,,FETCH
https://www.maine.gov/revenue/sites/maine.gov.revenue/files/inline-files/22_earned_income_cred_ff.pdf,us-me,eitc income_tax,full screener,1,maine.gov/revenue/sites/maine.gov.revenue/files/inline-files/22_earned_income_cred_ff.pdf,https://www.maine.gov/revenue/sites/maine.gov.revenue/files/inline-files/22_earned_income_cred_ff.pdf,,official,200,https://www.maine.gov/revenue/sites/maine.gov.revenue/files/inline-files/22_earned_income_cred_ff.pdf,,FETCH
https://www.maine.gov/revenue/sites/maine.gov.revenue/files/inline-files/22_item_stand_%20ded_phaseout_wksht.pdf,us-me,income_tax,full screener,1,maine.gov/revenue/sites/maine.gov.revenue/files/inline-files/22_item_stand_%20ded_phaseout,https://www.maine.gov/revenue/sites/maine.gov.revenue/files/inline-files/22_item_stand_%20ded_phaseout_wksht.pdf,,official,200,https://www.maine.gov/revenue/sites/maine.gov.revenue/files/inline-files/22_item_stand_%20ded_phaseout_wksht.pdf,,FETCH
https://www.maine.gov/revenue/sites/maine.gov.revenue/files/inline-files/23_1040me_book_gen_instr.pdf,us-me,income_tax,full screener,1,maine.gov/revenue/sites/maine.gov.revenue/files/inline-files/23_1040me_book_gen_instr.pdf,https://www.maine.gov/revenue/sites/maine.gov.revenue/files/inline-files/23_1040me_book_gen_instr.pdf,,official,200,https://www.maine.gov/revenue/sites/maine.gov.revenue/files/inline-files/23_1040me_book_gen_instr.pdf,,FETCH
https://www.maine.gov/revenue/sites/maine.gov.revenue/files/inline-files/23_1040me_sched_1s.pdf,us-me,income_tax,full screener,1,maine.gov/revenue/sites/maine.gov.revenue/files/inline-files/23_1040me_sched_1s.pdf,https://www.maine.gov/revenue/sites/maine.gov.revenue/files/inline-files/23_1040me_sched_1s.pdf,,official,200,https://www.maine.gov/revenue/sites/maine.gov.revenue/files/inline-files/23_1040me_sched_1s.pdf,,FETCH
https://www.maine.gov/revenue/sites/maine.gov.revenue/files/inline-files/23_1040me_sched_2_ff_0.pdf,us-me,income_tax,full screener,1,maine.gov/revenue/sites/maine.gov.revenue/files/inline-files/23_1040me_sched_2_ff_0.pdf,https://www.maine.gov/revenue/sites/maine.gov.revenue/files/inline-files/23_1040me_sched_2_ff_0.pdf,,official,200,https://www.maine.gov/revenue/sites/maine.gov.revenue/files/inline-files/23_1040me_sched_2_ff_0.pdf,,FETCH
https://www.maine.gov/revenue/sites/maine.gov.revenue/files/inline-files/23_1040me_sched_a_ff.pdf,us-me,income_tax,full screener,1,maine.gov/revenue/sites/maine.gov.revenue/files/inline-files/23_1040me_sched_a_ff.pdf,https://www.maine.gov/revenue/sites/maine.gov.revenue/files/inline-files/23_1040me_sched_a_ff.pdf,,official,200,https://www.maine.gov/revenue/sites/maine.gov.revenue/files/inline-files/23_1040me_sched_a_ff.pdf,,FETCH
https://www.maine.gov/revenue/sites/maine.gov.revenue/files/inline-files/23_1040me_sched_pstfc_ff.pdf,us-me,income_tax,full screener,1,maine.gov/revenue/sites/maine.gov.revenue/files/inline-files/23_1040me_sched_pstfc_ff.pdf,https://www.maine.gov/revenue/sites/maine.gov.revenue/files/inline-files/23_1040me_sched_pstfc_ff.pdf,,official,200,https://www.maine.gov/revenue/sites/maine.gov.revenue/files/inline-files/23_1040me_sched_pstfc_ff.pdf,,FETCH
https://www.maine.gov/revenue/sites/maine.gov.revenue/files/inline-files/23_1040me_tax_tables.pdf,us-me,income_tax,full screener,1,maine.gov/revenue/sites/maine.gov.revenue/files/inline-files/23_1040me_tax_tables.pdf,https://www.maine.gov/revenue/sites/maine.gov.revenue/files/inline-files/23_1040me_tax_tables.pdf,,official,200,https://www.maine.gov/revenue/sites/maine.gov.revenue/files/inline-files/23_1040me_tax_tables.pdf,,FETCH
https://www.maine.gov/revenue/sites/maine.gov.revenue/files/inline-files/23_earned_income_cred_ff.pdf,us-me,eitc income_tax,full screener,1,maine.gov/revenue/sites/maine.gov.revenue/files/inline-files/23_earned_income_cred_ff.pdf,https://www.maine.gov/revenue/sites/maine.gov.revenue/files/inline-files/23_earned_income_cred_ff.pdf,,official,200,https://www.maine.gov/revenue/sites/maine.gov.revenue/files/inline-files/23_earned_income_cred_ff.pdf,,FETCH
https://www.maine.gov/revenue/sites/maine.gov.revenue/files/inline-files/24_1040me_book_gen_instr.pdf,us-me,income_tax,full screener,1,maine.gov/revenue/sites/maine.gov.revenue/files/inline-files/24_1040me_book_gen_instr.pdf,https://www.maine.gov/revenue/sites/maine.gov.revenue/files/inline-files/24_1040me_book_gen_instr.pdf,,official,200,https://www.maine.gov/revenue/sites/maine.gov.revenue/files/inline-files/24_1040me_book_gen_instr.pdf,,FETCH
https://www.maine.gov/revenue/sites/maine.gov.revenue/files/inline-files/24_1040me_sched_2%20_ff.pdf,us-me,income_tax,full screener,1,maine.gov/revenue/sites/maine.gov.revenue/files/inline-files/24_1040me_sched_2%20_ff.pdf,https://www.maine.gov/revenue/sites/maine.gov.revenue/files/inline-files/24_1040me_sched_2%20_ff.pdf,,official,200,https://www.maine.gov/revenue/sites/maine.gov.revenue/files/inline-files/24_1040me_sched_2%20_ff.pdf,,FETCH
https://www.maine.gov/revenue/sites/maine.gov.revenue/files/inline-files/24_Form%201040ME_Sch%201S_ff.pdf,us-me,income_tax,full screener,1,maine.gov/revenue/sites/maine.gov.revenue/files/inline-files/24_Form%201040ME_Sch%201S_ff.,https://www.maine.gov/revenue/sites/maine.gov.revenue/files/inline-files/24_Form%201040ME_Sch%201S_ff.pdf,,official,200,https://www.maine.gov/revenue/sites/maine.gov.revenue/files/inline-files/24_Form%201040ME_Sch%201S_ff.pdf,,FETCH
https://www.maine.gov/revenue/sites/maine.gov.revenue/files/inline-files/24_Form%201040ME_Sch%20PTFC_ff.pdf,us-me,income_tax,full screener,1,maine.gov/revenue/sites/maine.gov.revenue/files/inline-files/24_Form%201040ME_Sch%20PTFC_f,https://www.maine.gov/revenue/sites/maine.gov.revenue/files/inline-files/24_Form%201040ME_Sch%20PTFC_ff.pdf,,official,200,https://www.maine.gov/revenue/sites/maine.gov.revenue/files/inline-files/24_Form%201040ME_Sch%20PTFC_ff.pdf,,FETCH
https://www.maine.gov/revenue/sites/maine.gov.revenue/files/inline-files/24_Form%201040ME_Sch%20PTFC_ff_0.pdf,us-me,income_tax,full screener,1,maine.gov/revenue/sites/maine.gov.revenue/files/inline-files/24_Form%201040ME_Sch%20PTFC_f,https://www.maine.gov/revenue/sites/maine.gov.revenue/files/inline-files/24_Form%201040ME_Sch%20PTFC_ff_0.pdf,,official,200,https://www.maine.gov/revenue/sites/maine.gov.revenue/files/inline-files/24_Form%201040ME_Sch%20PTFC_ff_0.pdf,,FETCH
https://www.maine.gov/revenue/sites/maine.gov.revenue/files/inline-files/24_Form1040me_Sch%20A_ff.pdf,us-me,income_tax,full screener,1,maine.gov/revenue/sites/maine.gov.revenue/files/inline-files/24_Form1040me_Sch%20A_ff.pdf,https://www.maine.gov/revenue/sites/maine.gov.revenue/files/inline-files/24_Form1040me_Sch%20A_ff.pdf,,official,200,https://www.maine.gov/revenue/sites/maine.gov.revenue/files/inline-files/24_Form1040me_Sch%20A_ff.pdf,,FETCH
https://www.maine.gov/revenue/sites/maine.gov.revenue/files/inline-files/24_earned_income_cred_ff_0.pdf,us-me,eitc income_tax,full screener,1,maine.gov/revenue/sites/maine.gov.revenue/files/inline-files/24_earned_income_cred_ff_0.pd,https://www.maine.gov/revenue/sites/maine.gov.revenue/files/inline-files/24_earned_income_cred_ff_0.pdf,,official,200,https://www.maine.gov/revenue/sites/maine.gov.revenue/files/inline-files/24_earned_income_cred_ff_0.pdf,,FETCH
https://www.maine.gov/revenue/sites/maine.gov.revenue/files/inline-files/25_1040me_sch_ptfc_fillable.pdf,us-me,income_tax,full screener,1,maine.gov/revenue/sites/maine.gov.revenue/files/inline-files/25_1040me_sch_ptfc_fillable.p,https://www.maine.gov/revenue/sites/maine.gov.revenue/files/inline-files/25_1040me_sch_ptfc_fillable.pdf,,official,200,https://www.maine.gov/revenue/sites/maine.gov.revenue/files/inline-files/25_1040me_sch_ptfc_fillable.pdf,,FETCH
https://www.maine.gov/revenue/sites/maine.gov.revenue/files/inline-files/26_1040es_pers_exempt_phaseout_wksht.pdf,us-me,income_tax,full screener,1,maine.gov/revenue/sites/maine.gov.revenue/files/inline-files/26_1040es_pers_exempt_phaseou,https://www.maine.gov/revenue/sites/maine.gov.revenue/files/inline-files/26_1040es_pers_exempt_phaseout_wksht.pdf,,official,200,https://www.maine.gov/revenue/sites/maine.gov.revenue/files/inline-files/26_1040es_pers_exempt_phaseout_wksht.pdf,,FETCH
https://www.maine.gov/revenue/sites/maine.gov.revenue/files/inline-files/26_item_stand_%20ded_phaseout_wksht_0.pdf,us-me,income_tax,full screener,1,maine.gov/revenue/sites/maine.gov.revenue/files/inline-files/26_item_stand_%20ded_phaseout,https://www.maine.gov/revenue/sites/maine.gov.revenue/files/inline-files/26_item_stand_%20ded_phaseout_wksht_0.pdf,,official,200,https://www.maine.gov/revenue/sites/maine.gov.revenue/files/inline-files/26_item_stand_%20ded_phaseout_wksht_0.pdf,,FETCH
https://www.maine.gov/revenue/sites/maine.gov.revenue/files/inline-files/ind_tax_rate_sched_2024.pdf,us-me,income_tax,full screener,1,maine.gov/revenue/sites/maine.gov.revenue/files/inline-files/ind_tax_rate_sched_2024.pdf,https://www.maine.gov/revenue/sites/maine.gov.revenue/files/inline-files/ind_tax_rate_sched_2024.pdf,,official,200,https://www.maine.gov/revenue/sites/maine.gov.revenue/files/inline-files/ind_tax_rate_sched_2024.pdf,,FETCH
https://www.maine.gov/revenue/sites/maine.gov.revenue/files/inline-files/legischange26.pdf,us-me,income_tax,full screener,1,maine.gov/revenue/sites/maine.gov.revenue/files/inline-files/legischange26.pdf,https://www.maine.gov/revenue/sites/maine.gov.revenue/files/inline-files/legischange26.pdf,,official,200,https://www.maine.gov/revenue/sites/maine.gov.revenue/files/inline-files/legischange26.pdf,,FETCH
https://www.mainelegislature.org/legis/statutes/36/title36sec111.html,us-me,income_tax,full screener,1,mainelegislature.org/legis/statutes/36/title36sec111.html,https://www.mainelegislature.org/legis/statutes/36/title36sec111.html,,other,200,https://www.mainelegislature.org/legis/statutes/36/title36sec111.html,,CHECK-PUBLISHER
https://www.mainelegislature.org/legis/statutes/36/title36sec5111.html,us-me,income_tax,full screener,1,mainelegislature.org/legis/statutes/36/title36sec5111.html,https://www.mainelegislature.org/legis/statutes/36/title36sec5111.html,,other,200,https://www.mainelegislature.org/legis/statutes/36/title36sec5111.html,,CHECK-PUBLISHER
https://www.mainelegislature.org/legis/statutes/36/title36sec5122.html,us-me,income_tax,full screener,1,mainelegislature.org/legis/statutes/36/title36sec5122.html,https://www.mainelegislature.org/legis/statutes/36/title36sec5122.html,,other,200,https://www.mainelegislature.org/legis/statutes/36/title36sec5122.html,,CHECK-PUBLISHER
https://www.mainelegislature.org/legis/statutes/36/title36sec5124-C.html,us-me,income_tax,full screener,1,mainelegislature.org/legis/statutes/36/title36sec5124-C.html,https://www.mainelegislature.org/legis/statutes/36/title36sec5124-C.html,,other,200,https://www.mainelegislature.org/legis/statutes/36/title36sec5124-C.html,,CHECK-PUBLISHER
https://www.mainelegislature.org/legis/statutes/36/title36sec5125.html,us-me,income_tax,full screener,1,mainelegislature.org/legis/statutes/36/title36sec5125.html,https://www.mainelegislature.org/legis/statutes/36/title36sec5125.html,,other,200,https://www.mainelegislature.org/legis/statutes/36/title36sec5125.html,,CHECK-PUBLISHER
https://www.mainelegislature.org/legis/statutes/36/title36sec5126-A.html,us-me,income_tax,full screener,1,mainelegislature.org/legis/statutes/36/title36sec5126-A.html,https://www.mainelegislature.org/legis/statutes/36/title36sec5126-A.html,,other,200,https://www.mainelegislature.org/legis/statutes/36/title36sec5126-A.html,,CHECK-PUBLISHER
https://www.mainelegislature.org/legis/statutes/36/title36sec5218.html,us-me,income_tax,full screener,1,mainelegislature.org/legis/statutes/36/title36sec5218.html,https://www.mainelegislature.org/legis/statutes/36/title36sec5218.html,,other,200,https://www.mainelegislature.org/legis/statutes/36/title36sec5218.html,,CHECK-PUBLISHER
https://www.mainelegislature.org/legis/statutes/36/title36sec5219-KK.html,us-me,income_tax,full screener,1,mainelegislature.org/legis/statutes/36/title36sec5219-KK.html,https://www.mainelegislature.org/legis/statutes/36/title36sec5219-KK.html,,other,200,https://www.mainelegislature.org/legis/statutes/36/title36sec5219-KK.html,,CHECK-PUBLISHER
https://www.mainelegislature.org/legis/statutes/36/title36sec5219-S.html,us-me,eitc income_tax,full screener,1,mainelegislature.org/legis/statutes/36/title36sec5219-S.html,https://www.mainelegislature.org/legis/statutes/36/title36sec5219-S.html,,other,200,https://www.mainelegislature.org/legis/statutes/36/title36sec5219-S.html,,CHECK-PUBLISHER
https://www.mainelegislature.org/legis/statutes/36/title36sec5219-SS.html,us-me,income_tax,full screener,1,mainelegislature.org/legis/statutes/36/title36sec5219-SS.html,https://www.mainelegislature.org/legis/statutes/36/title36sec5219-SS.html,,other,200,https://www.mainelegislature.org/legis/statutes/36/title36sec5219-SS.html,,CHECK-PUBLISHER
https://www.mainelegislature.org/legis/statutes/36/title36sec5403.html,us-me,income_tax,full screener,1,mainelegislature.org/legis/statutes/36/title36sec5403.html,https://www.mainelegislature.org/legis/statutes/36/title36sec5403.html,,other,200,https://www.mainelegislature.org/legis/statutes/36/title36sec5403.html,,CHECK-PUBLISHER
https://www.nextgenforme.com/maine-state-tax-deduction/,us-me,income_tax,full screener,1,nextgenforme.com/maine-state-tax-deduction/,https://www.nextgenforme.com/maine-state-tax-deduction/,,other,200,https://www.nextgenforme.com/maine-state-tax-deduction/,,CHECK-PUBLISHER
us-mi/form/individual_income_tax_forms/michigan.gov/taxes/source/media/project/websites/taxes/forms/iit/ty2020/book_mi-1040_instructions_only,us-mi,income_tax,full screener,1,Book_MI-1040_instructions_only,,us-mi/form/individual_income_tax_forms/michigan.gov/taxes/source/media/project/websites/taxes/forms/iit/ty2020/book_mi-1040_instructions_only,,,,manifests/us-mi-individual-income-tax-forms.yaml,EXTRACT-MANIFEST
us-mi/form/individual_income_tax_forms/michigan.gov/taxes/source/media/project/websites/taxes/forms/iit/ty2022/book_mi-1040,us-mi,income_tax,full screener,1,BOOK_MI-1040,,us-mi/form/individual_income_tax_forms/michigan.gov/taxes/source/media/project/websites/taxes/forms/iit/ty2022/book_mi-1040,,,,manifests/us-mi-individual-income-tax-forms.yaml,EXTRACT-MANIFEST
us-mi/form/individual_income_tax_forms/michigan.gov/taxes/source/media/project/websites/taxes/forms/iit/ty2022/mi-1040,us-mi,eitc income_tax,full screener,1,MI-1040,,us-mi/form/individual_income_tax_forms/michigan.gov/taxes/source/media/project/websites/taxes/forms/iit/ty2022/mi-1040,,,,manifests/us-mi-individual-income-tax-forms.yaml,EXTRACT-MANIFEST
us-mi/form/individual_income_tax_forms/michigan.gov/taxes/source/media/project/websites/taxes/forms/iit/ty2022/mi-1040cr,us-mi,income_tax,full screener,1,MI-1040CR,,us-mi/form/individual_income_tax_forms/michigan.gov/taxes/source/media/project/websites/taxes/forms/iit/ty2022/mi-1040cr,,,,manifests/us-mi-individual-income-tax-forms.yaml,EXTRACT-MANIFEST
us-mi/form/individual_income_tax_forms/michigan.gov/taxes/source/media/project/websites/taxes/forms/iit/ty2023/book_mi-1040,us-mi,income_tax,full screener,1,BOOK_MI-1040,,us-mi/form/individual_income_tax_forms/michigan.gov/taxes/source/media/project/websites/taxes/forms/iit/ty2023/book_mi-1040,,,,manifests/us-mi-individual-income-tax-forms.yaml,EXTRACT-MANIFEST
us-mi/form/individual_income_tax_forms/michigan.gov/taxes/source/media/project/websites/taxes/forms/iit/ty2023/mi-1040,us-mi,eitc income_tax,full screener,1,MI-1040,,us-mi/form/individual_income_tax_forms/michigan.gov/taxes/source/media/project/websites/taxes/forms/iit/ty2023/mi-1040,,,,manifests/us-mi-individual-income-tax-forms.yaml,EXTRACT-MANIFEST
us-mi/form/individual_income_tax_forms/michigan.gov/taxes/source/media/project/websites/taxes/forms/iit/ty2023/mi-1040cr,us-mi,income_tax,full screener,1,MI-1040CR,,us-mi/form/individual_income_tax_forms/michigan.gov/taxes/source/media/project/websites/taxes/forms/iit/ty2023/mi-1040cr,,,,manifests/us-mi-individual-income-tax-forms.yaml,EXTRACT-MANIFEST
us-mi/form/individual_income_tax_forms/michigan.gov/taxes/source/media/project/websites/taxes/forms/iit/ty2024/mi-1040-instructions,us-mi,eitc income_tax,full screener,1,MI-1040-Instructions,,us-mi/form/individual_income_tax_forms/michigan.gov/taxes/source/media/project/websites/taxes/forms/iit/ty2024/mi-1040-instructions,,,,manifests/us-mi-individual-income-tax-forms.yaml,EXTRACT-MANIFEST
us-mi/form/individual_income_tax_forms/michigan.gov/taxes/source/media/project/websites/taxes/forms/iit/ty2024/mi-1040cr,us-mi,income_tax,full screener,1,MI-1040CR,,us-mi/form/individual_income_tax_forms/michigan.gov/taxes/source/media/project/websites/taxes/forms/iit/ty2024/mi-1040cr,,,,manifests/us-mi-individual-income-tax-forms.yaml,EXTRACT-MANIFEST
us-mi/form/individual_income_tax_forms/michigan.gov/taxes/source/media/project/websites/taxes/forms/iit/ty2025/mi-1040-book,us-mi,eitc income_tax,full screener,1,MI-1040-Book,,us-mi/form/individual_income_tax_forms/michigan.gov/taxes/source/media/project/websites/taxes/forms/iit/ty2025/mi-1040-book,,,,manifests/us-mi-individual-income-tax-forms.yaml,EXTRACT-MANIFEST
us-mi/form/individual_income_tax_forms/michigan.gov/taxes/source/media/project/websites/taxes/forms/iit/ty2025/mi-1040cr,us-mi,income_tax,full screener,1,MI-1040CR,,us-mi/form/individual_income_tax_forms/michigan.gov/taxes/source/media/project/websites/taxes/forms/iit/ty2025/mi-1040cr,,,,manifests/us-mi-individual-income-tax-forms.yaml,EXTRACT-MANIFEST
https://legislature.mi.gov/Bills/Bill?ObjectName=2025-HB-4961,us-mi,income_tax,full screener,1,legislature.mi.gov/Bills/Bill,https://legislature.mi.gov/Bills/Bill?ObjectName=2025-HB-4961,,official,200,https://legislature.mi.gov/Bills/Bill?ObjectName=2025-HB-4961,,FETCH
https://www.legislature.mi.gov/Publications/TaxpayerGuide.pdf,us-mi,income_tax,full screener,1,legislature.mi.gov/Publications/TaxpayerGuide.pdf,https://www.legislature.mi.gov/Publications/TaxpayerGuide.pdf,,official,200,https://www.legislature.mi.gov/Publications/TaxpayerGuide.pdf,,FETCH
https://www.legislature.mi.gov/documents/mcl/pdf/mcl-act-281-of-1967.pdf,us-mi,income_tax,full screener,1,legislature.mi.gov/documents/mcl/pdf/mcl-act-281-of-1967.pdf,https://www.legislature.mi.gov/documents/mcl/pdf/mcl-act-281-of-1967.pdf,,official,200,https://www.legislature.mi.gov/documents/mcl/pdf/mcl-act-281-of-1967.pdf,,FETCH
https://www.semcoenergygas.com/wp-content/uploads/2022-MI-1040CR7.pdf,us-mi,income_tax,full screener,1,semcoenergygas.com/wp-content/uploads/2022-MI-1040CR7.pdf,https://www.semcoenergygas.com/wp-content/uploads/2022-MI-1040CR7.pdf,,other,200,https://www.semcoenergygas.com/wp-content/uploads/2022-MI-1040CR7.pdf,,CHECK-PUBLISHER
https://www.michigan.gov/-/media/Project/Websites/ors/ORS-Forms/R0012X_Income_Tax_Withholding_Authorization.pdf,us-mi,income_tax,full screener,1,michigan.gov/-/media/Project/Websites/ors/ORS-Forms/R0012X_Income_Tax_Withholding_Authoriz,https://www.michigan.gov/-/media/Project/Websites/ors/ORS-Forms/R0012X_Income_Tax_Withholding_Authorization.pdf,,official,403,,,BLOCKED-CHECK
https://www.michigan.gov/-/media/Project/Websites/taxes/2022RM/IIT/BOOK_MI-1040CR-7.pdf?rev=d7990c15e0034d768a43c47b6d3ba0ac,us-mi,income_tax,full screener,1,michigan.gov/-/media/Project/Websites/taxes/2022RM/IIT/BOOK_MI-1040CR-7.pdf,https://www.michigan.gov/-/media/Project/Websites/taxes/2022RM/IIT/BOOK_MI-1040CR-7.pdf?rev=d7990c15e0034d768a43c47b6d3ba0ac,,official,403,,,BLOCKED-CHECK
https://www.michigan.gov/-/media/Project/Websites/taxes/2022RM/IIT/MI-1040CR7.pdf?rev=84f72df3f8664b96903aa6b655dc34d2,us-mi,income_tax,full screener,1,michigan.gov/-/media/Project/Websites/taxes/2022RM/IIT/MI-1040CR7.pdf,https://www.michigan.gov/-/media/Project/Websites/taxes/2022RM/IIT/MI-1040CR7.pdf?rev=84f72df3f8664b96903aa6b655dc34d2,,official,403,,,BLOCKED-CHECK
https://www.michigan.gov/-/media/Project/Websites/taxes/2022RM/UNCAT/2019_Taxpayer_Assistance_Manual.pdf,us-mi,income_tax,full screener,1,michigan.gov/-/media/Project/Websites/taxes/2022RM/UNCAT/2019_Taxpayer_Assistance_Manual.p,https://www.michigan.gov/-/media/Project/Websites/taxes/2022RM/UNCAT/2019_Taxpayer_Assistance_Manual.pdf,,official,403,,,BLOCKED-CHECK
https://www.michigan.gov/taxes/-/media/Project/Websites/taxes/,us-mi,income_tax,full screener,1,michigan.gov/taxes/-/media/Project/Websites/taxes/,https://www.michigan.gov/taxes/-/media/Project/Websites/taxes/,,official,403,,,BLOCKED-CHECK
https://www.michigan.gov/taxes/-/media/Project/Websites/taxes/Forms/2022/2022-IIT-Forms/BOOK_MI-1040CR-7.pdf?rev=d765b421bc7343c0a54793499dc550db&hash=0B10BE7DD0B91D7F609230E8F636EBC8,us-mi,income_tax,full screener,1,michigan.gov/taxes/-/media/Project/Websites/taxes/Forms/2022/2022-IIT-Forms/BOOK_MI-1040CR,https://www.michigan.gov/taxes/-/media/Project/Websites/taxes/Forms/2022/2022-IIT-Forms/BOOK_MI-1040CR-7.pdf?rev=d765b421bc7343c0a54793499dc550db&hash=0B10BE7DD0B91D7F609230E8F636EBC8,,official,403,,,BLOCKED-CHECK
https://www.michigan.gov/taxes/-/media/Project/Websites/taxes/Forms/2022/2022-IIT-Forms/MI-1040CR7.pdf,us-mi,income_tax,full screener,1,michigan.gov/taxes/-/media/Project/Websites/taxes/Forms/2022/2022-IIT-Forms/MI-1040CR7.pdf,https://www.michigan.gov/taxes/-/media/Project/Websites/taxes/Forms/2022/2022-IIT-Forms/MI-1040CR7.pdf,,official,403,,,BLOCKED-CHECK
https://www.michigan.gov/taxes/-/media/Project/Websites/taxes/Forms/2023/2023-IIT-Forms/BOOK_MI-1040CR-7.pdf?rev=048b871ae3294dec8ca7761afb2d8f78&hash=C3FFD92D4D764FFFE75A88FE25F09C97,us-mi,income_tax,full screener,1,michigan.gov/taxes/-/media/Project/Websites/taxes/Forms/2023/2023-IIT-Forms/BOOK_MI-1040CR,https://www.michigan.gov/taxes/-/media/Project/Websites/taxes/Forms/2023/2023-IIT-Forms/BOOK_MI-1040CR-7.pdf?rev=048b871ae3294dec8ca7761afb2d8f78&hash=C3FFD92D4D764FFFE75A88FE25F09C97,,official,403,,,BLOCKED-CHECK
https://www.michigan.gov/taxes/-/media/Project/Websites/taxes/Forms/2023/2023-IIT-Forms/MI-1040CR7.pdf,us-mi,income_tax,full screener,1,michigan.gov/taxes/-/media/Project/Websites/taxes/Forms/2023/2023-IIT-Forms/MI-1040CR7.pdf,https://www.michigan.gov/taxes/-/media/Project/Websites/taxes/Forms/2023/2023-IIT-Forms/MI-1040CR7.pdf,,official,403,,,BLOCKED-CHECK
https://www.michigan.gov/taxes/-/media/Project/Websites/taxes/Forms/IIT/TY2021/Book-1040-Instructions-Only.pdf,us-mi,income_tax,full screener,1,michigan.gov/taxes/-/media/Project/Websites/taxes/Forms/IIT/TY2021/Book-1040-Instructions-,https://www.michigan.gov/taxes/-/media/Project/Websites/taxes/Forms/IIT/TY2021/Book-1040-Instructions-Only.pdf,,official,403,,,BLOCKED-CHECK
https://www.michigan.gov/taxes/-/media/Project/Websites/taxes/Forms/IIT/TY2022/4884.pdf,us-mi,income_tax,full screener,1,michigan.gov/taxes/-/media/Project/Websites/taxes/Forms/IIT/TY2022/4884.pdf,https://www.michigan.gov/taxes/-/media/Project/Websites/taxes/Forms/IIT/TY2022/4884.pdf,,official,403,,,BLOCKED-CHECK
https://www.michigan.gov/taxes/-/media/Project/Websites/taxes/Forms/IIT/TY2022/Form-4884-Section-C-worksheet.pdf,us-mi,income_tax,full screener,1,michigan.gov/taxes/-/media/Project/Websites/taxes/Forms/IIT/TY2022/Form-4884-Section-C-wor,https://www.michigan.gov/taxes/-/media/Project/Websites/taxes/Forms/IIT/TY2022/Form-4884-Section-C-worksheet.pdf,,official,403,,,BLOCKED-CHECK
https://www.michigan.gov/taxes/-/media/Project/Websites/taxes/Forms/IIT/TY2022/Schedule-1.pdf,us-mi,income_tax,full screener,1,michigan.gov/taxes/-/media/Project/Websites/taxes/Forms/IIT/TY2022/Schedule-1.pdf,https://www.michigan.gov/taxes/-/media/Project/Websites/taxes/Forms/IIT/TY2022/Schedule-1.pdf,,official,403,,,BLOCKED-CHECK
https://www.michigan.gov/taxes/-/media/Project/Websites/taxes/Forms/IIT/TY2024/4884-Instructions.pdf,us-mi,income_tax,full screener,1,michigan.gov/taxes/-/media/Project/Websites/taxes/Forms/IIT/TY2024/4884-Instructions.pdf,https://www.michigan.gov/taxes/-/media/Project/Websites/taxes/Forms/IIT/TY2024/4884-Instructions.pdf,,official,403,,,BLOCKED-CHECK
https://www.michigan.gov/taxes/-/media/Project/Websites/taxes/Forms/IIT/TY2024/BOOK_MI-1040CR-7.pdf,us-mi,income_tax,full screener,1,michigan.gov/taxes/-/media/Project/Websites/taxes/Forms/IIT/TY2024/BOOK_MI-1040CR-7.pdf,https://www.michigan.gov/taxes/-/media/Project/Websites/taxes/Forms/IIT/TY2024/BOOK_MI-1040CR-7.pdf,,official,403,,,BLOCKED-CHECK
https://www.michigan.gov/taxes/-/media/Project/Websites/taxes/Forms/IIT/TY2024/MI-1040CR-7.pdf,us-mi,income_tax,full screener,1,michigan.gov/taxes/-/media/Project/Websites/taxes/Forms/IIT/TY2024/MI-1040CR-7.pdf,https://www.michigan.gov/taxes/-/media/Project/Websites/taxes/Forms/IIT/TY2024/MI-1040CR-7.pdf,,official,403,,,BLOCKED-CHECK
https://www.michigan.gov/taxes/-/media/Project/Websites/taxes/Forms/IIT/TY2025/MI-1040CR-7-Book.pdf,us-mi,income_tax,full screener,1,michigan.gov/taxes/-/media/Project/Websites/taxes/Forms/IIT/TY2025/MI-1040CR-7-Book.pdf,https://www.michigan.gov/taxes/-/media/Project/Websites/taxes/Forms/IIT/TY2025/MI-1040CR-7-Book.pdf,,official,403,,,BLOCKED-CHECK
https://www.michigan.gov/taxes/-/media/Project/Websites/taxes/Forms/SUW/TY2025/446_Withholding-Guide_2025.pdf,us-mi,income_tax,full screener,1,michigan.gov/taxes/-/media/Project/Websites/taxes/Forms/SUW/TY2025/446_Withholding-Guide_2,https://www.michigan.gov/taxes/-/media/Project/Websites/taxes/Forms/SUW/TY2025/446_Withholding-Guide_2025.pdf,,official,403,,,BLOCKED-CHECK
https://www.michigan.gov/taxes/-/media/Project/Websites/taxes/MISC/Tax-Professionals/Taxpayer_Assistance_Manual.pdf,us-mi,income_tax,full screener,1,michigan.gov/taxes/-/media/Project/Websites/taxes/MISC/Tax-Professionals/Taxpayer_Assistan,https://www.michigan.gov/taxes/-/media/Project/Websites/taxes/MISC/Tax-Professionals/Taxpayer_Assistance_Manual.pdf,,official,403,,,BLOCKED-CHECK
https://www.michigan.gov/taxes/business-taxes/withholding/withholding-tax-faqs/what-is-michigans-2023-personal-exemption-amount,us-mi,income_tax,full screener,1,michigan.gov/taxes/business-taxes/withholding/withholding-tax-faqs/what-is-michigans-2023-,https://www.michigan.gov/taxes/business-taxes/withholding/withholding-tax-faqs/what-is-michigans-2023-personal-exemption-amount,,official,403,,,BLOCKED-CHECK
https://www.michigan.gov/taxes/iit/accordion/credits/table-a-2022-home-heating-credit-mi-1040cr-7-standard-allowance,us-mi,income_tax,full screener,1,michigan.gov/taxes/iit/accordion/credits/table-a-2022-home-heating-credit-mi-1040cr-7-stan,https://www.michigan.gov/taxes/iit/accordion/credits/table-a-2022-home-heating-credit-mi-1040cr-7-standard-allowance,,official,403,,,BLOCKED-CHECK
https://www.michigan.gov/taxes/iit/retirement-and-pension-benefits,us-mi,income_tax,full screener,1,michigan.gov/taxes/iit/retirement-and-pension-benefits,https://www.michigan.gov/taxes/iit/retirement-and-pension-benefits,,official,403,,,BLOCKED-CHECK
https://www.michigan.gov/taxes/iit/retirement-and-pension-benefits/michigan-standard-deduction,us-mi,income_tax,full screener,1,michigan.gov/taxes/iit/retirement-and-pension-benefits/michigan-standard-deduction,https://www.michigan.gov/taxes/iit/retirement-and-pension-benefits/michigan-standard-deduction,,official,403,,,BLOCKED-CHECK
https://www.michigan.gov/taxes/iit/tax-guidance/tax-situations/retirement-and-pension-benefits,us-mi,income_tax,full screener,1,michigan.gov/taxes/iit/tax-guidance/tax-situations/retirement-and-pension-benefits,https://www.michigan.gov/taxes/iit/tax-guidance/tax-situations/retirement-and-pension-benefits,,official,403,,,BLOCKED-CHECK
https://www.michigan.gov/taxes/questions/tax-faqs/income-tax-rate-change/income-tax-rate-change-overview,us-mi,income_tax,full screener,1,michigan.gov/taxes/questions/tax-faqs/income-tax-rate-change/income-tax-rate-change-overvi,https://www.michigan.gov/taxes/questions/tax-faqs/income-tax-rate-change/income-tax-rate-change-overview,,official,403,,,BLOCKED-CHECK
https://www.michigan.gov/taxes/rep-legal/rab/2026-revenue-administrative-bulletins/revenue-administrative-bulletin-2026-1,us-mi,income_tax,full screener,1,michigan.gov/taxes/rep-legal/rab/2026-revenue-administrative-bulletins/revenue-administrat,https://www.michigan.gov/taxes/rep-legal/rab/2026-revenue-administrative-bulletins/revenue-administrative-bulletin-2026-1,,official,403,,,BLOCKED-CHECK
https://www.michigan.gov/treasury/-/media/Project/Websites/treasury/Uncategorized/2023/Economic-Reports-and-Notices-2023/Home-Heating-Expenses-Reported-by-Home-Heating-Credit-Filers/rpt-text_2021data.pdf,us-mi,income_tax,full screener,1,michigan.gov/treasury/-/media/Project/Websites/treasury/Uncategorized/2023/Economic-Report,https://www.michigan.gov/treasury/-/media/Project/Websites/treasury/Uncategorized/2023/Economic-Reports-and-Notices-2023/Home-Heating-Expenses-Reported-by-Home-Heating-Credit-Filers/rpt-text_2021data.pdf,,official,403,,,BLOCKED-CHECK
https://www.michigan.gov/treasury/reference/taxpayer-notices/2025/05/01/2025-tax-year-income-tax-rate-for-individuals-and-fiduciaries,us-mi,income_tax,full screener,1,michigan.gov/treasury/reference/taxpayer-notices/2025/05/01/2025-tax-year-income-tax-rate-,https://www.michigan.gov/treasury/reference/taxpayer-notices/2025/05/01/2025-tax-year-income-tax-rate-for-individuals-and-fiduciaries,,official,403,,,BLOCKED-CHECK
https://www.michigan.gov/treasury/reference/taxpayer-notices/2025/11/17/social-security-taxation-changes-in-public-act-24-of-2025,us-mi,income_tax,full screener,1,michigan.gov/treasury/reference/taxpayer-notices/2025/11/17/social-security-taxation-chang,https://www.michigan.gov/treasury/reference/taxpayer-notices/2025/11/17/social-security-taxation-changes-in-public-act-24-of-2025,,official,403,,,BLOCKED-CHECK
https://www.michigan.gov/treasury/reference/taxpayer-notices/2026/01/06/new-deductions-for-qualified-overtime-compensation-and-qualified-tips,us-mi,income_tax,full screener,1,michigan.gov/treasury/reference/taxpayer-notices/2026/01/06/new-deductions-for-qualified-o,https://www.michigan.gov/treasury/reference/taxpayer-notices/2026/01/06/new-deductions-for-qualified-overtime-compensation-and-qualified-tips,,official,403,,,BLOCKED-CHECK
